id;id_bien;date;valeur
1;1;02/01/2020;165000
2;2;02/01/2020;355680
3;3;02/01/2020;229500
4;4;02/01/2020;125000
5;5;02/01/2020;90000
6;6;02/01/2020;93000
7;7;02/01/2020;298100
8;8;02/01/2020;163500
9;9;02/01/2020;53000
10;10;02/01/2020;136000
11;11;02/01/2020;125900
12;12;02/01/2020;234000
13;13;02/01/2020;46210
14;14;02/01/2020;129000
15;15;02/01/2020;122500
16;16;02/01/2020;86025
17;17;02/01/2020;79000
18;18;02/01/2020;81795
19;19;02/01/2020;156000
20;20;02/01/2020;139900
21;21;02/01/2020;163870
22;22;02/01/2020;108100
23;23;02/01/2020;205000
24;24;02/01/2020;94000
25;25;02/01/2020;149500
26;26;02/01/2020;111500
27;27;02/01/2020;140000
28;28;02/01/2020;122850
29;29;02/01/2020;135850
30;30;02/01/2020;135500
31;31;02/01/2020;71250
32;32;02/01/2020;107000
33;33;02/01/2020;148400
34;34;02/01/2020;132000
35;35;02/01/2020;107194
36;36;02/01/2020;57200
37;37;02/01/2020;124770
38;38;02/01/2020;67000
39;39;02/01/2020;150830
40;40;02/01/2020;68900
41;41;02/01/2020;120000
42;42;02/01/2020;135460
43;43;02/01/2020;62000
44;44;02/01/2020;281000
45;45;02/01/2020;357000
46;46;02/01/2020;374000
47;47;02/01/2020;1147650
48;48;02/01/2020;145000
49;49;02/01/2020;324120
50;50;02/01/2020;408220
51;51;02/01/2020;582670
52;52;02/01/2020;80000
53;53;02/01/2020;840250
54;54;02/01/2020;266000
55;55;02/01/2020;473000
56;56;02/01/2020;207200
57;57;02/01/2020;49000
58;58;02/01/2020;101250
59;59;02/01/2020;35000
60;60;02/01/2020;132000
61;61;02/01/2020;472950
62;62;02/01/2020;478161
63;63;02/01/2020;153700
64;64;02/01/2020;155800
65;65;02/01/2020;624000
66;66;02/01/2020;135700
67;67;02/01/2020;196000
68;68;02/01/2020;172850
69;69;02/01/2020;120500
70;70;02/01/2020;224000
71;71;02/01/2020;367000
72;72;02/01/2020;132840
73;73;02/01/2020;78500
74;74;02/01/2020;72000
75;75;02/01/2020;107100
76;76;02/01/2020;134000
77;77;02/01/2020;68181
78;78;02/01/2020;275900
79;79;02/01/2020;160000
80;80;02/01/2020;267740
81;81;02/01/2020;395300
82;82;02/01/2020;269000
83;83;02/01/2020;406400
84;84;02/01/2020;326500
85;85;02/01/2020;275050
86;86;02/01/2020;138000
87;87;02/01/2020;65000
88;88;02/01/2020;185750
89;89;02/01/2020;235000
90;90;02/01/2020;176000
91;91;02/01/2020;140000
92;92;02/01/2020;170950
93;93;02/01/2020;265000
94;94;02/01/2020;112000
95;95;03/01/2020;102000
96;96;03/01/2020;142000
97;97;03/01/2020;164000
98;98;03/01/2020;33880
99;99;03/01/2020;71000
100;100;03/01/2020;43000
101;101;03/01/2020;181875
102;102;03/01/2020;240250
103;103;03/01/2020;616900
104;104;03/01/2020;212550
105;105;03/01/2020;317800
106;106;03/01/2020;420000
107;107;03/01/2020;44000
108;108;03/01/2020;237720
109;109;03/01/2020;146000
110;110;03/01/2020;69350
111;111;03/01/2020;121000
112;112;03/01/2020;70000
113;113;03/01/2020;145000
114;114;03/01/2020;43000
115;115;03/01/2020;210800
116;116;03/01/2020;210000
117;117;03/01/2020;96000
118;118;03/01/2020;135000
119;119;03/01/2020;37000
120;120;03/01/2020;190000
121;121;03/01/2020;39450
122;122;03/01/2020;28500
123;123;03/01/2020;158800
124;124;03/01/2020;268800
125;125;03/01/2020;96450
126;126;03/01/2020;28000
127;127;03/01/2020;73470
128;128;03/01/2020;49500
129;129;03/01/2020;67000
130;130;03/01/2020;176000
131;131;03/01/2020;278300
132;132;03/01/2020;296651
133;133;03/01/2020;159500
134;134;03/01/2020;98545
135;135;03/01/2020;98200
136;136;03/01/2020;110500
137;137;03/01/2020;44500
138;138;03/01/2020;332000
139;139;03/01/2020;221060
140;140;03/01/2020;174845
141;141;03/01/2020;42000
142;142;03/01/2020;445000
143;143;03/01/2020;232750
144;144;03/01/2020;257800
145;145;03/01/2020;125000
146;146;03/01/2020;104793
147;147;03/01/2020;146000
148;148;03/01/2020;174000
149;149;03/01/2020;110000
150;150;03/01/2020;370700
151;151;03/01/2020;62800
152;152;03/01/2020;251105
153;153;03/01/2020;342700
154;154;03/01/2020;65000
155;155;03/01/2020;133000
156;156;03/01/2020;66370
157;157;03/01/2020;594700
158;158;03/01/2020;71000
159;159;03/01/2020;140000
160;160;03/01/2020;112000
161;161;03/01/2020;121000
162;162;03/01/2020;109950
163;163;03/01/2020;314500
164;164;03/01/2020;167600
165;165;03/01/2020;157080
166;166;03/01/2020;164720
167;167;03/01/2020;273080
168;168;03/01/2020;118650
169;169;03/01/2020;157000
170;170;03/01/2020;63885
171;171;03/01/2020;255000
172;172;03/01/2020;445000
173;173;03/01/2020;852000
174;174;03/01/2020;335000
175;175;03/01/2020;278500
176;176;03/01/2020;497270
177;177;03/01/2020;1469500
178;178;03/01/2020;270000
179;179;03/01/2020;434000
180;180;03/01/2020;352000
181;181;03/01/2020;512000
182;182;03/01/2020;246150
183;183;03/01/2020;573721
184;184;03/01/2020;917350
185;185;03/01/2020;625500
186;186;03/01/2020;673315
187;187;03/01/2020;707350
188;188;03/01/2020;461200
189;189;03/01/2020;502700
190;190;03/01/2020;276000
191;191;03/01/2020;638000
192;192;03/01/2020;196500
193;193;03/01/2020;34500
194;194;03/01/2020;116000
195;195;03/01/2020;93200
196;196;03/01/2020;142000
197;197;03/01/2020;98000
198;198;03/01/2020;172500
199;199;03/01/2020;141000
200;200;03/01/2020;440000
201;201;03/01/2020;131600
202;202;03/01/2020;205000
203;203;03/01/2020;93800
204;204;03/01/2020;135450
205;205;03/01/2020;102000
206;206;03/01/2020;185000
207;207;03/01/2020;196100
208;208;03/01/2020;212231
209;209;03/01/2020;113000
210;210;03/01/2020;331000
211;211;03/01/2020;93000
212;212;03/01/2020;596370
213;213;03/01/2020;97000
214;214;03/01/2020;305000
215;215;03/01/2020;99840
216;216;03/01/2020;150020
217;217;03/01/2020;300000
218;218;03/01/2020;121000
219;219;03/01/2020;148570
220;220;03/01/2020;105840
221;221;03/01/2020;138000
222;222;03/01/2020;33000
223;223;03/01/2020;40000
224;224;03/01/2020;56650
225;225;03/01/2020;160000
226;226;03/01/2020;360000
227;227;03/01/2020;171000
228;228;03/01/2020;213500
229;229;03/01/2020;157500
230;230;03/01/2020;255680
231;231;03/01/2020;244000
232;232;03/01/2020;435000
233;233;03/01/2020;254000
234;234;03/01/2020;284984
235;235;03/01/2020;302000
236;236;03/01/2020;548000
237;237;03/01/2020;877100
238;238;03/01/2020;213615
239;239;03/01/2020;300800
240;240;03/01/2020;857950
241;241;03/01/2020;380000
242;242;03/01/2020;318700
243;243;03/01/2020;256760
244;244;03/01/2020;291262
245;245;03/01/2020;161320
246;246;03/01/2020;164000
247;247;03/01/2020;662300
248;248;03/01/2020;227600
249;249;03/01/2020;312450
250;250;03/01/2020;348450
251;251;03/01/2020;298333
252;252;03/01/2020;326200
253;253;03/01/2020;349000
254;254;03/01/2020;43000
255;255;03/01/2020;192000
256;256;03/01/2020;142100
257;257;03/01/2020;572000
258;258;03/01/2020;130000
259;259;03/01/2020;134000
260;260;03/01/2020;209000
261;261;03/01/2020;378850
262;262;03/01/2020;440425
263;263;03/01/2020;331000
264;264;03/01/2020;410370
265;265;03/01/2020;145000
266;266;03/01/2020;218000
267;267;03/01/2020;269000
268;268;03/01/2020;374675
269;269;03/01/2020;163000
270;270;03/01/2020;224500
271;271;03/01/2020;159000
272;272;03/01/2020;195600
273;273;03/01/2020;240000
274;274;03/01/2020;174000
275;275;04/01/2020;84000
276;276;04/01/2020;76100
277;277;04/01/2020;67750
278;278;04/01/2020;75200
279;279;04/01/2020;176000
280;280;04/01/2020;123000
281;281;04/01/2020;87900
282;282;04/01/2020;57200
283;283;04/01/2020;74000
284;284;06/01/2020;285000
285;285;06/01/2020;429250
286;286;06/01/2020;196000
287;287;06/01/2020;443000
288;288;06/01/2020;170000
289;289;06/01/2020;128600
290;290;06/01/2020;81000
291;291;06/01/2020;335000
292;292;06/01/2020;212200
293;293;06/01/2020;643815
294;294;06/01/2020;113200
295;295;06/01/2020;88000
296;296;06/01/2020;99500
297;297;06/01/2020;90000
298;298;06/01/2020;68600
299;299;06/01/2020;52000
300;300;06/01/2020;207500
301;301;06/01/2020;237000
302;302;06/01/2020;72200
303;303;06/01/2020;318000
304;304;06/01/2020;330850
305;305;06/01/2020;144950
306;306;06/01/2020;144000
307;307;06/01/2020;82000
308;308;06/01/2020;298000
309;309;06/01/2020;91000
310;310;06/01/2020;265000
311;311;06/01/2020;197000
312;312;06/01/2020;375000
313;313;06/01/2020;104000
314;314;06/01/2020;173000
315;315;06/01/2020;275000
316;316;06/01/2020;160000
317;317;06/01/2020;110000
318;318;06/01/2020;53900
319;319;06/01/2020;206300
320;320;06/01/2020;72000
321;321;06/01/2020;188900
322;322;06/01/2020;65000
323;323;06/01/2020;149500
324;324;06/01/2020;150900
325;325;06/01/2020;90000
326;326;06/01/2020;106000
327;327;06/01/2020;86000
328;328;06/01/2020;46000
329;329;06/01/2020;72000
330;330;06/01/2020;88000
331;331;06/01/2020;137000
332;332;06/01/2020;360000
333;333;06/01/2020;33000
334;334;06/01/2020;122450
335;335;06/01/2020;99750
336;336;06/01/2020;153300
337;337;06/01/2020;172950
338;338;06/01/2020;71530
339;339;06/01/2020;78000
340;340;06/01/2020;204000
341;341;06/01/2020;155000
342;342;06/01/2020;134000
343;343;06/01/2020;97000
344;344;06/01/2020;162000
345;345;06/01/2020;142200
346;346;06/01/2020;214000
347;347;06/01/2020;240000
348;348;06/01/2020;120000
349;349;06/01/2020;75200
350;350;06/01/2020;33000
351;351;06/01/2020;31000
352;352;06/01/2020;43000
353;353;06/01/2020;44950
354;354;06/01/2020;138000
355;355;06/01/2020;221300
356;356;06/01/2020;291000
357;357;06/01/2020;145000
358;358;06/01/2020;106000
359;359;06/01/2020;87000
360;360;06/01/2020;127900
361;361;06/01/2020;47000
362;362;06/01/2020;105003
363;363;06/01/2020;37000
364;364;06/01/2020;85500
365;365;06/01/2020;88000
366;366;06/01/2020;30500
367;367;06/01/2020;52381
368;368;06/01/2020;46000
369;369;06/01/2020;86000
370;370;06/01/2020;120300
371;371;06/01/2020;158500
372;372;06/01/2020;270000
373;373;06/01/2020;130000
374;374;06/01/2020;265320
375;375;06/01/2020;325000
376;376;06/01/2020;99900
377;377;06/01/2020;130000
378;378;06/01/2020;202380
379;379;06/01/2020;300000
380;380;06/01/2020;38200
381;381;06/01/2020;240000
382;382;06/01/2020;43000
383;383;06/01/2020;169000
384;384;06/01/2020;368000
385;385;06/01/2020;106574
386;386;06/01/2020;449000
387;387;06/01/2020;334450
388;388;06/01/2020;380000
389;389;06/01/2020;1829700
390;390;06/01/2020;3380000
391;391;06/01/2020;1565002
392;392;06/01/2020;800000
393;393;06/01/2020;362050
394;394;06/01/2020;482000
395;395;06/01/2020;601400
396;396;06/01/2020;506500
397;397;06/01/2020;204650
398;398;06/01/2020;1475700
399;399;06/01/2020;551800
400;400;06/01/2020;362300
401;401;06/01/2020;295700
402;402;06/01/2020;688292
403;403;06/01/2020;596650
404;404;06/01/2020;471000
405;405;06/01/2020;95000
406;406;06/01/2020;590000
407;407;06/01/2020;533000
408;408;06/01/2020;126000
409;409;06/01/2020;607500
410;410;06/01/2020;7420000
411;411;06/01/2020;328950
412;412;06/01/2020;552800
413;413;06/01/2020;343000
414;414;06/01/2020;532000
415;415;06/01/2020;1613000
416;416;06/01/2020;352500
417;417;06/01/2020;276930
418;418;06/01/2020;1188000
419;419;06/01/2020;112000
420;420;06/01/2020;403000
421;421;06/01/2020;60000
422;422;06/01/2020;124000
423;423;06/01/2020;225000
424;424;06/01/2020;185500
425;425;06/01/2020;113000
426;426;06/01/2020;45000
427;427;06/01/2020;189000
428;428;06/01/2020;145000
429;429;06/01/2020;257000
430;430;06/01/2020;175000
431;431;06/01/2020;370050
432;432;06/01/2020;128000
433;433;06/01/2020;168500
434;434;06/01/2020;582000
435;435;06/01/2020;181500
436;436;06/01/2020;240750
437;437;06/01/2020;271500
438;438;06/01/2020;102820
439;439;06/01/2020;740000
440;440;06/01/2020;54000
441;441;06/01/2020;224900
442;442;06/01/2020;90000
443;443;06/01/2020;148500
444;444;06/01/2020;372841
445;445;06/01/2020;235200
446;446;06/01/2020;80000
447;447;06/01/2020;182500
448;448;06/01/2020;103000
449;449;06/01/2020;51000
450;450;06/01/2020;134500
451;451;06/01/2020;39000
452;452;06/01/2020;168637
453;453;06/01/2020;265000
454;454;06/01/2020;134000
455;455;06/01/2020;291150
456;456;06/01/2020;377000
457;457;06/01/2020;391200
458;458;06/01/2020;476469
459;459;06/01/2020;910000
460;460;06/01/2020;186000
461;461;06/01/2020;164000
462;462;06/01/2020;185000
463;463;06/01/2020;388326
464;464;06/01/2020;606820
465;465;06/01/2020;423100
466;466;06/01/2020;518192
467;467;06/01/2020;345000
468;468;06/01/2020;335000
469;469;06/01/2020;121000
470;470;06/01/2020;380000
471;471;06/01/2020;1550000
472;472;06/01/2020;645000
473;473;06/01/2020;825750
474;474;06/01/2020;345000
475;475;06/01/2020;166000
476;476;06/01/2020;254800
477;477;06/01/2020;460000
478;478;06/01/2020;1225000
479;479;06/01/2020;354750
480;480;06/01/2020;196800
481;481;06/01/2020;156350
482;482;06/01/2020;350000
483;483;06/01/2020;644000
484;484;06/01/2020;319000
485;485;06/01/2020;160000
486;486;06/01/2020;240000
487;487;06/01/2020;435000
488;488;06/01/2020;408000
489;489;06/01/2020;153000
490;490;06/01/2020;187000
491;491;06/01/2020;420600
492;492;06/01/2020;281000
493;493;06/01/2020;168500
494;494;06/01/2020;267000
495;495;06/01/2020;129000
496;496;06/01/2020;197050
497;497;06/01/2020;389980
498;498;06/01/2020;109000
499;499;06/01/2020;195000
500;500;06/01/2020;137000
501;501;06/01/2020;189800
502;502;06/01/2020;285500
503;503;06/01/2020;165000
504;504;06/01/2020;225000
505;505;06/01/2020;252000
506;506;06/01/2020;244783
507;507;06/01/2020;1400000
508;508;06/01/2020;240750
509;509;06/01/2020;100000
510;510;06/01/2020;660000
511;511;06/01/2020;1690000
512;512;06/01/2020;130000
513;513;06/01/2020;179500
514;514;06/01/2020;212500
515;515;06/01/2020;208000
516;516;06/01/2020;181230
517;517;07/01/2020;220900
518;518;07/01/2020;212150
519;519;07/01/2020;262000
520;520;07/01/2020;131990
521;521;07/01/2020;133950
522;522;07/01/2020;405000
523;523;07/01/2020;151000
524;524;07/01/2020;581098
525;525;07/01/2020;245000
526;526;07/01/2020;198000
527;527;07/01/2020;233000
528;528;07/01/2020;73500
529;529;07/01/2020;140000
530;530;07/01/2020;66000
531;531;07/01/2020;42500
532;532;07/01/2020;59000
533;533;07/01/2020;66820
534;534;07/01/2020;51000
535;535;07/01/2020;257965
536;536;07/01/2020;150000
537;537;07/01/2020;172000
538;538;07/01/2020;75000
539;539;07/01/2020;140000
540;540;07/01/2020;169600
541;541;07/01/2020;12000
542;542;07/01/2020;74900
543;543;07/01/2020;162000
544;544;07/01/2020;88000
545;545;07/01/2020;87000
546;546;07/01/2020;361000
547;547;07/01/2020;218000
548;548;07/01/2020;159000
549;549;07/01/2020;107000
550;550;07/01/2020;82500
551;551;07/01/2020;123000
552;552;07/01/2020;97000
553;553;07/01/2020;39000
554;554;07/01/2020;34450
555;555;07/01/2020;80300
556;556;07/01/2020;102000
557;557;07/01/2020;92600
558;558;07/01/2020;59000
559;559;07/01/2020;84500
560;560;07/01/2020;111800
561;561;07/01/2020;51500
562;562;07/01/2020;73774
563;563;07/01/2020;166450
564;564;07/01/2020;165000
565;565;07/01/2020;371500
566;566;07/01/2020;150400
567;567;07/01/2020;204620
568;568;07/01/2020;118400
569;569;07/01/2020;216000
570;570;07/01/2020;233000
571;571;07/01/2020;60000
572;572;07/01/2020;123000
573;573;07/01/2020;144310
574;574;07/01/2020;76400
575;575;07/01/2020;69000
576;576;07/01/2020;128420
577;577;07/01/2020;80750
578;578;07/01/2020;196400
579;579;07/01/2020;57000
580;580;07/01/2020;602500
581;581;07/01/2020;283050
582;582;07/01/2020;192000
583;583;07/01/2020;61610
584;584;07/01/2020;86980
585;585;07/01/2020;84800
586;586;07/01/2020;253000
587;587;07/01/2020;56500
588;588;07/01/2020;45600
589;589;07/01/2020;245230
590;590;07/01/2020;119000
591;591;07/01/2020;92000
592;592;07/01/2020;179900
593;593;07/01/2020;98000
594;594;07/01/2020;127000
595;595;07/01/2020;167300
596;596;07/01/2020;143300
597;597;07/01/2020;52000
598;598;07/01/2020;92000
599;599;07/01/2020;137900
600;600;07/01/2020;172900
601;601;07/01/2020;132197
602;602;07/01/2020;11000
603;603;07/01/2020;120000
604;604;07/01/2020;585000
605;605;07/01/2020;67500
606;606;07/01/2020;31500
607;607;07/01/2020;275000
608;608;07/01/2020;74000
609;609;07/01/2020;90000
610;610;07/01/2020;209750
611;611;07/01/2020;196500
612;612;07/01/2020;142040
613;613;07/01/2020;183400
614;614;07/01/2020;170000
615;615;07/01/2020;261470
616;616;07/01/2020;630000
617;617;07/01/2020;40000
618;618;07/01/2020;207200
619;619;07/01/2020;266000
620;620;07/01/2020;223090
621;621;07/01/2020;1250000
622;622;07/01/2020;680000
623;623;07/01/2020;459000
624;624;07/01/2020;312000
625;625;07/01/2020;519000
626;626;07/01/2020;324000
627;627;07/01/2020;308729
628;628;07/01/2020;554690
629;629;07/01/2020;231000
630;630;07/01/2020;189000
631;631;07/01/2020;145000
632;632;07/01/2020;192500
633;633;07/01/2020;337000
634;634;07/01/2020;200000
635;635;07/01/2020;70000
636;636;07/01/2020;371270
637;637;07/01/2020;108600
638;638;07/01/2020;423000
639;639;07/01/2020;132500
640;640;07/01/2020;287000
641;641;07/01/2020;468000
642;642;07/01/2020;111500
643;643;07/01/2020;175000
644;644;07/01/2020;47500
645;645;07/01/2020;116000
646;646;07/01/2020;78500
647;647;07/01/2020;138500
648;648;07/01/2020;540000
649;649;07/01/2020;71500
650;650;07/01/2020;421280
651;651;07/01/2020;234000
652;652;07/01/2020;199120
653;653;07/01/2020;339200
654;654;07/01/2020;514142
655;655;07/01/2020;201813
656;656;07/01/2020;202500
657;657;07/01/2020;220000
658;658;07/01/2020;315000
659;659;07/01/2020;149000
660;660;07/01/2020;35000
661;661;08/01/2020;720000
662;662;08/01/2020;190000
663;663;08/01/2020;241030
664;664;08/01/2020;620000
665;665;08/01/2020;97500
666;666;08/01/2020;309000
667;667;08/01/2020;490000
668;668;08/01/2020;340750
669;669;08/01/2020;214700
670;670;08/01/2020;415000
671;671;08/01/2020;195000
672;672;08/01/2020;205000
673;673;08/01/2020;146880
674;674;08/01/2020;95000
675;675;08/01/2020;57000
676;676;08/01/2020;48420
677;677;08/01/2020;93500
678;678;08/01/2020;98000
679;679;08/01/2020;75500
680;680;08/01/2020;105000
681;681;08/01/2020;119800
682;682;08/01/2020;40000
683;683;08/01/2020;152000
684;684;08/01/2020;85000
685;685;08/01/2020;68000
686;686;08/01/2020;65748
687;687;08/01/2020;76500
688;688;08/01/2020;242000
689;689;08/01/2020;223400
690;690;08/01/2020;201400
691;691;08/01/2020;215000
692;692;08/01/2020;148000
693;693;08/01/2020;187000
694;694;08/01/2020;22000
695;695;08/01/2020;21750
696;696;08/01/2020;68500
697;697;08/01/2020;108000
698;698;08/01/2020;500000
699;699;08/01/2020;248910
700;700;08/01/2020;85800
701;701;08/01/2020;130000
702;702;08/01/2020;163400
703;703;08/01/2020;257500
704;704;08/01/2020;133200
705;705;08/01/2020;139000
706;706;08/01/2020;243000
707;707;08/01/2020;218000
708;708;08/01/2020;149400
709;709;08/01/2020;147800
710;710;08/01/2020;133900
711;711;08/01/2020;160000
712;712;08/01/2020;79000
713;713;08/01/2020;278400
714;714;08/01/2020;273600
715;715;08/01/2020;120930
716;716;08/01/2020;100000
717;717;08/01/2020;106500
718;718;08/01/2020;149000
719;719;08/01/2020;165200
720;720;08/01/2020;58000
721;721;08/01/2020;145000
722;722;08/01/2020;54500
723;723;08/01/2020;283000
724;724;08/01/2020;237000
725;725;08/01/2020;153190
726;726;08/01/2020;65210
727;727;08/01/2020;185000
728;728;08/01/2020;45082
729;729;08/01/2020;92000
730;730;08/01/2020;141000
731;731;08/01/2020;43000
732;732;08/01/2020;138400
733;733;08/01/2020;78000
734;734;08/01/2020;141650
735;735;08/01/2020;61750
736;736;08/01/2020;92800
737;737;08/01/2020;106500
738;738;08/01/2020;93500
739;739;08/01/2020;142000
740;740;08/01/2020;36900
741;741;08/01/2020;145000
742;742;08/01/2020;45000
743;743;08/01/2020;157000
744;744;08/01/2020;243010
745;745;08/01/2020;155490
746;746;08/01/2020;235294
747;747;08/01/2020;740000
748;748;08/01/2020;254000
749;749;08/01/2020;119000
750;750;08/01/2020;26500
751;751;08/01/2020;17000
752;752;08/01/2020;221775
753;753;08/01/2020;105000
754;754;08/01/2020;236538
755;755;08/01/2020;572500
756;756;08/01/2020;370000
757;757;08/01/2020;648600
758;758;08/01/2020;879000
759;759;08/01/2020;432000
760;760;08/01/2020;1195000
761;761;08/01/2020;2184420
762;762;08/01/2020;1493825
763;763;08/01/2020;871900
764;764;08/01/2020;215000
765;765;08/01/2020;744000
766;766;08/01/2020;384000
767;767;08/01/2020;845575
768;768;08/01/2020;599100
769;769;08/01/2020;327500
770;770;08/01/2020;1140000
771;771;08/01/2020;545000
772;772;08/01/2020;383000
773;773;08/01/2020;267000
774;774;08/01/2020;478000
775;775;08/01/2020;585000
776;776;08/01/2020;721900
777;777;08/01/2020;1091250
778;778;08/01/2020;663688
779;779;08/01/2020;317320
780;780;08/01/2020;516000
781;781;08/01/2020;900800
782;782;08/01/2020;93000
783;783;08/01/2020;269000
784;784;08/01/2020;325500
785;785;08/01/2020;50000
786;786;08/01/2020;438750
787;787;08/01/2020;91000
788;788;08/01/2020;420000
789;789;08/01/2020;188596
790;790;08/01/2020;165000
791;791;08/01/2020;128000
792;792;08/01/2020;187000
793;793;08/01/2020;132000
794;794;08/01/2020;493600
795;795;08/01/2020;470000
796;796;08/01/2020;158000
797;797;08/01/2020;139650
798;798;08/01/2020;254000
799;799;08/01/2020;292500
800;800;08/01/2020;97000
801;801;08/01/2020;257500
802;802;08/01/2020;198000
803;803;08/01/2020;201000
804;804;08/01/2020;101885
805;805;08/01/2020;275000
806;806;08/01/2020;453000
807;807;08/01/2020;113000
808;808;08/01/2020;67000
809;809;08/01/2020;53500
810;810;08/01/2020;61000
811;811;08/01/2020;150000
812;812;08/01/2020;76000
813;813;08/01/2020;93840
814;814;08/01/2020;123400
815;815;08/01/2020;109990
816;816;08/01/2020;212000
817;817;08/01/2020;146835
818;818;08/01/2020;294000
819;819;08/01/2020;82500
820;820;08/01/2020;197200
821;821;08/01/2020;247000
822;822;08/01/2020;497000
823;823;08/01/2020;414800
824;824;08/01/2020;930000
825;825;08/01/2020;100000
826;826;08/01/2020;200000
827;827;08/01/2020;190000
828;828;08/01/2020;313000
829;829;08/01/2020;216890
830;830;08/01/2020;182000
831;831;08/01/2020;208000
832;832;08/01/2020;352150
833;833;08/01/2020;372000
834;834;08/01/2020;490000
835;835;08/01/2020;627110
836;836;08/01/2020;1042127
837;837;08/01/2020;262500
838;838;08/01/2020;475260
839;839;08/01/2020;115500
840;840;08/01/2020;155000
841;841;08/01/2020;212525
842;842;08/01/2020;443300
843;843;08/01/2020;245000
844;844;08/01/2020;247000
845;845;08/01/2020;253250
846;846;08/01/2020;426250
847;847;08/01/2020;155000
848;848;08/01/2020;141000
849;849;08/01/2020;196000
850;850;08/01/2020;114000
851;851;08/01/2020;181900
852;852;08/01/2020;207000
853;853;08/01/2020;80000
854;854;08/01/2020;842000
855;855;08/01/2020;361000
856;856;08/01/2020;543000
857;857;08/01/2020;930000
858;858;08/01/2020;173000
859;859;08/01/2020;387000
860;860;08/01/2020;360976
861;861;08/01/2020;247400
862;862;08/01/2020;396450
863;863;08/01/2020;310000
864;864;08/01/2020;45480
865;865;08/01/2020;134000
866;866;08/01/2020;264800
867;867;08/01/2020;387200
868;868;08/01/2020;229000
869;869;08/01/2020;355000
870;870;08/01/2020;247000
871;871;08/01/2020;122900
872;872;09/01/2020;212000
873;873;09/01/2020;309000
874;874;09/01/2020;200750
875;875;09/01/2020;474801
876;876;09/01/2020;174000
877;877;09/01/2020;125110
878;878;09/01/2020;119175
879;879;09/01/2020;121300
880;880;09/01/2020;314600
881;881;09/01/2020;179000
882;882;09/01/2020;97800
883;883;09/01/2020;54500
884;884;09/01/2020;128850
885;885;09/01/2020;106000
886;886;09/01/2020;157500
887;887;09/01/2020;77020
888;888;09/01/2020;180000
889;889;09/01/2020;100000
890;890;09/01/2020;125000
891;891;09/01/2020;175000
892;892;09/01/2020;146400
893;893;09/01/2020;118000
894;894;09/01/2020;143000
895;895;09/01/2020;67000
896;896;09/01/2020;90500
897;897;09/01/2020;101250
898;898;09/01/2020;252750
899;899;09/01/2020;127000
900;900;09/01/2020;178000
901;901;09/01/2020;388000
902;902;09/01/2020;120000
903;903;09/01/2020;103000
904;904;09/01/2020;91000
905;905;09/01/2020;138370
906;906;09/01/2020;881000
907;907;09/01/2020;51500
908;908;09/01/2020;175400
909;909;09/01/2020;213390
910;910;09/01/2020;118000
911;911;09/01/2020;222490
912;912;09/01/2020;188000
913;913;09/01/2020;96300
914;914;09/01/2020;142950
915;915;09/01/2020;272825
916;916;09/01/2020;138100
917;917;09/01/2020;102500
918;918;09/01/2020;158500
919;919;09/01/2020;83980
920;920;09/01/2020;348000
921;921;09/01/2020;351000
922;922;09/01/2020;207600
923;923;09/01/2020;196000
924;924;09/01/2020;259600
925;925;09/01/2020;206400
926;926;09/01/2020;306200
927;927;09/01/2020;755000
928;928;09/01/2020;328000
929;929;09/01/2020;70500
930;930;09/01/2020;75000
931;931;09/01/2020;87450
932;932;09/01/2020;175200
933;933;09/01/2020;97500
934;934;09/01/2020;166900
935;935;09/01/2020;188035
936;936;09/01/2020;121000
937;937;09/01/2020;156500
938;938;09/01/2020;362000
939;939;09/01/2020;149150
940;940;09/01/2020;212700
941;941;09/01/2020;330500
942;942;09/01/2020;167000
943;943;09/01/2020;41000
944;944;09/01/2020;115125
945;945;09/01/2020;95760
946;946;09/01/2020;83640
947;947;09/01/2020;60000
948;948;09/01/2020;144300
949;949;09/01/2020;80200
950;950;09/01/2020;106000
951;951;09/01/2020;135000
952;952;09/01/2020;199688
953;953;09/01/2020;696290
954;954;09/01/2020;151598
955;955;09/01/2020;86511
956;956;09/01/2020;279050
957;957;09/01/2020;232300
958;958;09/01/2020;125120
959;959;09/01/2020;191115
960;960;09/01/2020;26000
961;961;09/01/2020;59000
962;962;09/01/2020;107000
963;963;09/01/2020;370000
964;964;09/01/2020;65500
965;965;09/01/2020;46000
966;966;09/01/2020;306500
967;967;09/01/2020;749760
968;968;09/01/2020;175000
969;969;09/01/2020;250000
970;970;09/01/2020;72000
971;971;09/01/2020;127000
972;972;09/01/2020;95000
973;973;09/01/2020;132000
974;974;09/01/2020;30500
975;975;09/01/2020;340055
976;976;09/01/2020;453250
977;977;09/01/2020;257800
978;978;09/01/2020;227600
979;979;09/01/2020;257200
980;980;09/01/2020;163000
981;981;09/01/2020;121850
982;982;09/01/2020;124650
983;983;09/01/2020;115000
984;984;09/01/2020;132400
985;985;09/01/2020;78000
986;986;09/01/2020;49000
987;987;09/01/2020;741500
988;988;09/01/2020;380000
989;989;09/01/2020;1011500
990;990;09/01/2020;261500
991;991;09/01/2020;485625
992;992;09/01/2020;648400
993;993;09/01/2020;887000
994;994;09/01/2020;920000
995;995;09/01/2020;505000
996;996;09/01/2020;252500
997;997;09/01/2020;712400
998;998;09/01/2020;370000
999;999;09/01/2020;401480
1000;1000;09/01/2020;385950
1001;1001;09/01/2020;256000
1002;1002;09/01/2020;1702800
1003;1003;09/01/2020;975000
1004;1004;09/01/2020;758050
1005;1005;09/01/2020;1042470
1006;1006;09/01/2020;292300
1007;1007;09/01/2020;175800
1008;1008;09/01/2020;281430
1009;1009;09/01/2020;450700
1010;1010;09/01/2020;752400
1011;1011;09/01/2020;168500
1012;1012;09/01/2020;773550
1013;1013;09/01/2020;370500
1014;1014;09/01/2020;812000
1015;1015;09/01/2020;96000
1016;1016;09/01/2020;140400
1017;1017;09/01/2020;162800
1018;1018;09/01/2020;384521
1019;1019;09/01/2020;75000
1020;1020;09/01/2020;94000
1021;1021;09/01/2020;48374
1022;1022;09/01/2020;120000
1023;1023;09/01/2020;285000
1024;1024;09/01/2020;208900
1025;1025;09/01/2020;75000
1026;1026;09/01/2020;104000
1027;1027;09/01/2020;135000
1028;1028;09/01/2020;189500
1029;1029;09/01/2020;107000
1030;1030;09/01/2020;215000
1031;1031;09/01/2020;91000
1032;1032;09/01/2020;158906
1033;1033;09/01/2020;357500
1034;1034;09/01/2020;222000
1035;1035;09/01/2020;79000
1036;1036;09/01/2020;434000
1037;1037;09/01/2020;250000
1038;1038;09/01/2020;291000
1039;1039;09/01/2020;80000
1040;1040;09/01/2020;358800
1041;1041;09/01/2020;240000
1042;1042;09/01/2020;290000
1043;1043;09/01/2020;83600
1044;1044;09/01/2020;136950
1045;1045;09/01/2020;200000
1046;1046;09/01/2020;160000
1047;1047;09/01/2020;81320
1048;1048;09/01/2020;81000
1049;1049;09/01/2020;490530
1050;1050;09/01/2020;364100
1051;1051;09/01/2020;138000
1052;1052;09/01/2020;116000
1053;1053;09/01/2020;136000
1054;1054;09/01/2020;149000
1055;1055;09/01/2020;127000
1056;1056;09/01/2020;181000
1057;1057;09/01/2020;50400
1058;1058;09/01/2020;122000
1059;1059;09/01/2020;165000
1060;1060;09/01/2020;126000
1061;1061;09/01/2020;130220
1062;1062;09/01/2020;90000
1063;1063;09/01/2020;182000
1064;1064;09/01/2020;160000
1065;1065;09/01/2020;890000
1066;1066;09/01/2020;441000
1067;1067;09/01/2020;498000
1068;1068;09/01/2020;210000
1069;1069;09/01/2020;360600
1070;1070;09/01/2020;625722
1071;1071;09/01/2020;156300
1072;1072;09/01/2020;348900
1073;1073;09/01/2020;295050
1074;1074;09/01/2020;272215
1075;1075;09/01/2020;255000
1076;1076;09/01/2020;280000
1077;1077;09/01/2020;142000
1078;1078;09/01/2020;206000
1079;1079;09/01/2020;270000
1080;1080;09/01/2020;212000
1081;1081;09/01/2020;319000
1082;1082;09/01/2020;604580
1083;1083;09/01/2020;362637
1084;1084;09/01/2020;271000
1085;1085;09/01/2020;1072500
1086;1086;09/01/2020;583500
1087;1087;09/01/2020;653700
1088;1088;09/01/2020;261200
1089;1089;09/01/2020;694000
1090;1090;09/01/2020;589000
1091;1091;09/01/2020;164500
1092;1092;09/01/2020;263540
1093;1093;09/01/2020;90000
1094;1094;09/01/2020;147000
1095;1095;09/01/2020;190000
1096;1096;09/01/2020;205000
1097;1097;09/01/2020;298000
1098;1098;09/01/2020;408000
1099;1099;09/01/2020;137000
1100;1100;09/01/2020;175000
1101;1101;09/01/2020;127000
1102;1102;09/01/2020;580000
1103;1103;09/01/2020;113000
1104;1104;09/01/2020;124000
1105;1105;09/01/2020;222500
1106;1106;09/01/2020;243750
1107;1107;09/01/2020;76000
1108;1108;09/01/2020;298760
1109;1109;09/01/2020;224000
1110;1110;09/01/2020;300000
1111;1111;09/01/2020;140600
1112;1112;09/01/2020;163000
1113;1113;09/01/2020;297000
1114;1114;09/01/2020;209000
1115;1115;09/01/2020;317000
1116;1116;09/01/2020;286350
1117;1117;09/01/2020;210000
1118;1118;09/01/2020;150000
1119;1119;09/01/2020;185000
1120;1120;09/01/2020;193000
1121;1121;09/01/2020;208000
1122;1122;09/01/2020;40000
1123;1123;10/01/2020;203400
1124;1124;10/01/2020;68100
1125;1125;10/01/2020;290000
1126;1126;10/01/2020;38550
1127;1127;10/01/2020;169600
1128;1128;10/01/2020;86000
1129;1129;10/01/2020;245000
1130;1130;10/01/2020;780000
1131;1131;10/01/2020;185000
1132;1132;10/01/2020;537700
1133;1133;10/01/2020;421420
1134;1134;10/01/2020;262089
1135;1135;10/01/2020;228500
1136;1136;10/01/2020;414000
1137;1137;10/01/2020;158525
1138;1138;10/01/2020;171600
1139;1139;10/01/2020;172020
1140;1140;10/01/2020;257161
1141;1141;10/01/2020;175500
1142;1142;10/01/2020;117000
1143;1143;10/01/2020;97000
1144;1144;10/01/2020;116000
1145;1145;10/01/2020;485000
1146;1146;10/01/2020;40000
1147;1147;10/01/2020;100500
1148;1148;10/01/2020;125000
1149;1149;10/01/2020;134000
1150;1150;10/01/2020;56500
1151;1151;10/01/2020;66000
1152;1152;10/01/2020;68000
1153;1153;10/01/2020;113500
1154;1154;10/01/2020;80000
1155;1155;10/01/2020;365000
1156;1156;10/01/2020;432000
1157;1157;10/01/2020;91000
1158;1158;10/01/2020;147000
1159;1159;10/01/2020;114500
1160;1160;10/01/2020;78000
1161;1161;10/01/2020;53000
1162;1162;10/01/2020;201400
1163;1163;10/01/2020;124600
1164;1164;10/01/2020;94000
1165;1165;10/01/2020;247700
1166;1166;10/01/2020;121000
1167;1167;10/01/2020;157000
1168;1168;10/01/2020;285000
1169;1169;10/01/2020;129000
1170;1170;10/01/2020;149000
1171;1171;10/01/2020;33000
1172;1172;10/01/2020;105000
1173;1173;10/01/2020;192000
1174;1174;10/01/2020;138000
1175;1175;10/01/2020;79000
1176;1176;10/01/2020;234000
1177;1177;10/01/2020;118000
1178;1178;10/01/2020;116200
1179;1179;10/01/2020;111000
1180;1180;10/01/2020;74990
1181;1181;10/01/2020;307155
1182;1182;10/01/2020;185550
1183;1183;10/01/2020;63500
1184;1184;10/01/2020;141900
1185;1185;10/01/2020;260850
1186;1186;10/01/2020;139750
1187;1187;10/01/2020;38000
1188;1188;10/01/2020;75600
1189;1189;10/01/2020;85000
1190;1190;10/01/2020;71155
1191;1191;10/01/2020;102500
1192;1192;10/01/2020;156000
1193;1193;10/01/2020;238350
1194;1194;10/01/2020;212400
1195;1195;10/01/2020;318850
1196;1196;10/01/2020;326050
1197;1197;10/01/2020;254500
1198;1198;10/01/2020;60089
1199;1199;10/01/2020;53000
1200;1200;10/01/2020;237500
1201;1201;10/01/2020;113000
1202;1202;10/01/2020;243000
1203;1203;10/01/2020;165300
1204;1204;10/01/2020;109720
1205;1205;10/01/2020;118200
1206;1206;10/01/2020;86500
1207;1207;10/01/2020;85370
1208;1208;10/01/2020;98000
1209;1209;10/01/2020;77000
1210;1210;10/01/2020;85650
1211;1211;10/01/2020;86650
1212;1212;10/01/2020;83000
1213;1213;10/01/2020;75800
1214;1214;10/01/2020;9000
1215;1215;10/01/2020;295245
1216;1216;10/01/2020;130000
1217;1217;10/01/2020;121800
1218;1218;10/01/2020;164000
1219;1219;10/01/2020;141000
1220;1220;10/01/2020;503700
1221;1221;10/01/2020;169600
1222;1222;10/01/2020;142500
1223;1223;10/01/2020;204000
1224;1224;10/01/2020;139000
1225;1225;10/01/2020;213000
1226;1226;10/01/2020;71100
1227;1227;10/01/2020;125000
1228;1228;10/01/2020;160490
1229;1229;10/01/2020;114600
1230;1230;10/01/2020;72480
1231;1231;10/01/2020;98000
1232;1232;10/01/2020;270000
1233;1233;10/01/2020;106400
1234;1234;10/01/2020;30000
1235;1235;10/01/2020;101000
1236;1236;10/01/2020;230000
1237;1237;10/01/2020;133465
1238;1238;10/01/2020;190000
1239;1239;10/01/2020;155500
1240;1240;10/01/2020;78000
1241;1241;10/01/2020;34000
1242;1242;10/01/2020;127000
1243;1243;10/01/2020;141150
1244;1244;10/01/2020;65550
1245;1245;10/01/2020;208000
1246;1246;10/01/2020;119800
1247;1247;10/01/2020;228000
1248;1248;10/01/2020;145100
1249;1249;10/01/2020;232500
1250;1250;10/01/2020;95000
1251;1251;10/01/2020;80000
1252;1252;10/01/2020;147800
1253;1253;10/01/2020;210000
1254;1254;10/01/2020;75800
1255;1255;10/01/2020;52000
1256;1256;10/01/2020;72000
1257;1257;10/01/2020;63000
1258;1258;10/01/2020;39000
1259;1259;10/01/2020;232400
1260;1260;10/01/2020;111000
1261;1261;10/01/2020;182480
1262;1262;10/01/2020;57000
1263;1263;10/01/2020;290000
1264;1264;10/01/2020;360000
1265;1265;10/01/2020;100000
1266;1266;10/01/2020;102000
1267;1267;10/01/2020;234000
1268;1268;10/01/2020;286000
1269;1269;10/01/2020;53500
1270;1270;10/01/2020;265700
1271;1271;10/01/2020;146600
1272;1272;10/01/2020;124000
1273;1273;10/01/2020;115000
1274;1274;10/01/2020;90000
1275;1275;10/01/2020;117000
1276;1276;10/01/2020;96000
1277;1277;10/01/2020;65000
1278;1278;10/01/2020;194200
1279;1279;10/01/2020;38000
1280;1280;10/01/2020;106400
1281;1281;10/01/2020;50000
1282;1282;10/01/2020;275500
1283;1283;10/01/2020;86000
1284;1284;10/01/2020;201400
1285;1285;10/01/2020;139000
1286;1286;10/01/2020;328800
1287;1287;10/01/2020;203000
1288;1288;10/01/2020;338000
1289;1289;10/01/2020;246150
1290;1290;10/01/2020;229892
1291;1291;10/01/2020;273000
1292;1292;10/01/2020;390600
1293;1293;10/01/2020;406000
1294;1294;10/01/2020;230800
1295;1295;10/01/2020;219000
1296;1296;10/01/2020;21000
1297;1297;10/01/2020;49500
1298;1298;10/01/2020;60500
1299;1299;10/01/2020;77500
1300;1300;10/01/2020;549820
1301;1301;10/01/2020;607620
1302;1302;10/01/2020;266660
1303;1303;10/01/2020;149000
1304;1304;10/01/2020;140000
1305;1305;10/01/2020;110000
1306;1306;10/01/2020;69300
1307;1307;10/01/2020;505000
1308;1308;10/01/2020;277800
1309;1309;10/01/2020;102500
1310;1310;10/01/2020;680000
1311;1311;10/01/2020;524300
1312;1312;10/01/2020;1016000
1313;1313;10/01/2020;412700
1314;1314;10/01/2020;615000
1315;1315;10/01/2020;328500
1316;1316;10/01/2020;185000
1317;1317;10/01/2020;189000
1318;1318;10/01/2020;327000
1319;1319;10/01/2020;190000
1320;1320;10/01/2020;395000
1321;1321;10/01/2020;1320000
1322;1322;10/01/2020;1862000
1323;1323;10/01/2020;686000
1324;1324;10/01/2020;1530000
1325;1325;10/01/2020;331620
1326;1326;10/01/2020;519000
1327;1327;10/01/2020;672350
1328;1328;10/01/2020;940000
1329;1329;10/01/2020;549810
1330;1330;10/01/2020;626770
1331;1331;10/01/2020;189640
1332;1332;10/01/2020;207000
1333;1333;10/01/2020;733500
1334;1334;10/01/2020;818500
1335;1335;10/01/2020;179000
1336;1336;10/01/2020;547500
1337;1337;10/01/2020;874000
1338;1338;10/01/2020;468235
1339;1339;10/01/2020;369000
1340;1340;10/01/2020;223900
1341;1341;10/01/2020;245000
1342;1342;10/01/2020;935000
1343;1343;10/01/2020;317000
1344;1344;10/01/2020;480000
1345;1345;10/01/2020;705800
1346;1346;10/01/2020;209000
1347;1347;10/01/2020;288000
1348;1348;10/01/2020;649000
1349;1349;10/01/2020;879000
1350;1350;10/01/2020;445000
1351;1351;10/01/2020;631800
1352;1352;10/01/2020;845000
1353;1353;10/01/2020;136100
1354;1354;10/01/2020;348670
1355;1355;10/01/2020;123000
1356;1356;10/01/2020;482000
1357;1357;10/01/2020;278846
1358;1358;10/01/2020;953700
1359;1359;10/01/2020;247000
1360;1360;10/01/2020;259000
1361;1361;10/01/2020;523450
1362;1362;10/01/2020;293500
1363;1363;10/01/2020;238315
1364;1364;10/01/2020;289740
1365;1365;10/01/2020;326730
1366;1366;10/01/2020;392000
1367;1367;10/01/2020;581500
1368;1368;10/01/2020;910000
1369;1369;10/01/2020;657000
1370;1370;10/01/2020;571000
1371;1371;10/01/2020;225900
1372;1372;10/01/2020;63765
1373;1373;10/01/2020;93000
1374;1374;10/01/2020;147000
1375;1375;10/01/2020;169970
1376;1376;10/01/2020;73000
1377;1377;10/01/2020;217000
1378;1378;10/01/2020;160000
1379;1379;10/01/2020;105000
1380;1380;10/01/2020;305000
1381;1381;10/01/2020;225000
1382;1382;10/01/2020;185000
1383;1383;10/01/2020;46000
1384;1384;10/01/2020;250000
1385;1385;10/01/2020;173100
1386;1386;10/01/2020;165000
1387;1387;10/01/2020;80000
1388;1388;10/01/2020;303000
1389;1389;10/01/2020;189700
1390;1390;10/01/2020;133890
1391;1391;10/01/2020;121500
1392;1392;10/01/2020;160000
1393;1393;10/01/2020;129520
1394;1394;10/01/2020;289600
1395;1395;10/01/2020;210000
1396;1396;10/01/2020;160000
1397;1397;10/01/2020;275000
1398;1398;10/01/2020;109000
1399;1399;10/01/2020;80000
1400;1400;10/01/2020;298000
1401;1401;10/01/2020;55000
1402;1402;10/01/2020;230000
1403;1403;10/01/2020;161700
1404;1404;10/01/2020;208054
1405;1405;10/01/2020;300300
1406;1406;10/01/2020;195800
1407;1407;10/01/2020;191260
1408;1408;10/01/2020;107000
1409;1409;10/01/2020;127000
1410;1410;10/01/2020;431500
1411;1411;10/01/2020;304000
1412;1412;10/01/2020;115000
1413;1413;10/01/2020;148500
1414;1414;10/01/2020;78000
1415;1415;10/01/2020;140000
1416;1416;10/01/2020;70000
1417;1417;10/01/2020;157500
1418;1418;10/01/2020;252700
1419;1419;10/01/2020;304000
1420;1420;10/01/2020;186200
1421;1421;10/01/2020;85000
1422;1422;10/01/2020;205000
1423;1423;10/01/2020;70590
1424;1424;10/01/2020;87500
1425;1425;10/01/2020;113500
1426;1426;10/01/2020;72000
1427;1427;10/01/2020;59500
1428;1428;10/01/2020;58840
1429;1429;10/01/2020;48500
1430;1430;10/01/2020;103000
1431;1431;10/01/2020;110000
1432;1432;10/01/2020;123000
1433;1433;10/01/2020;115000
1434;1434;10/01/2020;115000
1435;1435;10/01/2020;310125
1436;1436;10/01/2020;174000
1437;1437;10/01/2020;172000
1438;1438;10/01/2020;149000
1439;1439;10/01/2020;97000
1440;1440;10/01/2020;133155
1441;1441;10/01/2020;158000
1442;1442;10/01/2020;265000
1443;1443;10/01/2020;130050
1444;1444;10/01/2020;303246
1445;1445;10/01/2020;290000
1446;1446;10/01/2020;349000
1447;1447;10/01/2020;157500
1448;1448;10/01/2020;80000
1449;1449;10/01/2020;270250
1450;1450;10/01/2020;120200
1451;1451;10/01/2020;239850
1452;1452;10/01/2020;365000
1453;1453;10/01/2020;247250
1454;1454;10/01/2020;270000
1455;1455;10/01/2020;714600
1456;1456;10/01/2020;1490000
1457;1457;10/01/2020;451050
1458;1458;10/01/2020;351000
1459;1459;10/01/2020;672500
1460;1460;10/01/2020;130000
1461;1461;10/01/2020;500500
1462;1462;10/01/2020;40000
1463;1463;10/01/2020;550326
1464;1464;10/01/2020;410000
1465;1465;10/01/2020;283654
1466;1466;10/01/2020;241000
1467;1467;10/01/2020;239600
1468;1468;10/01/2020;345745
1469;1469;10/01/2020;243173
1470;1470;10/01/2020;240500
1471;1471;10/01/2020;212000
1472;1472;10/01/2020;155000
1473;1473;10/01/2020;640000
1474;1474;10/01/2020;184598
1475;1475;10/01/2020;539510
1476;1476;10/01/2020;198540
1477;1477;10/01/2020;393500
1478;1478;10/01/2020;825000
1479;1479;10/01/2020;805000
1480;1480;10/01/2020;250000
1481;1481;10/01/2020;190000
1482;1482;10/01/2020;370000
1483;1483;10/01/2020;225000
1484;1484;10/01/2020;342960
1485;1485;10/01/2020;288735
1486;1486;10/01/2020;64000
1487;1487;10/01/2020;145750
1488;1488;10/01/2020;224000
1489;1489;10/01/2020;25000
1490;1490;10/01/2020;157770
1491;1491;10/01/2020;237000
1492;1492;10/01/2020;166000
1493;1493;10/01/2020;284670
1494;1494;10/01/2020;157000
1495;1495;10/01/2020;170000
1496;1496;10/01/2020;275000
1497;1497;10/01/2020;265000
1498;1498;10/01/2020;91000
1499;1499;10/01/2020;283000
1500;1500;10/01/2020;435000
1501;1501;10/01/2020;152000
1502;1502;10/01/2020;330000
1503;1503;10/01/2020;190000
1504;1504;10/01/2020;283000
1505;1505;10/01/2020;240150
1506;1506;10/01/2020;646000
1507;1507;10/01/2020;250000
1508;1508;10/01/2020;303000
1509;1509;10/01/2020;237000
1510;1510;10/01/2020;129000
1511;1511;10/01/2020;632000
1512;1512;10/01/2020;270103
1513;1513;10/01/2020;335000
1514;1514;10/01/2020;419000
1515;1515;10/01/2020;207500
1516;1516;10/01/2020;250400
1517;1517;10/01/2020;159100
1518;1518;10/01/2020;194300
1519;1519;10/01/2020;181500
1520;1520;10/01/2020;178000
1521;1521;10/01/2020;144000
1522;1522;10/01/2020;255000
1523;1523;10/01/2020;235000
1524;1524;10/01/2020;234000
1525;1525;10/01/2020;134000
1526;1526;10/01/2020;350000
1527;1527;10/01/2020;187000
1528;1528;10/01/2020;64000
1529;1529;10/01/2020;134000
1530;1530;11/01/2020;48000
1531;1531;11/01/2020;145000
1532;1532;11/01/2020;98000
1533;1533;11/01/2020;250000
1534;1534;11/01/2020;153500
1535;1535;11/01/2020;88350
1536;1536;11/01/2020;125000
1537;1537;11/01/2020;10000
1538;1538;11/01/2020;69000
1539;1539;11/01/2020;180800
1540;1540;11/01/2020;80000
1541;1541;11/01/2020;111400
1542;1542;11/01/2020;90000
1543;1543;11/01/2020;280000
1544;1544;11/01/2020;66000
1545;1545;11/01/2020;111150
1546;1546;11/01/2020;120000
1547;1547;11/01/2020;77000
1548;1548;11/01/2020;170000
1549;1549;11/01/2020;63200
1550;1550;11/01/2020;140280
1551;1551;11/01/2020;264000
1552;1552;11/01/2020;37000
1553;1553;11/01/2020;206605
1554;1554;11/01/2020;695238
1555;1555;11/01/2020;144000
1556;1556;11/01/2020;174000
1557;1557;11/01/2020;120680
1558;1558;11/01/2020;135000
1559;1559;11/01/2020;117000
1560;1560;11/01/2020;46270
1561;1561;11/01/2020;109800
1562;1562;11/01/2020;68500
1563;1563;11/01/2020;191500
1564;1564;11/01/2020;147000
1565;1565;11/01/2020;130000
1566;1566;11/01/2020;91500
1567;1567;11/01/2020;170500
1568;1568;12/01/2020;196000
1569;1569;13/01/2020;129400
1570;1570;13/01/2020;114000
1571;1571;13/01/2020;278800
1572;1572;13/01/2020;191500
1573;1573;13/01/2020;140650
1574;1574;13/01/2020;64700
1575;1575;13/01/2020;89500
1576;1576;13/01/2020;48170
1577;1577;13/01/2020;45500
1578;1578;13/01/2020;77500
1579;1579;13/01/2020;117500
1580;1580;13/01/2020;174930
1581;1581;13/01/2020;231700
1582;1582;13/01/2020;48000
1583;1583;13/01/2020;134000
1584;1584;13/01/2020;218600
1585;1585;13/01/2020;380280
1586;1586;13/01/2020;118700
1587;1587;13/01/2020;206000
1588;1588;13/01/2020;126000
1589;1589;13/01/2020;116590
1590;1590;13/01/2020;62919
1591;1591;13/01/2020;242400
1592;1592;13/01/2020;288650
1593;1593;13/01/2020;194000
1594;1594;13/01/2020;229400
1595;1595;13/01/2020;370000
1596;1596;13/01/2020;167000
1597;1597;13/01/2020;144320
1598;1598;13/01/2020;241000
1599;1599;13/01/2020;399500
1600;1600;13/01/2020;111470
1601;1601;13/01/2020;251000
1602;1602;13/01/2020;96500
1603;1603;13/01/2020;150000
1604;1604;13/01/2020;34000
1605;1605;13/01/2020;58550
1606;1606;13/01/2020;151365
1607;1607;13/01/2020;87000
1608;1608;13/01/2020;174200
1609;1609;13/01/2020;157650
1610;1610;13/01/2020;205000
1611;1611;13/01/2020;105060
1612;1612;13/01/2020;23333
1613;1613;13/01/2020;400550
1614;1614;13/01/2020;98000
1615;1615;13/01/2020;316200
1616;1616;13/01/2020;90197
1617;1617;13/01/2020;270500
1618;1618;13/01/2020;217500
1619;1619;13/01/2020;147610
1620;1620;13/01/2020;172000
1621;1621;13/01/2020;288500
1622;1622;13/01/2020;189000
1623;1623;13/01/2020;169000
1624;1624;13/01/2020;85000
1625;1625;13/01/2020;40000
1626;1626;13/01/2020;105970
1627;1627;13/01/2020;59800
1628;1628;13/01/2020;315458
1629;1629;13/01/2020;149500
1630;1630;13/01/2020;158000
1631;1631;13/01/2020;239000
1632;1632;13/01/2020;123000
1633;1633;13/01/2020;61500
1634;1634;13/01/2020;360250
1635;1635;13/01/2020;220000
1636;1636;13/01/2020;123350
1637;1637;13/01/2020;38150
1638;1638;13/01/2020;408200
1639;1639;13/01/2020;42850
1640;1640;13/01/2020;150000
1641;1641;13/01/2020;225000
1642;1642;13/01/2020;205000
1643;1643;13/01/2020;153100
1644;1644;13/01/2020;463000
1645;1645;13/01/2020;306600
1646;1646;13/01/2020;113880
1647;1647;13/01/2020;77000
1648;1648;13/01/2020;144000
1649;1649;13/01/2020;89000
1650;1650;13/01/2020;178000
1651;1651;13/01/2020;157000
1652;1652;13/01/2020;158100
1653;1653;13/01/2020;120500
1654;1654;13/01/2020;64000
1655;1655;13/01/2020;44000
1656;1656;13/01/2020;147830
1657;1657;13/01/2020;159000
1658;1658;13/01/2020;417500
1659;1659;13/01/2020;58000
1660;1660;13/01/2020;190000
1661;1661;13/01/2020;229000
1662;1662;13/01/2020;566950
1663;1663;13/01/2020;82000
1664;1664;13/01/2020;132195
1665;1665;13/01/2020;495250
1666;1666;13/01/2020;115000
1667;1667;13/01/2020;465000
1668;1668;13/01/2020;127350
1669;1669;13/01/2020;246700
1670;1670;13/01/2020;40000
1671;1671;13/01/2020;46000
1672;1672;13/01/2020;55000
1673;1673;13/01/2020;126600
1674;1674;13/01/2020;187000
1675;1675;13/01/2020;186320
1676;1676;13/01/2020;70490
1677;1677;13/01/2020;
1678;1678;13/01/2020;247626
1679;1679;13/01/2020;873000
1680;1680;13/01/2020;1249600
1681;1681;13/01/2020;883520
1682;1682;13/01/2020;590580
1683;1683;13/01/2020;1750750
1684;1684;13/01/2020;321150
1685;1685;13/01/2020;799920
1686;1686;13/01/2020;179000
1687;1687;13/01/2020;174000
1688;1688;13/01/2020;398500
1689;1689;13/01/2020;158000
1690;1690;13/01/2020;642000
1691;1691;13/01/2020;959400
1692;1692;13/01/2020;495000
1693;1693;13/01/2020;246000
1694;1694;13/01/2020;269000
1695;1695;13/01/2020;389616
1696;1696;13/01/2020;485466
1697;1697;13/01/2020;509010
1698;1698;13/01/2020;256000
1699;1699;13/01/2020;562000
1700;1700;13/01/2020;686000
1701;1701;13/01/2020;474190
1702;1702;13/01/2020;256500
1703;1703;13/01/2020;229200
1704;1704;13/01/2020;275500
1705;1705;13/01/2020;574000
1706;1706;13/01/2020;168000
1707;1707;13/01/2020;245300
1708;1708;13/01/2020;91800
1709;1709;13/01/2020;80500
1710;1710;13/01/2020;64000
1711;1711;13/01/2020;285000
1712;1712;13/01/2020;217000
1713;1713;13/01/2020;122000
1714;1714;13/01/2020;85000
1715;1715;13/01/2020;330500
1716;1716;13/01/2020;57000
1717;1717;13/01/2020;91000
1718;1718;13/01/2020;135000
1719;1719;13/01/2020;247000
1720;1720;13/01/2020;128000
1721;1721;13/01/2020;405000
1722;1722;13/01/2020;177000
1723;1723;13/01/2020;274000
1724;1724;13/01/2020;211000
1725;1725;13/01/2020;206750
1726;1726;13/01/2020;77000
1727;1727;13/01/2020;265500
1728;1728;13/01/2020;62000
1729;1729;13/01/2020;46810
1730;1730;13/01/2020;77200
1731;1731;13/01/2020;368000
1732;1732;13/01/2020;270000
1733;1733;13/01/2020;176000
1734;1734;13/01/2020;80000
1735;1735;13/01/2020;350000
1736;1736;13/01/2020;155000
1737;1737;13/01/2020;245000
1738;1738;13/01/2020;242900
1739;1739;13/01/2020;288000
1740;1740;13/01/2020;127200
1741;1741;13/01/2020;35460
1742;1742;13/01/2020;135000
1743;1743;13/01/2020;77000
1744;1744;13/01/2020;148000
1745;1745;13/01/2020;62900
1746;1746;13/01/2020;49800
1747;1747;13/01/2020;39000
1748;1748;13/01/2020;61100
1749;1749;13/01/2020;251500
1750;1750;13/01/2020;79000
1751;1751;13/01/2020;385790
1752;1752;13/01/2020;305500
1753;1753;13/01/2020;177000
1754;1754;13/01/2020;170000
1755;1755;13/01/2020;220000
1756;1756;13/01/2020;546720
1757;1757;13/01/2020;149500
1758;1758;13/01/2020;363700
1759;1759;13/01/2020;336000
1760;1760;13/01/2020;505000
1761;1761;13/01/2020;301485
1762;1762;13/01/2020;315000
1763;1763;13/01/2020;235500
1764;1764;13/01/2020;178820
1765;1765;13/01/2020;797400
1766;1766;13/01/2020;435800
1767;1767;13/01/2020;949000
1768;1768;13/01/2020;266000
1769;1769;13/01/2020;390135
1770;1770;13/01/2020;942500
1771;1771;13/01/2020;184600
1772;1772;13/01/2020;367915
1773;1773;13/01/2020;184000
1774;1774;13/01/2020;185000
1775;1775;13/01/2020;540000
1776;1776;13/01/2020;195000
1777;1777;13/01/2020;272829
1778;1778;13/01/2020;709220
1779;1779;13/01/2020;255000
1780;1780;13/01/2020;255000
1781;1781;13/01/2020;220000
1782;1782;13/01/2020;218000
1783;1783;13/01/2020;235000
1784;1784;13/01/2020;213000
1785;1785;13/01/2020;316000
1786;1786;13/01/2020;322500
1787;1787;13/01/2020;195440
1788;1788;13/01/2020;223000
1789;1789;13/01/2020;819000
1790;1790;13/01/2020;223600
1791;1791;13/01/2020;151000
1792;1792;13/01/2020;112000
1793;1793;13/01/2020;148000
1794;1794;13/01/2020;109250
1795;1795;13/01/2020;247000
1796;1796;13/01/2020;315000
1797;1797;13/01/2020;489400
1798;1798;13/01/2020;867000
1799;1799;13/01/2020;350000
1800;1800;13/01/2020;1006000
1801;1801;13/01/2020;296500
1802;1802;13/01/2020;595000
1803;1803;13/01/2020;895000
1804;1804;13/01/2020;185000
1805;1805;13/01/2020;115000
1806;1806;13/01/2020;111000
1807;1807;13/01/2020;189000
1808;1808;13/01/2020;185000
1809;1809;13/01/2020;90000
1810;1810;13/01/2020;101000
1811;1811;13/01/2020;435000
1812;1812;13/01/2020;158350
1813;1813;13/01/2020;235000
1814;1814;13/01/2020;276750
1815;1815;13/01/2020;191000
1816;1816;13/01/2020;144758
1817;1817;13/01/2020;85000
1818;1818;14/01/2020;106000
1819;1819;14/01/2020;128690
1820;1820;14/01/2020;245000
1821;1821;14/01/2020;193000
1822;1822;14/01/2020;73000
1823;1823;14/01/2020;750000
1824;1824;14/01/2020;167500
1825;1825;14/01/2020;153000
1826;1826;14/01/2020;515000
1827;1827;14/01/2020;652000
1828;1828;14/01/2020;413826
1829;1829;14/01/2020;195500
1830;1830;14/01/2020;82000
1831;1831;14/01/2020;242000
1832;1832;14/01/2020;161000
1833;1833;14/01/2020;70000
1834;1834;14/01/2020;46500
1835;1835;14/01/2020;148000
1836;1836;14/01/2020;150000
1837;1837;14/01/2020;109300
1838;1838;14/01/2020;107000
1839;1839;14/01/2020;165000
1840;1840;14/01/2020;98500
1841;1841;14/01/2020;218500
1842;1842;14/01/2020;340000
1843;1843;14/01/2020;28000
1844;1844;14/01/2020;71000
1845;1845;14/01/2020;370000
1846;1846;14/01/2020;303100
1847;1847;14/01/2020;143000
1848;1848;14/01/2020;114141
1849;1849;14/01/2020;197000
1850;1850;14/01/2020;52300
1851;1851;14/01/2020;171000
1852;1852;14/01/2020;155000
1853;1853;14/01/2020;72000
1854;1854;14/01/2020;83000
1855;1855;14/01/2020;103708
1856;1856;14/01/2020;138000
1857;1857;14/01/2020;176785
1858;1858;14/01/2020;146570
1859;1859;14/01/2020;241000
1860;1860;14/01/2020;134500
1861;1861;14/01/2020;191000
1862;1862;14/01/2020;174900
1863;1863;14/01/2020;53598
1864;1864;14/01/2020;1390000
1865;1865;14/01/2020;186600
1866;1866;14/01/2020;123448
1867;1867;14/01/2020;39500
1868;1868;14/01/2020;48300
1869;1869;14/01/2020;59000
1870;1870;14/01/2020;105000
1871;1871;14/01/2020;340950
1872;1872;14/01/2020;65160
1873;1873;14/01/2020;48162
1874;1874;14/01/2020;319000
1875;1875;14/01/2020;96100
1876;1876;14/01/2020;235000
1877;1877;14/01/2020;171000
1878;1878;14/01/2020;55500
1879;1879;14/01/2020;219000
1880;1880;14/01/2020;60000
1881;1881;14/01/2020;97700
1882;1882;14/01/2020;37330
1883;1883;14/01/2020;149900
1884;1884;14/01/2020;231480
1885;1885;14/01/2020;68500
1886;1886;14/01/2020;58000
1887;1887;14/01/2020;213500
1888;1888;14/01/2020;407000
1889;1889;14/01/2020;107000
1890;1890;14/01/2020;106425
1891;1891;14/01/2020;145000
1892;1892;14/01/2020;68000
1893;1893;14/01/2020;69880
1894;1894;14/01/2020;168000
1895;1895;14/01/2020;81500
1896;1896;14/01/2020;68500
1897;1897;14/01/2020;333000
1898;1898;14/01/2020;52000
1899;1899;14/01/2020;47000
1900;1900;14/01/2020;95000
1901;1901;14/01/2020;226500
1902;1902;14/01/2020;40000
1903;1903;14/01/2020;133100
1904;1904;14/01/2020;210243
1905;1905;14/01/2020;128000
1906;1906;14/01/2020;106500
1907;1907;14/01/2020;54500
1908;1908;14/01/2020;258900
1909;1909;14/01/2020;285000
1910;1910;14/01/2020;138000
1911;1911;14/01/2020;237500
1912;1912;14/01/2020;76036
1913;1913;14/01/2020;110000
1914;1914;14/01/2020;283700
1915;1915;14/01/2020;243000
1916;1916;14/01/2020;68000
1917;1917;14/01/2020;171000
1918;1918;14/01/2020;313800
1919;1919;14/01/2020;90000
1920;1920;14/01/2020;47826
1921;1921;14/01/2020;106000
1922;1922;14/01/2020;60000
1923;1923;14/01/2020;235622
1924;1924;14/01/2020;7050000
1925;1925;14/01/2020;1475000
1926;1926;14/01/2020;2300000
1927;1927;14/01/2020;342000
1928;1928;14/01/2020;1254800
1929;1929;14/01/2020;870630
1930;1930;14/01/2020;266000
1931;1931;14/01/2020;319000
1932;1932;14/01/2020;305000
1933;1933;14/01/2020;113000
1934;1934;14/01/2020;882000
1935;1935;14/01/2020;268804
1936;1936;14/01/2020;182000
1937;1937;14/01/2020;271950
1938;1938;14/01/2020;122000
1939;1939;14/01/2020;202100
1940;1940;14/01/2020;210000
1941;1941;14/01/2020;128000
1942;1942;14/01/2020;364650
1943;1943;14/01/2020;353760
1944;1944;14/01/2020;826000
1945;1945;14/01/2020;164000
1946;1946;14/01/2020;423000
1947;1947;14/01/2020;459077
1948;1948;14/01/2020;876300
1949;1949;14/01/2020;175000
1950;1950;14/01/2020;351400
1951;1951;14/01/2020;456550
1952;1952;14/01/2020;448500
1953;1953;14/01/2020;502492
1954;1954;14/01/2020;510700
1955;1955;14/01/2020;3861000
1956;1956;14/01/2020;516222
1957;1957;14/01/2020;470850
1958;1958;14/01/2020;157239
1959;1959;14/01/2020;245000
1960;1960;14/01/2020;449355
1961;1961;14/01/2020;333654
1962;1962;14/01/2020;356600
1963;1963;14/01/2020;94000
1964;1964;14/01/2020;168500
1965;1965;14/01/2020;293500
1966;1966;14/01/2020;157000
1967;1967;14/01/2020;97000
1968;1968;14/01/2020;93810
1969;1969;14/01/2020;766600
1970;1970;14/01/2020;429855
1971;1971;14/01/2020;181050
1972;1972;14/01/2020;182000
1973;1973;14/01/2020;296000
1974;1974;14/01/2020;202000
1975;1975;14/01/2020;95000
1976;1976;14/01/2020;80000
1977;1977;14/01/2020;338000
1978;1978;14/01/2020;61850
1979;1979;14/01/2020;125142
1980;1980;14/01/2020;197000
1981;1981;14/01/2020;82000
1982;1982;14/01/2020;211000
1983;1983;14/01/2020;281000
1984;1984;14/01/2020;129500
1985;1985;14/01/2020;144500
1986;1986;14/01/2020;157000
1987;1987;14/01/2020;79900
1988;1988;14/01/2020;60000
1989;1989;14/01/2020;101000
1990;1990;14/01/2020;158000
1991;1991;14/01/2020;151000
1992;1992;14/01/2020;139700
1993;1993;14/01/2020;358000
1994;1994;14/01/2020;282500
1995;1995;14/01/2020;404500
1996;1996;14/01/2020;240000
1997;1997;14/01/2020;289845
1998;1998;14/01/2020;422200
1999;1999;14/01/2020;229500
2000;2000;14/01/2020;40500
2001;2001;14/01/2020;169000
2002;2002;14/01/2020;570000
2003;2003;14/01/2020;415250
2004;2004;14/01/2020;166000
2005;2005;14/01/2020;105000
2006;2006;14/01/2020;544400
2007;2007;14/01/2020;292730
2008;2008;14/01/2020;160000
2009;2009;14/01/2020;1069750
2010;2010;14/01/2020;566000
2011;2011;14/01/2020;375000
2012;2012;14/01/2020;245000
2013;2013;14/01/2020;317500
2014;2014;14/01/2020;175000
2015;2015;14/01/2020;470700
2016;2016;14/01/2020;337500
2017;2017;14/01/2020;1205650
2018;2018;14/01/2020;65796
2019;2019;14/01/2020;313650
2020;2020;14/01/2020;80000
2021;2021;14/01/2020;137500
2022;2022;14/01/2020;122000
2023;2023;14/01/2020;405000
2024;2024;14/01/2020;231000
2025;2025;14/01/2020;236000
2026;2026;14/01/2020;590000
2027;2027;14/01/2020;104500
2028;2028;14/01/2020;125000
2029;2029;14/01/2020;100000
2030;2030;14/01/2020;174300
2031;2031;14/01/2020;173000
2032;2032;14/01/2020;203000
2033;2033;14/01/2020;191200
2034;2034;14/01/2020;383000
2035;2035;14/01/2020;203500
2036;2036;14/01/2020;100000
2037;2037;14/01/2020;299000
2038;2038;14/01/2020;114500
2039;2039;14/01/2020;125000
2040;2040;15/01/2020;160000
2041;2041;15/01/2020;66000
2042;2042;15/01/2020;370000
2043;2043;15/01/2020;74169
2044;2044;15/01/2020;42000
2045;2045;15/01/2020;291000
2046;2046;15/01/2020;1350000
2047;2047;15/01/2020;535000
2048;2048;15/01/2020;205000
2049;2049;15/01/2020;250700
2050;2050;15/01/2020;143000
2051;2051;15/01/2020;135000
2052;2052;15/01/2020;144400
2053;2053;15/01/2020;112070
2054;2054;15/01/2020;183750
2055;2055;15/01/2020;99000
2056;2056;15/01/2020;185000
2057;2057;15/01/2020;117000
2058;2058;15/01/2020;195000
2059;2059;15/01/2020;67200
2060;2060;15/01/2020;209000
2061;2061;15/01/2020;364000
2062;2062;15/01/2020;168000
2063;2063;15/01/2020;85000
2064;2064;15/01/2020;80500
2065;2065;15/01/2020;70000
2066;2066;15/01/2020;97000
2067;2067;15/01/2020;67080
2068;2068;15/01/2020;76810
2069;2069;15/01/2020;145000
2070;2070;15/01/2020;189000
2071;2071;15/01/2020;293790
2072;2072;15/01/2020;110000
2073;2073;15/01/2020;90500
2074;2074;15/01/2020;194500
2075;2075;15/01/2020;173300
2076;2076;15/01/2020;255000
2077;2077;15/01/2020;177500
2078;2078;15/01/2020;143970
2079;2079;15/01/2020;281600
2080;2080;15/01/2020;86000
2081;2081;15/01/2020;62000
2082;2082;15/01/2020;91000
2083;2083;15/01/2020;165000
2084;2084;15/01/2020;13000
2085;2085;15/01/2020;67850
2086;2086;15/01/2020;81200
2087;2087;15/01/2020;135800
2088;2088;15/01/2020;45610
2089;2089;15/01/2020;58000
2090;2090;15/01/2020;127200
2091;2091;15/01/2020;38000
2092;2092;15/01/2020;97125
2093;2093;15/01/2020;268625
2094;2094;15/01/2020;558410
2095;2095;15/01/2020;220300
2096;2096;15/01/2020;50000
2097;2097;15/01/2020;159262
2098;2098;15/01/2020;262830
2099;2099;15/01/2020;154670
2100;2100;15/01/2020;162000
2101;2101;15/01/2020;208750
2102;2102;15/01/2020;116800
2103;2103;15/01/2020;303600
2104;2104;15/01/2020;233500
2105;2105;15/01/2020;219200
2106;2106;15/01/2020;170000
2107;2107;15/01/2020;65500
2108;2108;15/01/2020;115000
2109;2109;15/01/2020;550000
2110;2110;15/01/2020;90810
2111;2111;15/01/2020;153130
2112;2112;15/01/2020;150000
2113;2113;15/01/2020;66500
2114;2114;15/01/2020;98000
2115;2115;15/01/2020;162000
2116;2116;15/01/2020;79200
2117;2117;15/01/2020;195000
2118;2118;15/01/2020;62000
2119;2119;15/01/2020;178000
2120;2120;15/01/2020;160000
2121;2121;15/01/2020;28500
2122;2122;15/01/2020;95645
2123;2123;15/01/2020;86744
2124;2124;15/01/2020;80000
2125;2125;15/01/2020;132608
2126;2126;15/01/2020;123000
2127;2127;15/01/2020;52010
2128;2128;15/01/2020;153000
2129;2129;15/01/2020;65000
2130;2130;15/01/2020;122500
2131;2131;15/01/2020;79500
2132;2132;15/01/2020;77000
2133;2133;15/01/2020;201000
2134;2134;15/01/2020;564000
2135;2135;15/01/2020;156000
2136;2136;15/01/2020;124000
2137;2137;15/01/2020;84000
2138;2138;15/01/2020;55000
2139;2139;15/01/2020;43000
2140;2140;15/01/2020;49000
2141;2141;15/01/2020;84000
2142;2142;15/01/2020;60800
2143;2143;15/01/2020;209700
2144;2144;15/01/2020;74000
2145;2145;15/01/2020;106600
2146;2146;15/01/2020;120250
2147;2147;15/01/2020;97000
2148;2148;15/01/2020;163000
2149;2149;15/01/2020;196000
2150;2150;15/01/2020;203000
2151;2151;15/01/2020;178500
2152;2152;15/01/2020;155900
2153;2153;15/01/2020;273372
2154;2154;15/01/2020;181800
2155;2155;15/01/2020;173500
2156;2156;15/01/2020;134000
2157;2157;15/01/2020;253000
2158;2158;15/01/2020;159000
2159;2159;15/01/2020;75000
2160;2160;15/01/2020;68000
2161;2161;15/01/2020;369000
2162;2162;15/01/2020;30000
2163;2163;15/01/2020;224000
2164;2164;15/01/2020;294830
2165;2165;15/01/2020;150550
2166;2166;15/01/2020;149550
2167;2167;15/01/2020;239600
2168;2168;15/01/2020;461500
2169;2169;15/01/2020;457825
2170;2170;15/01/2020;259400
2171;2171;15/01/2020;99000
2172;2172;15/01/2020;24500
2173;2173;15/01/2020;171000
2174;2174;15/01/2020;190600
2175;2175;15/01/2020;96000
2176;2176;15/01/2020;683780
2177;2177;15/01/2020;445000
2178;2178;15/01/2020;915000
2179;2179;15/01/2020;1350000
2180;2180;15/01/2020;398400
2181;2181;15/01/2020;710000
2182;2182;15/01/2020;560500
2183;2183;15/01/2020;855400
2184;2184;15/01/2020;2706250
2185;2185;15/01/2020;779637
2186;2186;15/01/2020;446000
2187;2187;15/01/2020;124540
2188;2188;15/01/2020;629200
2189;2189;15/01/2020;218000
2190;2190;15/01/2020;828000
2191;2191;15/01/2020;78000
2192;2192;15/01/2020;257143
2193;2193;15/01/2020;237000
2194;2194;15/01/2020;159000
2195;2195;15/01/2020;330731
2196;2196;15/01/2020;1580000
2197;2197;15/01/2020;3245154
2198;2198;15/01/2020;2240650
2199;2199;15/01/2020;3950000
2200;2200;15/01/2020;1324850
2201;2201;15/01/2020;262890
2202;2202;15/01/2020;1292850
2203;2203;15/01/2020;452500
2204;2204;15/01/2020;608000
2205;2205;15/01/2020;326500
2206;2206;15/01/2020;227000
2207;2207;15/01/2020;251000
2208;2208;15/01/2020;284000
2209;2209;15/01/2020;612480
2210;2210;15/01/2020;409150
2211;2211;15/01/2020;128500
2212;2212;15/01/2020;74500
2213;2213;15/01/2020;530000
2214;2214;15/01/2020;238800
2215;2215;15/01/2020;147000
2216;2216;15/01/2020;172000
2217;2217;15/01/2020;290550
2218;2218;15/01/2020;146450
2219;2219;15/01/2020;112500
2220;2220;15/01/2020;131500
2221;2221;15/01/2020;51500
2222;2222;15/01/2020;164000
2223;2223;15/01/2020;115500
2224;2224;15/01/2020;137200
2225;2225;15/01/2020;152000
2226;2226;15/01/2020;172000
2227;2227;15/01/2020;255000
2228;2228;15/01/2020;173000
2229;2229;15/01/2020;126000
2230;2230;15/01/2020;154500
2231;2231;15/01/2020;225000
2232;2232;15/01/2020;260000
2233;2233;15/01/2020;303400
2234;2234;15/01/2020;216500
2235;2235;15/01/2020;251159
2236;2236;15/01/2020;205000
2237;2237;15/01/2020;316178
2238;2238;15/01/2020;336000
2239;2239;15/01/2020;56990
2240;2240;15/01/2020;239000
2241;2241;15/01/2020;85000
2242;2242;15/01/2020;125000
2243;2243;15/01/2020;157000
2244;2244;15/01/2020;309000
2245;2245;15/01/2020;44500
2246;2246;15/01/2020;73400
2247;2247;15/01/2020;228300
2248;2248;15/01/2020;103500
2249;2249;15/01/2020;59000
2250;2250;15/01/2020;263500
2251;2251;15/01/2020;133000
2252;2252;15/01/2020;185000
2253;2253;15/01/2020;259000
2254;2254;15/01/2020;150010
2255;2255;15/01/2020;91000
2256;2256;15/01/2020;316600
2257;2257;15/01/2020;154600
2258;2258;15/01/2020;450000
2259;2259;15/01/2020;201400
2260;2260;15/01/2020;128500
2261;2261;15/01/2020;180000
2262;2262;15/01/2020;1270000
2263;2263;15/01/2020;767200
2264;2264;15/01/2020;241100
2265;2265;15/01/2020;179000
2266;2266;15/01/2020;163000
2267;2267;15/01/2020;697550
2268;2268;15/01/2020;1550000
2269;2269;15/01/2020;171000
2270;2270;15/01/2020;143000
2271;2271;15/01/2020;280000
2272;2272;15/01/2020;174000
2273;2273;15/01/2020;206100
2274;2274;15/01/2020;180000
2275;2275;15/01/2020;318380
2276;2276;15/01/2020;590000
2277;2277;15/01/2020;355250
2278;2278;15/01/2020;195000
2279;2279;15/01/2020;390000
2280;2280;15/01/2020;280000
2281;2281;15/01/2020;360100
2282;2282;15/01/2020;351008
2283;2283;15/01/2020;159300
2284;2284;15/01/2020;83320
2285;2285;15/01/2020;113812
2286;2286;15/01/2020;188700
2287;2287;15/01/2020;130000
2288;2288;15/01/2020;115000
2289;2289;15/01/2020;285000
2290;2290;15/01/2020;219700
2291;2291;15/01/2020;585000
2292;2292;15/01/2020;359000
2293;2293;15/01/2020;152163
2294;2294;15/01/2020;374525
2295;2295;15/01/2020;179000
2296;2296;15/01/2020;336640
2297;2297;15/01/2020;128000
2298;2298;15/01/2020;245000
2299;2299;15/01/2020;245500
2300;2300;15/01/2020;86000
2301;2301;15/01/2020;331000
2302;2302;15/01/2020;408600
2303;2303;15/01/2020;360000
2304;2304;15/01/2020;163000
2305;2305;15/01/2020;241425
2306;2306;15/01/2020;169650
2307;2307;15/01/2020;255000
2308;2308;15/01/2020;325000
2309;2309;15/01/2020;155000
2310;2310;15/01/2020;335000
2311;2311;15/01/2020;500290
2312;2312;15/01/2020;510000
2313;2313;15/01/2020;56000
2314;2314;15/01/2020;57000
2315;2315;15/01/2020;230000
2316;2316;15/01/2020;159000
2317;2317;15/01/2020;263200
2318;2318;15/01/2020;78210
2319;2319;16/01/2020;131376
2320;2320;16/01/2020;563130
2321;2321;16/01/2020;150200
2322;2322;16/01/2020;330000
2323;2323;16/01/2020;107500
2324;2324;16/01/2020;87000
2325;2325;16/01/2020;106000
2326;2326;16/01/2020;300000
2327;2327;16/01/2020;310000
2328;2328;16/01/2020;41080
2329;2329;16/01/2020;312000
2330;2330;16/01/2020;172000
2331;2331;16/01/2020;220000
2332;2332;16/01/2020;161100
2333;2333;16/01/2020;294000
2334;2334;16/01/2020;175000
2335;2335;16/01/2020;171700
2336;2336;16/01/2020;635000
2337;2337;16/01/2020;117500
2338;2338;16/01/2020;127000
2339;2339;16/01/2020;467000
2340;2340;16/01/2020;133000
2341;2341;16/01/2020;76000
2342;2342;16/01/2020;182466
2343;2343;16/01/2020;104000
2344;2344;16/01/2020;280000
2345;2345;16/01/2020;147250
2346;2346;16/01/2020;178000
2347;2347;16/01/2020;253000
2348;2348;16/01/2020;217000
2349;2349;16/01/2020;114400
2350;2350;16/01/2020;122000
2351;2351;16/01/2020;139000
2352;2352;16/01/2020;183000
2353;2353;16/01/2020;355000
2354;2354;16/01/2020;249650
2355;2355;16/01/2020;700000
2356;2356;16/01/2020;65550
2357;2357;16/01/2020;134500
2358;2358;16/01/2020;47500
2359;2359;16/01/2020;109000
2360;2360;16/01/2020;107000
2361;2361;16/01/2020;139800
2362;2362;16/01/2020;55000
2363;2363;16/01/2020;91000
2364;2364;16/01/2020;49500
2365;2365;16/01/2020;97000
2366;2366;16/01/2020;95000
2367;2367;16/01/2020;66000
2368;2368;16/01/2020;241599
2369;2369;16/01/2020;422980
2370;2370;16/01/2020;193000
2371;2371;16/01/2020;107500
2372;2372;16/01/2020;92000
2373;2373;16/01/2020;103400
2374;2374;16/01/2020;176000
2375;2375;16/01/2020;231000
2376;2376;16/01/2020;131788
2377;2377;16/01/2020;176000
2378;2378;16/01/2020;133600
2379;2379;16/01/2020;134000
2380;2380;16/01/2020;145650
2381;2381;16/01/2020;45000
2382;2382;16/01/2020;210100
2383;2383;16/01/2020;306500
2384;2384;16/01/2020;52500
2385;2385;16/01/2020;372000
2386;2386;16/01/2020;376000
2387;2387;16/01/2020;247000
2388;2388;16/01/2020;105050
2389;2389;16/01/2020;144100
2390;2390;16/01/2020;380860
2391;2391;16/01/2020;40000
2392;2392;16/01/2020;156100
2393;2393;16/01/2020;162000
2394;2394;16/01/2020;147000
2395;2395;16/01/2020;85000
2396;2396;16/01/2020;106767
2397;2397;16/01/2020;129700
2398;2398;16/01/2020;175500
2399;2399;16/01/2020;92000
2400;2400;16/01/2020;221160
2401;2401;16/01/2020;131000
2402;2402;16/01/2020;72500
2403;2403;16/01/2020;50000
2404;2404;16/01/2020;56500
2405;2405;16/01/2020;9000
2406;2406;16/01/2020;106600
2407;2407;16/01/2020;76000
2408;2408;16/01/2020;110970
2409;2409;16/01/2020;465500
2410;2410;16/01/2020;43000
2411;2411;16/01/2020;53000
2412;2412;16/01/2020;122740
2413;2413;16/01/2020;61000
2414;2414;16/01/2020;25000
2415;2415;16/01/2020;63000
2416;2416;16/01/2020;51000
2417;2417;16/01/2020;199500
2418;2418;16/01/2020;165000
2419;2419;16/01/2020;42520
2420;2420;16/01/2020;279200
2421;2421;16/01/2020;98000
2422;2422;16/01/2020;529550
2423;2423;16/01/2020;235600
2424;2424;16/01/2020;25500
2425;2425;16/01/2020;244000
2426;2426;16/01/2020;400000
2427;2427;16/01/2020;219000
2428;2428;16/01/2020;210000
2429;2429;16/01/2020;37890
2430;2430;16/01/2020;70000
2431;2431;16/01/2020;44000
2432;2432;16/01/2020;241580
2433;2433;16/01/2020;167615
2434;2434;16/01/2020;240300
2435;2435;16/01/2020;132500
2436;2436;16/01/2020;63800
2437;2437;16/01/2020;200000
2438;2438;16/01/2020;317000
2439;2439;16/01/2020;129900
2440;2440;16/01/2020;435000
2441;2441;16/01/2020;1222000
2442;2442;16/01/2020;536000
2443;2443;16/01/2020;519000
2444;2444;16/01/2020;200000
2445;2445;16/01/2020;1950000
2446;2446;16/01/2020;605000
2447;2447;16/01/2020;307000
2448;2448;16/01/2020;402000
2449;2449;16/01/2020;375250
2450;2450;16/01/2020;188000
2451;2451;16/01/2020;548077
2452;2452;16/01/2020;326000
2453;2453;16/01/2020;407000
2454;2454;16/01/2020;444000
2455;2455;16/01/2020;249360
2456;2456;16/01/2020;515250
2457;2457;16/01/2020;452000
2458;2458;16/01/2020;214025
2459;2459;16/01/2020;285750
2460;2460;16/01/2020;180500
2461;2461;16/01/2020;807750
2462;2462;16/01/2020;1174943
2463;2463;16/01/2020;657500
2464;2464;16/01/2020;2110000
2465;2465;16/01/2020;2972750
2466;2466;16/01/2020;499000
2467;2467;16/01/2020;369000
2468;2468;16/01/2020;176000
2469;2469;16/01/2020;362100
2470;2470;16/01/2020;695000
2471;2471;16/01/2020;92049
2472;2472;16/01/2020;405140
2473;2473;16/01/2020;264500
2474;2474;16/01/2020;58500
2475;2475;16/01/2020;16000
2476;2476;16/01/2020;244320
2477;2477;16/01/2020;186600
2478;2478;16/01/2020;178000
2479;2479;16/01/2020;276000
2480;2480;16/01/2020;185000
2481;2481;16/01/2020;228000
2482;2482;16/01/2020;180000
2483;2483;16/01/2020;74000
2484;2484;16/01/2020;169000
2485;2485;16/01/2020;172990
2486;2486;16/01/2020;119000
2487;2487;16/01/2020;136500
2488;2488;16/01/2020;120000
2489;2489;16/01/2020;232800
2490;2490;16/01/2020;162000
2491;2491;16/01/2020;157000
2492;2492;16/01/2020;155000
2493;2493;16/01/2020;115000
2494;2494;16/01/2020;312500
2495;2495;16/01/2020;164200
2496;2496;16/01/2020;126600
2497;2497;16/01/2020;152345
2498;2498;16/01/2020;158550
2499;2499;16/01/2020;330000
2500;2500;16/01/2020;264000
2501;2501;16/01/2020;328590
2502;2502;16/01/2020;315000
2503;2503;16/01/2020;426000
2504;2504;16/01/2020;61600
2505;2505;16/01/2020;142641
2506;2506;16/01/2020;62000
2507;2507;16/01/2020;49000
2508;2508;16/01/2020;64000
2509;2509;16/01/2020;53000
2510;2510;16/01/2020;40000
2511;2511;16/01/2020;91000
2512;2512;16/01/2020;202000
2513;2513;16/01/2020;63500
2514;2514;16/01/2020;322950
2515;2515;16/01/2020;354000
2516;2516;16/01/2020;143500
2517;2517;16/01/2020;40000
2518;2518;16/01/2020;59900
2519;2519;16/01/2020;89000
2520;2520;16/01/2020;112000
2521;2521;16/01/2020;115000
2522;2522;16/01/2020;61300
2523;2523;16/01/2020;115000
2524;2524;16/01/2020;113530
2525;2525;16/01/2020;53500
2526;2526;16/01/2020;227000
2527;2527;16/01/2020;230000
2528;2528;16/01/2020;166000
2529;2529;16/01/2020;128000
2530;2530;16/01/2020;163500
2531;2531;16/01/2020;249000
2532;2532;16/01/2020;327400
2533;2533;16/01/2020;169000
2534;2534;16/01/2020;133000
2535;2535;16/01/2020;249350
2536;2536;16/01/2020;223000
2537;2537;16/01/2020;214000
2538;2538;16/01/2020;185000
2539;2539;16/01/2020;125000
2540;2540;16/01/2020;195000
2541;2541;16/01/2020;307000
2542;2542;16/01/2020;327000
2543;2543;16/01/2020;2137950
2544;2544;16/01/2020;305000
2545;2545;16/01/2020;376812
2546;2546;16/01/2020;220000
2547;2547;16/01/2020;444423
2548;2548;16/01/2020;369110
2549;2549;16/01/2020;206000
2550;2550;16/01/2020;384836
2551;2551;16/01/2020;132000
2552;2552;16/01/2020;548000
2553;2553;16/01/2020;264750
2554;2554;16/01/2020;427500
2555;2555;16/01/2020;334910
2556;2556;16/01/2020;918420
2557;2557;16/01/2020;220000
2558;2558;16/01/2020;375000
2559;2559;16/01/2020;245000
2560;2560;16/01/2020;133000
2561;2561;16/01/2020;188000
2562;2562;16/01/2020;77000
2563;2563;16/01/2020;244250
2564;2564;16/01/2020;205000
2565;2565;16/01/2020;217000
2566;2566;16/01/2020;284000
2567;2567;16/01/2020;125000
2568;2568;16/01/2020;70000
2569;2569;16/01/2020;111500
2570;2570;16/01/2020;85000
2571;2571;16/01/2020;120000
2572;2572;16/01/2020;369500
2573;2573;16/01/2020;225000
2574;2574;16/01/2020;875000
2575;2575;16/01/2020;103000
2576;2576;16/01/2020;368000
2577;2577;16/01/2020;182585
2578;2578;16/01/2020;92000
2579;2579;16/01/2020;195000
2580;2580;16/01/2020;82000
2581;2581;16/01/2020;160000
2582;2582;16/01/2020;339000
2583;2583;16/01/2020;247000
2584;2584;16/01/2020;165000
2585;2585;16/01/2020;147000
2586;2586;16/01/2020;233600
2587;2587;16/01/2020;339000
2588;2588;16/01/2020;144000
2589;2589;17/01/2020;535000
2590;2590;17/01/2020;40000
2591;2591;17/01/2020;198000
2592;2592;17/01/2020;175000
2593;2593;17/01/2020;124000
2594;2594;17/01/2020;126105
2595;2595;17/01/2020;347100
2596;2596;17/01/2020;593800
2597;2597;17/01/2020;1320000
2598;2598;17/01/2020;483314
2599;2599;17/01/2020;767000
2600;2600;17/01/2020;116260
2601;2601;17/01/2020;435000
2602;2602;17/01/2020;111755
2603;2603;17/01/2020;260000
2604;2604;17/01/2020;73000
2605;2605;17/01/2020;154000
2606;2606;17/01/2020;28000
2607;2607;17/01/2020;362500
2608;2608;17/01/2020;142500
2609;2609;17/01/2020;42000
2610;2610;17/01/2020;125000
2611;2611;17/01/2020;113700
2612;2612;17/01/2020;230000
2613;2613;17/01/2020;268000
2614;2614;17/01/2020;552700
2615;2615;17/01/2020;52000
2616;2616;17/01/2020;71800
2617;2617;17/01/2020;150408
2618;2618;17/01/2020;227000
2619;2619;17/01/2020;112000
2620;2620;17/01/2020;198000
2621;2621;17/01/2020;111800
2622;2622;17/01/2020;44700
2623;2623;17/01/2020;38600
2624;2624;17/01/2020;99000
2625;2625;17/01/2020;38000
2626;2626;17/01/2020;101000
2627;2627;17/01/2020;105000
2628;2628;17/01/2020;143500
2629;2629;17/01/2020;263906
2630;2630;17/01/2020;176600
2631;2631;17/01/2020;69740
2632;2632;17/01/2020;1000000
2633;2633;17/01/2020;79820
2634;2634;17/01/2020;154500
2635;2635;17/01/2020;242500
2636;2636;17/01/2020;240000
2637;2637;17/01/2020;55500
2638;2638;17/01/2020;188100
2639;2639;17/01/2020;275500
2640;2640;17/01/2020;642500
2641;2641;17/01/2020;71000
2642;2642;17/01/2020;133000
2643;2643;17/01/2020;374000
2644;2644;17/01/2020;188000
2645;2645;17/01/2020;356922
2646;2646;17/01/2020;200780
2647;2647;17/01/2020;144000
2648;2648;17/01/2020;117000
2649;2649;17/01/2020;800000
2650;2650;17/01/2020;219000
2651;2651;17/01/2020;106000
2652;2652;17/01/2020;123000
2653;2653;17/01/2020;371000
2654;2654;17/01/2020;44500
2655;2655;17/01/2020;105700
2656;2656;17/01/2020;172193
2657;2657;17/01/2020;83750
2658;2658;17/01/2020;130905
2659;2659;17/01/2020;152000
2660;2660;17/01/2020;127900
2661;2661;17/01/2020;161000
2662;2662;17/01/2020;84900
2663;2663;17/01/2020;134000
2664;2664;17/01/2020;92000
2665;2665;17/01/2020;73200
2666;2666;17/01/2020;151200
2667;2667;17/01/2020;114200
2668;2668;17/01/2020;155350
2669;2669;17/01/2020;82500
2670;2670;17/01/2020;200700
2671;2671;17/01/2020;202550
2672;2672;17/01/2020;153000
2673;2673;17/01/2020;93500
2674;2674;17/01/2020;145000
2675;2675;17/01/2020;195800
2676;2676;17/01/2020;48500
2677;2677;17/01/2020;209500
2678;2678;17/01/2020;125500
2679;2679;17/01/2020;59000
2680;2680;17/01/2020;81320
2681;2681;17/01/2020;65000
2682;2682;17/01/2020;237000
2683;2683;17/01/2020;180000
2684;2684;17/01/2020;75000
2685;2685;17/01/2020;145000
2686;2686;17/01/2020;101105
2687;2687;17/01/2020;35000
2688;2688;17/01/2020;50500
2689;2689;17/01/2020;106800
2690;2690;17/01/2020;75500
2691;2691;17/01/2020;47000
2692;2692;17/01/2020;55000
2693;2693;17/01/2020;137000
2694;2694;17/01/2020;118500
2695;2695;17/01/2020;125000
2696;2696;17/01/2020;66300
2697;2697;17/01/2020;143000
2698;2698;17/01/2020;55500
2699;2699;17/01/2020;128000
2700;2700;17/01/2020;70500
2701;2701;17/01/2020;185000
2702;2702;17/01/2020;68000
2703;2703;17/01/2020;45000
2704;2704;17/01/2020;180000
2705;2705;17/01/2020;117500
2706;2706;17/01/2020;210000
2707;2707;17/01/2020;13000
2708;2708;17/01/2020;43500
2709;2709;17/01/2020;123000
2710;2710;17/01/2020;168000
2711;2711;17/01/2020;146000
2712;2712;17/01/2020;73000
2713;2713;17/01/2020;44220
2714;2714;17/01/2020;96000
2715;2715;17/01/2020;67600
2716;2716;17/01/2020;72000
2717;2717;17/01/2020;101000
2718;2718;17/01/2020;74000
2719;2719;17/01/2020;550000
2720;2720;17/01/2020;440000
2721;2721;17/01/2020;174930
2722;2722;17/01/2020;186600
2723;2723;17/01/2020;135000
2724;2724;17/01/2020;229000
2725;2725;17/01/2020;275150
2726;2726;17/01/2020;137900
2727;2727;17/01/2020;257250
2728;2728;17/01/2020;239150
2729;2729;17/01/2020;386900
2730;2730;17/01/2020;464450
2731;2731;17/01/2020;81000
2732;2732;17/01/2020;121000
2733;2733;17/01/2020;61150
2734;2734;17/01/2020;95300
2735;2735;17/01/2020;98800
2736;2736;17/01/2020;69000
2737;2737;17/01/2020;490566
2738;2738;17/01/2020;300000
2739;2739;17/01/2020;500200
2740;2740;17/01/2020;645000
2741;2741;17/01/2020;1635700
2742;2742;17/01/2020;610200
2743;2743;17/01/2020;385000
2744;2744;17/01/2020;426000
2745;2745;17/01/2020;810000
2746;2746;17/01/2020;772000
2747;2747;17/01/2020;1125000
2748;2748;17/01/2020;839990
2749;2749;17/01/2020;639675
2750;2750;17/01/2020;322720
2751;2751;17/01/2020;166750
2752;2752;17/01/2020;238000
2753;2753;17/01/2020;402000
2754;2754;17/01/2020;382000
2755;2755;17/01/2020;372500
2756;2756;17/01/2020;376250
2757;2757;17/01/2020;274300
2758;2758;17/01/2020;755000
2759;2759;17/01/2020;344000
2760;2760;17/01/2020;80000
2761;2761;17/01/2020;425520
2762;2762;17/01/2020;423110
2763;2763;17/01/2020;960000
2764;2764;17/01/2020;374900
2765;2765;17/01/2020;279000
2766;2766;17/01/2020;658000
2767;2767;17/01/2020;319820
2768;2768;17/01/2020;364500
2769;2769;17/01/2020;749150
2770;2770;17/01/2020;482250
2771;2771;17/01/2020;314000
2772;2772;17/01/2020;577974
2773;2773;17/01/2020;344000
2774;2774;17/01/2020;729000
2775;2775;17/01/2020;1177500
2776;2776;17/01/2020;1567962
2777;2777;17/01/2020;461070
2778;2778;17/01/2020;1637600
2779;2779;17/01/2020;1570000
2780;2780;17/01/2020;715000
2781;2781;17/01/2020;640230
2782;2782;17/01/2020;489000
2783;2783;17/01/2020;243000
2784;2784;17/01/2020;186900
2785;2785;17/01/2020;496200
2786;2786;17/01/2020;196500
2787;2787;17/01/2020;105000
2788;2788;17/01/2020;449000
2789;2789;17/01/2020;837000
2790;2790;17/01/2020;276100
2791;2791;17/01/2020;632000
2792;2792;17/01/2020;533800
2793;2793;17/01/2020;121000
2794;2794;17/01/2020;112105
2795;2795;17/01/2020;137000
2796;2796;17/01/2020;183100
2797;2797;17/01/2020;252900
2798;2798;17/01/2020;162000
2799;2799;17/01/2020;147000
2800;2800;17/01/2020;133920
2801;2801;17/01/2020;41000
2802;2802;17/01/2020;100000
2803;2803;17/01/2020;243000
2804;2804;17/01/2020;256300
2805;2805;17/01/2020;159000
2806;2806;17/01/2020;223800
2807;2807;17/01/2020;153500
2808;2808;17/01/2020;204000
2809;2809;17/01/2020;118700
2810;2810;17/01/2020;420000
2811;2811;17/01/2020;386000
2812;2812;17/01/2020;216600
2813;2813;17/01/2020;92000
2814;2814;17/01/2020;144000
2815;2815;17/01/2020;250120
2816;2816;17/01/2020;106000
2817;2817;17/01/2020;185000
2818;2818;17/01/2020;382700
2819;2819;17/01/2020;238400
2820;2820;17/01/2020;298500
2821;2821;17/01/2020;490000
2822;2822;17/01/2020;230700
2823;2823;17/01/2020;259000
2824;2824;17/01/2020;649000
2825;2825;17/01/2020;163000
2826;2826;17/01/2020;237000
2827;2827;17/01/2020;540550
2828;2828;17/01/2020;258000
2829;2829;17/01/2020;208780
2830;2830;17/01/2020;246410
2831;2831;17/01/2020;220000
2832;2832;17/01/2020;93000
2833;2833;17/01/2020;125000
2834;2834;17/01/2020;31000
2835;2835;17/01/2020;65100
2836;2836;17/01/2020;80000
2837;2837;17/01/2020;21500
2838;2838;17/01/2020;44000
2839;2839;17/01/2020;457000
2840;2840;17/01/2020;83000
2841;2841;17/01/2020;62500
2842;2842;17/01/2020;98000
2843;2843;17/01/2020;27480
2844;2844;17/01/2020;60000
2845;2845;17/01/2020;64950
2846;2846;17/01/2020;73500
2847;2847;17/01/2020;147100
2848;2848;17/01/2020;135000
2849;2849;17/01/2020;90000
2850;2850;17/01/2020;163090
2851;2851;17/01/2020;103000
2852;2852;17/01/2020;162900
2853;2853;17/01/2020;179800
2854;2853;20/03/2020;138720
2855;2854;17/01/2020;158500
2856;2855;17/01/2020;195000
2857;2856;17/01/2020;320532
2858;2857;17/01/2020;322000
2859;2858;17/01/2020;213000
2860;2859;17/01/2020;129000
2861;2860;17/01/2020;188275
2862;2861;17/01/2020;270850
2863;2862;17/01/2020;163500
2864;2863;17/01/2020;620000
2865;2864;17/01/2020;228050
2866;2865;17/01/2020;157500
2867;2866;17/01/2020;433000
2868;2867;17/01/2020;774212
2869;2868;17/01/2020;177000
2870;2869;17/01/2020;505400
2871;2870;17/01/2020;220000
2872;2871;17/01/2020;158000
2873;2872;17/01/2020;439000
2874;2873;17/01/2020;950000
2875;2874;17/01/2020;475000
2876;2875;17/01/2020;227000
2877;2876;17/01/2020;274000
2878;2877;17/01/2020;276000
2879;2878;17/01/2020;563584
2880;2879;17/01/2020;520000
2881;2880;17/01/2020;268341
2882;2881;17/01/2020;224000
2883;2882;17/01/2020;111000
2884;2883;17/01/2020;329000
2885;2884;17/01/2020;266700
2886;2885;17/01/2020;938100
2887;2886;17/01/2020;292000
2888;2887;17/01/2020;115000
2889;2888;17/01/2020;202000
2890;2889;17/01/2020;228000
2891;2890;17/01/2020;322000
2892;2891;17/01/2020;581000
2893;2892;17/01/2020;1238870
2894;2893;17/01/2020;90000
2895;2894;17/01/2020;286000
2896;2895;17/01/2020;331000
2897;2896;17/01/2020;213670
2898;2897;17/01/2020;443100
2899;2898;17/01/2020;332500
2900;2899;17/01/2020;235000
2901;2900;17/01/2020;875596
2902;2901;17/01/2020;344050
2903;2902;17/01/2020;340000
2904;2903;17/01/2020;257000
2905;2904;17/01/2020;146260
2906;2905;17/01/2020;127000
2907;2906;17/01/2020;221600
2908;2907;17/01/2020;119000
2909;2908;17/01/2020;169000
2910;2909;17/01/2020;1197300
2911;2910;17/01/2020;244000
2912;2911;17/01/2020;109650
2913;2912;17/01/2020;332500
2914;2913;17/01/2020;154000
2915;2914;17/01/2020;262230
2916;2915;17/01/2020;218000
2917;2916;17/01/2020;172000
2918;2917;17/01/2020;335000
2919;2918;17/01/2020;405000
2920;2919;17/01/2020;211000
2921;2920;17/01/2020;183000
2922;2921;17/01/2020;275000
2923;2922;17/01/2020;438900
2924;2923;17/01/2020;261000
2925;2924;17/01/2020;129000
2926;2925;17/01/2020;733900
2927;2926;17/01/2020;159000
2928;2927;17/01/2020;149900
2929;2928;17/01/2020;436500
2930;2929;17/01/2020;265000
2931;2930;17/01/2020;265000
2932;2931;17/01/2020;536000
2933;2932;17/01/2020;875000
2934;2933;17/01/2020;258000
2935;2934;17/01/2020;135500
2936;2935;17/01/2020;177000
2937;2936;17/01/2020;285000
2938;2937;17/01/2020;148000
2939;2938;17/01/2020;309000
2940;2939;17/01/2020;489090
2941;2940;17/01/2020;245250
2942;2941;17/01/2020;222000
2943;2942;17/01/2020;80400
2944;2943;17/01/2020;237000
2945;2944;17/01/2020;48500
2946;2945;17/01/2020;80000
2947;2946;17/01/2020;216000
2948;2947;17/01/2020;175000
2949;2948;17/01/2020;239000
2950;2949;17/01/2020;94000
2951;2950;17/01/2020;155500
2952;2951;17/01/2020;173800
2953;2952;17/01/2020;169000
2954;2953;17/01/2020;165400
2955;2954;17/01/2020;416050
2956;2955;17/01/2020;63500
2957;2956;18/01/2020;47500
2958;2957;18/01/2020;437000
2959;2958;18/01/2020;44527
2960;2959;18/01/2020;66000
2961;2960;18/01/2020;227000
2962;2961;18/01/2020;332000
2963;2962;18/01/2020;78000
2964;2963;18/01/2020;101056
2965;2964;18/01/2020;114000
2966;2965;18/01/2020;128000
2967;2966;18/01/2020;106690
2968;2967;18/01/2020;154000
2969;2968;18/01/2020;152925
2970;2969;18/01/2020;112000
2971;2970;18/01/2020;244000
2972;2971;18/01/2020;57000
2973;2972;18/01/2020;107500
2974;2973;18/01/2020;68000
2975;2974;18/01/2020;107000
2976;2975;18/01/2020;120000
2977;2976;18/01/2020;110000
2978;2977;18/01/2020;190000
2979;2978;18/01/2020;87000
2980;2979;18/01/2020;75450
2981;2980;18/01/2020;34000
2982;2981;18/01/2020;147000
2983;2982;19/01/2020;217250
2984;2983;20/01/2020;561550
2985;2984;20/01/2020;77000
2986;2985;20/01/2020;42800
2987;2986;20/01/2020;175000
2988;2987;20/01/2020;41500
2989;2988;20/01/2020;196100
2990;2989;20/01/2020;401000
2991;2990;20/01/2020;573000
2992;2991;20/01/2020;390000
2993;2992;20/01/2020;130000
2994;2993;20/01/2020;359000
2995;2994;20/01/2020;210000
2996;2995;20/01/2020;113700
2997;2996;20/01/2020;327500
2998;2997;20/01/2020;118110
2999;2998;20/01/2020;128000
3000;2999;20/01/2020;169000
3001;3000;20/01/2020;84000
3002;3001;20/01/2020;226000
3003;3002;20/01/2020;71500
3004;3003;20/01/2020;440000
3005;3004;20/01/2020;75000
3006;3005;20/01/2020;68500
3007;3006;20/01/2020;57000
3008;3007;20/01/2020;35000
3009;3008;20/01/2020;40000
3010;3009;20/01/2020;184660
3011;3010;20/01/2020;73120
3012;3011;20/01/2020;54000
3013;3012;20/01/2020;50000
3014;3013;20/01/2020;71000
3015;3014;20/01/2020;332500
3016;3015;20/01/2020;160000
3017;3016;20/01/2020;365000
3018;3017;20/01/2020;175000
3019;3018;20/01/2020;472450
3020;3019;20/01/2020;148000
3021;3020;20/01/2020;366700
3022;3021;20/01/2020;224500
3023;3022;20/01/2020;40000
3024;3023;20/01/2020;162300
3025;3024;20/01/2020;28500
3026;3025;20/01/2020;135000
3027;3026;20/01/2020;81000
3028;3027;20/01/2020;61500
3029;3028;20/01/2020;226960
3030;3029;20/01/2020;67500
3031;3030;20/01/2020;84000
3032;3031;20/01/2020;278000
3033;3032;20/01/2020;86000
3034;3033;20/01/2020;120000
3035;3034;20/01/2020;260000
3036;3035;20/01/2020;128000
3037;3036;20/01/2020;169686
3038;3037;20/01/2020;96000
3039;3038;20/01/2020;137000
3040;3039;20/01/2020;135000
3041;3040;20/01/2020;55000
3042;3041;20/01/2020;92860
3043;3042;20/01/2020;81000
3044;3043;20/01/2020;139500
3045;3044;20/01/2020;298000
3046;3045;20/01/2020;690000
3047;3046;20/01/2020;177000
3048;3047;20/01/2020;187500
3049;3048;20/01/2020;116000
3050;3049;20/01/2020;90000
3051;3050;20/01/2020;205710
3052;3051;20/01/2020;145800
3053;3052;20/01/2020;499993
3054;3053;20/01/2020;150500
3055;3054;20/01/2020;132850
3056;3055;20/01/2020;63810
3057;3056;20/01/2020;134500
3058;3057;20/01/2020;199000
3059;3058;20/01/2020;64500
3060;3059;20/01/2020;507000
3061;3060;20/01/2020;146000
3062;3061;20/01/2020;57500
3063;3062;20/01/2020;164000
3064;3063;20/01/2020;837200
3065;3064;20/01/2020;77700
3066;3065;20/01/2020;235700
3067;3066;20/01/2020;76000
3068;3067;20/01/2020;67000
3069;3068;20/01/2020;158035
3070;3069;20/01/2020;530000
3071;3070;20/01/2020;23145
3072;3071;20/01/2020;169000
3073;3072;20/01/2020;58000
3074;3073;20/01/2020;219466
3075;3074;20/01/2020;43200
3076;3075;20/01/2020;172900
3077;3076;20/01/2020;55000
3078;3077;20/01/2020;122500
3079;3078;20/01/2020;136500
3080;3079;20/01/2020;154444
3081;3080;20/01/2020;445556
3082;3081;20/01/2020;135000
3083;3082;20/01/2020;185000
3084;3083;20/01/2020;165000
3085;3084;20/01/2020;60000
3086;3085;20/01/2020;182000
3087;3086;20/01/2020;121935
3088;3087;20/01/2020;319900
3089;3088;20/01/2020;75500
3090;3089;20/01/2020;84500
3091;3090;20/01/2020;177000
3092;3091;20/01/2020;35000
3093;3092;20/01/2020;105450
3094;3093;20/01/2020;79000
3095;3094;20/01/2020;111000
3096;3095;20/01/2020;38500
3097;3096;20/01/2020;50000
3098;3097;20/01/2020;135700
3099;3098;20/01/2020;71300
3100;3099;20/01/2020;159000
3101;3100;20/01/2020;69000
3102;3101;20/01/2020;106100
3103;3102;20/01/2020;79510
3104;3103;20/01/2020;504500
3105;3104;20/01/2020;194645
3106;3105;20/01/2020;57480
3107;3106;20/01/2020;180000
3108;3107;20/01/2020;227000
3109;3108;20/01/2020;220500
3110;3109;20/01/2020;290000
3111;3110;20/01/2020;144453
3112;3111;20/01/2020;278750
3113;3112;20/01/2020;100000
3114;3113;20/01/2020;220500
3115;3114;20/01/2020;164000
3116;3115;20/01/2020;356200
3117;3116;20/01/2020;459500
3118;3117;20/01/2020;330000
3119;3118;20/01/2020;477130
3120;3119;20/01/2020;151385
3121;3120;20/01/2020;312092
3122;3121;20/01/2020;60000
3123;3122;20/01/2020;78000
3124;3123;20/01/2020;135000
3125;3124;20/01/2020;570000
3126;3125;20/01/2020;1100550
3127;3126;20/01/2020;342666
3128;3127;20/01/2020;245000
3129;3128;20/01/2020;766143
3130;3129;20/01/2020;590000
3131;3130;20/01/2020;401720
3132;3131;20/01/2020;1298500
3133;3132;20/01/2020;2459300
3134;3133;20/01/2020;792000
3135;3134;20/01/2020;715000
3136;3135;20/01/2020;615000
3137;3136;20/01/2020;1759280
3138;3137;20/01/2020;933200
3139;3138;20/01/2020;948300
3140;3139;20/01/2020;669000
3141;3140;20/01/2020;441700
3142;3141;20/01/2020;734600
3143;3142;20/01/2020;326941
3144;3143;20/01/2020;261000
3145;3144;20/01/2020;249950
3146;3145;20/01/2020;635000
3147;3146;20/01/2020;484240
3148;3147;20/01/2020;321470
3149;3148;20/01/2020;279000
3150;3149;20/01/2020;135000
3151;3150;20/01/2020;320166
3152;3151;20/01/2020;251200
3153;3152;20/01/2020;346000
3154;3153;20/01/2020;578500
3155;3154;20/01/2020;1080400
3156;3155;20/01/2020;483500
3157;3156;20/01/2020;1365300
3158;3157;20/01/2020;334125
3159;3158;20/01/2020;691266
3160;3159;20/01/2020;173500
3161;3160;20/01/2020;269100
3162;3161;20/01/2020;233333
3163;3162;20/01/2020;233000
3164;3163;20/01/2020;1274095
3165;3164;20/01/2020;151500
3166;3165;20/01/2020;71500
3167;3166;20/01/2020;177000
3168;3167;20/01/2020;78000
3169;3168;20/01/2020;93000
3170;3169;20/01/2020;69000
3171;3170;20/01/2020;311125
3172;3171;20/01/2020;106500
3173;3171;12/05/2020;115000
3174;3171;28/05/2020;92500
3175;3172;20/01/2020;188000
3176;3173;20/01/2020;85000
3177;3174;20/01/2020;235000
3178;3175;20/01/2020;129000
3179;3176;20/01/2020;119500
3180;3177;20/01/2020;132080
3181;3178;20/01/2020;320000
3182;3179;20/01/2020;275590
3183;3180;20/01/2020;360000
3184;3181;20/01/2020;144000
3185;3182;20/01/2020;136155
3186;3183;20/01/2020;81000
3187;3184;20/01/2020;195000
3188;3185;20/01/2020;258000
3189;3186;20/01/2020;105000
3190;3187;20/01/2020;347700
3191;3188;20/01/2020;56000
3192;3189;20/01/2020;23750
3193;3190;20/01/2020;502600
3194;3191;20/01/2020;92000
3195;3192;20/01/2020;90450
3196;3193;20/01/2020;415300
3197;3194;20/01/2020;91000
3198;3195;20/01/2020;212000
3199;3196;20/01/2020;317000
3200;3197;20/01/2020;104500
3201;3198;20/01/2020;219000
3202;3199;20/01/2020;169500
3203;3200;20/01/2020;106600
3204;3201;20/01/2020;67000
3205;3202;20/01/2020;47000
3206;3203;20/01/2020;53000
3207;3204;20/01/2020;85000
3208;3205;20/01/2020;97500
3209;3206;20/01/2020;22000
3210;3207;20/01/2020;45800
3211;3208;20/01/2020;44000
3212;3209;20/01/2020;64000
3213;3210;20/01/2020;65500
3214;3211;20/01/2020;254320
3215;3212;20/01/2020;224000
3216;3213;20/01/2020;155000
3217;3214;20/01/2020;220850
3218;3215;20/01/2020;236650
3219;3216;20/01/2020;177500
3220;3217;20/01/2020;175500
3221;3218;20/01/2020;341250
3222;3219;20/01/2020;568600
3223;3220;20/01/2020;299000
3224;3221;20/01/2020;162000
3225;3222;20/01/2020;238510
3226;3223;20/01/2020;322470
3227;3224;20/01/2020;600000
3228;3225;20/01/2020;245000
3229;3226;20/01/2020;230000
3230;3227;20/01/2020;415000
3231;3228;20/01/2020;194700
3232;3229;20/01/2020;114000
3233;3230;20/01/2020;235000
3234;3231;20/01/2020;305000
3235;3232;20/01/2020;737500
3236;3233;20/01/2020;345450
3237;3234;20/01/2020;714900
3238;3235;20/01/2020;99938
3239;3236;20/01/2020;95200
3240;3237;20/01/2020;369000
3241;3238;20/01/2020;195000
3242;3239;20/01/2020;165000
3243;3240;20/01/2020;154470
3244;3241;20/01/2020;550000
3245;3242;20/01/2020;115000
3246;3243;20/01/2020;82000
3247;3244;20/01/2020;66500
3248;3245;20/01/2020;213550
3249;3246;20/01/2020;189000
3250;3247;20/01/2020;317000
3251;3248;20/01/2020;281500
3252;3249;20/01/2020;212010
3253;3250;20/01/2020;297000
3254;3251;20/01/2020;164000
3255;3252;20/01/2020;99000
3256;3253;20/01/2020;188000
3257;3254;20/01/2020;140000
3258;3255;20/01/2020;397000
3259;3256;20/01/2020;277800
3260;3257;20/01/2020;1375000
3261;3258;20/01/2020;280000
3262;3259;20/01/2020;198000
3263;3260;20/01/2020;638000
3264;3261;20/01/2020;259350
3265;3262;20/01/2020;195000
3266;3263;20/01/2020;202000
3267;3264;20/01/2020;349900
3268;3265;20/01/2020;245500
3269;3266;20/01/2020;184000
3270;3267;20/01/2020;90000
3271;3268;20/01/2020;173000
3272;3269;21/01/2020;42000
3273;3270;21/01/2020;125000
3274;3271;21/01/2020;111324
3275;3272;21/01/2020;39735
3276;3273;21/01/2020;29800
3277;3274;21/01/2020;118500
3278;3275;21/01/2020;550000
3279;3276;21/01/2020;522000
3280;3277;21/01/2020;130000
3281;3278;21/01/2020;129907
3282;3279;21/01/2020;129900
3283;3280;21/01/2020;327000
3284;3281;21/01/2020;146000
3285;3282;21/01/2020;117800
3286;3283;21/01/2020;407500
3287;3284;21/01/2020;80000
3288;3285;21/01/2020;238000
3289;3286;21/01/2020;137000
3290;3287;21/01/2020;47500
3291;3288;21/01/2020;94000
3292;3289;21/01/2020;179200
3293;3290;21/01/2020;140000
3294;3291;21/01/2020;112000
3295;3292;21/01/2020;73000
3296;3293;21/01/2020;374800
3297;3294;21/01/2020;110000
3298;3295;21/01/2020;248000
3299;3296;21/01/2020;99670
3300;3297;21/01/2020;86500
3301;3298;21/01/2020;455000
3302;3299;21/01/2020;99900
3303;3300;21/01/2020;125000
3304;3301;21/01/2020;210000
3305;3302;21/01/2020;187190
3306;3303;21/01/2020;58850
3307;3304;21/01/2020;35000
3308;3305;21/01/2020;18000
3309;3306;21/01/2020;39500
3310;3307;21/01/2020;56000
3311;3308;21/01/2020;90400
3312;3309;21/01/2020;120000
3313;3310;21/01/2020;91000
3314;3311;21/01/2020;174944
3315;3312;21/01/2020;124415
3316;3313;21/01/2020;210000
3317;3314;21/01/2020;76390
3318;3315;21/01/2020;88000
3319;3316;21/01/2020;160000
3320;3317;21/01/2020;128000
3321;3318;21/01/2020;138317
3322;3319;21/01/2020;780000
3323;3320;21/01/2020;676685
3324;3321;21/01/2020;130000
3325;3322;21/01/2020;176900
3326;3323;21/01/2020;93275
3327;3324;21/01/2020;92350
3328;3325;21/01/2020;58200
3329;3326;21/01/2020;165000
3330;3327;21/01/2020;162000
3331;3328;21/01/2020;243600
3332;3329;21/01/2020;70000
3333;3330;21/01/2020;150900
3334;3331;21/01/2020;152000
3335;3332;21/01/2020;123500
3336;3333;21/01/2020;434410
3337;3334;21/01/2020;125240
3338;3335;21/01/2020;170000
3339;3336;21/01/2020;50500
3340;3337;21/01/2020;170000
3341;3338;21/01/2020;83000
3342;3339;21/01/2020;236000
3343;3340;21/01/2020;84000
3344;3341;21/01/2020;57300
3345;3342;21/01/2020;159000
3346;3343;21/01/2020;100100
3347;3344;21/01/2020;117000
3348;3345;21/01/2020;28100
3349;3346;21/01/2020;135500
3350;3347;21/01/2020;92000
3351;3348;21/01/2020;66000
3352;3349;21/01/2020;178000
3353;3350;21/01/2020;52740
3354;3351;21/01/2020;114800
3355;3352;21/01/2020;16000
3356;3353;21/01/2020;28000
3357;3354;21/01/2020;79800
3358;3355;21/01/2020;27000
3359;3356;21/01/2020;195000
3360;3357;21/01/2020;128400
3361;3358;21/01/2020;122090
3362;3359;21/01/2020;109000
3363;3360;21/01/2020;59000
3364;3361;21/01/2020;119500
3365;3362;21/01/2020;129000
3366;3363;21/01/2020;114000
3367;3364;21/01/2020;141000
3368;3365;21/01/2020;275000
3369;3366;21/01/2020;98650
3370;3367;21/01/2020;78850
3371;3368;21/01/2020;253994
3372;3369;21/01/2020;344800
3373;3370;21/01/2020;131705
3374;3371;21/01/2020;115500
3375;3372;21/01/2020;36820
3376;3373;21/01/2020;130000
3377;3374;21/01/2020;253635
3378;3375;21/01/2020;590000
3379;3376;21/01/2020;1408900
3380;3377;21/01/2020;228000
3381;3378;21/01/2020;680000
3382;3379;21/01/2020;253250
3383;3380;21/01/2020;379000
3384;3381;21/01/2020;2450000
3385;3382;21/01/2020;369000
3386;3383;21/01/2020;990000
3387;3384;21/01/2020;418600
3388;3385;21/01/2020;167470
3389;3386;21/01/2020;468400
3390;3387;21/01/2020;182692
3391;3388;21/01/2020;492500
3392;3389;21/01/2020;388000
3393;3390;21/01/2020;575000
3394;3391;21/01/2020;993200
3395;3392;21/01/2020;187700
3396;3393;21/01/2020;1076000
3397;3394;21/01/2020;535509
3398;3395;21/01/2020;387200
3399;3396;21/01/2020;855000
3400;3397;21/01/2020;253800
3401;3398;21/01/2020;318020
3402;3399;21/01/2020;171800
3403;3400;21/01/2020;327000
3404;3401;21/01/2020;536000
3405;3402;21/01/2020;552195
3406;3403;21/01/2020;313500
3407;3404;21/01/2020;198300
3408;3405;21/01/2020;34000
3409;3406;21/01/2020;55000
3410;3407;21/01/2020;133650
3411;3408;21/01/2020;150000
3412;3409;21/01/2020;223660
3413;3410;21/01/2020;188000
3414;3411;21/01/2020;66000
3415;3412;21/01/2020;62000
3416;3413;21/01/2020;135000
3417;3414;21/01/2020;102225
3418;3415;21/01/2020;100225
3419;3416;21/01/2020;90000
3420;3417;21/01/2020;589760
3421;3418;21/01/2020;189500
3422;3419;21/01/2020;75000
3423;3420;21/01/2020;99000
3424;3421;21/01/2020;126000
3425;3422;21/01/2020;131000
3426;3423;21/01/2020;255000
3427;3424;21/01/2020;141500
3428;3425;21/01/2020;231858
3429;3426;21/01/2020;137000
3430;3427;21/01/2020;117500
3431;3428;21/01/2020;97000
3432;3429;21/01/2020;84300
3433;3430;21/01/2020;348000
3434;3431;21/01/2020;140000
3435;3432;21/01/2020;282000
3436;3433;21/01/2020;117200
3437;3434;21/01/2020;235000
3438;3435;21/01/2020;63000
3439;3436;21/01/2020;125950
3440;3437;21/01/2020;136150
3441;3438;21/01/2020;138160
3442;3439;21/01/2020;32575
3443;3440;21/01/2020;30800
3444;3441;21/01/2020;123000
3445;3442;21/01/2020;45200
3446;3443;21/01/2020;32500
3447;3444;21/01/2020;190000
3448;3445;21/01/2020;194700
3449;3446;21/01/2020;324000
3450;3447;21/01/2020;99500
3451;3448;21/01/2020;108440
3452;3449;21/01/2020;92500
3453;3450;21/01/2020;197350
3454;3451;21/01/2020;103000
3455;3452;21/01/2020;46000
3456;3453;21/01/2020;309000
3457;3454;21/01/2020;150500
3458;3455;21/01/2020;209000
3459;3456;21/01/2020;230000
3460;3457;21/01/2020;1431000
3461;3458;21/01/2020;346000
3462;3459;21/01/2020;374000
3463;3460;21/01/2020;90000
3464;3461;21/01/2020;202350
3465;3462;21/01/2020;632250
3466;3463;21/01/2020;359000
3467;3464;21/01/2020;435000
3468;3465;21/01/2020;232900
3469;3466;21/01/2020;380880
3470;3467;21/01/2020;1179000
3471;3468;21/01/2020;628000
3472;3469;21/01/2020;276000
3473;3470;21/01/2020;219000
3474;3471;21/01/2020;175000
3475;3472;21/01/2020;100000
3476;3473;21/01/2020;171266
3477;3474;21/01/2020;80000
3478;3475;21/01/2020;144000
3479;3476;21/01/2020;126000
3480;3477;21/01/2020;176258
3481;3478;21/01/2020;128000
3482;3479;21/01/2020;85000
3483;3480;21/01/2020;178000
3484;3481;21/01/2020;269000
3485;3482;21/01/2020;299860
3486;3483;21/01/2020;365000
3487;3484;21/01/2020;242000
3488;3485;21/01/2020;179000
3489;3486;21/01/2020;439460
3490;3487;21/01/2020;279000
3491;3488;21/01/2020;168000
3492;3489;21/01/2020;377500
3493;3490;21/01/2020;79000
3494;3491;21/01/2020;205000
3495;3492;21/01/2020;278000
3496;3493;21/01/2020;75500
3497;3494;21/01/2020;195000
3498;3495;21/01/2020;171000
3499;3496;21/01/2020;137000
3500;3497;21/01/2020;147200
3501;3498;21/01/2020;119812
3502;3499;22/01/2020;220000
3503;3500;22/01/2020;71500
3504;3501;22/01/2020;34000
3505;3502;22/01/2020;150000
3506;3503;22/01/2020;251160
3507;3504;22/01/2020;375000
3508;3505;22/01/2020;96000
3509;3506;22/01/2020;530000
3510;3507;22/01/2020;78000
3511;3508;22/01/2020;81500
3512;3509;22/01/2020;92000
3513;3510;22/01/2020;410000
3514;3511;22/01/2020;1550000
3515;3512;22/01/2020;235000
3516;3513;22/01/2020;44000
3517;3514;22/01/2020;137150
3518;3515;22/01/2020;42660
3519;3516;22/01/2020;82000
3520;3517;22/01/2020;54980
3521;3518;22/01/2020;105455
3522;3519;22/01/2020;216000
3523;3520;22/01/2020;105000
3524;3521;22/01/2020;201800
3525;3522;22/01/2020;136650
3526;3523;22/01/2020;102000
3527;3524;22/01/2020;45500
3528;3525;22/01/2020;77000
3529;3526;22/01/2020;46500
3530;3527;22/01/2020;84000
3531;3528;22/01/2020;79000
3532;3529;22/01/2020;57000
3533;3530;22/01/2020;102000
3534;3531;22/01/2020;275500
3535;3532;22/01/2020;132000
3536;3533;22/01/2020;150000
3537;3534;22/01/2020;51000
3538;3535;22/01/2020;276200
3539;3536;22/01/2020;127000
3540;3537;22/01/2020;73500
3541;3538;22/01/2020;137000
3542;3539;22/01/2020;112400
3543;3540;22/01/2020;132600
3544;3541;22/01/2020;324600
3545;3542;22/01/2020;57500
3546;3543;22/01/2020;190000
3547;3544;22/01/2020;269400
3548;3545;22/01/2020;205000
3549;3546;22/01/2020;98050
3550;3547;22/01/2020;49000
3551;3548;22/01/2020;88000
3552;3549;22/01/2020;129700
3553;3550;22/01/2020;105000
3554;3551;22/01/2020;361550
3555;3552;22/01/2020;98500
3556;3553;22/01/2020;58850
3557;3554;22/01/2020;168000
3558;3555;22/01/2020;96300
3559;3556;22/01/2020;577000
3560;3557;22/01/2020;285280
3561;3558;22/01/2020;200500
3562;3559;22/01/2020;379889
3563;3560;22/01/2020;150800
3564;3561;22/01/2020;65000
3565;3562;22/01/2020;128000
3566;3563;22/01/2020;231750
3567;3564;22/01/2020;115500
3568;3565;22/01/2020;162330
3569;3566;22/01/2020;204000
3570;3567;22/01/2020;113000
3571;3568;22/01/2020;90000
3572;3569;22/01/2020;103000
3573;3570;22/01/2020;262700
3574;3571;22/01/2020;101600
3575;3572;22/01/2020;111500
3576;3573;22/01/2020;56970
3577;3574;22/01/2020;198500
3578;3575;22/01/2020;116000
3579;3576;22/01/2020;148800
3580;3577;22/01/2020;37000
3581;3578;22/01/2020;86800
3582;3579;22/01/2020;107700
3583;3580;22/01/2020;389350
3584;3581;22/01/2020;102660
3585;3582;22/01/2020;486000
3586;3583;22/01/2020;92000
3587;3584;22/01/2020;164221
3588;3585;22/01/2020;247000
3589;3586;22/01/2020;114000
3590;3587;22/01/2020;46000
3591;3588;22/01/2020;33000
3592;3589;22/01/2020;129500
3593;3590;22/01/2020;65000
3594;3591;22/01/2020;119500
3595;3592;22/01/2020;120000
3596;3593;22/01/2020;110100
3597;3594;22/01/2020;63000
3598;3595;22/01/2020;91000
3599;3596;22/01/2020;70000
3600;3597;22/01/2020;342700
3601;3598;22/01/2020;37000
3602;3599;22/01/2020;157888
3603;3600;22/01/2020;92000
3604;3601;22/01/2020;190000
3605;3602;22/01/2020;100000
3606;3603;22/01/2020;71000
3607;3604;22/01/2020;154000
3608;3605;22/01/2020;28500
3609;3606;22/01/2020;650000
3610;3607;22/01/2020;99800
3611;3608;22/01/2020;103900
3612;3609;22/01/2020;234490
3613;3610;22/01/2020;109000
3614;3611;22/01/2020;80300
3615;3612;22/01/2020;335000
3616;3613;22/01/2020;240000
3617;3614;22/01/2020;280950
3618;3615;22/01/2020;60200
3619;3616;22/01/2020;106220
3620;3617;22/01/2020;456000
3621;3618;22/01/2020;75740
3622;3619;22/01/2020;302500
3623;3620;22/01/2020;108400
3624;3621;22/01/2020;
3625;3622;22/01/2020;297000
3626;3623;22/01/2020;737100
3627;3624;22/01/2020;520000
3628;3625;22/01/2020;8577713
3629;3626;22/01/2020;630000
3630;3627;22/01/2020;750000
3631;3628;22/01/2020;330476
3632;3629;22/01/2020;1515410
3633;3630;22/01/2020;1174500
3634;3631;22/01/2020;429000
3635;3632;22/01/2020;528425
3636;3633;22/01/2020;325158
3637;3634;22/01/2020;315100
3638;3635;22/01/2020;235960
3639;3636;22/01/2020;157000
3640;3637;22/01/2020;730100
3641;3638;22/01/2020;318000
3642;3639;22/01/2020;260150
3643;3640;22/01/2020;215900
3644;3641;22/01/2020;632000
3645;3642;22/01/2020;520000
3646;3643;22/01/2020;809500
3647;3644;22/01/2020;263000
3648;3645;22/01/2020;248000
3649;3646;22/01/2020;181300
3650;3647;22/01/2020;146500
3651;3648;22/01/2020;433000
3652;3649;22/01/2020;136800
3653;3650;22/01/2020;201500
3654;3651;22/01/2020;303500
3655;3652;22/01/2020;346466
3656;3653;22/01/2020;95600
3657;3654;22/01/2020;32500
3658;3655;22/01/2020;72000
3659;3656;22/01/2020;161000
3660;3657;22/01/2020;157000
3661;3658;22/01/2020;167800
3662;3659;22/01/2020;135000
3663;3660;22/01/2020;159000
3664;3661;22/01/2020;70000
3665;3662;22/01/2020;114000
3666;3663;22/01/2020;101000
3667;3664;22/01/2020;97200
3668;3665;22/01/2020;216750
3669;3666;22/01/2020;165000
3670;3667;22/01/2020;117000
3671;3668;22/01/2020;151000
3672;3669;22/01/2020;110000
3673;3670;22/01/2020;148000
3674;3671;22/01/2020;65000
3675;3672;22/01/2020;226300
3676;3673;22/01/2020;124000
3677;3674;22/01/2020;270900
3678;3675;22/01/2020;380000
3679;3676;22/01/2020;355000
3680;3677;22/01/2020;115000
3681;3678;22/01/2020;211000
3682;3679;22/01/2020;114000
3683;3680;22/01/2020;370020
3684;3681;22/01/2020;330000
3685;3682;22/01/2020;147000
3686;3683;22/01/2020;132900
3687;3684;22/01/2020;226000
3688;3685;22/01/2020;59000
3689;3686;22/01/2020;85000
3690;3687;22/01/2020;95000
3691;3688;22/01/2020;168000
3692;3689;22/01/2020;615000
3693;3690;22/01/2020;131250
3694;3691;22/01/2020;232080
3695;3692;22/01/2020;137000
3696;3693;22/01/2020;42500
3697;3694;22/01/2020;131000
3698;3695;22/01/2020;121000
3699;3696;22/01/2020;46200
3700;3697;22/01/2020;35000
3701;3698;22/01/2020;61950
3702;3699;22/01/2020;40500
3703;3700;22/01/2020;102000
3704;3701;22/01/2020;169000
3705;3702;22/01/2020;61000
3706;3703;22/01/2020;126000
3707;3704;22/01/2020;180450
3708;3705;22/01/2020;182366
3709;3706;22/01/2020;210000
3710;3707;22/01/2020;95000
3711;3708;22/01/2020;289117
3712;3709;22/01/2020;287000
3713;3710;22/01/2020;908200
3714;3711;22/01/2020;277000
3715;3712;22/01/2020;528820
3716;3713;22/01/2020;158000
3717;3714;22/01/2020;418700
3718;3715;22/01/2020;170500
3719;3716;22/01/2020;344750
3720;3717;22/01/2020;692150
3721;3718;22/01/2020;145000
3722;3719;22/01/2020;398000
3723;3720;22/01/2020;258000
3724;3721;22/01/2020;170000
3725;3722;22/01/2020;121500
3726;3723;22/01/2020;63500
3727;3724;22/01/2020;103000
3728;3725;22/01/2020;236000
3729;3726;22/01/2020;216000
3730;3727;22/01/2020;146200
3731;3728;22/01/2020;134500
3732;3729;22/01/2020;95000
3733;3730;22/01/2020;161500
3734;3731;22/01/2020;162000
3735;3732;22/01/2020;150000
3736;3733;22/01/2020;151887
3737;3734;22/01/2020;357000
3738;3735;22/01/2020;215000
3739;3736;22/01/2020;135000
3740;3737;22/01/2020;218726
3741;3738;22/01/2020;63000
3742;3739;22/01/2020;264000
3743;3740;22/01/2020;406350
3744;3741;22/01/2020;166540
3745;3742;22/01/2020;854910
3746;3743;22/01/2020;141250
3747;3744;22/01/2020;388000
3748;3745;22/01/2020;474000
3749;3746;22/01/2020;140200
3750;3747;22/01/2020;99000
3751;3748;22/01/2020;89000
3752;3749;22/01/2020;55000
3753;3750;22/01/2020;260000
3754;3751;22/01/2020;178000
3755;3752;22/01/2020;302000
3756;3753;22/01/2020;139000
3757;3754;22/01/2020;97000
3758;3755;22/01/2020;114000
3759;3756;22/01/2020;178500
3760;3757;22/01/2020;146000
3761;3758;22/01/2020;64700
3762;3759;23/01/2020;237900
3763;3760;23/01/2020;155000
3764;3761;23/01/2020;113330
3765;3762;23/01/2020;71000
3766;3763;23/01/2020;312200
3767;3764;23/01/2020;384920
3768;3765;23/01/2020;182000
3769;3766;23/01/2020;411150
3770;3767;23/01/2020;980000
3771;3768;23/01/2020;140500
3772;3769;23/01/2020;121000
3773;3770;23/01/2020;118000
3774;3771;23/01/2020;164520
3775;3772;23/01/2020;58000
3776;3773;23/01/2020;60000
3777;3774;23/01/2020;62000
3778;3775;23/01/2020;49900
3779;3776;23/01/2020;76500
3780;3777;23/01/2020;122000
3781;3778;23/01/2020;65150
3782;3779;23/01/2020;185000
3783;3780;23/01/2020;138000
3784;3781;23/01/2020;290800
3785;3782;23/01/2020;126000
3786;3783;23/01/2020;210500
3787;3784;23/01/2020;133000
3788;3785;23/01/2020;74000
3789;3786;23/01/2020;102500
3790;3787;23/01/2020;87000
3791;3788;23/01/2020;113000
3792;3789;23/01/2020;97000
3793;3790;23/01/2020;120700
3794;3791;23/01/2020;90500
3795;3792;23/01/2020;69000
3796;3793;23/01/2020;48000
3797;3794;23/01/2020;145000
3798;3795;23/01/2020;119065
3799;3796;23/01/2020;127000
3800;3797;23/01/2020;83700
3801;3798;23/01/2020;75000
3802;3799;23/01/2020;77000
3803;3800;23/01/2020;189850
3804;3801;23/01/2020;126000
3805;3802;23/01/2020;120000
3806;3803;23/01/2020;87000
3807;3804;23/01/2020;1000000
3808;3805;23/01/2020;145000
3809;3806;23/01/2020;226000
3810;3807;23/01/2020;75000
3811;3808;23/01/2020;130190
3812;3809;23/01/2020;125000
3813;3810;23/01/2020;210000
3814;3811;23/01/2020;199000
3815;3812;23/01/2020;153000
3816;3813;23/01/2020;123000
3817;3814;23/01/2020;254000
3818;3815;23/01/2020;85000
3819;3816;23/01/2020;313000
3820;3817;23/01/2020;184120
3821;3818;23/01/2020;123500
3822;3819;23/01/2020;98550
3823;3820;23/01/2020;201800
3824;3821;23/01/2020;320575
3825;3822;23/01/2020;87000
3826;3823;23/01/2020;139000
3827;3824;23/01/2020;199000
3828;3825;23/01/2020;169000
3829;3826;23/01/2020;175210
3830;3827;23/01/2020;88000
3831;3828;23/01/2020;95000
3832;3829;23/01/2020;108500
3833;3830;23/01/2020;200100
3834;3831;23/01/2020;58500
3835;3832;23/01/2020;151387
3836;3833;23/01/2020;113200
3837;3834;23/01/2020;68300
3838;3835;23/01/2020;169000
3839;3836;23/01/2020;102300
3840;3837;23/01/2020;53040
3841;3838;23/01/2020;77000
3842;3839;23/01/2020;134000
3843;3840;23/01/2020;30500
3844;3841;23/01/2020;102804
3845;3842;23/01/2020;170000
3846;3843;23/01/2020;80000
3847;3844;23/01/2020;87400
3848;3845;23/01/2020;55000
3849;3846;23/01/2020;117600
3850;3847;23/01/2020;257143
3851;3848;23/01/2020;90500
3852;3849;23/01/2020;149900
3853;3850;23/01/2020;108000
3854;3851;23/01/2020;77000
3855;3852;23/01/2020;126168
3856;3853;23/01/2020;101000
3857;3854;23/01/2020;132000
3858;3855;23/01/2020;107300
3859;3856;23/01/2020;41000
3860;3857;23/01/2020;104000
3861;3858;23/01/2020;75000
3862;3859;23/01/2020;131000
3863;3860;23/01/2020;105450
3864;3861;23/01/2020;172500
3865;3862;23/01/2020;128348
3866;3863;23/01/2020;138600
3867;3864;23/01/2020;121000
3868;3865;23/01/2020;90000
3869;3866;23/01/2020;100000
3870;3867;23/01/2020;91000
3871;3868;23/01/2020;138800
3872;3869;23/01/2020;93600
3873;3870;23/01/2020;165000
3874;3871;23/01/2020;432500
3875;3872;23/01/2020;418800
3876;3873;23/01/2020;250000
3877;3874;23/01/2020;222500
3878;3875;23/01/2020;125000
3879;3876;23/01/2020;637500
3880;3877;23/01/2020;242000
3881;3878;23/01/2020;37000
3882;3879;23/01/2020;192120
3883;3880;23/01/2020;917000
3884;3881;23/01/2020;303790
3885;3882;23/01/2020;440000
3886;3883;23/01/2020;2055000
3887;3884;23/01/2020;760000
3888;3885;23/01/2020;856800
3889;3886;23/01/2020;274950
3890;3887;23/01/2020;215000
3891;3888;23/01/2020;203000
3892;3889;23/01/2020;925000
3893;3890;23/01/2020;630000
3894;3891;23/01/2020;507500
3895;3892;23/01/2020;308750
3896;3893;23/01/2020;316000
3897;3894;23/01/2020;484645
3898;3895;23/01/2020;340700
3899;3896;23/01/2020;964725
3900;3897;23/01/2020;458650
3901;3898;23/01/2020;1433020
3902;3899;23/01/2020;1769225
3903;3900;23/01/2020;819500
3904;3901;23/01/2020;736600
3905;3902;23/01/2020;373000
3906;3903;23/01/2020;1085625
3907;3904;23/01/2020;563050
3908;3905;23/01/2020;853000
3909;3906;23/01/2020;3210800
3910;3907;23/01/2020;671650
3911;3908;23/01/2020;297500
3912;3909;23/01/2020;406300
3913;3910;23/01/2020;515800
3914;3911;23/01/2020;416500
3915;3912;23/01/2020;328600
3916;3913;23/01/2020;102500
3917;3914;23/01/2020;699000
3918;3915;23/01/2020;620000
3919;3916;23/01/2020;430952
3920;3917;23/01/2020;455000
3921;3918;23/01/2020;115221
3922;3919;23/01/2020;
3923;3920;23/01/2020;103250
3924;3921;23/01/2020;101000
3925;3922;23/01/2020;153600
3926;3923;23/01/2020;65000
3927;3924;23/01/2020;145000
3928;3925;23/01/2020;200000
3929;3926;23/01/2020;48000
3930;3927;23/01/2020;210000
3931;3928;23/01/2020;536650
3932;3929;23/01/2020;456700
3933;3930;23/01/2020;245500
3934;3931;23/01/2020;174000
3935;3932;23/01/2020;168102
3936;3933;23/01/2020;207000
3937;3934;23/01/2020;61000
3938;3935;23/01/2020;86000
3939;3936;23/01/2020;76600
3940;3937;23/01/2020;151750
3941;3938;23/01/2020;170500
3942;3939;23/01/2020;193000
3943;3940;23/01/2020;63000
3944;3941;23/01/2020;420000
3945;3942;23/01/2020;225000
3946;3943;23/01/2020;324700
3947;3944;23/01/2020;195000
3948;3945;23/01/2020;134400
3949;3946;23/01/2020;33360
3950;3947;23/01/2020;42000
3951;3948;23/01/2020;50000
3952;3949;23/01/2020;68000
3953;3950;23/01/2020;22500
3954;3951;23/01/2020;52500
3955;3952;23/01/2020;40300
3956;3953;23/01/2020;85000
3957;3954;23/01/2020;13000
3958;3955;23/01/2020;217000
3959;3956;23/01/2020;198473
3960;3957;23/01/2020;128000
3961;3958;23/01/2020;259320
3962;3959;23/01/2020;141400
3963;3960;23/01/2020;118000
3964;3961;23/01/2020;395000
3965;3962;23/01/2020;665000
3966;3963;23/01/2020;215000
3967;3964;23/01/2020;285000
3968;3965;23/01/2020;440600
3969;3966;23/01/2020;388000
3970;3967;23/01/2020;482000
3971;3968;23/01/2020;201900
3972;3969;23/01/2020;195000
3973;3970;23/01/2020;117000
3974;3971;23/01/2020;360050
3975;3972;23/01/2020;715450
3976;3973;23/01/2020;354000
3977;3974;23/01/2020;215000
3978;3975;23/01/2020;275000
3979;3976;23/01/2020;495111
3980;3977;23/01/2020;70000
3981;3978;23/01/2020;214800
3982;3979;23/01/2020;140000
3983;3980;23/01/2020;189000
3984;3981;23/01/2020;1799800
3985;3982;23/01/2020;109500
3986;3983;23/01/2020;110000
3987;3984;23/01/2020;175000
3988;3985;23/01/2020;49175
3989;3986;23/01/2020;98412
3990;3987;23/01/2020;151560
3991;3988;23/01/2020;184000
3992;3989;23/01/2020;255850
3993;3990;23/01/2020;173800
3994;3991;23/01/2020;465000
3995;3992;23/01/2020;268000
3996;3993;23/01/2020;455450
3997;3994;23/01/2020;303000
3998;3995;23/01/2020;238000
3999;3996;23/01/2020;175000
4000;3997;23/01/2020;248000
4001;3998;23/01/2020;199000
4002;3999;23/01/2020;231000
4003;4000;23/01/2020;154000
4004;4001;23/01/2020;222500
4005;4002;23/01/2020;1032600
4006;4003;23/01/2020;180000
4007;4004;23/01/2020;171000
4008;4005;23/01/2020;272000
4009;4006;23/01/2020;174000
4010;4007;23/01/2020;110000
4011;4008;23/01/2020;144400
4012;4009;23/01/2020;168000
4013;4010;23/01/2020;136500
4014;4011;23/01/2020;116000
4015;4012;23/01/2020;220000
4016;4013;23/01/2020;177000
4017;4014;23/01/2020;158760
4018;4015;23/01/2020;85000
4019;4016;23/01/2020;140000
4020;4017;23/01/2020;353000
4021;4018;23/01/2020;115000
4022;4019;23/01/2020;184000
4023;4020;23/01/2020;168000
4024;4021;23/01/2020;187000
4025;4022;23/01/2020;150000
4026;4023;23/01/2020;208000
4027;4024;23/01/2020;109000
4028;4025;23/01/2020;154000
4029;4026;23/01/2020;159900
4030;4027;23/01/2020;489770
4031;4028;23/01/2020;223000
4032;4029;24/01/2020;425000
4033;4030;24/01/2020;55000
4034;4031;24/01/2020;58900
4035;4032;24/01/2020;67830
4036;4033;24/01/2020;315300
4037;4034;24/01/2020;280100
4038;4035;24/01/2020;377000
4039;4036;24/01/2020;192000
4040;4037;24/01/2020;230000
4041;4038;24/01/2020;382000
4042;4039;24/01/2020;92500
4043;4040;24/01/2020;199500
4044;4041;24/01/2020;114500
4045;4042;24/01/2020;121900
4046;4043;24/01/2020;233470
4047;4044;24/01/2020;1852500
4048;4045;24/01/2020;137009
4049;4046;24/01/2020;259220
4050;4047;24/01/2020;71500
4051;4048;24/01/2020;286700
4052;4049;24/01/2020;35000
4053;4050;24/01/2020;63000
4054;4051;24/01/2020;68500
4055;4052;24/01/2020;137500
4056;4053;24/01/2020;59000
4057;4054;24/01/2020;29000
4058;4055;24/01/2020;76800
4059;4056;24/01/2020;41500
4060;4057;24/01/2020;29000
4061;4058;24/01/2020;245760
4062;4059;24/01/2020;74100
4063;4060;24/01/2020;53130
4064;4061;24/01/2020;101000
4065;4062;24/01/2020;44000
4066;4063;24/01/2020;85000
4067;4064;24/01/2020;85000
4068;4065;24/01/2020;276870
4069;4066;24/01/2020;79000
4070;4067;24/01/2020;86400
4071;4068;24/01/2020;577000
4072;4069;24/01/2020;62000
4073;4070;24/01/2020;59000
4074;4071;24/01/2020;133000
4075;4072;24/01/2020;86820
4076;4073;24/01/2020;168000
4077;4074;24/01/2020;102635
4078;4075;24/01/2020;569500
4079;4076;24/01/2020;115900
4080;4077;24/01/2020;112000
4081;4078;24/01/2020;240000
4082;4079;24/01/2020;135000
4083;4080;24/01/2020;526100
4084;4081;24/01/2020;260000
4085;4082;24/01/2020;107000
4086;4083;24/01/2020;164500
4087;4084;24/01/2020;101500
4088;4085;24/01/2020;136000
4089;4086;24/01/2020;92000
4090;4087;24/01/2020;270000
4091;4088;24/01/2020;71000
4092;4089;24/01/2020;227000
4093;4090;24/01/2020;76000
4094;4091;24/01/2020;80100
4095;4092;24/01/2020;247750
4096;4093;24/01/2020;81500
4097;4094;24/01/2020;126730
4098;4095;24/01/2020;60000
4099;4096;24/01/2020;380000
4100;4097;24/01/2020;71500
4101;4098;24/01/2020;164000
4102;4099;24/01/2020;137000
4103;4100;24/01/2020;150000
4104;4101;24/01/2020;61800
4105;4102;24/01/2020;63063
4106;4103;24/01/2020;180700
4107;4104;24/01/2020;194000
4108;4105;24/01/2020;290500
4109;4106;24/01/2020;232500
4110;4107;24/01/2020;273300
4111;4108;24/01/2020;90000
4112;4109;24/01/2020;31000
4113;4110;24/01/2020;238500
4114;4111;24/01/2020;105950
4115;4112;24/01/2020;53000
4116;4113;24/01/2020;237500
4117;4114;24/01/2020;161000
4118;4115;24/01/2020;580000
4119;4116;24/01/2020;281400
4120;4117;24/01/2020;213000
4121;4118;24/01/2020;189090
4122;4119;24/01/2020;98400
4123;4120;24/01/2020;451000
4124;4121;24/01/2020;172867
4125;4122;24/01/2020;117000
4126;4123;24/01/2020;90000
4127;4124;24/01/2020;82664
4128;4125;24/01/2020;153000
4129;4126;24/01/2020;178977
4130;4127;24/01/2020;130000
4131;4128;24/01/2020;188550
4132;4129;24/01/2020;101300
4133;4130;24/01/2020;245000
4134;4131;24/01/2020;96030
4135;4132;24/01/2020;452000
4136;4133;24/01/2020;58450
4137;4134;24/01/2020;135000
4138;4135;24/01/2020;242319
4139;4136;24/01/2020;195000
4140;4137;24/01/2020;488000
4141;4138;24/01/2020;103711
4142;4139;24/01/2020;104820
4143;4140;24/01/2020;144500
4144;4141;24/01/2020;59000
4145;4142;24/01/2020;133600
4146;4143;24/01/2020;85000
4147;4144;24/01/2020;184410
4148;4145;24/01/2020;137000
4149;4146;24/01/2020;65766
4150;4147;24/01/2020;140000
4151;4148;24/01/2020;108000
4152;4149;24/01/2020;282000
4153;4150;24/01/2020;159400
4154;4151;24/01/2020;65800
4155;4152;24/01/2020;169400
4156;4153;24/01/2020;169000
4157;4154;24/01/2020;257000
4158;4155;24/01/2020;146000
4159;4156;24/01/2020;171105
4160;4157;24/01/2020;50000
4161;4158;24/01/2020;145500
4162;4159;24/01/2020;52195
4163;4160;24/01/2020;30000
4164;4161;24/01/2020;27000
4165;4162;24/01/2020;64505
4166;4163;24/01/2020;149500
4167;4164;24/01/2020;402300
4168;4165;24/01/2020;55000
4169;4166;24/01/2020;165000
4170;4167;24/01/2020;171756
4171;4168;24/01/2020;123000
4172;4169;24/01/2020;141920
4173;4170;24/01/2020;133000
4174;4171;24/01/2020;174500
4175;4172;24/01/2020;337000
4176;4173;24/01/2020;167000
4177;4174;24/01/2020;189772
4178;4175;24/01/2020;83000
4179;4176;24/01/2020;54400
4180;4177;24/01/2020;210500
4181;4178;24/01/2020;155000
4182;4179;24/01/2020;25000
4183;4180;24/01/2020;79500
4184;4181;24/01/2020;140000
4185;4182;24/01/2020;128500
4186;4183;24/01/2020;162700
4187;4184;24/01/2020;114000
4188;4185;24/01/2020;188000
4189;4186;24/01/2020;78000
4190;4187;24/01/2020;35000
4191;4188;24/01/2020;80500
4192;4189;24/01/2020;67900
4193;4190;24/01/2020;101000
4194;4191;24/01/2020;104000
4195;4192;24/01/2020;103000
4196;4193;24/01/2020;131500
4197;4194;24/01/2020;60120
4198;4195;24/01/2020;42500
4199;4196;24/01/2020;237000
4200;4197;24/01/2020;173000
4201;4198;24/01/2020;68000
4202;4199;24/01/2020;203500
4203;4200;24/01/2020;93000
4204;4201;24/01/2020;115000
4205;4202;24/01/2020;117400
4206;4203;24/01/2020;115000
4207;4204;24/01/2020;345750
4208;4205;24/01/2020;358890
4209;4206;24/01/2020;166000
4210;4207;24/01/2020;62791
4211;4208;24/01/2020;161410
4212;4209;24/01/2020;373800
4213;4210;24/01/2020;234000
4214;4211;24/01/2020;52500
4215;4212;24/01/2020;96000
4216;4213;24/01/2020;328500
4217;4214;24/01/2020;118000
4218;4215;24/01/2020;74100
4219;4216;24/01/2020;287500
4220;4217;24/01/2020;161000
4221;4218;24/01/2020;108000
4222;4219;24/01/2020;80000
4223;4220;24/01/2020;40680
4224;4221;24/01/2020;167000
4225;4222;24/01/2020;465000
4226;4223;24/01/2020;446321
4227;4224;24/01/2020;610000
4228;4225;24/01/2020;275000
4229;4226;24/01/2020;1272000
4230;4227;24/01/2020;1495000
4231;4228;24/01/2020;2200000
4232;4229;24/01/2020;293000
4233;4230;24/01/2020;210000
4234;4231;24/01/2020;777900
4235;4232;24/01/2020;115000
4236;4233;24/01/2020;550000
4237;4234;24/01/2020;5054500
4238;4235;24/01/2020;475000
4239;4236;24/01/2020;1825000
4240;4237;24/01/2020;1430000
4241;4238;24/01/2020;31713
4242;4239;24/01/2020;410600
4243;4240;24/01/2020;492700
4244;4241;24/01/2020;392000
4245;4242;24/01/2020;152000
4246;4243;24/01/2020;523000
4247;4244;24/01/2020;252500
4248;4245;24/01/2020;170000
4249;4246;24/01/2020;417100
4250;4247;24/01/2020;456000
4251;4248;24/01/2020;868000
4252;4249;24/01/2020;442000
4253;4250;24/01/2020;358000
4254;4251;24/01/2020;101700
4255;4252;24/01/2020;1351520
4256;4253;24/01/2020;1288000
4257;4254;24/01/2020;1364850
4258;4255;24/01/2020;2900000
4259;4256;24/01/2020;1225000
4260;4257;24/01/2020;360500
4261;4258;24/01/2020;1705000
4262;4259;24/01/2020;849200
4263;4260;24/01/2020;420800
4264;4261;24/01/2020;243000
4265;4262;24/01/2020;322000
4266;4263;24/01/2020;397200
4267;4264;24/01/2020;206800
4268;4265;24/01/2020;1420000
4269;4266;24/01/2020;422000
4270;4267;24/01/2020;124000
4271;4268;24/01/2020;805500
4272;4269;24/01/2020;549000
4273;4270;24/01/2020;248050
4274;4271;24/01/2020;612500
4275;4272;24/01/2020;80000
4276;4273;24/01/2020;58000
4277;4274;24/01/2020;91000
4278;4275;24/01/2020;277000
4279;4276;24/01/2020;329000
4280;4277;24/01/2020;260000
4281;4278;24/01/2020;100000
4282;4279;24/01/2020;205000
4283;4280;24/01/2020;37500
4284;4281;24/01/2020;40000
4285;4282;24/01/2020;321500
4286;4283;24/01/2020;138000
4287;4284;24/01/2020;246500
4288;4285;24/01/2020;237000
4289;4286;24/01/2020;92020
4290;4287;24/01/2020;210300
4291;4288;24/01/2020;270000
4292;4289;24/01/2020;375500
4293;4290;24/01/2020;192000
4294;4291;24/01/2020;65000
4295;4292;24/01/2020;544000
4296;4293;24/01/2020;186850
4297;4294;24/01/2020;165776
4298;4295;24/01/2020;246500
4299;4296;24/01/2020;66000
4300;4297;24/01/2020;202500
4301;4298;24/01/2020;950000
4302;4299;24/01/2020;406000
4303;4300;24/01/2020;453320
4304;4301;24/01/2020;314900
4305;4302;24/01/2020;275400
4306;4303;24/01/2020;274300
4307;4304;24/01/2020;48000
4308;4305;24/01/2020;121000
4309;4306;24/01/2020;206070
4310;4307;24/01/2020;101150
4311;4308;24/01/2020;277000
4312;4309;24/01/2020;135000
4313;4310;24/01/2020;42500
4314;4311;24/01/2020;102060
4315;4312;24/01/2020;154000
4316;4313;24/01/2020;139300
4317;4314;24/01/2020;109040
4318;4315;24/01/2020;155000
4319;4316;24/01/2020;282000
4320;4317;24/01/2020;157000
4321;4318;24/01/2020;147800
4322;4319;24/01/2020;203500
4323;4320;24/01/2020;129000
4324;4321;24/01/2020;30000
4325;4322;24/01/2020;62000
4326;4323;24/01/2020;220460
4327;4324;24/01/2020;390000
4328;4325;24/01/2020;102500
4329;4326;24/01/2020;89000
4330;4327;24/01/2020;83740
4331;4328;24/01/2020;64800
4332;4329;24/01/2020;266150
4333;4330;24/01/2020;193500
4334;4331;24/01/2020;55000
4335;4332;24/01/2020;61000
4336;4333;24/01/2020;204000
4337;4334;24/01/2020;160000
4338;4335;24/01/2020;151206
4339;4336;24/01/2020;100000
4340;4337;24/01/2020;118500
4341;4338;24/01/2020;199200
4342;4339;24/01/2020;170000
4343;4340;24/01/2020;151300
4344;4341;24/01/2020;250000
4345;4342;24/01/2020;114250
4346;4343;24/01/2020;206290
4347;4344;24/01/2020;150000
4348;4345;24/01/2020;160675
4349;4346;24/01/2020;440000
4350;4347;24/01/2020;282000
4351;4348;24/01/2020;123000
4352;4349;24/01/2020;655300
4353;4350;24/01/2020;638400
4354;4351;24/01/2020;159000
4355;4352;24/01/2020;140000
4356;4353;24/01/2020;240000
4357;4354;24/01/2020;503000
4358;4355;24/01/2020;310000
4359;4356;24/01/2020;310000
4360;4357;24/01/2020;270000
4361;4358;24/01/2020;197000
4362;4359;24/01/2020;92000
4363;4360;24/01/2020;251600
4364;4361;24/01/2020;82000
4365;4362;24/01/2020;448380
4366;4363;24/01/2020;131628
4367;4364;24/01/2020;863695
4368;4365;24/01/2020;452750
4369;4366;24/01/2020;256095
4370;4367;24/01/2020;317000
4371;4368;24/01/2020;457660
4372;4369;24/01/2020;135000
4373;4370;24/01/2020;315000
4374;4371;24/01/2020;951500
4375;4372;24/01/2020;331000
4376;4373;24/01/2020;563000
4377;4374;24/01/2020;239000
4378;4375;24/01/2020;243000
4379;4376;24/01/2020;439425
4380;4377;24/01/2020;399000
4381;4378;24/01/2020;364900
4382;4379;24/01/2020;175000
4383;4380;24/01/2020;175000
4384;4381;24/01/2020;94000
4385;4382;24/01/2020;242000
4386;4383;24/01/2020;115000
4387;4384;24/01/2020;60000
4388;4385;24/01/2020;419000
4389;4386;24/01/2020;157000
4390;4387;24/01/2020;56000
4391;4388;24/01/2020;212300
4392;4389;24/01/2020;269000
4393;4390;24/01/2020;182550
4394;4391;24/01/2020;262000
4395;4392;24/01/2020;380271
4396;4393;24/01/2020;157500
4397;4394;24/01/2020;105000
4398;4395;24/01/2020;281640
4399;4396;24/01/2020;171370
4400;4397;24/01/2020;494000
4401;4398;24/01/2020;135424
4402;4399;24/01/2020;359000
4403;4400;24/01/2020;264150
4404;4401;24/01/2020;253130
4405;4402;24/01/2020;162000
4406;4403;24/01/2020;105800
4407;4404;24/01/2020;260000
4408;4405;24/01/2020;85000
4409;4406;24/01/2020;85000
4410;4407;24/01/2020;324000
4411;4408;24/01/2020;164251
4412;4409;24/01/2020;163000
4413;4410;24/01/2020;139100
4414;4411;24/01/2020;567100
4415;4412;24/01/2020;55250
4416;4413;24/01/2020;153000
4417;4414;24/01/2020;156700
4418;4415;24/01/2020;632800
4419;4416;24/01/2020;189000
4420;4417;24/01/2020;118560
4421;4418;24/01/2020;153000
4422;4419;24/01/2020;280000
4423;4420;24/01/2020;124900
4424;4421;24/01/2020;132500
4425;4422;24/01/2020;119000
4426;4423;24/01/2020;162400
4427;4424;24/01/2020;205000
4428;4425;24/01/2020;312000
4429;4426;24/01/2020;310000
4430;4427;24/01/2020;105000
4431;4428;24/01/2020;290000
4432;4429;24/01/2020;152800
4433;4430;24/01/2020;255000
4434;4431;24/01/2020;167500
4435;4432;24/01/2020;240500
4436;4433;24/01/2020;143000
4437;4434;24/01/2020;233000
4438;4435;24/01/2020;123000
4439;4436;24/01/2020;50000
4440;4437;25/01/2020;57950
4441;4438;25/01/2020;39000
4442;4439;25/01/2020;67000
4443;4440;25/01/2020;75460
4444;4441;25/01/2020;58000
4445;4442;25/01/2020;83500
4446;4443;25/01/2020;167500
4447;4444;25/01/2020;206000
4448;4445;25/01/2020;24000
4449;4446;25/01/2020;95730
4450;4447;25/01/2020;129119
4451;4448;25/01/2020;181570
4452;4449;25/01/2020;66000
4453;4450;25/01/2020;155200
4454;4451;25/01/2020;178000
4455;4452;25/01/2020;119000
4456;4453;25/01/2020;21500
4457;4454;25/01/2020;885000
4458;4455;25/01/2020;279100
4459;4456;25/01/2020;76000
4460;4457;25/01/2020;55500
4461;4458;25/01/2020;83000
4462;4459;25/01/2020;123000
4463;4460;25/01/2020;199900
4464;4461;25/01/2020;171990
4465;4462;25/01/2020;71450
4466;4463;25/01/2020;82500
4467;4464;25/01/2020;66400
4468;4465;25/01/2020;116500
4469;4466;25/01/2020;367950
4470;4467;25/01/2020;97000
4471;4468;27/01/2020;101050
4472;4469;27/01/2020;123100
4473;4470;27/01/2020;110600
4474;4471;27/01/2020;79300
4475;4472;27/01/2020;24000
4476;4473;27/01/2020;51000
4477;4474;27/01/2020;415000
4478;4475;27/01/2020;168700
4479;4476;27/01/2020;160000
4480;4477;27/01/2020;227500
4481;4478;27/01/2020;262000
4482;4479;27/01/2020;31800
4483;4480;27/01/2020;135000
4484;4481;27/01/2020;301150
4485;4482;27/01/2020;157000
4486;4483;27/01/2020;315000
4487;4484;27/01/2020;90000
4488;4485;27/01/2020;80000
4489;4486;27/01/2020;112000
4490;4487;27/01/2020;170000
4491;4488;27/01/2020;140000
4492;4489;27/01/2020;112000
4493;4490;27/01/2020;92000
4494;4491;27/01/2020;80000
4495;4492;27/01/2020;70000
4496;4493;27/01/2020;131700
4497;4494;27/01/2020;80000
4498;4495;27/01/2020;238000
4499;4496;27/01/2020;205000
4500;4497;27/01/2020;128000
4501;4498;27/01/2020;603800
4502;4499;27/01/2020;37000
4503;4500;27/01/2020;89000
4504;4501;27/01/2020;269000
4505;4502;27/01/2020;154225
4506;4503;27/01/2020;142000
4507;4504;27/01/2020;123000
4508;4505;27/01/2020;93350
4509;4506;27/01/2020;262000
4510;4507;27/01/2020;102000
4511;4508;27/01/2020;155000
4512;4509;27/01/2020;132000
4513;4510;27/01/2020;61000
4514;4511;27/01/2020;235000
4515;4512;27/01/2020;37000
4516;4513;27/01/2020;46000
4517;4514;27/01/2020;125000
4518;4515;27/01/2020;117000
4519;4516;27/01/2020;68720
4520;4517;27/01/2020;204832
4521;4518;27/01/2020;136000
4522;4519;27/01/2020;174800
4523;4520;27/01/2020;137000
4524;4521;27/01/2020;103000
4525;4522;27/01/2020;112000
4526;4523;27/01/2020;238300
4527;4524;27/01/2020;466544
4528;4525;27/01/2020;88000
4529;4526;27/01/2020;153200
4530;4527;27/01/2020;133500
4531;4528;27/01/2020;204354
4532;4529;27/01/2020;368500
4533;4530;27/01/2020;789950
4534;4531;27/01/2020;82500
4535;4532;27/01/2020;243000
4536;4533;27/01/2020;220000
4537;4534;27/01/2020;92650
4538;4535;27/01/2020;537000
4539;4536;27/01/2020;179000
4540;4537;27/01/2020;102382
4541;4538;27/01/2020;159800
4542;4539;27/01/2020;116000
4543;4540;27/01/2020;246472
4544;4541;27/01/2020;177500
4545;4542;27/01/2020;98000
4546;4543;27/01/2020;151000
4547;4544;27/01/2020;363050
4548;4545;27/01/2020;67000
4549;4546;27/01/2020;93000
4550;4547;27/01/2020;166450
4551;4548;27/01/2020;116000
4552;4549;27/01/2020;146800
4553;4550;27/01/2020;150500
4554;4551;27/01/2020;243500
4555;4552;27/01/2020;280850
4556;4553;27/01/2020;110000
4557;4554;27/01/2020;158500
4558;4555;27/01/2020;54200
4559;4556;27/01/2020;128000
4560;4557;27/01/2020;61000
4561;4558;27/01/2020;111900
4562;4559;27/01/2020;247520
4563;4560;27/01/2020;57000
4564;4561;27/01/2020;112500
4565;4562;27/01/2020;370000
4566;4563;27/01/2020;113000
4567;4564;27/01/2020;74000
4568;4565;27/01/2020;175500
4569;4566;27/01/2020;42500
4570;4567;27/01/2020;97000
4571;4568;27/01/2020;79200
4572;4569;27/01/2020;121500
4573;4570;27/01/2020;151500
4574;4571;27/01/2020;95000
4575;4572;27/01/2020;170000
4576;4573;27/01/2020;123000
4577;4574;27/01/2020;165100
4578;4575;27/01/2020;305799
4579;4576;27/01/2020;67600
4580;4577;27/01/2020;116823
4581;4578;27/01/2020;193900
4582;4579;27/01/2020;57800
4583;4580;27/01/2020;119000
4584;4581;27/01/2020;147000
4585;4582;27/01/2020;120000
4586;4583;27/01/2020;90500
4587;4584;27/01/2020;19500
4588;4585;27/01/2020;99900
4589;4586;27/01/2020;217500
4590;4587;27/01/2020;42000
4591;4588;27/01/2020;175000
4592;4589;27/01/2020;53000
4593;4590;27/01/2020;18000
4594;4591;27/01/2020;70000
4595;4592;27/01/2020;95000
4596;4593;27/01/2020;88000
4597;4594;27/01/2020;114700
4598;4595;27/01/2020;107500
4599;4596;27/01/2020;75000
4600;4597;27/01/2020;62700
4601;4598;27/01/2020;121000
4602;4599;27/01/2020;155000
4603;4600;27/01/2020;59200
4604;4601;27/01/2020;80800
4605;4602;27/01/2020;164000
4606;4603;27/01/2020;118000
4607;4604;27/01/2020;408623
4608;4605;27/01/2020;131500
4609;4606;27/01/2020;96000
4610;4607;27/01/2020;259300
4611;4608;27/01/2020;290000
4612;4609;27/01/2020;309000
4613;4610;27/01/2020;46000
4614;4611;27/01/2020;155000
4615;4612;27/01/2020;289000
4616;4613;27/01/2020;1425900
4617;4614;27/01/2020;1408000
4618;4615;27/01/2020;402800
4619;4616;27/01/2020;3100000
4620;4617;27/01/2020;730000
4621;4618;27/01/2020;338000
4622;4619;27/01/2020;309000
4623;4620;27/01/2020;55000
4624;4621;27/01/2020;1285150
4625;4622;27/01/2020;110000
4626;4623;27/01/2020;435000
4627;4624;27/01/2020;1139800
4628;4625;27/01/2020;162000
4629;4626;27/01/2020;415000
4630;4627;27/01/2020;301350
4631;4628;27/01/2020;206400
4632;4629;27/01/2020;291000
4633;4630;27/01/2020;561000
4634;4631;27/01/2020;173000
4635;4632;27/01/2020;245000
4636;4633;27/01/2020;1170000
4637;4634;27/01/2020;768523
4638;4635;27/01/2020;564500
4639;4636;27/01/2020;520980
4640;4637;27/01/2020;281520
4641;4638;27/01/2020;328000
4642;4639;27/01/2020;317000
4643;4640;27/01/2020;270700
4644;4641;27/01/2020;147000
4645;4642;27/01/2020;707000
4646;4643;27/01/2020;1178000
4647;4644;27/01/2020;466000
4648;4645;27/01/2020;1306000
4649;4646;27/01/2020;728000
4650;4647;27/01/2020;1730000
4651;4648;27/01/2020;533500
4652;4649;27/01/2020;1640000
4653;4650;27/01/2020;1320000
4654;4651;27/01/2020;538600
4655;4652;27/01/2020;1106500
4656;4653;27/01/2020;278500
4657;4654;27/01/2020;512000
4658;4655;27/01/2020;165682
4659;4656;27/01/2020;224000
4660;4657;27/01/2020;132000
4661;4658;27/01/2020;391450
4662;4659;27/01/2020;384000
4663;4660;27/01/2020;382900
4664;4661;27/01/2020;303890
4665;4662;27/01/2020;487000
4666;4663;27/01/2020;238660
4667;4664;27/01/2020;62000
4668;4665;27/01/2020;96000
4669;4666;27/01/2020;95000
4670;4667;27/01/2020;288000
4671;4668;27/01/2020;160000
4672;4669;27/01/2020;109000
4673;4670;27/01/2020;99000
4674;4671;27/01/2020;290000
4675;4672;27/01/2020;103000
4676;4673;27/01/2020;236000
4677;4674;27/01/2020;182000
4678;4675;27/01/2020;94600
4679;4676;27/01/2020;55000
4680;4677;27/01/2020;134900
4681;4678;27/01/2020;334000
4682;4679;27/01/2020;90000
4683;4680;27/01/2020;344000
4684;4681;27/01/2020;147500
4685;4682;27/01/2020;205000
4686;4683;27/01/2020;365100
4687;4684;27/01/2020;200250
4688;4685;27/01/2020;126500
4689;4686;27/01/2020;139300
4690;4687;27/01/2020;100000
4691;4688;27/01/2020;420784
4692;4689;27/01/2020;156590
4693;4690;27/01/2020;133500
4694;4691;27/01/2020;42000
4695;4692;27/01/2020;104500
4696;4693;27/01/2020;43000
4697;4694;27/01/2020;64000
4698;4695;27/01/2020;225000
4699;4696;27/01/2020;45000
4700;4697;27/01/2020;119000
4701;4698;27/01/2020;160000
4702;4699;27/01/2020;126500
4703;4700;27/01/2020;248650
4704;4701;27/01/2020;72500
4705;4702;27/01/2020;220000
4706;4703;27/01/2020;92650
4707;4704;27/01/2020;84000
4708;4705;27/01/2020;74800
4709;4706;27/01/2020;223000
4710;4707;27/01/2020;235000
4711;4708;27/01/2020;119500
4712;4709;27/01/2020;132000
4713;4710;27/01/2020;125000
4714;4711;27/01/2020;253000
4715;4712;27/01/2020;182000
4716;4713;27/01/2020;231000
4717;4714;27/01/2020;231500
4718;4715;27/01/2020;170000
4719;4716;27/01/2020;165000
4720;4717;27/01/2020;113000
4721;4718;27/01/2020;117500
4722;4719;27/01/2020;338000
4723;4720;27/01/2020;298000
4724;4721;27/01/2020;251700
4725;4722;27/01/2020;1311953
4726;4723;27/01/2020;247000
4727;4724;27/01/2020;170000
4728;4725;27/01/2020;480000
4729;4726;27/01/2020;228655
4730;4727;27/01/2020;653000
4731;4728;27/01/2020;265000
4732;4729;27/01/2020;485000
4733;4730;27/01/2020;200000
4734;4731;27/01/2020;214900
4735;4732;27/01/2020;278300
4736;4733;27/01/2020;665000
4737;4734;27/01/2020;475500
4738;4735;27/01/2020;162200
4739;4736;27/01/2020;416000
4740;4737;27/01/2020;1155000
4741;4738;27/01/2020;530106
4742;4739;27/01/2020;182000
4743;4740;27/01/2020;941580
4744;4741;27/01/2020;397800
4745;4742;27/01/2020;355000
4746;4743;27/01/2020;736950
4747;4744;27/01/2020;310110
4748;4745;27/01/2020;147000
4749;4746;27/01/2020;212000
4750;4747;27/01/2020;163795
4751;4748;27/01/2020;90000
4752;4749;27/01/2020;160000
4753;4750;27/01/2020;268750
4754;4751;27/01/2020;194240
4755;4752;27/01/2020;192000
4756;4753;27/01/2020;193800
4757;4754;27/01/2020;85000
4758;4755;27/01/2020;7000
4759;4756;27/01/2020;75865
4760;4757;27/01/2020;190000
4761;4758;27/01/2020;161100
4762;4759;27/01/2020;283000
4763;4760;27/01/2020;239700
4764;4761;27/01/2020;234600
4765;4762;27/01/2020;246300
4766;4763;27/01/2020;217000
4767;4764;27/01/2020;79000
4768;4765;27/01/2020;151000
4769;4766;27/01/2020;279000
4770;4767;27/01/2020;94000
4771;4768;27/01/2020;110000
4772;4769;27/01/2020;82000
4773;4770;27/01/2020;180860
4774;4771;27/01/2020;223000
4775;4772;27/01/2020;195000
4776;4773;27/01/2020;136000
4777;4774;27/01/2020;283000
4778;4775;27/01/2020;90454
4779;4776;27/01/2020;196600
4780;4777;28/01/2020;358000
4781;4778;28/01/2020;185000
4782;4779;28/01/2020;210000
4783;4780;28/01/2020;592487
4784;4781;28/01/2020;203000
4785;4782;28/01/2020;770000
4786;4783;28/01/2020;288000
4787;4784;28/01/2020;199900
4788;4785;28/01/2020;380000
4789;4786;28/01/2020;622850
4790;4787;28/01/2020;170625
4791;4788;28/01/2020;540000
4792;4789;28/01/2020;78000
4793;4790;28/01/2020;125000
4794;4791;28/01/2020;167995
4795;4792;28/01/2020;93000
4796;4793;28/01/2020;73000
4797;4794;28/01/2020;130000
4798;4795;28/01/2020;215000
4799;4796;28/01/2020;325000
4800;4797;28/01/2020;116000
4801;4798;28/01/2020;33500
4802;4799;28/01/2020;81000
4803;4800;28/01/2020;78000
4804;4801;28/01/2020;115000
4805;4802;28/01/2020;270000
4806;4803;28/01/2020;119183
4807;4804;28/01/2020;142000
4808;4805;28/01/2020;127000
4809;4806;28/01/2020;649000
4810;4807;28/01/2020;35000
4811;4808;28/01/2020;208000
4812;4809;28/01/2020;78900
4813;4810;28/01/2020;99450
4814;4811;28/01/2020;54200
4815;4812;28/01/2020;79000
4816;4813;28/01/2020;116000
4817;4814;28/01/2020;136400
4818;4815;28/01/2020;85000
4819;4816;28/01/2020;48430
4820;4817;28/01/2020;45000
4821;4818;28/01/2020;44000
4822;4819;28/01/2020;77500
4823;4820;28/01/2020;132000
4824;4821;28/01/2020;147500
4825;4822;28/01/2020;75000
4826;4823;28/01/2020;45000
4827;4824;28/01/2020;323100
4828;4825;28/01/2020;191500
4829;4826;28/01/2020;119000
4830;4827;28/01/2020;115500
4831;4828;28/01/2020;139500
4832;4829;28/01/2020;320000
4833;4830;28/01/2020;799524
4834;4831;28/01/2020;85000
4835;4832;28/01/2020;106300
4836;4833;28/01/2020;42000
4837;4834;28/01/2020;81800
4838;4835;28/01/2020;133000
4839;4836;28/01/2020;63000
4840;4837;28/01/2020;40000
4841;4838;28/01/2020;245000
4842;4839;28/01/2020;194430
4843;4840;28/01/2020;115700
4844;4841;28/01/2020;195000
4845;4842;28/01/2020;62000
4846;4843;28/01/2020;82353
4847;4844;28/01/2020;91500
4848;4845;28/01/2020;169500
4849;4846;28/01/2020;148300
4850;4847;28/01/2020;81600
4851;4848;28/01/2020;75500
4852;4849;28/01/2020;60200
4853;4850;28/01/2020;149600
4854;4851;28/01/2020;55000
4855;4852;28/01/2020;135000
4856;4853;28/01/2020;86000
4857;4854;28/01/2020;162000
4858;4855;28/01/2020;135000
4859;4856;28/01/2020;56000
4860;4857;28/01/2020;215000
4861;4858;28/01/2020;115000
4862;4859;28/01/2020;219500
4863;4860;28/01/2020;82500
4864;4861;28/01/2020;117000
4865;4862;28/01/2020;59900
4866;4863;28/01/2020;79000
4867;4864;28/01/2020;60060
4868;4865;28/01/2020;68000
4869;4866;28/01/2020;3000
4870;4867;28/01/2020;55706
4871;4868;28/01/2020;44350
4872;4869;28/01/2020;286200
4873;4870;28/01/2020;124600
4874;4871;28/01/2020;150000
4875;4872;28/01/2020;108500
4876;4873;28/01/2020;86045
4877;4874;28/01/2020;172000
4878;4875;28/01/2020;105200
4879;4876;28/01/2020;73000
4880;4877;28/01/2020;263000
4881;4878;28/01/2020;157000
4882;4879;28/01/2020;89500
4883;4880;28/01/2020;74000
4884;4881;28/01/2020;355000
4885;4882;28/01/2020;51000
4886;4883;28/01/2020;90200
4887;4884;28/01/2020;49000
4888;4885;28/01/2020;83000
4889;4886;28/01/2020;54150
4890;4887;28/01/2020;203300
4891;4888;28/01/2020;78000
4892;4889;28/01/2020;183700
4893;4890;28/01/2020;192500
4894;4891;28/01/2020;525700
4895;4892;28/01/2020;485250
4896;4893;28/01/2020;209050
4897;4894;28/01/2020;540000
4898;4895;28/01/2020;83000
4899;4896;28/01/2020;45800
4900;4897;28/01/2020;414500
4901;4898;28/01/2020;86000
4902;4899;28/01/2020;298000
4903;4900;28/01/2020;1100000
4904;4901;28/01/2020;264000
4905;4902;28/01/2020;162000
4906;4903;28/01/2020;178000
4907;4904;28/01/2020;353000
4908;4905;28/01/2020;940000
4909;4906;28/01/2020;210000
4910;4907;28/01/2020;3514110
4911;4908;28/01/2020;825050
4912;4909;28/01/2020;889860
4913;4910;28/01/2020;2607500
4914;4911;28/01/2020;775000
4915;4912;28/01/2020;265500
4916;4913;28/01/2020;341000
4917;4914;28/01/2020;90450
4918;4915;28/01/2020;549000
4919;4916;28/01/2020;506500
4920;4917;28/01/2020;532000
4921;4918;28/01/2020;257740
4922;4919;28/01/2020;288384
4923;4920;28/01/2020;302000
4924;4921;28/01/2020;346000
4925;4922;28/01/2020;265000
4926;4923;28/01/2020;352000
4927;4924;28/01/2020;117000
4928;4925;28/01/2020;1522500
4929;4926;28/01/2020;2153950
4930;4927;28/01/2020;1509450
4931;4928;28/01/2020;249000
4932;4929;28/01/2020;1405000
4933;4930;28/01/2020;448550
4934;4931;28/01/2020;674000
4935;4932;28/01/2020;214150
4936;4933;28/01/2020;409000
4937;4934;28/01/2020;112000
4938;4935;28/01/2020;30000
4939;4936;28/01/2020;173800
4940;4937;28/01/2020;282000
4941;4938;28/01/2020;100000
4942;4939;28/01/2020;310000
4943;4940;28/01/2020;193000
4944;4941;28/01/2020;289000
4945;4942;28/01/2020;457000
4946;4943;28/01/2020;189000
4947;4944;28/01/2020;57000
4948;4945;28/01/2020;195000
4949;4946;28/01/2020;291400
4950;4947;28/01/2020;275000
4951;4948;28/01/2020;80000
4952;4949;28/01/2020;204000
4953;4950;28/01/2020;66250
4954;4951;28/01/2020;236412
4955;4952;28/01/2020;248000
4956;4953;28/01/2020;389000
4957;4954;28/01/2020;140000
4958;4955;28/01/2020;106000
4959;4956;28/01/2020;42000
4960;4957;28/01/2020;140000
4961;4958;28/01/2020;172500
4962;4959;28/01/2020;219700
4963;4960;28/01/2020;58500
4964;4961;28/01/2020;146000
4965;4962;28/01/2020;142700
4966;4963;28/01/2020;476100
4967;4964;28/01/2020;120000
4968;4965;28/01/2020;93000
4969;4966;28/01/2020;147300
4970;4967;28/01/2020;131500
4971;4968;28/01/2020;41000
4972;4969;28/01/2020;79000
4973;4970;28/01/2020;43000
4974;4971;28/01/2020;264730
4975;4972;28/01/2020;100500
4976;4973;28/01/2020;130000
4977;4974;28/01/2020;104500
4978;4975;28/01/2020;81500
4979;4976;28/01/2020;133000
4980;4977;28/01/2020;32500
4981;4978;28/01/2020;96000
4982;4979;28/01/2020;39100
4983;4980;28/01/2020;107000
4984;4981;28/01/2020;173000
4985;4982;28/01/2020;120920
4986;4983;28/01/2020;339000
4987;4984;28/01/2020;106260
4988;4985;28/01/2020;60000
4989;4986;28/01/2020;190000
4990;4987;28/01/2020;178000
4991;4988;28/01/2020;192000
4992;4989;28/01/2020;104000
4993;4990;28/01/2020;148000
4994;4991;28/01/2020;245000
4995;4992;28/01/2020;200000
4996;4993;28/01/2020;247000
4997;4994;28/01/2020;209000
4998;4995;28/01/2020;1037200
4999;4996;28/01/2020;325000
5000;4997;28/01/2020;213000
5001;4998;28/01/2020;440000
5002;4999;28/01/2020;282800
5003;5000;28/01/2020;473000
5004;5001;28/01/2020;195000
5005;5002;28/01/2020;149940
5006;5003;28/01/2020;323810
5007;5004;28/01/2020;825700
5008;5005;28/01/2020;194000
5009;5006;28/01/2020;408500
5010;5007;28/01/2020;230000
5011;5008;28/01/2020;310400
5012;5009;28/01/2020;249000
5013;5010;28/01/2020;152000
5014;5011;28/01/2020;346000
5015;5012;28/01/2020;254330
5016;5013;28/01/2020;50000
5017;5014;28/01/2020;140000
5018;5015;28/01/2020;222450
5019;5016;28/01/2020;163000
5020;5017;28/01/2020;219000
5021;5018;28/01/2020;265000
5022;5019;28/01/2020;104000
5023;5020;28/01/2020;102000
5024;5021;28/01/2020;341400
5025;5022;28/01/2020;167000
5026;5023;28/01/2020;378000
5027;5024;28/01/2020;160000
5028;5025;28/01/2020;202000
5029;5026;28/01/2020;450000
5030;5027;28/01/2020;225000
5031;5028;28/01/2020;262000
5032;5029;28/01/2020;255000
5033;5030;28/01/2020;98000
5034;5031;28/01/2020;320000
5035;5032;28/01/2020;233250
5036;5033;28/01/2020;447000
5037;5034;28/01/2020;176000
5038;5035;28/01/2020;312000
5039;5036;28/01/2020;917000
5040;5037;28/01/2020;327000
5041;5038;28/01/2020;308000
5042;5039;28/01/2020;125000
5043;5040;28/01/2020;280000
5044;5041;28/01/2020;205500
5045;5042;28/01/2020;340000
5046;5043;28/01/2020;358500
5047;5044;28/01/2020;20000
5048;5045;28/01/2020;327000
5049;5046;28/01/2020;159900
5050;5047;28/01/2020;318000
5051;5048;28/01/2020;139000
5052;5049;28/01/2020;148500
5053;5050;28/01/2020;88000
5054;5051;28/01/2020;82700
5055;5052;28/01/2020;95886
5056;5053;28/01/2020;160000
5057;5054;28/01/2020;83000
5058;5055;29/01/2020;580450
5059;5056;29/01/2020;486415
5060;5057;29/01/2020;128015
5061;5058;29/01/2020;105000
5062;5059;29/01/2020;75000
5063;5060;29/01/2020;75000
5064;5061;29/01/2020;140075
5065;5062;29/01/2020;274800
5066;5063;29/01/2020;243522
5067;5064;29/01/2020;304560
5068;5065;29/01/2020;499760
5069;5066;29/01/2020;220500
5070;5067;29/01/2020;87000
5071;5068;29/01/2020;96000
5072;5069;29/01/2020;229000
5073;5070;29/01/2020;115200
5074;5071;29/01/2020;84500
5075;5072;29/01/2020;134800
5076;5073;29/01/2020;69000
5077;5074;29/01/2020;157000
5078;5075;29/01/2020;119000
5079;5076;29/01/2020;45110
5080;5077;29/01/2020;137500
5081;5078;29/01/2020;142000
5082;5079;29/01/2020;152611
5083;5080;29/01/2020;32000
5084;5081;29/01/2020;46000
5085;5082;29/01/2020;65000
5086;5083;29/01/2020;53500
5087;5084;29/01/2020;53200
5088;5085;29/01/2020;95500
5089;5086;29/01/2020;82000
5090;5087;29/01/2020;54500
5091;5088;29/01/2020;172000
5092;5089;29/01/2020;159000
5093;5090;29/01/2020;55100
5094;5091;29/01/2020;72800
5095;5092;29/01/2020;48000
5096;5093;29/01/2020;113380
5097;5094;29/01/2020;41000
5098;5095;29/01/2020;347000
5099;5096;29/01/2020;103000
5100;5097;29/01/2020;82500
5101;5098;29/01/2020;50000
5102;5099;29/01/2020;99540
5103;5100;29/01/2020;211550
5104;5101;29/01/2020;246500
5105;5102;29/01/2020;115050
5106;5103;29/01/2020;113000
5107;5104;29/01/2020;171410
5108;5105;29/01/2020;699000
5109;5106;29/01/2020;182000
5110;5107;29/01/2020;230850
5111;5108;29/01/2020;222500
5112;5109;29/01/2020;228000
5113;5110;29/01/2020;279800
5114;5111;29/01/2020;219000
5115;5112;29/01/2020;171000
5116;5113;29/01/2020;295546
5117;5114;29/01/2020;90755
5118;5115;29/01/2020;179830
5119;5116;29/01/2020;135000
5120;5117;29/01/2020;164700
5121;5118;29/01/2020;141000
5122;5119;29/01/2020;350000
5123;5120;29/01/2020;144000
5124;5121;29/01/2020;194000
5125;5122;29/01/2020;43000
5126;5123;29/01/2020;124550
5127;5124;29/01/2020;208850
5128;5125;29/01/2020;289000
5129;5126;29/01/2020;215000
5130;5127;29/01/2020;45284
5131;5128;29/01/2020;110000
5132;5129;29/01/2020;126000
5133;5130;29/01/2020;115000
5134;5131;29/01/2020;115500
5135;5132;29/01/2020;145000
5136;5133;29/01/2020;157300
5137;5134;29/01/2020;77100
5138;5135;29/01/2020;275000
5139;5136;29/01/2020;84350
5140;5137;29/01/2020;214500
5141;5138;29/01/2020;235900
5142;5139;29/01/2020;248500
5143;5140;29/01/2020;183500
5144;5141;29/01/2020;261900
5145;5142;29/01/2020;77430
5146;5143;29/01/2020;78000
5147;5144;29/01/2020;75000
5148;5145;29/01/2020;114000
5149;5146;29/01/2020;45000
5150;5147;29/01/2020;54200
5151;5148;29/01/2020;69500
5152;5149;29/01/2020;36000
5153;5150;29/01/2020;139900
5154;5151;29/01/2020;77500
5155;5152;29/01/2020;62000
5156;5153;29/01/2020;125600
5157;5154;29/01/2020;51000
5158;5155;29/01/2020;42000
5159;5156;29/01/2020;138000
5160;5157;29/01/2020;132000
5161;5158;29/01/2020;110000
5162;5159;29/01/2020;100000
5163;5160;29/01/2020;106000
5164;5161;29/01/2020;35547
5165;5162;29/01/2020;85000
5166;5163;29/01/2020;197500
5167;5164;29/01/2020;190000
5168;5165;29/01/2020;64000
5169;5166;29/01/2020;166300
5170;5167;29/01/2020;282500
5171;5168;29/01/2020;70000
5172;5169;29/01/2020;107000
5173;5170;29/01/2020;80000
5174;5171;29/01/2020;90000
5175;5172;29/01/2020;200000
5176;5173;29/01/2020;107500
5177;5174;29/01/2020;1280000
5178;5175;29/01/2020;65000
5179;5176;29/01/2020;40000
5180;5177;29/01/2020;150000
5181;5178;29/01/2020;280000
5182;5179;29/01/2020;199000
5183;5180;29/01/2020;295000
5184;5181;29/01/2020;98724
5185;5182;29/01/2020;393150
5186;5183;29/01/2020;294000
5187;5184;29/01/2020;74500
5188;5185;29/01/2020;71500
5189;5186;29/01/2020;40000
5190;5187;29/01/2020;1200000
5191;5188;29/01/2020;263150
5192;5189;29/01/2020;147400
5193;5190;29/01/2020;209600
5194;5191;29/01/2020;147000
5195;5192;29/01/2020;355000
5196;5193;29/01/2020;84000
5197;5194;29/01/2020;133000
5198;5195;29/01/2020;60950
5199;5196;29/01/2020;466080
5200;5197;29/01/2020;459090
5201;5198;29/01/2020;415000
5202;5199;29/01/2020;1650000
5203;5200;29/01/2020;449500
5204;5201;29/01/2020;317000
5205;5202;29/01/2020;939420
5206;5203;29/01/2020;1640777
5207;5204;29/01/2020;1430000
5208;5205;29/01/2020;86000
5209;5206;29/01/2020;732520
5210;5207;29/01/2020;317000
5211;5208;29/01/2020;306240
5212;5209;29/01/2020;338100
5213;5210;29/01/2020;292600
5214;5211;29/01/2020;130015
5215;5212;29/01/2020;542300
5216;5213;29/01/2020;688500
5217;5214;29/01/2020;1135000
5218;5215;29/01/2020;605550
5219;5216;29/01/2020;359500
5220;5217;29/01/2020;416000
5221;5218;29/01/2020;586538
5222;5219;29/01/2020;169150
5223;5220;29/01/2020;814700
5224;5221;29/01/2020;754000
5225;5222;29/01/2020;144000
5226;5223;29/01/2020;404400
5227;5224;29/01/2020;440824
5228;5225;29/01/2020;450470
5229;5226;29/01/2020;134000
5230;5227;29/01/2020;77500
5231;5228;29/01/2020;96000
5232;5229;29/01/2020;85000
5233;5230;29/01/2020;50000
5234;5231;29/01/2020;119000
5235;5232;29/01/2020;211000
5236;5233;29/01/2020;116000
5237;5234;29/01/2020;179000
5238;5235;29/01/2020;95000
5239;5236;29/01/2020;125000
5240;5237;29/01/2020;192200
5241;5238;29/01/2020;143000
5242;5239;29/01/2020;313150
5243;5240;29/01/2020;131550
5244;5241;29/01/2020;250650
5245;5242;29/01/2020;120000
5246;5243;29/01/2020;230000
5247;5244;29/01/2020;85750
5248;5245;29/01/2020;69000
5249;5246;29/01/2020;252000
5250;5247;29/01/2020;39239
5251;5248;29/01/2020;139000
5252;5249;29/01/2020;393000
5253;5250;29/01/2020;407000
5254;5251;29/01/2020;54000
5255;5252;29/01/2020;85000
5256;5253;29/01/2020;100000
5257;5254;29/01/2020;61000
5258;5255;29/01/2020;155000
5259;5256;29/01/2020;118000
5260;5257;29/01/2020;88000
5261;5258;29/01/2020;82500
5262;5259;29/01/2020;117150
5263;5260;29/01/2020;173000
5264;5261;29/01/2020;8600000
5265;5262;29/01/2020;150450
5266;5263;29/01/2020;255000
5267;5264;29/01/2020;94180
5268;5265;29/01/2020;80000
5269;5266;29/01/2020;201000
5270;5267;29/01/2020;126732
5271;5268;29/01/2020;195800
5272;5269;29/01/2020;49500
5273;5270;29/01/2020;368000
5274;5271;29/01/2020;105916
5275;5272;29/01/2020;154600
5276;5273;29/01/2020;100000
5277;5274;29/01/2020;157000
5278;5275;29/01/2020;78000
5279;5276;29/01/2020;169000
5280;5277;29/01/2020;191000
5281;5278;29/01/2020;396466
5282;5279;29/01/2020;82800
5283;5280;29/01/2020;230000
5284;5281;29/01/2020;437300
5285;5282;29/01/2020;270000
5286;5283;29/01/2020;115000
5287;5284;29/01/2020;385000
5288;5285;29/01/2020;633900
5289;5286;29/01/2020;205000
5290;5287;29/01/2020;70000
5291;5288;29/01/2020;190000
5292;5289;29/01/2020;305600
5293;5290;29/01/2020;147400
5294;5291;29/01/2020;462000
5295;5292;29/01/2020;151249
5296;5293;29/01/2020;285000
5297;5294;29/01/2020;178000
5298;5295;29/01/2020;508000
5299;5296;29/01/2020;400000
5300;5297;29/01/2020;339212
5301;5298;29/01/2020;197000
5302;5299;29/01/2020;299000
5303;5300;29/01/2020;1006000
5304;5301;29/01/2020;487805
5305;5302;29/01/2020;692000
5306;5303;29/01/2020;175000
5307;5304;29/01/2020;545000
5308;5305;29/01/2020;40000
5309;5306;29/01/2020;338740
5310;5307;29/01/2020;200000
5311;5308;29/01/2020;142500
5312;5309;29/01/2020;211250
5313;5310;29/01/2020;91800
5314;5311;29/01/2020;133600
5315;5312;29/01/2020;215000
5316;5313;29/01/2020;213000
5317;5314;29/01/2020;172000
5318;5315;29/01/2020;119000
5319;5316;29/01/2020;77000
5320;5317;29/01/2020;308000
5321;5318;29/01/2020;270000
5322;5319;29/01/2020;286400
5323;5320;29/01/2020;257000
5324;5321;29/01/2020;325500
5325;5322;29/01/2020;119500
5326;5323;29/01/2020;568000
5327;5324;29/01/2020;1230000
5328;5325;29/01/2020;128945
5329;5326;29/01/2020;132000
5330;5327;29/01/2020;155500
5331;5328;29/01/2020;132000
5332;5329;29/01/2020;202000
5333;5330;29/01/2020;75000
5334;5331;29/01/2020;169000
5335;5332;29/01/2020;150350
5336;5333;29/01/2020;138000
5337;5334;29/01/2020;48000
5338;5335;30/01/2020;128810
5339;5336;30/01/2020;50000
5340;5337;30/01/2020;570840
5341;5338;30/01/2020;40000
5342;5339;30/01/2020;66450
5343;5340;30/01/2020;347000
5344;5341;30/01/2020;145000
5345;5342;30/01/2020;100000
5346;5343;30/01/2020;307500
5347;5344;30/01/2020;238100
5348;5345;30/01/2020;296000
5349;5346;30/01/2020;20000
5350;5347;30/01/2020;1196000
5351;5348;30/01/2020;376150
5352;5349;30/01/2020;148113
5353;5350;30/01/2020;50400
5354;5351;30/01/2020;87000
5355;5352;30/01/2020;293000
5356;5353;30/01/2020;408000
5357;5354;30/01/2020;95000
5358;5355;30/01/2020;96500
5359;5356;30/01/2020;127000
5360;5357;30/01/2020;57000
5361;5358;30/01/2020;91000
5362;5359;30/01/2020;57000
5363;5360;30/01/2020;100000
5364;5361;30/01/2020;76000
5365;5362;30/01/2020;91000
5366;5363;30/01/2020;76950
5367;5364;30/01/2020;164800
5368;5365;30/01/2020;99000
5369;5366;30/01/2020;332100
5370;5367;30/01/2020;298000
5371;5368;30/01/2020;72000
5372;5369;30/01/2020;112250
5373;5370;30/01/2020;144600
5374;5371;30/01/2020;88000
5375;5372;30/01/2020;217000
5376;5373;30/01/2020;356000
5377;5374;30/01/2020;113150
5378;5375;30/01/2020;55000
5379;5376;30/01/2020;75000
5380;5377;30/01/2020;40000
5381;5378;30/01/2020;84000
5382;5379;30/01/2020;273000
5383;5380;30/01/2020;73000
5384;5381;30/01/2020;184300
5385;5382;30/01/2020;81500
5386;5383;30/01/2020;59000
5387;5384;30/01/2020;131000
5388;5385;30/01/2020;167000
5389;5386;30/01/2020;265000
5390;5387;30/01/2020;161000
5391;5388;30/01/2020;68000
5392;5389;30/01/2020;268000
5393;5390;30/01/2020;118000
5394;5391;30/01/2020;280000
5395;5392;30/01/2020;133000
5396;5393;30/01/2020;71500
5397;5394;30/01/2020;55000
5398;5395;30/01/2020;130000
5399;5396;30/01/2020;38000
5400;5397;30/01/2020;271200
5401;5398;30/01/2020;79999
5402;5399;30/01/2020;51000
5403;5400;30/01/2020;60300
5404;5401;30/01/2020;121800
5405;5402;30/01/2020;137000
5406;5403;30/01/2020;73000
5407;5404;30/01/2020;165000
5408;5405;30/01/2020;121400
5409;5406;30/01/2020;120500
5410;5407;30/01/2020;115500
5411;5408;30/01/2020;143000
5412;5409;30/01/2020;85000
5413;5410;30/01/2020;133150
5414;5411;30/01/2020;222000
5415;5412;30/01/2020;177450
5416;5413;30/01/2020;159574
5417;5414;30/01/2020;75000
5418;5415;30/01/2020;172900
5419;5416;30/01/2020;60000
5420;5417;30/01/2020;155000
5421;5418;30/01/2020;262000
5422;5419;30/01/2020;90000
5423;5420;30/01/2020;160000
5424;5421;30/01/2020;243750
5425;5422;30/01/2020;535150
5426;5423;30/01/2020;216565
5427;5424;30/01/2020;147620
5428;5425;30/01/2020;393800
5429;5426;30/01/2020;307650
5430;5427;30/01/2020;239100
5431;5428;30/01/2020;205600
5432;5429;30/01/2020;480000
5433;5430;30/01/2020;155000
5434;5431;30/01/2020;210000
5435;5432;30/01/2020;193000
5436;5433;30/01/2020;175500
5437;5434;30/01/2020;372000
5438;5435;30/01/2020;149000
5439;5436;30/01/2020;67500
5440;5437;30/01/2020;51000
5441;5438;30/01/2020;64260
5442;5439;30/01/2020;140000
5443;5440;30/01/2020;420000
5444;5441;30/01/2020;43000
5445;5442;30/01/2020;73500
5446;5443;30/01/2020;195700
5447;5444;30/01/2020;120000
5448;5445;30/01/2020;119900
5449;5446;30/01/2020;23000
5450;5447;30/01/2020;35000
5451;5448;30/01/2020;40000
5452;5449;30/01/2020;24000
5453;5450;30/01/2020;177500
5454;5451;30/01/2020;177000
5455;5452;30/01/2020;95800
5456;5453;30/01/2020;302390
5457;5454;30/01/2020;83510
5458;5455;30/01/2020;82000
5459;5456;30/01/2020;228530
5460;5457;30/01/2020;123500
5461;5458;30/01/2020;116500
5462;5459;30/01/2020;73500
5463;5460;30/01/2020;145000
5464;5461;30/01/2020;124000
5465;5462;30/01/2020;155500
5466;5463;30/01/2020;142000
5467;5464;30/01/2020;160000
5468;5465;30/01/2020;144700
5469;5466;30/01/2020;46000
5470;5467;30/01/2020;157000
5471;5468;30/01/2020;108500
5472;5469;30/01/2020;85500
5473;5470;30/01/2020;199116
5474;5471;30/01/2020;127541
5475;5472;30/01/2020;147060
5476;5473;30/01/2020;1021
5477;5474;30/01/2020;97810
5478;5475;30/01/2020;80000
5479;5476;30/01/2020;72999
5480;5477;30/01/2020;74500
5481;5478;30/01/2020;57500
5482;5479;30/01/2020;161030
5483;5480;30/01/2020;133000
5484;5481;30/01/2020;165000
5485;5482;30/01/2020;234000
5486;5483;30/01/2020;84500
5487;5484;30/01/2020;170000
5488;5485;30/01/2020;69637
5489;5486;30/01/2020;255500
5490;5487;30/01/2020;47500
5491;5488;30/01/2020;132400
5492;5489;30/01/2020;60400
5493;5490;30/01/2020;109000
5494;5491;30/01/2020;205000
5495;5492;30/01/2020;109700
5496;5493;30/01/2020;84000
5497;5494;30/01/2020;150000
5498;5495;30/01/2020;98000
5499;5496;30/01/2020;76500
5500;5497;30/01/2020;124500
5501;5498;30/01/2020;285000
5502;5499;30/01/2020;33000
5503;5500;30/01/2020;23100
5504;5501;30/01/2020;114000
5505;5502;30/01/2020;246500
5506;5503;30/01/2020;99000
5507;5504;30/01/2020;105000
5508;5505;30/01/2020;81000
5509;5506;30/01/2020;60000
5510;5507;30/01/2020;84000
5511;5508;30/01/2020;116500
5512;5509;30/01/2020;127000
5513;5510;30/01/2020;168000
5514;5511;30/01/2020;88500
5515;5512;30/01/2020;119500
5516;5513;30/01/2020;74280
5517;5514;30/01/2020;153000
5518;5515;30/01/2020;165000
5519;5516;30/01/2020;119000
5520;5517;30/01/2020;184200
5521;5518;30/01/2020;129250
5522;5519;30/01/2020;
5523;5520;30/01/2020;213500
5524;5521;30/01/2020;537575
5525;5522;30/01/2020;135000
5526;5523;30/01/2020;30000
5527;5524;30/01/2020;197800
5528;5525;30/01/2020;144420
5529;5526;30/01/2020;129000
5530;5527;30/01/2020;103400
5531;5528;30/01/2020;143000
5532;5529;30/01/2020;158000
5533;5530;30/01/2020;164000
5534;5531;30/01/2020;102200
5535;5532;30/01/2020;400000
5536;5533;30/01/2020;64800
5537;5534;30/01/2020;20500
5538;5535;30/01/2020;164500
5539;5536;30/01/2020;233050
5540;5537;30/01/2020;161369
5541;5538;30/01/2020;195000
5542;5539;30/01/2020;83848
5543;5540;30/01/2020;632000
5544;5541;30/01/2020;132000
5545;5542;30/01/2020;100000
5546;5543;30/01/2020;743000
5547;5544;30/01/2020;606510
5548;5545;30/01/2020;355000
5549;5546;30/01/2020;425000
5550;5547;30/01/2020;439275
5551;5548;30/01/2020;697500
5552;5549;30/01/2020;549000
5553;5550;30/01/2020;410000
5554;5551;30/01/2020;196603
5555;5552;30/01/2020;895840
5556;5553;30/01/2020;44850
5557;5554;30/01/2020;642000
5558;5555;30/01/2020;208000
5559;5556;30/01/2020;577900
5560;5557;30/01/2020;493170
5561;5558;30/01/2020;463000
5562;5559;30/01/2020;364750
5563;5560;30/01/2020;329000
5564;5561;30/01/2020;302000
5565;5562;30/01/2020;1201150
5566;5563;30/01/2020;270000
5567;5564;30/01/2020;2634000
5568;5565;30/01/2020;53000
5569;5566;30/01/2020;135500
5570;5567;30/01/2020;525500
5571;5568;30/01/2020;338000
5572;5569;30/01/2020;320000
5573;5570;30/01/2020;455000
5574;5571;30/01/2020;589250
5575;5572;30/01/2020;165850
5576;5573;30/01/2020;601288
5577;5574;30/01/2020;895503
5578;5575;30/01/2020;145000
5579;5576;30/01/2020;2578300
5580;5577;30/01/2020;892850
5581;5578;30/01/2020;667000
5582;5579;30/01/2020;2150000
5583;5580;30/01/2020;309500
5584;5581;30/01/2020;381275
5585;5582;30/01/2020;340500
5586;5583;30/01/2020;1270000
5587;5584;30/01/2020;589000
5588;5585;30/01/2020;364000
5589;5586;30/01/2020;488000
5590;5587;30/01/2020;502500
5591;5588;30/01/2020;1080000
5592;5589;30/01/2020;345023
5593;5590;30/01/2020;271100
5594;5591;30/01/2020;531100
5595;5592;30/01/2020;122500
5596;5593;30/01/2020;1291000
5597;5594;30/01/2020;358000
5598;5595;30/01/2020;174000
5599;5596;30/01/2020;767200
5600;5597;30/01/2020;567000
5601;5598;30/01/2020;394300
5602;5599;30/01/2020;92000
5603;5600;30/01/2020;144000
5604;5601;30/01/2020;38500
5605;5602;30/01/2020;184530
5606;5603;30/01/2020;78500
5607;5604;30/01/2020;290000
5608;5605;30/01/2020;105000
5609;5606;30/01/2020;150000
5610;5607;30/01/2020;116000
5611;5608;30/01/2020;240000
5612;5609;30/01/2020;156370
5613;5610;30/01/2020;152000
5614;5611;30/01/2020;355400
5615;5612;30/01/2020;148000
5616;5613;30/01/2020;253260
5617;5614;30/01/2020;182000
5618;5615;30/01/2020;96500
5619;5616;30/01/2020;202200
5620;5617;30/01/2020;178900
5621;5618;30/01/2020;151300
5622;5619;30/01/2020;257250
5623;5620;30/01/2020;130400
5624;5621;30/01/2020;135000
5625;5622;30/01/2020;210000
5626;5623;30/01/2020;266600
5627;5624;30/01/2020;444000
5628;5625;30/01/2020;108000
5629;5626;30/01/2020;342500
5630;5627;30/01/2020;732000
5631;5628;30/01/2020;186000
5632;5629;30/01/2020;188000
5633;5630;30/01/2020;76590
5634;5631;30/01/2020;68947
5635;5632;30/01/2020;85000
5636;5633;30/01/2020;217000
5637;5634;30/01/2020;400000
5638;5635;30/01/2020;88650
5639;5636;30/01/2020;112500
5640;5637;30/01/2020;457000
5641;5638;30/01/2020;248000
5642;5639;30/01/2020;104000
5643;5640;30/01/2020;92000
5644;5641;30/01/2020;57000
5645;5642;30/01/2020;165000
5646;5643;30/01/2020;38000
5647;5644;30/01/2020;45000
5648;5645;30/01/2020;71000
5649;5646;30/01/2020;126200
5650;5647;30/01/2020;108000
5651;5648;30/01/2020;36500
5652;5649;30/01/2020;69500
5653;5650;30/01/2020;98170
5654;5651;30/01/2020;44300
5655;5652;30/01/2020;63085
5656;5653;30/01/2020;167000
5657;5654;30/01/2020;124000
5658;5655;30/01/2020;262500
5659;5656;30/01/2020;155900
5660;5657;30/01/2020;165000
5661;5658;30/01/2020;124500
5662;5659;30/01/2020;140500
5663;5660;30/01/2020;215290
5664;5661;30/01/2020;180000
5665;5662;30/01/2020;354500
5666;5663;30/01/2020;216330
5667;5664;30/01/2020;117000
5668;5665;30/01/2020;70000
5669;5666;30/01/2020;210690
5670;5667;30/01/2020;629900
5671;5668;30/01/2020;200550
5672;5669;30/01/2020;355000
5673;5670;30/01/2020;150000
5674;5671;30/01/2020;312700
5675;5672;30/01/2020;730000
5676;5673;30/01/2020;360000
5677;5674;30/01/2020;397500
5678;5675;30/01/2020;306750
5679;5676;30/01/2020;601100
5680;5677;30/01/2020;205000
5681;5678;30/01/2020;936000
5682;5679;30/01/2020;184000
5683;5680;30/01/2020;232000
5684;5681;30/01/2020;234000
5685;5682;30/01/2020;332700
5686;5683;30/01/2020;132500
5687;5684;30/01/2020;223000
5688;5685;30/01/2020;139100
5689;5686;30/01/2020;461500
5690;5687;30/01/2020;365000
5691;5688;30/01/2020;291738
5692;5689;30/01/2020;80893
5693;5690;30/01/2020;475000
5694;5691;30/01/2020;234300
5695;5692;30/01/2020;322000
5696;5693;30/01/2020;873150
5697;5694;30/01/2020;560750
5698;5695;30/01/2020;136000
5699;5696;30/01/2020;384000
5700;5697;30/01/2020;870000
5701;5698;30/01/2020;964000
5702;5699;30/01/2020;80000
5703;5700;30/01/2020;235000
5704;5701;30/01/2020;126500
5705;5702;30/01/2020;84000
5706;5703;30/01/2020;275000
5707;5704;30/01/2020;500000
5708;5705;30/01/2020;180000
5709;5706;30/01/2020;110000
5710;5707;30/01/2020;323000
5711;5708;30/01/2020;259000
5712;5709;30/01/2020;92740
5713;5710;30/01/2020;275400
5714;5711;30/01/2020;120000
5715;5712;30/01/2020;180000
5716;5713;30/01/2020;158000
5717;5714;30/01/2020;500000
5718;5715;30/01/2020;98000
5719;5716;30/01/2020;65000
5720;5717;30/01/2020;171000
5721;5718;30/01/2020;171270
5722;5719;30/01/2020;95000
5723;5720;30/01/2020;210000
5724;5721;30/01/2020;322000
5725;5722;30/01/2020;270000
5726;5723;30/01/2020;135500
5727;5724;30/01/2020;175000
5728;5725;30/01/2020;272900
5729;5726;30/01/2020;191500
5730;5727;30/01/2020;300000
5731;5728;30/01/2020;172000
5732;5729;30/01/2020;115000
5733;5730;30/01/2020;143000
5734;5731;30/01/2020;257200
5735;5732;30/01/2020;80000
5736;5733;30/01/2020;146000
5737;5734;30/01/2020;159300
5738;5735;30/01/2020;130000
5739;5736;30/01/2020;322000
5740;5737;30/01/2020;82500
5741;5738;30/01/2020;65000
5742;5739;30/01/2020;312000
5743;5740;30/01/2020;260000
5744;5741;30/01/2020;208000
5745;5742;30/01/2020;252700
5746;5743;30/01/2020;150000
5747;5744;30/01/2020;72000
5748;5745;30/01/2020;63000
5749;5746;30/01/2020;175000
5750;5747;31/01/2020;150000
5751;5748;31/01/2020;530000
5752;5749;31/01/2020;285000
5753;5750;31/01/2020;274000
5754;5751;31/01/2020;110000
5755;5752;31/01/2020;47000
5756;5753;31/01/2020;160500
5757;5754;31/01/2020;113000
5758;5755;31/01/2020;105375
5759;5756;31/01/2020;182000
5760;5757;31/01/2020;211687
5761;5758;31/01/2020;1100000
5762;5759;31/01/2020;102000
5763;5760;31/01/2020;105000
5764;5761;31/01/2020;240000
5765;5762;31/01/2020;118000
5766;5763;31/01/2020;325000
5767;5764;31/01/2020;110000
5768;5765;31/01/2020;140000
5769;5766;31/01/2020;245000
5770;5767;31/01/2020;341000
5771;5768;31/01/2020;200150
5772;5769;31/01/2020;205250
5773;5770;31/01/2020;50925
5774;5771;31/01/2020;559900
5775;5772;31/01/2020;88405
5776;5773;31/01/2020;100000
5777;5774;31/01/2020;1380000
5778;5775;31/01/2020;142200
5779;5776;31/01/2020;75200
5780;5777;31/01/2020;215000
5781;5778;31/01/2020;92000
5782;5779;31/01/2020;83000
5783;5780;31/01/2020;85000
5784;5781;31/01/2020;128000
5785;5782;31/01/2020;59000
5786;5783;31/01/2020;30000
5787;5784;31/01/2020;74000
5788;5785;31/01/2020;64000
5789;5786;31/01/2020;44100
5790;5787;31/01/2020;43000
5791;5788;31/01/2020;139000
5792;5789;31/01/2020;148000
5793;5790;31/01/2020;153000
5794;5791;31/01/2020;134000
5795;5792;31/01/2020;42540
5796;5793;31/01/2020;24000
5797;5794;31/01/2020;305000
5798;5795;31/01/2020;221000
5799;5796;31/01/2020;224000
5800;5797;31/01/2020;141920
5801;5798;31/01/2020;232000
5802;5799;31/01/2020;66000
5803;5800;31/01/2020;185000
5804;5801;31/01/2020;77000
5805;5802;31/01/2020;65000
5806;5803;31/01/2020;268400
5807;5804;31/01/2020;560000
5808;5805;31/01/2020;146750
5809;5806;31/01/2020;1000000
5810;5807;31/01/2020;162000
5811;5808;31/01/2020;75400
5812;5809;31/01/2020;171000
5813;5810;31/01/2020;56000
5814;5811;31/01/2020;150000
5815;5812;31/01/2020;255000
5816;5813;31/01/2020;130000
5817;5814;31/01/2020;60500
5818;5815;31/01/2020;65500
5819;5816;31/01/2020;323000
5820;5817;31/01/2020;98930
5821;5818;31/01/2020;63350
5822;5819;31/01/2020;62200
5823;5820;31/01/2020;96050
5824;5821;31/01/2020;71000
5825;5822;31/01/2020;37500
5826;5823;31/01/2020;139000
5827;5824;31/01/2020;73000
5828;5825;31/01/2020;87000
5829;5826;31/01/2020;162000
5830;5827;31/01/2020;363000
5831;5828;31/01/2020;447000
5832;5829;31/01/2020;103000
5833;5830;31/01/2020;227700
5834;5831;31/01/2020;433000
5835;5832;31/01/2020;128000
5836;5833;31/01/2020;92400
5837;5834;31/01/2020;216315
5838;5835;31/01/2020;215380
5839;5836;31/01/2020;783265
5840;5837;31/01/2020;152000
5841;5838;31/01/2020;100732
5842;5839;31/01/2020;270000
5843;5840;31/01/2020;119000
5844;5841;31/01/2020;190000
5845;5842;31/01/2020;114500
5846;5843;31/01/2020;235500
5847;5844;31/01/2020;343700
5848;5845;31/01/2020;347500
5849;5846;31/01/2020;167000
5850;5847;31/01/2020;192018
5851;5848;31/01/2020;131500
5852;5849;31/01/2020;334830
5853;5850;31/01/2020;278650
5854;5851;31/01/2020;407650
5855;5852;31/01/2020;242150
5856;5853;31/01/2020;213500
5857;5854;31/01/2020;166600
5858;5855;31/01/2020;143000
5859;5856;31/01/2020;141020
5860;5857;31/01/2020;141600
5861;5858;31/01/2020;158500
5862;5859;31/01/2020;165330
5863;5860;31/01/2020;70000
5864;5861;31/01/2020;118291
5865;5862;31/01/2020;561500
5866;5863;31/01/2020;110260
5867;5864;31/01/2020;279000
5868;5865;31/01/2020;176000
5869;5866;31/01/2020;263450
5870;5867;31/01/2020;69900
5871;5868;31/01/2020;200381
5872;5869;31/01/2020;29000
5873;5870;31/01/2020;76000
5874;5871;31/01/2020;14000
5875;5872;31/01/2020;99800
5876;5873;31/01/2020;87000
5877;5874;31/01/2020;56000
5878;5875;31/01/2020;91500
5879;5876;31/01/2020;82000
5880;5877;31/01/2020;78000
5881;5878;31/01/2020;105000
5882;5879;31/01/2020;196000
5883;5880;31/01/2020;106500
5884;5881;31/01/2020;215500
5885;5882;31/01/2020;68000
5886;5883;31/01/2020;127000
5887;5884;31/01/2020;125200
5888;5885;31/01/2020;52300
5889;5886;31/01/2020;330000
5890;5887;31/01/2020;216740
5891;5888;31/01/2020;96000
5892;5889;31/01/2020;204104
5893;5890;31/01/2020;113645
5894;5891;31/01/2020;145800
5895;5892;31/01/2020;72125
5896;5893;31/01/2020;103750
5897;5894;31/01/2020;133000
5898;5895;31/01/2020;330000
5899;5896;31/01/2020;100000
5900;5897;31/01/2020;136525
5901;5898;31/01/2020;109500
5902;5899;31/01/2020;219530
5903;5900;31/01/2020;147000
5904;5901;31/01/2020;236200
5905;5902;31/01/2020;140000
5906;5903;31/01/2020;88000
5907;5904;31/01/2020;160000
5908;5905;31/01/2020;84987
5909;5906;31/01/2020;183310
5910;5907;31/01/2020;117000
5911;5908;31/01/2020;103000
5912;5909;31/01/2020;134000
5913;5910;31/01/2020;30500
5914;5911;31/01/2020;74200
5915;5912;31/01/2020;55500
5916;5913;31/01/2020;88000
5917;5914;31/01/2020;107750
5918;5915;31/01/2020;41300
5919;5916;31/01/2020;63950
5920;5917;31/01/2020;116500
5921;5918;31/01/2020;85000
5922;5919;31/01/2020;112500
5923;5920;31/01/2020;319990
5924;5921;31/01/2020;13300
5925;5922;31/01/2020;120000
5926;5923;31/01/2020;105000
5927;5924;31/01/2020;220000
5928;5925;31/01/2020;70000
5929;5926;31/01/2020;45000
5930;5927;31/01/2020;90500
5931;5928;31/01/2020;137500
5932;5929;31/01/2020;223000
5933;5930;31/01/2020;35000
5934;5931;31/01/2020;35000
5935;5932;31/01/2020;52000
5936;5933;31/01/2020;53590
5937;5934;31/01/2020;126500
5938;5935;31/01/2020;172000
5939;5936;31/01/2020;38000
5940;5937;31/01/2020;89233
5941;5938;31/01/2020;72050
5942;5939;31/01/2020;34000
5943;5940;31/01/2020;463000
5944;5941;31/01/2020;105000
5945;5942;31/01/2020;95000
5946;5943;31/01/2020;73500
5947;5944;31/01/2020;142500
5948;5945;31/01/2020;62000
5949;5946;31/01/2020;183000
5950;5947;31/01/2020;173000
5951;5948;31/01/2020;82000
5952;5949;31/01/2020;185350
5953;5950;31/01/2020;176800
5954;5951;31/01/2020;300000
5955;5952;31/01/2020;65550
5956;5953;31/01/2020;114000
5957;5954;31/01/2020;245800
5958;5955;31/01/2020;143400
5959;5956;31/01/2020;63000
5960;5957;31/01/2020;67200
5961;5958;31/01/2020;22500
5962;5959;31/01/2020;78000
5963;5960;31/01/2020;100500
5964;5961;31/01/2020;182000
5965;5962;31/01/2020;162000
5966;5963;31/01/2020;83665
5967;5964;31/01/2020;200600
5968;5965;31/01/2020;196650
5969;5966;31/01/2020;138400
5970;5967;31/01/2020;281867
5971;5968;31/01/2020;522100
5972;5969;31/01/2020;175000
5973;5970;31/01/2020;65000
5974;5971;31/01/2020;425000
5975;5972;31/01/2020;158430
5976;5973;31/01/2020;72500
5977;5974;31/01/2020;317500
5978;5975;31/01/2020;182450
5979;5976;31/01/2020;198000
5980;5977;31/01/2020;415590
5981;5978;31/01/2020;957000
5982;5979;31/01/2020;211000
5983;5980;31/01/2020;755000
5984;5981;31/01/2020;460000
5985;5982;31/01/2020;265000
5986;5983;31/01/2020;384000
5987;5984;31/01/2020;34000
5988;5985;31/01/2020;97800
5989;5986;31/01/2020;31000
5990;5987;31/01/2020;163300
5991;5988;31/01/2020;306000
5992;5989;31/01/2020;258800
5993;5990;31/01/2020;184600
5994;5991;31/01/2020;599000
5995;5992;31/01/2020;68800
5996;5993;31/01/2020;1265000
5997;5994;31/01/2020;211545
5998;5995;31/01/2020;51775
5999;5996;31/01/2020;624080
6000;5997;31/01/2020;110000
6001;5998;31/01/2020;40445
6002;5999;31/01/2020;52500
6003;6000;31/01/2020;170000
6004;6001;31/01/2020;137280
6005;6002;31/01/2020;418000
6006;6003;31/01/2020;1430000
6007;6004;31/01/2020;932000
6008;6005;31/01/2020;860000
6009;6006;31/01/2020;543100
6010;6007;31/01/2020;416820
6011;6008;31/01/2020;900000
6012;6009;31/01/2020;642200
6013;6010;31/01/2020;470000
6014;6011;31/01/2020;368000
6015;6012;31/01/2020;122000
6016;6013;31/01/2020;268000
6017;6014;31/01/2020;2001400
6018;6015;31/01/2020;447000
6019;6016;31/01/2020;51875
6020;6017;31/01/2020;247000
6021;6018;31/01/2020;375000
6022;6019;31/01/2020;570270
6023;6020;31/01/2020;198000
6024;6021;31/01/2020;378000
6025;6022;31/01/2020;736000
6026;6023;31/01/2020;173000
6027;6024;31/01/2020;301600
6028;6025;31/01/2020;412000
6029;6026;31/01/2020;250500
6030;6027;31/01/2020;435450
6031;6028;31/01/2020;495000
6032;6029;31/01/2020;232000
6033;6030;31/01/2020;465500
6034;6031;31/01/2020;532600
6035;6032;31/01/2020;373000
6036;6033;31/01/2020;589000
6037;6034;31/01/2020;502000
6038;6035;31/01/2020;376000
6039;6036;31/01/2020;216000
6040;6037;31/01/2020;94000
6041;6038;31/01/2020;576000
6042;6039;31/01/2020;110000
6043;6040;31/01/2020;470450
6044;6041;31/01/2020;163700
6045;6042;31/01/2020;537000
6046;6043;31/01/2020;661000
6047;6044;31/01/2020;370200
6048;6045;31/01/2020;443700
6049;6046;31/01/2020;392200
6050;6047;31/01/2020;737320
6051;6048;31/01/2020;540000
6052;6049;31/01/2020;582450
6053;6050;31/01/2020;422500
6054;6051;31/01/2020;143000
6055;6052;31/01/2020;248600
6056;6053;31/01/2020;567400
6057;6054;31/01/2020;1544000
6058;6055;31/01/2020;443000
6059;6056;31/01/2020;168500
6060;6057;31/01/2020;524000
6061;6058;31/01/2020;295000
6062;6059;31/01/2020;180850
6063;6060;31/01/2020;1496250
6064;6061;31/01/2020;135000
6065;6062;31/01/2020;1241634
6066;6063;31/01/2020;595850
6067;6064;31/01/2020;1293100
6068;6065;31/01/2020;940872
6069;6066;31/01/2020;716610
6070;6067;31/01/2020;303590
6071;6068;31/01/2020;487700
6072;6069;31/01/2020;379000
6073;6070;31/01/2020;563322
6074;6071;31/01/2020;551700
6075;6072;31/01/2020;75000
6076;6073;31/01/2020;2100000
6077;6074;31/01/2020;194900
6078;6075;31/01/2020;528220
6079;6076;31/01/2020;843040
6080;6077;31/01/2020;132500
6081;6078;31/01/2020;335488
6082;6079;31/01/2020;134000
6083;6080;31/01/2020;522827
6084;6081;31/01/2020;853500
6085;6082;31/01/2020;496200
6086;6083;31/01/2020;770590
6087;6084;31/01/2020;370450
6088;6085;31/01/2020;628900
6089;6086;31/01/2020;48000
6090;6087;31/01/2020;75600
6091;6088;31/01/2020;156000
6092;6089;31/01/2020;140500
6093;6090;31/01/2020;64000
6094;6091;31/01/2020;92000
6095;6092;31/01/2020;84000
6096;6093;31/01/2020;144000
6097;6094;31/01/2020;153000
6098;6095;31/01/2020;78500
6099;6096;31/01/2020;202000
6100;6097;31/01/2020;128000
6101;6098;31/01/2020;171800
6102;6099;31/01/2020;137000
6103;6100;31/01/2020;110000
6104;6101;31/01/2020;115000
6105;6102;31/01/2020;159000
6106;6103;31/01/2020;85000
6107;6104;31/01/2020;300000
6108;6105;31/01/2020;103500
6109;6106;31/01/2020;212000
6110;6107;31/01/2020;170500
6111;6108;31/01/2020;256800
6112;6109;31/01/2020;74000
6113;6110;31/01/2020;118000
6114;6111;31/01/2020;190000
6115;6112;31/01/2020;133500
6116;6113;31/01/2020;273200
6117;6114;31/01/2020;159000
6118;6115;31/01/2020;210500
6119;6116;31/01/2020;184850
6120;6117;31/01/2020;262000
6121;6118;31/01/2020;182300
6122;6119;31/01/2020;345050
6123;6120;31/01/2020;136500
6124;6120;29/05/2020;142000
6125;6121;31/01/2020;115000
6126;6122;31/01/2020;260000
6127;6123;31/01/2020;189500
6128;6124;31/01/2020;148000
6129;6125;31/01/2020;249200
6130;6126;31/01/2020;137000
6131;6127;31/01/2020;190760
6132;6128;31/01/2020;267200
6133;6129;31/01/2020;139400
6134;6130;31/01/2020;107500
6135;6131;31/01/2020;150600
6136;6132;31/01/2020;202000
6137;6133;31/01/2020;243000
6138;6134;31/01/2020;207000
6139;6135;31/01/2020;118600
6140;6136;31/01/2020;241500
6141;6137;31/01/2020;234000
6142;6138;31/01/2020;276600
6143;6139;31/01/2020;473000
6144;6140;31/01/2020;72000
6145;6141;31/01/2020;59500
6146;6142;31/01/2020;92500
6147;6143;31/01/2020;26000
6148;6144;31/01/2020;186656
6149;6145;31/01/2020;32000
6150;6146;31/01/2020;159000
6151;6147;31/01/2020;348350
6152;6148;31/01/2020;600000
6153;6149;31/01/2020;389000
6154;6150;31/01/2020;142000
6155;6151;31/01/2020;76500
6156;6152;31/01/2020;93300
6157;6153;31/01/2020;272000
6158;6154;31/01/2020;565000
6159;6155;31/01/2020;386000
6160;6156;31/01/2020;230800
6161;6157;31/01/2020;152000
6162;6158;31/01/2020;77000
6163;6159;31/01/2020;310000
6164;6160;31/01/2020;235950
6165;6161;31/01/2020;72000
6166;6162;31/01/2020;101210
6167;6163;31/01/2020;132855
6168;6164;31/01/2020;88000
6169;6165;31/01/2020;74000
6170;6166;31/01/2020;54500
6171;6167;31/01/2020;128100
6172;6168;31/01/2020;118100
6173;6169;31/01/2020;147380
6174;6170;31/01/2020;169430
6175;6171;31/01/2020;50600
6176;6172;31/01/2020;68200
6177;6173;31/01/2020;105400
6178;6174;31/01/2020;38010
6179;6175;31/01/2020;20000
6180;6176;31/01/2020;105700
6181;6177;31/01/2020;76400
6182;6178;31/01/2020;50000
6183;6179;31/01/2020;142500
6184;6180;31/01/2020;262000
6185;6181;31/01/2020;284000
6186;6182;31/01/2020;119000
6187;6183;31/01/2020;396460
6188;6184;31/01/2020;83833
6189;6185;31/01/2020;155000
6190;6186;31/01/2020;182000
6191;6187;31/01/2020;296000
6192;6188;31/01/2020;139000
6193;6189;31/01/2020;86000
6194;6190;31/01/2020;97850
6195;6191;31/01/2020;293000
6196;6192;31/01/2020;194000
6197;6193;31/01/2020;105000
6198;6194;31/01/2020;209000
6199;6195;31/01/2020;158000
6200;6196;31/01/2020;468900
6201;6197;31/01/2020;484600
6202;6198;31/01/2020;179150
6203;6199;31/01/2020;560060
6204;6200;31/01/2020;218301
6205;6201;31/01/2020;138100
6206;6202;31/01/2020;400000
6207;6203;31/01/2020;632000
6208;6204;31/01/2020;572000
6209;6205;31/01/2020;589900
6210;6206;31/01/2020;500000
6211;6207;31/01/2020;129000
6212;6208;31/01/2020;35000
6213;6209;31/01/2020;275000
6214;6210;31/01/2020;242760
6215;6211;31/01/2020;420000
6216;6212;31/01/2020;120000
6217;6213;31/01/2020;300000
6218;6214;31/01/2020;245145
6219;6215;31/01/2020;687710
6220;6216;31/01/2020;161350
6221;6217;31/01/2020;333250
6222;6218;31/01/2020;380500
6223;6219;31/01/2020;135000
6224;6220;31/01/2020;670550
6225;6221;31/01/2020;476800
6226;6222;31/01/2020;620000
6227;6223;31/01/2020;179000
6228;6224;31/01/2020;207550
6229;6225;31/01/2020;424000
6230;6226;31/01/2020;112000
6231;6227;31/01/2020;262000
6232;6228;31/01/2020;258700
6233;6229;31/01/2020;475000
6234;6230;31/01/2020;250250
6235;6231;31/01/2020;109000
6236;6232;31/01/2020;332000
6237;6233;31/01/2020;408770
6238;6234;31/01/2020;343250
6239;6235;31/01/2020;262080
6240;6236;31/01/2020;284000
6241;6237;31/01/2020;158444
6242;6238;31/01/2020;96000
6243;6239;31/01/2020;106000
6244;6240;31/01/2020;115000
6245;6241;31/01/2020;123000
6246;6242;31/01/2020;262000
6247;6243;31/01/2020;239000
6248;6244;31/01/2020;657000
6249;6245;31/01/2020;227000
6250;6246;31/01/2020;423420
6251;6247;31/01/2020;251000
6252;6248;31/01/2020;350065
6253;6249;31/01/2020;203000
6254;6250;31/01/2020;290000
6255;6251;31/01/2020;181000
6256;6252;31/01/2020;209000
6257;6253;31/01/2020;185000
6258;6254;31/01/2020;426410
6259;6255;31/01/2020;95000
6260;6256;31/01/2020;171000
6261;6257;31/01/2020;305000
6262;6258;31/01/2020;333000
6263;6259;31/01/2020;194000
6264;6260;31/01/2020;341450
6265;6261;31/01/2020;414200
6266;6262;31/01/2020;162000
6267;6263;31/01/2020;190530
6268;6264;31/01/2020;165000
6269;6265;31/01/2020;658800
6270;6266;31/01/2020;227000
6271;6267;31/01/2020;184350
6272;6268;31/01/2020;232500
6273;6269;31/01/2020;190000
6274;6270;31/01/2020;170468
6275;6271;31/01/2020;458500
6276;6272;31/01/2020;328000
6277;6273;31/01/2020;170000
6278;6274;31/01/2020;324600
6279;6275;31/01/2020;207800
6280;6276;31/01/2020;116000
6281;6277;31/01/2020;273000
6282;6278;31/01/2020;213000
6283;6279;31/01/2020;218000
6284;6280;31/01/2020;700000
6285;6281;31/01/2020;245000
6286;6282;31/01/2020;201900
6287;6283;31/01/2020;318000
6288;6284;31/01/2020;570000
6289;6285;31/01/2020;655000
6290;6286;31/01/2020;368000
6291;6287;31/01/2020;204000
6292;6288;31/01/2020;365000
6293;6289;31/01/2020;400500
6294;6290;31/01/2020;99500
6295;6291;31/01/2020;230334
6296;6292;31/01/2020;179000
6297;6293;31/01/2020;337960
6298;6294;31/01/2020;71500
6299;6295;31/01/2020;130000
6300;6296;31/01/2020;171600
6301;6297;31/01/2020;615000
6302;6298;31/01/2020;426300
6303;6299;31/01/2020;185000
6304;6300;31/01/2020;327800
6305;6301;31/01/2020;207000
6306;6302;31/01/2020;79000
6307;6303;31/01/2020;199450
6308;6304;31/01/2020;360000
6309;6305;31/01/2020;97000
6310;6306;31/01/2020;200000
6311;6307;31/01/2020;132000
6312;6308;31/01/2020;54000
6313;6309;31/01/2020;155000
6314;6310;31/01/2020;108000
6315;6311;31/01/2020;250000
6316;6312;31/01/2020;45000
6317;6313;31/01/2020;151000
6318;6314;31/01/2020;115000
6319;6315;01/02/2020;76000
6320;6316;01/02/2020;98000
6321;6317;01/02/2020;740000
6322;6318;01/02/2020;88000
6323;6319;01/02/2020;33010
6324;6320;01/02/2020;50000
6325;6321;01/02/2020;256600
6326;6322;01/02/2020;159500
6327;6323;01/02/2020;165000
6328;6324;01/02/2020;66000
6329;6325;01/02/2020;290000
6330;6326;01/02/2020;29500
6331;6327;01/02/2020;368509
6332;6328;01/02/2020;184000
6333;6329;01/02/2020;255000
6334;6330;01/02/2020;89000
6335;6331;01/02/2020;105000
6336;6332;01/02/2020;150000
6337;6333;01/02/2020;29000
6338;6334;01/02/2020;173950
6339;6335;01/02/2020;153500
6340;6336;01/02/2020;86000
6341;6337;01/02/2020;273000
6342;6338;01/02/2020;139500
6343;6339;01/02/2020;353000
6344;6340;03/02/2020;67000
6345;6341;03/02/2020;140500
6346;6342;03/02/2020;135700
6347;6343;03/02/2020;56000
6348;6344;03/02/2020;332500
6349;6345;03/02/2020;79180
6350;6346;03/02/2020;123000
6351;6347;03/02/2020;244285
6352;6348;03/02/2020;117000
6353;6349;03/02/2020;291880
6354;6350;03/02/2020;178140
6355;6351;03/02/2020;95000
6356;6352;03/02/2020;270000
6357;6353;03/02/2020;107000
6358;6354;03/02/2020;500000
6359;6355;03/02/2020;259000
6360;6356;03/02/2020;42000
6361;6357;03/02/2020;68255
6362;6358;03/02/2020;54625
6363;6359;03/02/2020;93333
6364;6360;03/02/2020;139000
6365;6361;03/02/2020;117000
6366;6362;03/02/2020;66000
6367;6363;03/02/2020;67500
6368;6364;03/02/2020;106000
6369;6365;03/02/2020;214200
6370;6366;03/02/2020;213000
6371;6367;03/02/2020;136000
6372;6368;03/02/2020;257000
6373;6369;03/02/2020;242350
6374;6370;03/02/2020;160000
6375;6371;03/02/2020;8000
6376;6372;03/02/2020;106500
6377;6373;03/02/2020;138000
6378;6374;03/02/2020;160050
6379;6375;03/02/2020;54500
6380;6376;03/02/2020;92500
6381;6377;03/02/2020;162500
6382;6378;03/02/2020;174000
6383;6379;03/02/2020;141000
6384;6380;03/02/2020;205000
6385;6381;03/02/2020;120000
6386;6382;03/02/2020;62800
6387;6383;03/02/2020;32000
6388;6384;03/02/2020;67080
6389;6385;03/02/2020;102680
6390;6386;03/02/2020;246000
6391;6387;03/02/2020;110514
6392;6388;03/02/2020;150865
6393;6389;03/02/2020;138750
6394;6390;03/02/2020;262100
6395;6391;03/02/2020;184000
6396;6392;03/02/2020;136000
6397;6393;03/02/2020;123750
6398;6394;03/02/2020;98000
6399;6395;03/02/2020;156000
6400;6396;03/02/2020;179400
6401;6397;03/02/2020;206500
6402;6398;03/02/2020;129000
6403;6399;03/02/2020;120400
6404;6400;03/02/2020;75000
6405;6401;03/02/2020;118950
6406;6402;03/02/2020;87000
6407;6403;03/02/2020;175345
6408;6404;03/02/2020;258360
6409;6405;03/02/2020;120000
6410;6406;03/02/2020;85500
6411;6407;03/02/2020;130000
6412;6408;03/02/2020;148000
6413;6409;03/02/2020;63000
6414;6410;03/02/2020;37100
6415;6411;03/02/2020;114100
6416;6412;03/02/2020;112000
6417;6413;03/02/2020;217000
6418;6414;03/02/2020;58000
6419;6415;03/02/2020;227000
6420;6416;03/02/2020;132500
6421;6417;03/02/2020;73150
6422;6418;03/02/2020;169356
6423;6419;03/02/2020;106500
6424;6420;03/02/2020;73000
6425;6421;03/02/2020;117500
6426;6422;03/02/2020;69000
6427;6423;03/02/2020;238500
6428;6424;03/02/2020;170000
6429;6425;03/02/2020;112800
6430;6426;03/02/2020;80600
6431;6427;03/02/2020;214700
6432;6428;03/02/2020;151000
6433;6429;03/02/2020;85500
6434;6430;03/02/2020;37000
6435;6431;03/02/2020;89500
6436;6432;03/02/2020;122500
6437;6433;03/02/2020;102500
6438;6434;03/02/2020;52000
6439;6435;03/02/2020;100500
6440;6436;03/02/2020;66000
6441;6437;03/02/2020;52000
6442;6438;03/02/2020;282500
6443;6439;03/02/2020;147000
6444;6440;03/02/2020;38000
6445;6441;03/02/2020;185000
6446;6442;03/02/2020;52000
6447;6443;03/02/2020;121000
6448;6444;03/02/2020;51140
6449;6445;03/02/2020;100500
6450;6446;03/02/2020;183000
6451;6447;03/02/2020;124100
6452;6448;03/02/2020;56320
6453;6449;03/02/2020;178400
6454;6450;03/02/2020;91000
6455;6451;03/02/2020;182000
6456;6452;03/02/2020;270300
6457;6453;03/02/2020;65000
6458;6454;03/02/2020;219250
6459;6455;03/02/2020;95000
6460;6456;03/02/2020;196250
6461;6457;03/02/2020;310000
6462;6458;03/02/2020;105000
6463;6459;03/02/2020;290044
6464;6460;03/02/2020;33000
6465;6461;03/02/2020;759700
6466;6462;03/02/2020;367000
6467;6463;03/02/2020;619000
6468;6464;03/02/2020;520000
6469;6465;03/02/2020;556300
6470;6466;03/02/2020;942000
6471;6467;03/02/2020;15050
6472;6468;03/02/2020;151000
6473;6469;03/02/2020;830000
6474;6470;03/02/2020;523400
6475;6471;03/02/2020;264000
6476;6472;03/02/2020;196100
6477;6473;03/02/2020;492200
6478;6474;03/02/2020;609000
6479;6475;03/02/2020;565000
6480;6476;03/02/2020;252200
6481;6477;03/02/2020;284450
6482;6478;03/02/2020;249000
6483;6479;03/02/2020;346500
6484;6480;03/02/2020;656600
6485;6481;03/02/2020;207000
6486;6482;03/02/2020;1120000
6487;6483;03/02/2020;145250
6488;6484;03/02/2020;4075000
6489;6485;03/02/2020;1654000
6490;6486;03/02/2020;367425
6491;6487;03/02/2020;412480
6492;6488;03/02/2020;601410
6493;6489;03/02/2020;113000
6494;6490;03/02/2020;447000
6495;6491;03/02/2020;317000
6496;6492;03/02/2020;134400
6497;6493;03/02/2020;178000
6498;6494;03/02/2020;144500
6499;6495;03/02/2020;108696
6500;6496;03/02/2020;200000
6501;6497;03/02/2020;153800
6502;6498;03/02/2020;67000
6503;6499;03/02/2020;176200
6504;6500;03/02/2020;128500
6505;6501;03/02/2020;230000
6506;6502;03/02/2020;240050
6507;6503;03/02/2020;144000
6508;6504;03/02/2020;173750
6509;6505;03/02/2020;158800
6510;6506;03/02/2020;169000
6511;6507;03/02/2020;382000
6512;6508;03/02/2020;274250
6513;6509;03/02/2020;109000
6514;6510;03/02/2020;151000
6515;6511;03/02/2020;428000
6516;6512;03/02/2020;140125
6517;6513;03/02/2020;65000
6518;6514;03/02/2020;740000
6519;6515;03/02/2020;123000
6520;6516;03/02/2020;107650
6521;6517;03/02/2020;177500
6522;6518;03/02/2020;144500
6523;6519;03/02/2020;63200
6524;6520;03/02/2020;168833
6525;6521;03/02/2020;261000
6526;6522;03/02/2020;49900
6527;6523;03/02/2020;90000
6528;6524;03/02/2020;192900
6529;6525;03/02/2020;185200
6530;6526;03/02/2020;145000
6531;6527;03/02/2020;72000
6532;6528;03/02/2020;65000
6533;6529;03/02/2020;151600
6534;6530;03/02/2020;145000
6535;6531;03/02/2020;147000
6536;6532;03/02/2020;129200
6537;6533;03/02/2020;207000
6538;6534;03/02/2020;639000
6539;6535;03/02/2020;525715
6540;6536;03/02/2020;725000
6541;6537;03/02/2020;75700
6542;6538;03/02/2020;671450
6543;6539;03/02/2020;546500
6544;6540;03/02/2020;220000
6545;6541;03/02/2020;578000
6546;6542;03/02/2020;364550
6547;6543;03/02/2020;535000
6548;6544;03/02/2020;429244
6549;6545;03/02/2020;517900
6550;6546;03/02/2020;468700
6551;6547;03/02/2020;340000
6552;6548;03/02/2020;345000
6553;6549;03/02/2020;237000
6554;6550;03/02/2020;195000
6555;6551;03/02/2020;105000
6556;6552;03/02/2020;179000
6557;6553;03/02/2020;138000
6558;6554;03/02/2020;285000
6559;6555;03/02/2020;192000
6560;6556;03/02/2020;585000
6561;6557;03/02/2020;187000
6562;6558;03/02/2020;200000
6563;6559;03/02/2020;173000
6564;6560;03/02/2020;168000
6565;6561;03/02/2020;388000
6566;6562;03/02/2020;330000
6567;6563;03/02/2020;267000
6568;6564;03/02/2020;246090
6569;6565;03/02/2020;160000
6570;6566;03/02/2020;168690
6571;6567;03/02/2020;165340
6572;6568;03/02/2020;225000
6573;6569;03/02/2020;234000
6574;6570;03/02/2020;344000
6575;6571;03/02/2020;110000
6576;6572;03/02/2020;129600
6577;6573;03/02/2020;456900
6578;6574;03/02/2020;585000
6579;6575;03/02/2020;230000
6580;6576;03/02/2020;480000
6581;6577;03/02/2020;69000
6582;6578;03/02/2020;445000
6583;6579;03/02/2020;75000
6584;6580;03/02/2020;306000
6585;6581;03/02/2020;226000
6586;6582;03/02/2020;214600
6587;6583;03/02/2020;108730
6588;6584;04/02/2020;152900
6589;6585;04/02/2020;152470
6590;6586;04/02/2020;57000
6591;6587;04/02/2020;181000
6592;6588;04/02/2020;61000
6593;6589;04/02/2020;37000
6594;6590;04/02/2020;115000
6595;6591;04/02/2020;124500
6596;6592;04/02/2020;211500
6597;6593;04/02/2020;70000
6598;6594;04/02/2020;142000
6599;6595;04/02/2020;78850
6600;6596;04/02/2020;73552
6601;6597;04/02/2020;150100
6602;6598;04/02/2020;375000
6603;6599;04/02/2020;77000
6604;6600;04/02/2020;190000
6605;6601;04/02/2020;280500
6606;6602;04/02/2020;89000
6607;6603;04/02/2020;63000
6608;6604;04/02/2020;184000
6609;6605;04/02/2020;178000
6610;6606;04/02/2020;205000
6611;6607;04/02/2020;265000
6612;6608;04/02/2020;88500
6613;6609;04/02/2020;163000
6614;6610;04/02/2020;34000
6615;6611;04/02/2020;87000
6616;6612;04/02/2020;39000
6617;6613;04/02/2020;88500
6618;6614;04/02/2020;108000
6619;6615;04/02/2020;109000
6620;6616;04/02/2020;99052
6621;6617;04/02/2020;40001
6622;6618;04/02/2020;125200
6623;6619;04/02/2020;35000
6624;6620;04/02/2020;185000
6625;6621;04/02/2020;74000
6626;6622;04/02/2020;23000
6627;6623;04/02/2020;155762
6628;6624;04/02/2020;58200
6629;6625;04/02/2020;53500
6630;6626;04/02/2020;154900
6631;6627;04/02/2020;235400
6632;6628;04/02/2020;172250
6633;6629;04/02/2020;160500
6634;6630;04/02/2020;466400
6635;6631;04/02/2020;905000
6636;6632;04/02/2020;168000
6637;6633;04/02/2020;157000
6638;6634;04/02/2020;144000
6639;6635;04/02/2020;60000
6640;6636;04/02/2020;143810
6641;6637;04/02/2020;158800
6642;6638;04/02/2020;182770
6643;6639;04/02/2020;96000
6644;6640;04/02/2020;145800
6645;6641;04/02/2020;97000
6646;6642;04/02/2020;231100
6647;6643;04/02/2020;90500
6648;6644;04/02/2020;214500
6649;6645;04/02/2020;112000
6650;6646;04/02/2020;122550
6651;6647;04/02/2020;73000
6652;6648;04/02/2020;186500
6653;6649;04/02/2020;113000
6654;6650;04/02/2020;103000
6655;6651;04/02/2020;294950
6656;6652;04/02/2020;192000
6657;6653;04/02/2020;111600
6658;6654;04/02/2020;111000
6659;6655;04/02/2020;87000
6660;6656;04/02/2020;121000
6661;6657;04/02/2020;129000
6662;6658;04/02/2020;110000
6663;6659;04/02/2020;146300
6664;6660;04/02/2020;29000
6665;6661;04/02/2020;46000
6666;6662;04/02/2020;148575
6667;6663;04/02/2020;332000
6668;6664;04/02/2020;24000
6669;6665;04/02/2020;93000
6670;6666;04/02/2020;167000
6671;6667;04/02/2020;176195
6672;6668;04/02/2020;85000
6673;6669;04/02/2020;70000
6674;6670;04/02/2020;210700
6675;6671;04/02/2020;124700
6676;6672;04/02/2020;100000
6677;6673;04/02/2020;50000
6678;6674;04/02/2020;59000
6679;6675;04/02/2020;117500
6680;6676;04/02/2020;368000
6681;6677;04/02/2020;192500
6682;6678;04/02/2020;98800
6683;6679;04/02/2020;120000
6684;6680;04/02/2020;271020
6685;6681;04/02/2020;28800
6686;6682;04/02/2020;147027
6687;6683;04/02/2020;479000
6688;6684;04/02/2020;774350
6689;6685;04/02/2020;340000
6690;6686;04/02/2020;355000
6691;6687;04/02/2020;634000
6692;6688;04/02/2020;127195
6693;6689;04/02/2020;134500
6694;6690;04/02/2020;169000
6695;6691;04/02/2020;254370
6696;6692;04/02/2020;277000
6697;6693;04/02/2020;252000
6698;6694;04/02/2020;634600
6699;6695;04/02/2020;302000
6700;6696;04/02/2020;374200
6701;6697;04/02/2020;1195850
6702;6698;04/02/2020;875000
6703;6699;04/02/2020;814900
6704;6700;04/02/2020;1361000
6705;6701;04/02/2020;2765000
6706;6702;04/02/2020;268000
6707;6703;04/02/2020;203600
6708;6704;04/02/2020;335600
6709;6705;04/02/2020;355500
6710;6706;04/02/2020;628900
6711;6707;04/02/2020;299500
6712;6708;04/02/2020;74000
6713;6709;04/02/2020;98800
6714;6710;04/02/2020;1024000
6715;6711;04/02/2020;507000
6716;6712;04/02/2020;591300
6717;6713;04/02/2020;614000
6718;6714;04/02/2020;187840
6719;6715;04/02/2020;315000
6720;6716;04/02/2020;130000
6721;6717;04/02/2020;45000
6722;6718;04/02/2020;80000
6723;6719;04/02/2020;104000
6724;6720;04/02/2020;339900
6725;6721;04/02/2020;164000
6726;6722;04/02/2020;410970
6727;6723;04/02/2020;448000
6728;6724;04/02/2020;209000
6729;6725;04/02/2020;478600
6730;6726;04/02/2020;265000
6731;6727;04/02/2020;115000
6732;6728;04/02/2020;623000
6733;6729;04/02/2020;494400
6734;6730;04/02/2020;208800
6735;6731;04/02/2020;284500
6736;6732;04/02/2020;280000
6737;6733;04/02/2020;414750
6738;6734;04/02/2020;190000
6739;6735;04/02/2020;229000
6740;6736;04/02/2020;173520
6741;6737;04/02/2020;59875
6742;6738;04/02/2020;190000
6743;6739;04/02/2020;141000
6744;6740;04/02/2020;465000
6745;6741;04/02/2020;630000
6746;6742;04/02/2020;76800
6747;6743;04/02/2020;114050
6748;6744;04/02/2020;85450
6749;6745;04/02/2020;155000
6750;6746;04/02/2020;138000
6751;6747;04/02/2020;112500
6752;6748;04/02/2020;115810
6753;6749;04/02/2020;30400
6754;6750;04/02/2020;355000
6755;6751;04/02/2020;131000
6756;6752;04/02/2020;77000
6757;6753;04/02/2020;161000
6758;6754;04/02/2020;164000
6759;6755;04/02/2020;84000
6760;6756;04/02/2020;143000
6761;6757;04/02/2020;70500
6762;6758;04/02/2020;105000
6763;6759;04/02/2020;503245
6764;6760;04/02/2020;144000
6765;6761;04/02/2020;485000
6766;6762;04/02/2020;493000
6767;6763;04/02/2020;315000
6768;6764;04/02/2020;295000
6769;6765;04/02/2020;247000
6770;6766;04/02/2020;685330
6771;6767;04/02/2020;325000
6772;6768;04/02/2020;490337
6773;6769;04/02/2020;480000
6774;6770;04/02/2020;167500
6775;6771;04/02/2020;339000
6776;6772;04/02/2020;140800
6777;6773;04/02/2020;401524
6778;6774;04/02/2020;236500
6779;6775;04/02/2020;179000
6780;6776;04/02/2020;223625
6781;6777;04/02/2020;149200
6782;6778;04/02/2020;220000
6783;6779;04/02/2020;135000
6784;6780;04/02/2020;140000
6785;6781;04/02/2020;153000
6786;6782;04/02/2020;410000
6787;6783;04/02/2020;104500
6788;6784;04/02/2020;311800
6789;6785;04/02/2020;339000
6790;6786;04/02/2020;215000
6791;6787;04/02/2020;589496
6792;6788;04/02/2020;295000
6793;6789;04/02/2020;405000
6794;6790;04/02/2020;242550
6795;6791;04/02/2020;245000
6796;6792;04/02/2020;172610
6797;6793;04/02/2020;324591
6798;6794;04/02/2020;305000
6799;6795;04/02/2020;205900
6800;6796;04/02/2020;171800
6801;6797;04/02/2020;316000
6802;6798;04/02/2020;170000
6803;6799;04/02/2020;156000
6804;6800;04/02/2020;217500
6805;6801;04/02/2020;248770
6806;6802;04/02/2020;206000
6807;6803;04/02/2020;198300
6808;6804;04/02/2020;239500
6809;6805;04/02/2020;280000
6810;6806;04/02/2020;100000
6811;6807;05/02/2020;62500
6812;6808;05/02/2020;31000
6813;6809;05/02/2020;68000
6814;6810;05/02/2020;352300
6815;6811;05/02/2020;90000
6816;6812;05/02/2020;75000
6817;6813;05/02/2020;220000
6818;6814;05/02/2020;190000
6819;6815;05/02/2020;265000
6820;6816;05/02/2020;107100
6821;6817;05/02/2020;64500
6822;6818;05/02/2020;95850
6823;6819;05/02/2020;250000
6824;6820;05/02/2020;228800
6825;6821;05/02/2020;1022000
6826;6822;05/02/2020;149870
6827;6823;05/02/2020;330900
6828;6824;05/02/2020;300000
6829;6825;05/02/2020;83000
6830;6826;05/02/2020;157000
6831;6827;05/02/2020;56000
6832;6828;05/02/2020;105000
6833;6829;05/02/2020;77900
6834;6829;29/05/2020;68000
6835;6830;05/02/2020;140000
6836;6831;05/02/2020;254704
6837;6832;05/02/2020;105000
6838;6833;05/02/2020;148220
6839;6834;05/02/2020;161200
6840;6835;05/02/2020;60000
6841;6836;05/02/2020;105000
6842;6837;05/02/2020;80000
6843;6838;05/02/2020;79000
6844;6839;05/02/2020;53000
6845;6840;05/02/2020;113000
6846;6841;05/02/2020;86000
6847;6842;05/02/2020;193000
6848;6843;05/02/2020;75000
6849;6844;05/02/2020;344500
6850;6845;05/02/2020;31500
6851;6846;05/02/2020;220000
6852;6847;05/02/2020;52370
6853;6848;05/02/2020;99500
6854;6849;05/02/2020;55000
6855;6850;05/02/2020;126920
6856;6851;05/02/2020;223200
6857;6852;05/02/2020;92230
6858;6853;05/02/2020;110000
6859;6854;05/02/2020;335000
6860;6855;05/02/2020;177000
6861;6856;05/02/2020;149000
6862;6857;05/02/2020;105540
6863;6858;05/02/2020;233400
6864;6859;05/02/2020;108000
6865;6860;05/02/2020;108000
6866;6861;05/02/2020;67000
6867;6862;05/02/2020;60000
6868;6863;05/02/2020;77850
6869;6864;05/02/2020;111000
6870;6865;05/02/2020;58500
6871;6866;05/02/2020;55860
6872;6867;05/02/2020;87500
6873;6868;05/02/2020;95000
6874;6869;05/02/2020;225800
6875;6870;05/02/2020;226300
6876;6871;05/02/2020;93000
6877;6872;05/02/2020;69710
6878;6873;05/02/2020;38850
6879;6874;05/02/2020;19015
6880;6875;05/02/2020;102400
6881;6876;05/02/2020;100000
6882;6877;05/02/2020;92000
6883;6878;05/02/2020;69000
6884;6879;05/02/2020;114000
6885;6880;05/02/2020;42500
6886;6881;05/02/2020;6000
6887;6882;05/02/2020;69000
6888;6883;05/02/2020;37000
6889;6884;05/02/2020;96500
6890;6885;05/02/2020;212250
6891;6886;05/02/2020;17500
6892;6887;05/02/2020;94500
6893;6888;05/02/2020;186400
6894;6889;05/02/2020;277750
6895;6890;05/02/2020;156000
6896;6891;05/02/2020;117354
6897;6892;05/02/2020;169300
6898;6893;05/02/2020;77000
6899;6894;05/02/2020;199800
6900;6895;05/02/2020;243000
6901;6896;05/02/2020;70000
6902;6897;05/02/2020;49140
6903;6898;05/02/2020;440000
6904;6899;05/02/2020;74500
6905;6900;05/02/2020;43000
6906;6901;05/02/2020;72000
6907;6902;05/02/2020;102000
6908;6903;05/02/2020;41500
6909;6904;05/02/2020;51000
6910;6905;05/02/2020;69111
6911;6906;05/02/2020;22500
6912;6907;05/02/2020;161000
6913;6908;05/02/2020;126900
6914;6909;05/02/2020;81250
6915;6910;05/02/2020;159000
6916;6911;05/02/2020;123550
6917;6912;05/02/2020;113748
6918;6913;05/02/2020;223750
6919;6914;05/02/2020;53000
6920;6915;05/02/2020;43290
6921;6916;05/02/2020;320000
6922;6917;05/02/2020;124000
6923;6918;05/02/2020;133950
6924;6919;05/02/2020;244800
6925;6920;05/02/2020;175000
6926;6921;05/02/2020;365000
6927;6922;05/02/2020;860000
6928;6923;05/02/2020;62500
6929;6924;05/02/2020;54500
6930;6925;05/02/2020;93400
6931;6926;05/02/2020;58200
6932;6927;05/02/2020;148450
6933;6928;05/02/2020;250800
6934;6929;05/02/2020;215000
6935;6930;05/02/2020;122900
6936;6931;05/02/2020;72500
6937;6932;05/02/2020;970000
6938;6933;05/02/2020;390000
6939;6934;05/02/2020;390000
6940;6935;05/02/2020;179000
6941;6936;05/02/2020;126000
6942;6937;05/02/2020;591600
6943;6938;05/02/2020;767900
6944;6939;05/02/2020;391000
6945;6940;05/02/2020;299100
6946;6941;05/02/2020;212000
6947;6942;05/02/2020;261250
6948;6943;05/02/2020;179896
6949;6944;05/02/2020;815000
6950;6945;05/02/2020;203000
6951;6946;05/02/2020;385000
6952;6947;05/02/2020;323000
6953;6948;05/02/2020;275000
6954;6949;05/02/2020;222000
6955;6950;05/02/2020;524000
6956;6951;05/02/2020;363500
6957;6952;05/02/2020;155000
6958;6953;05/02/2020;891500
6959;6954;05/02/2020;202200
6960;6955;05/02/2020;514500
6961;6956;05/02/2020;2370000
6962;6957;05/02/2020;1545000
6963;6958;05/02/2020;105000
6964;6959;05/02/2020;465800
6965;6960;05/02/2020;356000
6966;6961;05/02/2020;198000
6967;6962;05/02/2020;523007
6968;6963;05/02/2020;78000
6969;6964;05/02/2020;415900
6970;6965;05/02/2020;559000
6971;6966;05/02/2020;337200
6972;6967;05/02/2020;223299
6973;6968;05/02/2020;111000
6974;6969;05/02/2020;80000
6975;6970;05/02/2020;195000
6976;6971;05/02/2020;105000
6977;6972;05/02/2020;114000
6978;6973;05/02/2020;169812
6979;6974;05/02/2020;164000
6980;6975;05/02/2020;259100
6981;6976;05/02/2020;70000
6982;6977;05/02/2020;199990
6983;6978;05/02/2020;111000
6984;6979;05/02/2020;110000
6985;6980;05/02/2020;168000
6986;6981;05/02/2020;190000
6987;6982;05/02/2020;123500
6988;6983;05/02/2020;114000
6989;6984;05/02/2020;243350
6990;6985;05/02/2020;430000
6991;6986;05/02/2020;453143
6992;6987;05/02/2020;406500
6993;6988;05/02/2020;297760
6994;6989;05/02/2020;280000
6995;6990;05/02/2020;125000
6996;6991;05/02/2020;174700
6997;6992;05/02/2020;204786
6998;6993;05/02/2020;156500
6999;6994;05/02/2020;112170
7000;6995;05/02/2020;176000
7001;6996;05/02/2020;154350
7002;6997;05/02/2020;288000
7003;6998;05/02/2020;67500
7004;6999;05/02/2020;81500
7005;7000;05/02/2020;197700
7006;7001;05/02/2020;25000
7007;7002;05/02/2020;55000
7008;7003;05/02/2020;26100
7009;7004;05/02/2020;17500
7010;7005;05/02/2020;19500
7011;7006;05/02/2020;234000
7012;7007;05/02/2020;78000
7013;7008;05/02/2020;97000
7014;7009;05/02/2020;146088
7015;7010;05/02/2020;55000
7016;7011;05/02/2020;265000
7017;7012;05/02/2020;143600
7018;7013;05/02/2020;521000
7019;7014;05/02/2020;430000
7020;7015;05/02/2020;411000
7021;7016;05/02/2020;250000
7022;7017;05/02/2020;124000
7023;7018;05/02/2020;80000
7024;7019;05/02/2020;212000
7025;7020;05/02/2020;643000
7026;7021;05/02/2020;505000
7027;7022;05/02/2020;97225
7028;7023;05/02/2020;820000
7029;7024;05/02/2020;386500
7030;7025;05/02/2020;100000
7031;7026;05/02/2020;378000
7032;7027;05/02/2020;183823
7033;7028;05/02/2020;1628400
7034;7029;05/02/2020;420500
7035;7030;05/02/2020;244000
7036;7031;05/02/2020;642450
7037;7032;05/02/2020;488700
7038;7033;05/02/2020;272000
7039;7034;05/02/2020;175500
7040;7035;05/02/2020;216000
7041;7036;05/02/2020;370000
7042;7037;05/02/2020;840360
7043;7038;05/02/2020;203000
7044;7039;05/02/2020;188000
7045;7040;05/02/2020;187000
7046;7041;05/02/2020;105000
7047;7042;05/02/2020;645000
7048;7043;05/02/2020;305510
7049;7044;05/02/2020;345000
7050;7045;05/02/2020;96095
7051;7046;05/02/2020;191930
7052;7047;05/02/2020;93750
7053;7048;05/02/2020;96000
7054;7049;05/02/2020;285000
7055;7050;05/02/2020;161900
7056;7051;05/02/2020;292000
7057;7052;05/02/2020;240000
7058;7053;05/02/2020;487950
7059;7054;05/02/2020;428000
7060;7055;05/02/2020;192400
7061;7056;05/02/2020;530000
7062;7057;05/02/2020;180500
7063;7058;05/02/2020;92000
7064;7059;05/02/2020;87000
7065;7060;05/02/2020;188000
7066;7061;05/02/2020;76000
7067;7062;05/02/2020;247000
7068;7063;05/02/2020;180000
7069;7064;05/02/2020;290000
7070;7065;05/02/2020;175000
7071;7066;05/02/2020;134250
7072;7067;05/02/2020;168000
7073;7068;06/02/2020;475150
7074;7069;06/02/2020;220000
7075;7070;06/02/2020;37015
7076;7071;06/02/2020;39000
7077;7072;06/02/2020;52300
7078;7073;06/02/2020;240624
7079;7074;06/02/2020;194500
7080;7075;06/02/2020;181420
7081;7076;06/02/2020;361500
7082;7077;06/02/2020;74000
7083;7078;06/02/2020;310000
7084;7079;06/02/2020;162000
7085;7080;06/02/2020;169000
7086;7081;06/02/2020;157700
7087;7082;06/02/2020;78500
7088;7083;06/02/2020;107600
7089;7084;06/02/2020;138500
7090;7085;06/02/2020;417000
7091;7086;06/02/2020;151592
7092;7087;06/02/2020;116000
7093;7088;06/02/2020;280000
7094;7089;06/02/2020;207580
7095;7090;06/02/2020;76500
7096;7091;06/02/2020;202000
7097;7092;06/02/2020;39000
7098;7093;06/02/2020;133500
7099;7094;06/02/2020;134500
7100;7095;06/02/2020;182000
7101;7096;06/02/2020;109000
7102;7097;06/02/2020;115000
7103;7098;06/02/2020;71700
7104;7099;06/02/2020;68000
7105;7100;06/02/2020;58000
7106;7101;06/02/2020;120000
7107;7102;06/02/2020;725000
7108;7103;06/02/2020;306600
7109;7104;06/02/2020;150000
7110;7105;06/02/2020;340000
7111;7106;06/02/2020;88000
7112;7107;06/02/2020;250300
7113;7108;06/02/2020;41000
7114;7109;06/02/2020;255000
7115;7110;06/02/2020;124700
7116;7111;06/02/2020;72000
7117;7112;06/02/2020;147500
7118;7113;06/02/2020;95000
7119;7114;06/02/2020;275000
7120;7115;06/02/2020;162330
7121;7116;06/02/2020;180000
7122;7117;06/02/2020;144090
7123;7118;06/02/2020;109900
7124;7119;06/02/2020;235400
7125;7120;06/02/2020;131600
7126;7121;06/02/2020;204870
7127;7122;06/02/2020;215000
7128;7123;06/02/2020;115000
7129;7124;06/02/2020;159200
7130;7125;06/02/2020;207000
7131;7126;06/02/2020;280000
7132;7127;06/02/2020;138000
7133;7128;06/02/2020;102500
7134;7129;06/02/2020;253000
7135;7130;06/02/2020;199000
7136;7131;06/02/2020;217000
7137;7132;06/02/2020;202000
7138;7133;06/02/2020;325000
7139;7134;06/02/2020;261000
7140;7135;06/02/2020;40000
7141;7136;06/02/2020;112500
7142;7137;06/02/2020;447916
7143;7138;06/02/2020;43500
7144;7139;06/02/2020;62500
7145;7140;06/02/2020;82500
7146;7141;06/02/2020;160000
7147;7142;06/02/2020;126000
7148;7143;06/02/2020;129050
7149;7144;06/02/2020;35625
7150;7145;06/02/2020;68400
7151;7146;06/02/2020;128400
7152;7147;06/02/2020;189000
7153;7148;06/02/2020;134660
7154;7149;06/02/2020;122000
7155;7150;06/02/2020;89000
7156;7151;06/02/2020;80000
7157;7152;06/02/2020;52000
7158;7153;06/02/2020;61600
7159;7154;06/02/2020;66200
7160;7155;06/02/2020;145500
7161;7156;06/02/2020;114000
7162;7157;06/02/2020;111500
7163;7158;06/02/2020;88000
7164;7159;06/02/2020;113000
7165;7160;06/02/2020;87000
7166;7161;06/02/2020;105050
7167;7162;06/02/2020;51000
7168;7163;06/02/2020;40000
7169;7164;06/02/2020;114000
7170;7165;06/02/2020;42000
7171;7166;06/02/2020;189000
7172;7167;06/02/2020;52000
7173;7168;06/02/2020;46300
7174;7169;06/02/2020;221000
7175;7170;06/02/2020;120150
7176;7171;06/02/2020;36000
7177;7172;06/02/2020;47000
7178;7173;06/02/2020;22500
7179;7174;06/02/2020;103250
7180;7175;06/02/2020;250000
7181;7176;06/02/2020;135000
7182;7177;06/02/2020;270000
7183;7178;06/02/2020;312000
7184;7179;06/02/2020;533000
7185;7180;06/02/2020;132950
7186;7181;06/02/2020;205500
7187;7182;06/02/2020;200000
7188;7183;06/02/2020;247000
7189;7184;06/02/2020;164000
7190;7185;06/02/2020;98000
7191;7186;06/02/2020;377000
7192;7187;06/02/2020;148500
7193;7188;06/02/2020;163630
7194;7189;06/02/2020;49000
7195;7190;06/02/2020;121500
7196;7191;06/02/2020;184000
7197;7192;06/02/2020;163500
7198;7193;06/02/2020;509650
7199;7194;06/02/2020;130000
7200;7195;06/02/2020;985000
7201;7196;06/02/2020;508200
7202;7197;06/02/2020;614000
7203;7198;06/02/2020;276000
7204;7199;06/02/2020;4100000
7205;7200;06/02/2020;787500
7206;7201;06/02/2020;1604000
7207;7202;06/02/2020;450000
7208;7203;06/02/2020;191940
7209;7204;06/02/2020;1160000
7210;7205;06/02/2020;366100
7211;7206;06/02/2020;457300
7212;7207;06/02/2020;572500
7213;7208;06/02/2020;307000
7214;7209;06/02/2020;1160000
7215;7210;06/02/2020;385000
7216;7211;06/02/2020;341000
7217;7212;06/02/2020;105000
7218;7213;06/02/2020;214000
7219;7214;06/02/2020;647000
7220;7215;06/02/2020;499000
7221;7216;06/02/2020;328000
7222;7217;06/02/2020;473000
7223;7218;06/02/2020;325200
7224;7219;06/02/2020;414000
7225;7220;06/02/2020;405400
7226;7221;06/02/2020;849300
7227;7222;06/02/2020;311550
7228;7223;06/02/2020;675400
7229;7224;06/02/2020;207547
7230;7225;06/02/2020;2247584
7231;7226;06/02/2020;999000
7232;7227;06/02/2020;442400
7233;7228;06/02/2020;339000
7234;7229;06/02/2020;978700
7235;7230;06/02/2020;1100000
7236;7231;06/02/2020;427000
7237;7232;06/02/2020;647250
7238;7233;06/02/2020;108000
7239;7234;06/02/2020;272500
7240;7235;06/02/2020;171000
7241;7236;06/02/2020;247500
7242;7237;06/02/2020;1110000
7243;7238;06/02/2020;342000
7244;7239;06/02/2020;107000
7245;7240;06/02/2020;310500
7246;7241;06/02/2020;199000
7247;7242;06/02/2020;88000
7248;7243;06/02/2020;162000
7249;7244;06/02/2020;79900
7250;7245;06/02/2020;203000
7251;7246;06/02/2020;65000
7252;7247;06/02/2020;99000
7253;7248;06/02/2020;141000
7254;7249;06/02/2020;146330
7255;7250;06/02/2020;468000
7256;7251;06/02/2020;170000
7257;7252;06/02/2020;300000
7258;7253;06/02/2020;172900
7259;7254;06/02/2020;163300
7260;7255;06/02/2020;147380
7261;7256;06/02/2020;158400
7262;7257;06/02/2020;651500
7263;7258;06/02/2020;240020
7264;7259;06/02/2020;186620
7265;7260;06/02/2020;1150000
7266;7261;06/02/2020;70000
7267;7262;06/02/2020;197950
7268;7263;06/02/2020;84000
7269;7264;06/02/2020;219000
7270;7265;06/02/2020;164000
7271;7266;06/02/2020;258000
7272;7267;06/02/2020;120400
7273;7268;06/02/2020;69000
7274;7269;06/02/2020;131090
7275;7270;06/02/2020;81000
7276;7271;06/02/2020;130000
7277;7272;06/02/2020;45000
7278;7273;06/02/2020;106000
7279;7274;06/02/2020;43000
7280;7275;06/02/2020;173000
7281;7276;06/02/2020;102000
7282;7277;06/02/2020;139000
7283;7278;06/02/2020;208000
7284;7279;06/02/2020;114300
7285;7280;06/02/2020;139000
7286;7281;06/02/2020;198000
7287;7282;06/02/2020;97000
7288;7283;06/02/2020;111590
7289;7284;06/02/2020;60000
7290;7285;06/02/2020;127800
7291;7286;06/02/2020;535600
7292;7287;06/02/2020;148600
7293;7288;06/02/2020;457000
7294;7289;06/02/2020;152000
7295;7290;06/02/2020;87000
7296;7291;06/02/2020;205000
7297;7292;06/02/2020;115500
7298;7293;06/02/2020;307500
7299;7294;06/02/2020;237000
7300;7295;06/02/2020;560000
7301;7296;06/02/2020;321000
7302;7297;06/02/2020;435000
7303;7298;06/02/2020;591800
7304;7299;06/02/2020;319000
7305;7300;06/02/2020;281300
7306;7301;06/02/2020;135238
7307;7302;06/02/2020;685000
7308;7303;06/02/2020;533760
7309;7304;06/02/2020;600000
7310;7305;06/02/2020;210000
7311;7306;06/02/2020;420000
7312;7307;06/02/2020;220000
7313;7308;06/02/2020;186000
7314;7309;06/02/2020;776450
7315;7310;06/02/2020;140000
7316;7311;06/02/2020;378000
7317;7312;06/02/2020;559950
7318;7313;06/02/2020;376060
7319;7314;06/02/2020;390700
7320;7315;06/02/2020;451700
7321;7316;06/02/2020;890000
7322;7317;06/02/2020;761600
7323;7318;06/02/2020;499300
7324;7319;06/02/2020;394990
7325;7320;06/02/2020;318000
7326;7321;06/02/2020;110000
7327;7322;06/02/2020;469500
7328;7323;06/02/2020;297000
7329;7324;06/02/2020;85000
7330;7325;06/02/2020;89100
7331;7326;06/02/2020;76000
7332;7327;06/02/2020;236000
7333;7328;06/02/2020;185455
7334;7329;06/02/2020;103000
7335;7330;06/02/2020;24554
7336;7331;06/02/2020;336000
7337;7332;06/02/2020;386000
7338;7333;06/02/2020;216000
7339;7334;06/02/2020;295000
7340;7335;06/02/2020;365000
7341;7336;06/02/2020;250000
7342;7337;06/02/2020;80000
7343;7338;06/02/2020;231000
7344;7339;06/02/2020;164000
7345;7340;06/02/2020;114500
7346;7341;06/02/2020;220384
7347;7342;06/02/2020;900000
7348;7343;06/02/2020;137000
7349;7344;06/02/2020;207500
7350;7345;06/02/2020;151650
7351;7346;06/02/2020;237200
7352;7347;06/02/2020;172500
7353;7348;06/02/2020;206000
7354;7349;06/02/2020;236000
7355;7350;06/02/2020;179900
7356;7351;06/02/2020;179000
7357;7352;06/02/2020;418000
7358;7353;06/02/2020;156500
7359;7354;06/02/2020;535000
7360;7355;06/02/2020;52000
7361;7356;06/02/2020;86000
7362;7357;06/02/2020;400000
7363;7358;06/02/2020;448500
7364;7359;06/02/2020;389750
7365;7360;06/02/2020;197000
7366;7361;06/02/2020;144000
7367;7362;06/02/2020;76000
7368;7363;06/02/2020;134000
7369;7364;06/02/2020;133000
7370;7365;06/02/2020;249000
7371;7366;06/02/2020;254000
7372;7367;06/02/2020;157000
7373;7368;06/02/2020;123000
7374;7369;06/02/2020;179000
7375;7370;06/02/2020;129000
7376;7371;06/02/2020;175000
7377;7372;07/02/2020;164665
7378;7373;07/02/2020;55000
7379;7374;07/02/2020;143850
7380;7375;07/02/2020;428000
7381;7376;07/02/2020;290000
7382;7377;07/02/2020;41000
7383;7378;07/02/2020;63500
7384;7379;07/02/2020;43000
7385;7380;07/02/2020;88000
7386;7381;07/02/2020;64000
7387;7382;07/02/2020;62500
7388;7383;07/02/2020;53320
7389;7384;07/02/2020;159550
7390;7385;07/02/2020;296500
7391;7386;07/02/2020;315250
7392;7387;07/02/2020;210200
7393;7388;07/02/2020;273000
7394;7389;07/02/2020;585000
7395;7390;07/02/2020;118700
7396;7391;07/02/2020;119000
7397;7392;07/02/2020;120000
7398;7393;07/02/2020;104370
7399;7394;07/02/2020;127000
7400;7395;07/02/2020;504000
7401;7396;07/02/2020;80000
7402;7397;07/02/2020;45000
7403;7398;07/02/2020;92000
7404;7399;07/02/2020;415000
7405;7400;07/02/2020;151500
7406;7401;07/02/2020;257500
7407;7402;07/02/2020;208000
7408;7403;07/02/2020;106000
7409;7404;07/02/2020;135000
7410;7405;07/02/2020;277000
7411;7406;07/02/2020;58900
7412;7407;07/02/2020;128200
7413;7408;07/02/2020;105000
7414;7409;07/02/2020;80660
7415;7410;07/02/2020;15000
7416;7411;07/02/2020;163000
7417;7412;07/02/2020;73000
7418;7413;07/02/2020;61700
7419;7414;07/02/2020;84500
7420;7415;07/02/2020;110000
7421;7416;07/02/2020;630000
7422;7417;07/02/2020;270000
7423;7418;07/02/2020;374570
7424;7419;07/02/2020;480850
7425;7420;07/02/2020;133000
7426;7421;07/02/2020;218200
7427;7422;07/02/2020;86000
7428;7423;07/02/2020;123700
7429;7424;07/02/2020;201000
7430;7425;07/02/2020;199000
7431;7426;07/02/2020;235200
7432;7427;07/02/2020;152000
7433;7428;07/02/2020;68000
7434;7429;07/02/2020;157250
7435;7430;07/02/2020;135000
7436;7431;07/02/2020;410000
7437;7432;07/02/2020;85400
7438;7433;07/02/2020;209951
7439;7434;07/02/2020;140950
7440;7435;07/02/2020;118000
7441;7436;07/02/2020;87000
7442;7437;07/02/2020;86000
7443;7438;07/02/2020;240000
7444;7439;07/02/2020;119035
7445;7440;07/02/2020;148900
7446;7441;07/02/2020;234300
7447;7442;07/02/2020;102000
7448;7443;07/02/2020;69500
7449;7444;07/02/2020;177000
7450;7445;07/02/2020;132000
7451;7446;07/02/2020;365000
7452;7447;07/02/2020;82270
7453;7448;07/02/2020;122300
7454;7449;07/02/2020;545000
7455;7450;07/02/2020;83472
7456;7451;07/02/2020;258250
7457;7452;07/02/2020;134750
7458;7453;07/02/2020;282746
7459;7454;07/02/2020;287000
7460;7455;07/02/2020;169000
7461;7456;07/02/2020;150000
7462;7457;07/02/2020;137620
7463;7458;07/02/2020;124000
7464;7459;07/02/2020;211950
7465;7460;07/02/2020;135000
7466;7461;07/02/2020;123750
7467;7462;07/02/2020;138220
7468;7463;07/02/2020;42700
7469;7464;07/02/2020;175130
7470;7465;07/02/2020;228220
7471;7466;07/02/2020;300000
7472;7467;07/02/2020;158000
7473;7468;07/02/2020;108000
7474;7469;07/02/2020;98200
7475;7470;07/02/2020;119000
7476;7471;07/02/2020;179150
7477;7472;07/02/2020;302000
7478;7473;07/02/2020;86500
7479;7474;07/02/2020;43750
7480;7475;07/02/2020;183850
7481;7476;07/02/2020;115000
7482;7477;07/02/2020;180000
7483;7478;07/02/2020;166000
7484;7479;07/02/2020;122000
7485;7480;07/02/2020;115000
7486;7481;07/02/2020;121250
7487;7482;07/02/2020;142000
7488;7483;07/02/2020;161500
7489;7484;07/02/2020;430200
7490;7485;07/02/2020;105000
7491;7486;07/02/2020;110000
7492;7487;07/02/2020;595550
7493;7488;07/02/2020;135900
7494;7489;07/02/2020;273200
7495;7490;07/02/2020;55000
7496;7491;07/02/2020;83000
7497;7492;07/02/2020;405000
7498;7493;07/02/2020;67035
7499;7494;07/02/2020;51000
7500;7495;07/02/2020;92000
7501;7496;07/02/2020;204800
7502;7497;07/02/2020;116000
7503;7498;07/02/2020;132500
7504;7499;07/02/2020;78500
7505;7500;07/02/2020;146500
7506;7501;07/02/2020;113000
7507;7502;07/02/2020;67000
7508;7503;07/02/2020;158970
7509;7504;07/02/2020;157000
7510;7505;07/02/2020;42500
7511;7506;07/02/2020;62750
7512;7507;07/02/2020;55000
7513;7508;07/02/2020;158000
7514;7509;07/02/2020;152955
7515;7510;07/02/2020;83110
7516;7511;07/02/2020;349373
7517;7512;07/02/2020;285500
7518;7513;07/02/2020;86200
7519;7514;07/02/2020;78700
7520;7515;07/02/2020;221000
7521;7516;07/02/2020;73000
7522;7517;07/02/2020;130200
7523;7518;07/02/2020;14500
7524;7519;07/02/2020;173000
7525;7520;07/02/2020;30000
7526;7521;07/02/2020;48000
7527;7522;07/02/2020;204000
7528;7523;07/02/2020;28270
7529;7524;07/02/2020;86000
7530;7525;07/02/2020;66000
7531;7526;07/02/2020;77000
7532;7527;07/02/2020;201000
7533;7528;07/02/2020;130000
7534;7529;07/02/2020;98735
7535;7530;07/02/2020;91000
7536;7531;07/02/2020;100000
7537;7532;07/02/2020;112500
7538;7533;07/02/2020;73000
7539;7534;07/02/2020;43000
7540;7535;07/02/2020;115000
7541;7536;07/02/2020;224000
7542;7537;07/02/2020;69200
7543;7538;07/02/2020;143235
7544;7539;07/02/2020;214000
7545;7540;07/02/2020;128000
7546;7541;07/02/2020;70000
7547;7542;07/02/2020;80000
7548;7543;07/02/2020;127000
7549;7544;07/02/2020;132000
7550;7545;07/02/2020;60600
7551;7546;07/02/2020;11055
7552;7547;07/02/2020;180000
7553;7548;07/02/2020;135000
7554;7549;07/02/2020;249000
7555;7550;07/02/2020;132850
7556;7551;07/02/2020;120500
7557;7552;07/02/2020;40000
7558;7553;07/02/2020;292930
7559;7554;07/02/2020;238200
7560;7555;07/02/2020;620000
7561;7556;07/02/2020;240000
7562;7557;07/02/2020;3050000
7563;7558;07/02/2020;535000
7564;7559;07/02/2020;190000
7565;7560;07/02/2020;935000
7566;7561;07/02/2020;300000
7567;7562;07/02/2020;200000
7568;7563;07/02/2020;1070000
7569;7564;07/02/2020;1100000
7570;7565;07/02/2020;235000
7571;7566;07/02/2020;175000
7572;7567;07/02/2020;460000
7573;7568;07/02/2020;610000
7574;7569;07/02/2020;1233000
7575;7570;07/02/2020;4342410
7576;7571;07/02/2020;1110000
7577;7572;07/02/2020;325000
7578;7573;07/02/2020;506500
7579;7574;07/02/2020;579000
7580;7575;07/02/2020;538100
7581;7576;07/02/2020;685000
7582;7577;07/02/2020;369000
7583;7578;07/02/2020;397850
7584;7579;07/02/2020;183000
7585;7580;07/02/2020;813000
7586;7581;07/02/2020;675000
7587;7582;07/02/2020;541900
7588;7583;07/02/2020;224942
7589;7584;07/02/2020;326925
7590;7585;07/02/2020;663649
7591;7586;07/02/2020;199100
7592;7587;07/02/2020;812200
7593;7588;07/02/2020;186000
7594;7589;07/02/2020;224700
7595;7590;07/02/2020;558600
7596;7591;07/02/2020;262200
7597;7592;07/02/2020;652940
7598;7593;07/02/2020;348000
7599;7594;07/02/2020;752000
7600;7595;07/02/2020;538850
7601;7596;07/02/2020;98000
7602;7597;07/02/2020;586700
7603;7598;07/02/2020;677900
7604;7599;07/02/2020;173000
7605;7600;07/02/2020;929515
7606;7601;07/02/2020;610000
7607;7602;07/02/2020;7620000
7608;7603;07/02/2020;365000
7609;7604;07/02/2020;475000
7610;7605;07/02/2020;360250
7611;7606;07/02/2020;690150
7612;7607;07/02/2020;455000
7613;7608;07/02/2020;341750
7614;7609;07/02/2020;431250
7615;7610;07/02/2020;325833
7616;7611;07/02/2020;348500
7617;7612;07/02/2020;705000
7618;7613;07/02/2020;275200
7619;7614;07/02/2020;123000
7620;7615;07/02/2020;1605000
7621;7616;07/02/2020;324000
7622;7617;07/02/2020;297500
7623;7618;07/02/2020;392512
7624;7619;07/02/2020;160400
7625;7620;07/02/2020;123000
7626;7621;07/02/2020;475000
7627;7622;07/02/2020;201000
7628;7623;07/02/2020;73000
7629;7624;07/02/2020;138000
7630;7625;07/02/2020;138100
7631;7626;07/02/2020;82760
7632;7627;07/02/2020;102000
7633;7628;07/02/2020;172500
7634;7629;07/02/2020;345000
7635;7630;07/02/2020;237500
7636;7631;07/02/2020;4098416
7637;7632;07/02/2020;145000
7638;7633;07/02/2020;83000
7639;7634;07/02/2020;110000
7640;7635;07/02/2020;327000
7641;7636;07/02/2020;232600
7642;7637;07/02/2020;201000
7643;7638;07/02/2020;120000
7644;7639;07/02/2020;125000
7645;7640;07/02/2020;138000
7646;7641;07/02/2020;145500
7647;7642;07/02/2020;225000
7648;7643;07/02/2020;167500
7649;7644;07/02/2020;296540
7650;7645;07/02/2020;279320
7651;7646;07/02/2020;55500
7652;7647;07/02/2020;280700
7653;7648;07/02/2020;166500
7654;7649;07/02/2020;183697
7655;7650;07/02/2020;1035200
7656;7651;07/02/2020;292500
7657;7652;07/02/2020;241380
7658;7653;07/02/2020;68000
7659;7654;07/02/2020;85000
7660;7655;07/02/2020;77000
7661;7656;07/02/2020;88000
7662;7657;07/02/2020;150000
7663;7658;07/02/2020;124000
7664;7659;07/02/2020;105000
7665;7660;07/02/2020;103090
7666;7661;07/02/2020;80000
7667;7662;07/02/2020;176000
7668;7663;07/02/2020;148500
7669;7664;07/02/2020;118400
7670;7665;07/02/2020;51500
7671;7666;07/02/2020;129000
7672;7667;07/02/2020;74000
7673;7668;07/02/2020;31000
7674;7669;07/02/2020;75000
7675;7670;07/02/2020;103500
7676;7671;07/02/2020;62300
7677;7672;07/02/2020;87300
7678;7673;07/02/2020;59900
7679;7674;07/02/2020;244000
7680;7675;07/02/2020;177000
7681;7676;07/02/2020;125000
7682;7677;07/02/2020;160705
7683;7678;07/02/2020;129000
7684;7679;07/02/2020;261000
7685;7680;07/02/2020;101000
7686;7681;07/02/2020;100000
7687;7682;07/02/2020;265000
7688;7683;07/02/2020;108000
7689;7684;07/02/2020;59900
7690;7685;07/02/2020;235000
7691;7686;07/02/2020;159500
7692;7687;07/02/2020;219415
7693;7688;07/02/2020;81000
7694;7689;07/02/2020;260000
7695;7690;07/02/2020;3600000
7696;7691;07/02/2020;326000
7697;7692;07/02/2020;599050
7698;7693;07/02/2020;575656
7699;7694;07/02/2020;56000
7700;7695;07/02/2020;465643
7701;7696;07/02/2020;368000
7702;7697;07/02/2020;311000
7703;7698;07/02/2020;297500
7704;7699;07/02/2020;344900
7705;7700;07/02/2020;59000
7706;7701;07/02/2020;219500
7707;7702;07/02/2020;175000
7708;7703;07/02/2020;288750
7709;7704;07/02/2020;568056
7710;7705;07/02/2020;132000
7711;7706;07/02/2020;584750
7712;7707;07/02/2020;307400
7713;7708;07/02/2020;233000
7714;7709;07/02/2020;413000
7715;7710;07/02/2020;150000
7716;7711;07/02/2020;400000
7717;7712;07/02/2020;580000
7718;7713;07/02/2020;153000
7719;7714;07/02/2020;145383
7720;7715;07/02/2020;188900
7721;7716;07/02/2020;197000
7722;7717;07/02/2020;71000
7723;7718;07/02/2020;505000
7724;7719;07/02/2020;178200
7725;7720;07/02/2020;79400
7726;7721;07/02/2020;219000
7727;7722;07/02/2020;307000
7728;7723;07/02/2020;163390
7729;7724;07/02/2020;1300000
7730;7725;07/02/2020;309900
7731;7726;07/02/2020;172000
7732;7727;07/02/2020;295000
7733;7728;07/02/2020;190900
7734;7729;07/02/2020;79000
7735;7730;07/02/2020;295238
7736;7731;07/02/2020;206000
7737;7732;07/02/2020;259500
7738;7733;07/02/2020;275120
7739;7734;07/02/2020;186000
7740;7735;07/02/2020;117000
7741;7736;07/02/2020;215000
7742;7737;07/02/2020;540000
7743;7738;07/02/2020;129000
7744;7739;07/02/2020;165000
7745;7740;07/02/2020;438000
7746;7741;07/02/2020;270000
7747;7742;07/02/2020;244000
7748;7743;07/02/2020;152000
7749;7744;07/02/2020;132000
7750;7745;07/02/2020;296000
7751;7746;07/02/2020;115900
7752;7747;07/02/2020;355000
7753;7748;07/02/2020;236786
7754;7749;07/02/2020;139000
7755;7750;07/02/2020;165150
7756;7751;07/02/2020;228000
7757;7752;07/02/2020;234000
7758;7753;07/02/2020;156000
7759;7754;07/02/2020;256100
7760;7755;07/02/2020;129000
7761;7756;07/02/2020;281600
7762;7757;07/02/2020;445000
7763;7758;07/02/2020;129000
7764;7759;07/02/2020;42000
7765;7760;07/02/2020;109000
7766;7761;08/02/2020;67500
7767;7762;08/02/2020;54000
7768;7763;08/02/2020;192727
7769;7764;08/02/2020;170100
7770;7765;08/02/2020;150000
7771;7766;08/02/2020;65990
7772;7767;08/02/2020;76000
7773;7768;08/02/2020;74990
7774;7769;08/02/2020;89900
7775;7770;08/02/2020;62000
7776;7771;08/02/2020;136000
7777;7772;08/02/2020;52000
7778;7773;08/02/2020;44000
7779;7774;08/02/2020;290000
7780;7775;08/02/2020;33600
7781;7776;08/02/2020;45000
7782;7777;08/02/2020;41000
7783;7778;08/02/2020;63200
7784;7779;08/02/2020;125000
7785;7780;08/02/2020;22000
7786;7781;08/02/2020;299630
7787;7782;08/02/2020;212000
7788;7783;08/02/2020;1472500
7789;7784;08/02/2020;1083149
7790;7785;08/02/2020;395500
7791;7786;08/02/2020;196000
7792;7787;08/02/2020;109500
7793;7788;08/02/2020;136500
7794;7789;08/02/2020;157000
7795;7790;08/02/2020;122500
7796;7791;08/02/2020;104900
7797;7792;08/02/2020;450000
7798;7793;08/02/2020;135000
7799;7794;08/02/2020;137500
7800;7795;08/02/2020;288000
7801;7796;08/02/2020;146000
7802;7797;10/02/2020;295000
7803;7798;10/02/2020;89000
7804;7799;10/02/2020;44585
7805;7800;10/02/2020;49000
7806;7801;10/02/2020;425000
7807;7802;10/02/2020;297000
7808;7803;10/02/2020;111600
7809;7804;10/02/2020;325100
7810;7805;10/02/2020;153600
7811;7806;10/02/2020;104000
7812;7807;10/02/2020;118000
7813;7808;10/02/2020;130700
7814;7809;10/02/2020;46500
7815;7810;10/02/2020;134000
7816;7811;10/02/2020;96000
7817;7812;10/02/2020;190000
7818;7813;10/02/2020;127200
7819;7814;10/02/2020;85500
7820;7815;10/02/2020;145000
7821;7816;10/02/2020;371300
7822;7817;10/02/2020;181750
7823;7818;10/02/2020;91500
7824;7819;10/02/2020;276500
7825;7820;10/02/2020;56000
7826;7821;10/02/2020;33308
7827;7822;10/02/2020;345000
7828;7823;10/02/2020;220000
7829;7824;10/02/2020;355000
7830;7825;10/02/2020;57000
7831;7826;10/02/2020;100000
7832;7827;10/02/2020;195000
7833;7828;10/02/2020;77400
7834;7829;10/02/2020;101000
7835;7830;10/02/2020;104000
7836;7831;10/02/2020;180000
7837;7832;10/02/2020;192500
7838;7833;10/02/2020;156400
7839;7834;10/02/2020;89000
7840;7835;10/02/2020;116000
7841;7836;10/02/2020;35000
7842;7837;10/02/2020;37400
7843;7838;10/02/2020;99000
7844;7839;10/02/2020;167000
7845;7840;10/02/2020;183800
7846;7841;10/02/2020;290000
7847;7842;10/02/2020;277725
7848;7843;10/02/2020;155825
7849;7844;10/02/2020;191625
7850;7845;10/02/2020;302800
7851;7846;10/02/2020;67605
7852;7847;10/02/2020;48000
7853;7848;10/02/2020;66972
7854;7849;10/02/2020;184000
7855;7850;10/02/2020;298000
7856;7851;10/02/2020;192450
7857;7852;10/02/2020;360000
7858;7853;10/02/2020;198000
7859;7854;10/02/2020;301640
7860;7855;10/02/2020;133000
7861;7856;10/02/2020;286000
7862;7857;10/02/2020;200000
7863;7858;10/02/2020;117500
7864;7859;10/02/2020;413000
7865;7860;10/02/2020;47560
7866;7861;10/02/2020;116350
7867;7862;10/02/2020;68000
7868;7863;10/02/2020;175000
7869;7864;10/02/2020;679000
7870;7865;10/02/2020;155000
7871;7866;10/02/2020;68600
7872;7867;10/02/2020;23750
7873;7868;10/02/2020;125000
7874;7869;10/02/2020;57000
7875;7870;10/02/2020;154900
7876;7871;10/02/2020;203100
7877;7872;10/02/2020;37000
7878;7873;10/02/2020;63000
7879;7874;10/02/2020;290000
7880;7875;10/02/2020;88000
7881;7876;10/02/2020;55500
7882;7877;10/02/2020;181500
7883;7878;10/02/2020;87000
7884;7879;10/02/2020;188000
7885;7880;10/02/2020;147740
7886;7881;10/02/2020;105000
7887;7882;10/02/2020;75000
7888;7883;10/02/2020;100000
7889;7884;10/02/2020;53500
7890;7885;10/02/2020;47000
7891;7886;10/02/2020;120000
7892;7887;10/02/2020;63000
7893;7888;10/02/2020;39000
7894;7889;10/02/2020;168000
7895;7890;10/02/2020;140000
7896;7891;10/02/2020;174900
7897;7892;10/02/2020;113000
7898;7893;10/02/2020;290000
7899;7894;10/02/2020;390715
7900;7895;10/02/2020;98275
7901;7896;10/02/2020;320000
7902;7897;10/02/2020;113000
7903;7898;10/02/2020;127500
7904;7899;10/02/2020;130000
7905;7900;10/02/2020;74000
7906;7901;10/02/2020;170500
7907;7902;10/02/2020;85200
7908;7903;10/02/2020;294000
7909;7904;10/02/2020;180000
7910;7905;10/02/2020;117500
7911;7906;10/02/2020;149000
7912;7907;10/02/2020;150000
7913;7908;10/02/2020;108000
7914;7909;10/02/2020;195000
7915;7910;10/02/2020;154000
7916;7911;10/02/2020;130984
7917;7912;10/02/2020;189300
7918;7913;10/02/2020;178500
7919;7914;10/02/2020;165016
7920;7915;10/02/2020;68000
7921;7916;10/02/2020;39000
7922;7917;10/02/2020;300000
7923;7918;10/02/2020;49470
7924;7919;10/02/2020;149000
7925;7920;10/02/2020;225000
7926;7921;10/02/2020;80000
7927;7922;10/02/2020;106910
7928;7923;10/02/2020;207000
7929;7924;10/02/2020;173000
7930;7925;10/02/2020;282500
7931;7926;10/02/2020;74000
7932;7927;10/02/2020;39000
7933;7928;10/02/2020;71820
7934;7929;10/02/2020;284000
7935;7930;10/02/2020;390150
7936;7931;10/02/2020;870000
7937;7932;10/02/2020;715392
7938;7933;10/02/2020;980000
7939;7934;10/02/2020;673871
7940;7935;10/02/2020;1420000
7941;7936;10/02/2020;3604090
7942;7937;10/02/2020;1136000
7943;7938;10/02/2020;770000
7944;7939;10/02/2020;300600
7945;7940;10/02/2020;525000
7946;7941;10/02/2020;220000
7947;7942;10/02/2020;866800
7948;7943;10/02/2020;195000
7949;7944;10/02/2020;1701000
7950;7945;10/02/2020;838400
7951;7946;10/02/2020;1140600
7952;7947;10/02/2020;635500
7953;7948;10/02/2020;172000
7954;7949;10/02/2020;581200
7955;7950;10/02/2020;357150
7956;7951;10/02/2020;213000
7957;7952;10/02/2020;428100
7958;7953;10/02/2020;611000
7959;7954;10/02/2020;49500
7960;7955;10/02/2020;212000
7961;7956;10/02/2020;302100
7962;7957;10/02/2020;58000
7963;7958;10/02/2020;135000
7964;7959;10/02/2020;123500
7965;7960;10/02/2020;226000
7966;7961;10/02/2020;160000
7967;7962;10/02/2020;237375
7968;7963;10/02/2020;196750
7969;7964;10/02/2020;565000
7970;7965;10/02/2020;93000
7971;7966;10/02/2020;321620
7972;7967;10/02/2020;176500
7973;7968;10/02/2020;67000
7974;7969;10/02/2020;147400
7975;7970;10/02/2020;230000
7976;7971;10/02/2020;246784
7977;7972;10/02/2020;430000
7978;7973;10/02/2020;238000
7979;7974;10/02/2020;247500
7980;7975;10/02/2020;62000
7981;7976;10/02/2020;127500
7982;7977;10/02/2020;190000
7983;7978;10/02/2020;159280
7984;7979;10/02/2020;214286
7985;7980;10/02/2020;220749
7986;7981;10/02/2020;133500
7987;7982;10/02/2020;250300
7988;7983;10/02/2020;245000
7989;7984;10/02/2020;165500
7990;7985;10/02/2020;137000
7991;7986;10/02/2020;138300
7992;7987;10/02/2020;213400
7993;7988;10/02/2020;120500
7994;7989;10/02/2020;85990
7995;7990;10/02/2020;58000
7996;7991;10/02/2020;240100
7997;7992;10/02/2020;211300
7998;7993;10/02/2020;118000
7999;7994;10/02/2020;126000
8000;7995;10/02/2020;275000
8001;7996;10/02/2020;328000
8002;7997;10/02/2020;325290
8003;7998;10/02/2020;132450
8004;7999;10/02/2020;231000
8005;8000;10/02/2020;675000
8006;8001;10/02/2020;508000
8007;8002;10/02/2020;209000
8008;8003;10/02/2020;228300
8009;8004;10/02/2020;145000
8010;8005;10/02/2020;625400
8011;8006;10/02/2020;117000
8012;8007;10/02/2020;440000
8013;8008;10/02/2020;379910
8014;8009;10/02/2020;280000
8015;8010;10/02/2020;283840
8016;8011;10/02/2020;136240
8017;8012;10/02/2020;215000
8018;8013;10/02/2020;181000
8019;8014;10/02/2020;328000
8020;8015;10/02/2020;281000
8021;8016;10/02/2020;235850
8022;8017;10/02/2020;170000
8023;8018;10/02/2020;145000
8024;8019;10/02/2020;121785
8025;8020;10/02/2020;240000
8026;8021;10/02/2020;229900
8027;8022;10/02/2020;123000
8028;8023;10/02/2020;153000
8029;8024;10/02/2020;157000
8030;8025;10/02/2020;228000
8031;8026;10/02/2020;57000
8032;8027;10/02/2020;243000
8033;8028;10/02/2020;387000
8034;8029;10/02/2020;259000
8035;8030;10/02/2020;144000
8036;8031;10/02/2020;257000
8037;8032;10/02/2020;60714
8038;8033;10/02/2020;187000
8039;8034;10/02/2020;140000
8040;8035;10/02/2020;300000
8041;8036;10/02/2020;153000
8042;8037;10/02/2020;140000
8043;8038;10/02/2020;37000
8044;8039;10/02/2020;75500
8045;8040;10/02/2020;200000
8046;8041;10/02/2020;88000
8047;8042;11/02/2020;305500
8048;8043;11/02/2020;212862
8049;8044;11/02/2020;80000
8050;8045;11/02/2020;323000
8051;8046;11/02/2020;302500
8052;8047;11/02/2020;156000
8053;8048;11/02/2020;67991
8054;8049;11/02/2020;33609
8055;8050;11/02/2020;96300
8056;8051;11/02/2020;43560
8057;8052;11/02/2020;244000
8058;8053;11/02/2020;187440
8059;8054;11/02/2020;2220000
8060;8055;11/02/2020;152015
8061;8056;11/02/2020;420000
8062;8057;11/02/2020;72000
8063;8058;11/02/2020;50000
8064;8059;11/02/2020;343025
8065;8060;11/02/2020;19000
8066;8061;11/02/2020;280000
8067;8062;11/02/2020;317000
8068;8063;11/02/2020;300200
8069;8064;11/02/2020;143000
8070;8065;11/02/2020;55500
8071;8066;11/02/2020;169000
8072;8067;11/02/2020;347000
8073;8068;11/02/2020;107000
8074;8069;11/02/2020;68001
8075;8070;11/02/2020;30000
8076;8071;11/02/2020;180000
8077;8072;11/02/2020;76800
8078;8073;11/02/2020;189000
8079;8074;11/02/2020;137000
8080;8075;11/02/2020;118000
8081;8076;11/02/2020;302000
8082;8077;11/02/2020;30000
8083;8078;11/02/2020;105000
8084;8079;11/02/2020;109000
8085;8080;11/02/2020;178900
8086;8081;11/02/2020;60000
8087;8082;11/02/2020;200000
8088;8083;11/02/2020;248000
8089;8084;11/02/2020;78000
8090;8085;11/02/2020;52000
8091;8086;11/02/2020;53000
8092;8087;11/02/2020;86500
8093;8088;11/02/2020;107000
8094;8089;11/02/2020;132000
8095;8090;11/02/2020;230000
8096;8091;11/02/2020;85000
8097;8092;11/02/2020;290000
8098;8093;11/02/2020;110900
8099;8094;11/02/2020;132000
8100;8095;11/02/2020;235500
8101;8096;11/02/2020;204300
8102;8097;11/02/2020;206600
8103;8098;11/02/2020;129300
8104;8099;11/02/2020;149500
8105;8100;11/02/2020;460000
8106;8101;11/02/2020;195000
8107;8102;11/02/2020;79500
8108;8103;11/02/2020;223100
8109;8104;11/02/2020;49300
8110;8105;11/02/2020;81600
8111;8106;11/02/2020;96500
8112;8107;11/02/2020;89400
8113;8108;11/02/2020;298000
8114;8109;11/02/2020;62990
8115;8110;11/02/2020;94000
8116;8111;11/02/2020;328500
8117;8112;11/02/2020;185000
8118;8113;11/02/2020;151960
8119;8114;11/02/2020;102000
8120;8115;11/02/2020;152000
8121;8116;11/02/2020;371000
8122;8117;11/02/2020;178200
8123;8118;11/02/2020;393000
8124;8119;11/02/2020;285000
8125;8120;11/02/2020;255000
8126;8121;11/02/2020;295500
8127;8122;11/02/2020;106000
8128;8123;11/02/2020;290000
8129;8124;11/02/2020;220000
8130;8125;11/02/2020;110500
8131;8126;11/02/2020;50000
8132;8127;11/02/2020;27000
8133;8128;11/02/2020;139400
8134;8129;11/02/2020;106500
8135;8130;11/02/2020;126200
8136;8131;11/02/2020;96000
8137;8132;11/02/2020;53000
8138;8133;11/02/2020;81600
8139;8134;11/02/2020;200000
8140;8135;11/02/2020;26100
8141;8136;11/02/2020;48000
8142;8137;11/02/2020;660000
8143;8138;11/02/2020;167100
8144;8139;11/02/2020;85000
8145;8140;11/02/2020;106000
8146;8141;11/02/2020;160500
8147;8142;11/02/2020;92000
8148;8143;11/02/2020;78500
8149;8144;11/02/2020;99000
8150;8145;11/02/2020;136500
8151;8146;11/02/2020;219950
8152;8147;11/02/2020;178000
8153;8148;11/02/2020;143000
8154;8149;11/02/2020;117000
8155;8150;11/02/2020;164700
8156;8151;11/02/2020;269000
8157;8152;11/02/2020;207600
8158;8153;11/02/2020;70470
8159;8154;11/02/2020;540000
8160;8155;11/02/2020;1449275
8161;8156;11/02/2020;156000
8162;8157;11/02/2020;1920000
8163;8158;11/02/2020;1280000
8164;8159;11/02/2020;1333900
8165;8160;11/02/2020;439000
8166;8161;11/02/2020;457710
8167;8162;11/02/2020;985000
8168;8163;11/02/2020;723000
8169;8164;11/02/2020;148000
8170;8165;11/02/2020;416850
8171;8166;11/02/2020;108000
8172;8167;11/02/2020;444950
8173;8168;11/02/2020;602000
8174;8169;11/02/2020;969700
8175;8170;11/02/2020;225400
8176;8171;11/02/2020;303000
8177;8172;11/02/2020;184710
8178;8173;11/02/2020;99000
8179;8174;11/02/2020;103000
8180;8175;11/02/2020;180570
8181;8176;11/02/2020;283000
8182;8177;11/02/2020;150600
8183;8178;11/02/2020;151900
8184;8179;11/02/2020;267270
8185;8180;11/02/2020;317900
8186;8181;11/02/2020;149000
8187;8182;11/02/2020;211550
8188;8183;11/02/2020;150000
8189;8184;11/02/2020;236600
8190;8185;11/02/2020;194000
8191;8186;11/02/2020;173000
8192;8187;11/02/2020;208850
8193;8188;11/02/2020;399000
8194;8189;11/02/2020;219500
8195;8190;11/02/2020;120000
8196;8191;11/02/2020;147500
8197;8192;11/02/2020;165000
8198;8193;11/02/2020;220000
8199;8194;11/02/2020;191300
8200;8195;11/02/2020;223200
8201;8196;11/02/2020;270000
8202;8197;11/02/2020;179500
8203;8198;11/02/2020;217500
8204;8199;11/02/2020;295000
8205;8200;11/02/2020;165000
8206;8201;11/02/2020;190200
8207;8202;11/02/2020;113000
8208;8203;11/02/2020;345000
8209;8204;11/02/2020;375500
8210;8205;11/02/2020;267500
8211;8206;11/02/2020;183300
8212;8207;11/02/2020;71735
8213;8208;11/02/2020;218100
8214;8209;11/02/2020;71000
8215;8210;11/02/2020;173000
8216;8211;11/02/2020;69475
8217;8212;11/02/2020;108000
8218;8213;11/02/2020;205280
8219;8214;11/02/2020;61800
8220;8215;11/02/2020;144300
8221;8216;11/02/2020;44500
8222;8217;11/02/2020;32233
8223;8218;11/02/2020;156512
8224;8219;11/02/2020;41500
8225;8220;11/02/2020;108000
8226;8221;11/02/2020;163000
8227;8222;11/02/2020;100000
8228;8223;11/02/2020;111000
8229;8224;11/02/2020;165000
8230;8225;11/02/2020;74000
8231;8226;11/02/2020;234000
8232;8227;11/02/2020;199999
8233;8228;11/02/2020;190000
8234;8229;11/02/2020;285000
8235;8230;11/02/2020;183000
8236;8231;11/02/2020;245000
8237;8232;11/02/2020;145000
8238;8233;11/02/2020;800000
8239;8234;11/02/2020;396200
8240;8235;11/02/2020;470000
8241;8236;11/02/2020;278000
8242;8237;11/02/2020;385920
8243;8238;11/02/2020;442000
8244;8239;11/02/2020;489250
8245;8240;11/02/2020;290000
8246;8241;11/02/2020;120000
8247;8242;11/02/2020;169000
8248;8243;11/02/2020;425000
8249;8244;11/02/2020;180950
8250;8245;11/02/2020;302300
8251;8246;11/02/2020;237600
8252;8247;11/02/2020;102000
8253;8248;11/02/2020;290000
8254;8249;11/02/2020;248700
8255;8250;11/02/2020;264461
8256;8251;11/02/2020;164000
8257;8252;11/02/2020;372500
8258;8253;11/02/2020;263000
8259;8254;11/02/2020;270000
8260;8255;11/02/2020;183750
8261;8256;11/02/2020;222500
8262;8257;11/02/2020;113400
8263;8258;11/02/2020;266666
8264;8259;11/02/2020;150000
8265;8260;11/02/2020;431000
8266;8261;11/02/2020;80300
8267;8262;11/02/2020;271700
8268;8263;11/02/2020;387600
8269;8264;11/02/2020;118500
8270;8265;11/02/2020;260000
8271;8266;11/02/2020;237500
8272;8267;11/02/2020;157000
8273;8268;11/02/2020;320000
8274;8269;11/02/2020;304300
8275;8270;11/02/2020;56730
8276;8271;11/02/2020;90500
8277;8272;12/02/2020;167550
8278;8273;12/02/2020;50000
8279;8274;12/02/2020;132500
8280;8275;12/02/2020;292000
8281;8276;12/02/2020;133000
8282;8277;12/02/2020;81000
8283;8278;12/02/2020;201500
8284;8279;12/02/2020;150500
8285;8280;12/02/2020;62000
8286;8281;12/02/2020;
8287;8282;12/02/2020;230000
8288;8283;12/02/2020;189150
8289;8284;12/02/2020;169000
8290;8285;12/02/2020;132500
8291;8286;12/02/2020;150310
8292;8287;12/02/2020;76700
8293;8288;12/02/2020;60550
8294;8289;12/02/2020;133000
8295;8290;12/02/2020;135500
8296;8291;12/02/2020;1076000
8297;8292;12/02/2020;262580
8298;8293;12/02/2020;92000
8299;8294;12/02/2020;77000
8300;8295;12/02/2020;285000
8301;8296;12/02/2020;55000
8302;8297;12/02/2020;89000
8303;8298;12/02/2020;50000
8304;8299;12/02/2020;46000
8305;8300;12/02/2020;55900
8306;8301;12/02/2020;62900
8307;8302;12/02/2020;18000
8308;8303;12/02/2020;129000
8309;8304;12/02/2020;55000
8310;8305;12/02/2020;275000
8311;8306;12/02/2020;110000
8312;8307;12/02/2020;58200
8313;8308;12/02/2020;48000
8314;8309;12/02/2020;180000
8315;8310;12/02/2020;165000
8316;8311;12/02/2020;63000
8317;8312;12/02/2020;18000
8318;8313;12/02/2020;91650
8319;8314;12/02/2020;229000
8320;8315;12/02/2020;152000
8321;8316;12/02/2020;153000
8322;8317;12/02/2020;132000
8323;8318;12/02/2020;71000
8324;8319;12/02/2020;119000
8325;8320;12/02/2020;73000
8326;8321;12/02/2020;158620
8327;8322;12/02/2020;83000
8328;8323;12/02/2020;27000
8329;8324;12/02/2020;51500
8330;8325;12/02/2020;196800
8331;8326;12/02/2020;158000
8332;8327;12/02/2020;188000
8333;8328;12/02/2020;241000
8334;8329;12/02/2020;171500
8335;8330;12/02/2020;295530
8336;8331;12/02/2020;146850
8337;8332;12/02/2020;150000
8338;8333;12/02/2020;235000
8339;8334;12/02/2020;58019
8340;8335;12/02/2020;48500
8341;8336;12/02/2020;112600
8342;8337;12/02/2020;110000
8343;8338;12/02/2020;136580
8344;8339;12/02/2020;331000
8345;8340;12/02/2020;404900
8346;8341;12/02/2020;188000
8347;8342;12/02/2020;184250
8348;8343;12/02/2020;85000
8349;8344;12/02/2020;264000
8350;8345;12/02/2020;77050
8351;8346;12/02/2020;198648
8352;8347;12/02/2020;173000
8353;8348;12/02/2020;267140
8354;8349;12/02/2020;47500
8355;8350;12/02/2020;147000
8356;8351;12/02/2020;121000
8357;8352;12/02/2020;151668
8358;8353;12/02/2020;123800
8359;8354;12/02/2020;99800
8360;8355;12/02/2020;255000
8361;8356;12/02/2020;104500
8362;8357;12/02/2020;195500
8363;8358;12/02/2020;230000
8364;8359;12/02/2020;160000
8365;8360;12/02/2020;133300
8366;8361;12/02/2020;114000
8367;8362;12/02/2020;75000
8368;8363;12/02/2020;45000
8369;8364;12/02/2020;115000
8370;8365;12/02/2020;91500
8371;8366;12/02/2020;521750
8372;8367;12/02/2020;126400
8373;8368;12/02/2020;107300
8374;8369;12/02/2020;121500
8375;8370;12/02/2020;81000
8376;8371;12/02/2020;96000
8377;8372;12/02/2020;200500
8378;8373;12/02/2020;178600
8379;8374;12/02/2020;46000
8380;8375;12/02/2020;70500
8381;8376;12/02/2020;66740
8382;8377;12/02/2020;62000
8383;8378;12/02/2020;110850
8384;8379;12/02/2020;587500
8385;8380;12/02/2020;121000
8386;8381;12/02/2020;95000
8387;8382;12/02/2020;77900
8388;8383;12/02/2020;108000
8389;8384;12/02/2020;75050
8390;8385;12/02/2020;168000
8391;8386;12/02/2020;106000
8392;8387;12/02/2020;37000
8393;8388;12/02/2020;55000
8394;8389;12/02/2020;185000
8395;8390;12/02/2020;112800
8396;8391;12/02/2020;418970
8397;8392;12/02/2020;178000
8398;8393;12/02/2020;100000
8399;8394;12/02/2020;59000
8400;8395;12/02/2020;125000
8401;8396;12/02/2020;267810
8402;8397;12/02/2020;347000
8403;8398;12/02/2020;294500
8404;8399;12/02/2020;177500
8405;8400;12/02/2020;275000
8406;8401;12/02/2020;1066000
8407;8402;12/02/2020;262300
8408;8403;12/02/2020;545000
8409;8404;12/02/2020;430000
8410;8405;12/02/2020;260000
8411;8406;12/02/2020;2302000
8412;8407;12/02/2020;457600
8413;8408;12/02/2020;217750
8414;8409;12/02/2020;135238
8415;8410;12/02/2020;711550
8416;8411;12/02/2020;280944
8417;8412;12/02/2020;204000
8418;8413;12/02/2020;863400
8419;8414;12/02/2020;651500
8420;8415;12/02/2020;309000
8421;8416;12/02/2020;308200
8422;8417;12/02/2020;268000
8423;8418;12/02/2020;179000
8424;8419;12/02/2020;362540
8425;8420;12/02/2020;135000
8426;8421;12/02/2020;921500
8427;8422;12/02/2020;475000
8428;8423;12/02/2020;100000
8429;8424;12/02/2020;460000
8430;8425;12/02/2020;484000
8431;8426;12/02/2020;477536
8432;8427;12/02/2020;724923
8433;8428;12/02/2020;1660000
8434;8429;12/02/2020;1095000
8435;8430;12/02/2020;878250
8436;8431;12/02/2020;1266100
8437;8432;12/02/2020;310200
8438;8433;12/02/2020;2355000
8439;8434;12/02/2020;200000
8440;8435;12/02/2020;864000
8441;8436;12/02/2020;564000
8442;8437;12/02/2020;200010
8443;8438;12/02/2020;307085
8444;8439;12/02/2020;316500
8445;8440;12/02/2020;85000
8446;8441;12/02/2020;189000
8447;8442;12/02/2020;225900
8448;8443;12/02/2020;370000
8449;8444;12/02/2020;110000
8450;8445;12/02/2020;127500
8451;8446;12/02/2020;147500
8452;8447;12/02/2020;460590
8453;8448;12/02/2020;406600
8454;8449;12/02/2020;549405
8455;8450;12/02/2020;162000
8456;8451;12/02/2020;613000
8457;8452;12/02/2020;333000
8458;8453;12/02/2020;232450
8459;8454;12/02/2020;790000
8460;8455;12/02/2020;143000
8461;8456;12/02/2020;203000
8462;8457;12/02/2020;185000
8463;8458;12/02/2020;374611
8464;8459;12/02/2020;377910
8465;8460;12/02/2020;225545
8466;8461;12/02/2020;171000
8467;8462;12/02/2020;43000
8468;8463;12/02/2020;76000
8469;8464;12/02/2020;180000
8470;8465;12/02/2020;139000
8471;8466;12/02/2020;140000
8472;8467;12/02/2020;215250
8473;8468;12/02/2020;280000
8474;8469;12/02/2020;113000
8475;8470;12/02/2020;49000
8476;8471;12/02/2020;126000
8477;8472;12/02/2020;148800
8478;8473;12/02/2020;76500
8479;8474;12/02/2020;140500
8480;8475;12/02/2020;74000
8481;8476;12/02/2020;77000
8482;8477;12/02/2020;105450
8483;8478;12/02/2020;39600
8484;8479;12/02/2020;582750
8485;8480;12/02/2020;175000
8486;8481;12/02/2020;135000
8487;8482;12/02/2020;105980
8488;8483;12/02/2020;268400
8489;8484;12/02/2020;125000
8490;8485;12/02/2020;285000
8491;8486;12/02/2020;168000
8492;8487;12/02/2020;205000
8493;8488;12/02/2020;65000
8494;8489;12/02/2020;141000
8495;8490;12/02/2020;425000
8496;8491;12/02/2020;840910
8497;8492;12/02/2020;185000
8498;8493;12/02/2020;430000
8499;8494;12/02/2020;375300
8500;8495;12/02/2020;868850
8501;8496;12/02/2020;471000
8502;8497;12/02/2020;732150
8503;8498;12/02/2020;988200
8504;8499;12/02/2020;350800
8505;8500;12/02/2020;315000
8506;8501;12/02/2020;284300
8507;8502;12/02/2020;288000
8508;8503;12/02/2020;100000
8509;8504;12/02/2020;113800
8510;8505;12/02/2020;157600
8511;8506;12/02/2020;90000
8512;8507;12/02/2020;173500
8513;8508;12/02/2020;200000
8514;8509;12/02/2020;385000
8515;8510;12/02/2020;129000
8516;8511;12/02/2020;167000
8517;8512;12/02/2020;328950
8518;8513;12/02/2020;194000
8519;8514;12/02/2020;178000
8520;8515;12/02/2020;174000
8521;8516;12/02/2020;353000
8522;8517;12/02/2020;646700
8523;8518;12/02/2020;298000
8524;8519;12/02/2020;182000
8525;8520;12/02/2020;164400
8526;8521;12/02/2020;180000
8527;8522;12/02/2020;204040
8528;8523;12/02/2020;61500
8529;8524;12/02/2020;127000
8530;8525;12/02/2020;113900
8531;8526;12/02/2020;185000
8532;8527;12/02/2020;45000
8533;8528;13/02/2020;55000
8534;8529;13/02/2020;125000
8535;8530;13/02/2020;59000
8536;8531;13/02/2020;52800
8537;8532;13/02/2020;90000
8538;8533;13/02/2020;76600
8539;8534;13/02/2020;130000
8540;8535;13/02/2020;835000
8541;8536;13/02/2020;225000
8542;8537;13/02/2020;345000
8543;8538;13/02/2020;580250
8544;8539;13/02/2020;155000
8545;8540;13/02/2020;156500
8546;8541;13/02/2020;61000
8547;8542;13/02/2020;75000
8548;8543;13/02/2020;250000
8549;8544;13/02/2020;137000
8550;8545;13/02/2020;309800
8551;8546;13/02/2020;397400
8552;8547;13/02/2020;291550
8553;8548;13/02/2020;103000
8554;8549;13/02/2020;217000
8555;8550;13/02/2020;190000
8556;8551;13/02/2020;417500
8557;8552;13/02/2020;77000
8558;8553;13/02/2020;188470
8559;8554;13/02/2020;126000
8560;8555;13/02/2020;45000
8561;8556;13/02/2020;50000
8562;8557;13/02/2020;149000
8563;8558;13/02/2020;117400
8564;8559;13/02/2020;59500
8565;8560;13/02/2020;128000
8566;8561;13/02/2020;154000
8567;8562;13/02/2020;150000
8568;8563;13/02/2020;316000
8569;8564;13/02/2020;205000
8570;8565;13/02/2020;150000
8571;8566;13/02/2020;196000
8572;8567;13/02/2020;90000
8573;8568;13/02/2020;265000
8574;8569;13/02/2020;196700
8575;8570;13/02/2020;238095
8576;8571;13/02/2020;419000
8577;8572;13/02/2020;110500
8578;8573;13/02/2020;74000
8579;8574;13/02/2020;122000
8580;8575;13/02/2020;99659
8581;8576;13/02/2020;159750
8582;8577;13/02/2020;124500
8583;8578;13/02/2020;80000
8584;8579;13/02/2020;171000
8585;8580;13/02/2020;198000
8586;8581;13/02/2020;67000
8587;8582;13/02/2020;78000
8588;8583;13/02/2020;103700
8589;8584;13/02/2020;93700
8590;8585;13/02/2020;118900
8591;8586;13/02/2020;166000
8592;8587;13/02/2020;368800
8593;8588;13/02/2020;147091
8594;8589;13/02/2020;149720
8595;8590;13/02/2020;30400
8596;8591;13/02/2020;205000
8597;8592;13/02/2020;338430
8598;8593;13/02/2020;280043
8599;8594;13/02/2020;342800
8600;8595;13/02/2020;202048
8601;8596;13/02/2020;151000
8602;8597;13/02/2020;322500
8603;8598;13/02/2020;136000
8604;8599;13/02/2020;145000
8605;8600;13/02/2020;318500
8606;8601;13/02/2020;150000
8607;8602;13/02/2020;129684
8608;8603;13/02/2020;142955
8609;8604;13/02/2020;155900
8610;8605;13/02/2020;137000
8611;8606;13/02/2020;80000
8612;8607;13/02/2020;297000
8613;8608;13/02/2020;119350
8614;8609;13/02/2020;205350
8615;8610;13/02/2020;116500
8616;8611;13/02/2020;174010
8617;8612;13/02/2020;267200
8618;8613;13/02/2020;297650
8619;8614;13/02/2020;113990
8620;8615;13/02/2020;146000
8621;8616;13/02/2020;86000
8622;8617;13/02/2020;217850
8623;8618;13/02/2020;187863
8624;8619;13/02/2020;136000
8625;8620;13/02/2020;30500
8626;8621;13/02/2020;217300
8627;8622;13/02/2020;104000
8628;8623;13/02/2020;79000
8629;8624;13/02/2020;162000
8630;8625;13/02/2020;126500
8631;8626;13/02/2020;38300
8632;8627;13/02/2020;60000
8633;8628;13/02/2020;85000
8634;8629;13/02/2020;150000
8635;8630;13/02/2020;33000
8636;8631;13/02/2020;115040
8637;8632;13/02/2020;106000
8638;8633;13/02/2020;134375
8639;8634;13/02/2020;79800
8640;8635;13/02/2020;166850
8641;8636;13/02/2020;162119
8642;8637;13/02/2020;49500
8643;8638;13/02/2020;71000
8644;8639;13/02/2020;237000
8645;8640;13/02/2020;88000
8646;8641;13/02/2020;57500
8647;8642;13/02/2020;157000
8648;8643;13/02/2020;143000
8649;8644;13/02/2020;92650
8650;8645;13/02/2020;118300
8651;8646;13/02/2020;32900
8652;8647;13/02/2020;130000
8653;8648;13/02/2020;369500
8654;8649;13/02/2020;41600
8655;8650;13/02/2020;139650
8656;8651;13/02/2020;60500
8657;8652;13/02/2020;72000
8658;8653;13/02/2020;105220
8659;8654;13/02/2020;553000
8660;8655;13/02/2020;47000
8661;8656;13/02/2020;129000
8662;8657;13/02/2020;72000
8663;8658;13/02/2020;107000
8664;8659;13/02/2020;252000
8665;8660;13/02/2020;441050
8666;8661;13/02/2020;340000
8667;8662;13/02/2020;80000
8668;8663;13/02/2020;227800
8669;8664;13/02/2020;67900
8670;8665;13/02/2020;965159
8671;8666;13/02/2020;138000
8672;8667;13/02/2020;295000
8673;8668;13/02/2020;82000
8674;8669;13/02/2020;24900
8675;8670;13/02/2020;65900
8676;8671;13/02/2020;150000
8677;8672;13/02/2020;65000
8678;8673;13/02/2020;67600
8679;8674;13/02/2020;140000
8680;8675;13/02/2020;2333000
8681;8676;13/02/2020;349000
8682;8677;13/02/2020;167000
8683;8678;13/02/2020;930000
8684;8679;13/02/2020;655250
8685;8680;13/02/2020;425000
8686;8681;13/02/2020;4502585
8687;8682;13/02/2020;345000
8688;8683;13/02/2020;445000
8689;8684;13/02/2020;862000
8690;8685;13/02/2020;265650
8691;8686;13/02/2020;537000
8692;8687;13/02/2020;261100
8693;8688;13/02/2020;576000
8694;8689;13/02/2020;425000
8695;8690;13/02/2020;283200
8696;8691;13/02/2020;190000
8697;8692;13/02/2020;205000
8698;8693;13/02/2020;1050000
8699;8694;13/02/2020;469000
8700;8695;13/02/2020;332500
8701;8696;13/02/2020;280575
8702;8697;13/02/2020;1081700
8703;8698;13/02/2020;797000
8704;8699;13/02/2020;861300
8705;8700;13/02/2020;710000
8706;8701;13/02/2020;600600
8707;8702;13/02/2020;344500
8708;8703;13/02/2020;379047
8709;8704;13/02/2020;265200
8710;8705;13/02/2020;478000
8711;8706;13/02/2020;397500
8712;8707;13/02/2020;234500
8713;8708;13/02/2020;664000
8714;8709;13/02/2020;46930
8715;8710;13/02/2020;55000
8716;8711;13/02/2020;1250000
8717;8712;13/02/2020;264650
8718;8713;13/02/2020;258500
8719;8714;13/02/2020;285000
8720;8715;13/02/2020;145000
8721;8716;13/02/2020;151000
8722;8717;13/02/2020;82000
8723;8718;13/02/2020;165800
8724;8719;13/02/2020;238500
8725;8720;13/02/2020;148000
8726;8721;13/02/2020;110000
8727;8722;13/02/2020;199000
8728;8723;13/02/2020;228572
8729;8724;13/02/2020;114000
8730;8725;13/02/2020;210860
8731;8726;13/02/2020;252000
8732;8727;13/02/2020;227000
8733;8728;13/02/2020;523280
8734;8729;13/02/2020;259850
8735;8730;13/02/2020;109900
8736;8731;13/02/2020;177608
8737;8732;13/02/2020;122000
8738;8733;13/02/2020;118400
8739;8734;13/02/2020;158000
8740;8735;13/02/2020;228000
8741;8736;13/02/2020;48000
8742;8737;13/02/2020;192950
8743;8738;13/02/2020;64500
8744;8739;13/02/2020;44000
8745;8740;13/02/2020;72000
8746;8741;13/02/2020;128500
8747;8742;13/02/2020;235000
8748;8743;13/02/2020;152000
8749;8744;13/02/2020;316000
8750;8745;13/02/2020;200000
8751;8746;13/02/2020;143000
8752;8747;13/02/2020;175000
8753;8748;13/02/2020;55000
8754;8749;13/02/2020;162000
8755;8750;13/02/2020;131000
8756;8751;13/02/2020;73500
8757;8752;13/02/2020;369000
8758;8753;13/02/2020;265000
8759;8754;13/02/2020;400600
8760;8755;13/02/2020;166000
8761;8756;13/02/2020;40397
8762;8757;13/02/2020;425000
8763;8758;13/02/2020;120100
8764;8759;13/02/2020;88000
8765;8760;13/02/2020;80500
8766;8761;13/02/2020;299000
8767;8762;13/02/2020;87000
8768;8763;13/02/2020;89000
8769;8764;13/02/2020;100000
8770;8765;13/02/2020;650000
8771;8766;13/02/2020;161000
8772;8767;13/02/2020;159135
8773;8768;13/02/2020;172000
8774;8769;13/02/2020;167000
8775;8770;13/02/2020;197100
8776;8771;13/02/2020;192000
8777;8772;13/02/2020;116000
8778;8773;13/02/2020;381612
8779;8774;13/02/2020;283400
8780;8775;13/02/2020;143000
8781;8776;13/02/2020;335000
8782;8777;13/02/2020;275200
8783;8778;13/02/2020;331900
8784;8779;13/02/2020;152000
8785;8780;13/02/2020;555200
8786;8781;13/02/2020;516000
8787;8782;13/02/2020;391150
8788;8783;13/02/2020;407022
8789;8784;13/02/2020;472100
8790;8785;13/02/2020;235600
8791;8786;13/02/2020;308000
8792;8787;13/02/2020;295800
8793;8788;13/02/2020;286000
8794;8789;13/02/2020;270600
8795;8790;13/02/2020;556365
8796;8791;13/02/2020;109500
8797;8792;13/02/2020;325000
8798;8793;13/02/2020;45561
8799;8794;13/02/2020;285000
8800;8795;13/02/2020;94500
8801;8796;13/02/2020;281000
8802;8797;13/02/2020;345000
8803;8798;13/02/2020;225000
8804;8799;13/02/2020;184000
8805;8800;13/02/2020;166000
8806;8801;13/02/2020;110000
8807;8802;13/02/2020;152000
8808;8803;13/02/2020;119990
8809;8804;13/02/2020;315000
8810;8805;13/02/2020;227500
8811;8806;13/02/2020;87000
8812;8807;13/02/2020;184900
8813;8808;13/02/2020;1173000
8814;8809;13/02/2020;620500
8815;8810;13/02/2020;99613
8816;8811;13/02/2020;247000
8817;8812;13/02/2020;256476
8818;8813;13/02/2020;434500
8819;8814;13/02/2020;249000
8820;8815;13/02/2020;376320
8821;8816;13/02/2020;378900
8822;8817;13/02/2020;373348
8823;8818;13/02/2020;296900
8824;8819;13/02/2020;135000
8825;8820;13/02/2020;497000
8826;8821;13/02/2020;157000
8827;8822;13/02/2020;237500
8828;8823;13/02/2020;123000
8829;8824;13/02/2020;340000
8830;8825;13/02/2020;126068
8831;8826;13/02/2020;339000
8832;8827;13/02/2020;226911
8833;8828;13/02/2020;181340
8834;8829;13/02/2020;245000
8835;8830;13/02/2020;130000
8836;8831;13/02/2020;145000
8837;8832;13/02/2020;165010
8838;8833;13/02/2020;129500
8839;8834;13/02/2020;299980
8840;8835;13/02/2020;159900
8841;8836;13/02/2020;40000
8842;8837;14/02/2020;128460
8843;8838;14/02/2020;90500
8844;8839;14/02/2020;390000
8845;8840;14/02/2020;70000
8846;8841;14/02/2020;97000
8847;8842;14/02/2020;61500
8848;8843;14/02/2020;57000
8849;8844;14/02/2020;37000
8850;8845;14/02/2020;61400
8851;8846;14/02/2020;52500
8852;8847;14/02/2020;41500
8853;8848;14/02/2020;650000
8854;8849;14/02/2020;470315
8855;8850;14/02/2020;187140
8856;8851;14/02/2020;620000
8857;8852;14/02/2020;325000
8858;8853;14/02/2020;104000
8859;8854;14/02/2020;183000
8860;8855;14/02/2020;305000
8861;8856;14/02/2020;194460
8862;8857;14/02/2020;291230
8863;8858;14/02/2020;130940
8864;8859;14/02/2020;584000
8865;8860;14/02/2020;42500
8866;8861;14/02/2020;114500
8867;8862;14/02/2020;294000
8868;8863;14/02/2020;138000
8869;8864;14/02/2020;221500
8870;8865;14/02/2020;500000
8871;8866;14/02/2020;95000
8872;8867;14/02/2020;22000
8873;8868;14/02/2020;49000
8874;8869;14/02/2020;250000
8875;8870;14/02/2020;110000
8876;8871;14/02/2020;42000
8877;8872;14/02/2020;72000
8878;8873;14/02/2020;291500
8879;8874;14/02/2020;455000
8880;8875;14/02/2020;320430
8881;8876;14/02/2020;120133
8882;8877;14/02/2020;205000
8883;8878;14/02/2020;73129
8884;8879;14/02/2020;87000
8885;8880;14/02/2020;108000
8886;8881;14/02/2020;36000
8887;8882;14/02/2020;136000
8888;8883;14/02/2020;134000
8889;8884;14/02/2020;105500
8890;8885;14/02/2020;498400
8891;8886;14/02/2020;101000
8892;8887;14/02/2020;275000
8893;8888;14/02/2020;446700
8894;8889;14/02/2020;219000
8895;8890;14/02/2020;362200
8896;8891;14/02/2020;305000
8897;8892;14/02/2020;55990
8898;8893;14/02/2020;320400
8899;8894;14/02/2020;56500
8900;8895;14/02/2020;277400
8901;8896;14/02/2020;58000
8902;8897;14/02/2020;55000
8903;8898;14/02/2020;110000
8904;8899;14/02/2020;520000
8905;8900;14/02/2020;161000
8906;8901;14/02/2020;155000
8907;8902;14/02/2020;156000
8908;8903;14/02/2020;90250
8909;8904;14/02/2020;90800
8910;8905;14/02/2020;99012
8911;8906;14/02/2020;191300
8912;8907;14/02/2020;107640
8913;8908;14/02/2020;160200
8914;8909;14/02/2020;103300
8915;8910;14/02/2020;625000
8916;8911;14/02/2020;236160
8917;8912;14/02/2020;35000
8918;8913;14/02/2020;49500
8919;8914;14/02/2020;59000
8920;8915;14/02/2020;53700
8921;8916;14/02/2020;290000
8922;8917;14/02/2020;160000
8923;8918;14/02/2020;129200
8924;8919;14/02/2020;45000
8925;8920;14/02/2020;52960
8926;8921;14/02/2020;235000
8927;8922;14/02/2020;113000
8928;8923;14/02/2020;404000
8929;8924;14/02/2020;163030
8930;8925;14/02/2020;79000
8931;8926;14/02/2020;84500
8932;8927;14/02/2020;99000
8933;8928;14/02/2020;74500
8934;8929;14/02/2020;23470
8935;8930;14/02/2020;55500
8936;8931;14/02/2020;68750
8937;8932;14/02/2020;143000
8938;8933;14/02/2020;204920
8939;8934;14/02/2020;188577
8940;8935;14/02/2020;102920
8941;8936;14/02/2020;332500
8942;8937;14/02/2020;141790
8943;8938;14/02/2020;212861
8944;8939;14/02/2020;124300
8945;8940;14/02/2020;273750
8946;8941;14/02/2020;321200
8947;8942;14/02/2020;303200
8948;8943;14/02/2020;292050
8949;8944;14/02/2020;195500
8950;8945;14/02/2020;275000
8951;8946;14/02/2020;215600
8952;8947;14/02/2020;138860
8953;8948;14/02/2020;199650
8954;8949;14/02/2020;170000
8955;8950;14/02/2020;290000
8956;8951;14/02/2020;105284
8957;8952;14/02/2020;102276
8958;8953;14/02/2020;325710
8959;8954;14/02/2020;89820
8960;8955;14/02/2020;154000
8961;8956;14/02/2020;217000
8962;8957;14/02/2020;132000
8963;8958;14/02/2020;170000
8964;8959;14/02/2020;140000
8965;8960;14/02/2020;541500
8966;8961;14/02/2020;70000
8967;8962;14/02/2020;365000
8968;8963;14/02/2020;180900
8969;8964;14/02/2020;750000
8970;8965;14/02/2020;160000
8971;8966;14/02/2020;139272
8972;8967;14/02/2020;85000
8973;8968;14/02/2020;250600
8974;8969;14/02/2020;428200
8975;8970;14/02/2020;181270
8976;8971;14/02/2020;72500
8977;8972;14/02/2020;145000
8978;8973;14/02/2020;80000
8979;8974;14/02/2020;94000
8980;8975;14/02/2020;258000
8981;8976;14/02/2020;268400
8982;8977;14/02/2020;150100
8983;8978;14/02/2020;264000
8984;8979;14/02/2020;235000
8985;8980;14/02/2020;234000
8986;8981;14/02/2020;289600
8987;8982;14/02/2020;51500
8988;8982;12/06/2020;63800
8989;8983;14/02/2020;180000
8990;8984;14/02/2020;146231
8991;8985;14/02/2020;55000
8992;8986;14/02/2020;88000
8993;8987;14/02/2020;45000
8994;8988;14/02/2020;191000
8995;8989;14/02/2020;114070
8996;8990;14/02/2020;141240
8997;8991;14/02/2020;245000
8998;8992;14/02/2020;39000
8999;8993;14/02/2020;79000
9000;8994;14/02/2020;142000
9001;8995;14/02/2020;54000
9002;8996;14/02/2020;150000
9003;8997;14/02/2020;106000
9004;8998;14/02/2020;110000
9005;8999;14/02/2020;220000
9006;9000;14/02/2020;94000
9007;9001;14/02/2020;155000
9008;9002;14/02/2020;141000
9009;9003;14/02/2020;30000
9010;9004;14/02/2020;295000
9011;9005;14/02/2020;158000
9012;9006;14/02/2020;209000
9013;9007;14/02/2020;459056
9014;9008;14/02/2020;595000
9015;9009;14/02/2020;143100
9016;9010;14/02/2020;225000
9017;9011;14/02/2020;151000
9018;9012;14/02/2020;131202
9019;9013;14/02/2020;262400
9020;9014;14/02/2020;159800
9021;9015;14/02/2020;264475
9022;9016;14/02/2020;155000
9023;9017;14/02/2020;330000
9024;9018;14/02/2020;214000
9025;9019;14/02/2020;105000
9026;9020;14/02/2020;137000
9027;9021;14/02/2020;109000
9028;9022;14/02/2020;156000
9029;9023;14/02/2020;177110
9030;9024;14/02/2020;60600
9031;9025;14/02/2020;103000
9032;9026;14/02/2020;36000
9033;9027;14/02/2020;65000
9034;9028;14/02/2020;41000
9035;9029;14/02/2020;108392
9036;9030;14/02/2020;71000
9037;9031;14/02/2020;37000
9038;9032;14/02/2020;94000
9039;9033;14/02/2020;61845
9040;9034;14/02/2020;53000
9041;9035;14/02/2020;84500
9042;9036;14/02/2020;29000
9043;9037;14/02/2020;46000
9044;9038;14/02/2020;62500
9045;9039;14/02/2020;124500
9046;9040;14/02/2020;107435
9047;9041;14/02/2020;105000
9048;9042;14/02/2020;173500
9049;9043;14/02/2020;274000
9050;9044;14/02/2020;53127
9051;9045;14/02/2020;432000
9052;9046;14/02/2020;298000
9053;9047;14/02/2020;58000
9054;9048;14/02/2020;225000
9055;9049;14/02/2020;374000
9056;9050;14/02/2020;212000
9057;9051;14/02/2020;67425
9058;9052;14/02/2020;125000
9059;9053;14/02/2020;66000
9060;9054;14/02/2020;48000
9061;9055;14/02/2020;119000
9062;9056;14/02/2020;170000
9063;9057;14/02/2020;106200
9064;9058;14/02/2020;114000
9065;9059;14/02/2020;233000
9066;9060;14/02/2020;571050
9067;9061;14/02/2020;370780
9068;9062;14/02/2020;363000
9069;9063;14/02/2020;559000
9070;9064;14/02/2020;1110000
9071;9065;14/02/2020;225290
9072;9066;14/02/2020;187000
9073;9067;14/02/2020;60000
9074;9068;14/02/2020;119053
9075;9069;14/02/2020;54000
9076;9070;14/02/2020;54500
9077;9071;14/02/2020;94500
9078;9072;14/02/2020;35000
9079;9073;14/02/2020;141310
9080;9074;14/02/2020;410000
9081;9075;14/02/2020;74740
9082;9076;14/02/2020;581990
9083;9077;14/02/2020;670000
9084;9078;14/02/2020;599990
9085;9079;14/02/2020;326470
9086;9080;14/02/2020;153000
9087;9081;14/02/2020;418000
9088;9082;14/02/2020;605000
9089;9083;14/02/2020;303740
9090;9084;14/02/2020;482885
9091;9085;14/02/2020;691550
9092;9086;14/02/2020;452040
9093;9087;14/02/2020;1019000
9094;9088;14/02/2020;607757
9095;9089;14/02/2020;1409600
9096;9090;14/02/2020;678762
9097;9091;14/02/2020;650000
9098;9092;14/02/2020;425000
9099;9093;14/02/2020;360000
9100;9094;14/02/2020;1263000
9101;9095;14/02/2020;135000
9102;9096;14/02/2020;386400
9103;9097;14/02/2020;418500
9104;9098;14/02/2020;307700
9105;9099;14/02/2020;365217
9106;9100;14/02/2020;609600
9107;9101;14/02/2020;126000
9108;9102;14/02/2020;490000
9109;9103;14/02/2020;840000
9110;9104;14/02/2020;540350
9111;9105;14/02/2020;326700
9112;9106;14/02/2020;698000
9113;9107;14/02/2020;445650
9114;9108;14/02/2020;569000
9115;9109;14/02/2020;290700
9116;9110;14/02/2020;1128000
9117;9111;14/02/2020;256900
9118;9112;14/02/2020;1762000
9119;9113;14/02/2020;615824
9120;9114;14/02/2020;1585300
9121;9115;14/02/2020;520000
9122;9116;14/02/2020;323000
9123;9117;14/02/2020;849490
9124;9118;14/02/2020;294000
9125;9119;14/02/2020;587290
9126;9120;14/02/2020;924373
9127;9121;14/02/2020;662300
9128;9122;14/02/2020;395100
9129;9123;14/02/2020;569090
9130;9124;14/02/2020;592800
9131;9125;14/02/2020;392500
9132;9126;14/02/2020;292000
9133;9127;14/02/2020;422900
9134;9128;14/02/2020;565000
9135;9129;14/02/2020;388000
9136;9130;14/02/2020;560500
9137;9131;14/02/2020;469000
9138;9132;14/02/2020;1111300
9139;9133;14/02/2020;343000
9140;9134;14/02/2020;495000
9141;9135;14/02/2020;109000
9142;9136;14/02/2020;200600
9143;9137;14/02/2020;275000
9144;9138;14/02/2020;208000
9145;9139;14/02/2020;265000
9146;9140;14/02/2020;280000
9147;9141;14/02/2020;143000
9148;9142;14/02/2020;320000
9149;9143;14/02/2020;156000
9150;9144;14/02/2020;157873
9151;9145;14/02/2020;175000
9152;9146;14/02/2020;234000
9153;9147;14/02/2020;102000
9154;9148;14/02/2020;320530
9155;9149;14/02/2020;219650
9156;9150;14/02/2020;236500
9157;9151;14/02/2020;171360
9158;9152;14/02/2020;260000
9159;9153;14/02/2020;118000
9160;9154;14/02/2020;117000
9161;9155;14/02/2020;180000
9162;9156;14/02/2020;120000
9163;9157;14/02/2020;379000
9164;9158;14/02/2020;303000
9165;9159;14/02/2020;63000
9166;9160;14/02/2020;170000
9167;9161;14/02/2020;287271
9168;9162;14/02/2020;262800
9169;9163;14/02/2020;124000
9170;9164;14/02/2020;203520
9171;9165;14/02/2020;292000
9172;9166;14/02/2020;267000
9173;9167;14/02/2020;262000
9174;9168;14/02/2020;281000
9175;9169;14/02/2020;229000
9176;9170;14/02/2020;243800
9177;9171;14/02/2020;218000
9178;9172;14/02/2020;172000
9179;9173;14/02/2020;372000
9180;9174;14/02/2020;190000
9181;9175;14/02/2020;864000
9182;9176;14/02/2020;141000
9183;9177;14/02/2020;135000
9184;9178;14/02/2020;101890
9185;9179;14/02/2020;193800
9186;9180;14/02/2020;38500
9187;9181;14/02/2020;148000
9188;9182;14/02/2020;45000
9189;9183;14/02/2020;121420
9190;9184;14/02/2020;131500
9191;9185;14/02/2020;170550
9192;9186;14/02/2020;138000
9193;9187;14/02/2020;66000
9194;9188;14/02/2020;247000
9195;9189;14/02/2020;141550
9196;9190;14/02/2020;137000
9197;9191;14/02/2020;96000
9198;9192;14/02/2020;74045
9199;9193;14/02/2020;297700
9200;9194;14/02/2020;75000
9201;9195;14/02/2020;398570
9202;9196;14/02/2020;33000
9203;9197;14/02/2020;55000
9204;9198;14/02/2020;205500
9205;9199;14/02/2020;235372
9206;9200;14/02/2020;124000
9207;9201;14/02/2020;54400
9208;9202;14/02/2020;168839
9209;9203;14/02/2020;24000
9210;9204;14/02/2020;17000
9211;9205;14/02/2020;45500
9212;9206;14/02/2020;18500
9213;9207;14/02/2020;93000
9214;9208;14/02/2020;124000
9215;9209;14/02/2020;175000
9216;9210;14/02/2020;112500
9217;9211;14/02/2020;153750
9218;9212;14/02/2020;147450
9219;9213;14/02/2020;288900
9220;9214;14/02/2020;107000
9221;9215;14/02/2020;218000
9222;9216;14/02/2020;180410
9223;9217;14/02/2020;146000
9224;9218;14/02/2020;115000
9225;9219;14/02/2020;268000
9226;9220;14/02/2020;73000
9227;9221;14/02/2020;175500
9228;9222;14/02/2020;114480
9229;9223;14/02/2020;215000
9230;9224;14/02/2020;200000
9231;9225;14/02/2020;137000
9232;9226;14/02/2020;152000
9233;9227;14/02/2020;138000
9234;9228;14/02/2020;461160
9235;9229;14/02/2020;819000
9236;9230;14/02/2020;441900
9237;9231;14/02/2020;556900
9238;9232;14/02/2020;224649
9239;9233;14/02/2020;1080000
9240;9234;14/02/2020;139048
9241;9235;14/02/2020;410000
9242;9236;14/02/2020;200000
9243;9237;14/02/2020;69000
9244;9238;14/02/2020;242000
9245;9239;14/02/2020;737000
9246;9240;14/02/2020;296000
9247;9241;14/02/2020;430500
9248;9242;14/02/2020;265000
9249;9243;14/02/2020;133480
9250;9244;14/02/2020;269000
9251;9245;14/02/2020;202000
9252;9246;14/02/2020;269200
9253;9247;14/02/2020;313300
9254;9248;14/02/2020;454000
9255;9249;14/02/2020;159800
9256;9250;14/02/2020;197660
9257;9251;14/02/2020;105000
9258;9252;14/02/2020;185000
9259;9253;14/02/2020;881575
9260;9254;14/02/2020;462978
9261;9255;14/02/2020;515750
9262;9256;14/02/2020;148000
9263;9257;14/02/2020;587500
9264;9258;14/02/2020;273550
9265;9259;14/02/2020;290000
9266;9260;14/02/2020;212000
9267;9261;14/02/2020;150000
9268;9262;14/02/2020;167000
9269;9263;14/02/2020;148500
9270;9264;14/02/2020;179000
9271;9265;14/02/2020;595000
9272;9266;14/02/2020;306300
9273;9267;14/02/2020;111030
9274;9268;14/02/2020;227000
9275;9269;14/02/2020;435000
9276;9270;14/02/2020;360000
9277;9271;14/02/2020;132000
9278;9272;14/02/2020;349000
9279;9273;14/02/2020;430180
9280;9274;14/02/2020;199810
9281;9275;14/02/2020;96000
9282;9276;14/02/2020;172900
9283;9277;14/02/2020;212000
9284;9278;14/02/2020;270000
9285;9279;14/02/2020;57500
9286;9280;14/02/2020;133500
9287;9281;14/02/2020;256000
9288;9282;14/02/2020;237000
9289;9283;14/02/2020;135000
9290;9284;14/02/2020;177000
9291;9285;14/02/2020;105000
9292;9286;14/02/2020;135500
9293;9287;14/02/2020;358000
9294;9288;14/02/2020;230000
9295;9289;14/02/2020;74000
9296;9290;14/02/2020;152000
9297;9291;14/02/2020;124040
9298;9292;14/02/2020;85500
9299;9293;14/02/2020;67000
9300;9294;15/02/2020;62700
9301;9295;15/02/2020;43000
9302;9296;15/02/2020;135000
9303;9297;15/02/2020;116700
9304;9298;15/02/2020;300000
9305;9299;15/02/2020;84000
9306;9300;15/02/2020;95000
9307;9301;15/02/2020;155000
9308;9302;15/02/2020;72000
9309;9303;15/02/2020;109000
9310;9304;15/02/2020;55000
9311;9305;15/02/2020;200000
9312;9306;15/02/2020;139000
9313;9307;15/02/2020;96270
9314;9308;15/02/2020;234500
9315;9309;15/02/2020;34000
9316;9310;15/02/2020;114940
9317;9311;15/02/2020;70000
9318;9312;15/02/2020;63500
9319;9313;15/02/2020;130000
9320;9314;15/02/2020;29000
9321;9315;15/02/2020;79000
9322;9316;15/02/2020;465000
9323;9317;15/02/2020;41500
9324;9318;15/02/2020;68300
9325;9319;15/02/2020;42500
9326;9320;15/02/2020;154000
9327;9321;15/02/2020;80790
9328;9322;15/02/2020;181000
9329;9323;15/02/2020;215850
9330;9324;15/02/2020;100000
9331;9325;15/02/2020;71500
9332;9326;15/02/2020;213000
9333;9327;15/02/2020;179650
9334;9328;15/02/2020;66000
9335;9329;15/02/2020;156750
9336;9330;15/02/2020;98000
9337;9331;15/02/2020;147500
9338;9332;15/02/2020;135000
9339;9333;15/02/2020;133000
9340;9334;15/02/2020;190300
9341;9335;15/02/2020;256000
9342;9336;15/02/2020;225000
9343;9337;15/02/2020;168000
9344;9338;15/02/2020;142000
9345;9339;16/02/2020;106800
9346;9340;17/02/2020;215000
9347;9341;17/02/2020;506000
9348;9342;17/02/2020;189350
9349;9343;17/02/2020;37900
9350;9344;17/02/2020;63000
9351;9345;17/02/2020;19000
9352;9346;17/02/2020;69300
9353;9347;17/02/2020;340400
9354;9348;17/02/2020;262400
9355;9349;17/02/2020;343000
9356;9350;17/02/2020;146000
9357;9351;17/02/2020;118000
9358;9352;17/02/2020;297000
9359;9353;17/02/2020;274102
9360;9354;17/02/2020;409000
9361;9355;17/02/2020;194030
9362;9356;17/02/2020;111594
9363;9357;17/02/2020;82500
9364;9358;17/02/2020;80000
9365;9359;17/02/2020;135029
9366;9360;17/02/2020;138000
9367;9361;17/02/2020;126000
9368;9362;17/02/2020;75882
9369;9363;17/02/2020;542350
9370;9364;17/02/2020;137000
9371;9365;17/02/2020;248050
9372;9366;17/02/2020;199000
9373;9367;17/02/2020;32000
9374;9368;17/02/2020;174000
9375;9369;17/02/2020;69000
9376;9370;17/02/2020;80000
9377;9371;17/02/2020;57000
9378;9372;17/02/2020;149500
9379;9373;17/02/2020;72000
9380;9374;17/02/2020;298000
9381;9375;17/02/2020;256500
9382;9376;17/02/2020;200000
9383;9377;17/02/2020;232850
9384;9378;17/02/2020;234000
9385;9379;17/02/2020;263000
9386;9380;17/02/2020;146500
9387;9381;17/02/2020;104000
9388;9382;17/02/2020;269500
9389;9383;17/02/2020;135000
9390;9384;17/02/2020;87000
9391;9385;17/02/2020;40200
9392;9386;17/02/2020;135000
9393;9387;17/02/2020;210000
9394;9388;17/02/2020;266000
9395;9389;17/02/2020;89000
9396;9390;17/02/2020;112000
9397;9391;17/02/2020;42000
9398;9392;17/02/2020;127500
9399;9393;17/02/2020;62500
9400;9394;17/02/2020;129000
9401;9395;17/02/2020;77000
9402;9396;17/02/2020;52500
9403;9397;17/02/2020;180000
9404;9398;17/02/2020;71290
9405;9399;17/02/2020;81150
9406;9400;17/02/2020;172700
9407;9401;17/02/2020;215380
9408;9402;17/02/2020;128000
9409;9403;17/02/2020;243500
9410;9404;17/02/2020;207760
9411;9405;17/02/2020;159965
9412;9406;17/02/2020;113760
9413;9407;17/02/2020;303270
9414;9408;17/02/2020;143000
9415;9409;17/02/2020;155000
9416;9410;17/02/2020;340000
9417;9411;17/02/2020;72000
9418;9412;17/02/2020;237000
9419;9413;17/02/2020;106236
9420;9414;17/02/2020;160000
9421;9415;17/02/2020;114670
9422;9416;17/02/2020;190000
9423;9417;17/02/2020;76000
9424;9418;17/02/2020;317000
9425;9419;17/02/2020;54000
9426;9420;17/02/2020;150500
9427;9421;17/02/2020;157000
9428;9422;17/02/2020;114600
9429;9423;17/02/2020;73500
9430;9424;17/02/2020;234900
9431;9425;17/02/2020;38000
9432;9426;17/02/2020;103000
9433;9427;17/02/2020;60370
9434;9428;17/02/2020;222800
9435;9429;17/02/2020;293650
9436;9430;17/02/2020;129800
9437;9431;17/02/2020;94970
9438;9432;17/02/2020;122550
9439;9433;17/02/2020;37500
9440;9434;17/02/2020;39240
9441;9435;17/02/2020;142900
9442;9436;17/02/2020;95000
9443;9437;17/02/2020;51100
9444;9438;17/02/2020;54800
9445;9439;17/02/2020;121000
9446;9440;17/02/2020;48000
9447;9441;17/02/2020;525300
9448;9442;17/02/2020;149960
9449;9443;17/02/2020;170100
9450;9444;17/02/2020;156000
9451;9445;17/02/2020;140000
9452;9446;17/02/2020;115000
9453;9447;17/02/2020;89000
9454;9448;17/02/2020;390700
9455;9449;17/02/2020;92000
9456;9450;17/02/2020;124745
9457;9451;17/02/2020;50000
9458;9452;17/02/2020;124950
9459;9453;17/02/2020;91000
9460;9454;17/02/2020;112500
9461;9455;17/02/2020;40000
9462;9456;17/02/2020;104000
9463;9457;17/02/2020;52000
9464;9458;17/02/2020;157000
9465;9459;17/02/2020;50000
9466;9460;17/02/2020;130400
9467;9461;17/02/2020;267550
9468;9462;17/02/2020;95700
9469;9463;17/02/2020;534500
9470;9464;17/02/2020;190500
9471;9465;17/02/2020;133000
9472;9466;17/02/2020;98000
9473;9467;17/02/2020;96000
9474;9468;17/02/2020;99700
9475;9469;17/02/2020;347400
9476;9470;17/02/2020;160000
9477;9471;17/02/2020;120030
9478;9472;17/02/2020;193218
9479;9473;17/02/2020;166500
9480;9474;17/02/2020;107000
9481;9475;17/02/2020;393880
9482;9476;17/02/2020;78000
9483;9477;17/02/2020;225000
9484;9478;17/02/2020;105500
9485;9479;17/02/2020;270000
9486;9480;17/02/2020;429000
9487;9481;17/02/2020;130000
9488;9482;17/02/2020;605000
9489;9483;17/02/2020;437712
9490;9484;17/02/2020;427750
9491;9485;17/02/2020;695000
9492;9486;17/02/2020;1360000
9493;9487;17/02/2020;957030
9494;9488;17/02/2020;323400
9495;9489;17/02/2020;230000
9496;9490;17/02/2020;897000
9497;9491;17/02/2020;1660700
9498;9492;17/02/2020;171000
9499;9493;17/02/2020;263200
9500;9494;17/02/2020;393000
9501;9495;17/02/2020;494000
9502;9496;17/02/2020;630000
9503;9497;17/02/2020;366000
9504;9498;17/02/2020;139000
9505;9499;17/02/2020;1403850
9506;9500;17/02/2020;544000
9507;9501;17/02/2020;921845
9508;9502;17/02/2020;2670000
9509;9503;17/02/2020;244000
9510;9504;17/02/2020;803950
9511;9505;17/02/2020;156300
9512;9506;17/02/2020;394230
9513;9507;17/02/2020;111300
9514;9508;17/02/2020;754500
9515;9509;17/02/2020;710600
9516;9510;17/02/2020;177500
9517;9511;17/02/2020;169000
9518;9512;17/02/2020;584958
9519;9513;17/02/2020;202000
9520;9514;17/02/2020;83000
9521;9515;17/02/2020;212000
9522;9516;17/02/2020;128000
9523;9517;17/02/2020;88000
9524;9518;17/02/2020;255000
9525;9519;17/02/2020;237550
9526;9520;17/02/2020;227000
9527;9521;17/02/2020;180000
9528;9522;17/02/2020;147000
9529;9523;17/02/2020;259000
9530;9524;17/02/2020;349000
9531;9525;17/02/2020;362000
9532;9526;17/02/2020;153660
9533;9527;17/02/2020;124000
9534;9528;17/02/2020;218200
9535;9529;17/02/2020;184000
9536;9530;17/02/2020;305000
9537;9531;17/02/2020;332000
9538;9532;17/02/2020;211000
9539;9533;17/02/2020;205000
9540;9534;17/02/2020;92000
9541;9535;17/02/2020;270100
9542;9536;17/02/2020;215210
9543;9537;17/02/2020;275000
9544;9538;17/02/2020;226710
9545;9539;17/02/2020;125012
9546;9540;17/02/2020;118000
9547;9541;17/02/2020;343600
9548;9542;17/02/2020;174500
9549;9543;17/02/2020;122000
9550;9544;17/02/2020;146000
9551;9545;17/02/2020;225000
9552;9546;17/02/2020;72964
9553;9547;17/02/2020;270000
9554;9548;17/02/2020;135000
9555;9549;17/02/2020;179200
9556;9550;17/02/2020;45840
9557;9551;17/02/2020;78000
9558;9552;17/02/2020;81000
9559;9553;17/02/2020;35100
9560;9554;17/02/2020;125000
9561;9555;17/02/2020;120000
9562;9556;17/02/2020;40000
9563;9557;17/02/2020;355000
9564;9558;17/02/2020;79000
9565;9559;17/02/2020;102000
9566;9560;17/02/2020;235000
9567;9561;17/02/2020;129000
9568;9562;17/02/2020;365000
9569;9563;17/02/2020;172000
9570;9564;17/02/2020;180000
9571;9565;17/02/2020;160000
9572;9566;17/02/2020;69000
9573;9567;17/02/2020;150000
9574;9568;17/02/2020;97000
9575;9569;17/02/2020;304000
9576;9570;17/02/2020;210700
9577;9571;17/02/2020;252000
9578;9572;17/02/2020;235000
9579;9573;17/02/2020;279000
9580;9574;17/02/2020;559000
9581;9575;17/02/2020;585000
9582;9576;17/02/2020;377000
9583;9577;17/02/2020;334210
9584;9578;17/02/2020;388800
9585;9579;17/02/2020;310000
9586;9580;17/02/2020;222000
9587;9581;17/02/2020;436500
9588;9582;17/02/2020;703700
9589;9583;17/02/2020;379700
9590;9584;17/02/2020;292000
9591;9585;17/02/2020;265000
9592;9586;17/02/2020;560000
9593;9587;17/02/2020;95000
9594;9588;17/02/2020;179000
9595;9589;17/02/2020;144000
9596;9590;17/02/2020;332500
9597;9591;17/02/2020;420300
9598;9592;17/02/2020;154000
9599;9593;17/02/2020;236000
9600;9594;17/02/2020;465000
9601;9595;17/02/2020;480000
9602;9596;17/02/2020;52000
9603;9597;17/02/2020;202300
9604;9598;17/02/2020;191000
9605;9599;17/02/2020;244120
9606;9600;17/02/2020;165000
9607;9601;17/02/2020;155500
9608;9602;17/02/2020;176000
9609;9603;17/02/2020;166000
9610;9604;17/02/2020;535000
9611;9605;17/02/2020;209500
9612;9606;17/02/2020;161500
9613;9607;17/02/2020;132000
9614;9608;17/02/2020;110000
9615;9609;17/02/2020;178000
9616;9610;17/02/2020;155000
9617;9611;17/02/2020;200000
9618;9612;17/02/2020;228000
9619;9613;17/02/2020;290000
9620;9614;17/02/2020;280000
9621;9615;17/02/2020;295000
9622;9616;17/02/2020;175000
9623;9617;17/02/2020;190000
9624;9618;17/02/2020;128000
9625;9619;18/02/2020;129258
9626;9620;18/02/2020;430000
9627;9621;18/02/2020;465660
9628;9622;18/02/2020;30000
9629;9623;18/02/2020;102345
9630;9624;18/02/2020;165500
9631;9625;18/02/2020;119390
9632;9626;18/02/2020;376890
9633;9627;18/02/2020;127050
9634;9628;18/02/2020;157400
9635;9629;18/02/2020;300000
9636;9630;18/02/2020;103500
9637;9631;18/02/2020;240000
9638;9632;18/02/2020;95000
9639;9633;18/02/2020;111000
9640;9634;18/02/2020;284000
9641;9635;18/02/2020;94100
9642;9636;18/02/2020;114100
9643;9637;18/02/2020;215000
9644;9638;18/02/2020;288000
9645;9639;18/02/2020;49000
9646;9640;18/02/2020;125700
9647;9641;18/02/2020;58000
9648;9642;18/02/2020;204000
9649;9643;18/02/2020;311000
9650;9644;18/02/2020;78000
9651;9645;18/02/2020;132050
9652;9646;18/02/2020;134000
9653;9647;18/02/2020;269000
9654;9648;18/02/2020;175000
9655;9649;18/02/2020;169000
9656;9650;18/02/2020;218000
9657;9651;18/02/2020;74890
9658;9652;18/02/2020;84400
9659;9653;18/02/2020;175500
9660;9654;18/02/2020;49000
9661;9655;18/02/2020;37800
9662;9656;18/02/2020;56230
9663;9657;18/02/2020;39500
9664;9658;18/02/2020;74900
9665;9659;18/02/2020;108000
9666;9660;18/02/2020;91000
9667;9661;18/02/2020;73000
9668;9662;18/02/2020;166300
9669;9663;18/02/2020;103000
9670;9664;18/02/2020;47500
9671;9665;18/02/2020;63500
9672;9666;18/02/2020;157300
9673;9667;18/02/2020;270000
9674;9668;18/02/2020;315000
9675;9669;18/02/2020;274900
9676;9670;18/02/2020;263500
9677;9671;18/02/2020;149800
9678;9672;18/02/2020;180800
9679;9673;18/02/2020;67735
9680;9674;18/02/2020;180000
9681;9675;18/02/2020;167000
9682;9676;18/02/2020;294420
9683;9677;18/02/2020;268311
9684;9678;18/02/2020;147700
9685;9679;18/02/2020;109000
9686;9680;18/02/2020;164100
9687;9681;18/02/2020;189600
9688;9682;18/02/2020;142500
9689;9683;18/02/2020;77500
9690;9684;18/02/2020;301300
9691;9685;18/02/2020;209340
9692;9686;18/02/2020;50000
9693;9687;18/02/2020;41200
9694;9688;18/02/2020;188000
9695;9689;18/02/2020;55000
9696;9690;18/02/2020;350400
9697;9691;18/02/2020;65500
9698;9692;18/02/2020;15000
9699;9693;18/02/2020;101505
9700;9693;24/02/2020;96000
9701;9694;18/02/2020;208500
9702;9695;18/02/2020;98205
9703;9696;18/02/2020;64000
9704;9697;18/02/2020;261600
9705;9698;18/02/2020;45000
9706;9699;18/02/2020;105000
9707;9700;18/02/2020;44750
9708;9701;18/02/2020;75000
9709;9702;18/02/2020;123250
9710;9703;18/02/2020;259060
9711;9704;18/02/2020;135750
9712;9705;18/02/2020;140000
9713;9706;18/02/2020;330000
9714;9707;18/02/2020;215150
9715;9708;18/02/2020;126800
9716;9709;18/02/2020;31000
9717;9710;18/02/2020;25537
9718;9711;18/02/2020;83000
9719;9712;18/02/2020;110000
9720;9713;18/02/2020;75000
9721;9714;18/02/2020;85900
9722;9715;18/02/2020;90000
9723;9716;18/02/2020;113000
9724;9717;18/02/2020;30000
9725;9718;18/02/2020;92000
9726;9719;18/02/2020;52000
9727;9720;18/02/2020;118000
9728;9721;18/02/2020;175000
9729;9722;18/02/2020;233400
9730;9723;18/02/2020;150000
9731;9724;18/02/2020;43000
9732;9725;18/02/2020;172000
9733;9726;18/02/2020;80500
9734;9727;18/02/2020;162000
9735;9728;18/02/2020;355000
9736;9729;18/02/2020;237000
9737;9730;18/02/2020;1220000
9738;9731;18/02/2020;417000
9739;9732;18/02/2020;194200
9740;9733;18/02/2020;106900
9741;9734;18/02/2020;76500
9742;9735;18/02/2020;32000
9743;9736;18/02/2020;175000
9744;9737;18/02/2020;360000
9745;9738;18/02/2020;74000
9746;9739;18/02/2020;85400
9747;9740;18/02/2020;164000
9748;9741;18/02/2020;1034285
9749;9742;18/02/2020;840000
9750;9743;18/02/2020;223000
9751;9744;18/02/2020;218080
9752;9745;18/02/2020;380000
9753;9746;18/02/2020;303000
9754;9747;18/02/2020;420850
9755;9748;18/02/2020;540000
9756;9749;18/02/2020;602000
9757;9750;18/02/2020;1425000
9758;9751;18/02/2020;250000
9759;9752;18/02/2020;2250000
9760;9753;18/02/2020;639000
9761;9754;18/02/2020;141000
9762;9755;18/02/2020;686000
9763;9756;18/02/2020;233000
9764;9757;18/02/2020;477000
9765;9758;18/02/2020;233200
9766;9759;18/02/2020;347000
9767;9760;18/02/2020;193000
9768;9761;18/02/2020;161300
9769;9762;18/02/2020;156000
9770;9763;18/02/2020;488000
9771;9764;18/02/2020;227090
9772;9765;18/02/2020;370400
9773;9766;18/02/2020;588300
9774;9767;18/02/2020;1011600
9775;9768;18/02/2020;445900
9776;9769;18/02/2020;2845500
9777;9770;18/02/2020;194400
9778;9771;18/02/2020;178935
9779;9772;18/02/2020;250900
9780;9773;18/02/2020;725000
9781;9774;18/02/2020;355000
9782;9775;18/02/2020;273000
9783;9776;18/02/2020;95000
9784;9777;18/02/2020;236563
9785;9778;18/02/2020;140000
9786;9779;18/02/2020;212000
9787;9780;18/02/2020;107000
9788;9781;18/02/2020;64000
9789;9782;18/02/2020;45000
9790;9783;18/02/2020;139000
9791;9784;18/02/2020;55000
9792;9785;18/02/2020;110000
9793;9786;18/02/2020;145000
9794;9787;18/02/2020;297000
9795;9788;18/02/2020;124000
9796;9789;18/02/2020;178755
9797;9790;18/02/2020;174000
9798;9791;18/02/2020;149000
9799;9792;18/02/2020;165000
9800;9793;18/02/2020;170000
9801;9794;18/02/2020;105000
9802;9795;18/02/2020;75000
9803;9796;18/02/2020;117380
9804;9797;18/02/2020;67000
9805;9798;18/02/2020;60000
9806;9799;18/02/2020;65000
9807;9800;18/02/2020;18090
9808;9801;18/02/2020;43000
9809;9802;18/02/2020;78000
9810;9803;18/02/2020;85000
9811;9804;18/02/2020;55000
9812;9805;18/02/2020;210900
9813;9806;18/02/2020;118365
9814;9807;18/02/2020;162000
9815;9808;18/02/2020;88000
9816;9809;18/02/2020;43000
9817;9810;18/02/2020;188000
9818;9811;18/02/2020;131365
9819;9812;18/02/2020;383000
9820;9813;18/02/2020;171000
9821;9814;18/02/2020;171550
9822;9815;18/02/2020;126000
9823;9816;18/02/2020;114000
9824;9817;18/02/2020;122000
9825;9818;18/02/2020;225950
9826;9819;18/02/2020;128000
9827;9820;18/02/2020;165500
9828;9821;18/02/2020;150000
9829;9822;18/02/2020;151500
9830;9823;18/02/2020;289450
9831;9824;18/02/2020;182000
9832;9825;18/02/2020;312000
9833;9826;18/02/2020;490500
9834;9827;18/02/2020;399000
9835;9828;18/02/2020;364000
9836;9829;18/02/2020;337000
9837;9830;18/02/2020;574500
9838;9831;18/02/2020;215000
9839;9832;18/02/2020;150000
9840;9833;18/02/2020;156000
9841;9834;18/02/2020;597000
9842;9835;18/02/2020;125000
9843;9836;18/02/2020;153450
9844;9837;18/02/2020;213995
9845;9838;18/02/2020;188000
9846;9839;18/02/2020;442800
9847;9840;18/02/2020;109000
9848;9841;18/02/2020;292000
9849;9842;18/02/2020;165000
9850;9843;18/02/2020;80000
9851;9844;18/02/2020;330000
9852;9845;18/02/2020;38000
9853;9846;18/02/2020;530000
9854;9847;18/02/2020;263000
9855;9848;18/02/2020;185000
9856;9849;18/02/2020;345000
9857;9850;18/02/2020;195865
9858;9851;18/02/2020;176000
9859;9852;18/02/2020;153000
9860;9853;18/02/2020;263000
9861;9854;18/02/2020;169500
9862;9855;18/02/2020;138000
9863;9856;18/02/2020;495000
9864;9857;18/02/2020;272000
9865;9858;18/02/2020;144500
9866;9859;18/02/2020;148900
9867;9860;18/02/2020;181000
9868;9861;18/02/2020;273300
9869;9862;18/02/2020;138000
9870;9863;18/02/2020;158000
9871;9864;18/02/2020;131000
9872;9865;18/02/2020;229000
9873;9866;18/02/2020;153000
9874;9867;18/02/2020;103500
9875;9868;18/02/2020;262000
9876;9869;18/02/2020;43000
9877;9870;19/02/2020;54000
9878;9871;19/02/2020;78100
9879;9872;19/02/2020;67000
9880;9873;19/02/2020;61700
9881;9874;19/02/2020;40000
9882;9875;19/02/2020;228000
9883;9876;19/02/2020;273600
9884;9877;19/02/2020;314000
9885;9878;19/02/2020;44000
9886;9879;19/02/2020;637000
9887;9880;19/02/2020;86000
9888;9881;19/02/2020;168783
9889;9882;19/02/2020;135000
9890;9883;19/02/2020;1996150
9891;9884;19/02/2020;575000
9892;9885;19/02/2020;46000
9893;9886;19/02/2020;37500
9894;9887;19/02/2020;43500
9895;9888;19/02/2020;44500
9896;9889;19/02/2020;246450
9897;9890;19/02/2020;95000
9898;9891;19/02/2020;75000
9899;9892;19/02/2020;43800
9900;9893;19/02/2020;219600
9901;9894;19/02/2020;190000
9902;9895;19/02/2020;260000
9903;9896;19/02/2020;139700
9904;9897;19/02/2020;139000
9905;9898;19/02/2020;210000
9906;9899;19/02/2020;83000
9907;9900;19/02/2020;141950
9908;9901;19/02/2020;58000
9909;9902;19/02/2020;60000
9910;9903;19/02/2020;20000
9911;9904;19/02/2020;45000
9912;9905;19/02/2020;68000
9913;9906;19/02/2020;123700
9914;9907;19/02/2020;170000
9915;9908;19/02/2020;259000
9916;9909;19/02/2020;68000
9917;9910;19/02/2020;116800
9918;9911;19/02/2020;190000
9919;9912;19/02/2020;78800
9920;9913;19/02/2020;104670
9921;9914;19/02/2020;285700
9922;9915;19/02/2020;220000
9923;9916;19/02/2020;651700
9924;9917;19/02/2020;135000
9925;9918;19/02/2020;72705
9926;9919;19/02/2020;62000
9927;9920;19/02/2020;130500
9928;9921;19/02/2020;61000
9929;9922;19/02/2020;292250
9930;9923;19/02/2020;313982
9931;9924;19/02/2020;386240
9932;9925;19/02/2020;295075
9933;9926;19/02/2020;467850
9934;9927;19/02/2020;180000
9935;9928;19/02/2020;54000
9936;9929;19/02/2020;175500
9937;9930;19/02/2020;177000
9938;9931;19/02/2020;282500
9939;9932;19/02/2020;345900
9940;9933;19/02/2020;187550
9941;9934;19/02/2020;92650
9942;9935;19/02/2020;40000
9943;9936;19/02/2020;66200
9944;9937;19/02/2020;58000
9945;9938;19/02/2020;70000
9946;9939;19/02/2020;168000
9947;9940;19/02/2020;173000
9948;9941;19/02/2020;73000
9949;9942;19/02/2020;76000
9950;9943;19/02/2020;129452
9951;9944;19/02/2020;70000
9952;9945;19/02/2020;220000
9953;9946;19/02/2020;115000
9954;9947;19/02/2020;159000
9955;9948;19/02/2020;210000
9956;9949;19/02/2020;155000
9957;9950;19/02/2020;64000
9958;9951;19/02/2020;173110
9959;9952;19/02/2020;284500
9960;9953;19/02/2020;157900
9961;9954;19/02/2020;79400
9962;9955;19/02/2020;59000
9963;9956;19/02/2020;105100
9964;9957;19/02/2020;145000
9965;9958;19/02/2020;55000
9966;9959;19/02/2020;72000
9967;9960;19/02/2020;105650
9968;9961;19/02/2020;137680
9969;9962;19/02/2020;256604
9970;9963;19/02/2020;177990
9971;9964;19/02/2020;181400
9972;9965;19/02/2020;50000
9973;9966;19/02/2020;141200
9974;9967;19/02/2020;62000
9975;9968;19/02/2020;214250
9976;9969;19/02/2020;83177
9977;9970;19/02/2020;122000
9978;9971;19/02/2020;122000
9979;9972;19/02/2020;223500
9980;9973;19/02/2020;66900
9981;9974;19/02/2020;50698
9982;9975;19/02/2020;86000
9983;9976;19/02/2020;155300
9984;9977;19/02/2020;41700
9985;9978;19/02/2020;98000
9986;9979;19/02/2020;111000
9987;9980;19/02/2020;190270
9988;9981;19/02/2020;78000
9989;9982;19/02/2020;247700
9990;9983;19/02/2020;326400
9991;9984;19/02/2020;83000
9992;9985;19/02/2020;38510
9993;9986;19/02/2020;147000
9994;9987;19/02/2020;122180
9995;9988;19/02/2020;7600000
9996;9989;19/02/2020;614000
9997;9990;19/02/2020;375000
9998;9991;19/02/2020;263567
9999;9992;19/02/2020;298500
10000;9993;19/02/2020;452000
10001;9994;19/02/2020;315904
10002;9995;19/02/2020;1014800
10003;9996;19/02/2020;495500
10004;9997;19/02/2020;220000
10005;9998;19/02/2020;452000
10006;9999;19/02/2020;570800
10007;10000;19/02/2020;346500
10008;10001;19/02/2020;308500
10009;10002;19/02/2020;481172
10010;10003;19/02/2020;325000
10011;10004;19/02/2020;909750
10012;10005;19/02/2020;452000
10013;10006;19/02/2020;570000
10014;10007;19/02/2020;449020
10015;10008;19/02/2020;605800
10016;10009;19/02/2020;203000
10017;10010;19/02/2020;279600
10018;10011;19/02/2020;924800
10019;10012;19/02/2020;203000
10020;10013;19/02/2020;232500
10021;10014;19/02/2020;180649
10022;10015;19/02/2020;138350
10023;10016;19/02/2020;99500
10024;10017;19/02/2020;170000
10025;10018;19/02/2020;289500
10026;10019;19/02/2020;52500
10027;10020;19/02/2020;226825
10028;10021;19/02/2020;170000
10029;10022;19/02/2020;158000
10030;10023;19/02/2020;148500
10031;10024;19/02/2020;396966
10032;10025;19/02/2020;92000
10033;10026;19/02/2020;195000
10034;10027;19/02/2020;247130
10035;10028;19/02/2020;142000
10036;10029;19/02/2020;48100
10037;10030;19/02/2020;191971
10038;10031;19/02/2020;174000
10039;10032;19/02/2020;268150
10040;10033;19/02/2020;366130
10041;10034;19/02/2020;57500
10042;10035;19/02/2020;137000
10043;10036;19/02/2020;177000
10044;10037;19/02/2020;76000
10045;10038;19/02/2020;179000
10046;10039;19/02/2020;118000
10047;10040;19/02/2020;98800
10048;10041;19/02/2020;103695
10049;10042;19/02/2020;98281
10050;10043;19/02/2020;86050
10051;10044;19/02/2020;119500
10052;10045;19/02/2020;170000
10053;10046;19/02/2020;112000
10054;10047;19/02/2020;156800
10055;10048;19/02/2020;259750
10056;10049;19/02/2020;238000
10057;10050;19/02/2020;279900
10058;10051;19/02/2020;372000
10059;10052;19/02/2020;152000
10060;10053;19/02/2020;115500
10061;10054;19/02/2020;140000
10062;10055;19/02/2020;174200
10063;10056;19/02/2020;163000
10064;10057;19/02/2020;270000
10065;10058;19/02/2020;243902
10066;10059;19/02/2020;188350
10067;10060;19/02/2020;383775
10068;10061;19/02/2020;212000
10069;10062;19/02/2020;329000
10070;10063;19/02/2020;430000
10071;10064;19/02/2020;424500
10072;10065;19/02/2020;598778
10073;10066;19/02/2020;312000
10074;10067;19/02/2020;154940
10075;10068;19/02/2020;300000
10076;10069;19/02/2020;476000
10077;10070;19/02/2020;335000
10078;10071;19/02/2020;117000
10079;10072;19/02/2020;461000
10080;10073;19/02/2020;230000
10081;10074;19/02/2020;342210
10082;10075;19/02/2020;188000
10083;10076;19/02/2020;124000
10084;10077;19/02/2020;345000
10085;10078;19/02/2020;329000
10086;10079;19/02/2020;108400
10087;10080;19/02/2020;94000
10088;10081;19/02/2020;143312
10089;10082;19/02/2020;153500
10090;10083;19/02/2020;190500
10091;10084;19/02/2020;173138
10092;10085;19/02/2020;212500
10093;10086;19/02/2020;128050
10094;10087;19/02/2020;262000
10095;10088;19/02/2020;169700
10096;10089;19/02/2020;419000
10097;10090;19/02/2020;335000
10098;10091;19/02/2020;189600
10099;10092;19/02/2020;193550
10100;10093;19/02/2020;132000
10101;10094;19/02/2020;229960
10102;10095;19/02/2020;213000
10103;10096;19/02/2020;320000
10104;10097;19/02/2020;248300
10105;10098;19/02/2020;445000
10106;10099;19/02/2020;166680
10107;10100;19/02/2020;79450
10108;10101;19/02/2020;275500
10109;10102;19/02/2020;99000
10110;10103;19/02/2020;167000
10111;10104;19/02/2020;186000
10112;10105;19/02/2020;157000
10113;10106;19/02/2020;137500
10114;10107;19/02/2020;212277
10115;10108;19/02/2020;223000
10116;10109;19/02/2020;220000
10117;10110;19/02/2020;86000
10118;10111;19/02/2020;104000
10119;10112;19/02/2020;127050
10120;10113;20/02/2020;505000
10121;10114;20/02/2020;105500
10122;10115;20/02/2020;70020
10123;10116;20/02/2020;117110
10124;10117;20/02/2020;105000
10125;10118;20/02/2020;617785
10126;10119;20/02/2020;294845
10127;10120;20/02/2020;203000
10128;10121;20/02/2020;234820
10129;10122;20/02/2020;485000
10130;10123;20/02/2020;391000
10131;10124;20/02/2020;105000
10132;10125;20/02/2020;19000
10133;10126;20/02/2020;97000
10134;10127;20/02/2020;78200
10135;10128;20/02/2020;64500
10136;10129;20/02/2020;142000
10137;10130;20/02/2020;195000
10138;10131;20/02/2020;300000
10139;10132;20/02/2020;140000
10140;10133;20/02/2020;90000
10141;10134;20/02/2020;190000
10142;10135;20/02/2020;83000
10143;10136;20/02/2020;64000
10144;10137;20/02/2020;208000
10145;10138;20/02/2020;400000
10146;10139;20/02/2020;34000
10147;10140;20/02/2020;83400
10148;10141;20/02/2020;142500
10149;10142;20/02/2020;375000
10150;10143;20/02/2020;99000
10151;10144;20/02/2020;135000
10152;10145;20/02/2020;210000
10153;10146;20/02/2020;146090
10154;10147;20/02/2020;165000
10155;10148;20/02/2020;158000
10156;10149;20/02/2020;81000
10157;10150;20/02/2020;32000
10158;10151;20/02/2020;90000
10159;10152;20/02/2020;124000
10160;10153;20/02/2020;226290
10161;10154;20/02/2020;82100
10162;10155;20/02/2020;140000
10163;10156;20/02/2020;215000
10164;10157;20/02/2020;169000
10165;10158;20/02/2020;91000
10166;10159;20/02/2020;49500
10167;10160;20/02/2020;44500
10168;10161;20/02/2020;187000
10169;10162;20/02/2020;116120
10170;10163;20/02/2020;254200
10171;10164;20/02/2020;163450
10172;10165;20/02/2020;148000
10173;10166;20/02/2020;97500
10174;10167;20/02/2020;65000
10175;10168;20/02/2020;139000
10176;10169;20/02/2020;202736
10177;10170;20/02/2020;147000
10178;10171;20/02/2020;160500
10179;10172;20/02/2020;210000
10180;10173;20/02/2020;123008
10181;10174;20/02/2020;388500
10182;10175;20/02/2020;244500
10183;10176;20/02/2020;316150
10184;10177;20/02/2020;220000
10185;10178;20/02/2020;159101
10186;10179;20/02/2020;144000
10187;10180;20/02/2020;107900
10188;10181;20/02/2020;138000
10189;10182;20/02/2020;185000
10190;10183;20/02/2020;148900
10191;10184;20/02/2020;132500
10192;10185;20/02/2020;196000
10193;10186;20/02/2020;175965
10194;10187;20/02/2020;68000
10195;10188;20/02/2020;50000
10196;10189;20/02/2020;112580
10197;10190;20/02/2020;356980
10198;10191;20/02/2020;85500
10199;10192;20/02/2020;343000
10200;10193;20/02/2020;103000
10201;10194;20/02/2020;59000
10202;10195;20/02/2020;59320
10203;10196;20/02/2020;212000
10204;10197;20/02/2020;124000
10205;10198;20/02/2020;104000
10206;10199;20/02/2020;102000
10207;10200;20/02/2020;113500
10208;10201;20/02/2020;48000
10209;10202;20/02/2020;110000
10210;10203;20/02/2020;223645
10211;10204;20/02/2020;66880
10212;10205;20/02/2020;104000
10213;10206;20/02/2020;157200
10214;10207;20/02/2020;129500
10215;10208;20/02/2020;161400
10216;10209;20/02/2020;174000
10217;10210;20/02/2020;52250
10218;10211;20/02/2020;69500
10219;10212;20/02/2020;45000
10220;10213;20/02/2020;86000
10221;10214;20/02/2020;132130
10222;10215;20/02/2020;134000
10223;10216;20/02/2020;265000
10224;10217;20/02/2020;104274
10225;10218;20/02/2020;90250
10226;10219;20/02/2020;65000
10227;10220;20/02/2020;99000
10228;10221;20/02/2020;187600
10229;10222;20/02/2020;143000
10230;10223;20/02/2020;119990
10231;10224;20/02/2020;62000
10232;10225;20/02/2020;141500
10233;10226;20/02/2020;70000
10234;10227;20/02/2020;131420
10235;10228;20/02/2020;76000
10236;10229;20/02/2020;122000
10237;10230;20/02/2020;165500
10238;10231;20/02/2020;95000
10239;10232;20/02/2020;91750
10240;10233;20/02/2020;208000
10241;10234;20/02/2020;85700
10242;10235;20/02/2020;74500
10243;10236;20/02/2020;57600
10244;10237;20/02/2020;119000
10245;10238;20/02/2020;125000
10246;10239;20/02/2020;161200
10247;10240;20/02/2020;141000
10248;10241;20/02/2020;122300
10249;10242;20/02/2020;155000
10250;10243;20/02/2020;200000
10251;10244;20/02/2020;284500
10252;10245;20/02/2020;78240
10253;10246;20/02/2020;349000
10254;10247;20/02/2020;103950
10255;10248;20/02/2020;71500
10256;10249;20/02/2020;172000
10257;10250;20/02/2020;74000
10258;10251;20/02/2020;284650
10259;10252;20/02/2020;222260
10260;10253;20/02/2020;299810
10261;10254;20/02/2020;315000
10262;10255;20/02/2020;215000
10263;10256;20/02/2020;107000
10264;10257;20/02/2020;303000
10265;10258;20/02/2020;89800
10266;10259;20/02/2020;197830
10267;10260;20/02/2020;750270
10268;10261;20/02/2020;179900
10269;10262;20/02/2020;421750
10270;10263;20/02/2020;902500
10271;10264;20/02/2020;1260000
10272;10265;20/02/2020;212600
10273;10266;20/02/2020;584000
10274;10267;20/02/2020;230061
10275;10268;20/02/2020;167000
10276;10269;20/02/2020;299000
10277;10270;20/02/2020;195500
10278;10271;20/02/2020;351005
10279;10272;20/02/2020;134000
10280;10273;20/02/2020;313000
10281;10274;20/02/2020;353335
10282;10275;20/02/2020;735000
10283;10276;20/02/2020;563000
10284;10277;20/02/2020;1016550
10285;10278;20/02/2020;465400
10286;10279;20/02/2020;142000
10287;10280;20/02/2020;360500
10288;10281;20/02/2020;693800
10289;10282;20/02/2020;278500
10290;10283;20/02/2020;235000
10291;10284;20/02/2020;251500
10292;10285;20/02/2020;122000
10293;10286;20/02/2020;513500
10294;10287;20/02/2020;107000
10295;10288;20/02/2020;405000
10296;10289;20/02/2020;101700
10297;10290;20/02/2020;94000
10298;10291;20/02/2020;94000
10299;10292;20/02/2020;141000
10300;10293;20/02/2020;108000
10301;10294;20/02/2020;175000
10302;10295;20/02/2020;128000
10303;10296;20/02/2020;228000
10304;10297;20/02/2020;244000
10305;10298;20/02/2020;195000
10306;10299;20/02/2020;160000
10307;10300;20/02/2020;422000
10308;10301;20/02/2020;175000
10309;10302;20/02/2020;135024
10310;10303;20/02/2020;253100
10311;10304;20/02/2020;163000
10312;10305;20/02/2020;307000
10313;10306;20/02/2020;202000
10314;10307;20/02/2020;408000
10315;10308;20/02/2020;316750
10316;10309;20/02/2020;116500
10317;10310;20/02/2020;88500
10318;10311;20/02/2020;131000
10319;10312;20/02/2020;210000
10320;10313;20/02/2020;75000
10321;10314;20/02/2020;247000
10322;10315;20/02/2020;210000
10323;10316;20/02/2020;126500
10324;10317;20/02/2020;213150
10325;10318;20/02/2020;457500
10326;10319;20/02/2020;242000
10327;10320;20/02/2020;140000
10328;10321;20/02/2020;166000
10329;10322;20/02/2020;95000
10330;10323;20/02/2020;259000
10331;10324;20/02/2020;86000
10332;10325;20/02/2020;75000
10333;10326;20/02/2020;121500
10334;10327;20/02/2020;69500
10335;10328;20/02/2020;40000
10336;10329;20/02/2020;143500
10337;10330;20/02/2020;120000
10338;10331;20/02/2020;90000
10339;10332;20/02/2020;248000
10340;10333;20/02/2020;245500
10341;10334;20/02/2020;91000
10342;10335;20/02/2020;279000
10343;10336;20/02/2020;91000
10344;10337;20/02/2020;136500
10345;10338;20/02/2020;94000
10346;10339;20/02/2020;140000
10347;10340;20/02/2020;450000
10348;10341;20/02/2020;500000
10349;10342;20/02/2020;515440
10350;10343;20/02/2020;550000
10351;10344;20/02/2020;346850
10352;10345;20/02/2020;210000
10353;10346;20/02/2020;467000
10354;10347;20/02/2020;229500
10355;10348;20/02/2020;463400
10356;10349;20/02/2020;652000
10357;10350;20/02/2020;114000
10358;10351;20/02/2020;113000
10359;10352;20/02/2020;105000
10360;10353;20/02/2020;510000
10361;10354;20/02/2020;134000
10362;10355;20/02/2020;148000
10363;10356;20/02/2020;42000
10364;10357;20/02/2020;189000
10365;10358;20/02/2020;181000
10366;10359;20/02/2020;203750
10367;10360;20/02/2020;250000
10368;10361;20/02/2020;107368
10369;10362;20/02/2020;134700
10370;10363;20/02/2020;323000
10371;10364;20/02/2020;220095
10372;10365;20/02/2020;248000
10373;10366;20/02/2020;315000
10374;10367;20/02/2020;107000
10375;10368;20/02/2020;444000
10376;10369;20/02/2020;166500
10377;10370;20/02/2020;274000
10378;10371;20/02/2020;314554
10379;10372;20/02/2020;325000
10380;10373;20/02/2020;355000
10381;10374;20/02/2020;177000
10382;10375;20/02/2020;150000
10383;10376;20/02/2020;99900
10384;10377;20/02/2020;171000
10385;10378;20/02/2020;164000
10386;10379;20/02/2020;232000
10387;10380;20/02/2020;233000
10388;10381;20/02/2020;126000
10389;10382;20/02/2020;170000
10390;10383;20/02/2020;125000
10391;10384;20/02/2020;152295
10392;10385;20/02/2020;178500
10393;10386;21/02/2020;310000
10394;10387;21/02/2020;112900
10395;10388;21/02/2020;39500
10396;10389;21/02/2020;230000
10397;10390;21/02/2020;83000
10398;10391;21/02/2020;270200
10399;10392;21/02/2020;146200
10400;10393;21/02/2020;220000
10401;10394;21/02/2020;85000
10402;10395;21/02/2020;67200
10403;10396;21/02/2020;49000
10404;10397;21/02/2020;550000
10405;10398;21/02/2020;283000
10406;10399;21/02/2020;108000
10407;10400;21/02/2020;230000
10408;10401;21/02/2020;258000
10409;10402;21/02/2020;101800
10410;10403;21/02/2020;292500
10411;10404;21/02/2020;480000
10412;10405;21/02/2020;532500
10413;10406;21/02/2020;417145
10414;10407;21/02/2020;143730
10415;10408;21/02/2020;208000
10416;10409;21/02/2020;45000
10417;10410;21/02/2020;70000
10418;10411;21/02/2020;82650
10419;10412;21/02/2020;130750
10420;10413;21/02/2020;46000
10421;10414;21/02/2020;196000
10422;10415;21/02/2020;115790
10423;10416;21/02/2020;156300
10424;10417;21/02/2020;129000
10425;10418;21/02/2020;147000
10426;10419;21/02/2020;103000
10427;10420;21/02/2020;145000
10428;10421;21/02/2020;310500
10429;10422;21/02/2020;73000
10430;10423;21/02/2020;120000
10431;10424;21/02/2020;74000
10432;10425;21/02/2020;192000
10433;10426;21/02/2020;385000
10434;10427;21/02/2020;125000
10435;10428;21/02/2020;139000
10436;10429;21/02/2020;122000
10437;10430;21/02/2020;164000
10438;10431;21/02/2020;210627
10439;10432;21/02/2020;56000
10440;10433;21/02/2020;222700
10441;10434;21/02/2020;136000
10442;10435;21/02/2020;197000
10443;10436;21/02/2020;150000
10444;10437;21/02/2020;48000
10445;10438;21/02/2020;116000
10446;10439;21/02/2020;95000
10447;10440;21/02/2020;74990
10448;10441;21/02/2020;93000
10449;10442;21/02/2020;64700
10450;10443;21/02/2020;247200
10451;10444;21/02/2020;100500
10452;10445;21/02/2020;205000
10453;10446;21/02/2020;117600
10454;10447;21/02/2020;127260
10455;10448;21/02/2020;59000
10456;10449;21/02/2020;71600
10457;10450;21/02/2020;245250
10458;10451;21/02/2020;191210
10459;10452;21/02/2020;152250
10460;10453;21/02/2020;150000
10461;10454;21/02/2020;287500
10462;10455;21/02/2020;194000
10463;10456;21/02/2020;90000
10464;10457;21/02/2020;192685
10465;10458;21/02/2020;100900
10466;10459;21/02/2020;162250
10467;10460;21/02/2020;132264
10468;10461;21/02/2020;93000
10469;10462;21/02/2020;237000
10470;10463;21/02/2020;97613
10471;10464;21/02/2020;533550
10472;10465;21/02/2020;229500
10473;10466;21/02/2020;220000
10474;10467;21/02/2020;130750
10475;10468;21/02/2020;369440
10476;10469;21/02/2020;145800
10477;10470;21/02/2020;60500
10478;10471;21/02/2020;117100
10479;10472;21/02/2020;181000
10480;10473;21/02/2020;192600
10481;10474;21/02/2020;153170
10482;10475;21/02/2020;99000
10483;10476;21/02/2020;192000
10484;10477;21/02/2020;112000
10485;10478;21/02/2020;456000
10486;10479;21/02/2020;62900
10487;10480;21/02/2020;154800
10488;10481;21/02/2020;116650
10489;10482;21/02/2020;237000
10490;10483;21/02/2020;36000
10491;10484;21/02/2020;34000
10492;10485;21/02/2020;165000
10493;10486;21/02/2020;328240
10494;10487;21/02/2020;129212
10495;10488;21/02/2020;205000
10496;10489;21/02/2020;216300
10497;10490;21/02/2020;37000
10498;10491;21/02/2020;113160
10499;10492;21/02/2020;53890
10500;10493;21/02/2020;380000
10501;10494;21/02/2020;255000
10502;10495;21/02/2020;92000
10503;10496;21/02/2020;131125
10504;10497;21/02/2020;154000
10505;10498;21/02/2020;87500
10506;10499;21/02/2020;25000
10507;10500;21/02/2020;64000
10508;10501;21/02/2020;100000
10509;10502;21/02/2020;86300
10510;10503;21/02/2020;65500
10511;10504;21/02/2020;45000
10512;10505;21/02/2020;148000
10513;10506;21/02/2020;110000
10514;10507;21/02/2020;180000
10515;10508;21/02/2020;72000
10516;10509;21/02/2020;87000
10517;10510;21/02/2020;175000
10518;10511;21/02/2020;83070
10519;10512;21/02/2020;122200
10520;10513;21/02/2020;105069
10521;10514;21/02/2020;70000
10522;10515;21/02/2020;20000
10523;10516;21/02/2020;169900
10524;10517;21/02/2020;99000
10525;10518;21/02/2020;54390
10526;10519;21/02/2020;78000
10527;10520;21/02/2020;46500
10528;10521;21/02/2020;65000
10529;10522;21/02/2020;206000
10530;10523;21/02/2020;141500
10531;10524;21/02/2020;81500
10532;10525;21/02/2020;66500
10533;10526;21/02/2020;129000
10534;10527;21/02/2020;43000
10535;10528;21/02/2020;245000
10536;10529;21/02/2020;42000
10537;10530;21/02/2020;70000
10538;10531;21/02/2020;147750
10539;10532;21/02/2020;58000
10540;10533;21/02/2020;111000
10541;10534;21/02/2020;158600
10542;10535;21/02/2020;110200
10543;10536;21/02/2020;81056
10544;10537;21/02/2020;66500
10545;10538;21/02/2020;109000
10546;10539;21/02/2020;198000
10547;10540;21/02/2020;75000
10548;10541;21/02/2020;266800
10549;10542;21/02/2020;129000
10550;10543;21/02/2020;150000
10551;10544;21/02/2020;184750
10552;10545;21/02/2020;258000
10553;10546;21/02/2020;118000
10554;10547;21/02/2020;133000
10555;10548;21/02/2020;152490
10556;10549;21/02/2020;207950
10557;10550;21/02/2020;140000
10558;10551;21/02/2020;359000
10559;10552;21/02/2020;155000
10560;10553;21/02/2020;94500
10561;10554;21/02/2020;15001
10562;10555;21/02/2020;111400
10563;10556;21/02/2020;135020
10564;10557;21/02/2020;319250
10565;10558;21/02/2020;217720
10566;10559;21/02/2020;332500
10567;10560;21/02/2020;575000
10568;10561;21/02/2020;415000
10569;10562;21/02/2020;215000
10570;10563;21/02/2020;1224300
10571;10564;21/02/2020;950000
10572;10565;21/02/2020;840000
10573;10566;21/02/2020;471154
10574;10567;21/02/2020;228000
10575;10568;21/02/2020;606500
10576;10569;21/02/2020;346540
10577;10570;21/02/2020;275250
10578;10571;21/02/2020;155000
10579;10572;21/02/2020;591000
10580;10573;21/02/2020;364210
10581;10574;21/02/2020;312500
10582;10575;21/02/2020;454000
10583;10576;21/02/2020;1175000
10584;10577;21/02/2020;1490300
10585;10578;21/02/2020;4657000
10586;10579;21/02/2020;274650
10587;10580;21/02/2020;377300
10588;10581;21/02/2020;1165000
10589;10582;21/02/2020;283810
10590;10583;21/02/2020;188000
10591;10584;21/02/2020;124855
10592;10585;21/02/2020;230000
10593;10586;21/02/2020;101000
10594;10587;21/02/2020;255000
10595;10588;21/02/2020;509300
10596;10589;21/02/2020;911400
10597;10590;21/02/2020;697000
10598;10591;21/02/2020;230000
10599;10592;21/02/2020;568700
10600;10593;21/02/2020;141000
10601;10594;21/02/2020;256500
10602;10595;21/02/2020;341807
10603;10596;21/02/2020;639850
10604;10597;21/02/2020;77000
10605;10598;21/02/2020;115000
10606;10599;21/02/2020;122300
10607;10600;21/02/2020;72000
10608;10601;21/02/2020;38000
10609;10602;21/02/2020;90000
10610;10603;21/02/2020;175000
10611;10604;21/02/2020;207008
10612;10605;21/02/2020;195000
10613;10606;21/02/2020;88000
10614;10607;21/02/2020;125000
10615;10608;21/02/2020;280000
10616;10609;21/02/2020;200000
10617;10610;21/02/2020;219000
10618;10611;21/02/2020;260430
10619;10612;21/02/2020;150000
10620;10613;21/02/2020;87000
10621;10614;21/02/2020;255000
10622;10615;21/02/2020;182000
10623;10616;21/02/2020;146000
10624;10617;21/02/2020;83000
10625;10618;21/02/2020;108500
10626;10619;21/02/2020;85000
10627;10620;21/02/2020;136000
10628;10621;21/02/2020;142000
10629;10622;21/02/2020;158500
10630;10623;21/02/2020;248300
10631;10624;21/02/2020;331500
10632;10625;21/02/2020;300000
10633;10626;21/02/2020;244000
10634;10627;21/02/2020;270000
10635;10628;21/02/2020;315150
10636;10629;21/02/2020;83000
10637;10630;21/02/2020;135000
10638;10631;21/02/2020;204000
10639;10632;21/02/2020;285400
10640;10633;21/02/2020;87500
10641;10634;21/02/2020;197000
10642;10635;21/02/2020;131250
10643;10636;21/02/2020;154680
10644;10637;21/02/2020;255000
10645;10638;21/02/2020;398000
10646;10639;21/02/2020;651160
10647;10640;21/02/2020;223000
10648;10641;21/02/2020;58797
10649;10642;21/02/2020;352000
10650;10643;21/02/2020;219970
10651;10644;21/02/2020;176400
10652;10645;21/02/2020;320000
10653;10646;21/02/2020;85500
10654;10647;21/02/2020;118000
10655;10648;21/02/2020;181000
10656;10649;21/02/2020;334600
10657;10650;21/02/2020;147860
10658;10651;21/02/2020;199670
10659;10652;21/02/2020;190000
10660;10653;21/02/2020;384050
10661;10654;21/02/2020;372000
10662;10655;21/02/2020;133700
10663;10656;21/02/2020;130500
10664;10657;21/02/2020;32862
10665;10658;21/02/2020;98000
10666;10659;21/02/2020;261000
10667;10660;21/02/2020;234000
10668;10661;21/02/2020;193000
10669;10662;21/02/2020;111000
10670;10663;21/02/2020;78000
10671;10664;21/02/2020;91400
10672;10665;21/02/2020;270000
10673;10666;21/02/2020;308000
10674;10667;21/02/2020;236800
10675;10668;21/02/2020;93000
10676;10669;21/02/2020;239000
10677;10670;21/02/2020;59000
10678;10671;21/02/2020;75000
10679;10672;21/02/2020;158500
10680;10673;21/02/2020;77500
10681;10674;21/02/2020;200000
10682;10675;21/02/2020;205000
10683;10676;21/02/2020;146200
10684;10677;21/02/2020;235000
10685;10678;21/02/2020;190000
10686;10679;21/02/2020;309500
10687;10680;21/02/2020;267000
10688;10681;21/02/2020;164500
10689;10682;21/02/2020;130000
10690;10683;21/02/2020;153000
10691;10684;21/02/2020;410000
10692;10685;21/02/2020;430000
10693;10686;21/02/2020;280000
10694;10687;21/02/2020;828100
10695;10688;21/02/2020;294280
10696;10689;21/02/2020;240000
10697;10690;21/02/2020;399850
10698;10691;21/02/2020;1390000
10699;10692;21/02/2020;256000
10700;10693;21/02/2020;330000
10701;10694;21/02/2020;166000
10702;10695;21/02/2020;135000
10703;10696;21/02/2020;257650
10704;10697;21/02/2020;360000
10705;10698;21/02/2020;125000
10706;10699;21/02/2020;125000
10707;10700;21/02/2020;195365
10708;10701;21/02/2020;144000
10709;10702;21/02/2020;290250
10710;10703;21/02/2020;66000
10711;10704;21/02/2020;345860
10712;10705;21/02/2020;573840
10713;10706;21/02/2020;389000
10714;10707;21/02/2020;149000
10715;10708;21/02/2020;297000
10716;10709;21/02/2020;97000
10717;10710;21/02/2020;137000
10718;10711;21/02/2020;179020
10719;10712;21/02/2020;147700
10720;10713;21/02/2020;185500
10721;10714;21/02/2020;2500000
10722;10715;21/02/2020;92000
10723;10716;21/02/2020;156000
10724;10717;21/02/2020;202250
10725;10718;21/02/2020;170000
10726;10719;21/02/2020;302000
10727;10720;21/02/2020;293000
10728;10721;21/02/2020;372300
10729;10722;21/02/2020;233000
10730;10723;21/02/2020;300500
10731;10724;21/02/2020;159690
10732;10725;21/02/2020;148000
10733;10726;21/02/2020;281616
10734;10727;21/02/2020;431000
10735;10728;21/02/2020;329845
10736;10729;21/02/2020;206345
10737;10730;21/02/2020;193880
10738;10731;21/02/2020;200000
10739;10732;21/02/2020;154610
10740;10733;21/02/2020;135000
10741;10734;21/02/2020;273900
10742;10735;21/02/2020;155484
10743;10736;21/02/2020;332564
10744;10737;21/02/2020;90200
10745;10738;21/02/2020;308000
10746;10739;21/02/2020;199000
10747;10740;21/02/2020;210000
10748;10741;21/02/2020;40000
10749;10742;21/02/2020;135000
10750;10743;21/02/2020;38000
10751;10744;22/02/2020;44000
10752;10745;22/02/2020;39980
10753;10746;22/02/2020;53260
10754;10747;22/02/2020;175000
10755;10748;22/02/2020;42500
10756;10749;22/02/2020;160850
10757;10750;22/02/2020;187735
10758;10751;22/02/2020;85310
10759;10752;22/02/2020;39500
10760;10753;22/02/2020;125550
10761;10754;22/02/2020;63500
10762;10755;22/02/2020;126500
10763;10756;22/02/2020;84300
10764;10757;22/02/2020;76600
10765;10758;22/02/2020;86000
10766;10759;22/02/2020;89500
10767;10760;22/02/2020;185000
10768;10761;22/02/2020;117000
10769;10762;23/02/2020;234000
10770;10763;24/02/2020;160000
10771;10764;24/02/2020;39900
10772;10765;24/02/2020;135700
10773;10766;24/02/2020;110000
10774;10767;24/02/2020;55000
10775;10768;24/02/2020;109000
10776;10769;24/02/2020;258300
10777;10770;24/02/2020;116000
10778;10771;24/02/2020;124720
10779;10772;24/02/2020;325000
10780;10773;24/02/2020;175000
10781;10774;24/02/2020;273000
10782;10775;24/02/2020;315000
10783;10776;24/02/2020;430000
10784;10777;24/02/2020;32000
10785;10778;24/02/2020;123000
10786;10779;24/02/2020;69500
10787;10780;24/02/2020;15000
10788;10781;24/02/2020;200000
10789;10782;24/02/2020;300000
10790;10783;24/02/2020;74000
10791;10784;24/02/2020;100000
10792;10785;24/02/2020;106000
10793;10786;24/02/2020;85000
10794;10787;24/02/2020;202000
10795;10788;24/02/2020;228975
10796;10789;24/02/2020;86000
10797;10790;24/02/2020;154150
10798;10791;24/02/2020;87000
10799;10792;24/02/2020;190000
10800;10793;24/02/2020;79500
10801;10794;24/02/2020;160000
10802;10795;24/02/2020;131000
10803;10796;24/02/2020;83600
10804;10797;24/02/2020;71500
10805;10798;24/02/2020;117500
10806;10799;24/02/2020;208800
10807;10800;24/02/2020;140000
10808;10801;24/02/2020;127800
10809;10802;24/02/2020;190570
10810;10803;24/02/2020;66590
10811;10804;24/02/2020;33768
10812;10805;24/02/2020;268060
10813;10806;24/02/2020;123000
10814;10807;24/02/2020;150000
10815;10808;24/02/2020;145700
10816;10809;24/02/2020;233900
10817;10810;24/02/2020;238600
10818;10811;24/02/2020;199500
10819;10812;24/02/2020;89000
10820;10813;24/02/2020;385000
10821;10814;24/02/2020;285000
10822;10815;24/02/2020;108750
10823;10816;24/02/2020;110000
10824;10817;24/02/2020;263570
10825;10818;24/02/2020;270000
10826;10819;24/02/2020;86000
10827;10820;24/02/2020;288500
10828;10821;24/02/2020;203000
10829;10822;24/02/2020;97000
10830;10823;24/02/2020;144000
10831;10824;24/02/2020;190090
10832;10825;24/02/2020;160000
10833;10826;24/02/2020;336000
10834;10827;24/02/2020;63685
10835;10828;24/02/2020;96800
10836;10829;24/02/2020;207000
10837;10830;24/02/2020;270000
10838;10831;24/02/2020;110595
10839;10832;24/02/2020;154000
10840;10833;24/02/2020;69000
10841;10834;24/02/2020;47600
10842;10835;24/02/2020;57500
10843;10836;24/02/2020;68834
10844;10837;24/02/2020;119000
10845;10838;24/02/2020;59000
10846;10839;24/02/2020;130000
10847;10840;24/02/2020;79900
10848;10841;24/02/2020;440000
10849;10842;24/02/2020;265000
10850;10843;24/02/2020;33000
10851;10844;24/02/2020;192120
10852;10845;24/02/2020;86000
10853;10846;24/02/2020;72000
10854;10847;24/02/2020;58000
10855;10848;24/02/2020;38500
10856;10849;24/02/2020;63000
10857;10850;24/02/2020;56754
10858;10851;24/02/2020;158500
10859;10852;24/02/2020;131000
10860;10853;24/02/2020;232000
10861;10854;24/02/2020;93000
10862;10855;24/02/2020;110000
10863;10856;24/02/2020;176000
10864;10857;24/02/2020;113500
10865;10858;24/02/2020;24000
10866;10859;24/02/2020;645000
10867;10860;24/02/2020;166000
10868;10861;24/02/2020;207900
10869;10862;24/02/2020;130300
10870;10863;24/02/2020;99000
10871;10864;24/02/2020;50000
10872;10865;24/02/2020;104500
10873;10866;24/02/2020;900000
10874;10867;24/02/2020;245000
10875;10868;24/02/2020;666000
10876;10869;24/02/2020;514010
10877;10870;24/02/2020;1100000
10878;10871;24/02/2020;1928040
10879;10872;24/02/2020;312000
10880;10873;24/02/2020;2015350
10881;10874;24/02/2020;1624500
10882;10875;24/02/2020;790000
10883;10876;24/02/2020;745900
10884;10877;24/02/2020;546640
10885;10878;24/02/2020;915000
10886;10879;24/02/2020;774000
10887;10880;24/02/2020;196000
10888;10881;24/02/2020;505000
10889;10882;24/02/2020;179000
10890;10883;24/02/2020;370000
10891;10884;24/02/2020;220381
10892;10885;24/02/2020;296000
10893;10886;24/02/2020;439000
10894;10887;24/02/2020;592965
10895;10888;24/02/2020;376000
10896;10889;24/02/2020;628000
10897;10890;24/02/2020;333900
10898;10891;24/02/2020;409000
10899;10892;24/02/2020;266000
10900;10893;24/02/2020;2680000
10901;10894;24/02/2020;434700
10902;10895;24/02/2020;108300
10903;10896;24/02/2020;84000
10904;10897;24/02/2020;172380
10905;10898;24/02/2020;58000
10906;10899;24/02/2020;156000
10907;10900;24/02/2020;205000
10908;10901;24/02/2020;193800
10909;10902;24/02/2020;235000
10910;10903;24/02/2020;517410
10911;10904;24/02/2020;184000
10912;10905;24/02/2020;115000
10913;10906;24/02/2020;173000
10914;10907;24/02/2020;175000
10915;10908;24/02/2020;139000
10916;10909;24/02/2020;245000
10917;10910;24/02/2020;112000
10918;10911;24/02/2020;153000
10919;10912;24/02/2020;210000
10920;10913;24/02/2020;199300
10921;10914;24/02/2020;256900
10922;10915;24/02/2020;302850
10923;10916;24/02/2020;223000
10924;10917;24/02/2020;201000
10925;10918;24/02/2020;150000
10926;10919;24/02/2020;337000
10927;10920;24/02/2020;112500
10928;10921;24/02/2020;120000
10929;10922;24/02/2020;132000
10930;10923;24/02/2020;83000
10931;10924;24/02/2020;433000
10932;10925;24/02/2020;240000
10933;10926;24/02/2020;108000
10934;10927;24/02/2020;52500
10935;10928;24/02/2020;505000
10936;10929;24/02/2020;154830
10937;10930;24/02/2020;360000
10938;10931;24/02/2020;142000
10939;10932;24/02/2020;55000
10940;10933;24/02/2020;238643
10941;10934;24/02/2020;129000
10942;10935;24/02/2020;60800
10943;10936;24/02/2020;26500
10944;10937;24/02/2020;50600
10945;10938;24/02/2020;160000
10946;10939;24/02/2020;229800
10947;10940;24/02/2020;115000
10948;10941;24/02/2020;122500
10949;10942;24/02/2020;212550
10950;10943;24/02/2020;220000
10951;10944;24/02/2020;250200
10952;10945;24/02/2020;156950
10953;10946;24/02/2020;67000
10954;10947;24/02/2020;315828
10955;10948;24/02/2020;231200
10956;10949;24/02/2020;403200
10957;10950;24/02/2020;77500
10958;10951;24/02/2020;360525
10959;10952;24/02/2020;272000
10960;10953;24/02/2020;302300
10961;10954;24/02/2020;449275
10962;10955;24/02/2020;197000
10963;10956;24/02/2020;255600
10964;10957;24/02/2020;349715
10965;10958;24/02/2020;283509
10966;10959;24/02/2020;389000
10967;10960;24/02/2020;135700
10968;10961;24/02/2020;122122
10969;10962;24/02/2020;82500
10970;10963;24/02/2020;156750
10971;10964;24/02/2020;237000
10972;10965;24/02/2020;100000
10973;10966;24/02/2020;183500
10974;10967;24/02/2020;487000
10975;10968;24/02/2020;537000
10976;10969;24/02/2020;193000
10977;10970;24/02/2020;187000
10978;10971;24/02/2020;126500
10979;10972;24/02/2020;177000
10980;10973;24/02/2020;255000
10981;10974;24/02/2020;291600
10982;10975;24/02/2020;297500
10983;10976;24/02/2020;383500
10984;10977;24/02/2020;689700
10985;10978;24/02/2020;90000
10986;10979;24/02/2020;257875
10987;10980;24/02/2020;161000
10988;10981;24/02/2020;230000
10989;10982;24/02/2020;270000
10990;10983;24/02/2020;175000
10991;10984;24/02/2020;242000
10992;10985;24/02/2020;111340
10993;10986;24/02/2020;139000
10994;10987;24/02/2020;140670
10995;10988;24/02/2020;264630
10996;10989;24/02/2020;175470
10997;10990;24/02/2020;60000
10998;10991;24/02/2020;50000
10999;10992;24/02/2020;164000
11000;10993;24/02/2020;127300
11001;10994;24/02/2020;137000
11002;10995;24/02/2020;313600
11003;10996;24/02/2020;215000
11004;10997;25/02/2020;442100
11005;10998;25/02/2020;640000
11006;10999;25/02/2020;156580
11007;11000;25/02/2020;435000
11008;11001;25/02/2020;44000
11009;11002;25/02/2020;68730
11010;11003;25/02/2020;58000
11011;11004;25/02/2020;120250
11012;11005;25/02/2020;212253
11013;11006;25/02/2020;267500
11014;11007;25/02/2020;185500
11015;11008;25/02/2020;50000
11016;11009;25/02/2020;228710
11017;11010;25/02/2020;186000
11018;11011;25/02/2020;136500
11019;11012;25/02/2020;39500
11020;11013;25/02/2020;36900
11021;11014;25/02/2020;128250
11022;11015;25/02/2020;131625
11023;11016;25/02/2020;235000
11024;11017;25/02/2020;179000
11025;11018;25/02/2020;54000
11026;11019;25/02/2020;240000
11027;11020;25/02/2020;93000
11028;11021;25/02/2020;92000
11029;11022;25/02/2020;472600
11030;11023;25/02/2020;170000
11031;11024;25/02/2020;55000
11032;11025;25/02/2020;109250
11033;11026;25/02/2020;175000
11034;11027;25/02/2020;34000
11035;11028;25/02/2020;293000
11036;11029;25/02/2020;84000
11037;11030;25/02/2020;80000
11038;11031;25/02/2020;68000
11039;11032;25/02/2020;176000
11040;11033;25/02/2020;59000
11041;11034;25/02/2020;29000
11042;11035;25/02/2020;232000
11043;11036;25/02/2020;123440
11044;11037;25/02/2020;130000
11045;11038;25/02/2020;141800
11046;11039;25/02/2020;50000
11047;11040;25/02/2020;45800
11048;11041;25/02/2020;86200
11049;11042;25/02/2020;53000
11050;11043;25/02/2020;95000
11051;11044;25/02/2020;262500
11052;11045;25/02/2020;113950
11053;11046;25/02/2020;157117
11054;11047;25/02/2020;30000
11055;11048;25/02/2020;142000
11056;11049;25/02/2020;106900
11057;11050;25/02/2020;183750
11058;11051;25/02/2020;120600
11059;11052;25/02/2020;195500
11060;11053;25/02/2020;157150
11061;11054;25/02/2020;178220
11062;11055;25/02/2020;275000
11063;11056;25/02/2020;280730
11064;11057;25/02/2020;147500
11065;11058;25/02/2020;253000
11066;11059;25/02/2020;232900
11067;11060;25/02/2020;284000
11068;11061;25/02/2020;200000
11069;11062;25/02/2020;130580
11070;11063;25/02/2020;159000
11071;11064;25/02/2020;162000
11072;11065;25/02/2020;100000
11073;11066;25/02/2020;180000
11074;11067;25/02/2020;85000
11075;11068;25/02/2020;149635
11076;11069;25/02/2020;62700
11077;11070;25/02/2020;164549
11078;11071;25/02/2020;94000
11079;11072;25/02/2020;90000
11080;11073;25/02/2020;79900
11081;11074;25/02/2020;157500
11082;11075;25/02/2020;35150
11083;11076;25/02/2020;125000
11084;11077;25/02/2020;80000
11085;11078;25/02/2020;212840
11086;11079;25/02/2020;106000
11087;11080;25/02/2020;89500
11088;11081;25/02/2020;133300
11089;11082;25/02/2020;100500
11090;11083;25/02/2020;73650
11091;11084;25/02/2020;192800
11092;11085;25/02/2020;33000
11093;11086;25/02/2020;52500
11094;11087;25/02/2020;97500
11095;11088;25/02/2020;63800
11096;11089;25/02/2020;328300
11097;11090;25/02/2020;128700
11098;11091;25/02/2020;43600
11099;11092;25/02/2020;83500
11100;11093;25/02/2020;70000
11101;11094;25/02/2020;188000
11102;11095;25/02/2020;113000
11103;11096;25/02/2020;223400
11104;11097;25/02/2020;58000
11105;11098;25/02/2020;215000
11106;11099;25/02/2020;270250
11107;11100;25/02/2020;76000
11108;11101;25/02/2020;62500
11109;11102;25/02/2020;44000
11110;11103;25/02/2020;73500
11111;11104;25/02/2020;590000
11112;11105;25/02/2020;429000
11113;11106;25/02/2020;213000
11114;11107;25/02/2020;483340
11115;11108;25/02/2020;750000
11116;11109;25/02/2020;215000
11117;11110;25/02/2020;358000
11118;11111;25/02/2020;2150000
11119;11112;25/02/2020;383200
11120;11113;25/02/2020;358000
11121;11114;25/02/2020;184000
11122;11115;25/02/2020;1764100
11123;11116;25/02/2020;548100
11124;11117;25/02/2020;373000
11125;11118;25/02/2020;1049200
11126;11119;25/02/2020;239968
11127;11120;25/02/2020;97000
11128;11121;25/02/2020;207000
11129;11122;25/02/2020;351000
11130;11123;25/02/2020;316000
11131;11124;25/02/2020;521000
11132;11125;25/02/2020;1130000
11133;11126;25/02/2020;802000
11134;11127;25/02/2020;288500
11135;11128;25/02/2020;363000
11136;11129;25/02/2020;844265
11137;11130;25/02/2020;620000
11138;11131;25/02/2020;1298500
11139;11132;25/02/2020;264000
11140;11133;25/02/2020;468600
11141;11134;25/02/2020;204660
11142;11135;25/02/2020;194000
11143;11136;25/02/2020;479300
11144;11137;25/02/2020;610000
11145;11138;25/02/2020;888000
11146;11139;25/02/2020;775000
11147;11140;25/02/2020;179000
11148;11141;25/02/2020;407800
11149;11142;25/02/2020;131000
11150;11143;25/02/2020;200000
11151;11144;25/02/2020;413000
11152;11145;25/02/2020;103000
11153;11146;25/02/2020;224000
11154;11147;25/02/2020;113000
11155;11148;25/02/2020;235670
11156;11149;25/02/2020;148810
11157;11150;25/02/2020;160000
11158;11151;25/02/2020;172000
11159;11152;25/02/2020;114480
11160;11153;25/02/2020;187000
11161;11154;25/02/2020;175000
11162;11155;25/02/2020;198000
11163;11156;25/02/2020;347000
11164;11157;25/02/2020;533300
11165;11158;25/02/2020;112930
11166;11159;25/02/2020;68000
11167;11160;25/02/2020;133000
11168;11161;25/02/2020;110000
11169;11162;25/02/2020;725950
11170;11163;25/02/2020;91000
11171;11164;25/02/2020;245800
11172;11165;25/02/2020;133000
11173;11166;25/02/2020;68500
11174;11167;25/02/2020;54900
11175;11168;25/02/2020;53000
11176;11169;25/02/2020;191500
11177;11170;25/02/2020;143600
11178;11171;25/02/2020;64500
11179;11172;25/02/2020;103000
11180;11173;25/02/2020;125000
11181;11174;25/02/2020;215000
11182;11175;25/02/2020;128385
11183;11176;25/02/2020;156800
11184;11177;25/02/2020;116000
11185;11178;25/02/2020;146000
11186;11179;25/02/2020;223000
11187;11180;25/02/2020;182000
11188;11181;25/02/2020;118000
11189;11182;25/02/2020;89800
11190;11183;25/02/2020;75810
11191;11184;25/02/2020;26450
11192;11185;25/02/2020;66000
11193;11186;25/02/2020;94000
11194;11187;25/02/2020;131000
11195;11188;25/02/2020;60000
11196;11189;25/02/2020;81500
11197;11190;25/02/2020;108000
11198;11191;25/02/2020;110000
11199;11192;25/02/2020;75500
11200;11193;25/02/2020;169850
11201;11194;25/02/2020;194400
11202;11195;25/02/2020;133450
11203;11196;25/02/2020;225000
11204;11197;25/02/2020;218000
11205;11198;25/02/2020;250500
11206;11199;25/02/2020;339000
11207;11200;25/02/2020;133500
11208;11201;25/02/2020;161000
11209;11202;25/02/2020;590000
11210;11203;25/02/2020;259400
11211;11204;25/02/2020;207000
11212;11205;25/02/2020;252000
11213;11206;25/02/2020;601000
11214;11207;25/02/2020;630300
11215;11208;25/02/2020;1004130
11216;11209;25/02/2020;246000
11217;11210;25/02/2020;243500
11218;11211;25/02/2020;455000
11219;11212;25/02/2020;476100
11220;11213;25/02/2020;316000
11221;11214;25/02/2020;2037800
11222;11215;25/02/2020;79000
11223;11216;25/02/2020;240000
11224;11217;25/02/2020;95000
11225;11218;25/02/2020;212000
11226;11219;25/02/2020;390000
11227;11220;25/02/2020;236000
11228;11221;25/02/2020;202000
11229;11222;25/02/2020;219000
11230;11223;25/02/2020;184020
11231;11224;25/02/2020;162000
11232;11225;25/02/2020;184600
11233;11226;25/02/2020;233000
11234;11227;25/02/2020;355000
11235;11228;25/02/2020;133000
11236;11229;25/02/2020;270500
11237;11230;25/02/2020;343000
11238;11231;25/02/2020;112800
11239;11232;25/02/2020;167000
11240;11233;25/02/2020;215000
11241;11234;25/02/2020;114000
11242;11235;25/02/2020;163020
11243;11236;25/02/2020;160000
11244;11237;25/02/2020;420000
11245;11238;25/02/2020;70000
11246;11239;26/02/2020;230000
11247;11240;26/02/2020;67560
11248;11241;26/02/2020;77000
11249;11242;26/02/2020;54090
11250;11243;26/02/2020;350000
11251;11244;26/02/2020;85000
11252;11245;26/02/2020;70000
11253;11246;26/02/2020;1000000
11254;11247;26/02/2020;159000
11255;11248;26/02/2020;245000
11256;11249;26/02/2020;137000
11257;11250;26/02/2020;114000
11258;11251;26/02/2020;327000
11259;11252;26/02/2020;129450
11260;11253;26/02/2020;283500
11261;11254;26/02/2020;128000
11262;11255;26/02/2020;70500
11263;11256;26/02/2020;114000
11264;11257;26/02/2020;170000
11265;11258;26/02/2020;367000
11266;11259;26/02/2020;67400
11267;11260;26/02/2020;75800
11268;11261;26/02/2020;82650
11269;11262;26/02/2020;103000
11270;11263;26/02/2020;480000
11271;11264;26/02/2020;119350
11272;11265;26/02/2020;69000
11273;11266;26/02/2020;58000
11274;11267;26/02/2020;137850
11275;11268;26/02/2020;215000
11276;11269;26/02/2020;165000
11277;11270;26/02/2020;95500
11278;11271;26/02/2020;140000
11279;11272;26/02/2020;257000
11280;11273;26/02/2020;147000
11281;11274;26/02/2020;105000
11282;11275;26/02/2020;284500
11283;11276;26/02/2020;92000
11284;11277;26/02/2020;107500
11285;11278;26/02/2020;52000
11286;11279;26/02/2020;74000
11287;11280;26/02/2020;312000
11288;11281;26/02/2020;223800
11289;11282;26/02/2020;197200
11290;11283;26/02/2020;193000
11291;11284;26/02/2020;52300
11292;11285;26/02/2020;180000
11293;11286;26/02/2020;83500
11294;11287;26/02/2020;255000
11295;11288;26/02/2020;128250
11296;11289;26/02/2020;142000
11297;11290;26/02/2020;180500
11298;11291;26/02/2020;107000
11299;11292;26/02/2020;380613
11300;11293;26/02/2020;170000
11301;11294;26/02/2020;105000
11302;11295;26/02/2020;134050
11303;11296;26/02/2020;63585
11304;11297;26/02/2020;72400
11305;11298;26/02/2020;477000
11306;11299;26/02/2020;184800
11307;11300;26/02/2020;156700
11308;11301;26/02/2020;165000
11309;11302;26/02/2020;244000
11310;11303;26/02/2020;179000
11311;11304;26/02/2020;46500
11312;11305;26/02/2020;155000
11313;11306;26/02/2020;95500
11314;11307;26/02/2020;194000
11315;11308;26/02/2020;288400
11316;11309;26/02/2020;387900
11317;11310;26/02/2020;65030
11318;11311;26/02/2020;91000
11319;11312;26/02/2020;253000
11320;11313;26/02/2020;179425
11321;11314;26/02/2020;127500
11322;11315;26/02/2020;113280
11323;11316;26/02/2020;54000
11324;11317;26/02/2020;75700
11325;11318;26/02/2020;81000
11326;11319;26/02/2020;184800
11327;11320;26/02/2020;153370
11328;11321;26/02/2020;49000
11329;11322;26/02/2020;63500
11330;11323;26/02/2020;113000
11331;11324;26/02/2020;240000
11332;11325;26/02/2020;70500
11333;11326;26/02/2020;42000
11334;11327;26/02/2020;102000
11335;11328;26/02/2020;125000
11336;11329;26/02/2020;95000
11337;11330;26/02/2020;80280
11338;11331;26/02/2020;51560
11339;11332;26/02/2020;57000
11340;11333;26/02/2020;112000
11341;11334;26/02/2020;173500
11342;11335;26/02/2020;158000
11343;11336;26/02/2020;123000
11344;11337;26/02/2020;106500
11345;11338;26/02/2020;215500
11346;11339;26/02/2020;100000
11347;11340;26/02/2020;161510
11348;11341;26/02/2020;132400
11349;11341;29/06/2020;145600
11350;11342;26/02/2020;128000
11351;11343;26/02/2020;123700
11352;11344;26/02/2020;123000
11353;11345;26/02/2020;
11354;11346;26/02/2020;106800
11355;11347;26/02/2020;736800
11356;11348;26/02/2020;189100
11357;11349;26/02/2020;152200
11358;11350;26/02/2020;216000
11359;11351;26/02/2020;177500
11360;11352;26/02/2020;154500
11361;11353;26/02/2020;60000
11362;11354;26/02/2020;340500
11363;11355;26/02/2020;784849
11364;11356;26/02/2020;43500
11365;11357;26/02/2020;165330
11366;11358;26/02/2020;1440000
11367;11359;26/02/2020;488000
11368;11360;26/02/2020;910000
11369;11361;26/02/2020;6454000
11370;11362;26/02/2020;127000
11371;11363;26/02/2020;445000
11372;11364;26/02/2020;751000
11373;11365;26/02/2020;91000
11374;11366;26/02/2020;419300
11375;11367;26/02/2020;1000000
11376;11368;26/02/2020;820000
11377;11369;26/02/2020;396000
11378;11370;26/02/2020;95000
11379;11371;26/02/2020;943000
11380;11372;26/02/2020;1532000
11381;11373;26/02/2020;690000
11382;11374;26/02/2020;220000
11383;11375;26/02/2020;14000
11384;11376;26/02/2020;50000
11385;11377;26/02/2020;499000
11386;11378;26/02/2020;2389240
11387;11379;26/02/2020;1250000
11388;11380;26/02/2020;663000
11389;11381;26/02/2020;278900
11390;11382;26/02/2020;70000
11391;11383;26/02/2020;1739600
11392;11384;26/02/2020;412000
11393;11385;26/02/2020;738200
11394;11386;26/02/2020;520000
11395;11387;26/02/2020;345000
11396;11388;26/02/2020;662000
11397;11389;26/02/2020;195000
11398;11390;26/02/2020;626900
11399;11391;26/02/2020;730000
11400;11392;26/02/2020;1100000
11401;11393;26/02/2020;815000
11402;11394;26/02/2020;741100
11403;11395;26/02/2020;375000
11404;11396;26/02/2020;681600
11405;11397;26/02/2020;304250
11406;11398;26/02/2020;360280
11407;11399;26/02/2020;74100
11408;11400;26/02/2020;174500
11409;11401;26/02/2020;155580
11410;11402;26/02/2020;292343
11411;11403;26/02/2020;585000
11412;11404;26/02/2020;65400
11413;11405;26/02/2020;1125645
11414;11406;26/02/2020;1037100
11415;11407;26/02/2020;595000
11416;11408;26/02/2020;431975
11417;11409;26/02/2020;810000
11418;11410;26/02/2020;681920
11419;11411;26/02/2020;208000
11420;11412;26/02/2020;99400
11421;11413;26/02/2020;198800
11422;11414;26/02/2020;250000
11423;11415;26/02/2020;66000
11424;11416;26/02/2020;210000
11425;11417;26/02/2020;171000
11426;11418;26/02/2020;78000
11427;11419;26/02/2020;163000
11428;11420;26/02/2020;193300
11429;11421;26/02/2020;229900
11430;11422;26/02/2020;143000
11431;11423;26/02/2020;252900
11432;11424;26/02/2020;76000
11433;11425;26/02/2020;175000
11434;11426;26/02/2020;235900
11435;11427;26/02/2020;75000
11436;11428;26/02/2020;370476
11437;11429;26/02/2020;203000
11438;11430;26/02/2020;180000
11439;11431;26/02/2020;256100
11440;11432;26/02/2020;342000
11441;11433;26/02/2020;144900
11442;11434;26/02/2020;242700
11443;11435;26/02/2020;124000
11444;11436;26/02/2020;131000
11445;11437;26/02/2020;135000
11446;11438;26/02/2020;344000
11447;11439;26/02/2020;374640
11448;11440;26/02/2020;291262
11449;11441;26/02/2020;222000
11450;11442;26/02/2020;230200
11451;11443;26/02/2020;145000
11452;11444;26/02/2020;158700
11453;11445;26/02/2020;176000
11454;11446;26/02/2020;100000
11455;11447;26/02/2020;32000
11456;11448;26/02/2020;207000
11457;11449;26/02/2020;112000
11458;11450;26/02/2020;210800
11459;11451;26/02/2020;90830
11460;11452;26/02/2020;87000
11461;11453;26/02/2020;135000
11462;11454;26/02/2020;71000
11463;11455;26/02/2020;98500
11464;11456;26/02/2020;167000
11465;11457;26/02/2020;121800
11466;11458;26/02/2020;104000
11467;11459;26/02/2020;40500
11468;11460;26/02/2020;179999
11469;11461;26/02/2020;120000
11470;11462;26/02/2020;59000
11471;11463;26/02/2020;84200
11472;11464;26/02/2020;282000
11473;11465;26/02/2020;82000
11474;11466;26/02/2020;148050
11475;11467;26/02/2020;65000
11476;11468;26/02/2020;214830
11477;11469;26/02/2020;98000
11478;11470;26/02/2020;115000
11479;11471;26/02/2020;70000
11480;11472;26/02/2020;137000
11481;11473;26/02/2020;135000
11482;11474;26/02/2020;122000
11483;11475;26/02/2020;96500
11484;11476;26/02/2020;334000
11485;11477;26/02/2020;95000
11486;11478;26/02/2020;155000
11487;11479;26/02/2020;485000
11488;11480;26/02/2020;649700
11489;11481;26/02/2020;191000
11490;11482;26/02/2020;408000
11491;11483;26/02/2020;285000
11492;11484;26/02/2020;86000
11493;11485;26/02/2020;70000
11494;11486;26/02/2020;154974
11495;11487;26/02/2020;510000
11496;11488;26/02/2020;269100
11497;11489;26/02/2020;1284000
11498;11490;26/02/2020;470000
11499;11491;26/02/2020;205000
11500;11492;26/02/2020;664460
11501;11493;26/02/2020;293000
11502;11494;26/02/2020;402000
11503;11495;26/02/2020;609047
11504;11496;26/02/2020;589250
11505;11497;26/02/2020;521000
11506;11498;26/02/2020;450000
11507;11499;26/02/2020;489000
11508;11500;26/02/2020;223000
11509;11501;26/02/2020;227000
11510;11502;26/02/2020;329000
11511;11503;26/02/2020;250000
11512;11504;26/02/2020;240000
11513;11505;26/02/2020;281500
11514;11506;26/02/2020;179000
11515;11507;26/02/2020;790000
11516;11508;26/02/2020;100000
11517;11509;26/02/2020;93880
11518;11510;26/02/2020;75000
11519;11511;26/02/2020;400000
11520;11512;26/02/2020;184000
11521;11513;26/02/2020;273000
11522;11514;26/02/2020;95000
11523;11515;26/02/2020;135000
11524;11516;26/02/2020;
11525;11517;26/02/2020;99000
11526;11518;26/02/2020;116610
11527;11519;26/02/2020;182000
11528;11520;26/02/2020;620000
11529;11521;26/02/2020;750000
11530;11522;26/02/2020;353000
11531;11523;26/02/2020;166000
11532;11524;26/02/2020;225672
11533;11525;26/02/2020;145000
11534;11526;26/02/2020;365000
11535;11527;26/02/2020;289598
11536;11528;26/02/2020;130000
11537;11529;26/02/2020;252427
11538;11530;26/02/2020;275000
11539;11531;26/02/2020;168000
11540;11532;26/02/2020;345600
11541;11533;26/02/2020;425000
11542;11534;26/02/2020;685000
11543;11535;26/02/2020;174200
11544;11536;26/02/2020;148000
11545;11537;26/02/2020;164000
11546;11538;26/02/2020;196000
11547;11539;26/02/2020;142360
11548;11540;26/02/2020;170000
11549;11541;26/02/2020;79000
11550;11542;26/02/2020;696000
11551;11543;26/02/2020;743600
11552;11544;26/02/2020;140100
11553;11545;26/02/2020;169000
11554;11546;26/02/2020;144800
11555;11547;26/02/2020;64000
11556;11548;26/02/2020;114000
11557;11549;26/02/2020;133000
11558;11550;26/02/2020;420000
11559;11551;26/02/2020;187000
11560;11552;26/02/2020;315000
11561;11553;26/02/2020;301500
11562;11554;26/02/2020;245000
11563;11555;26/02/2020;145000
11564;11556;26/02/2020;520700
11565;11557;26/02/2020;103000
11566;11558;27/02/2020;315800
11567;11559;27/02/2020;13000
11568;11560;27/02/2020;44000
11569;11561;27/02/2020;76000
11570;11562;27/02/2020;238000
11571;11563;27/02/2020;188000
11572;11564;27/02/2020;134000
11573;11565;27/02/2020;890000
11574;11566;27/02/2020;383000
11575;11567;27/02/2020;422500
11576;11568;27/02/2020;147250
11577;11569;27/02/2020;195000
11578;11570;27/02/2020;195000
11579;11571;27/02/2020;440000
11580;11572;27/02/2020;114000
11581;11573;27/02/2020;485000
11582;11574;27/02/2020;161000
11583;11575;27/02/2020;120625
11584;11576;27/02/2020;192500
11585;11577;27/02/2020;154380
11586;11578;27/02/2020;47500
11587;11579;27/02/2020;50350
11588;11580;27/02/2020;55000
11589;11581;27/02/2020;28400
11590;11582;27/02/2020;185000
11591;11583;27/02/2020;350000
11592;11584;27/02/2020;132810
11593;11585;27/02/2020;49000
11594;11586;27/02/2020;164540
11595;11587;27/02/2020;38000
11596;11588;27/02/2020;75000
11597;11589;27/02/2020;112000
11598;11590;27/02/2020;214000
11599;11591;27/02/2020;265000
11600;11592;27/02/2020;109000
11601;11593;27/02/2020;150000
11602;11594;27/02/2020;97000
11603;11595;27/02/2020;280000
11604;11596;27/02/2020;150500
11605;11597;27/02/2020;67000
11606;11598;27/02/2020;184000
11607;11599;27/02/2020;192000
11608;11600;27/02/2020;60000
11609;11601;27/02/2020;41005
11610;11602;27/02/2020;93500
11611;11603;27/02/2020;68000
11612;11604;27/02/2020;15000
11613;11605;27/02/2020;56990
11614;11606;27/02/2020;71500
11615;11607;27/02/2020;58000
11616;11608;27/02/2020;89000
11617;11609;27/02/2020;35000
11618;11610;27/02/2020;212500
11619;11611;27/02/2020;140000
11620;11612;27/02/2020;137370
11621;11613;27/02/2020;80000
11622;11614;27/02/2020;210000
11623;11615;27/02/2020;1683000
11624;11616;27/02/2020;128000
11625;11617;27/02/2020;175000
11626;11618;27/02/2020;74300
11627;11619;27/02/2020;54500
11628;11620;27/02/2020;81900
11629;11621;27/02/2020;166000
11630;11622;27/02/2020;64000
11631;11623;27/02/2020;157000
11632;11624;27/02/2020;78224
11633;11625;27/02/2020;80100
11634;11626;27/02/2020;87000
11635;11627;27/02/2020;406850
11636;11628;27/02/2020;363280
11637;11629;27/02/2020;241860
11638;11630;27/02/2020;55575
11639;11631;27/02/2020;155000
11640;11632;27/02/2020;71000
11641;11633;27/02/2020;246300
11642;11634;27/02/2020;149500
11643;11635;27/02/2020;116280
11644;11636;27/02/2020;110280
11645;11637;27/02/2020;109100
11646;11638;27/02/2020;158000
11647;11639;27/02/2020;71800
11648;11640;27/02/2020;142000
11649;11641;27/02/2020;119000
11650;11642;27/02/2020;88000
11651;11643;27/02/2020;104000
11652;11644;27/02/2020;59000
11653;11645;27/02/2020;124000
11654;11646;27/02/2020;154000
11655;11647;27/02/2020;161792
11656;11648;27/02/2020;129150
11657;11649;27/02/2020;130000
11658;11650;27/02/2020;77500
11659;11651;27/02/2020;136600
11660;11652;27/02/2020;225000
11661;11653;27/02/2020;187400
11662;11654;27/02/2020;175229
11663;11655;27/02/2020;210000
11664;11656;27/02/2020;295000
11665;11657;27/02/2020;144700
11666;11658;27/02/2020;189000
11667;11659;27/02/2020;74000
11668;11660;27/02/2020;175000
11669;11661;27/02/2020;156700
11670;11662;27/02/2020;192950
11671;11663;27/02/2020;91560
11672;11664;27/02/2020;132500
11673;11665;27/02/2020;100000
11674;11666;27/02/2020;226800
11675;11667;27/02/2020;179000
11676;11668;27/02/2020;157000
11677;11669;27/02/2020;123000
11678;11670;27/02/2020;121900
11679;11671;27/02/2020;131700
11680;11672;27/02/2020;90000
11681;11673;27/02/2020;42000
11682;11674;27/02/2020;90000
11683;11675;27/02/2020;196100
11684;11676;27/02/2020;116700
11685;11677;27/02/2020;151400
11686;11678;27/02/2020;72500
11687;11679;27/02/2020;220000
11688;11680;27/02/2020;161350
11689;11681;27/02/2020;203000
11690;11682;27/02/2020;112500
11691;11683;27/02/2020;155500
11692;11684;27/02/2020;196974
11693;11685;27/02/2020;61600
11694;11686;27/02/2020;140000
11695;11687;27/02/2020;65500
11696;11688;27/02/2020;148000
11697;11689;27/02/2020;71500
11698;11690;27/02/2020;88400
11699;11691;27/02/2020;131000
11700;11692;27/02/2020;83000
11701;11693;27/02/2020;77434
11702;11694;27/02/2020;49000
11703;11695;27/02/2020;157500
11704;11696;27/02/2020;166900
11705;11697;27/02/2020;241500
11706;11698;27/02/2020;40000
11707;11699;27/02/2020;685570
11708;11700;27/02/2020;125220
11709;11701;27/02/2020;268000
11710;11702;27/02/2020;224000
11711;11703;27/02/2020;88000
11712;11704;27/02/2020;46500
11713;11705;27/02/2020;52000
11714;11706;27/02/2020;122500
11715;11707;27/02/2020;126000
11716;11708;27/02/2020;88000
11717;11709;27/02/2020;80000
11718;11710;27/02/2020;106000
11719;11711;27/02/2020;42170
11720;11712;27/02/2020;97000
11721;11713;27/02/2020;115000
11722;11714;27/02/2020;336900
11723;11715;27/02/2020;144500
11724;11716;27/02/2020;213170
11725;11717;27/02/2020;298350
11726;11718;27/02/2020;265950
11727;11719;27/02/2020;229000
11728;11720;27/02/2020;134960
11729;11721;27/02/2020;82200
11730;11722;27/02/2020;139000
11731;11723;27/02/2020;542000
11732;11724;27/02/2020;459000
11733;11725;27/02/2020;174000
11734;11726;27/02/2020;223500
11735;11727;27/02/2020;350000
11736;11728;27/02/2020;1225500
11737;11729;27/02/2020;1589100
11738;11730;27/02/2020;580000
11739;11731;27/02/2020;1123500
11740;11732;27/02/2020;512860
11741;11733;27/02/2020;544725
11742;11734;27/02/2020;300000
11743;11735;27/02/2020;2050000
11744;11736;27/02/2020;563000
11745;11737;27/02/2020;390000
11746;11738;27/02/2020;253000
11747;11739;27/02/2020;262000
11748;11740;27/02/2020;524700
11749;11741;27/02/2020;339100
11750;11742;27/02/2020;362620
11751;11743;27/02/2020;588450
11752;11744;27/02/2020;79000
11753;11745;27/02/2020;278000
11754;11746;27/02/2020;818000
11755;11747;27/02/2020;447378
11756;11748;27/02/2020;810000
11757;11749;27/02/2020;460600
11758;11750;27/02/2020;204000
11759;11751;27/02/2020;620000
11760;11752;27/02/2020;315200
11761;11753;27/02/2020;900000
11762;11754;27/02/2020;748000
11763;11755;27/02/2020;514000
11764;11756;27/02/2020;442300
11765;11757;27/02/2020;1439900
11766;11758;27/02/2020;525000
11767;11759;27/02/2020;2065000
11768;11760;27/02/2020;326000
11769;11761;27/02/2020;1085670
11770;11762;27/02/2020;885850
11771;11763;27/02/2020;362000
11772;11764;27/02/2020;361650
11773;11765;27/02/2020;140000
11774;11766;27/02/2020;296000
11775;11767;27/02/2020;377655
11776;11768;27/02/2020;271000
11777;11769;27/02/2020;444000
11778;11770;27/02/2020;194080
11779;11771;27/02/2020;371000
11780;11772;27/02/2020;159000
11781;11773;27/02/2020;572191
11782;11774;27/02/2020;146250
11783;11775;27/02/2020;43000
11784;11776;27/02/2020;309000
11785;11777;27/02/2020;895000
11786;11778;27/02/2020;243000
11787;11779;27/02/2020;478000
11788;11780;27/02/2020;579300
11789;11781;27/02/2020;241830
11790;11782;27/02/2020;192190
11791;11783;27/02/2020;463000
11792;11784;27/02/2020;155000
11793;11785;27/02/2020;72000
11794;11786;27/02/2020;111500
11795;11787;27/02/2020;191500
11796;11788;27/02/2020;51262
11797;11789;27/02/2020;235000
11798;11790;27/02/2020;305000
11799;11791;27/02/2020;215000
11800;11792;27/02/2020;136065
11801;11793;27/02/2020;165000
11802;11794;27/02/2020;101000
11803;11795;27/02/2020;246000
11804;11796;27/02/2020;118000
11805;11797;27/02/2020;140000
11806;11798;27/02/2020;163342
11807;11799;27/02/2020;252000
11808;11800;27/02/2020;129950
11809;11801;27/02/2020;122500
11810;11802;27/02/2020;36000
11811;11803;27/02/2020;97000
11812;11804;27/02/2020;104000
11813;11805;27/02/2020;342000
11814;11806;27/02/2020;438500
11815;11807;27/02/2020;76000
11816;11808;27/02/2020;286000
11817;11809;27/02/2020;262000
11818;11810;27/02/2020;135000
11819;11811;27/02/2020;75000
11820;11812;27/02/2020;319000
11821;11813;27/02/2020;175575
11822;11814;27/02/2020;183000
11823;11815;27/02/2020;338000
11824;11816;27/02/2020;627850
11825;11817;27/02/2020;272100
11826;11818;27/02/2020;311000
11827;11819;27/02/2020;407020
11828;11820;27/02/2020;237235
11829;11821;27/02/2020;319000
11830;11822;27/02/2020;360000
11831;11823;27/02/2020;101220
11832;11824;27/02/2020;55000
11833;11825;27/02/2020;184000
11834;11826;27/02/2020;158000
11835;11827;27/02/2020;477000
11836;11828;27/02/2020;93500
11837;11829;27/02/2020;471429
11838;11830;27/02/2020;30000
11839;11831;27/02/2020;181460
11840;11832;27/02/2020;123000
11841;11833;27/02/2020;97100
11842;11834;27/02/2020;130000
11843;11835;27/02/2020;126500
11844;11836;27/02/2020;272000
11845;11837;27/02/2020;172450
11846;11838;27/02/2020;152500
11847;11839;27/02/2020;210000
11848;11840;27/02/2020;82350
11849;11841;27/02/2020;77400
11850;11842;27/02/2020;68000
11851;11843;27/02/2020;71000
11852;11844;27/02/2020;55000
11853;11845;27/02/2020;274000
11854;11846;27/02/2020;79000
11855;11847;27/02/2020;73000
11856;11848;27/02/2020;298360
11857;11849;27/02/2020;260000
11858;11850;27/02/2020;195000
11859;11851;27/02/2020;305000
11860;11852;27/02/2020;210000
11861;11853;27/02/2020;79999
11862;11854;27/02/2020;95570
11863;11855;27/02/2020;162000
11864;11856;27/02/2020;128700
11865;11857;27/02/2020;215000
11866;11858;27/02/2020;199000
11867;11859;27/02/2020;160000
11868;11860;27/02/2020;362500
11869;11861;27/02/2020;123000
11870;11862;27/02/2020;350000
11871;11863;27/02/2020;119800
11872;11864;27/02/2020;97872
11873;11865;27/02/2020;90000
11874;11866;27/02/2020;129000
11875;11867;27/02/2020;135000
11876;11868;27/02/2020;216150
11877;11869;27/02/2020;232305
11878;11870;27/02/2020;114000
11879;11871;27/02/2020;270000
11880;11872;27/02/2020;245000
11881;11873;27/02/2020;561000
11882;11874;27/02/2020;185000
11883;11875;27/02/2020;309395
11884;11876;27/02/2020;520000
11885;11877;27/02/2020;695000
11886;11878;27/02/2020;470500
11887;11879;27/02/2020;801900
11888;11880;27/02/2020;705500
11889;11881;27/02/2020;740000
11890;11882;27/02/2020;1620000
11891;11883;27/02/2020;281000
11892;11884;27/02/2020;413000
11893;11885;27/02/2020;196000
11894;11886;27/02/2020;167000
11895;11887;27/02/2020;212000
11896;11888;27/02/2020;190000
11897;11889;27/02/2020;850000
11898;11890;27/02/2020;370000
11899;11891;27/02/2020;259000
11900;11892;27/02/2020;234000
11901;11893;27/02/2020;150000
11902;11894;27/02/2020;82000
11903;11895;27/02/2020;220000
11904;11896;27/02/2020;200000
11905;11897;27/02/2020;84000
11906;11898;27/02/2020;190000
11907;11899;27/02/2020;52500
11908;11900;27/02/2020;563600
11909;11901;27/02/2020;212000
11910;11902;27/02/2020;220000
11911;11903;27/02/2020;139000
11912;11904;27/02/2020;270000
11913;11905;27/02/2020;218000
11914;11906;27/02/2020;208589
11915;11907;27/02/2020;133000
11916;11908;27/02/2020;334500
11917;11909;27/02/2020;567000
11918;11910;27/02/2020;142000
11919;11911;27/02/2020;130500
11920;11912;27/02/2020;115000
11921;11913;27/02/2020;146000
11922;11914;27/02/2020;91094
11923;11915;27/02/2020;192000
11924;11916;27/02/2020;265000
11925;11917;27/02/2020;315000
11926;11918;27/02/2020;21000
11927;11919;27/02/2020;305000
11928;11920;27/02/2020;185000
11929;11921;27/02/2020;158000
11930;11922;27/02/2020;175000
11931;11923;27/02/2020;88000
11932;11924;27/02/2020;148257
11933;11925;27/02/2020;540000
11934;11926;27/02/2020;146000
11935;11927;27/02/2020;190775
11936;11928;27/02/2020;47500
11937;11929;27/02/2020;100943
11938;11930;27/02/2020;70000
11939;11931;27/02/2020;218000
11940;11932;27/02/2020;149000
11941;11933;27/02/2020;121359
11942;11934;27/02/2020;171000
11943;11935;27/02/2020;398000
11944;11936;27/02/2020;277000
11945;11937;27/02/2020;150319
11946;11938;27/02/2020;180000
11947;11939;27/02/2020;147500
11948;11940;27/02/2020;187500
11949;11941;28/02/2020;74000
11950;11942;28/02/2020;210000
11951;11943;28/02/2020;167000
11952;11944;28/02/2020;139130
11953;11945;28/02/2020;59500
11954;11946;28/02/2020;77000
11955;11947;28/02/2020;140150
11956;11948;28/02/2020;212000
11957;11949;28/02/2020;236030
11958;11950;28/02/2020;175800
11959;11951;28/02/2020;370000
11960;11952;28/02/2020;215000
11961;11953;28/02/2020;67000
11962;11954;28/02/2020;64000
11963;11955;28/02/2020;430000
11964;11956;28/02/2020;124910
11965;11957;28/02/2020;461000
11966;11958;28/02/2020;149450
11967;11959;28/02/2020;36000
11968;11960;28/02/2020;202500
11969;11961;28/02/2020;302500
11970;11962;28/02/2020;611284
11971;11963;28/02/2020;245000
11972;11964;28/02/2020;55000
11973;11965;28/02/2020;45600
11974;11966;28/02/2020;14000
11975;11967;28/02/2020;102000
11976;11968;28/02/2020;43520
11977;11969;28/02/2020;34200
11978;11970;28/02/2020;111400
11979;11971;28/02/2020;28000
11980;11972;28/02/2020;113000
11981;11973;28/02/2020;102221
11982;11974;28/02/2020;76765
11983;11975;28/02/2020;230850
11984;11976;28/02/2020;60000
11985;11977;28/02/2020;299000
11986;11978;28/02/2020;362075
11987;11979;28/02/2020;169000
11988;11980;28/02/2020;182000
11989;11981;28/02/2020;111000
11990;11982;28/02/2020;6500
11991;11983;28/02/2020;43000
11992;11984;28/02/2020;115000
11993;11985;28/02/2020;89000
11994;11986;28/02/2020;290000
11995;11987;28/02/2020;270000
11996;11988;28/02/2020;118500
11997;11989;28/02/2020;263400
11998;11990;28/02/2020;324000
11999;11991;28/02/2020;130000
12000;11992;28/02/2020;129000
12001;11993;28/02/2020;155000
12002;11994;28/02/2020;65000
12003;11995;28/02/2020;170000
12004;11996;28/02/2020;86000
12005;11997;28/02/2020;55000
12006;11998;28/02/2020;121900
12007;11999;28/02/2020;43000
12008;12000;28/02/2020;350000
12009;12001;28/02/2020;135500
12010;12002;28/02/2020;382500
12011;12003;28/02/2020;138000
12012;12004;28/02/2020;125500
12013;12005;28/02/2020;68500
12014;12006;28/02/2020;46000
12015;12007;28/02/2020;115000
12016;12008;28/02/2020;28000
12017;12009;28/02/2020;54950
12018;12010;28/02/2020;109500
12019;12011;28/02/2020;71500
12020;12012;28/02/2020;50000
12021;12013;28/02/2020;85900
12022;12014;28/02/2020;235700
12023;12015;28/02/2020;231500
12024;12016;28/02/2020;37000
12025;12017;28/02/2020;73000
12026;12018;28/02/2020;77580
12027;12019;28/02/2020;50830
12028;12020;28/02/2020;73000
12029;12021;28/02/2020;131500
12030;12022;28/02/2020;212250
12031;12023;28/02/2020;338880
12032;12024;28/02/2020;8000
12033;12025;28/02/2020;234650
12034;12026;28/02/2020;145655
12035;12027;28/02/2020;105500
12036;12028;28/02/2020;288500
12037;12029;28/02/2020;79800
12038;12030;28/02/2020;167200
12039;12031;28/02/2020;118000
12040;12032;28/02/2020;174700
12041;12033;28/02/2020;159000
12042;12034;28/02/2020;322247
12043;12035;28/02/2020;178500
12044;12036;28/02/2020;454000
12045;12037;28/02/2020;498000
12046;12038;28/02/2020;186300
12047;12039;28/02/2020;787000
12048;12040;28/02/2020;229500
12049;12041;28/02/2020;227185
12050;12042;28/02/2020;129022
12051;12043;28/02/2020;129000
12052;12044;28/02/2020;180000
12053;12045;28/02/2020;54459
12054;12046;28/02/2020;102151
12055;12047;28/02/2020;135000
12056;12048;28/02/2020;119200
12057;12049;28/02/2020;102600
12058;12050;28/02/2020;153500
12059;12051;28/02/2020;100000
12060;12052;28/02/2020;154800
12061;12053;28/02/2020;222850
12062;12054;28/02/2020;165000
12063;12055;28/02/2020;249850
12064;12056;28/02/2020;85940
12065;12057;28/02/2020;71400
12066;12058;28/02/2020;25800
12067;12059;28/02/2020;130000
12068;12060;28/02/2020;92000
12069;12061;28/02/2020;136000
12070;12062;28/02/2020;162800
12071;12063;28/02/2020;129500
12072;12064;28/02/2020;111900
12073;12065;28/02/2020;50000
12074;12066;28/02/2020;462000
12075;12067;28/02/2020;76375
12076;12068;28/02/2020;149000
12077;12069;28/02/2020;28095
12078;12070;28/02/2020;257000
12079;12071;28/02/2020;368000
12080;12072;28/02/2020;205900
12081;12073;28/02/2020;129750
12082;12074;28/02/2020;325000
12083;12075;28/02/2020;146000
12084;12076;28/02/2020;36000
12085;12077;28/02/2020;83000
12086;12078;28/02/2020;285000
12087;12079;28/02/2020;65000
12088;12080;28/02/2020;122500
12089;12081;28/02/2020;68000
12090;12082;28/02/2020;79000
12091;12083;28/02/2020;151000
12092;12084;28/02/2020;190000
12093;12085;28/02/2020;97000
12094;12086;28/02/2020;67340
12095;12087;28/02/2020;102000
12096;12088;28/02/2020;58000
12097;12089;28/02/2020;180000
12098;12090;28/02/2020;120000
12099;12091;28/02/2020;252120
12100;12092;28/02/2020;53500
12101;12093;28/02/2020;55000
12102;12094;28/02/2020;161500
12103;12095;28/02/2020;128700
12104;12096;28/02/2020;55300
12105;12097;28/02/2020;222600
12106;12098;28/02/2020;68125
12107;12099;28/02/2020;83000
12108;12100;28/02/2020;110133
12109;12101;28/02/2020;149500
12110;12102;28/02/2020;267000
12111;12103;28/02/2020;78000
12112;12104;28/02/2020;135000
12113;12105;28/02/2020;115000
12114;12106;28/02/2020;107430
12115;12107;28/02/2020;149900
12116;12108;28/02/2020;121000
12117;12109;28/02/2020;57500
12118;12110;28/02/2020;56280
12119;12111;28/02/2020;128000
12120;12112;28/02/2020;74310
12121;12113;28/02/2020;30000
12122;12114;28/02/2020;67000
12123;12115;28/02/2020;108900
12124;12116;28/02/2020;70000
12125;12117;28/02/2020;32500
12126;12118;28/02/2020;88000
12127;12119;28/02/2020;71000
12128;12120;28/02/2020;152850
12129;12121;28/02/2020;183000
12130;12122;28/02/2020;74000
12131;12123;28/02/2020;76640
12132;12124;28/02/2020;66000
12133;12125;28/02/2020;118900
12134;12126;28/02/2020;110700
12135;12127;28/02/2020;50510
12136;12128;28/02/2020;95000
12137;12129;28/02/2020;72300
12138;12130;28/02/2020;300038
12139;12131;28/02/2020;157500
12140;12132;28/02/2020;970000
12141;12133;28/02/2020;131000
12142;12134;28/02/2020;173400
12143;12135;28/02/2020;116000
12144;12136;28/02/2020;72500
12145;12137;28/02/2020;152000
12146;12138;28/02/2020;136000
12147;12139;28/02/2020;115200
12148;12140;28/02/2020;182655
12149;12141;28/02/2020;18000
12150;12142;28/02/2020;160000
12151;12143;28/02/2020;38500
12152;12144;28/02/2020;63000
12153;12145;28/02/2020;366300
12154;12146;28/02/2020;407750
12155;12147;28/02/2020;90000
12156;12148;28/02/2020;264500
12157;12149;28/02/2020;124000
12158;12150;28/02/2020;105500
12159;12151;28/02/2020;127000
12160;12152;28/02/2020;167050
12161;12153;28/02/2020;177000
12162;12154;28/02/2020;257300
12163;12155;28/02/2020;225000
12164;12156;28/02/2020;344600
12165;12157;28/02/2020;299000
12166;12158;28/02/2020;114010
12167;12159;28/02/2020;240295
12168;12160;28/02/2020;582500
12169;12161;28/02/2020;747200
12170;12162;28/02/2020;28000
12171;12163;28/02/2020;24500
12172;12164;28/02/2020;238700
12173;12165;28/02/2020;75000
12174;12166;28/02/2020;458100
12175;12167;28/02/2020;5600000
12176;12168;28/02/2020;528430
12177;12169;28/02/2020;289100
12178;12170;28/02/2020;185000
12179;12171;28/02/2020;359000
12180;12172;28/02/2020;210000
12181;12173;28/02/2020;950000
12182;12174;28/02/2020;386900
12183;12175;28/02/2020;493800
12184;12176;28/02/2020;3400000
12185;12177;28/02/2020;770000
12186;12178;28/02/2020;324900
12187;12179;28/02/2020;2520000
12188;12180;28/02/2020;432700
12189;12181;28/02/2020;689010
12190;12182;28/02/2020;352000
12191;12183;28/02/2020;275000
12192;12184;28/02/2020;428300
12193;12185;28/02/2020;2686000
12194;12186;28/02/2020;675000
12195;12187;28/02/2020;544000
12196;12188;28/02/2020;847500
12197;12189;28/02/2020;482500
12198;12190;28/02/2020;616869
12199;12191;28/02/2020;595000
12200;12192;28/02/2020;531700
12201;12193;28/02/2020;504000
12202;12194;28/02/2020;524800
12203;12195;28/02/2020;610700
12204;12196;28/02/2020;386500
12205;12197;28/02/2020;383000
12206;12198;28/02/2020;425000
12207;12199;28/02/2020;1195100
12208;12200;28/02/2020;165000
12209;12201;28/02/2020;1407450
12210;12202;28/02/2020;272000
12211;12203;28/02/2020;1210000
12212;12204;28/02/2020;676000
12213;12205;28/02/2020;295000
12214;12206;28/02/2020;207000
12215;12207;28/02/2020;425960
12216;12208;28/02/2020;1326300
12217;12209;28/02/2020;194300
12218;12210;28/02/2020;222600
12219;12211;28/02/2020;1224000
12220;12212;28/02/2020;420500
12221;12213;28/02/2020;371850
12222;12214;28/02/2020;429000
12223;12215;28/02/2020;431000
12224;12216;28/02/2020;610050
12225;12217;28/02/2020;110000
12226;12218;28/02/2020;440216
12227;12219;28/02/2020;170040
12228;12220;28/02/2020;755000
12229;12221;28/02/2020;400300
12230;12222;28/02/2020;162000
12231;12223;28/02/2020;173000
12232;12224;28/02/2020;433000
12233;12225;28/02/2020;809500
12234;12226;28/02/2020;1189000
12235;12227;28/02/2020;454820
12236;12228;28/02/2020;133900
12237;12229;28/02/2020;97000
12238;12230;28/02/2020;332800
12239;12231;28/02/2020;430000
12240;12232;28/02/2020;52500
12241;12233;28/02/2020;102850
12242;12234;28/02/2020;175000
12243;12235;28/02/2020;132000
12244;12236;28/02/2020;194000
12245;12237;28/02/2020;215000
12246;12238;28/02/2020;142500
12247;12239;28/02/2020;190000
12248;12240;28/02/2020;97000
12249;12241;28/02/2020;112904
12250;12242;28/02/2020;206000
12251;12243;28/02/2020;275000
12252;12244;28/02/2020;45000
12253;12245;28/02/2020;220000
12254;12246;28/02/2020;202000
12255;12247;28/02/2020;259000
12256;12248;28/02/2020;179420
12257;12249;28/02/2020;258235
12258;12250;28/02/2020;243491
12259;12251;28/02/2020;331075
12260;12252;28/02/2020;146000
12261;12253;28/02/2020;313500
12262;12254;28/02/2020;458400
12263;12255;28/02/2020;226120
12264;12256;28/02/2020;170050
12265;12257;28/02/2020;252700
12266;12258;28/02/2020;323200
12267;12259;28/02/2020;240000
12268;12260;28/02/2020;209350
12269;12261;28/02/2020;225000
12270;12262;28/02/2020;160000
12271;12263;28/02/2020;443000
12272;12264;28/02/2020;118509
12273;12265;28/02/2020;134000
12274;12266;28/02/2020;128000
12275;12267;28/02/2020;86000
12276;12268;28/02/2020;465000
12277;12269;28/02/2020;840000
12278;12270;28/02/2020;158000
12279;12271;28/02/2020;440000
12280;12272;28/02/2020;355000
12281;12273;28/02/2020;240000
12282;12274;28/02/2020;606000
12283;12275;28/02/2020;860400
12284;12276;28/02/2020;2121150
12285;12277;28/02/2020;295000
12286;12278;28/02/2020;169845
12287;12279;28/02/2020;220000
12288;12280;28/02/2020;99110
12289;12281;28/02/2020;69000
12290;12282;28/02/2020;111000
12291;12283;28/02/2020;53800
12292;12284;28/02/2020;255000
12293;12285;28/02/2020;218000
12294;12286;28/02/2020;274000
12295;12287;28/02/2020;178500
12296;12288;28/02/2020;380419
12297;12289;28/02/2020;197390
12298;12290;28/02/2020;282400
12299;12291;28/02/2020;403900
12300;12292;28/02/2020;448000
12301;12293;28/02/2020;272070
12302;12294;28/02/2020;208550
12303;12295;28/02/2020;257000
12304;12296;28/02/2020;306580
12305;12297;28/02/2020;246480
12306;12298;28/02/2020;125500
12307;12299;28/02/2020;90000
12308;12300;28/02/2020;75000
12309;12301;28/02/2020;505700
12310;12302;28/02/2020;176000
12311;12303;28/02/2020;86400
12312;12304;28/02/2020;88350
12313;12305;28/02/2020;66000
12314;12306;28/02/2020;71400
12315;12307;28/02/2020;108000
12316;12308;28/02/2020;136265
12317;12309;28/02/2020;174000
12318;12310;28/02/2020;159000
12319;12311;28/02/2020;260000
12320;12312;28/02/2020;250000
12321;12313;28/02/2020;107500
12322;12314;28/02/2020;139000
12323;12315;28/02/2020;65000
12324;12316;28/02/2020;129000
12325;12317;28/02/2020;132250
12326;12318;28/02/2020;279500
12327;12319;28/02/2020;155000
12328;12320;28/02/2020;110000
12329;12321;28/02/2020;254000
12330;12322;28/02/2020;140000
12331;12323;28/02/2020;310000
12332;12324;28/02/2020;371000
12333;12325;28/02/2020;71000
12334;12326;28/02/2020;261000
12335;12327;28/02/2020;96000
12336;12328;28/02/2020;80000
12337;12329;28/02/2020;154894
12338;12330;28/02/2020;324630
12339;12331;28/02/2020;398000
12340;12332;28/02/2020;358000
12341;12333;28/02/2020;208000
12342;12334;28/02/2020;270000
12343;12335;28/02/2020;208051
12344;12336;28/02/2020;402000
12345;12337;28/02/2020;404400
12346;12338;28/02/2020;352657
12347;12339;28/02/2020;381000
12348;12340;28/02/2020;319300
12349;12341;28/02/2020;477000
12350;12342;28/02/2020;362500
12351;12343;28/02/2020;493000
12352;12344;28/02/2020;745000
12353;12345;28/02/2020;476600
12354;12346;28/02/2020;145000
12355;12347;28/02/2020;431000
12356;12348;28/02/2020;461000
12357;12349;28/02/2020;503300
12358;12350;28/02/2020;447525
12359;12351;28/02/2020;253520
12360;12352;28/02/2020;348800
12361;12353;28/02/2020;515000
12362;12354;28/02/2020;517700
12363;12355;28/02/2020;352005
12364;12356;28/02/2020;262000
12365;12357;28/02/2020;219000
12366;12358;28/02/2020;299000
12367;12359;28/02/2020;470000
12368;12360;28/02/2020;177500
12369;12361;28/02/2020;172593
12370;12362;28/02/2020;191500
12371;12363;28/02/2020;226000
12372;12364;28/02/2020;128244
12373;12365;28/02/2020;363000
12374;12366;28/02/2020;280000
12375;12367;28/02/2020;230000
12376;12368;28/02/2020;295000
12377;12369;28/02/2020;281000
12378;12370;28/02/2020;152500
12379;12371;28/02/2020;440800
12380;12372;28/02/2020;361000
12381;12373;28/02/2020;73000
12382;12374;28/02/2020;261060
12383;12375;28/02/2020;50000
12384;12376;28/02/2020;151500
12385;12377;28/02/2020;62000
12386;12378;28/02/2020;285380
12387;12379;28/02/2020;144900
12388;12380;28/02/2020;233000
12389;12381;28/02/2020;616200
12390;12382;28/02/2020;705000
12391;12383;28/02/2020;241300
12392;12384;28/02/2020;449000
12393;12385;28/02/2020;380000
12394;12386;28/02/2020;243000
12395;12387;28/02/2020;405000
12396;12388;28/02/2020;390970
12397;12389;28/02/2020;181000
12398;12390;28/02/2020;525000
12399;12391;28/02/2020;161147
12400;12392;28/02/2020;322000
12401;12393;28/02/2020;905000
12402;12394;28/02/2020;1622700
12403;12395;28/02/2020;500450
12404;12396;28/02/2020;268500
12405;12397;28/02/2020;195000
12406;12398;28/02/2020;510000
12407;12399;28/02/2020;165000
12408;12400;28/02/2020;222000
12409;12401;28/02/2020;228000
12410;12402;28/02/2020;123000
12411;12403;28/02/2020;227500
12412;12404;28/02/2020;222500
12413;12405;28/02/2020;210000
12414;12406;28/02/2020;193000
12415;12407;28/02/2020;99900
12416;12408;28/02/2020;337303
12417;12409;28/02/2020;278000
12418;12410;28/02/2020;135450
12419;12411;28/02/2020;177000
12420;12412;28/02/2020;181000
12421;12413;28/02/2020;379000
12422;12414;28/02/2020;269000
12423;12415;28/02/2020;135281
12424;12416;28/02/2020;164000
12425;12417;28/02/2020;331000
12426;12418;28/02/2020;159000
12427;12419;28/02/2020;176300
12428;12420;28/02/2020;165000
12429;12421;28/02/2020;122500
12430;12422;28/02/2020;150000
12431;12423;28/02/2020;241000
12432;12424;28/02/2020;65000
12433;12425;28/02/2020;70000
12434;12426;29/02/2020;63500
12435;12427;29/02/2020;302200
12436;12428;29/02/2020;88000
12437;12429;29/02/2020;82500
12438;12430;29/02/2020;230000
12439;12431;29/02/2020;93000
12440;12432;29/02/2020;71000
12441;12433;29/02/2020;57500
12442;12434;29/02/2020;179000
12443;12435;29/02/2020;91058
12444;12436;29/02/2020;50000
12445;12437;29/02/2020;130450
12446;12438;29/02/2020;105000
12447;12439;29/02/2020;64000
12448;12440;29/02/2020;137000
12449;12441;29/02/2020;120000
12450;12442;29/02/2020;181855
12451;12443;29/02/2020;189500
12452;12444;29/02/2020;840000
12453;12445;29/02/2020;304900
12454;12446;29/02/2020;617550
12455;12447;29/02/2020;352800
12456;12448;29/02/2020;85000
12457;12449;29/02/2020;134000
12458;12450;29/02/2020;155000
12459;12451;29/02/2020;180000
12460;12452;29/02/2020;106300
12461;12453;29/02/2020;81500
12462;12454;29/02/2020;260000
12463;12455;29/02/2020;146950
12464;12456;29/02/2020;165000
12465;12457;29/02/2020;165000
12466;12458;02/03/2020;495000
12467;12459;02/03/2020;230000
12468;12460;02/03/2020;76280
12469;12461;02/03/2020;33000
12470;12462;02/03/2020;56900
12471;12463;02/03/2020;192650
12472;12464;02/03/2020;220000
12473;12465;02/03/2020;339500
12474;12466;02/03/2020;140000
12475;12467;02/03/2020;218000
12476;12468;02/03/2020;173000
12477;12469;02/03/2020;196600
12478;12470;02/03/2020;112200
12479;12471;02/03/2020;193000
12480;12472;02/03/2020;342000
12481;12473;02/03/2020;386000
12482;12474;02/03/2020;162000
12483;12475;02/03/2020;72000
12484;12476;02/03/2020;145000
12485;12477;02/03/2020;63000
12486;12478;02/03/2020;185600
12487;12479;02/03/2020;245000
12488;12480;02/03/2020;145000
12489;12481;02/03/2020;325350
12490;12482;02/03/2020;204000
12491;12483;02/03/2020;149000
12492;12484;02/03/2020;180000
12493;12485;02/03/2020;179600
12494;12486;02/03/2020;81350
12495;12487;02/03/2020;320000
12496;12488;02/03/2020;90000
12497;12489;02/03/2020;70000
12498;12490;02/03/2020;169000
12499;12491;02/03/2020;55000
12500;12492;02/03/2020;106512
12501;12493;02/03/2020;100000
12502;12494;02/03/2020;145000
12503;12495;02/03/2020;149000
12504;12496;02/03/2020;110000
12505;12497;02/03/2020;71000
12506;12498;02/03/2020;165000
12507;12499;02/03/2020;404500
12508;12500;02/03/2020;72500
12509;12501;02/03/2020;79500
12510;12502;02/03/2020;85000
12511;12503;02/03/2020;116000
12512;12504;02/03/2020;85000
12513;12505;02/03/2020;678000
12514;12506;02/03/2020;199000
12515;12507;02/03/2020;164000
12516;12508;02/03/2020;146500
12517;12509;02/03/2020;102230
12518;12510;02/03/2020;90500
12519;12511;02/03/2020;227811
12520;12512;02/03/2020;72000
12521;12513;02/03/2020;158800
12522;12514;02/03/2020;69000
12523;12515;02/03/2020;126000
12524;12516;02/03/2020;68000
12525;12517;02/03/2020;155000
12526;12518;02/03/2020;119000
12527;12519;02/03/2020;195000
12528;12520;02/03/2020;268400
12529;12521;02/03/2020;215000
12530;12522;02/03/2020;252500
12531;12523;02/03/2020;86000
12532;12524;02/03/2020;100500
12533;12525;02/03/2020;279000
12534;12526;02/03/2020;39590
12535;12527;02/03/2020;120400
12536;12528;02/03/2020;235000
12537;12529;02/03/2020;112000
12538;12530;02/03/2020;392800
12539;12531;02/03/2020;5000
12540;12532;02/03/2020;84000
12541;12533;02/03/2020;131780
12542;12534;02/03/2020;125000
12543;12535;02/03/2020;144000
12544;12536;02/03/2020;82500
12545;12537;02/03/2020;27000
12546;12538;02/03/2020;105500
12547;12539;02/03/2020;117000
12548;12540;02/03/2020;181133
12549;12541;02/03/2020;199000
12550;12542;02/03/2020;107000
12551;12543;02/03/2020;147000
12552;12544;02/03/2020;39000
12553;12545;02/03/2020;126400
12554;12546;02/03/2020;177000
12555;12547;02/03/2020;110000
12556;12548;02/03/2020;127600
12557;12549;02/03/2020;42500
12558;12550;02/03/2020;136500
12559;12551;02/03/2020;104510
12560;12552;02/03/2020;94000
12561;12553;02/03/2020;185000
12562;12554;02/03/2020;175000
12563;12555;02/03/2020;102050
12564;12556;02/03/2020;52000
12565;12557;02/03/2020;32392
12566;12558;02/03/2020;159900
12567;12559;02/03/2020;94000
12568;12560;02/03/2020;69000
12569;12561;02/03/2020;291300
12570;12562;02/03/2020;357000
12571;12563;02/03/2020;38600
12572;12564;02/03/2020;468000
12573;12565;02/03/2020;227550
12574;12566;02/03/2020;1265320
12575;12567;02/03/2020;171000
12576;12568;02/03/2020;297300
12577;12569;02/03/2020;1290000
12578;12570;02/03/2020;1976000
12579;12571;02/03/2020;1010000
12580;12572;02/03/2020;1014000
12581;12573;02/03/2020;733000
12582;12574;02/03/2020;86000
12583;12575;02/03/2020;417000
12584;12576;02/03/2020;200300
12585;12577;02/03/2020;883450
12586;12578;02/03/2020;110000
12587;12579;02/03/2020;1315000
12588;12580;02/03/2020;306000
12589;12581;02/03/2020;645000
12590;12582;02/03/2020;312000
12591;12583;02/03/2020;264762
12592;12584;02/03/2020;1014150
12593;12585;02/03/2020;724746
12594;12586;02/03/2020;464950
12595;12587;02/03/2020;234375
12596;12588;02/03/2020;218000
12597;12589;02/03/2020;267250
12598;12590;02/03/2020;510680
12599;12591;02/03/2020;295000
12600;12592;02/03/2020;470690
12601;12593;02/03/2020;599000
12602;12594;02/03/2020;1330000
12603;12595;02/03/2020;1950000
12604;12596;02/03/2020;1399000
12605;12597;02/03/2020;646000
12606;12598;02/03/2020;459000
12607;12599;02/03/2020;1660000
12608;12600;02/03/2020;770000
12609;12601;02/03/2020;286500
12610;12602;02/03/2020;256000
12611;12603;02/03/2020;376200
12612;12604;02/03/2020;81000
12613;12605;02/03/2020;79600
12614;12606;02/03/2020;216000
12615;12607;02/03/2020;146500
12616;12608;02/03/2020;284500
12617;12609;02/03/2020;212000
12618;12610;02/03/2020;245000
12619;12611;02/03/2020;197600
12620;12612;02/03/2020;208905
12621;12613;02/03/2020;250000
12622;12614;02/03/2020;157000
12623;12615;02/03/2020;247200
12624;12616;02/03/2020;375000
12625;12617;02/03/2020;219050
12626;12618;02/03/2020;306000
12627;12619;02/03/2020;60000
12628;12620;02/03/2020;275000
12629;12621;02/03/2020;158400
12630;12622;02/03/2020;140000
12631;12623;02/03/2020;373800
12632;12624;02/03/2020;160000
12633;12625;02/03/2020;581900
12634;12626;02/03/2020;290000
12635;12627;02/03/2020;139050
12636;12628;02/03/2020;182000
12637;12629;02/03/2020;172400
12638;12630;02/03/2020;357000
12639;12631;02/03/2020;199000
12640;12632;02/03/2020;367700
12641;12633;02/03/2020;425180
12642;12634;02/03/2020;1075650
12643;12635;02/03/2020;650000
12644;12636;02/03/2020;273000
12645;12637;02/03/2020;73000
12646;12638;02/03/2020;274000
12647;12639;02/03/2020;180500
12648;12640;02/03/2020;40000
12649;12641;02/03/2020;264000
12650;12642;02/03/2020;111000
12651;12643;02/03/2020;250000
12652;12644;02/03/2020;151000
12653;12645;02/03/2020;69000
12654;12646;02/03/2020;62700
12655;12647;02/03/2020;33000
12656;12648;02/03/2020;80830
12657;12649;02/03/2020;76000
12658;12650;02/03/2020;230000
12659;12651;02/03/2020;181000
12660;12652;02/03/2020;166000
12661;12653;02/03/2020;230000
12662;12654;02/03/2020;180000
12663;12655;02/03/2020;149000
12664;12656;02/03/2020;124000
12665;12657;02/03/2020;150000
12666;12658;02/03/2020;236158
12667;12659;02/03/2020;155500
12668;12660;02/03/2020;550000
12669;12661;02/03/2020;235000
12670;12662;02/03/2020;302000
12671;12663;02/03/2020;210000
12672;12664;02/03/2020;256700
12673;12665;02/03/2020;135000
12674;12666;02/03/2020;221000
12675;12667;02/03/2020;355500
12676;12668;02/03/2020;202803
12677;12669;02/03/2020;214285
12678;12670;02/03/2020;382000
12679;12671;02/03/2020;519390
12680;12672;02/03/2020;140200
12681;12673;02/03/2020;923700
12682;12674;02/03/2020;268750
12683;12675;02/03/2020;117700
12684;12676;02/03/2020;163500
12685;12677;02/03/2020;340000
12686;12678;02/03/2020;115000
12687;12679;02/03/2020;259000
12688;12680;02/03/2020;169000
12689;12681;02/03/2020;164500
12690;12682;02/03/2020;77979
12691;12683;02/03/2020;292000
12692;12684;02/03/2020;172500
12693;12685;02/03/2020;173000
12694;12686;02/03/2020;143000
12695;12687;02/03/2020;221000
12696;12688;02/03/2020;126168
12697;12689;02/03/2020;304000
12698;12690;02/03/2020;240000
12699;12691;02/03/2020;417860
12700;12692;02/03/2020;395000
12701;12693;02/03/2020;310000
12702;12694;02/03/2020;240000
12703;12695;02/03/2020;165550
12704;12696;02/03/2020;459800
12705;12697;02/03/2020;236000
12706;12698;02/03/2020;498000
12707;12699;02/03/2020;154000
12708;12700;02/03/2020;156600
12709;12701;02/03/2020;127500
12710;12702;02/03/2020;133500
12711;12703;02/03/2020;144000
12712;12704;02/03/2020;202000
12713;12705;02/03/2020;141500
12714;12706;02/03/2020;238000
12715;12707;03/03/2020;152000
12716;12708;03/03/2020;251500
12717;12709;03/03/2020;200000
12718;12710;03/03/2020;55000
12719;12711;03/03/2020;226750
12720;12712;03/03/2020;81860
12721;12713;03/03/2020;69450
12722;12714;03/03/2020;133250
12723;12715;03/03/2020;194000
12724;12716;03/03/2020;325000
12725;12717;03/03/2020;160000
12726;12718;03/03/2020;104500
12727;12719;03/03/2020;216910
12728;12720;03/03/2020;1755000
12729;12721;03/03/2020;156750
12730;12722;03/03/2020;57000
12731;12723;03/03/2020;85250
12732;12724;03/03/2020;98000
12733;12725;03/03/2020;255000
12734;12726;03/03/2020;145825
12735;12727;03/03/2020;512000
12736;12728;03/03/2020;60000
12737;12729;03/03/2020;37000
12738;12730;03/03/2020;142000
12739;12731;03/03/2020;110000
12740;12732;03/03/2020;59000
12741;12733;03/03/2020;77800
12742;12734;03/03/2020;67000
12743;12735;03/03/2020;159000
12744;12736;03/03/2020;280000
12745;12737;03/03/2020;100000
12746;12738;03/03/2020;153000
12747;12739;03/03/2020;175000
12748;12740;03/03/2020;219000
12749;12741;03/03/2020;122000
12750;12742;03/03/2020;390000
12751;12743;03/03/2020;190000
12752;12744;03/03/2020;238000
12753;12745;03/03/2020;119000
12754;12746;03/03/2020;54000
12755;12747;03/03/2020;135000
12756;12748;03/03/2020;52000
12757;12749;03/03/2020;136000
12758;12750;03/03/2020;88600
12759;12751;03/03/2020;125000
12760;12752;03/03/2020;69000
12761;12753;03/03/2020;72000
12762;12754;03/03/2020;87000
12763;12755;03/03/2020;34900
12764;12756;03/03/2020;163000
12765;12757;03/03/2020;22000
12766;12758;03/03/2020;155359
12767;12759;03/03/2020;81000
12768;12760;03/03/2020;100200
12769;12761;03/03/2020;67000
12770;12762;03/03/2020;135000
12771;12763;03/03/2020;455960
12772;12764;03/03/2020;270000
12773;12765;03/03/2020;111000
12774;12766;03/03/2020;94800
12775;12767;03/03/2020;173000
12776;12768;03/03/2020;177250
12777;12769;03/03/2020;245000
12778;12770;03/03/2020;167000
12779;12771;03/03/2020;72137
12780;12772;03/03/2020;80000
12781;12773;03/03/2020;10000
12782;12774;03/03/2020;123000
12783;12775;03/03/2020;354000
12784;12776;03/03/2020;259300
12785;12777;03/03/2020;142650
12786;12778;03/03/2020;53000
12787;12779;03/03/2020;87000
12788;12780;03/03/2020;256500
12789;12781;03/03/2020;38000
12790;12782;03/03/2020;180000
12791;12783;03/03/2020;66000
12792;12784;03/03/2020;177000
12793;12785;03/03/2020;105975
12794;12786;03/03/2020;15000
12795;12787;03/03/2020;130000
12796;12788;03/03/2020;135000
12797;12789;03/03/2020;113000
12798;12790;03/03/2020;60000
12799;12791;03/03/2020;57000
12800;12792;03/03/2020;142500
12801;12793;03/03/2020;91000
12802;12794;03/03/2020;156800
12803;12795;03/03/2020;196000
12804;12796;03/03/2020;122500
12805;12797;03/03/2020;78270
12806;12798;03/03/2020;205000
12807;12799;03/03/2020;280000
12808;12800;03/03/2020;44650
12809;12801;03/03/2020;36149
12810;12802;03/03/2020;46000
12811;12803;03/03/2020;360000
12812;12804;03/03/2020;175490
12813;12805;03/03/2020;87200
12814;12806;03/03/2020;180000
12815;12807;03/03/2020;918269
12816;12808;03/03/2020;956150
12817;12809;03/03/2020;266500
12818;12810;03/03/2020;136000
12819;12811;03/03/2020;1298346
12820;12812;03/03/2020;457000
12821;12813;03/03/2020;402430
12822;12814;03/03/2020;60000
12823;12815;03/03/2020;170000
12824;12816;03/03/2020;1400000
12825;12817;03/03/2020;202000
12826;12818;03/03/2020;624000
12827;12819;03/03/2020;393820
12828;12820;03/03/2020;392000
12829;12821;03/03/2020;541200
12830;12822;03/03/2020;145000
12831;12823;03/03/2020;286000
12832;12824;03/03/2020;147500
12833;12825;03/03/2020;282000
12834;12826;03/03/2020;902500
12835;12827;03/03/2020;48000
12836;12828;03/03/2020;196000
12837;12829;03/03/2020;1124000
12838;12830;03/03/2020;736000
12839;12831;03/03/2020;535000
12840;12832;03/03/2020;475727
12841;12833;03/03/2020;694110
12842;12834;03/03/2020;1494200
12843;12835;03/03/2020;921630
12844;12836;03/03/2020;2294000
12845;12837;03/03/2020;1090000
12846;12838;03/03/2020;1162000
12847;12839;03/03/2020;637000
12848;12840;03/03/2020;289500
12849;12841;03/03/2020;367000
12850;12842;03/03/2020;29000
12851;12843;03/03/2020;244900
12852;12844;03/03/2020;97000
12853;12845;03/03/2020;156000
12854;12846;03/03/2020;115000
12855;12847;03/03/2020;415000
12856;12848;03/03/2020;100000
12857;12849;03/03/2020;150000
12858;12850;03/03/2020;148000
12859;12851;03/03/2020;164500
12860;12852;03/03/2020;282000
12861;12853;03/03/2020;212000
12862;12854;03/03/2020;159200
12863;12855;03/03/2020;99400
12864;12856;03/03/2020;213500
12865;12857;03/03/2020;77500
12866;12858;03/03/2020;240000
12867;12859;03/03/2020;300000
12868;12860;03/03/2020;870000
12869;12861;03/03/2020;574600
12870;12862;03/03/2020;630000
12871;12863;03/03/2020;368000
12872;12864;03/03/2020;219000
12873;12865;03/03/2020;87750
12874;12866;03/03/2020;229000
12875;12867;03/03/2020;205000
12876;12868;03/03/2020;217000
12877;12869;03/03/2020;253000
12878;12870;03/03/2020;236000
12879;12871;03/03/2020;301000
12880;12872;03/03/2020;73500
12881;12873;03/03/2020;36560
12882;12874;03/03/2020;67780
12883;12875;03/03/2020;42000
12884;12876;03/03/2020;100000
12885;12877;03/03/2020;185000
12886;12878;03/03/2020;243000
12887;12879;03/03/2020;64000
12888;12880;03/03/2020;113000
12889;12881;03/03/2020;56500
12890;12882;03/03/2020;430000
12891;12883;03/03/2020;345000
12892;12884;03/03/2020;215000
12893;12885;03/03/2020;65000
12894;12886;03/03/2020;210700
12895;12887;03/03/2020;114000
12896;12888;03/03/2020;110000
12897;12889;03/03/2020;179000
12898;12890;03/03/2020;344000
12899;12891;03/03/2020;222805
12900;12892;03/03/2020;570000
12901;12893;03/03/2020;291000
12902;12894;03/03/2020;271150
12903;12895;03/03/2020;262500
12904;12896;03/03/2020;805000
12905;12897;03/03/2020;740650
12906;12898;03/03/2020;347500
12907;12899;03/03/2020;358000
12908;12900;03/03/2020;1306500
12909;12901;03/03/2020;342000
12910;12902;03/03/2020;503100
12911;12903;03/03/2020;266000
12912;12904;03/03/2020;255000
12913;12905;03/03/2020;596000
12914;12906;03/03/2020;483000
12915;12907;03/03/2020;56000
12916;12908;03/03/2020;87500
12917;12909;03/03/2020;120000
12918;12910;03/03/2020;156010
12919;12911;03/03/2020;229000
12920;12912;03/03/2020;532200
12921;12913;03/03/2020;140000
12922;12914;03/03/2020;120000
12923;12915;03/03/2020;132000
12924;12916;03/03/2020;184000
12925;12917;03/03/2020;202660
12926;12918;03/03/2020;299000
12927;12919;03/03/2020;400000
12928;12920;03/03/2020;585000
12929;12921;03/03/2020;166000
12930;12922;03/03/2020;169000
12931;12923;03/03/2020;220000
12932;12924;03/03/2020;161950
12933;12925;03/03/2020;193000
12934;12926;03/03/2020;118000
12935;12927;03/03/2020;157000
12936;12928;03/03/2020;236000
12937;12929;03/03/2020;70000
12938;12930;03/03/2020;237000
12939;12931;03/03/2020;215000
12940;12932;04/03/2020;232550
12941;12933;04/03/2020;90000
12942;12934;04/03/2020;30250
12943;12935;04/03/2020;160000
12944;12936;04/03/2020;413000
12945;12937;04/03/2020;98000
12946;12938;04/03/2020;285000
12947;12939;04/03/2020;70000
12948;12940;04/03/2020;484900
12949;12941;04/03/2020;486200
12950;12942;04/03/2020;357100
12951;12943;04/03/2020;72700
12952;12944;04/03/2020;306850
12953;12945;04/03/2020;305500
12954;12946;04/03/2020;234000
12955;12947;04/03/2020;162000
12956;12948;04/03/2020;175000
12957;12949;04/03/2020;83000
12958;12950;04/03/2020;152000
12959;12951;04/03/2020;295000
12960;12952;04/03/2020;93000
12961;12953;04/03/2020;120400
12962;12954;04/03/2020;390000
12963;12955;04/03/2020;90000
12964;12956;04/03/2020;64000
12965;12957;04/03/2020;564400
12966;12958;04/03/2020;174000
12967;12959;04/03/2020;47000
12968;12960;04/03/2020;97050
12969;12961;04/03/2020;255000
12970;12962;04/03/2020;132900
12971;12963;04/03/2020;160000
12972;12964;04/03/2020;101000
12973;12965;04/03/2020;144000
12974;12966;04/03/2020;407000
12975;12967;04/03/2020;615500
12976;12968;04/03/2020;215000
12977;12969;04/03/2020;69900
12978;12970;04/03/2020;43700
12979;12971;04/03/2020;152000
12980;12972;04/03/2020;90500
12981;12973;04/03/2020;80685
12982;12974;04/03/2020;56500
12983;12975;04/03/2020;375431
12984;12976;04/03/2020;54000
12985;12977;04/03/2020;74000
12986;12978;04/03/2020;69500
12987;12979;04/03/2020;386000
12988;12980;04/03/2020;361900
12989;12981;04/03/2020;173000
12990;12982;04/03/2020;63700
12991;12983;04/03/2020;55000
12992;12984;04/03/2020;156560
12993;12985;04/03/2020;83000
12994;12986;04/03/2020;194000
12995;12987;04/03/2020;245000
12996;12988;04/03/2020;250024
12997;12989;04/03/2020;91650
12998;12990;04/03/2020;140000
12999;12991;04/03/2020;61000
13000;12992;04/03/2020;173500
13001;12993;04/03/2020;126700
13002;12994;04/03/2020;72400
13003;12995;04/03/2020;65200
13004;12996;04/03/2020;120000
13005;12997;04/03/2020;127800
13006;12998;04/03/2020;170000
13007;12999;04/03/2020;40000
13008;13000;04/03/2020;152000
13009;13001;04/03/2020;236000
13010;13002;04/03/2020;127000
13011;13003;04/03/2020;174000
13012;13004;04/03/2020;99000
13013;13005;04/03/2020;144600
13014;13006;04/03/2020;117040
13015;13007;04/03/2020;114000
13016;13008;04/03/2020;39310
13017;13009;04/03/2020;187700
13018;13010;04/03/2020;226470
13019;13011;04/03/2020;181130
13020;13012;04/03/2020;214700
13021;13013;04/03/2020;113000
13022;13014;04/03/2020;285000
13023;13015;04/03/2020;159900
13024;13016;04/03/2020;67000
13025;13017;04/03/2020;284600
13026;13018;04/03/2020;543000
13027;13019;04/03/2020;700000
13028;13020;04/03/2020;628000
13029;13021;04/03/2020;2495440
13030;13022;04/03/2020;840000
13031;13023;04/03/2020;1131200
13032;13024;04/03/2020;495000
13033;13025;04/03/2020;511000
13034;13026;04/03/2020;258000
13035;13027;04/03/2020;201660
13036;13028;04/03/2020;729820
13037;13029;04/03/2020;490000
13038;13030;04/03/2020;523000
13039;13031;04/03/2020;910000
13040;13032;04/03/2020;506810
13041;13033;04/03/2020;261950
13042;13034;04/03/2020;874000
13043;13035;04/03/2020;781000
13044;13036;04/03/2020;296000
13045;13037;04/03/2020;443120
13046;13038;04/03/2020;429000
13047;13039;04/03/2020;308440
13048;13040;04/03/2020;680000
13049;13041;04/03/2020;336000
13050;13042;04/03/2020;293000
13051;13043;04/03/2020;407767
13052;13044;04/03/2020;475100
13053;13045;04/03/2020;1560000
13054;13046;04/03/2020;318620
13055;13047;04/03/2020;598200
13056;13048;04/03/2020;590000
13057;13049;04/03/2020;355000
13058;13050;04/03/2020;143000
13059;13051;04/03/2020;55000
13060;13052;04/03/2020;115500
13061;13053;04/03/2020;163500
13062;13054;04/03/2020;100000
13063;13055;04/03/2020;205000
13064;13056;04/03/2020;260000
13065;13057;04/03/2020;95000
13066;13058;04/03/2020;86000
13067;13059;04/03/2020;90000
13068;13060;04/03/2020;114000
13069;13061;04/03/2020;189000
13070;13062;04/03/2020;600000
13071;13063;04/03/2020;88500
13072;13064;04/03/2020;267500
13073;13065;04/03/2020;190000
13074;13066;04/03/2020;215000
13075;13067;04/03/2020;195000
13076;13068;04/03/2020;240000
13077;13069;04/03/2020;208500
13078;13070;04/03/2020;201500
13079;13071;04/03/2020;326900
13080;13072;04/03/2020;813945
13081;13073;04/03/2020;53800
13082;13074;04/03/2020;77000
13083;13075;04/03/2020;125000
13084;13076;04/03/2020;170000
13085;13077;04/03/2020;235000
13086;13078;04/03/2020;226000
13087;13079;04/03/2020;54000
13088;13080;04/03/2020;71500
13089;13081;04/03/2020;180000
13090;13082;04/03/2020;97000
13091;13083;04/03/2020;106000
13092;13084;04/03/2020;167000
13093;13085;04/03/2020;162000
13094;13086;04/03/2020;156000
13095;13087;04/03/2020;116000
13096;13088;04/03/2020;379000
13097;13089;04/03/2020;248700
13098;13090;04/03/2020;256000
13099;13091;04/03/2020;135000
13100;13092;04/03/2020;340000
13101;13093;04/03/2020;179140
13102;13094;04/03/2020;262151
13103;13095;04/03/2020;284000
13104;13096;04/03/2020;176000
13105;13097;04/03/2020;1643820
13106;13098;04/03/2020;194000
13107;13099;04/03/2020;506200
13108;13100;04/03/2020;390000
13109;13101;04/03/2020;280000
13110;13102;04/03/2020;490000
13111;13103;04/03/2020;66000
13112;13104;04/03/2020;35000
13113;13105;04/03/2020;149900
13114;13106;04/03/2020;165470
13115;13107;04/03/2020;236000
13116;13108;04/03/2020;174200
13117;13109;04/03/2020;384000
13118;13110;04/03/2020;98000
13119;13111;04/03/2020;257000
13120;13112;04/03/2020;228000
13121;13113;04/03/2020;104000
13122;13114;04/03/2020;89000
13123;13115;04/03/2020;125000
13124;13116;04/03/2020;60000
13125;13117;04/03/2020;200000
13126;13118;04/03/2020;282000
13127;13119;04/03/2020;199570
13128;13120;04/03/2020;76700
13129;13121;04/03/2020;246400
13130;13122;04/03/2020;140000
13131;13123;04/03/2020;370000
13132;13124;04/03/2020;298000
13133;13125;04/03/2020;137500
13134;13126;04/03/2020;185000
13135;13127;04/03/2020;64000
13136;13128;04/03/2020;398000
13137;13129;04/03/2020;485000
13138;13130;04/03/2020;244722
13139;13131;04/03/2020;99270
13140;13132;04/03/2020;181200
13141;13133;04/03/2020;237000
13142;13134;04/03/2020;205000
13143;13135;04/03/2020;149611
13144;13136;04/03/2020;148000
13145;13137;04/03/2020;298000
13146;13138;04/03/2020;170000
13147;13139;04/03/2020;140000
13148;13140;04/03/2020;179300
13149;13141;04/03/2020;339600
13150;13142;04/03/2020;160400
13151;13143;04/03/2020;125000
13152;13144;04/03/2020;127000
13153;13145;05/03/2020;389500
13154;13146;05/03/2020;192000
13155;13147;05/03/2020;365000
13156;13148;05/03/2020;158000
13157;13149;05/03/2020;168000
13158;13150;05/03/2020;90000
13159;13151;05/03/2020;175000
13160;13152;05/03/2020;79900
13161;13153;05/03/2020;205370
13162;13154;05/03/2020;190700
13163;13155;05/03/2020;680000
13164;13156;05/03/2020;88000
13165;13157;05/03/2020;272790
13166;13158;05/03/2020;150000
13167;13159;05/03/2020;82800
13168;13160;05/03/2020;173518
13169;13161;05/03/2020;89000
13170;13162;05/03/2020;95000
13171;13163;05/03/2020;155000
13172;13164;05/03/2020;217000
13173;13165;05/03/2020;95000
13174;13166;05/03/2020;260000
13175;13167;05/03/2020;257700
13176;13168;05/03/2020;66000
13177;13169;05/03/2020;80200
13178;13170;05/03/2020;80000
13179;13171;05/03/2020;137000
13180;13172;05/03/2020;210000
13181;13173;05/03/2020;70000
13182;13174;05/03/2020;159000
13183;13175;05/03/2020;103000
13184;13176;05/03/2020;181660
13185;13177;05/03/2020;48000
13186;13178;05/03/2020;173000
13187;13179;05/03/2020;140000
13188;13180;05/03/2020;94000
13189;13181;05/03/2020;364000
13190;13182;05/03/2020;224000
13191;13183;05/03/2020;197150
13192;13184;05/03/2020;78000
13193;13185;05/03/2020;40000
13194;13186;05/03/2020;19000
13195;13187;05/03/2020;148000
13196;13188;05/03/2020;56000
13197;13189;05/03/2020;201070
13198;13190;05/03/2020;433970
13199;13191;05/03/2020;50738
13200;13192;05/03/2020;197900
13201;13193;05/03/2020;463100
13202;13194;05/03/2020;270000
13203;13195;05/03/2020;193500
13204;13196;05/03/2020;132200
13205;13197;05/03/2020;82000
13206;13198;05/03/2020;84000
13207;13199;05/03/2020;201000
13208;13200;05/03/2020;77000
13209;13201;05/03/2020;68150
13210;13202;05/03/2020;218500
13211;13203;05/03/2020;195000
13212;13204;05/03/2020;62500
13213;13205;05/03/2020;117900
13214;13206;05/03/2020;160500
13215;13207;05/03/2020;90000
13216;13208;05/03/2020;194000
13217;13209;05/03/2020;125550
13218;13210;05/03/2020;304428
13219;13211;05/03/2020;153000
13220;13212;05/03/2020;92600
13221;13213;05/03/2020;85215
13222;13214;05/03/2020;119000
13223;13215;05/03/2020;126000
13224;13216;05/03/2020;260000
13225;13217;05/03/2020;152510
13226;13218;05/03/2020;288000
13227;13219;05/03/2020;83000
13228;13220;05/03/2020;116400
13229;13221;05/03/2020;646962
13230;13222;05/03/2020;113000
13231;13223;05/03/2020;67720
13232;13224;05/03/2020;67000
13233;13225;05/03/2020;81400
13234;13226;05/03/2020;91700
13235;13227;05/03/2020;96340
13236;13228;05/03/2020;55000
13237;13229;05/03/2020;232800
13238;13230;05/03/2020;270550
13239;13231;05/03/2020;216200
13240;13232;05/03/2020;149000
13241;13233;05/03/2020;371300
13242;13234;05/03/2020;121167
13243;13235;05/03/2020;20000
13244;13236;05/03/2020;95000
13245;13237;05/03/2020;34200
13246;13238;05/03/2020;180000
13247;13239;05/03/2020;333350
13248;13240;05/03/2020;272000
13249;13241;05/03/2020;265200
13250;13242;05/03/2020;520000
13251;13243;05/03/2020;242500
13252;13244;05/03/2020;953472
13253;13245;05/03/2020;440000
13254;13246;05/03/2020;365000
13255;13247;05/03/2020;153000
13256;13248;05/03/2020;3040000
13257;13249;05/03/2020;409600
13258;13250;05/03/2020;270000
13259;13251;05/03/2020;294000
13260;13252;05/03/2020;216667
13261;13253;05/03/2020;73500
13262;13254;05/03/2020;245000
13263;13255;05/03/2020;127000
13264;13256;05/03/2020;860400
13265;13257;05/03/2020;310500
13266;13258;05/03/2020;180000
13267;13259;05/03/2020;639700
13268;13260;05/03/2020;310000
13269;13261;05/03/2020;1094339
13270;13262;05/03/2020;492502
13271;13263;05/03/2020;728868
13272;13264;05/03/2020;392100
13273;13265;05/03/2020;2409950
13274;13266;05/03/2020;1478000
13275;13267;05/03/2020;324500
13276;13268;05/03/2020;395000
13277;13269;05/03/2020;477700
13278;13270;05/03/2020;580200
13279;13271;05/03/2020;1420000
13280;13272;05/03/2020;525500
13281;13273;05/03/2020;367500
13282;13274;05/03/2020;117410
13283;13275;05/03/2020;377300
13284;13276;05/03/2020;225746
13285;13277;05/03/2020;117500
13286;13278;05/03/2020;99800
13287;13279;05/03/2020;326400
13288;13280;05/03/2020;1085000
13289;13281;05/03/2020;169072
13290;13282;05/03/2020;356400
13291;13283;05/03/2020;39000
13292;13284;05/03/2020;230000
13293;13285;05/03/2020;148000
13294;13286;05/03/2020;237000
13295;13287;05/03/2020;270400
13296;13288;05/03/2020;157000
13297;13289;05/03/2020;145000
13298;13290;05/03/2020;122000
13299;13291;05/03/2020;154750
13300;13292;05/03/2020;89900
13301;13293;05/03/2020;87500
13302;13294;05/03/2020;147800
13303;13295;05/03/2020;153000
13304;13296;05/03/2020;188000
13305;13297;05/03/2020;180575
13306;13298;05/03/2020;141178
13307;13299;05/03/2020;312320
13308;13300;05/03/2020;87000
13309;13301;05/03/2020;174788
13310;13302;05/03/2020;180000
13311;13303;05/03/2020;128500
13312;13304;05/03/2020;85000
13313;13305;05/03/2020;109000
13314;13306;05/03/2020;53500
13315;13307;05/03/2020;113000
13316;13308;05/03/2020;170682
13317;13309;05/03/2020;147000
13318;13310;05/03/2020;117000
13319;13311;05/03/2020;249000
13320;13312;05/03/2020;224000
13321;13313;05/03/2020;119000
13322;13314;05/03/2020;635000
13323;13315;05/03/2020;120000
13324;13316;05/03/2020;56500
13325;13317;05/03/2020;72000
13326;13318;05/03/2020;375000
13327;13319;05/03/2020;206800
13328;13320;05/03/2020;40000
13329;13321;05/03/2020;73500
13330;13322;05/03/2020;487500
13331;13323;05/03/2020;66000
13332;13324;05/03/2020;265000
13333;13325;05/03/2020;73000
13334;13326;05/03/2020;229900
13335;13327;05/03/2020;210000
13336;13328;05/03/2020;206050
13337;13329;05/03/2020;216000
13338;13330;05/03/2020;233000
13339;13331;05/03/2020;228000
13340;13332;05/03/2020;97100
13341;13333;05/03/2020;105000
13342;13334;05/03/2020;272547
13343;13335;05/03/2020;230000
13344;13336;05/03/2020;260000
13345;13337;05/03/2020;100000
13346;13338;05/03/2020;224000
13347;13339;05/03/2020;525000
13348;13340;05/03/2020;252000
13349;13341;05/03/2020;465350
13350;13342;05/03/2020;404500
13351;13343;05/03/2020;250000
13352;13344;05/03/2020;435000
13353;13345;05/03/2020;327000
13354;13346;05/03/2020;375070
13355;13347;05/03/2020;229000
13356;13348;05/03/2020;950200
13357;13349;05/03/2020;147004
13358;13350;05/03/2020;126950
13359;13351;05/03/2020;138300
13360;13352;05/03/2020;114000
13361;13353;05/03/2020;141800
13362;13354;05/03/2020;246000
13363;13355;05/03/2020;243200
13364;13356;05/03/2020;234000
13365;13357;05/03/2020;320000
13366;13358;05/03/2020;530000
13367;13359;05/03/2020;400000
13368;13360;05/03/2020;181000
13369;13361;05/03/2020;141000
13370;13362;05/03/2020;185000
13371;13363;05/03/2020;407000
13372;13364;05/03/2020;268000
13373;13365;05/03/2020;242000
13374;13366;05/03/2020;355000
13375;13367;05/03/2020;271660
13376;13368;05/03/2020;226000
13377;13369;05/03/2020;173770
13378;13370;05/03/2020;183000
13379;13371;05/03/2020;27000
13380;13372;05/03/2020;287320
13381;13373;05/03/2020;170000
13382;13374;05/03/2020;186000
13383;13375;05/03/2020;410000
13384;13376;05/03/2020;230000
13385;13377;05/03/2020;90000
13386;13378;05/03/2020;126500
13387;13379;05/03/2020;125000
13388;13380;06/03/2020;107000
13389;13381;06/03/2020;70200
13390;13382;06/03/2020;43000
13391;13383;06/03/2020;75000
13392;13384;06/03/2020;311930
13393;13385;06/03/2020;305000
13394;13386;06/03/2020;75500
13395;13387;06/03/2020;262000
13396;13388;06/03/2020;400000
13397;13389;06/03/2020;324090
13398;13390;06/03/2020;120000
13399;13391;06/03/2020;166850
13400;13392;06/03/2020;616000
13401;13393;06/03/2020;685500
13402;13394;06/03/2020;187000
13403;13395;06/03/2020;332000
13404;13396;06/03/2020;131000
13405;13397;06/03/2020;158000
13406;13398;06/03/2020;195035
13407;13399;06/03/2020;283500
13408;13400;06/03/2020;230000
13409;13401;06/03/2020;262490
13410;13402;06/03/2020;186362
13411;13403;06/03/2020;120000
13412;13404;06/03/2020;44750
13413;13405;06/03/2020;65000
13414;13406;06/03/2020;61870
13415;13407;06/03/2020;88200
13416;13408;06/03/2020;97000
13417;13409;06/03/2020;88350
13418;13410;06/03/2020;162000
13419;13411;06/03/2020;130300
13420;13412;06/03/2020;330000
13421;13413;06/03/2020;95000
13422;13414;06/03/2020;77000
13423;13415;06/03/2020;62000
13424;13416;06/03/2020;108000
13425;13417;06/03/2020;145500
13426;13418;06/03/2020;42000
13427;13419;06/03/2020;170600
13428;13420;06/03/2020;60000
13429;13421;06/03/2020;90000
13430;13422;06/03/2020;99000
13431;13423;06/03/2020;45000
13432;13424;06/03/2020;135000
13433;13425;06/03/2020;140600
13434;13426;06/03/2020;250000
13435;13427;06/03/2020;139100
13436;13428;06/03/2020;180000
13437;13429;06/03/2020;158500
13438;13430;06/03/2020;289100
13439;13431;06/03/2020;411050
13440;13432;06/03/2020;190000
13441;13433;06/03/2020;142000
13442;13434;06/03/2020;96000
13443;13435;06/03/2020;274700
13444;13436;06/03/2020;63000
13445;13437;06/03/2020;79000
13446;13438;06/03/2020;244000
13447;13439;06/03/2020;89000
13448;13440;06/03/2020;1400000
13449;13441;06/03/2020;26000
13450;13442;06/03/2020;165000
13451;13443;06/03/2020;67310
13452;13444;06/03/2020;110000
13453;13445;06/03/2020;198500
13454;13446;06/03/2020;133000
13455;13447;06/03/2020;359000
13456;13448;06/03/2020;125000
13457;13449;06/03/2020;204750
13458;13450;06/03/2020;80000
13459;13451;06/03/2020;320000
13460;13452;06/03/2020;110000
13461;13453;06/03/2020;600000
13462;13454;06/03/2020;228800
13463;13455;06/03/2020;116100
13464;13456;06/03/2020;31000
13465;13457;06/03/2020;40500
13466;13458;06/03/2020;93150
13467;13459;06/03/2020;174150
13468;13460;06/03/2020;168000
13469;13461;06/03/2020;167050
13470;13462;06/03/2020;44444
13471;13463;06/03/2020;241700
13472;13464;06/03/2020;357800
13473;13465;06/03/2020;174900
13474;13466;06/03/2020;129320
13475;13467;06/03/2020;192065
13476;13468;06/03/2020;164700
13477;13469;06/03/2020;108800
13478;13470;06/03/2020;161250
13479;13471;06/03/2020;115180
13480;13472;06/03/2020;143850
13481;13473;06/03/2020;179800
13482;13474;06/03/2020;87500
13483;13475;06/03/2020;34000
13484;13476;06/03/2020;96000
13485;13477;06/03/2020;180000
13486;13478;06/03/2020;152000
13487;13479;06/03/2020;125000
13488;13480;06/03/2020;87990
13489;13481;06/03/2020;174000
13490;13482;06/03/2020;300000
13491;13483;06/03/2020;110990
13492;13484;06/03/2020;77000
13493;13485;06/03/2020;85000
13494;13486;06/03/2020;168500
13495;13487;06/03/2020;55000
13496;13488;06/03/2020;25500
13497;13489;06/03/2020;82500
13498;13490;06/03/2020;379000
13499;13491;06/03/2020;94500
13500;13492;06/03/2020;158642
13501;13492;28/04/2020;161012
13502;13493;06/03/2020;253500
13503;13494;06/03/2020;197070
13504;13495;06/03/2020;233000
13505;13496;06/03/2020;80000
13506;13497;06/03/2020;55688
13507;13498;06/03/2020;93500
13508;13499;06/03/2020;118000
13509;13500;06/03/2020;44000
13510;13501;06/03/2020;299500
13511;13502;06/03/2020;64000
13512;13503;06/03/2020;166000
13513;13504;06/03/2020;141915
13514;13505;06/03/2020;65268
13515;13506;06/03/2020;136000
13516;13507;06/03/2020;109150
13517;13508;06/03/2020;80500
13518;13509;06/03/2020;90700
13519;13510;06/03/2020;95000
13520;13511;06/03/2020;186004
13521;13512;06/03/2020;137800
13522;13513;06/03/2020;80000
13523;13514;06/03/2020;114500
13524;13515;06/03/2020;40000
13525;13516;06/03/2020;136000
13526;13517;06/03/2020;90000
13527;13518;06/03/2020;49000
13528;13519;06/03/2020;144000
13529;13520;06/03/2020;186000
13530;13521;06/03/2020;125000
13531;13522;06/03/2020;72000
13532;13523;06/03/2020;186000
13533;13524;06/03/2020;59000
13534;13525;06/03/2020;53000
13535;13526;06/03/2020;64000
13536;13527;06/03/2020;180000
13537;13528;06/03/2020;123800
13538;13529;06/03/2020;41500
13539;13530;06/03/2020;54000
13540;13531;06/03/2020;72000
13541;13532;06/03/2020;228000
13542;13533;06/03/2020;460000
13543;13534;06/03/2020;178000
13544;13535;06/03/2020;170000
13545;13536;06/03/2020;188000
13546;13537;06/03/2020;140140
13547;13538;06/03/2020;27000
13548;13539;06/03/2020;51990
13549;13540;06/03/2020;264400
13550;13541;06/03/2020;219845
13551;13542;06/03/2020;80000
13552;13543;06/03/2020;215000
13553;13544;06/03/2020;154020
13554;13545;06/03/2020;116000
13555;13546;06/03/2020;64000
13556;13547;06/03/2020;93500
13557;13548;06/03/2020;311000
13558;13549;06/03/2020;459000
13559;13550;06/03/2020;381350
13560;13551;06/03/2020;362000
13561;13552;06/03/2020;84000
13562;13553;06/03/2020;336000
13563;13554;06/03/2020;6000000
13564;13555;06/03/2020;1010000
13565;13556;06/03/2020;325000
13566;13557;06/03/2020;215000
13567;13558;06/03/2020;657000
13568;13559;06/03/2020;474406
13569;13560;06/03/2020;247000
13570;13561;06/03/2020;543225
13571;13562;06/03/2020;388000
13572;13563;06/03/2020;128000
13573;13564;06/03/2020;422000
13574;13565;06/03/2020;1335000
13575;13566;06/03/2020;708480
13576;13567;06/03/2020;284555
13577;13568;06/03/2020;341570
13578;13569;06/03/2020;359000
13579;13570;06/03/2020;549000
13580;13571;06/03/2020;436044
13581;13572;06/03/2020;275650
13582;13573;06/03/2020;710000
13583;13574;06/03/2020;258000
13584;13575;06/03/2020;672000
13585;13576;06/03/2020;327345
13586;13577;06/03/2020;750000
13587;13578;06/03/2020;838006
13588;13579;06/03/2020;622980
13589;13580;06/03/2020;293269
13590;13581;06/03/2020;321000
13591;13582;06/03/2020;492600
13592;13583;06/03/2020;671160
13593;13584;06/03/2020;759200
13594;13585;06/03/2020;1136200
13595;13586;06/03/2020;158000
13596;13587;06/03/2020;1035000
13597;13588;06/03/2020;393000
13598;13589;06/03/2020;137500
13599;13590;06/03/2020;559400
13600;13591;06/03/2020;3025000
13601;13592;06/03/2020;1438700
13602;13593;06/03/2020;388000
13603;13594;06/03/2020;574000
13604;13595;06/03/2020;415000
13605;13596;06/03/2020;161000
13606;13597;06/03/2020;358000
13607;13598;06/03/2020;808600
13608;13599;06/03/2020;251100
13609;13600;06/03/2020;945000
13610;13601;06/03/2020;546150
13611;13602;06/03/2020;245000
13612;13603;06/03/2020;310400
13613;13604;06/03/2020;70000
13614;13605;06/03/2020;229350
13615;13606;06/03/2020;106400
13616;13607;06/03/2020;250000
13617;13608;06/03/2020;298000
13618;13609;06/03/2020;208000
13619;13610;06/03/2020;225000
13620;13611;06/03/2020;249000
13621;13612;06/03/2020;98500
13622;13613;06/03/2020;148300
13623;13614;06/03/2020;299000
13624;13615;06/03/2020;126521
13625;13616;06/03/2020;84000
13626;13617;06/03/2020;177000
13627;13618;06/03/2020;165000
13628;13619;06/03/2020;176000
13629;13620;06/03/2020;100000
13630;13621;06/03/2020;233000
13631;13622;06/03/2020;306700
13632;13623;06/03/2020;122000
13633;13624;06/03/2020;97990
13634;13625;06/03/2020;371000
13635;13626;06/03/2020;159000
13636;13627;06/03/2020;460875
13637;13628;06/03/2020;261640
13638;13629;06/03/2020;190000
13639;13630;06/03/2020;940000
13640;13631;06/03/2020;177000
13641;13632;06/03/2020;238150
13642;13633;06/03/2020;95000
13643;13634;06/03/2020;164000
13644;13635;06/03/2020;236600
13645;13636;06/03/2020;320500
13646;13637;06/03/2020;208000
13647;13638;06/03/2020;591680
13648;13639;06/03/2020;196000
13649;13640;06/03/2020;350500
13650;13641;06/03/2020;285000
13651;13642;06/03/2020;116500
13652;13643;06/03/2020;271000
13653;13644;06/03/2020;161500
13654;13645;06/03/2020;70000
13655;13646;06/03/2020;52000
13656;13647;06/03/2020;199100
13657;13648;06/03/2020;156400
13658;13649;06/03/2020;180500
13659;13650;06/03/2020;294650
13660;13651;06/03/2020;128000
13661;13652;06/03/2020;39000
13662;13653;06/03/2020;633000
13663;13654;06/03/2020;440000
13664;13655;06/03/2020;770000
13665;13656;06/03/2020;194900
13666;13657;06/03/2020;23000
13667;13658;06/03/2020;185200
13668;13659;06/03/2020;146200
13669;13660;06/03/2020;74000
13670;13661;06/03/2020;163000
13671;13662;06/03/2020;180000
13672;13663;06/03/2020;83000
13673;13664;06/03/2020;178000
13674;13665;06/03/2020;61000
13675;13666;06/03/2020;109000
13676;13667;06/03/2020;61000
13677;13668;06/03/2020;57000
13678;13669;06/03/2020;119000
13679;13670;06/03/2020;292000
13680;13671;06/03/2020;195000
13681;13672;06/03/2020;265000
13682;13673;06/03/2020;162000
13683;13674;06/03/2020;109000
13684;13675;06/03/2020;186000
13685;13676;06/03/2020;81500
13686;13677;06/03/2020;190000
13687;13678;06/03/2020;91430
13688;13679;06/03/2020;157000
13689;13680;06/03/2020;177000
13690;13681;06/03/2020;89000
13691;13682;06/03/2020;102500
13692;13683;06/03/2020;175000
13693;13684;06/03/2020;133500
13694;13685;06/03/2020;80000
13695;13686;06/03/2020;104850
13696;13687;06/03/2020;128000
13697;13688;06/03/2020;370000
13698;13689;06/03/2020;351000
13699;13690;06/03/2020;307000
13700;13691;06/03/2020;126000
13701;13692;06/03/2020;148500
13702;13693;06/03/2020;233000
13703;13694;06/03/2020;353200
13704;13695;06/03/2020;142000
13705;13696;06/03/2020;283000
13706;13697;06/03/2020;211742
13707;13698;06/03/2020;200270
13708;13699;06/03/2020;232000
13709;13700;06/03/2020;178000
13710;13701;06/03/2020;100800
13711;13702;06/03/2020;1250000
13712;13703;06/03/2020;603000
13713;13704;06/03/2020;498000
13714;13705;06/03/2020;293000
13715;13706;06/03/2020;800000
13716;13707;06/03/2020;340000
13717;13708;06/03/2020;490000
13718;13709;06/03/2020;292000
13719;13710;06/03/2020;310000
13720;13711;06/03/2020;246100
13721;13712;06/03/2020;270000
13722;13713;06/03/2020;219750
13723;13714;06/03/2020;438000
13724;13715;06/03/2020;71000
13725;13716;06/03/2020;166000
13726;13717;06/03/2020;224000
13727;13718;06/03/2020;128000
13728;13719;06/03/2020;237500
13729;13720;06/03/2020;347700
13730;13721;06/03/2020;750000
13731;13722;06/03/2020;245220
13732;13723;06/03/2020;117000
13733;13724;06/03/2020;265000
13734;13725;06/03/2020;85083
13735;13726;06/03/2020;323587
13736;13727;06/03/2020;354000
13737;13728;06/03/2020;212000
13738;13729;06/03/2020;220000
13739;13730;06/03/2020;145500
13740;13731;06/03/2020;222270
13741;13732;06/03/2020;163000
13742;13733;06/03/2020;310000
13743;13734;06/03/2020;462000
13744;13735;06/03/2020;467000
13745;13736;06/03/2020;353700
13746;13737;06/03/2020;245000
13747;13738;06/03/2020;240000
13748;13739;06/03/2020;297350
13749;13740;06/03/2020;316000
13750;13741;06/03/2020;484650
13751;13742;06/03/2020;136000
13752;13743;06/03/2020;123000
13753;13744;06/03/2020;269000
13754;13745;06/03/2020;170000
13755;13746;06/03/2020;189000
13756;13747;06/03/2020;218000
13757;13748;06/03/2020;330000
13758;13749;06/03/2020;233000
13759;13750;06/03/2020;244350
13760;13751;06/03/2020;125000
13761;13752;06/03/2020;201000
13762;13753;06/03/2020;152000
13763;13754;06/03/2020;500000
13764;13755;06/03/2020;70000
13765;13756;06/03/2020;183500
13766;13757;06/03/2020;141500
13767;13758;06/03/2020;183000
13768;13759;06/03/2020;198000
13769;13760;06/03/2020;333000
13770;13761;06/03/2020;170000
13771;13762;06/03/2020;179500
13772;13763;06/03/2020;275000
13773;13764;06/03/2020;148590
13774;13765;06/03/2020;163500
13775;13766;06/03/2020;144000
13776;13767;06/03/2020;146226
13777;13768;06/03/2020;60000
13778;13769;06/03/2020;128000
13779;13770;06/03/2020;126000
13780;13771;06/03/2020;89000
13781;13772;06/03/2020;241600
13782;13773;06/03/2020;210500
13783;13774;06/03/2020;236000
13784;13775;06/03/2020;107000
13785;13776;06/03/2020;116595
13786;13777;06/03/2020;79000
13787;13778;06/03/2020;93000
13788;13779;06/03/2020;227000
13789;13780;06/03/2020;142000
13790;13781;07/03/2020;45000
13791;13782;07/03/2020;150980
13792;13783;07/03/2020;104000
13793;13784;07/03/2020;81050
13794;13785;07/03/2020;39000
13795;13786;07/03/2020;166900
13796;13787;07/03/2020;88000
13797;13788;07/03/2020;32000
13798;13789;07/03/2020;49000
13799;13790;07/03/2020;24000
13800;13791;07/03/2020;51500
13801;13792;07/03/2020;143500
13802;13793;07/03/2020;106700
13803;13794;07/03/2020;143500
13804;13795;07/03/2020;80190
13805;13796;07/03/2020;87000
13806;13797;07/03/2020;50500
13807;13798;07/03/2020;311480
13808;13799;07/03/2020;110650
13809;13800;07/03/2020;63000
13810;13801;07/03/2020;88000
13811;13802;07/03/2020;130000
13812;13803;07/03/2020;106300
13813;13804;07/03/2020;392800
13814;13805;07/03/2020;129000
13815;13806;07/03/2020;133000
13816;13807;07/03/2020;95000
13817;13808;07/03/2020;170000
13818;13809;07/03/2020;147000
13819;13810;07/03/2020;250000
13820;13811;07/03/2020;112000
13821;13812;09/03/2020;282000
13822;13813;09/03/2020;101000
13823;13814;09/03/2020;93090
13824;13815;09/03/2020;189840
13825;13816;09/03/2020;320000
13826;13817;09/03/2020;490000
13827;13818;09/03/2020;167000
13828;13819;09/03/2020;107000
13829;13820;09/03/2020;75000
13830;13821;09/03/2020;333000
13831;13822;09/03/2020;692000
13832;13823;09/03/2020;65000
13833;13824;09/03/2020;130000
13834;13825;09/03/2020;430000
13835;13826;09/03/2020;253000
13836;13827;09/03/2020;60000
13837;13828;09/03/2020;25000
13838;13829;09/03/2020;130250
13839;13830;09/03/2020;118950
13840;13831;09/03/2020;99000
13841;13832;09/03/2020;93000
13842;13833;09/03/2020;60000
13843;13834;09/03/2020;104147
13844;13835;09/03/2020;164000
13845;13836;09/03/2020;99000
13846;13837;09/03/2020;174000
13847;13838;09/03/2020;405100
13848;13839;09/03/2020;72000
13849;13840;09/03/2020;68500
13850;13841;09/03/2020;115000
13851;13842;09/03/2020;82422
13852;13843;09/03/2020;110000
13853;13844;09/03/2020;47500
13854;13845;09/03/2020;585000
13855;13846;09/03/2020;384000
13856;13847;09/03/2020;397950
13857;13848;09/03/2020;225300
13858;13849;09/03/2020;142000
13859;13850;09/03/2020;136750
13860;13851;09/03/2020;68000
13861;13852;09/03/2020;60000
13862;13853;09/03/2020;155000
13863;13854;09/03/2020;75000
13864;13855;09/03/2020;132000
13865;13856;09/03/2020;33500
13866;13857;09/03/2020;65000
13867;13858;09/03/2020;77000
13868;13859;09/03/2020;175000
13869;13860;09/03/2020;192440
13870;13861;09/03/2020;455000
13871;13862;09/03/2020;155500
13872;13863;09/03/2020;116080
13873;13864;09/03/2020;83500
13874;13865;09/03/2020;90000
13875;13866;09/03/2020;259400
13876;13867;09/03/2020;77000
13877;13868;09/03/2020;246500
13878;13869;09/03/2020;500240
13879;13870;09/03/2020;217900
13880;13871;09/03/2020;71000
13881;13872;09/03/2020;245700
13882;13873;09/03/2020;120692
13883;13874;09/03/2020;122000
13884;13875;09/03/2020;413350
13885;13876;09/03/2020;55170
13886;13877;09/03/2020;61960
13887;13878;09/03/2020;166000
13888;13879;09/03/2020;150000
13889;13880;09/03/2020;175000
13890;13881;09/03/2020;80450
13891;13882;09/03/2020;80000
13892;13883;09/03/2020;190000
13893;13884;09/03/2020;101700
13894;13885;09/03/2020;111550
13895;13886;09/03/2020;263500
13896;13887;09/03/2020;133000
13897;13888;09/03/2020;309000
13898;13889;09/03/2020;40000
13899;13890;09/03/2020;85000
13900;13891;09/03/2020;60200
13901;13892;09/03/2020;219000
13902;13893;09/03/2020;80000
13903;13894;09/03/2020;55500
13904;13895;09/03/2020;50000
13905;13896;09/03/2020;88000
13906;13897;09/03/2020;240000
13907;13898;09/03/2020;278873
13908;13899;09/03/2020;98763
13909;13900;09/03/2020;38500
13910;13901;09/03/2020;21500
13911;13902;09/03/2020;183700
13912;13903;09/03/2020;140000
13913;13904;09/03/2020;77300
13914;13905;09/03/2020;44000
13915;13906;09/03/2020;48000
13916;13907;09/03/2020;104500
13917;13908;09/03/2020;234000
13918;13909;09/03/2020;122000
13919;13910;09/03/2020;78000
13920;13911;09/03/2020;242000
13921;13912;09/03/2020;76000
13922;13913;09/03/2020;336217
13923;13914;09/03/2020;111000
13924;13915;09/03/2020;240000
13925;13916;09/03/2020;63220
13926;13917;09/03/2020;112500
13927;13918;09/03/2020;80000
13928;13919;09/03/2020;169000
13929;13920;09/03/2020;213000
13930;13921;09/03/2020;118500
13931;13922;09/03/2020;120176
13932;13923;09/03/2020;201000
13933;13924;09/03/2020;124000
13934;13925;09/03/2020;188785
13935;13926;09/03/2020;56500
13936;13927;09/03/2020;64000
13937;13928;09/03/2020;196031
13938;13929;09/03/2020;325000
13939;13930;09/03/2020;355000
13940;13931;09/03/2020;230000
13941;13932;09/03/2020;310000
13942;13933;09/03/2020;178000
13943;13934;09/03/2020;621300
13944;13935;09/03/2020;550000
13945;13936;09/03/2020;290800
13946;13937;09/03/2020;498000
13947;13938;09/03/2020;64000
13948;13939;09/03/2020;555000
13949;13940;09/03/2020;596000
13950;13941;09/03/2020;521700
13951;13942;09/03/2020;1480000
13952;13943;09/03/2020;1230000
13953;13944;09/03/2020;570000
13954;13945;09/03/2020;470250
13955;13946;09/03/2020;650000
13956;13947;09/03/2020;2899988
13957;13948;09/03/2020;1700000
13958;13949;09/03/2020;675000
13959;13950;09/03/2020;258320
13960;13951;09/03/2020;629000
13961;13952;09/03/2020;244400
13962;13953;09/03/2020;785300
13963;13954;09/03/2020;1350000
13964;13955;09/03/2020;755000
13965;13956;09/03/2020;406350
13966;13957;09/03/2020;215000
13967;13958;09/03/2020;168000
13968;13959;09/03/2020;286000
13969;13960;09/03/2020;238730
13970;13961;09/03/2020;167000
13971;13962;09/03/2020;662700
13972;13963;09/03/2020;284200
13973;13964;09/03/2020;598000
13974;13965;09/03/2020;800350
13975;13966;09/03/2020;976250
13976;13967;09/03/2020;296600
13977;13968;09/03/2020;202250
13978;13969;09/03/2020;503000
13979;13970;09/03/2020;264200
13980;13971;09/03/2020;469000
13981;13972;09/03/2020;109695
13982;13973;09/03/2020;259500
13983;13974;09/03/2020;492000
13984;13975;09/03/2020;415000
13985;13976;09/03/2020;520000
13986;13977;09/03/2020;194000
13987;13978;09/03/2020;94700
13988;13979;09/03/2020;212500
13989;13980;09/03/2020;30000
13990;13981;09/03/2020;168000
13991;13982;09/03/2020;109000
13992;13983;09/03/2020;229090
13993;13984;09/03/2020;394000
13994;13985;09/03/2020;74600
13995;13986;09/03/2020;190000
13996;13987;09/03/2020;289000
13997;13988;09/03/2020;329150
13998;13989;09/03/2020;132200
13999;13990;09/03/2020;129000
14000;13991;09/03/2020;173500
14001;13992;09/03/2020;170950
14002;13993;09/03/2020;322800
14003;13994;09/03/2020;845400
14004;13995;09/03/2020;178500
14005;13996;09/03/2020;264144
14006;13997;09/03/2020;122500
14007;13998;09/03/2020;128000
14008;13999;09/03/2020;154000
14009;14000;09/03/2020;350800
14010;14001;09/03/2020;285000
14011;14002;09/03/2020;179000
14012;14003;09/03/2020;126000
14013;14004;09/03/2020;38000
14014;14005;09/03/2020;185000
14015;14006;09/03/2020;92000
14016;14007;09/03/2020;169000
14017;14008;09/03/2020;129500
14018;14009;09/03/2020;156000
14019;14010;09/03/2020;286985
14020;14011;09/03/2020;92000
14021;14012;09/03/2020;515000
14022;14013;09/03/2020;63500
14023;14014;09/03/2020;143790
14024;14015;09/03/2020;158000
14025;14016;09/03/2020;171920
14026;14017;09/03/2020;198340
14027;14018;09/03/2020;89000
14028;14019;09/03/2020;280000
14029;14020;09/03/2020;57500
14030;14021;09/03/2020;61500
14031;14022;09/03/2020;112000
14032;14023;09/03/2020;211500
14033;14024;09/03/2020;91000
14034;14025;09/03/2020;222000
14035;14026;09/03/2020;135000
14036;14027;09/03/2020;245100
14037;14028;09/03/2020;485000
14038;14029;09/03/2020;237000
14039;14030;09/03/2020;215000
14040;14031;09/03/2020;226737
14041;14032;09/03/2020;187000
14042;14033;09/03/2020;165000
14043;14034;09/03/2020;485900
14044;14035;09/03/2020;205000
14045;14036;09/03/2020;530000
14046;14037;09/03/2020;350500
14047;14038;09/03/2020;1067260
14048;14039;09/03/2020;693000
14049;14040;09/03/2020;243240
14050;14041;09/03/2020;1422200
14051;14042;09/03/2020;1170000
14052;14043;09/03/2020;311650
14053;14044;09/03/2020;600845
14054;14045;09/03/2020;288800
14055;14046;09/03/2020;189100
14056;14047;09/03/2020;304762
14057;14048;09/03/2020;119000
14058;14049;09/03/2020;220000
14059;14050;09/03/2020;146000
14060;14051;09/03/2020;256270
14061;14052;09/03/2020;171000
14062;14053;09/03/2020;157000
14063;14054;09/03/2020;171000
14064;14055;09/03/2020;206000
14065;14056;09/03/2020;25000
14066;14057;09/03/2020;215000
14067;14058;09/03/2020;339000
14068;14059;09/03/2020;636980
14069;14060;09/03/2020;108413
14070;14061;09/03/2020;157926
14071;14062;09/03/2020;206000
14072;14063;09/03/2020;405500
14073;14064;09/03/2020;225000
14074;14065;09/03/2020;346650
14075;14066;09/03/2020;189000
14076;14067;09/03/2020;340000
14077;14068;09/03/2020;274000
14078;14069;09/03/2020;410000
14079;14070;09/03/2020;730500
14080;14071;09/03/2020;167000
14081;14072;09/03/2020;216100
14082;14073;09/03/2020;144000
14083;14074;09/03/2020;324900
14084;14075;09/03/2020;140000
14085;14076;09/03/2020;170000
14086;14077;09/03/2020;247600
14087;14078;09/03/2020;165000
14088;14079;09/03/2020;248200
14089;14080;09/03/2020;197200
14090;14081;09/03/2020;307000
14091;14082;09/03/2020;64900
14092;14083;10/03/2020;440000
14093;14084;10/03/2020;222450
14094;14085;10/03/2020;126000
14095;14086;10/03/2020;82500
14096;14087;10/03/2020;100789
14097;14088;10/03/2020;44000
14098;14089;10/03/2020;470000
14099;14090;10/03/2020;295000
14100;14091;10/03/2020;479000
14101;14092;10/03/2020;65500
14102;14093;10/03/2020;65000
14103;14094;10/03/2020;377600
14104;14095;10/03/2020;120200
14105;14096;10/03/2020;201000
14106;14097;10/03/2020;133000
14107;14098;10/03/2020;430000
14108;14099;10/03/2020;50000
14109;14100;10/03/2020;142000
14110;14101;10/03/2020;60000
14111;14102;10/03/2020;175511
14112;14103;10/03/2020;53500
14113;14104;10/03/2020;150620
14114;14105;10/03/2020;88740
14115;14106;10/03/2020;77000
14116;14107;10/03/2020;138000
14117;14108;10/03/2020;218000
14118;14109;10/03/2020;209000
14119;14110;10/03/2020;230000
14120;14111;10/03/2020;133080
14121;14112;10/03/2020;27000
14122;14113;10/03/2020;70000
14123;14114;10/03/2020;112000
14124;14115;10/03/2020;255000
14125;14116;10/03/2020;162500
14126;14117;10/03/2020;98190
14127;14118;10/03/2020;52000
14128;14119;10/03/2020;99000
14129;14120;10/03/2020;145000
14130;14121;10/03/2020;66000
14131;14122;10/03/2020;40000
14132;14123;10/03/2020;70000
14133;14124;10/03/2020;97000
14134;14125;10/03/2020;109000
14135;14126;10/03/2020;219500
14136;14127;10/03/2020;110000
14137;14128;10/03/2020;412650
14138;14129;10/03/2020;390600
14139;14130;10/03/2020;112000
14140;14131;10/03/2020;74000
14141;14132;10/03/2020;91500
14142;14133;10/03/2020;143000
14143;14134;10/03/2020;102200
14144;14135;10/03/2020;121000
14145;14136;10/03/2020;257795
14146;14137;10/03/2020;165000
14147;14138;10/03/2020;132500
14148;14139;10/03/2020;200000
14149;14140;10/03/2020;170050
14150;14141;10/03/2020;130000
14151;14142;10/03/2020;182500
14152;14143;10/03/2020;87600
14153;14144;10/03/2020;101000
14154;14145;10/03/2020;301000
14155;14146;10/03/2020;83999
14156;14147;10/03/2020;68000
14157;14148;10/03/2020;116704
14158;14149;10/03/2020;35000
14159;14150;10/03/2020;149000
14160;14151;10/03/2020;175750
14161;14152;10/03/2020;42000
14162;14153;10/03/2020;54200
14163;14154;10/03/2020;105000
14164;14155;10/03/2020;82800
14165;14156;10/03/2020;228000
14166;14157;10/03/2020;73500
14167;14158;10/03/2020;29000
14168;14159;10/03/2020;83800
14169;14160;10/03/2020;37140
14170;14161;10/03/2020;135000
14171;14162;10/03/2020;92998
14172;14163;10/03/2020;91000
14173;14164;10/03/2020;161694
14174;14165;10/03/2020;89000
14175;14166;10/03/2020;244700
14176;14167;10/03/2020;42000
14177;14168;10/03/2020;203000
14178;14169;10/03/2020;137000
14179;14170;10/03/2020;76460
14180;14171;10/03/2020;370000
14181;14172;10/03/2020;50000
14182;14173;10/03/2020;118000
14183;14174;10/03/2020;117500
14184;14175;10/03/2020;82000
14185;14176;10/03/2020;92500
14186;14177;10/03/2020;235100
14187;14178;10/03/2020;136000
14188;14179;10/03/2020;119300
14189;14180;10/03/2020;79000
14190;14181;10/03/2020;154000
14191;14182;10/03/2020;210150
14192;14183;10/03/2020;112000
14193;14184;10/03/2020;65000
14194;14185;10/03/2020;130130
14195;14186;10/03/2020;61240
14196;14187;10/03/2020;46500
14197;14188;10/03/2020;53750
14198;14189;10/03/2020;115000
14199;14190;10/03/2020;374200
14200;14191;10/03/2020;580000
14201;14192;10/03/2020;462600
14202;14193;10/03/2020;82500
14203;14194;10/03/2020;106000
14204;14195;10/03/2020;495000
14205;14196;10/03/2020;1265000
14206;14197;10/03/2020;743000
14207;14198;10/03/2020;1325000
14208;14199;10/03/2020;442308
14209;14200;10/03/2020;1180000
14210;14201;10/03/2020;626000
14211;14202;10/03/2020;94750
14212;14203;10/03/2020;348000
14213;14204;10/03/2020;810000
14214;14205;10/03/2020;224000
14215;14206;10/03/2020;840000
14216;14207;10/03/2020;435970
14217;14208;10/03/2020;120000
14218;14209;10/03/2020;1274000
14219;14210;10/03/2020;361000
14220;14211;10/03/2020;528000
14221;14212;10/03/2020;18000
14222;14213;10/03/2020;413293
14223;14214;10/03/2020;150200
14224;14215;10/03/2020;107100
14225;14216;10/03/2020;452380
14226;14217;10/03/2020;539700
14227;14218;10/03/2020;399993
14228;14219;10/03/2020;260000
14229;14220;10/03/2020;618000
14230;14221;10/03/2020;453500
14231;14222;10/03/2020;855010
14232;14223;10/03/2020;213500
14233;14224;10/03/2020;438000
14234;14225;10/03/2020;174500
14235;14226;10/03/2020;25000
14236;14227;10/03/2020;199000
14237;14228;10/03/2020;297000
14238;14229;10/03/2020;390000
14239;14230;10/03/2020;79000
14240;14231;10/03/2020;275000
14241;14232;10/03/2020;125000
14242;14233;10/03/2020;407000
14243;14234;10/03/2020;188500
14244;14235;10/03/2020;284000
14245;14236;10/03/2020;185700
14246;14237;10/03/2020;458250
14247;14238;10/03/2020;285000
14248;14239;10/03/2020;2000000
14249;14240;10/03/2020;204000
14250;14241;10/03/2020;186620
14251;14242;10/03/2020;339500
14252;14243;10/03/2020;122000
14253;14244;10/03/2020;177655
14254;14245;10/03/2020;80000
14255;14246;10/03/2020;115000
14256;14247;10/03/2020;170000
14257;14248;10/03/2020;194000
14258;14249;10/03/2020;42000
14259;14250;10/03/2020;141130
14260;14251;10/03/2020;169300
14261;14252;10/03/2020;133000
14262;14253;10/03/2020;230000
14263;14254;10/03/2020;449000
14264;14255;10/03/2020;255000
14265;14256;10/03/2020;145000
14266;14257;10/03/2020;203180
14267;14258;10/03/2020;71000
14268;14259;10/03/2020;101400
14269;14260;10/03/2020;46300
14270;14261;10/03/2020;13000
14271;14262;10/03/2020;86000
14272;14263;10/03/2020;59500
14273;14264;10/03/2020;81500
14274;14265;10/03/2020;87500
14275;14266;10/03/2020;133000
14276;14267;10/03/2020;164500
14277;14268;10/03/2020;194000
14278;14269;10/03/2020;34000
14279;14270;10/03/2020;179000
14280;14271;10/03/2020;68500
14281;14272;10/03/2020;212500
14282;14273;10/03/2020;113000
14283;14274;10/03/2020;93000
14284;14275;10/03/2020;175000
14285;14276;10/03/2020;140000
14286;14277;10/03/2020;127800
14287;14278;10/03/2020;219850
14288;14279;10/03/2020;244000
14289;14280;10/03/2020;385000
14290;14281;10/03/2020;205000
14291;14282;10/03/2020;1870971
14292;14283;10/03/2020;227000
14293;14284;10/03/2020;458000
14294;14285;10/03/2020;2839300
14295;14286;10/03/2020;662000
14296;14287;10/03/2020;474000
14297;14288;10/03/2020;349309
14298;14289;10/03/2020;144000
14299;14290;10/03/2020;655000
14300;14291;10/03/2020;92000
14301;14292;10/03/2020;211000
14302;14293;10/03/2020;239000
14303;14294;10/03/2020;322000
14304;14295;10/03/2020;656500
14305;14296;10/03/2020;167000
14306;14297;10/03/2020;198000
14307;14298;10/03/2020;121300
14308;14299;10/03/2020;205930
14309;14300;10/03/2020;125000
14310;14301;10/03/2020;212000
14311;14302;10/03/2020;345550
14312;14303;10/03/2020;305000
14313;14304;10/03/2020;465000
14314;14305;10/03/2020;468000
14315;14306;10/03/2020;215000
14316;14307;10/03/2020;110000
14317;14308;10/03/2020;385000
14318;14309;10/03/2020;128100
14319;14310;10/03/2020;343000
14320;14311;10/03/2020;607500
14321;14312;10/03/2020;205500
14322;14313;10/03/2020;136759
14323;14314;10/03/2020;205950
14324;14315;10/03/2020;112000
14325;14316;10/03/2020;80000
14326;14317;11/03/2020;181970
14327;14318;11/03/2020;43000
14328;14319;11/03/2020;229100
14329;14320;11/03/2020;510000
14330;14321;11/03/2020;110500
14331;14322;11/03/2020;486000
14332;14323;11/03/2020;216000
14333;14324;11/03/2020;335000
14334;14325;11/03/2020;43000
14335;14326;11/03/2020;200000
14336;14327;11/03/2020;489000
14337;14328;11/03/2020;207000
14338;14329;11/03/2020;70000
14339;14330;11/03/2020;148500
14340;14331;11/03/2020;86950
14341;14332;11/03/2020;234450
14342;14333;11/03/2020;228400
14343;14334;11/03/2020;186000
14344;14335;11/03/2020;180000
14345;14336;11/03/2020;216500
14346;14337;11/03/2020;35500
14347;14338;11/03/2020;60000
14348;14339;11/03/2020;91500
14349;14340;11/03/2020;75000
14350;14341;11/03/2020;49000
14351;14342;11/03/2020;156000
14352;14343;11/03/2020;425000
14353;14344;11/03/2020;240000
14354;14345;11/03/2020;100800
14355;14346;11/03/2020;90000
14356;14347;11/03/2020;45000
14357;14348;11/03/2020;223000
14358;14349;11/03/2020;70000
14359;14350;11/03/2020;86500
14360;14351;11/03/2020;147200
14361;14352;11/03/2020;154000
14362;14353;11/03/2020;87500
14363;14354;11/03/2020;134500
14364;14355;11/03/2020;225000
14365;14356;11/03/2020;310200
14366;14357;11/03/2020;82500
14367;14358;11/03/2020;202000
14368;14359;11/03/2020;136400
14369;14360;11/03/2020;85000
14370;14361;11/03/2020;106800
14371;14362;11/03/2020;235400
14372;14363;11/03/2020;555000
14373;14364;11/03/2020;58000
14374;14365;11/03/2020;243000
14375;14366;11/03/2020;221800
14376;14367;11/03/2020;180000
14377;14368;11/03/2020;108881
14378;14369;11/03/2020;84000
14379;14370;11/03/2020;197800
14380;14371;11/03/2020;192780
14381;14372;11/03/2020;358200
14382;14373;11/03/2020;82000
14383;14374;11/03/2020;102240
14384;14375;11/03/2020;118360
14385;14376;11/03/2020;103000
14386;14377;11/03/2020;68870
14387;14378;11/03/2020;294000
14388;14379;11/03/2020;111350
14389;14380;11/03/2020;168900
14390;14381;11/03/2020;136500
14391;14382;11/03/2020;91260
14392;14383;11/03/2020;84900
14393;14384;11/03/2020;107000
14394;14385;11/03/2020;170900
14395;14386;11/03/2020;55980
14396;14387;11/03/2020;367800
14397;14388;11/03/2020;112000
14398;14389;11/03/2020;76000
14399;14390;11/03/2020;104500
14400;14391;11/03/2020;89500
14401;14392;11/03/2020;59000
14402;14393;11/03/2020;177500
14403;14394;11/03/2020;127500
14404;14395;11/03/2020;93363
14405;14396;11/03/2020;177000
14406;14397;11/03/2020;299000
14407;14398;11/03/2020;578000
14408;14399;11/03/2020;27010
14409;14400;11/03/2020;572300
14410;14401;11/03/2020;99400
14411;14402;11/03/2020;87000
14412;14403;11/03/2020;201500
14413;14404;11/03/2020;165000
14414;14405;11/03/2020;118710
14415;14406;11/03/2020;45000
14416;14407;11/03/2020;85850
14417;14408;11/03/2020;63000
14418;14409;11/03/2020;110000
14419;14410;11/03/2020;117700
14420;14411;11/03/2020;151020
14421;14412;11/03/2020;48000
14422;14413;11/03/2020;83000
14423;14414;11/03/2020;59000
14424;14415;11/03/2020;85430
14425;14416;11/03/2020;121700
14426;14417;11/03/2020;176490
14427;14418;11/03/2020;41000
14428;14419;11/03/2020;135100
14429;14420;11/03/2020;38000
14430;14421;11/03/2020;177000
14431;14422;11/03/2020;70000
14432;14423;11/03/2020;72000
14433;14424;11/03/2020;116000
14434;14425;11/03/2020;38000
14435;14426;11/03/2020;98000
14436;14427;11/03/2020;147000
14437;14428;11/03/2020;140000
14438;14429;11/03/2020;158000
14439;14430;11/03/2020;288000
14440;14431;11/03/2020;50000
14441;14432;11/03/2020;88000
14442;14433;11/03/2020;183300
14443;14434;11/03/2020;76100
14444;14435;11/03/2020;325000
14445;14436;11/03/2020;98000
14446;14437;11/03/2020;172300
14447;14438;11/03/2020;114000
14448;14439;11/03/2020;106000
14449;14440;11/03/2020;165000
14450;14441;11/03/2020;137000
14451;14442;11/03/2020;107000
14452;14443;11/03/2020;94000
14453;14444;11/03/2020;236000
14454;14445;11/03/2020;589350
14455;14446;11/03/2020;218000
14456;14447;11/03/2020;451000
14457;14448;11/03/2020;670000
14458;14449;11/03/2020;284000
14459;14450;11/03/2020;156250
14460;14451;11/03/2020;125000
14461;14452;11/03/2020;572000
14462;14453;11/03/2020;231000
14463;14454;11/03/2020;427500
14464;14455;11/03/2020;200000
14465;14456;11/03/2020;623000
14466;14457;11/03/2020;2800000
14467;14458;11/03/2020;212500
14468;14459;11/03/2020;1400000
14469;14460;11/03/2020;98000
14470;14461;11/03/2020;178600
14471;14462;11/03/2020;128040
14472;14463;11/03/2020;485000
14473;14464;11/03/2020;165000
14474;14465;11/03/2020;317333
14475;14466;11/03/2020;1070000
14476;14467;11/03/2020;960000
14477;14468;11/03/2020;507800
14478;14469;11/03/2020;3800000
14479;14470;11/03/2020;716000
14480;14471;11/03/2020;472400
14481;14472;11/03/2020;1298800
14482;14473;11/03/2020;606030
14483;14474;11/03/2020;623700
14484;14475;11/03/2020;1790000
14485;14476;11/03/2020;273335
14486;14477;11/03/2020;650050
14487;14478;11/03/2020;1247000
14488;14479;11/03/2020;157692
14489;14480;11/03/2020;124500
14490;14481;11/03/2020;191000
14491;14482;11/03/2020;205200
14492;14483;11/03/2020;232000
14493;14484;11/03/2020;575000
14494;14485;11/03/2020;189060
14495;14486;11/03/2020;398050
14496;14487;11/03/2020;124050
14497;14488;11/03/2020;170000
14498;14489;11/03/2020;95000
14499;14490;11/03/2020;93500
14500;14491;11/03/2020;85000
14501;14492;11/03/2020;100850
14502;14493;11/03/2020;182000
14503;14494;11/03/2020;105000
14504;14495;11/03/2020;117000
14505;14496;11/03/2020;99000
14506;14497;11/03/2020;71800
14507;14498;11/03/2020;235000
14508;14499;11/03/2020;209950
14509;14500;11/03/2020;153600
14510;14501;11/03/2020;244000
14511;14502;11/03/2020;99500
14512;14503;11/03/2020;139500
14513;14504;11/03/2020;233900
14514;14505;11/03/2020;122500
14515;14506;11/03/2020;156500
14516;14507;11/03/2020;165900
14517;14508;11/03/2020;150150
14518;14509;11/03/2020;185000
14519;14510;11/03/2020;214150
14520;14511;11/03/2020;141000
14521;14512;11/03/2020;121500
14522;14513;11/03/2020;68000
14523;14514;11/03/2020;115000
14524;14515;11/03/2020;335000
14525;14516;11/03/2020;96740
14526;14517;11/03/2020;73000
14527;14518;11/03/2020;90000
14528;14519;11/03/2020;153150
14529;14520;11/03/2020;368300
14530;14521;11/03/2020;105000
14531;14522;11/03/2020;100000
14532;14523;11/03/2020;343000
14533;14524;11/03/2020;137000
14534;14525;11/03/2020;225000
14535;14526;11/03/2020;105000
14536;14527;11/03/2020;122500
14537;14528;11/03/2020;166000
14538;14529;11/03/2020;139000
14539;14530;11/03/2020;178000
14540;14531;11/03/2020;131000
14541;14532;11/03/2020;79000
14542;14533;11/03/2020;149200
14543;14534;11/03/2020;152300
14544;14535;11/03/2020;136000
14545;14536;11/03/2020;278000
14546;14537;11/03/2020;284000
14547;14538;11/03/2020;310000
14548;14539;11/03/2020;630000
14549;14540;11/03/2020;278900
14550;14541;11/03/2020;248000
14551;14542;11/03/2020;406000
14552;14543;11/03/2020;595000
14553;14544;11/03/2020;235000
14554;14545;11/03/2020;149000
14555;14546;11/03/2020;159140
14556;14547;11/03/2020;115000
14557;14548;11/03/2020;400000
14558;14549;11/03/2020;192000
14559;14550;11/03/2020;401680
14560;14551;11/03/2020;155000
14561;14552;11/03/2020;89684
14562;14553;11/03/2020;106000
14563;14554;11/03/2020;235000
14564;14555;11/03/2020;166000
14565;14556;11/03/2020;200000
14566;14557;11/03/2020;142000
14567;14558;11/03/2020;215000
14568;14559;11/03/2020;310000
14569;14560;11/03/2020;218050
14570;14561;11/03/2020;192000
14571;14562;11/03/2020;239000
14572;14563;11/03/2020;10000
14573;14564;11/03/2020;211000
14574;14565;11/03/2020;255410
14575;14566;11/03/2020;229030
14576;14567;11/03/2020;800000
14577;14568;11/03/2020;418000
14578;14569;11/03/2020;256900
14579;14570;11/03/2020;376500
14580;14571;11/03/2020;257750
14581;14572;11/03/2020;355000
14582;14573;11/03/2020;147000
14583;14574;11/03/2020;307000
14584;14575;11/03/2020;195000
14585;14576;11/03/2020;138000
14586;14577;11/03/2020;120000
14587;14578;11/03/2020;163000
14588;14579;11/03/2020;85000
14589;14580;11/03/2020;225000
14590;14581;11/03/2020;118225
14591;14582;12/03/2020;266960
14592;14583;12/03/2020;93000
14593;14584;12/03/2020;157000
14594;14585;12/03/2020;273000
14595;14586;12/03/2020;459000
14596;14587;12/03/2020;185000
14597;14588;12/03/2020;100000
14598;14589;12/03/2020;162500
14599;14590;12/03/2020;78850
14600;14591;12/03/2020;77020
14601;14592;12/03/2020;268000
14602;14593;12/03/2020;65000
14603;14594;12/03/2020;125000
14604;14595;12/03/2020;312500
14605;14596;12/03/2020;39000
14606;14597;12/03/2020;36000
14607;14598;12/03/2020;86000
14608;14599;12/03/2020;139000
14609;14600;12/03/2020;170000
14610;14601;12/03/2020;142000
14611;14602;12/03/2020;80000
14612;14603;12/03/2020;126500
14613;14604;12/03/2020;45000
14614;14605;12/03/2020;280000
14615;14606;12/03/2020;55100
14616;14607;12/03/2020;67000
14617;14608;12/03/2020;625000
14618;14609;12/03/2020;35000
14619;14610;12/03/2020;85000
14620;14611;12/03/2020;160000
14621;14612;12/03/2020;190000
14622;14613;12/03/2020;97000
14623;14614;12/03/2020;138000
14624;14615;12/03/2020;142590
14625;14616;12/03/2020;80000
14626;14617;12/03/2020;38000
14627;14618;12/03/2020;27000
14628;14619;12/03/2020;124900
14629;14620;12/03/2020;70000
14630;14621;12/03/2020;100000
14631;14622;12/03/2020;72500
14632;14623;12/03/2020;118000
14633;14624;12/03/2020;140000
14634;14625;12/03/2020;40000
14635;14626;12/03/2020;39500
14636;14627;12/03/2020;81000
14637;14628;12/03/2020;64000
14638;14629;12/03/2020;180000
14639;14630;12/03/2020;94500
14640;14631;12/03/2020;95000
14641;14632;12/03/2020;54500
14642;14633;12/03/2020;29790
14643;14634;12/03/2020;60377
14644;14635;12/03/2020;166500
14645;14636;12/03/2020;164951
14646;14637;12/03/2020;349900
14647;14638;12/03/2020;188591
14648;14639;12/03/2020;66000
14649;14640;12/03/2020;86311
14650;14641;12/03/2020;135000
14651;14642;12/03/2020;25500
14652;14643;12/03/2020;143400
14653;14644;12/03/2020;105925
14654;14645;12/03/2020;277000
14655;14646;12/03/2020;87500
14656;14647;12/03/2020;91200
14657;14648;12/03/2020;98000
14658;14649;12/03/2020;195000
14659;14650;12/03/2020;126500
14660;14651;12/03/2020;90500
14661;14652;12/03/2020;210000
14662;14653;12/03/2020;87000
14663;14654;12/03/2020;62500
14664;14655;12/03/2020;109000
14665;14656;12/03/2020;265000
14666;14657;12/03/2020;231566
14667;14658;12/03/2020;141550
14668;14659;12/03/2020;116000
14669;14660;12/03/2020;73000
14670;14661;12/03/2020;73500
14671;14662;12/03/2020;15750
14672;14663;12/03/2020;81500
14673;14664;12/03/2020;109025
14674;14665;12/03/2020;235000
14675;14666;12/03/2020;121200
14676;14667;12/03/2020;135459
14677;14668;12/03/2020;117450
14678;14669;12/03/2020;60000
14679;14670;12/03/2020;153100
14680;14671;12/03/2020;48000
14681;14672;12/03/2020;112500
14682;14673;12/03/2020;118345
14683;14674;12/03/2020;166100
14684;14675;12/03/2020;213000
14685;14676;12/03/2020;93000
14686;14677;12/03/2020;111089
14687;14678;12/03/2020;92500
14688;14679;12/03/2020;35000
14689;14680;12/03/2020;90000
14690;14681;12/03/2020;104300
14691;14682;12/03/2020;117143
14692;14683;12/03/2020;166250
14693;14684;12/03/2020;160000
14694;14685;12/03/2020;140000
14695;14686;12/03/2020;120000
14696;14687;12/03/2020;88660
14697;14688;12/03/2020;111000
14698;14689;12/03/2020;153500
14699;14690;12/03/2020;58000
14700;14691;12/03/2020;115000
14701;14692;12/03/2020;68000
14702;14693;12/03/2020;126000
14703;14694;12/03/2020;139090
14704;14695;12/03/2020;218000
14705;14696;12/03/2020;615000
14706;14697;12/03/2020;76000
14707;14698;12/03/2020;56416
14708;14699;12/03/2020;67000
14709;14700;12/03/2020;109000
14710;14701;12/03/2020;96400
14711;14702;12/03/2020;96200
14712;14703;12/03/2020;84000
14713;14704;12/03/2020;220000
14714;14705;12/03/2020;215000
14715;14706;12/03/2020;415000
14716;14707;12/03/2020;138300
14717;14708;12/03/2020;191000
14718;14709;12/03/2020;68850
14719;14710;12/03/2020;92800
14720;14711;12/03/2020;330000
14721;14712;12/03/2020;185950
14722;14713;12/03/2020;90000
14723;14714;12/03/2020;665000
14724;14715;12/03/2020;870000
14725;14716;12/03/2020;820000
14726;14717;12/03/2020;330000
14727;14718;12/03/2020;545000
14728;14719;12/03/2020;570000
14729;14720;12/03/2020;1050000
14730;14721;12/03/2020;190000
14731;14722;12/03/2020;4000000
14732;14723;12/03/2020;3275000
14733;14724;12/03/2020;225000
14734;14725;12/03/2020;270000
14735;14726;12/03/2020;401800
14736;14727;12/03/2020;333000
14737;14728;12/03/2020;367260
14738;14729;12/03/2020;322000
14739;14730;12/03/2020;335000
14740;14731;12/03/2020;1107000
14741;14732;12/03/2020;1307760
14742;14733;12/03/2020;422000
14743;14734;12/03/2020;540000
14744;14735;12/03/2020;163000
14745;14736;12/03/2020;706000
14746;14737;12/03/2020;770000
14747;14738;12/03/2020;619000
14748;14739;12/03/2020;380000
14749;14740;12/03/2020;517500
14750;14741;12/03/2020;1840000
14751;14742;12/03/2020;390000
14752;14743;12/03/2020;201000
14753;14744;12/03/2020;367000
14754;14745;12/03/2020;612850
14755;14746;12/03/2020;384000
14756;14747;12/03/2020;429500
14757;14748;12/03/2020;242000
14758;14749;12/03/2020;233000
14759;14750;12/03/2020;595000
14760;14751;12/03/2020;614000
14761;14752;12/03/2020;524750
14762;14753;12/03/2020;2020000
14763;14754;12/03/2020;707250
14764;14755;12/03/2020;577150
14765;14756;12/03/2020;406000
14766;14757;12/03/2020;539000
14767;14758;12/03/2020;290000
14768;14759;12/03/2020;1850000
14769;14760;12/03/2020;224700
14770;14761;12/03/2020;117500
14771;14762;12/03/2020;209750
14772;14763;12/03/2020;296000
14773;14764;12/03/2020;345880
14774;14765;12/03/2020;140000
14775;14766;12/03/2020;248000
14776;14767;12/03/2020;155000
14777;14768;12/03/2020;180000
14778;14769;12/03/2020;235000
14779;14770;12/03/2020;50000
14780;14771;12/03/2020;126300
14781;14772;12/03/2020;100000
14782;14773;12/03/2020;70000
14783;14774;12/03/2020;172500
14784;14775;12/03/2020;505000
14785;14776;12/03/2020;147400
14786;14777;12/03/2020;317900
14787;14778;12/03/2020;174000
14788;14779;12/03/2020;157000
14789;14780;12/03/2020;94927
14790;14781;12/03/2020;78000
14791;14782;12/03/2020;235000
14792;14783;12/03/2020;310000
14793;14784;12/03/2020;162000
14794;14785;12/03/2020;67000
14795;14786;12/03/2020;198000
14796;14787;12/03/2020;116000
14797;14788;12/03/2020;125800
14798;14789;12/03/2020;89500
14799;14790;12/03/2020;113980
14800;14791;12/03/2020;96000
14801;14792;12/03/2020;132700
14802;14793;12/03/2020;293000
14803;14794;12/03/2020;100000
14804;14795;12/03/2020;187500
14805;14796;12/03/2020;47000
14806;14797;12/03/2020;90553
14807;14798;12/03/2020;92500
14808;14799;12/03/2020;121000
14809;14800;12/03/2020;57200
14810;14801;12/03/2020;70600
14811;14802;12/03/2020;99300
14812;14803;12/03/2020;109000
14813;14804;12/03/2020;158000
14814;14805;12/03/2020;90500
14815;14806;12/03/2020;153112
14816;14807;12/03/2020;179000
14817;14808;12/03/2020;108000
14818;14809;12/03/2020;157000
14819;14810;12/03/2020;180000
14820;14811;12/03/2020;155000
14821;14812;12/03/2020;243390
14822;14813;12/03/2020;179300
14823;14814;12/03/2020;320000
14824;14815;12/03/2020;738000
14825;14816;12/03/2020;210000
14826;14817;12/03/2020;264850
14827;14818;12/03/2020;213000
14828;14819;12/03/2020;210000
14829;14820;12/03/2020;263000
14830;14821;12/03/2020;346000
14831;14822;12/03/2020;125000
14832;14823;12/03/2020;514950
14833;14824;12/03/2020;530000
14834;14825;12/03/2020;190000
14835;14826;12/03/2020;262000
14836;14827;12/03/2020;230000
14837;14828;12/03/2020;303000
14838;14829;12/03/2020;618000
14839;14830;12/03/2020;170000
14840;14831;12/03/2020;380000
14841;14832;12/03/2020;120000
14842;14833;12/03/2020;2250000
14843;14834;12/03/2020;237250
14844;14835;12/03/2020;266500
14845;14836;12/03/2020;529004
14846;14837;12/03/2020;108000
14847;14838;12/03/2020;80500
14848;14839;12/03/2020;120000
14849;14840;12/03/2020;547900
14850;14841;12/03/2020;234000
14851;14842;12/03/2020;142500
14852;14843;12/03/2020;268000
14853;14844;12/03/2020;381000
14854;14845;12/03/2020;69000
14855;14846;12/03/2020;285000
14856;14847;12/03/2020;94000
14857;14848;12/03/2020;243000
14858;14849;12/03/2020;219000
14859;14850;12/03/2020;298800
14860;14851;12/03/2020;145000
14861;14852;12/03/2020;238000
14862;14853;12/03/2020;331000
14863;14854;12/03/2020;565650
14864;14855;12/03/2020;193000
14865;14856;12/03/2020;393000
14866;14857;12/03/2020;244000
14867;14858;12/03/2020;231500
14868;14859;12/03/2020;85000
14869;14860;12/03/2020;209933
14870;14861;12/03/2020;145700
14871;14862;12/03/2020;565000
14872;14863;12/03/2020;169000
14873;14864;12/03/2020;173000
14874;14865;12/03/2020;96000
14875;14866;12/03/2020;159000
14876;14867;12/03/2020;190000
14877;14868;12/03/2020;116800
14878;14869;12/03/2020;248000
14879;14870;12/03/2020;193000
14880;14871;12/03/2020;172000
14881;14872;12/03/2020;203000
14882;14873;12/03/2020;90000
14883;14874;12/03/2020;125000
14884;14875;12/03/2020;141500
14885;14876;12/03/2020;193000
14886;14877;12/03/2020;152000
14887;14878;12/03/2020;249710
14888;14879;13/03/2020;232000
14889;14880;13/03/2020;90000
14890;14881;13/03/2020;173000
14891;14882;13/03/2020;155000
14892;14883;13/03/2020;142718
14893;14884;13/03/2020;355730
14894;14885;13/03/2020;98000
14895;14886;13/03/2020;350000
14896;14887;13/03/2020;105000
14897;14888;13/03/2020;227500
14898;14889;13/03/2020;189500
14899;14890;13/03/2020;60500
14900;14891;13/03/2020;191271
14901;14892;13/03/2020;64000
14902;14893;13/03/2020;71800
14903;14894;13/03/2020;78000
14904;14895;13/03/2020;85158
14905;14896;13/03/2020;44000
14906;14897;13/03/2020;290000
14907;14898;13/03/2020;610000
14908;14899;13/03/2020;34000
14909;14900;13/03/2020;113000
14910;14901;13/03/2020;115000
14911;14902;13/03/2020;61500
14912;14903;13/03/2020;137000
14913;14904;13/03/2020;299000
14914;14905;13/03/2020;76000
14915;14906;13/03/2020;88500
14916;14907;13/03/2020;155000
14917;14908;13/03/2020;405800
14918;14909;13/03/2020;140000
14919;14910;13/03/2020;497000
14920;14911;13/03/2020;260000
14921;14912;13/03/2020;417000
14922;14913;13/03/2020;157900
14923;14914;13/03/2020;195000
14924;14915;13/03/2020;188000
14925;14916;13/03/2020;87000
14926;14917;13/03/2020;178650
14927;14918;13/03/2020;175500
14928;14919;13/03/2020;65000
14929;14920;13/03/2020;63000
14930;14921;13/03/2020;59800
14931;14922;13/03/2020;255000
14932;14923;13/03/2020;360000
14933;14924;13/03/2020;70676
14934;14925;13/03/2020;45000
14935;14926;13/03/2020;285000
14936;14927;13/03/2020;146000
14937;14928;13/03/2020;123600
14938;14929;13/03/2020;89770
14939;14930;13/03/2020;258000
14940;14931;13/03/2020;97000
14941;14932;13/03/2020;120000
14942;14933;13/03/2020;123500
14943;14934;13/03/2020;160000
14944;14935;13/03/2020;171200
14945;14936;13/03/2020;435300
14946;14937;13/03/2020;133180
14947;14938;13/03/2020;117000
14948;14939;13/03/2020;97600
14949;14940;13/03/2020;302000
14950;14941;13/03/2020;256000
14951;14942;13/03/2020;50000
14952;14943;13/03/2020;149430
14953;14944;13/03/2020;83500
14954;14945;13/03/2020;830000
14955;14946;13/03/2020;147000
14956;14947;13/03/2020;73000
14957;14948;13/03/2020;345000
14958;14949;13/03/2020;168000
14959;14950;13/03/2020;104950
14960;14951;13/03/2020;118808
14961;14952;13/03/2020;139070
14962;14953;13/03/2020;43000
14963;14954;13/03/2020;118000
14964;14955;13/03/2020;153350
14965;14956;13/03/2020;139000
14966;14957;13/03/2020;47000
14967;14958;13/03/2020;59100
14968;14959;13/03/2020;305000
14969;14960;13/03/2020;167000
14970;14961;13/03/2020;290100
14971;14962;13/03/2020;153400
14972;14963;13/03/2020;76000
14973;14964;13/03/2020;272000
14974;14965;13/03/2020;28000
14975;14966;13/03/2020;35000
14976;14967;13/03/2020;22000
14977;14968;13/03/2020;70000
14978;14969;13/03/2020;65000
14979;14970;13/03/2020;86000
14980;14971;13/03/2020;131620
14981;14972;13/03/2020;154500
14982;14973;13/03/2020;29000
14983;14974;13/03/2020;155000
14984;14975;13/03/2020;53000
14985;14976;13/03/2020;82353
14986;14977;13/03/2020;126500
14987;14978;13/03/2020;50000
14988;14979;13/03/2020;220000
14989;14980;13/03/2020;70000
14990;14981;13/03/2020;144600
14991;14982;13/03/2020;107750
14992;14983;13/03/2020;112200
14993;14984;13/03/2020;180500
14994;14985;13/03/2020;94300
14995;14986;13/03/2020;56000
14996;14987;13/03/2020;65300
14997;14988;13/03/2020;91000
14998;14989;13/03/2020;67000
14999;14990;13/03/2020;65500
15000;14991;13/03/2020;59290
15001;14992;13/03/2020;97000
15002;14993;13/03/2020;94000
15003;14994;13/03/2020;65500
15004;14995;13/03/2020;69500
15005;14996;13/03/2020;142000
15006;14997;13/03/2020;120000
15007;14998;13/03/2020;72000
15008;14999;13/03/2020;126500
15009;15000;13/03/2020;61000
15010;15001;13/03/2020;91000
15011;15002;13/03/2020;40000
15012;15003;13/03/2020;80000
15013;15004;13/03/2020;127000
15014;15005;13/03/2020;42300
15015;15006;13/03/2020;145000
15016;15007;13/03/2020;107400
15017;15008;13/03/2020;34300
15018;15009;13/03/2020;60000
15019;15010;13/03/2020;83600
15020;15011;13/03/2020;28630
15021;15012;13/03/2020;39000
15022;15013;13/03/2020;98000
15023;15014;13/03/2020;162000
15024;15015;13/03/2020;463150
15025;15016;13/03/2020;149200
15026;15017;13/03/2020;174000
15027;15018;13/03/2020;29000
15028;15019;13/03/2020;74700
15029;15020;13/03/2020;253000
15030;15021;13/03/2020;582810
15031;15022;13/03/2020;545800
15032;15023;13/03/2020;1600000
15033;15024;13/03/2020;325100
15034;15025;13/03/2020;167700
15035;15026;13/03/2020;90000
15036;15027;13/03/2020;52000
15037;15028;13/03/2020;101700
15038;15029;13/03/2020;244550
15039;15030;13/03/2020;1420000
15040;15031;13/03/2020;260000
15041;15032;13/03/2020;1575000
15042;15033;13/03/2020;590000
15043;15034;13/03/2020;345000
15044;15035;13/03/2020;160000
15045;15036;13/03/2020;2670275
15046;15037;13/03/2020;1685800
15047;15038;13/03/2020;315000
15048;15039;13/03/2020;173000
15049;15040;13/03/2020;415425
15050;15041;13/03/2020;434850
15051;15042;13/03/2020;483225
15052;15043;13/03/2020;251532
15053;15044;13/03/2020;394000
15054;15045;13/03/2020;622950
15055;15046;13/03/2020;124000
15056;15047;13/03/2020;377250
15057;15048;13/03/2020;454800
15058;15049;13/03/2020;1040000
15059;15050;13/03/2020;185000
15060;15051;13/03/2020;895000
15061;15052;13/03/2020;1194610
15062;15053;13/03/2020;413000
15063;15054;13/03/2020;382520
15064;15055;13/03/2020;460000
15065;15056;13/03/2020;510000
15066;15057;13/03/2020;216000
15067;15058;13/03/2020;705550
15068;15059;13/03/2020;530500
15069;15060;13/03/2020;719320
15070;15061;13/03/2020;369000
15071;15062;13/03/2020;652570
15072;15063;13/03/2020;684850
15073;15064;13/03/2020;279400
15074;15065;13/03/2020;842500
15075;15066;13/03/2020;432278
15076;15067;13/03/2020;786500
15077;15068;13/03/2020;1237000
15078;15069;13/03/2020;602000
15079;15070;13/03/2020;312000
15080;15071;13/03/2020;741488
15081;15072;13/03/2020;333200
15082;15073;13/03/2020;128000
15083;15074;13/03/2020;592500
15084;15075;13/03/2020;292500
15085;15076;13/03/2020;138890
15086;15077;13/03/2020;193596
15087;15078;13/03/2020;847650
15088;15079;13/03/2020;656000
15089;15080;13/03/2020;448689
15090;15081;13/03/2020;145000
15091;15082;13/03/2020;185000
15092;15083;13/03/2020;187000
15093;15084;13/03/2020;180000
15094;15085;13/03/2020;125000
15095;15086;13/03/2020;267000
15096;15087;13/03/2020;127000
15097;15088;13/03/2020;288000
15098;15089;13/03/2020;145000
15099;15090;13/03/2020;196250
15100;15091;13/03/2020;124007
15101;15092;13/03/2020;158000
15102;15093;13/03/2020;95000
15103;15094;13/03/2020;95000
15104;15095;13/03/2020;194000
15105;15096;13/03/2020;120000
15106;15097;13/03/2020;389600
15107;15098;13/03/2020;270000
15108;15099;13/03/2020;200000
15109;15100;13/03/2020;205000
15110;15101;13/03/2020;292000
15111;15102;13/03/2020;625000
15112;15103;13/03/2020;152700
15113;15104;13/03/2020;277500
15114;15105;13/03/2020;553050
15115;15106;13/03/2020;262000
15116;15107;13/03/2020;132000
15117;15108;13/03/2020;389000
15118;15109;13/03/2020;304500
15119;15110;13/03/2020;571250
15120;15111;13/03/2020;173500
15121;15112;13/03/2020;97000
15122;15113;13/03/2020;106114
15123;15114;13/03/2020;184500
15124;15115;13/03/2020;347500
15125;15116;13/03/2020;90000
15126;15117;13/03/2020;177500
15127;15118;13/03/2020;200000
15128;15119;13/03/2020;290000
15129;15120;13/03/2020;168500
15130;15121;13/03/2020;29000
15131;15122;13/03/2020;74500
15132;15123;13/03/2020;64300
15133;15124;13/03/2020;333000
15134;15125;13/03/2020;194672
15135;15126;13/03/2020;82500
15136;15127;13/03/2020;128800
15137;15128;13/03/2020;215000
15138;15129;13/03/2020;195000
15139;15130;13/03/2020;173500
15140;15131;13/03/2020;342000
15141;15132;13/03/2020;400000
15142;15133;13/03/2020;598400
15143;15134;13/03/2020;87000
15144;15135;13/03/2020;122000
15145;15136;13/03/2020;204000
15146;15137;13/03/2020;61500
15147;15138;13/03/2020;120000
15148;15139;13/03/2020;138000
15149;15140;13/03/2020;75000
15150;15141;13/03/2020;130000
15151;15142;13/03/2020;87500
15152;15143;13/03/2020;228000
15153;15144;13/03/2020;59500
15154;15145;13/03/2020;95000
15155;15146;13/03/2020;55000
15156;15147;13/03/2020;170000
15157;15148;13/03/2020;100000
15158;15149;13/03/2020;265000
15159;15150;13/03/2020;130530
15160;15151;13/03/2020;210000
15161;15152;13/03/2020;337300
15162;15153;13/03/2020;173000
15163;15154;13/03/2020;111110
15164;15155;13/03/2020;128500
15165;15156;13/03/2020;177250
15166;15157;13/03/2020;130097
15167;15158;13/03/2020;130000
15168;15159;13/03/2020;166700
15169;15160;13/03/2020;252000
15170;15161;13/03/2020;77500
15171;15162;13/03/2020;116000
15172;15163;13/03/2020;317600
15173;15164;13/03/2020;409000
15174;15165;13/03/2020;294000
15175;15166;13/03/2020;194500
15176;15167;13/03/2020;308500
15177;15168;13/03/2020;615950
15178;15169;13/03/2020;420500
15179;15170;13/03/2020;331000
15180;15171;13/03/2020;460000
15181;15172;13/03/2020;807450
15182;15173;13/03/2020;770000
15183;15174;13/03/2020;370350
15184;15175;13/03/2020;366140
15185;15176;13/03/2020;545000
15186;15177;13/03/2020;666200
15187;15178;13/03/2020;526598
15188;15179;13/03/2020;390600
15189;15180;13/03/2020;242400
15190;15181;13/03/2020;260000
15191;15182;13/03/2020;158000
15192;15183;13/03/2020;420000
15193;15184;13/03/2020;300000
15194;15185;13/03/2020;193000
15195;15186;13/03/2020;45000
15196;15187;13/03/2020;50000
15197;15188;13/03/2020;405000
15198;15189;13/03/2020;278000
15199;15190;13/03/2020;118000
15200;15191;13/03/2020;65000
15201;15192;13/03/2020;355000
15202;15193;13/03/2020;178715
15203;15194;13/03/2020;208000
15204;15195;13/03/2020;239700
15205;15196;13/03/2020;315000
15206;15197;13/03/2020;204000
15207;15198;13/03/2020;146000
15208;15199;13/03/2020;232000
15209;15200;13/03/2020;286000
15210;15201;13/03/2020;314000
15211;15202;13/03/2020;190000
15212;15203;13/03/2020;114060
15213;15204;13/03/2020;433000
15214;15205;13/03/2020;387000
15215;15206;13/03/2020;228220
15216;15207;13/03/2020;203000
15217;15208;13/03/2020;590500
15218;15209;13/03/2020;118000
15219;15210;13/03/2020;180000
15220;15211;13/03/2020;345000
15221;15212;13/03/2020;290000
15222;15213;13/03/2020;325000
15223;15214;13/03/2020;424000
15224;15215;13/03/2020;325300
15225;15216;13/03/2020;473700
15226;15217;13/03/2020;273500
15227;15218;13/03/2020;158000
15228;15219;13/03/2020;266100
15229;15220;13/03/2020;175000
15230;15221;13/03/2020;160450
15231;15222;13/03/2020;249000
15232;15223;13/03/2020;107000
15233;15224;13/03/2020;132000
15234;15225;13/03/2020;143000
15235;15226;13/03/2020;163500
15236;15227;13/03/2020;91000
15237;15228;13/03/2020;175650
15238;15229;13/03/2020;122000
15239;15230;14/03/2020;120000
15240;15231;14/03/2020;65000
15241;15232;14/03/2020;261800
15242;15233;14/03/2020;162000
15243;15234;14/03/2020;96000
15244;15235;14/03/2020;137700
15245;15236;14/03/2020;94000
15246;15237;14/03/2020;119000
15247;15238;14/03/2020;33000
15248;15239;14/03/2020;97000
15249;15240;14/03/2020;76000
15250;15241;14/03/2020;225800
15251;15242;14/03/2020;53000
15252;15243;14/03/2020;85000
15253;15244;14/03/2020;133050
15254;15245;14/03/2020;90000
15255;15246;14/03/2020;72500
15256;15247;14/03/2020;28000
15257;15248;14/03/2020;20700
15258;15249;14/03/2020;146460
15259;15250;14/03/2020;150000
15260;15251;14/03/2020;107000
15261;15252;14/03/2020;169000
15262;15253;14/03/2020;100000
15263;15254;14/03/2020;252700
15264;15255;14/03/2020;141670
15265;15256;14/03/2020;239700
15266;15257;14/03/2020;160000
15267;15258;16/03/2020;147500
15268;15259;16/03/2020;60000
15269;15260;16/03/2020;131500
15270;15261;16/03/2020;182000
15271;15262;16/03/2020;16300
15272;15263;16/03/2020;135000
15273;15264;16/03/2020;113000
15274;15265;16/03/2020;225000
15275;15266;16/03/2020;269000
15276;15267;16/03/2020;287000
15277;15268;16/03/2020;102500
15278;15269;16/03/2020;150000
15279;15270;16/03/2020;114000
15280;15271;16/03/2020;230000
15281;15272;16/03/2020;138000
15282;15273;16/03/2020;153000
15283;15274;16/03/2020;32000
15284;15275;16/03/2020;119550
15285;15276;16/03/2020;335300
15286;15277;16/03/2020;245600
15287;15278;16/03/2020;299250
15288;15279;16/03/2020;657000
15289;15280;16/03/2020;900000
15290;15281;16/03/2020;353000
15291;15282;16/03/2020;122000
15292;15283;16/03/2020;151270
15293;15284;16/03/2020;1250000
15294;15285;16/03/2020;200000
15295;15286;16/03/2020;52470
15296;15287;16/03/2020;164000
15297;15288;16/03/2020;185000
15298;15289;16/03/2020;88000
15299;15290;16/03/2020;208650
15300;15291;16/03/2020;188000
15301;15292;16/03/2020;110000
15302;15293;16/03/2020;135000
15303;15294;16/03/2020;142000
15304;15295;16/03/2020;252600
15305;15296;16/03/2020;180000
15306;15297;16/03/2020;50000
15307;15298;16/03/2020;155000
15308;15299;16/03/2020;144450
15309;15300;16/03/2020;74000
15310;15301;16/03/2020;29500
15311;15302;16/03/2020;95000
15312;15303;16/03/2020;164000
15313;15304;16/03/2020;106542
15314;15305;16/03/2020;131100
15315;15306;16/03/2020;42000
15316;15307;16/03/2020;85000
15317;15308;16/03/2020;111630
15318;15309;16/03/2020;298000
15319;15310;16/03/2020;159500
15320;15311;16/03/2020;89000
15321;15312;16/03/2020;159000
15322;15313;16/03/2020;320000
15323;15314;16/03/2020;30000
15324;15315;16/03/2020;53000
15325;15316;16/03/2020;107400
15326;15317;16/03/2020;126660
15327;15318;16/03/2020;128000
15328;15319;16/03/2020;72000
15329;15320;16/03/2020;47000
15330;15321;16/03/2020;65400
15331;15322;16/03/2020;66000
15332;15323;16/03/2020;76400
15333;15324;16/03/2020;460000
15334;15325;16/03/2020;76700
15335;15326;16/03/2020;100000
15336;15327;16/03/2020;252000
15337;15328;16/03/2020;154300
15338;15329;16/03/2020;277500
15339;15330;16/03/2020;245000
15340;15331;16/03/2020;88000
15341;15332;16/03/2020;188400
15342;15333;16/03/2020;145370
15343;15334;16/03/2020;153000
15344;15335;16/03/2020;147000
15345;15336;16/03/2020;94000
15346;15337;16/03/2020;169600
15347;15338;16/03/2020;177500
15348;15339;16/03/2020;299600
15349;15340;16/03/2020;62300
15350;15341;16/03/2020;66000
15351;15342;16/03/2020;232750
15352;15343;16/03/2020;187000
15353;15344;16/03/2020;147300
15354;15345;16/03/2020;146000
15355;15346;16/03/2020;271000
15356;15347;16/03/2020;115520
15357;15348;16/03/2020;185000
15358;15349;16/03/2020;167300
15359;15350;16/03/2020;126475
15360;15351;16/03/2020;283800
15361;15352;16/03/2020;24000
15362;15353;16/03/2020;98000
15363;15354;16/03/2020;251790
15364;15355;16/03/2020;55000
15365;15356;16/03/2020;77500
15366;15357;16/03/2020;65000
15367;15358;16/03/2020;173000
15368;15359;16/03/2020;40500
15369;15360;16/03/2020;177800
15370;15361;16/03/2020;560000
15371;15362;16/03/2020;69471
15372;15363;16/03/2020;96800
15373;15364;16/03/2020;120000
15374;15365;16/03/2020;71560
15375;15366;16/03/2020;62000
15376;15367;16/03/2020;92000
15377;15368;16/03/2020;81500
15378;15369;16/03/2020;290000
15379;15370;16/03/2020;132370
15380;15371;16/03/2020;35000
15381;15372;16/03/2020;57000
15382;15373;16/03/2020;75000
15383;15374;16/03/2020;157500
15384;15375;16/03/2020;64000
15385;15376;16/03/2020;111400
15386;15377;16/03/2020;175000
15387;15378;16/03/2020;88360
15388;15379;16/03/2020;112000
15389;15380;16/03/2020;215500
15390;15381;16/03/2020;84000
15391;15382;16/03/2020;368000
15392;15383;16/03/2020;269500
15393;15384;16/03/2020;343000
15394;15385;16/03/2020;158000
15395;15386;16/03/2020;90500
15396;15387;16/03/2020;286800
15397;15388;16/03/2020;180000
15398;15389;16/03/2020;80000
15399;15390;16/03/2020;164000
15400;15391;16/03/2020;79000
15401;15392;16/03/2020;97000
15402;15393;16/03/2020;49500
15403;15394;16/03/2020;125000
15404;15395;16/03/2020;242500
15405;15396;16/03/2020;169000
15406;15397;16/03/2020;550000
15407;15398;16/03/2020;66900
15408;15399;16/03/2020;85000
15409;15400;16/03/2020;75000
15410;15401;16/03/2020;162000
15411;15402;16/03/2020;68000
15412;15403;16/03/2020;396650
15413;15404;16/03/2020;270800
15414;15405;16/03/2020;485300
15415;15406;16/03/2020;245500
15416;15407;16/03/2020;432870
15417;15408;16/03/2020;190000
15418;15409;16/03/2020;180000
15419;15410;16/03/2020;631780
15420;15411;16/03/2020;426045
15421;15412;16/03/2020;259740
15422;15413;16/03/2020;213500
15423;15414;16/03/2020;126000
15424;15415;16/03/2020;473000
15425;15416;16/03/2020;173000
15426;15417;16/03/2020;99640
15427;15418;16/03/2020;60000
15428;15419;16/03/2020;47000
15429;15420;16/03/2020;99000
15430;15421;16/03/2020;106250
15431;15422;16/03/2020;154780
15432;15423;16/03/2020;413750
15433;15424;16/03/2020;205300
15434;15425;16/03/2020;572115
15435;15426;16/03/2020;640000
15436;15427;16/03/2020;1444100
15437;15428;16/03/2020;3800000
15438;15429;16/03/2020;2000000
15439;15430;16/03/2020;630000
15440;15431;16/03/2020;320000
15441;15432;16/03/2020;395000
15442;15433;16/03/2020;1144150
15443;15434;16/03/2020;128250
15444;15435;16/03/2020;493650
15445;15436;16/03/2020;492500
15446;15437;16/03/2020;1291300
15447;15438;16/03/2020;442666
15448;15439;16/03/2020;1500000
15449;15440;16/03/2020;859000
15450;15441;16/03/2020;475000
15451;15442;16/03/2020;435000
15452;15443;16/03/2020;805000
15453;15444;16/03/2020;923350
15454;15445;16/03/2020;373400
15455;15446;16/03/2020;138000
15456;15447;16/03/2020;333000
15457;15448;16/03/2020;272000
15458;15449;16/03/2020;333500
15459;15450;16/03/2020;425300
15460;15451;16/03/2020;1372800
15461;15452;16/03/2020;371400
15462;15453;16/03/2020;392025
15463;15454;16/03/2020;259000
15464;15455;16/03/2020;1264500
15465;15456;16/03/2020;1252420
15466;15457;16/03/2020;285000
15467;15458;16/03/2020;247400
15468;15459;16/03/2020;516450
15469;15460;16/03/2020;3600000
15470;15461;16/03/2020;1908930
15471;15462;16/03/2020;391500
15472;15463;16/03/2020;441500
15473;15464;16/03/2020;448780
15474;15465;16/03/2020;170000
15475;15466;16/03/2020;70300
15476;15467;16/03/2020;530000
15477;15468;16/03/2020;364000
15478;15469;16/03/2020;398145
15479;15470;16/03/2020;264500
15480;15471;16/03/2020;87600
15481;15472;16/03/2020;28400
15482;15473;16/03/2020;71000
15483;15474;16/03/2020;238000
15484;15475;16/03/2020;282000
15485;15476;16/03/2020;390400
15486;15477;16/03/2020;74500
15487;15478;16/03/2020;155000
15488;15479;16/03/2020;118000
15489;15480;16/03/2020;120000
15490;15481;16/03/2020;122000
15491;15482;16/03/2020;125000
15492;15483;16/03/2020;125000
15493;15484;16/03/2020;160000
15494;15485;16/03/2020;230000
15495;15486;16/03/2020;130000
15496;15487;16/03/2020;125990
15497;15488;16/03/2020;175000
15498;15489;16/03/2020;129000
15499;15490;16/03/2020;235200
15500;15491;16/03/2020;561250
15501;15491;05/06/2020;557000
15502;15492;16/03/2020;280000
15503;15493;16/03/2020;167792
15504;15494;16/03/2020;160000
15505;15495;16/03/2020;94500
15506;15496;16/03/2020;95400
15507;15497;16/03/2020;150000
15508;15498;16/03/2020;173200
15509;15499;16/03/2020;348720
15510;15500;16/03/2020;498000
15511;15501;16/03/2020;388300
15512;15502;16/03/2020;184000
15513;15503;16/03/2020;153000
15514;15504;16/03/2020;155700
15515;15505;16/03/2020;278410
15516;15506;16/03/2020;179050
15517;15507;16/03/2020;116320
15518;15508;16/03/2020;269000
15519;15509;16/03/2020;276685
15520;15510;16/03/2020;181000
15521;15511;16/03/2020;141575
15522;15512;16/03/2020;243300
15523;15513;16/03/2020;92651
15524;15514;16/03/2020;174000
15525;15515;16/03/2020;75500
15526;15516;16/03/2020;41000
15527;15517;16/03/2020;81200
15528;15518;16/03/2020;156000
15529;15519;16/03/2020;159000
15530;15520;16/03/2020;247010
15531;15521;16/03/2020;212000
15532;15522;16/03/2020;190000
15533;15523;16/03/2020;92900
15534;15524;16/03/2020;171000
15535;15525;16/03/2020;226600
15536;15526;16/03/2020;190000
15537;15527;16/03/2020;165000
15538;15528;16/03/2020;89500
15539;15529;16/03/2020;282500
15540;15530;16/03/2020;223467
15541;15531;16/03/2020;190000
15542;15532;16/03/2020;350000
15543;15533;16/03/2020;135000
15544;15534;16/03/2020;312750
15545;15535;16/03/2020;168000
15546;15536;16/03/2020;376000
15547;15537;16/03/2020;520000
15548;15538;16/03/2020;177000
15549;15539;16/03/2020;132000
15550;15540;16/03/2020;368800
15551;15541;16/03/2020;280000
15552;15542;16/03/2020;330000
15553;15543;16/03/2020;141800
15554;15544;16/03/2020;895000
15555;15545;16/03/2020;231500
15556;15546;16/03/2020;242500
15557;15547;16/03/2020;724950
15558;15548;16/03/2020;328000
15559;15549;16/03/2020;53360
15560;15550;16/03/2020;65380
15561;15551;16/03/2020;248000
15562;15552;16/03/2020;55000
15563;15553;16/03/2020;318950
15564;15554;16/03/2020;395000
15565;15555;16/03/2020;221900
15566;15556;16/03/2020;174000
15567;15557;16/03/2020;303000
15568;15558;16/03/2020;935000
15569;15559;16/03/2020;100000
15570;15560;16/03/2020;159000
15571;15561;16/03/2020;516750
15572;15562;16/03/2020;175610
15573;15563;16/03/2020;184000
15574;15564;16/03/2020;169000
15575;15565;16/03/2020;481900
15576;15566;16/03/2020;535000
15577;15567;16/03/2020;132000
15578;15568;16/03/2020;305500
15579;15569;16/03/2020;325500
15580;15570;16/03/2020;76000
15581;15571;16/03/2020;307000
15582;15572;16/03/2020;99900
15583;15573;17/03/2020;93585
15584;15574;17/03/2020;164000
15585;15575;17/03/2020;108254
15586;15576;17/03/2020;332000
15587;15577;17/03/2020;117000
15588;15578;17/03/2020;243000
15589;15579;17/03/2020;151000
15590;15580;17/03/2020;263000
15591;15581;17/03/2020;718626
15592;15582;17/03/2020;308200
15593;15583;17/03/2020;208000
15594;15584;17/03/2020;285000
15595;15585;17/03/2020;116000
15596;15586;17/03/2020;139000
15597;15587;17/03/2020;100000
15598;15588;17/03/2020;146348
15599;15589;17/03/2020;151799
15600;15590;17/03/2020;98500
15601;15591;17/03/2020;108000
15602;15592;17/03/2020;87400
15603;15593;17/03/2020;75000
15604;15594;17/03/2020;368980
15605;15595;17/03/2020;307000
15606;15596;17/03/2020;270000
15607;15597;17/03/2020;116190
15608;15598;17/03/2020;341400
15609;15599;17/03/2020;127000
15610;15600;17/03/2020;67000
15611;15601;17/03/2020;146110
15612;15602;17/03/2020;155000
15613;15603;17/03/2020;140000
15614;15604;17/03/2020;214400
15615;15605;17/03/2020;150844
15616;15606;17/03/2020;83000
15617;15607;17/03/2020;475000
15618;15608;17/03/2020;310000
15619;15609;17/03/2020;112000
15620;15610;17/03/2020;92000
15621;15611;17/03/2020;147000
15622;15612;17/03/2020;68820
15623;15613;17/03/2020;102000
15624;15614;17/03/2020;141000
15625;15615;17/03/2020;145000
15626;15616;17/03/2020;244150
15627;15617;17/03/2020;270000
15628;15618;17/03/2020;302350
15629;15619;17/03/2020;69310
15630;15620;17/03/2020;97750
15631;15621;17/03/2020;126500
15632;15622;17/03/2020;32000
15633;15623;17/03/2020;330000
15634;15624;17/03/2020;106560
15635;15625;17/03/2020;275930
15636;15626;17/03/2020;235510
15637;15627;17/03/2020;138788
15638;15628;17/03/2020;200961
15639;15629;17/03/2020;145000
15640;15630;17/03/2020;218926
15641;15631;17/03/2020;148000
15642;15632;17/03/2020;107000
15643;15633;17/03/2020;102400
15644;15634;17/03/2020;185373
15645;15635;17/03/2020;163000
15646;15636;17/03/2020;97350
15647;15637;17/03/2020;250820
15648;15638;17/03/2020;77000
15649;15639;17/03/2020;217500
15650;15640;17/03/2020;122000
15651;15641;17/03/2020;161550
15652;15642;17/03/2020;75000
15653;15643;17/03/2020;158900
15654;15644;17/03/2020;205000
15655;15645;17/03/2020;508000
15656;15646;17/03/2020;95348
15657;15647;17/03/2020;80000
15658;15648;17/03/2020;52000
15659;15649;17/03/2020;143000
15660;15650;17/03/2020;107500
15661;15651;17/03/2020;97000
15662;15652;17/03/2020;24500
15663;15653;17/03/2020;90000
15664;15654;17/03/2020;147000
15665;15655;17/03/2020;117500
15666;15656;17/03/2020;72000
15667;15657;17/03/2020;410000
15668;15658;17/03/2020;27000
15669;15659;17/03/2020;178000
15670;15660;17/03/2020;92000
15671;15661;17/03/2020;146000
15672;15662;17/03/2020;147000
15673;15663;17/03/2020;120000
15674;15664;17/03/2020;158900
15675;15665;17/03/2020;158000
15676;15666;17/03/2020;42000
15677;15667;17/03/2020;65000
15678;15668;17/03/2020;69000
15679;15669;17/03/2020;148400
15680;15670;17/03/2020;108000
15681;15671;17/03/2020;192000
15682;15672;17/03/2020;55000
15683;15673;17/03/2020;148300
15684;15674;17/03/2020;94100
15685;15675;17/03/2020;218500
15686;15676;17/03/2020;320000
15687;15677;17/03/2020;480000
15688;15678;17/03/2020;269500
15689;15679;17/03/2020;239000
15690;15680;17/03/2020;380000
15691;15681;17/03/2020;323000
15692;15682;17/03/2020;110500
15693;15683;17/03/2020;148000
15694;15684;17/03/2020;229000
15695;15685;17/03/2020;530000
15696;15686;17/03/2020;247000
15697;15687;17/03/2020;1171875
15698;15688;17/03/2020;820000
15699;15689;17/03/2020;305000
15700;15690;17/03/2020;470000
15701;15691;17/03/2020;232000
15702;15692;17/03/2020;355000
15703;15693;17/03/2020;2664618
15704;15694;17/03/2020;167130
15705;15695;17/03/2020;783600
15706;15696;17/03/2020;945000
15707;15697;17/03/2020;774000
15708;15698;17/03/2020;749100
15709;15699;17/03/2020;524000
15710;15700;17/03/2020;465200
15711;15701;17/03/2020;525000
15712;15702;17/03/2020;243300
15713;15703;17/03/2020;170000
15714;15704;17/03/2020;378800
15715;15705;17/03/2020;450590
15716;15706;17/03/2020;785000
15717;15707;17/03/2020;348206
15718;15708;17/03/2020;183000
15719;15709;17/03/2020;157000
15720;15710;17/03/2020;200000
15721;15711;17/03/2020;176000
15722;15712;17/03/2020;194000
15723;15713;17/03/2020;164000
15724;15714;17/03/2020;200320
15725;15715;17/03/2020;132000
15726;15716;17/03/2020;223000
15727;15717;17/03/2020;140000
15728;15718;17/03/2020;223500
15729;15719;17/03/2020;250000
15730;15720;17/03/2020;127500
15731;15721;17/03/2020;280000
15732;15722;17/03/2020;290500
15733;15723;17/03/2020;154000
15734;15724;17/03/2020;197500
15735;15725;17/03/2020;582000
15736;15726;17/03/2020;320000
15737;15727;17/03/2020;113000
15738;15728;17/03/2020;200075
15739;15729;17/03/2020;120000
15740;15730;17/03/2020;55000
15741;15731;17/03/2020;224300
15742;15732;17/03/2020;400000
15743;15733;17/03/2020;98000
15744;15734;17/03/2020;91000
15745;15735;17/03/2020;207000
15746;15736;17/03/2020;278000
15747;15737;17/03/2020;55000
15748;15738;17/03/2020;285000
15749;15739;17/03/2020;147000
15750;15740;17/03/2020;110000
15751;15741;17/03/2020;107500
15752;15742;17/03/2020;164100
15753;15743;17/03/2020;170000
15754;15744;17/03/2020;60000
15755;15745;17/03/2020;112000
15756;15746;17/03/2020;220000
15757;15747;17/03/2020;318000
15758;15748;17/03/2020;374680
15759;15749;17/03/2020;148541
15760;15750;17/03/2020;386000
15761;15751;17/03/2020;271100
15762;15752;17/03/2020;264000
15763;15753;17/03/2020;210000
15764;15754;17/03/2020;90000
15765;15755;17/03/2020;312350
15766;15756;17/03/2020;750500
15767;15757;17/03/2020;160000
15768;15758;17/03/2020;238000
15769;15759;17/03/2020;1450000
15770;15760;17/03/2020;413500
15771;15761;17/03/2020;148000
15772;15762;17/03/2020;477300
15773;15763;17/03/2020;151000
15774;15764;17/03/2020;490000
15775;15765;17/03/2020;154500
15776;15766;17/03/2020;260000
15777;15767;17/03/2020;864030
15778;15768;17/03/2020;153000
15779;15769;17/03/2020;176000
15780;15770;17/03/2020;145000
15781;15771;17/03/2020;484719
15782;15772;17/03/2020;318700
15783;15773;17/03/2020;366000
15784;15774;17/03/2020;175000
15785;15775;17/03/2020;475000
15786;15776;17/03/2020;277000
15787;15777;17/03/2020;83000
15788;15778;17/03/2020;110000
15789;15779;17/03/2020;125000
15790;15780;17/03/2020;53000
15791;15781;17/03/2020;213000
15792;15782;17/03/2020;133000
15793;15783;17/03/2020;195300
15794;15784;17/03/2020;179000
15795;15785;17/03/2020;221000
15796;15786;18/03/2020;247000
15797;15787;18/03/2020;46890
15798;15788;18/03/2020;87000
15799;15789;18/03/2020;120000
15800;15790;18/03/2020;103000
15801;15791;18/03/2020;160000
15802;15792;18/03/2020;80000
15803;15793;18/03/2020;180000
15804;15794;18/03/2020;68000
15805;15795;18/03/2020;104101
15806;15796;18/03/2020;263000
15807;15797;18/03/2020;52000
15808;15798;18/03/2020;52000
15809;15799;18/03/2020;300000
15810;15800;18/03/2020;73100
15811;15801;18/03/2020;112000
15812;15802;18/03/2020;115000
15813;15803;18/03/2020;168000
15814;15804;18/03/2020;202000
15815;15805;18/03/2020;158603
15816;15806;18/03/2020;159000
15817;15807;18/03/2020;127125
15818;15808;18/03/2020;52700
15819;15809;18/03/2020;250000
15820;15810;18/03/2020;140000
15821;15811;18/03/2020;143000
15822;15812;18/03/2020;131500
15823;15813;18/03/2020;99100
15824;15814;18/03/2020;171800
15825;15815;18/03/2020;119000
15826;15816;18/03/2020;54000
15827;15817;18/03/2020;45000
15828;15818;18/03/2020;187000
15829;15819;18/03/2020;165000
15830;15820;18/03/2020;210000
15831;15821;18/03/2020;1880000
15832;15822;18/03/2020;760000
15833;15823;18/03/2020;583944
15834;15824;18/03/2020;268000
15835;15825;18/03/2020;1595000
15836;15826;18/03/2020;986860
15837;15827;18/03/2020;182450
15838;15828;18/03/2020;470000
15839;15829;18/03/2020;198000
15840;15830;18/03/2020;752950
15841;15831;18/03/2020;396000
15842;15832;18/03/2020;389000
15843;15833;18/03/2020;279000
15844;15834;18/03/2020;268000
15845;15835;18/03/2020;97000
15846;15836;18/03/2020;87000
15847;15837;18/03/2020;116000
15848;15838;18/03/2020;155750
15849;15839;18/03/2020;327000
15850;15840;18/03/2020;223200
15851;15841;18/03/2020;83500
15852;15842;18/03/2020;154891
15853;15843;18/03/2020;89550
15854;15844;18/03/2020;304400
15855;15845;18/03/2020;103000
15856;15846;18/03/2020;1486750
15857;15847;18/03/2020;385000
15858;15848;18/03/2020;190000
15859;15849;18/03/2020;126850
15860;15850;18/03/2020;250000
15861;15851;18/03/2020;199000
15862;15852;18/03/2020;174900
15863;15853;18/03/2020;139000
15864;15854;18/03/2020;323000
15865;15855;18/03/2020;151100
15866;15856;18/03/2020;151000
15867;15857;18/03/2020;348000
15868;15858;18/03/2020;70000
15869;15859;18/03/2020;400000
15870;15860;18/03/2020;146000
15871;15861;18/03/2020;150500
15872;15862;19/03/2020;70000
15873;15863;19/03/2020;98000
15874;15864;19/03/2020;358000
15875;15865;19/03/2020;330000
15876;15866;19/03/2020;310000
15877;15867;19/03/2020;480000
15878;15868;19/03/2020;80990
15879;15869;19/03/2020;310000
15880;15870;19/03/2020;98000
15881;15871;19/03/2020;60000
15882;15872;19/03/2020;300000
15883;15873;19/03/2020;79900
15884;15874;19/03/2020;101600
15885;15875;19/03/2020;294000
15886;15876;19/03/2020;90000
15887;15877;19/03/2020;396155
15888;15878;19/03/2020;48000
15889;15879;19/03/2020;290000
15890;15880;19/03/2020;136560
15891;15881;19/03/2020;292700
15892;15882;19/03/2020;110000
15893;15883;19/03/2020;49970
15894;15884;19/03/2020;57000
15895;15885;19/03/2020;194000
15896;15886;19/03/2020;81000
15897;15887;19/03/2020;133568
15898;15888;19/03/2020;25000
15899;15889;19/03/2020;46000
15900;15890;19/03/2020;140160
15901;15891;19/03/2020;192500
15902;15892;19/03/2020;92880
15903;15893;19/03/2020;269900
15904;15894;19/03/2020;41000
15905;15895;19/03/2020;150000
15906;15896;19/03/2020;171151
15907;15897;19/03/2020;102000
15908;15898;19/03/2020;155000
15909;15899;19/03/2020;131800
15910;15900;19/03/2020;53300
15911;15901;19/03/2020;94000
15912;15902;19/03/2020;556500
15913;15903;19/03/2020;148500
15914;15904;19/03/2020;415097
15915;15905;19/03/2020;1150000
15916;15906;19/03/2020;403870
15917;15907;19/03/2020;387000
15918;15908;19/03/2020;455000
15919;15909;19/03/2020;330000
15920;15910;19/03/2020;185000
15921;15911;19/03/2020;820000
15922;15912;19/03/2020;1380000
15923;15913;19/03/2020;2195000
15924;15914;19/03/2020;143518
15925;15915;19/03/2020;875000
15926;15916;19/03/2020;297825
15927;15917;19/03/2020;565217
15928;15918;19/03/2020;216100
15929;15919;19/03/2020;180500
15930;15920;19/03/2020;298000
15931;15921;19/03/2020;341500
15932;15922;19/03/2020;125500
15933;15923;19/03/2020;158000
15934;15924;19/03/2020;139000
15935;15925;19/03/2020;140368
15936;15926;19/03/2020;129000
15937;15927;19/03/2020;88200
15938;15928;19/03/2020;210450
15939;15929;19/03/2020;264000
15940;15930;19/03/2020;228850
15941;15931;19/03/2020;260000
15942;15932;19/03/2020;99000
15943;15933;19/03/2020;170400
15944;15934;19/03/2020;128000
15945;15935;19/03/2020;193780
15946;15936;19/03/2020;154000
15947;15937;19/03/2020;246000
15948;15938;19/03/2020;307000
15949;15939;19/03/2020;222600
15950;15940;19/03/2020;212000
15951;15941;19/03/2020;169500
15952;15942;19/03/2020;292100
15953;15943;19/03/2020;165000
15954;15944;19/03/2020;251000
15955;15945;19/03/2020;702000
15956;15946;19/03/2020;650000
15957;15947;19/03/2020;115000
15958;15948;19/03/2020;99000
15959;15949;19/03/2020;354000
15960;15950;19/03/2020;350000
15961;15951;19/03/2020;201054
15962;15952;19/03/2020;455185
15963;15953;19/03/2020;263750
15964;15954;19/03/2020;256606
15965;15955;19/03/2020;88000
15966;15956;19/03/2020;163000
15967;15957;19/03/2020;101600
15968;15958;20/03/2020;262500
15969;15959;20/03/2020;77000
15970;15960;20/03/2020;161000
15971;15961;20/03/2020;265000
15972;15962;20/03/2020;166070
15973;15963;20/03/2020;404070
15974;15964;20/03/2020;723000
15975;15965;20/03/2020;159000
15976;15966;20/03/2020;205000
15977;15967;20/03/2020;300000
15978;15968;20/03/2020;325000
15979;15969;20/03/2020;54500
15980;15970;20/03/2020;52725
15981;15971;20/03/2020;114000
15982;15972;20/03/2020;83000
15983;15973;20/03/2020;546475
15984;15974;20/03/2020;614730
15985;15975;20/03/2020;90000
15986;15976;20/03/2020;75000
15987;15977;20/03/2020;380000
15988;15978;20/03/2020;72000
15989;15979;20/03/2020;45000
15990;15980;20/03/2020;160000
15991;15981;20/03/2020;143500
15992;15982;20/03/2020;73000
15993;15983;20/03/2020;34000
15994;15984;20/03/2020;127000
15995;15985;20/03/2020;117600
15996;15986;20/03/2020;208700
15997;15987;20/03/2020;119970
15998;15988;20/03/2020;120000
15999;15989;20/03/2020;175000
16000;15990;20/03/2020;55110
16001;15991;20/03/2020;77685
16002;15992;20/03/2020;211000
16003;15993;20/03/2020;79500
16004;15994;20/03/2020;200850
16005;15995;20/03/2020;32034
16006;15996;20/03/2020;142000
16007;15997;20/03/2020;283412
16008;15998;20/03/2020;220500
16009;15999;20/03/2020;197550
16010;16000;20/03/2020;131618
16011;16001;20/03/2020;84750
16012;16002;20/03/2020;172000
16013;16003;20/03/2020;5000
16014;16004;20/03/2020;99000
16015;16005;20/03/2020;269370
16016;16006;20/03/2020;92700
16017;16007;20/03/2020;72600
16018;16008;20/03/2020;69000
16019;16009;20/03/2020;76500
16020;16010;20/03/2020;62600
16021;16011;20/03/2020;128500
16022;16012;20/03/2020;75510
16023;16013;20/03/2020;318000
16024;16014;20/03/2020;90000
16025;16015;20/03/2020;37500
16026;16016;20/03/2020;113500
16027;16017;20/03/2020;83000
16028;16018;20/03/2020;121200
16029;16019;20/03/2020;149500
16030;16020;20/03/2020;110500
16031;16021;20/03/2020;85645
16032;16022;20/03/2020;85900
16033;16023;20/03/2020;102500
16034;16024;20/03/2020;36500
16035;16025;20/03/2020;52500
16036;16026;20/03/2020;141550
16037;16027;20/03/2020;288200
16038;16028;20/03/2020;176610
16039;16029;20/03/2020;79400
16040;16030;20/03/2020;227000
16041;16031;20/03/2020;48070
16042;16032;20/03/2020;335000
16043;16033;20/03/2020;244800
16044;16034;20/03/2020;472220
16045;16035;20/03/2020;500000
16046;16036;20/03/2020;510500
16047;16037;20/03/2020;585000
16048;16038;20/03/2020;342000
16049;16039;20/03/2020;238000
16050;16040;20/03/2020;515000
16051;16041;20/03/2020;380000
16052;16042;20/03/2020;110000
16053;16043;20/03/2020;372000
16054;16044;20/03/2020;365000
16055;16045;20/03/2020;214000
16056;16046;20/03/2020;2205882
16057;16047;20/03/2020;138000
16058;16048;20/03/2020;1310500
16059;16049;20/03/2020;488000
16060;16050;20/03/2020;339000
16061;16051;20/03/2020;409690
16062;16052;20/03/2020;293000
16063;16053;20/03/2020;911920
16064;16054;20/03/2020;290000
16065;16055;20/03/2020;499700
16066;16056;20/03/2020;590000
16067;16057;20/03/2020;580500
16068;16058;20/03/2020;575000
16069;16059;20/03/2020;339271
16070;16060;20/03/2020;650000
16071;16061;20/03/2020;652000
16072;16062;20/03/2020;58500
16073;16063;20/03/2020;399000
16074;16064;20/03/2020;70000
16075;16065;20/03/2020;208000
16076;16066;20/03/2020;93000
16077;16067;20/03/2020;271620
16078;16068;20/03/2020;193000
16079;16069;20/03/2020;263500
16080;16070;20/03/2020;228000
16081;16071;20/03/2020;474230
16082;16072;20/03/2020;227000
16083;16073;20/03/2020;345000
16084;16074;20/03/2020;106400
16085;16075;20/03/2020;153470
16086;16076;20/03/2020;152000
16087;16077;20/03/2020;112500
16088;16078;20/03/2020;41000
16089;16079;20/03/2020;111650
16090;16080;20/03/2020;36000
16091;16081;20/03/2020;187000
16092;16082;20/03/2020;127100
16093;16083;20/03/2020;216000
16094;16084;20/03/2020;162200
16095;16085;20/03/2020;402000
16096;16086;20/03/2020;358000
16097;16087;20/03/2020;343820
16098;16088;20/03/2020;394350
16099;16089;20/03/2020;390000
16100;16090;20/03/2020;129050
16101;16091;20/03/2020;267335
16102;16092;20/03/2020;200000
16103;16093;20/03/2020;680000
16104;16094;20/03/2020;328000
16105;16095;20/03/2020;262000
16106;16096;20/03/2020;302000
16107;16097;20/03/2020;422000
16108;16098;20/03/2020;160300
16109;16099;20/03/2020;540000
16110;16100;20/03/2020;154000
16111;16101;20/03/2020;220000
16112;16102;20/03/2020;354000
16113;16103;20/03/2020;157500
16114;16104;20/03/2020;176000
16115;16105;20/03/2020;269000
16116;16106;20/03/2020;319000
16117;16107;20/03/2020;216950
16118;16108;20/03/2020;168700
16119;16109;20/03/2020;163200
16120;16110;20/03/2020;100000
16121;16111;20/03/2020;233000
16122;16112;20/03/2020;181000
16123;16113;20/03/2020;245000
16124;16114;21/03/2020;100000
16125;16115;21/03/2020;74000
16126;16116;21/03/2020;110000
16127;16117;21/03/2020;128000
16128;16118;21/03/2020;128000
16129;16119;23/03/2020;239000
16130;16120;23/03/2020;240000
16131;16121;23/03/2020;72500
16132;16122;23/03/2020;304015
16133;16123;23/03/2020;240000
16134;16124;23/03/2020;51000
16135;16125;23/03/2020;51300
16136;16126;23/03/2020;42500
16137;16127;23/03/2020;58000
16138;16128;23/03/2020;51300
16139;16129;23/03/2020;183500
16140;16130;23/03/2020;122000
16141;16131;23/03/2020;147000
16142;16132;23/03/2020;213165
16143;16133;23/03/2020;60000
16144;16134;23/03/2020;158110
16145;16135;23/03/2020;275000
16146;16136;23/03/2020;257000
16147;16137;23/03/2020;280000
16148;16138;23/03/2020;318000
16149;16139;23/03/2020;45000
16150;16140;23/03/2020;140000
16151;16141;23/03/2020;196760
16152;16142;23/03/2020;56000
16153;16143;23/03/2020;225800
16154;16144;23/03/2020;163230
16155;16145;23/03/2020;201029
16156;16146;23/03/2020;255000
16157;16147;23/03/2020;472000
16158;16148;23/03/2020;441000
16159;16149;23/03/2020;298000
16160;16150;23/03/2020;685000
16161;16151;23/03/2020;1025000
16162;16152;23/03/2020;342170
16163;16153;23/03/2020;375000
16164;16154;23/03/2020;156900
16165;16155;23/03/2020;383820
16166;16156;23/03/2020;115000
16167;16157;23/03/2020;243900
16168;16158;23/03/2020;130000
16169;16159;23/03/2020;96000
16170;16160;23/03/2020;632500
16171;16161;23/03/2020;201000
16172;16162;23/03/2020;167000
16173;16163;23/03/2020;258000
16174;16164;23/03/2020;112000
16175;16165;23/03/2020;172000
16176;16166;23/03/2020;129000
16177;16167;23/03/2020;153000
16178;16168;23/03/2020;77500
16179;16169;23/03/2020;210600
16180;16170;23/03/2020;53000
16181;16171;23/03/2020;75000
16182;16172;23/03/2020;190000
16183;16173;23/03/2020;235000
16184;16174;23/03/2020;156500
16185;16175;23/03/2020;131447
16186;16176;23/03/2020;268200
16187;16177;23/03/2020;92000
16188;16178;23/03/2020;95000
16189;16179;23/03/2020;65000
16190;16180;23/03/2020;162000
16191;16181;23/03/2020;130000
16192;16182;23/03/2020;102000
16193;16183;24/03/2020;399400
16194;16184;24/03/2020;102000
16195;16185;24/03/2020;125000
16196;16186;24/03/2020;80000
16197;16187;24/03/2020;131800
16198;16188;24/03/2020;96000
16199;16189;24/03/2020;47000
16200;16190;24/03/2020;61500
16201;16191;24/03/2020;128000
16202;16192;24/03/2020;128000
16203;16193;24/03/2020;162000
16204;16194;24/03/2020;125660
16205;16195;24/03/2020;207000
16206;16196;24/03/2020;58000
16207;16197;24/03/2020;136200
16208;16198;24/03/2020;138100
16209;16199;24/03/2020;203100
16210;16200;24/03/2020;70000
16211;16201;24/03/2020;83000
16212;16202;24/03/2020;134500
16213;16203;24/03/2020;148500
16214;16204;24/03/2020;191828
16215;16205;24/03/2020;89900
16216;16206;24/03/2020;190000
16217;16207;24/03/2020;509920
16218;16208;24/03/2020;88900
16219;16209;24/03/2020;364347
16220;16210;24/03/2020;110000
16221;16211;24/03/2020;225600
16222;16212;24/03/2020;5500000
16223;16213;24/03/2020;665000
16224;16214;24/03/2020;752700
16225;16215;24/03/2020;239176
16226;16216;24/03/2020;560000
16227;16217;24/03/2020;521250
16228;16218;24/03/2020;2920700
16229;16219;24/03/2020;153000
16230;16220;24/03/2020;1000000
16231;16221;24/03/2020;409000
16232;16222;24/03/2020;935700
16233;16223;24/03/2020;100000
16234;16224;24/03/2020;100000
16235;16225;24/03/2020;488350
16236;16226;24/03/2020;285000
16237;16227;24/03/2020;226600
16238;16228;24/03/2020;147500
16239;16229;24/03/2020;80000
16240;16230;24/03/2020;45223
16241;16231;24/03/2020;235000
16242;16232;24/03/2020;330000
16243;16233;24/03/2020;186000
16244;16234;24/03/2020;232000
16245;16235;24/03/2020;478300
16246;16236;24/03/2020;194200
16247;16237;24/03/2020;396700
16248;16238;24/03/2020;1158016
16249;16239;24/03/2020;242000
16250;16240;24/03/2020;195000
16251;16241;24/03/2020;230000
16252;16242;25/03/2020;132300
16253;16243;25/03/2020;62000
16254;16244;25/03/2020;112880
16255;16245;25/03/2020;147360
16256;16246;25/03/2020;139000
16257;16247;25/03/2020;105700
16258;16248;25/03/2020;154500
16259;16249;25/03/2020;47000
16260;16250;25/03/2020;105600
16261;16251;25/03/2020;123500
16262;16252;25/03/2020;70000
16263;16253;25/03/2020;179820
16264;16254;25/03/2020;95000
16265;16255;25/03/2020;160000
16266;16256;25/03/2020;125500
16267;16257;25/03/2020;69200
16268;16258;25/03/2020;147000
16269;16259;25/03/2020;32000
16270;16260;25/03/2020;125000
16271;16261;25/03/2020;210000
16272;16262;25/03/2020;43800
16273;16263;25/03/2020;176915
16274;16264;25/03/2020;340000
16275;16265;25/03/2020;126000
16276;16266;25/03/2020;121000
16277;16267;25/03/2020;240540
16278;16268;25/03/2020;300000
16279;16269;25/03/2020;490500
16280;16270;25/03/2020;127000
16281;16271;25/03/2020;221430
16282;16272;25/03/2020;75000
16283;16273;25/03/2020;30208
16284;16274;25/03/2020;844450
16285;16275;25/03/2020;330000
16286;16276;25/03/2020;1025350
16287;16277;25/03/2020;1682000
16288;16278;25/03/2020;2730000
16289;16279;25/03/2020;622500
16290;16280;25/03/2020;890000
16291;16281;25/03/2020;237250
16292;16282;25/03/2020;820000
16293;16283;25/03/2020;287290
16294;16284;25/03/2020;1056850
16295;16285;25/03/2020;162500
16296;16286;25/03/2020;1750000
16297;16287;25/03/2020;591000
16298;16288;25/03/2020;649000
16299;16289;25/03/2020;263520
16300;16290;25/03/2020;173000
16301;16291;25/03/2020;76000
16302;16292;25/03/2020;445000
16303;16293;25/03/2020;144000
16304;16294;25/03/2020;690500
16305;16295;25/03/2020;136500
16306;16296;25/03/2020;74750
16307;16297;25/03/2020;213000
16308;16298;25/03/2020;240000
16309;16299;25/03/2020;538900
16310;16300;25/03/2020;1351981
16311;16301;25/03/2020;290000
16312;16302;25/03/2020;131000
16313;16303;25/03/2020;151000
16314;16304;25/03/2020;224500
16315;16305;25/03/2020;217000
16316;16306;25/03/2020;91000
16317;16307;25/03/2020;56000
16318;16308;26/03/2020;271000
16319;16309;26/03/2020;26630
16320;16310;26/03/2020;240000
16321;16311;26/03/2020;202000
16322;16312;26/03/2020;251750
16323;16313;26/03/2020;141000
16324;16314;26/03/2020;101000
16325;16315;26/03/2020;147000
16326;16316;26/03/2020;74000
16327;16317;26/03/2020;133000
16328;16318;26/03/2020;40000
16329;16319;26/03/2020;78500
16330;16320;26/03/2020;157000
16331;16321;26/03/2020;100000
16332;16322;26/03/2020;64750
16333;16323;26/03/2020;48000
16334;16324;26/03/2020;108000
16335;16325;26/03/2020;47000
16336;16326;26/03/2020;219755
16337;16327;26/03/2020;150000
16338;16328;26/03/2020;85800
16339;16329;26/03/2020;157075
16340;16330;26/03/2020;136500
16341;16331;26/03/2020;82650
16342;16332;26/03/2020;214000
16343;16333;26/03/2020;158400
16344;16334;26/03/2020;179000
16345;16335;26/03/2020;413500
16346;16336;26/03/2020;347740
16347;16337;26/03/2020;146680
16348;16338;26/03/2020;153000
16349;16339;26/03/2020;150000
16350;16340;26/03/2020;218980
16351;16341;26/03/2020;365000
16352;16342;26/03/2020;217820
16353;16343;26/03/2020;147180
16354;16344;26/03/2020;1700000
16355;16345;26/03/2020;1040000
16356;16346;26/03/2020;2350000
16357;16347;26/03/2020;430000
16358;16348;26/03/2020;381000
16359;16349;26/03/2020;1045000
16360;16350;26/03/2020;498000
16361;16351;26/03/2020;684950
16362;16352;26/03/2020;296800
16363;16353;26/03/2020;867000
16364;16354;26/03/2020;1355000
16365;16355;26/03/2020;7200000
16366;16356;26/03/2020;981100
16367;16357;26/03/2020;640400
16368;16358;26/03/2020;607200
16369;16359;26/03/2020;130000
16370;16360;26/03/2020;422820
16371;16361;26/03/2020;617436
16372;16362;26/03/2020;86000
16373;16363;26/03/2020;104500
16374;16364;26/03/2020;235000
16375;16365;26/03/2020;69000
16376;16366;26/03/2020;223000
16377;16367;26/03/2020;145000
16378;16368;26/03/2020;354050
16379;16369;26/03/2020;235220
16380;16370;26/03/2020;231000
16381;16371;26/03/2020;88000
16382;16372;26/03/2020;281000
16383;16373;26/03/2020;106000
16384;16374;26/03/2020;236000
16385;16375;26/03/2020;485000
16386;16376;26/03/2020;341400
16387;16377;26/03/2020;556000
16388;16378;26/03/2020;254450
16389;16379;26/03/2020;592000
16390;16380;26/03/2020;213000
16391;16381;26/03/2020;98398
16392;16382;26/03/2020;325000
16393;16383;26/03/2020;64000
16394;16384;27/03/2020;170000
16395;16385;27/03/2020;43000
16396;16386;27/03/2020;145000
16397;16387;27/03/2020;80000
16398;16388;27/03/2020;60000
16399;16389;27/03/2020;69000
16400;16390;27/03/2020;122500
16401;16391;27/03/2020;170500
16402;16392;27/03/2020;364000
16403;16393;27/03/2020;185000
16404;16394;27/03/2020;110000
16405;16395;27/03/2020;212500
16406;16396;27/03/2020;65700
16407;16397;27/03/2020;145800
16408;16398;27/03/2020;74000
16409;16399;27/03/2020;43500
16410;16400;27/03/2020;166000
16411;16401;27/03/2020;125000
16412;16402;27/03/2020;60500
16413;16403;27/03/2020;32500
16414;16404;27/03/2020;33000
16415;16405;27/03/2020;96500
16416;16406;27/03/2020;76900
16417;16407;27/03/2020;108000
16418;16408;27/03/2020;270000
16419;16409;27/03/2020;342150
16420;16410;27/03/2020;237775
16421;16411;27/03/2020;87000
16422;16412;27/03/2020;162000
16423;16413;27/03/2020;166347
16424;16414;27/03/2020;175000
16425;16415;27/03/2020;92280
16426;16416;27/03/2020;142670
16427;16417;27/03/2020;15000
16428;16418;27/03/2020;93740
16429;16419;27/03/2020;179550
16430;16420;27/03/2020;89540
16431;16421;27/03/2020;341000
16432;16422;27/03/2020;89000
16433;16423;27/03/2020;97000
16434;16424;27/03/2020;60000
16435;16425;27/03/2020;146500
16436;16426;27/03/2020;204000
16437;16427;27/03/2020;183000
16438;16428;27/03/2020;112750
16439;16429;27/03/2020;54000
16440;16430;27/03/2020;122700
16441;16431;27/03/2020;142400
16442;16432;27/03/2020;117000
16443;16433;27/03/2020;115000
16444;16434;27/03/2020;128000
16445;16435;27/03/2020;157000
16446;16436;27/03/2020;74000
16447;16437;27/03/2020;114000
16448;16438;27/03/2020;129000
16449;16439;27/03/2020;155000
16450;16440;27/03/2020;75000
16451;16441;27/03/2020;50500
16452;16442;27/03/2020;170000
16453;16443;27/03/2020;100000
16454;16444;27/03/2020;195300
16455;16445;27/03/2020;268000
16456;16446;27/03/2020;65280
16457;16447;27/03/2020;63577
16458;16448;27/03/2020;314330
16459;16449;27/03/2020;117000
16460;16450;27/03/2020;155000
16461;16451;27/03/2020;172000
16462;16452;27/03/2020;125200
16463;16453;27/03/2020;195000
16464;16454;27/03/2020;42250
16465;16455;27/03/2020;237500
16466;16456;27/03/2020;315000
16467;16457;27/03/2020;480000
16468;16458;27/03/2020;540000
16469;16459;27/03/2020;237053
16470;16460;27/03/2020;354450
16471;16461;27/03/2020;1271320
16472;16462;27/03/2020;1104000
16473;16463;27/03/2020;1854400
16474;16464;27/03/2020;544000
16475;16465;27/03/2020;334850
16476;16466;27/03/2020;689000
16477;16467;27/03/2020;179000
16478;16468;27/03/2020;296300
16479;16469;27/03/2020;337600
16480;16470;27/03/2020;467885
16481;16471;27/03/2020;300000
16482;16472;27/03/2020;557850
16483;16473;27/03/2020;255000
16484;16474;27/03/2020;876000
16485;16475;27/03/2020;485000
16486;16476;27/03/2020;325000
16487;16477;27/03/2020;190000
16488;16478;27/03/2020;710690
16489;16479;27/03/2020;1210000
16490;16480;27/03/2020;1729500
16491;16481;27/03/2020;509000
16492;16482;27/03/2020;385000
16493;16483;27/03/2020;230000
16494;16484;27/03/2020;521516
16495;16485;27/03/2020;944300
16496;16486;27/03/2020;172000
16497;16487;27/03/2020;117000
16498;16488;27/03/2020;713360
16499;16489;27/03/2020;303000
16500;16490;27/03/2020;250750
16501;16491;27/03/2020;213000
16502;16492;27/03/2020;270000
16503;16493;27/03/2020;112000
16504;16494;27/03/2020;267000
16505;16495;27/03/2020;342996
16506;16496;27/03/2020;290500
16507;16497;27/03/2020;348050
16508;16498;27/03/2020;150300
16509;16499;27/03/2020;152000
16510;16500;27/03/2020;294200
16511;16501;27/03/2020;140000
16512;16502;27/03/2020;166100
16513;16503;27/03/2020;209001
16514;16504;27/03/2020;334300
16515;16505;27/03/2020;66000
16516;16506;27/03/2020;70225
16517;16507;27/03/2020;270000
16518;16508;27/03/2020;308000
16519;16509;27/03/2020;125000
16520;16510;27/03/2020;278500
16521;16511;27/03/2020;295000
16522;16512;27/03/2020;73000
16523;16513;27/03/2020;115000
16524;16514;27/03/2020;44000
16525;16515;27/03/2020;29000
16526;16516;27/03/2020;77600
16527;16517;27/03/2020;65800
16528;16518;27/03/2020;96700
16529;16519;27/03/2020;95000
16530;16520;27/03/2020;131000
16531;16521;27/03/2020;156000
16532;16522;27/03/2020;142300
16533;16523;27/03/2020;210135
16534;16524;27/03/2020;312000
16535;16525;27/03/2020;406000
16536;16526;27/03/2020;170000
16537;16527;27/03/2020;313000
16538;16528;27/03/2020;346500
16539;16529;27/03/2020;281000
16540;16530;27/03/2020;300000
16541;16531;27/03/2020;160000
16542;16532;27/03/2020;267000
16543;16533;27/03/2020;242600
16544;16534;27/03/2020;113000
16545;16535;27/03/2020;271450
16546;16536;27/03/2020;115000
16547;16537;27/03/2020;145000
16548;16538;27/03/2020;120000
16549;16539;27/03/2020;265000
16550;16540;27/03/2020;405460
16551;16541;27/03/2020;190000
16552;16542;27/03/2020;223000
16553;16543;27/03/2020;330000
16554;16544;27/03/2020;130000
16555;16545;27/03/2020;258000
16556;16546;27/03/2020;460500
16557;16547;27/03/2020;325000
16558;16548;27/03/2020;641000
16559;16549;27/03/2020;137600
16560;16550;27/03/2020;149600
16561;16551;27/03/2020;167000
16562;16552;27/03/2020;145350
16563;16553;27/03/2020;335723
16564;16554;27/03/2020;232000
16565;16555;27/03/2020;185000
16566;16556;27/03/2020;122000
16567;16557;27/03/2020;125000
16568;16558;28/03/2020;239100
16569;16559;30/03/2020;750000
16570;16560;30/03/2020;159348
16571;16561;30/03/2020;63000
16572;16562;30/03/2020;82000
16573;16563;30/03/2020;55005
16574;16564;30/03/2020;260000
16575;16565;30/03/2020;139500
16576;16566;30/03/2020;146400
16577;16567;30/03/2020;125000
16578;16568;30/03/2020;399000
16579;16569;30/03/2020;247500
16580;16570;30/03/2020;114000
16581;16571;30/03/2020;114220
16582;16572;30/03/2020;105000
16583;16573;30/03/2020;61600
16584;16574;30/03/2020;59579
16585;16575;30/03/2020;103000
16586;16576;30/03/2020;55000
16587;16577;30/03/2020;132660
16588;16578;30/03/2020;134000
16589;16579;30/03/2020;95000
16590;16580;30/03/2020;148000
16591;16581;30/03/2020;137000
16592;16582;30/03/2020;55000
16593;16583;30/03/2020;80000
16594;16584;30/03/2020;195000
16595;16585;30/03/2020;215050
16596;16586;30/03/2020;449300
16597;16587;30/03/2020;366300
16598;16588;30/03/2020;450000
16599;16589;30/03/2020;215000
16600;16590;30/03/2020;932400
16601;16591;30/03/2020;770000
16602;16592;30/03/2020;31000
16603;16593;30/03/2020;857600
16604;16594;30/03/2020;442000
16605;16595;30/03/2020;960000
16606;16596;30/03/2020;205500
16607;16597;30/03/2020;405000
16608;16598;30/03/2020;344700
16609;16599;30/03/2020;660000
16610;16600;30/03/2020;1048000
16611;16601;30/03/2020;190300
16612;16602;30/03/2020;105800
16613;16603;30/03/2020;299000
16614;16604;30/03/2020;116480
16615;16605;30/03/2020;72000
16616;16606;30/03/2020;230000
16617;16607;30/03/2020;235000
16618;16608;30/03/2020;397000
16619;16609;30/03/2020;548850
16620;16610;30/03/2020;214000
16621;16611;30/03/2020;145000
16622;16612;30/03/2020;132050
16623;16613;30/03/2020;88800
16624;16614;30/03/2020;195000
16625;16615;30/03/2020;194901
16626;16616;30/03/2020;24000
16627;16617;30/03/2020;165200
16628;16618;30/03/2020;219000
16629;16619;30/03/2020;226000
16630;16620;30/03/2020;212000
16631;16621;30/03/2020;537000
16632;16622;30/03/2020;197205
16633;16623;30/03/2020;225100
16634;16624;30/03/2020;322500
16635;16625;30/03/2020;216245
16636;16626;30/03/2020;248000
16637;16627;30/03/2020;78200
16638;16628;30/03/2020;142000
16639;16629;30/03/2020;334470
16640;16630;30/03/2020;77500
16641;16631;31/03/2020;164000
16642;16632;31/03/2020;114500
16643;16633;31/03/2020;47200
16644;16634;31/03/2020;96700
16645;16635;31/03/2020;345000
16646;16636;31/03/2020;76000
16647;16637;31/03/2020;235000
16648;16638;31/03/2020;494000
16649;16639;31/03/2020;92500
16650;16640;31/03/2020;798000
16651;16641;31/03/2020;250693
16652;16642;31/03/2020;78000
16653;16643;31/03/2020;61000
16654;16644;31/03/2020;415700
16655;16645;31/03/2020;114000
16656;16646;31/03/2020;72000
16657;16647;31/03/2020;71000
16658;16648;31/03/2020;41000
16659;16649;31/03/2020;147900
16660;16650;31/03/2020;84563
16661;16651;31/03/2020;20000
16662;16652;31/03/2020;126000
16663;16653;31/03/2020;220000
16664;16654;31/03/2020;312000
16665;16655;31/03/2020;107500
16666;16656;31/03/2020;72700
16667;16657;31/03/2020;97500
16668;16658;31/03/2020;128130
16669;16659;31/03/2020;651650
16670;16660;31/03/2020;37523
16671;16661;31/03/2020;520000
16672;16662;31/03/2020;119784
16673;16663;31/03/2020;34800
16674;16664;31/03/2020;174500
16675;16665;31/03/2020;132220
16676;16666;31/03/2020;163800
16677;16667;31/03/2020;211500
16678;16668;31/03/2020;122000
16679;16669;31/03/2020;141000
16680;16670;31/03/2020;311700
16681;16671;31/03/2020;127000
16682;16672;31/03/2020;77700
16683;16673;31/03/2020;37000
16684;16674;31/03/2020;31000
16685;16675;31/03/2020;154650
16686;16676;31/03/2020;118000
16687;16677;31/03/2020;112000
16688;16678;31/03/2020;333000
16689;16679;31/03/2020;140065
16690;16680;31/03/2020;269000
16691;16681;31/03/2020;74000
16692;16682;31/03/2020;154000
16693;16683;31/03/2020;134000
16694;16684;31/03/2020;155120
16695;16685;31/03/2020;47000
16696;16686;31/03/2020;97000
16697;16687;31/03/2020;65400
16698;16688;31/03/2020;89900
16699;16689;31/03/2020;59000
16700;16690;31/03/2020;75000
16701;16691;31/03/2020;58000
16702;16692;31/03/2020;106650
16703;16693;31/03/2020;109000
16704;16694;31/03/2020;585000
16705;16695;31/03/2020;1000000
16706;16696;31/03/2020;345850
16707;16697;31/03/2020;185000
16708;16698;31/03/2020;390000
16709;16699;31/03/2020;135250
16710;16700;31/03/2020;83500
16711;16701;31/03/2020;120000
16712;16702;31/03/2020;71470
16713;16703;31/03/2020;47858
16714;16704;31/03/2020;151087
16715;16705;31/03/2020;686000
16716;16706;31/03/2020;580050
16717;16707;31/03/2020;241830
16718;16708;31/03/2020;444800
16719;16709;31/03/2020;393000
16720;16710;31/03/2020;2933000
16721;16711;31/03/2020;318900
16722;16712;31/03/2020;424680
16723;16713;31/03/2020;231000
16724;16714;31/03/2020;413333
16725;16715;31/03/2020;103333
16726;16716;31/03/2020;266000
16727;16717;31/03/2020;280000
16728;16718;31/03/2020;327500
16729;16719;31/03/2020;795000
16730;16720;31/03/2020;483450
16731;16721;31/03/2020;246500
16732;16722;31/03/2020;204000
16733;16723;31/03/2020;604000
16734;16724;31/03/2020;1820000
16735;16725;31/03/2020;525000
16736;16726;31/03/2020;405000
16737;16727;31/03/2020;715500
16738;16728;31/03/2020;98000
16739;16729;31/03/2020;65000
16740;16730;31/03/2020;273000
16741;16731;31/03/2020;260000
16742;16732;31/03/2020;360000
16743;16733;31/03/2020;261000
16744;16734;31/03/2020;156700
16745;16735;31/03/2020;189000
16746;16736;31/03/2020;88000
16747;16737;31/03/2020;589760
16748;16738;31/03/2020;140000
16749;16739;31/03/2020;167000
16750;16740;31/03/2020;559000
16751;16741;31/03/2020;160000
16752;16742;31/03/2020;34500
16753;16743;31/03/2020;222500
16754;16744;31/03/2020;90000
16755;16745;31/03/2020;152000
16756;16746;31/03/2020;266000
16757;16747;31/03/2020;208000
16758;16748;31/03/2020;511500
16759;16749;31/03/2020;406000
16760;16750;31/03/2020;190700
16761;16751;31/03/2020;245400
16762;16752;31/03/2020;860100
16763;16753;31/03/2020;273000
16764;16754;31/03/2020;325600
16765;16755;31/03/2020;218760
16766;16756;31/03/2020;479400
16767;16757;31/03/2020;214500
16768;16758;31/03/2020;240000
16769;16759;31/03/2020;173000
16770;16760;31/03/2020;200000
16771;16761;31/03/2020;109000
16772;16762;31/03/2020;433000
16773;16763;31/03/2020;385000
16774;16764;31/03/2020;147000
16775;16765;31/03/2020;220970
16776;16766;31/03/2020;210000
16777;16767;31/03/2020;130000
16778;16768;31/03/2020;220000
16779;16769;31/03/2020;204750
16780;16770;31/03/2020;232000
16781;16771;31/03/2020;110500
16782;16772;31/03/2020;176000
16783;16773;31/03/2020;165000
16784;16774;31/03/2020;138032
16785;16775;01/04/2020;45000
16786;16776;01/04/2020;275000
16787;16777;01/04/2020;54000
16788;16778;01/04/2020;177269
16789;16779;01/04/2020;32000
16790;16780;01/04/2020;150000
16791;16781;01/04/2020;309580
16792;16782;01/04/2020;163000
16793;16783;01/04/2020;140000
16794;16784;01/04/2020;91000
16795;16785;01/04/2020;125000
16796;16786;01/04/2020;151000
16797;16787;01/04/2020;166000
16798;16788;01/04/2020;43660
16799;16789;01/04/2020;443000
16800;16790;01/04/2020;161000
16801;16791;01/04/2020;161500
16802;16792;01/04/2020;74000
16803;16793;01/04/2020;96280
16804;16794;01/04/2020;105000
16805;16795;01/04/2020;43550
16806;16796;01/04/2020;79000
16807;16797;01/04/2020;62400
16808;16798;01/04/2020;64400
16809;16799;01/04/2020;315950
16810;16800;01/04/2020;56100
16811;16801;01/04/2020;535160
16812;16802;01/04/2020;282000
16813;16803;01/04/2020;670000
16814;16804;01/04/2020;1507498
16815;16805;01/04/2020;3480000
16816;16806;01/04/2020;409000
16817;16807;01/04/2020;59000
16818;16808;01/04/2020;704000
16819;16809;01/04/2020;405500
16820;16810;01/04/2020;133000
16821;16811;01/04/2020;107000
16822;16812;01/04/2020;265000
16823;16813;01/04/2020;20000
16824;16814;01/04/2020;185500
16825;16815;01/04/2020;209170
16826;16816;01/04/2020;117000
16827;16817;01/04/2020;69000
16828;16818;01/04/2020;142000
16829;16819;01/04/2020;440000
16830;16820;01/04/2020;112200
16831;16821;01/04/2020;171000
16832;16822;01/04/2020;129000
16833;16823;01/04/2020;159900
16834;16824;01/04/2020;150000
16835;16825;01/04/2020;128500
16836;16826;01/04/2020;90000
16837;16827;01/04/2020;65000
16838;16828;01/04/2020;434434
16839;16829;01/04/2020;226000
16840;16830;02/04/2020;64000
16841;16831;02/04/2020;315000
16842;16832;02/04/2020;335000
16843;16833;02/04/2020;216200
16844;16834;02/04/2020;244370
16845;16835;02/04/2020;287000
16846;16836;02/04/2020;245000
16847;16837;02/04/2020;52000
16848;16838;02/04/2020;200000
16849;16839;02/04/2020;49500
16850;16840;02/04/2020;82000
16851;16841;02/04/2020;249480
16852;16842;02/04/2020;218750
16853;16843;02/04/2020;130000
16854;16844;02/04/2020;218000
16855;16845;02/04/2020;123000
16856;16846;02/04/2020;59000
16857;16847;02/04/2020;402000
16858;16848;02/04/2020;198000
16859;16849;02/04/2020;368000
16860;16850;02/04/2020;80000
16861;16851;02/04/2020;40450
16862;16852;02/04/2020;210000
16863;16853;02/04/2020;50500
16864;16854;02/04/2020;125000
16865;16855;02/04/2020;150000
16866;16856;02/04/2020;40000
16867;16857;02/04/2020;268000
16868;16858;02/04/2020;76250
16869;16859;02/04/2020;94000
16870;16860;02/04/2020;56755
16871;16861;02/04/2020;296125
16872;16862;02/04/2020;638150
16873;16863;02/04/2020;518100
16874;16864;02/04/2020;61940
16875;16865;02/04/2020;470000
16876;16866;02/04/2020;410000
16877;16867;02/04/2020;115000
16878;16868;02/04/2020;413000
16879;16869;02/04/2020;97300
16880;16870;02/04/2020;85000
16881;16871;02/04/2020;164500
16882;16872;02/04/2020;94525
16883;16873;02/04/2020;536000
16884;16874;02/04/2020;361000
16885;16875;02/04/2020;206500
16886;16876;02/04/2020;104000
16887;16877;02/04/2020;160000
16888;16878;02/04/2020;500000
16889;16879;02/04/2020;177000
16890;16880;02/04/2020;39500
16891;16881;02/04/2020;91000
16892;16882;02/04/2020;60250
16893;16883;02/04/2020;82500
16894;16884;02/04/2020;167000
16895;16885;02/04/2020;178000
16896;16886;02/04/2020;371000
16897;16887;02/04/2020;438000
16898;16888;02/04/2020;55000
16899;16889;02/04/2020;145500
16900;16890;03/04/2020;210000
16901;16891;03/04/2020;174850
16902;16892;03/04/2020;123000
16903;16893;03/04/2020;109900
16904;16894;03/04/2020;165000
16905;16895;03/04/2020;169500
16906;16896;03/04/2020;217000
16907;16897;03/04/2020;270000
16908;16898;03/04/2020;174352
16909;16899;03/04/2020;158000
16910;16900;03/04/2020;74000
16911;16901;03/04/2020;95000
16912;16902;03/04/2020;284682
16913;16903;03/04/2020;133350
16914;16904;03/04/2020;167000
16915;16905;03/04/2020;149000
16916;16906;03/04/2020;225163
16917;16907;03/04/2020;119000
16918;16908;03/04/2020;213500
16919;16909;03/04/2020;186500
16920;16910;03/04/2020;126105
16921;16911;03/04/2020;105000
16922;16912;03/04/2020;93500
16923;16913;03/04/2020;140600
16924;16914;03/04/2020;124600
16925;16915;03/04/2020;85200
16926;16916;03/04/2020;112000
16927;16917;03/04/2020;48000
16928;16918;03/04/2020;95500
16929;16919;03/04/2020;45500
16930;16920;03/04/2020;135000
16931;16921;03/04/2020;10000
16932;16922;03/04/2020;183862
16933;16923;03/04/2020;97750
16934;16924;03/04/2020;107500
16935;16925;03/04/2020;133000
16936;16926;03/04/2020;51500
16937;16927;03/04/2020;74550
16938;16928;03/04/2020;38000
16939;16929;03/04/2020;175800
16940;16930;03/04/2020;118000
16941;16931;03/04/2020;266700
16942;16932;03/04/2020;102300
16943;16933;03/04/2020;147500
16944;16934;03/04/2020;113000
16945;16935;03/04/2020;105000
16946;16936;03/04/2020;164000
16947;16937;03/04/2020;96000
16948;16938;03/04/2020;68000
16949;16939;03/04/2020;139400
16950;16940;03/04/2020;102000
16951;16941;03/04/2020;323500
16952;16942;03/04/2020;113300
16953;16943;03/04/2020;96000
16954;16944;03/04/2020;305000
16955;16945;03/04/2020;132000
16956;16946;03/04/2020;122000
16957;16947;03/04/2020;240000
16958;16948;03/04/2020;182380
16959;16949;03/04/2020;197375
16960;16950;03/04/2020;192500
16961;16951;03/04/2020;220450
16962;16952;03/04/2020;125000
16963;16953;03/04/2020;177000
16964;16954;03/04/2020;559000
16965;16955;03/04/2020;302300
16966;16956;03/04/2020;141000
16967;16957;03/04/2020;236650
16968;16958;03/04/2020;2775000
16969;16959;03/04/2020;400000
16970;16960;03/04/2020;420000
16971;16961;03/04/2020;805920
16972;16962;03/04/2020;1113050
16973;16963;03/04/2020;857369
16974;16964;03/04/2020;684250
16975;16965;03/04/2020;566700
16976;16966;03/04/2020;548420
16977;16967;03/04/2020;670000
16978;16968;03/04/2020;599000
16979;16969;03/04/2020;615000
16980;16970;03/04/2020;516400
16981;16971;03/04/2020;1134500
16982;16972;03/04/2020;1494950
16983;16973;03/04/2020;572000
16984;16974;03/04/2020;1230000
16985;16975;03/04/2020;108640
16986;16976;03/04/2020;180000
16987;16977;03/04/2020;209000
16988;16978;03/04/2020;205000
16989;16979;03/04/2020;145000
16990;16980;03/04/2020;210000
16991;16981;03/04/2020;161600
16992;16982;03/04/2020;170000
16993;16983;03/04/2020;427500
16994;16984;03/04/2020;81000
16995;16985;03/04/2020;129500
16996;16986;03/04/2020;150000
16997;16987;03/04/2020;259900
16998;16988;03/04/2020;160000
16999;16989;03/04/2020;125000
17000;16990;03/04/2020;98500
17001;16991;03/04/2020;98000
17002;16992;03/04/2020;54500
17003;16993;03/04/2020;41500
17004;16994;03/04/2020;248000
17005;16995;03/04/2020;138500
17006;16996;03/04/2020;230000
17007;16997;03/04/2020;178000
17008;16998;03/04/2020;360854
17009;16999;03/04/2020;540000
17010;17000;03/04/2020;139900
17011;17001;03/04/2020;320850
17012;17002;03/04/2020;120000
17013;17003;03/04/2020;467050
17014;17004;03/04/2020;658000
17015;17005;03/04/2020;184000
17016;17006;03/04/2020;147000
17017;17007;03/04/2020;339600
17018;17008;03/04/2020;83900
17019;17009;03/04/2020;186000
17020;17010;03/04/2020;420000
17021;17011;03/04/2020;255000
17022;17012;03/04/2020;374202
17023;17013;03/04/2020;167400
17024;17014;03/04/2020;375000
17025;17015;03/04/2020;128500
17026;17016;03/04/2020;229900
17027;17017;04/04/2020;14000
17028;17018;04/04/2020;380000
17029;17019;04/04/2020;93200
17030;17020;04/04/2020;215000
17031;17021;06/04/2020;130000
17032;17022;06/04/2020;42500
17033;17023;06/04/2020;78000
17034;17024;06/04/2020;253000
17035;17025;06/04/2020;95500
17036;17026;06/04/2020;62000
17037;17027;06/04/2020;81800
17038;17028;06/04/2020;64000
17039;17029;06/04/2020;82000
17040;17030;06/04/2020;188000
17041;17031;06/04/2020;70000
17042;17032;06/04/2020;41500
17043;17033;06/04/2020;125000
17044;17034;06/04/2020;206800
17045;17035;06/04/2020;170000
17046;17036;06/04/2020;87000
17047;17037;06/04/2020;56000
17048;17038;06/04/2020;159500
17049;17039;06/04/2020;84000
17050;17040;06/04/2020;271000
17051;17041;06/04/2020;320000
17052;17042;06/04/2020;103000
17053;17043;06/04/2020;121420
17054;17044;06/04/2020;233000
17055;17045;06/04/2020;269000
17056;17046;06/04/2020;660000
17057;17047;06/04/2020;523000
17058;17048;06/04/2020;960000
17059;17049;06/04/2020;112000
17060;17050;06/04/2020;172000
17061;17051;06/04/2020;273200
17062;17052;06/04/2020;753963
17063;17053;06/04/2020;1228300
17064;17054;06/04/2020;914000
17065;17055;06/04/2020;510000
17066;17056;06/04/2020;5550000
17067;17057;06/04/2020;1141000
17068;17058;06/04/2020;440000
17069;17059;06/04/2020;92000
17070;17060;06/04/2020;340000
17071;17061;06/04/2020;133500
17072;17062;06/04/2020;220000
17073;17063;06/04/2020;158500
17074;17064;06/04/2020;185800
17075;17065;06/04/2020;34790
17076;17066;06/04/2020;82000
17077;17067;06/04/2020;365000
17078;17068;06/04/2020;439000
17079;17069;06/04/2020;135000
17080;17070;07/04/2020;375000
17081;17071;07/04/2020;89000
17082;17072;07/04/2020;350000
17083;17073;07/04/2020;152500
17084;17074;07/04/2020;525000
17085;17075;07/04/2020;311050
17086;17076;07/04/2020;126000
17087;17077;07/04/2020;147000
17088;17078;07/04/2020;70300
17089;17079;07/04/2020;98000
17090;17080;07/04/2020;131000
17091;17081;07/04/2020;161000
17092;17082;07/04/2020;43369
17093;17083;07/04/2020;154430
17094;17084;07/04/2020;43000
17095;17085;07/04/2020;74005
17096;17086;07/04/2020;138000
17097;17087;07/04/2020;28000
17098;17088;07/04/2020;65500
17099;17089;07/04/2020;78250
17100;17090;07/04/2020;105981
17101;17091;07/04/2020;77600
17102;17092;07/04/2020;250000
17103;17093;07/04/2020;40000
17104;17094;07/04/2020;220000
17105;17095;07/04/2020;267200
17106;17096;07/04/2020;139080
17107;17097;07/04/2020;199500
17108;17098;07/04/2020;126000
17109;17099;07/04/2020;240000
17110;17100;07/04/2020;162000
17111;17101;07/04/2020;194000
17112;17102;07/04/2020;387100
17113;17103;07/04/2020;126000
17114;17104;07/04/2020;610020
17115;17105;07/04/2020;130000
17116;17106;07/04/2020;2475000
17117;17107;07/04/2020;820000
17118;17108;07/04/2020;195760
17119;17109;07/04/2020;237000
17120;17110;07/04/2020;545600
17121;17111;07/04/2020;1020000
17122;17112;07/04/2020;670000
17123;17113;07/04/2020;1259550
17124;17114;07/04/2020;147000
17125;17115;07/04/2020;136500
17126;17116;07/04/2020;113000
17127;17117;07/04/2020;93000
17128;17118;07/04/2020;160000
17129;17119;07/04/2020;172040
17130;17120;07/04/2020;75200
17131;17121;07/04/2020;80000
17132;17122;07/04/2020;65000
17133;17123;07/04/2020;27000
17134;17124;07/04/2020;155000
17135;17125;07/04/2020;154500
17136;17126;07/04/2020;274500
17137;17127;07/04/2020;289350
17138;17128;07/04/2020;1280000
17139;17129;08/04/2020;445000
17140;17130;08/04/2020;150000
17141;17131;08/04/2020;131000
17142;17132;08/04/2020;25900
17143;17133;08/04/2020;101000
17144;17134;08/04/2020;171000
17145;17135;08/04/2020;214000
17146;17136;08/04/2020;186950
17147;17137;08/04/2020;175000
17148;17138;08/04/2020;300000
17149;17139;08/04/2020;319000
17150;17140;08/04/2020;275000
17151;17141;08/04/2020;106270
17152;17142;08/04/2020;145992
17153;17143;08/04/2020;67000
17154;17144;08/04/2020;85000
17155;17145;08/04/2020;100000
17156;17146;08/04/2020;226500
17157;17147;08/04/2020;164000
17158;17148;08/04/2020;203000
17159;17149;08/04/2020;109500
17160;17150;08/04/2020;250000
17161;17151;08/04/2020;78480
17162;17152;08/04/2020;59500
17163;17153;08/04/2020;125000
17164;17154;08/04/2020;217500
17165;17155;08/04/2020;121000
17166;17156;08/04/2020;211000
17167;17157;08/04/2020;128000
17168;17158;08/04/2020;135000
17169;17159;08/04/2020;431900
17170;17160;08/04/2020;70000
17171;17161;08/04/2020;89000
17172;17162;08/04/2020;203600
17173;17163;08/04/2020;149150
17174;17164;08/04/2020;43500
17175;17165;08/04/2020;172600
17176;17166;08/04/2020;243556
17177;17167;08/04/2020;327000
17178;17168;08/04/2020;131000
17179;17169;08/04/2020;553600
17180;17170;08/04/2020;247750
17181;17171;08/04/2020;885000
17182;17172;08/04/2020;538500
17183;17173;08/04/2020;412500
17184;17174;08/04/2020;700000
17185;17175;08/04/2020;164000
17186;17176;08/04/2020;323500
17187;17177;08/04/2020;353000
17188;17178;08/04/2020;370000
17189;17179;08/04/2020;964350
17190;17180;08/04/2020;579500
17191;17181;08/04/2020;521590
17192;17182;08/04/2020;550410
17193;17183;08/04/2020;149000
17194;17184;08/04/2020;50000
17195;17185;08/04/2020;221000
17196;17186;08/04/2020;420500
17197;17187;08/04/2020;139000
17198;17188;08/04/2020;198900
17199;17189;08/04/2020;47650
17200;17190;08/04/2020;62000
17201;17191;08/04/2020;70000
17202;17192;08/04/2020;424500
17203;17193;08/04/2020;121000
17204;17194;08/04/2020;171500
17205;17195;08/04/2020;140000
17206;17196;08/04/2020;130000
17207;17197;08/04/2020;241740
17208;17198;08/04/2020;290000
17209;17199;08/04/2020;250000
17210;17200;08/04/2020;240000
17211;17201;08/04/2020;507000
17212;17202;08/04/2020;381000
17213;17203;08/04/2020;385650
17214;17204;08/04/2020;181930
17215;17205;08/04/2020;153800
17216;17206;09/04/2020;145900
17217;17207;09/04/2020;190000
17218;17208;09/04/2020;35000
17219;17209;09/04/2020;88000
17220;17210;09/04/2020;177000
17221;17211;09/04/2020;335000
17222;17212;09/04/2020;225000
17223;17213;09/04/2020;83450
17224;17214;09/04/2020;205000
17225;17215;09/04/2020;308000
17226;17216;09/04/2020;74300
17227;17217;09/04/2020;159000
17228;17218;09/04/2020;83000
17229;17219;09/04/2020;74000
17230;17220;09/04/2020;88100
17231;17221;09/04/2020;210000
17232;17222;09/04/2020;245000
17233;17223;09/04/2020;60000
17234;17224;09/04/2020;30000
17235;17225;09/04/2020;43500
17236;17226;09/04/2020;38000
17237;17227;09/04/2020;68400
17238;17228;09/04/2020;182650
17239;17229;09/04/2020;120600
17240;17230;09/04/2020;102000
17241;17231;09/04/2020;61750
17242;17232;09/04/2020;232500
17243;17233;09/04/2020;538
17244;17234;09/04/2020;215300
17245;17235;09/04/2020;100000
17246;17236;09/04/2020;80000
17247;17237;09/04/2020;127000
17248;17238;09/04/2020;50000
17249;17239;09/04/2020;35000
17250;17240;09/04/2020;66700
17251;17241;09/04/2020;285000
17252;17242;09/04/2020;353350
17253;17243;09/04/2020;46500
17254;17244;09/04/2020;102000
17255;17245;09/04/2020;246400
17256;17246;09/04/2020;82500
17257;17247;09/04/2020;1411000
17258;17248;09/04/2020;135000
17259;17249;09/04/2020;300000
17260;17250;09/04/2020;98000
17261;17251;09/04/2020;61000
17262;17252;09/04/2020;227600
17263;17253;09/04/2020;162850
17264;17254;09/04/2020;157400
17265;17255;09/04/2020;280000
17266;17256;09/04/2020;133000
17267;17257;09/04/2020;567000
17268;17258;09/04/2020;950000
17269;17259;09/04/2020;937000
17270;17260;09/04/2020;70000
17271;17261;09/04/2020;61000
17272;17262;09/04/2020;90390
17273;17263;09/04/2020;323000
17274;17264;09/04/2020;145000
17275;17265;09/04/2020;152560
17276;17266;09/04/2020;399000
17277;17267;09/04/2020;185545
17278;17268;09/04/2020;187000
17279;17269;09/04/2020;90500
17280;17270;09/04/2020;145000
17281;17271;09/04/2020;156000
17282;17272;09/04/2020;64000
17283;17273;09/04/2020;340000
17284;17274;09/04/2020;285000
17285;17275;09/04/2020;783350
17286;17276;09/04/2020;511500
17287;17277;09/04/2020;2325000
17288;17278;09/04/2020;597800
17289;17279;09/04/2020;168000
17290;17280;09/04/2020;505250
17291;17281;09/04/2020;239000
17292;17282;09/04/2020;236900
17293;17283;09/04/2020;170000
17294;17284;09/04/2020;233000
17295;17285;09/04/2020;332000
17296;17286;09/04/2020;290000
17297;17287;10/04/2020;50000
17298;17288;10/04/2020;108000
17299;17289;10/04/2020;195000
17300;17290;10/04/2020;250000
17301;17291;10/04/2020;314000
17302;17292;10/04/2020;215000
17303;17293;10/04/2020;177600
17304;17294;10/04/2020;154000
17305;17295;10/04/2020;80400
17306;17296;10/04/2020;275150
17307;17297;10/04/2020;289150
17308;17298;10/04/2020;34000
17309;17299;10/04/2020;55000
17310;17300;10/04/2020;350000
17311;17301;10/04/2020;53000
17312;17302;10/04/2020;121600
17313;17303;10/04/2020;80000
17314;17304;10/04/2020;65000
17315;17305;10/04/2020;250000
17316;17306;10/04/2020;525000
17317;17307;10/04/2020;94000
17318;17308;10/04/2020;160800
17319;17309;10/04/2020;78000
17320;17310;10/04/2020;70900
17321;17311;10/04/2020;142000
17322;17312;10/04/2020;227000
17323;17313;10/04/2020;91980
17324;17314;10/04/2020;109000
17325;17315;10/04/2020;79900
17326;17316;10/04/2020;307000
17327;17317;10/04/2020;694000
17328;17318;10/04/2020;62000
17329;17319;10/04/2020;120420
17330;17320;10/04/2020;130300
17331;17321;10/04/2020;104550
17332;17322;10/04/2020;347900
17333;17323;10/04/2020;131131
17334;17324;10/04/2020;99000
17335;17325;10/04/2020;78600
17336;17326;10/04/2020;44537
17337;17327;10/04/2020;241000
17338;17328;10/04/2020;137488
17339;17329;10/04/2020;68000
17340;17330;10/04/2020;200000
17341;17331;10/04/2020;137000
17342;17332;10/04/2020;124900
17343;17333;10/04/2020;77000
17344;17334;10/04/2020;79200
17345;17335;10/04/2020;275000
17346;17336;10/04/2020;84000
17347;17337;10/04/2020;52000
17348;17338;10/04/2020;51990
17349;17339;10/04/2020;89000
17350;17340;10/04/2020;91750
17351;17341;10/04/2020;196000
17352;17342;10/04/2020;102500
17353;17343;10/04/2020;198000
17354;17344;10/04/2020;93000
17355;17345;10/04/2020;144000
17356;17346;10/04/2020;68000
17357;17347;10/04/2020;127000
17358;17348;10/04/2020;264700
17359;17349;10/04/2020;186750
17360;17350;10/04/2020;70000
17361;17351;10/04/2020;223650
17362;17352;10/04/2020;370000
17363;17353;10/04/2020;329000
17364;17354;10/04/2020;37500
17365;17355;10/04/2020;120560
17366;17356;10/04/2020;65000
17367;17357;10/04/2020;77500
17368;17358;10/04/2020;180000
17369;17359;10/04/2020;872850
17370;17360;10/04/2020;157800
17371;17361;10/04/2020;70000
17372;17362;10/04/2020;171100
17373;17363;10/04/2020;225450
17374;17364;10/04/2020;329900
17375;17365;10/04/2020;482900
17376;17366;10/04/2020;183090
17377;17367;10/04/2020;69335
17378;17368;10/04/2020;336000
17379;17369;10/04/2020;345870
17380;17370;10/04/2020;169000
17381;17371;10/04/2020;316250
17382;17372;10/04/2020;296000
17383;17373;10/04/2020;372000
17384;17374;10/04/2020;184800
17385;17375;10/04/2020;77379
17386;17376;10/04/2020;23500
17387;17377;10/04/2020;276938
17388;17378;10/04/2020;137505
17389;17379;10/04/2020;100000
17390;17380;10/04/2020;437500
17391;17381;10/04/2020;84680
17392;17382;10/04/2020;170000
17393;17383;10/04/2020;190000
17394;17384;10/04/2020;320000
17395;17385;10/04/2020;415000
17396;17386;10/04/2020;920000
17397;17387;10/04/2020;1292500
17398;17388;10/04/2020;601500
17399;17389;10/04/2020;420507
17400;17390;10/04/2020;428000
17401;17391;10/04/2020;752000
17402;17392;10/04/2020;1335000
17403;17393;10/04/2020;1782000
17404;17394;10/04/2020;835000
17405;17395;10/04/2020;3100000
17406;17396;10/04/2020;413020
17407;17397;10/04/2020;147000
17408;17398;10/04/2020;696000
17409;17399;10/04/2020;46200
17410;17400;10/04/2020;277300
17411;17401;10/04/2020;235000
17412;17402;10/04/2020;136300
17413;17403;10/04/2020;150000
17414;17404;10/04/2020;126621
17415;17405;10/04/2020;138000
17416;17406;10/04/2020;230862
17417;17407;10/04/2020;112000
17418;17408;10/04/2020;255000
17419;17409;10/04/2020;372000
17420;17410;10/04/2020;57500
17421;17411;10/04/2020;175000
17422;17412;10/04/2020;134250
17423;17413;10/04/2020;310000
17424;17414;10/04/2020;253682
17425;17415;10/04/2020;219500
17426;17416;10/04/2020;410000
17427;17417;10/04/2020;221000
17428;17418;10/04/2020;68680
17429;17419;10/04/2020;164000
17430;17420;10/04/2020;230000
17431;17421;10/04/2020;110000
17432;17422;10/04/2020;276300
17433;17423;10/04/2020;389350
17434;17424;10/04/2020;341000
17435;17425;10/04/2020;120000
17436;17426;10/04/2020;327150
17437;17427;10/04/2020;180000
17438;17428;10/04/2020;242500
17439;17429;10/04/2020;372300
17440;17430;10/04/2020;259000
17441;17431;10/04/2020;274000
17442;17432;10/04/2020;142000
17443;17433;10/04/2020;145000
17444;17434;10/04/2020;172000
17445;17435;10/04/2020;186000
17446;17436;10/04/2020;105000
17447;17437;11/04/2020;95000
17448;17438;11/04/2020;55000
17449;17439;11/04/2020;245129
17450;17440;11/04/2020;229000
17451;17441;14/04/2020;92500
17452;17442;14/04/2020;147000
17453;17443;14/04/2020;118408
17454;17444;14/04/2020;106000
17455;17445;14/04/2020;85000
17456;17446;14/04/2020;93000
17457;17447;14/04/2020;193340
17458;17448;14/04/2020;137000
17459;17449;14/04/2020;118000
17460;17450;14/04/2020;107000
17461;17451;14/04/2020;107300
17462;17452;14/04/2020;193000
17463;17453;14/04/2020;60000
17464;17454;14/04/2020;177500
17465;17455;14/04/2020;209370
17466;17456;14/04/2020;232760
17467;17457;14/04/2020;131000
17468;17458;14/04/2020;126900
17469;17459;14/04/2020;137800
17470;17460;14/04/2020;155100
17471;17461;14/04/2020;73000
17472;17462;14/04/2020;140000
17473;17463;14/04/2020;153500
17474;17464;14/04/2020;122500
17475;17465;14/04/2020;31000
17476;17466;14/04/2020;265000
17477;17467;14/04/2020;146500
17478;17468;14/04/2020;291320
17479;17469;14/04/2020;112935
17480;17470;14/04/2020;122000
17481;17471;14/04/2020;416380
17482;17472;14/04/2020;273000
17483;17473;14/04/2020;430000
17484;17474;14/04/2020;352000
17485;17475;14/04/2020;648000
17486;17476;14/04/2020;224000
17487;17477;14/04/2020;320000
17488;17478;14/04/2020;181000
17489;17479;14/04/2020;162000
17490;17480;14/04/2020;44000
17491;17481;14/04/2020;37000
17492;17482;14/04/2020;179770
17493;17483;14/04/2020;83000
17494;17484;14/04/2020;318000
17495;17485;14/04/2020;120800
17496;17486;14/04/2020;300000
17497;17487;14/04/2020;460000
17498;17488;14/04/2020;157000
17499;17489;14/04/2020;277500
17500;17490;14/04/2020;424200
17501;17491;14/04/2020;285000
17502;17492;14/04/2020;496270
17503;17493;14/04/2020;514500
17504;17494;14/04/2020;105000
17505;17495;14/04/2020;305000
17506;17496;14/04/2020;102000
17507;17497;15/04/2020;230000
17508;17498;15/04/2020;540000
17509;17499;15/04/2020;110000
17510;17500;15/04/2020;213000
17511;17501;15/04/2020;300000
17512;17502;15/04/2020;455240
17513;17503;15/04/2020;345000
17514;17504;15/04/2020;380000
17515;17505;15/04/2020;85000
17516;17506;15/04/2020;184146
17517;17507;15/04/2020;51000
17518;17508;15/04/2020;86000
17519;17509;15/04/2020;38000
17520;17510;15/04/2020;53500
17521;17511;15/04/2020;106000
17522;17512;15/04/2020;165000
17523;17513;15/04/2020;160000
17524;17514;15/04/2020;62000
17525;17515;15/04/2020;78500
17526;17516;15/04/2020;50000
17527;17517;15/04/2020;190000
17528;17518;15/04/2020;115000
17529;17519;15/04/2020;128000
17530;17520;15/04/2020;147400
17531;17521;15/04/2020;95000
17532;17522;15/04/2020;56000
17533;17523;15/04/2020;113000
17534;17524;15/04/2020;180330
17535;17525;15/04/2020;688810
17536;17526;15/04/2020;124000
17537;17527;15/04/2020;70600
17538;17528;15/04/2020;61000
17539;17529;15/04/2020;73000
17540;17530;15/04/2020;150000
17541;17531;15/04/2020;176000
17542;17532;15/04/2020;114500
17543;17533;15/04/2020;281000
17544;17534;15/04/2020;150975
17545;17535;15/04/2020;52600
17546;17536;15/04/2020;60000
17547;17537;15/04/2020;58000
17548;17538;15/04/2020;330000
17549;17539;15/04/2020;82665
17550;17540;15/04/2020;205000
17551;17541;15/04/2020;86400
17552;17542;15/04/2020;581000
17553;17543;15/04/2020;141750
17554;17544;15/04/2020;320000
17555;17545;15/04/2020;217500
17556;17546;15/04/2020;90000
17557;17547;15/04/2020;35000
17558;17548;15/04/2020;89224
17559;17549;15/04/2020;67000
17560;17550;15/04/2020;20000
17561;17551;15/04/2020;46000
17562;17552;15/04/2020;48000
17563;17553;15/04/2020;80000
17564;17554;15/04/2020;80900
17565;17555;15/04/2020;74000
17566;17556;15/04/2020;346000
17567;17557;15/04/2020;218000
17568;17558;15/04/2020;120000
17569;17559;15/04/2020;29000
17570;17560;15/04/2020;64500
17571;17561;15/04/2020;50026
17572;17562;15/04/2020;175000
17573;17563;15/04/2020;199850
17574;17564;15/04/2020;261532
17575;17565;15/04/2020;872000
17576;17566;15/04/2020;298000
17577;17567;15/04/2020;311500
17578;17568;15/04/2020;245000
17579;17569;15/04/2020;170357
17580;17570;15/04/2020;258000
17581;17571;15/04/2020;134300
17582;17572;15/04/2020;255000
17583;17573;15/04/2020;801734
17584;17574;15/04/2020;609523
17585;17575;15/04/2020;933000
17586;17576;15/04/2020;162000
17587;17577;15/04/2020;109470
17588;17578;15/04/2020;1250000
17589;17579;15/04/2020;294000
17590;17580;15/04/2020;269064
17591;17581;15/04/2020;581000
17592;17582;15/04/2020;825000
17593;17583;15/04/2020;671300
17594;17584;15/04/2020;2611930
17595;17585;15/04/2020;993380
17596;17586;15/04/2020;790000
17597;17587;15/04/2020;572910
17598;17588;15/04/2020;237500
17599;17589;15/04/2020;255000
17600;17590;15/04/2020;92560
17601;17591;15/04/2020;173000
17602;17592;15/04/2020;205000
17603;17593;15/04/2020;40000
17604;17594;15/04/2020;192000
17605;17595;15/04/2020;233700
17606;17596;15/04/2020;201500
17607;17597;15/04/2020;645000
17608;17598;15/04/2020;127000
17609;17599;15/04/2020;87000
17610;17600;15/04/2020;150000
17611;17601;15/04/2020;70000
17612;17602;15/04/2020;124000
17613;17603;15/04/2020;90800
17614;17604;15/04/2020;63000
17615;17605;15/04/2020;90000
17616;17606;15/04/2020;40000
17617;17607;15/04/2020;99000
17618;17608;15/04/2020;155000
17619;17609;15/04/2020;136000
17620;17610;15/04/2020;170000
17621;17611;15/04/2020;165000
17622;17612;15/04/2020;439000
17623;17613;15/04/2020;864950
17624;17614;15/04/2020;292300
17625;17615;15/04/2020;95000
17626;17616;15/04/2020;185900
17627;17617;15/04/2020;137000
17628;17618;15/04/2020;142000
17629;17619;15/04/2020;295000
17630;17620;15/04/2020;65000
17631;17621;15/04/2020;239000
17632;17622;15/04/2020;424310
17633;17623;15/04/2020;171800
17634;17624;15/04/2020;117000
17635;17625;16/04/2020;98000
17636;17626;16/04/2020;208000
17637;17627;16/04/2020;181700
17638;17628;16/04/2020;60000
17639;17629;16/04/2020;319000
17640;17630;16/04/2020;255000
17641;17631;16/04/2020;29000
17642;17632;16/04/2020;130000
17643;17633;16/04/2020;167000
17644;17634;16/04/2020;185000
17645;17635;16/04/2020;87000
17646;17636;16/04/2020;94000
17647;17637;16/04/2020;50000
17648;17638;16/04/2020;305000
17649;17639;16/04/2020;84000
17650;17640;16/04/2020;101500
17651;17641;16/04/2020;93500
17652;17642;16/04/2020;69000
17653;17643;16/04/2020;75000
17654;17644;16/04/2020;275000
17655;17645;16/04/2020;62500
17656;17646;16/04/2020;56600
17657;17647;16/04/2020;101000
17658;17648;16/04/2020;77000
17659;17649;16/04/2020;79500
17660;17650;16/04/2020;75500
17661;17651;16/04/2020;64600
17662;17652;16/04/2020;29450
17663;17653;16/04/2020;115000
17664;17654;16/04/2020;82000
17665;17655;16/04/2020;61500
17666;17656;16/04/2020;122000
17667;17657;16/04/2020;103200
17668;17658;16/04/2020;230000
17669;17659;16/04/2020;215000
17670;17660;16/04/2020;107890
17671;17661;16/04/2020;46715
17672;17662;16/04/2020;183500
17673;17663;16/04/2020;88500
17674;17664;16/04/2020;234000
17675;17665;16/04/2020;307000
17676;17666;16/04/2020;149000
17677;17667;16/04/2020;240450
17678;17668;16/04/2020;136500
17679;17669;16/04/2020;143100
17680;17670;16/04/2020;364000
17681;17671;16/04/2020;153000
17682;17672;16/04/2020;288600
17683;17673;16/04/2020;295000
17684;17674;16/04/2020;642000
17685;17675;16/04/2020;93000
17686;17676;16/04/2020;380450
17687;17677;16/04/2020;179900
17688;17678;16/04/2020;826000
17689;17679;16/04/2020;317500
17690;17680;16/04/2020;582000
17691;17681;16/04/2020;360000
17692;17682;16/04/2020;1550000
17693;17683;16/04/2020;285000
17694;17684;16/04/2020;282300
17695;17685;16/04/2020;94000
17696;17686;16/04/2020;605000
17697;17687;16/04/2020;124990
17698;17688;16/04/2020;41000
17699;17689;16/04/2020;108400
17700;17690;16/04/2020;330000
17701;17691;16/04/2020;165350
17702;17692;16/04/2020;609415
17703;17693;16/04/2020;142000
17704;17694;16/04/2020;245000
17705;17695;16/04/2020;59000
17706;17696;16/04/2020;114000
17707;17697;16/04/2020;86000
17708;17698;16/04/2020;196500
17709;17699;16/04/2020;206000
17710;17700;16/04/2020;250000
17711;17701;16/04/2020;650000
17712;17702;16/04/2020;380000
17713;17703;16/04/2020;120000
17714;17704;16/04/2020;338000
17715;17705;16/04/2020;373000
17716;17706;16/04/2020;147000
17717;17707;16/04/2020;176000
17718;17708;16/04/2020;150000
17719;17709;16/04/2020;244000
17720;17710;17/04/2020;76000
17721;17711;17/04/2020;505000
17722;17712;17/04/2020;94340
17723;17713;17/04/2020;140000
17724;17714;17/04/2020;130000
17725;17715;17/04/2020;142000
17726;17716;17/04/2020;52000
17727;17717;17/04/2020;47000
17728;17718;17/04/2020;84000
17729;17719;17/04/2020;86300
17730;17720;17/04/2020;62000
17731;17721;17/04/2020;88000
17732;17722;17/04/2020;63700
17733;17723;17/04/2020;129000
17734;17724;17/04/2020;25000
17735;17725;17/04/2020;122000
17736;17726;17/04/2020;169000
17737;17727;17/04/2020;84000
17738;17728;17/04/2020;85000
17739;17729;17/04/2020;56500
17740;17730;17/04/2020;207000
17741;17731;17/04/2020;42500
17742;17732;17/04/2020;137000
17743;17733;17/04/2020;52000
17744;17734;17/04/2020;120000
17745;17735;17/04/2020;99000
17746;17736;17/04/2020;163500
17747;17737;17/04/2020;75200
17748;17738;17/04/2020;96000
17749;17739;17/04/2020;195000
17750;17740;17/04/2020;299000
17751;17741;17/04/2020;170000
17752;17742;17/04/2020;126000
17753;17743;17/04/2020;286000
17754;17744;17/04/2020;380000
17755;17745;17/04/2020;137000
17756;17746;17/04/2020;111500
17757;17747;17/04/2020;111000
17758;17748;17/04/2020;178000
17759;17749;17/04/2020;192000
17760;17750;17/04/2020;69500
17761;17751;17/04/2020;290000
17762;17752;17/04/2020;66000
17763;17753;17/04/2020;169500
17764;17754;17/04/2020;80000
17765;17755;17/04/2020;75500
17766;17756;17/04/2020;116000
17767;17757;17/04/2020;325000
17768;17758;17/04/2020;10000
17769;17759;17/04/2020;112000
17770;17760;17/04/2020;155000
17771;17761;17/04/2020;142000
17772;17762;17/04/2020;63000
17773;17763;17/04/2020;290000
17774;17764;17/04/2020;96000
17775;17765;17/04/2020;204000
17776;17766;17/04/2020;156900
17777;17767;17/04/2020;178000
17778;17768;17/04/2020;173700
17779;17769;17/04/2020;82114
17780;17770;17/04/2020;110000
17781;17771;17/04/2020;27600
17782;17772;17/04/2020;24500
17783;17773;17/04/2020;84000
17784;17774;17/04/2020;149000
17785;17775;17/04/2020;101500
17786;17776;17/04/2020;227000
17787;17777;17/04/2020;155544
17788;17778;17/04/2020;111700
17789;17779;17/04/2020;18500
17790;17780;17/04/2020;171275
17791;17781;17/04/2020;80000
17792;17782;17/04/2020;35000
17793;17783;17/04/2020;102670
17794;17784;17/04/2020;110550
17795;17785;17/04/2020;57500
17796;17786;17/04/2020;35050
17797;17787;17/04/2020;135500
17798;17788;17/04/2020;380000
17799;17789;17/04/2020;184100
17800;17790;17/04/2020;166000
17801;17791;17/04/2020;106850
17802;17792;17/04/2020;109000
17803;17793;17/04/2020;136000
17804;17794;17/04/2020;160000
17805;17795;17/04/2020;220000
17806;17796;17/04/2020;137500
17807;17797;17/04/2020;110900
17808;17798;17/04/2020;70500
17809;17799;17/04/2020;490000
17810;17800;17/04/2020;104000
17811;17801;17/04/2020;226499
17812;17802;17/04/2020;450900
17813;17803;17/04/2020;137000
17814;17804;17/04/2020;67000
17815;17805;17/04/2020;95000
17816;17806;17/04/2020;505000
17817;17807;17/04/2020;200000
17818;17808;17/04/2020;193057
17819;17809;17/04/2020;192237
17820;17810;17/04/2020;123570
17821;17811;17/04/2020;130000
17822;17812;17/04/2020;74800
17823;17813;17/04/2020;80750
17824;17814;17/04/2020;115500
17825;17815;17/04/2020;132000
17826;17816;17/04/2020;71900
17827;17817;17/04/2020;240000
17828;17818;17/04/2020;440000
17829;17819;17/04/2020;257500
17830;17820;17/04/2020;87132
17831;17821;17/04/2020;7535000
17832;17822;17/04/2020;695500
17833;17823;17/04/2020;132500
17834;17824;17/04/2020;217296
17835;17825;17/04/2020;902600
17836;17826;17/04/2020;120000
17837;17827;17/04/2020;557000
17838;17828;17/04/2020;738138
17839;17829;17/04/2020;673500
17840;17830;17/04/2020;107000
17841;17831;17/04/2020;326500
17842;17832;17/04/2020;311000
17843;17833;17/04/2020;720500
17844;17834;17/04/2020;360000
17845;17835;17/04/2020;344800
17846;17836;17/04/2020;508000
17847;17837;17/04/2020;177000
17848;17838;17/04/2020;877500
17849;17839;17/04/2020;860577
17850;17840;17/04/2020;1241050
17851;17841;17/04/2020;562600
17852;17842;17/04/2020;725970
17853;17843;17/04/2020;1056000
17854;17844;17/04/2020;305000
17855;17845;17/04/2020;880000
17856;17846;17/04/2020;345500
17857;17847;17/04/2020;433450
17858;17848;17/04/2020;442250
17859;17849;17/04/2020;755400
17860;17850;17/04/2020;83000
17861;17851;17/04/2020;91500
17862;17852;17/04/2020;40500
17863;17853;17/04/2020;105500
17864;17854;17/04/2020;94000
17865;17855;17/04/2020;120400
17866;17856;17/04/2020;84000
17867;17857;17/04/2020;91700
17868;17858;17/04/2020;189500
17869;17859;17/04/2020;405900
17870;17860;17/04/2020;145990
17871;17861;17/04/2020;146000
17872;17862;17/04/2020;180000
17873;17863;17/04/2020;290300
17874;17864;17/04/2020;279000
17875;17865;17/04/2020;134000
17876;17866;17/04/2020;272000
17877;17867;17/04/2020;149700
17878;17868;17/04/2020;203500
17879;17869;17/04/2020;114000
17880;17870;17/04/2020;167000
17881;17871;17/04/2020;249600
17882;17872;17/04/2020;233700
17883;17873;17/04/2020;280000
17884;17874;17/04/2020;55000
17885;17875;17/04/2020;253500
17886;17876;17/04/2020;190000
17887;17877;17/04/2020;154900
17888;17878;17/04/2020;400000
17889;17879;17/04/2020;105000
17890;17880;17/04/2020;93000
17891;17881;17/04/2020;32000
17892;17882;17/04/2020;73600
17893;17883;17/04/2020;145000
17894;17884;17/04/2020;32920
17895;17885;17/04/2020;195000
17896;17886;17/04/2020;159450
17897;17887;17/04/2020;103000
17898;17888;17/04/2020;76000
17899;17889;17/04/2020;215000
17900;17890;17/04/2020;265000
17901;17891;17/04/2020;734150
17902;17892;17/04/2020;450000
17903;17893;17/04/2020;161000
17904;17894;17/04/2020;270000
17905;17895;17/04/2020;219000
17906;17896;17/04/2020;94000
17907;17897;17/04/2020;245000
17908;17898;17/04/2020;235000
17909;17899;17/04/2020;257000
17910;17900;17/04/2020;233650
17911;17901;17/04/2020;142000
17912;17902;17/04/2020;201000
17913;17903;17/04/2020;117000
17914;17904;18/04/2020;40000
17915;17905;18/04/2020;272290
17916;17906;20/04/2020;103090
17917;17907;20/04/2020;39000
17918;17908;20/04/2020;313520
17919;17909;20/04/2020;383450
17920;17910;20/04/2020;108000
17921;17911;20/04/2020;53100
17922;17912;20/04/2020;125000
17923;17913;20/04/2020;130000
17924;17914;20/04/2020;246500
17925;17915;20/04/2020;97500
17926;17916;20/04/2020;368600
17927;17917;20/04/2020;93000
17928;17918;20/04/2020;135000
17929;17919;20/04/2020;80000
17930;17920;20/04/2020;60000
17931;17921;20/04/2020;120540
17932;17922;20/04/2020;37600
17933;17923;20/04/2020;90000
17934;17924;20/04/2020;162360
17935;17925;20/04/2020;508000
17936;17926;20/04/2020;143154
17937;17927;20/04/2020;123400
17938;17928;20/04/2020;202500
17939;17929;20/04/2020;237520
17940;17930;20/04/2020;19000
17941;17931;20/04/2020;322500
17942;17932;20/04/2020;172460
17943;17933;20/04/2020;100000
17944;17934;20/04/2020;210000
17945;17935;20/04/2020;85000
17946;17936;20/04/2020;110000
17947;17937;20/04/2020;88500
17948;17938;20/04/2020;182200
17949;17939;20/04/2020;166000
17950;17940;20/04/2020;75500
17951;17941;20/04/2020;205760
17952;17942;20/04/2020;146600
17953;17943;20/04/2020;255000
17954;17944;20/04/2020;229000
17955;17945;20/04/2020;38000
17956;17946;20/04/2020;610000
17957;17947;20/04/2020;115000
17958;17948;20/04/2020;709250
17959;17949;20/04/2020;213800
17960;17950;20/04/2020;604250
17961;17951;20/04/2020;790000
17962;17952;20/04/2020;590000
17963;17953;20/04/2020;415000
17964;17954;20/04/2020;179070
17965;17955;20/04/2020;302000
17966;17956;20/04/2020;168667
17967;17957;20/04/2020;621968
17968;17958;20/04/2020;329000
17969;17959;20/04/2020;82800
17970;17960;20/04/2020;180000
17971;17961;20/04/2020;76000
17972;17962;20/04/2020;112000
17973;17963;20/04/2020;175000
17974;17964;20/04/2020;66000
17975;17965;20/04/2020;249985
17976;17966;20/04/2020;270000
17977;17967;20/04/2020;284000
17978;17968;20/04/2020;123000
17979;17969;20/04/2020;66500
17980;17970;20/04/2020;123015
17981;17971;20/04/2020;87000
17982;17972;20/04/2020;167000
17983;17973;20/04/2020;182100
17984;17974;20/04/2020;150500
17985;17975;20/04/2020;201450
17986;17976;20/04/2020;485000
17987;17977;20/04/2020;303000
17988;17978;20/04/2020;134000
17989;17979;20/04/2020;285000
17990;17980;20/04/2020;260238
17991;17981;20/04/2020;252000
17992;17982;20/04/2020;170000
17993;17983;20/04/2020;245000
17994;17984;21/04/2020;138000
17995;17985;21/04/2020;70000
17996;17986;21/04/2020;267000
17997;17987;21/04/2020;103000
17998;17988;21/04/2020;123900
17999;17989;21/04/2020;59000
18000;17990;21/04/2020;53000
18001;17991;21/04/2020;85000
18002;17992;21/04/2020;89000
18003;17993;21/04/2020;30000
18004;17994;21/04/2020;195000
18005;17995;21/04/2020;74229
18006;17996;21/04/2020;165250
18007;17997;21/04/2020;65000
18008;17998;21/04/2020;608000
18009;17999;21/04/2020;84663
18010;18000;21/04/2020;56000
18011;18001;21/04/2020;126000
18012;18002;21/04/2020;140000
18013;18003;21/04/2020;240000
18014;18004;21/04/2020;237000
18015;18005;21/04/2020;38000
18016;18006;21/04/2020;132000
18017;18007;21/04/2020;197900
18018;18008;21/04/2020;115000
18019;18009;21/04/2020;374690
18020;18010;21/04/2020;130000
18021;18011;21/04/2020;282850
18022;18012;21/04/2020;134000
18023;18013;21/04/2020;314000
18024;18014;21/04/2020;115000
18025;18015;21/04/2020;93000
18026;18016;21/04/2020;211000
18027;18017;21/04/2020;88200
18028;18018;21/04/2020;192000
18029;18019;21/04/2020;110887
18030;18020;21/04/2020;19000
18031;18021;21/04/2020;82000
18032;18022;21/04/2020;74000
18033;18023;21/04/2020;122000
18034;18024;21/04/2020;90000
18035;18025;21/04/2020;161300
18036;18026;21/04/2020;151500
18037;18027;21/04/2020;67800
18038;18028;21/04/2020;107500
18039;18029;21/04/2020;129000
18040;18030;21/04/2020;92270
18041;18031;21/04/2020;96670
18042;18032;21/04/2020;290100
18043;18033;21/04/2020;600000
18044;18034;21/04/2020;482625
18045;18035;21/04/2020;750000
18046;18036;21/04/2020;1304900
18047;18037;21/04/2020;570000
18048;18038;21/04/2020;513497
18049;18039;21/04/2020;634500
18050;18040;21/04/2020;264000
18051;18041;21/04/2020;148000
18052;18042;21/04/2020;445000
18053;18043;21/04/2020;447000
18054;18044;21/04/2020;249232
18055;18045;21/04/2020;292000
18056;18046;21/04/2020;86700
18057;18047;21/04/2020;60000
18058;18048;21/04/2020;183000
18059;18049;21/04/2020;350000
18060;18050;21/04/2020;75000
18061;18051;21/04/2020;108300
18062;18052;21/04/2020;86240
18063;18053;21/04/2020;460000
18064;18054;21/04/2020;136100
18065;18055;21/04/2020;114000
18066;18056;21/04/2020;148000
18067;18057;21/04/2020;117000
18068;18058;21/04/2020;262050
18069;18059;21/04/2020;25000
18070;18060;21/04/2020;155000
18071;18061;21/04/2020;76900
18072;18062;21/04/2020;106910
18073;18063;21/04/2020;55050
18074;18064;21/04/2020;165000
18075;18065;21/04/2020;331900
18076;18066;21/04/2020;90000
18077;18067;21/04/2020;105000
18078;18068;21/04/2020;108000
18079;18069;21/04/2020;120125
18080;18070;21/04/2020;280116
18081;18071;21/04/2020;138000
18082;18072;21/04/2020;210100
18083;18073;21/04/2020;160000
18084;18074;22/04/2020;223905
18085;18075;22/04/2020;57000
18086;18076;22/04/2020;114275
18087;18077;22/04/2020;112000
18088;18078;22/04/2020;303500
18089;18079;22/04/2020;170000
18090;18080;22/04/2020;184000
18091;18081;22/04/2020;157000
18092;18082;22/04/2020;387400
18093;18083;22/04/2020;199990
18094;18084;22/04/2020;255000
18095;18085;22/04/2020;137200
18096;18086;22/04/2020;17100
18097;18087;22/04/2020;185000
18098;18088;22/04/2020;78000
18099;18089;22/04/2020;30000
18100;18090;22/04/2020;48000
18101;18091;22/04/2020;125500
18102;18092;22/04/2020;165000
18103;18093;22/04/2020;164000
18104;18094;22/04/2020;84000
18105;18095;22/04/2020;65000
18106;18096;22/04/2020;70000
18107;18097;22/04/2020;147000
18108;18098;22/04/2020;170000
18109;18099;22/04/2020;50000
18110;18100;22/04/2020;63300
18111;18101;22/04/2020;215000
18112;18102;22/04/2020;106500
18113;18103;22/04/2020;186550
18114;18104;22/04/2020;30000
18115;18105;22/04/2020;55000
18116;18106;22/04/2020;97700
18117;18107;22/04/2020;68500
18118;18108;22/04/2020;168375
18119;18109;22/04/2020;312000
18120;18110;22/04/2020;156200
18121;18111;22/04/2020;254000
18122;18112;22/04/2020;168000
18123;18113;22/04/2020;86500
18124;18114;22/04/2020;152000
18125;18115;22/04/2020;122635
18126;18116;22/04/2020;79000
18127;18117;22/04/2020;26000
18128;18118;22/04/2020;93500
18129;18119;22/04/2020;124000
18130;18120;22/04/2020;452750
18131;18121;22/04/2020;70000
18132;18122;22/04/2020;420000
18133;18123;22/04/2020;62000
18134;18124;22/04/2020;367000
18135;18125;22/04/2020;93938
18136;18126;22/04/2020;97095
18137;18127;22/04/2020;99000
18138;18128;22/04/2020;276400
18139;18129;22/04/2020;360000
18140;18130;22/04/2020;495000
18141;18131;22/04/2020;1070000
18142;18132;22/04/2020;229690
18143;18133;22/04/2020;556000
18144;18134;22/04/2020;241000
18145;18135;22/04/2020;418450
18146;18136;22/04/2020;371500
18147;18137;22/04/2020;677000
18148;18138;22/04/2020;440000
18149;18139;22/04/2020;395000
18150;18140;22/04/2020;1600000
18151;18141;22/04/2020;859100
18152;18142;22/04/2020;335500
18153;18143;22/04/2020;330000
18154;18144;22/04/2020;295630
18155;18145;22/04/2020;160000
18156;18146;22/04/2020;150000
18157;18147;22/04/2020;221000
18158;18148;22/04/2020;156716
18159;18149;22/04/2020;256000
18160;18150;22/04/2020;210000
18161;18151;22/04/2020;74500
18162;18152;22/04/2020;77000
18163;18153;22/04/2020;129280
18164;18154;22/04/2020;140000
18165;18155;22/04/2020;119000
18166;18156;22/04/2020;120000
18167;18157;22/04/2020;290230
18168;18158;22/04/2020;872000
18169;18159;22/04/2020;348300
18170;18160;22/04/2020;714000
18171;18161;22/04/2020;403950
18172;18162;22/04/2020;540000
18173;18163;22/04/2020;213130
18174;18164;22/04/2020;606500
18175;18165;22/04/2020;139000
18176;18166;22/04/2020;230961
18177;18167;22/04/2020;102000
18178;18168;22/04/2020;62000
18179;18169;22/04/2020;154000
18180;18170;22/04/2020;52000
18181;18171;23/04/2020;95000
18182;18172;23/04/2020;229000
18183;18173;23/04/2020;510000
18184;18174;23/04/2020;600000
18185;18175;23/04/2020;93000
18186;18176;23/04/2020;179000
18187;18177;23/04/2020;410000
18188;18178;23/04/2020;525000
18189;18179;23/04/2020;550000
18190;18180;23/04/2020;237000
18191;18181;23/04/2020;127000
18192;18182;23/04/2020;72000
18193;18183;23/04/2020;71000
18194;18184;23/04/2020;121000
18195;18185;23/04/2020;178900
18196;18186;23/04/2020;87000
18197;18187;23/04/2020;109300
18198;18188;23/04/2020;174000
18199;18189;23/04/2020;41500
18200;18190;23/04/2020;300000
18201;18191;23/04/2020;135000
18202;18192;23/04/2020;305000
18203;18193;23/04/2020;217000
18204;18194;23/04/2020;81000
18205;18195;23/04/2020;168000
18206;18196;23/04/2020;302500
18207;18197;23/04/2020;56000
18208;18198;23/04/2020;111570
18209;18199;23/04/2020;204000
18210;18200;23/04/2020;133500
18211;18201;23/04/2020;86040
18212;18202;23/04/2020;123000
18213;18203;23/04/2020;134000
18214;18204;23/04/2020;113000
18215;18205;23/04/2020;101940
18216;18206;23/04/2020;73000
18217;18207;23/04/2020;181000
18218;18208;23/04/2020;38500
18219;18209;23/04/2020;129210
18220;18210;23/04/2020;126000
18221;18211;23/04/2020;123000
18222;18212;23/04/2020;71000
18223;18213;23/04/2020;161500
18224;18214;23/04/2020;97000
18225;18215;23/04/2020;420000
18226;18216;23/04/2020;107000
18227;18217;23/04/2020;50000
18228;18218;23/04/2020;214000
18229;18219;23/04/2020;319000
18230;18220;23/04/2020;140000
18231;18221;23/04/2020;176600
18232;18222;23/04/2020;76000
18233;18223;23/04/2020;156000
18234;18224;23/04/2020;158000
18235;18225;23/04/2020;52000
18236;18226;23/04/2020;59000
18237;18227;23/04/2020;81000
18238;18228;23/04/2020;95000
18239;18229;23/04/2020;115000
18240;18230;23/04/2020;162300
18241;18231;23/04/2020;320000
18242;18232;23/04/2020;290000
18243;18233;23/04/2020;100000
18244;18234;23/04/2020;38000
18245;18235;23/04/2020;92500
18246;18236;23/04/2020;215000
18247;18237;23/04/2020;40140
18248;18238;23/04/2020;171000
18249;18239;23/04/2020;660000
18250;18240;23/04/2020;276300
18251;18241;23/04/2020;620000
18252;18242;23/04/2020;2378780
18253;18243;23/04/2020;332000
18254;18244;23/04/2020;600000
18255;18245;23/04/2020;839800
18256;18246;23/04/2020;170000
18257;18247;23/04/2020;257650
18258;18248;23/04/2020;532300
18259;18249;23/04/2020;150000
18260;18250;23/04/2020;265000
18261;18251;23/04/2020;333000
18262;18252;23/04/2020;755000
18263;18253;23/04/2020;869000
18264;18254;23/04/2020;781000
18265;18255;23/04/2020;146000
18266;18256;23/04/2020;65000
18267;18257;23/04/2020;78000
18268;18258;23/04/2020;169000
18269;18259;23/04/2020;205000
18270;18260;23/04/2020;650000
18271;18261;23/04/2020;142900
18272;18262;23/04/2020;190000
18273;18263;23/04/2020;203000
18274;18264;23/04/2020;185000
18275;18265;23/04/2020;174900
18276;18266;23/04/2020;151000
18277;18267;23/04/2020;72500
18278;18268;23/04/2020;125000
18279;18269;23/04/2020;58000
18280;18270;23/04/2020;134200
18281;18271;23/04/2020;368010
18282;18272;23/04/2020;173000
18283;18273;23/04/2020;230000
18284;18274;23/04/2020;465000
18285;18275;23/04/2020;158000
18286;18276;23/04/2020;164000
18287;18277;23/04/2020;290000
18288;18278;23/04/2020;223000
18289;18279;23/04/2020;219211
18290;18280;23/04/2020;73500
18291;18281;23/04/2020;220000
18292;18282;23/04/2020;110000
18293;18283;23/04/2020;242000
18294;18284;23/04/2020;180000
18295;18285;23/04/2020;220000
18296;18286;24/04/2020;289150
18297;18287;24/04/2020;155000
18298;18288;24/04/2020;129700
18299;18289;24/04/2020;395000
18300;18290;24/04/2020;162300
18301;18291;24/04/2020;120110
18302;18292;24/04/2020;218000
18303;18293;24/04/2020;85000
18304;18294;24/04/2020;94000
18305;18295;24/04/2020;168300
18306;18296;24/04/2020;132384
18307;18297;24/04/2020;135000
18308;18298;24/04/2020;87800
18309;18299;24/04/2020;30000
18310;18300;24/04/2020;192000
18311;18301;24/04/2020;128000
18312;18302;24/04/2020;85000
18313;18303;24/04/2020;120600
18314;18304;24/04/2020;61500
18315;18305;24/04/2020;220000
18316;18306;24/04/2020;37000
18317;18307;24/04/2020;125000
18318;18308;24/04/2020;107050
18319;18309;24/04/2020;176000
18320;18310;24/04/2020;108200
18321;18311;24/04/2020;92500
18322;18312;24/04/2020;100000
18323;18313;24/04/2020;280000
18324;18314;24/04/2020;132500
18325;18315;24/04/2020;280000
18326;18316;24/04/2020;59000
18327;18317;24/04/2020;110000
18328;18318;24/04/2020;52425
18329;18319;24/04/2020;119500
18330;18320;24/04/2020;158000
18331;18321;24/04/2020;257548
18332;18322;24/04/2020;155150
18333;18323;24/04/2020;273125
18334;18324;24/04/2020;232000
18335;18325;24/04/2020;125000
18336;18326;24/04/2020;88000
18337;18327;24/04/2020;51420
18338;18328;24/04/2020;228394
18339;18329;24/04/2020;105000
18340;18330;24/04/2020;88000
18341;18331;24/04/2020;329000
18342;18332;24/04/2020;80000
18343;18333;24/04/2020;100000
18344;18334;24/04/2020;170000
18345;18335;24/04/2020;156000
18346;18336;24/04/2020;73000
18347;18337;24/04/2020;100000
18348;18338;24/04/2020;68500
18349;18339;24/04/2020;110000
18350;18340;24/04/2020;146000
18351;18341;24/04/2020;95000
18352;18342;24/04/2020;240500
18353;18343;24/04/2020;192250
18354;18344;24/04/2020;58200
18355;18345;24/04/2020;98500
18356;18346;24/04/2020;44400
18357;18347;24/04/2020;92000
18358;18348;24/04/2020;95000
18359;18349;24/04/2020;255000
18360;18350;24/04/2020;85000
18361;18351;24/04/2020;39000
18362;18352;24/04/2020;262000
18363;18353;24/04/2020;47100
18364;18354;24/04/2020;229000
18365;18355;24/04/2020;203900
18366;18356;24/04/2020;103000
18367;18357;24/04/2020;127500
18368;18358;24/04/2020;66000
18369;18359;24/04/2020;89000
18370;18360;24/04/2020;55000
18371;18361;24/04/2020;53000
18372;18362;24/04/2020;160000
18373;18363;24/04/2020;131760
18374;18364;24/04/2020;56000
18375;18365;24/04/2020;87000
18376;18366;24/04/2020;75800
18377;18367;24/04/2020;245900
18378;18368;24/04/2020;60000
18379;18369;24/04/2020;161000
18380;18370;24/04/2020;45000
18381;18371;24/04/2020;88000
18382;18372;24/04/2020;81000
18383;18373;24/04/2020;130000
18384;18374;24/04/2020;132000
18385;18375;24/04/2020;170860
18386;18376;24/04/2020;119100
18387;18377;24/04/2020;89000
18388;18378;24/04/2020;415000
18389;18379;24/04/2020;111000
18390;18380;24/04/2020;133000
18391;18381;24/04/2020;145000
18392;18382;24/04/2020;198785
18393;18383;24/04/2020;126000
18394;18384;24/04/2020;167000
18395;18385;24/04/2020;38500
18396;18386;24/04/2020;33000
18397;18387;24/04/2020;93732
18398;18388;24/04/2020;170400
18399;18389;24/04/2020;379850
18400;18390;24/04/2020;169820
18401;18391;24/04/2020;285000
18402;18392;24/04/2020;109000
18403;18393;24/04/2020;155000
18404;18394;24/04/2020;151200
18405;18395;24/04/2020;142000
18406;18396;24/04/2020;259000
18407;18397;24/04/2020;195000
18408;18398;24/04/2020;286200
18409;18399;24/04/2020;242000
18410;18400;24/04/2020;510000
18411;18401;24/04/2020;716000
18412;18402;24/04/2020;53000
18413;18403;24/04/2020;333550
18414;18404;24/04/2020;84400
18415;18405;24/04/2020;383000
18416;18406;24/04/2020;571900
18417;18407;24/04/2020;343600
18418;18408;24/04/2020;150900
18419;18409;24/04/2020;96000
18420;18410;24/04/2020;211350
18421;18411;24/04/2020;18945
18422;18412;24/04/2020;18795
18423;18413;24/04/2020;14470
18424;18414;24/04/2020;174800
18425;18415;24/04/2020;260000
18426;18416;24/04/2020;160000
18427;18417;24/04/2020;475000
18428;18418;24/04/2020;916650
18429;18419;24/04/2020;349057
18430;18420;24/04/2020;740000
18431;18421;24/04/2020;267000
18432;18422;24/04/2020;3874400
18433;18423;24/04/2020;267500
18434;18424;24/04/2020;185700
18435;18425;24/04/2020;525700
18436;18426;24/04/2020;337000
18437;18427;24/04/2020;285000
18438;18428;24/04/2020;300000
18439;18429;24/04/2020;362946
18440;18430;24/04/2020;373800
18441;18431;24/04/2020;1355550
18442;18432;24/04/2020;153000
18443;18433;24/04/2020;205000
18444;18434;24/04/2020;367300
18445;18435;24/04/2020;280000
18446;18436;24/04/2020;168770
18447;18437;24/04/2020;1170000
18448;18438;24/04/2020;340000
18449;18439;24/04/2020;1055900
18450;18440;24/04/2020;210000
18451;18441;24/04/2020;485000
18452;18442;24/04/2020;611015
18453;18443;24/04/2020;123200
18454;18444;24/04/2020;289881
18455;18445;24/04/2020;435000
18456;18446;24/04/2020;115000
18457;18447;24/04/2020;125490
18458;18448;24/04/2020;125900
18459;18449;24/04/2020;46500
18460;18450;24/04/2020;154000
18461;18451;24/04/2020;43401
18462;18452;24/04/2020;134000
18463;18453;24/04/2020;342000
18464;18454;24/04/2020;103000
18465;18455;24/04/2020;128200
18466;18456;24/04/2020;90000
18467;18457;24/04/2020;58500
18468;18458;24/04/2020;175000
18469;18459;24/04/2020;84500
18470;18460;24/04/2020;273200
18471;18461;24/04/2020;303250
18472;18462;24/04/2020;100000
18473;18463;24/04/2020;182780
18474;18464;24/04/2020;299000
18475;18465;24/04/2020;77000
18476;18466;24/04/2020;162000
18477;18467;24/04/2020;125535
18478;18468;24/04/2020;239050
18479;18469;24/04/2020;130000
18480;18470;24/04/2020;105000
18481;18471;24/04/2020;60000
18482;18472;24/04/2020;98000
18483;18473;24/04/2020;105000
18484;18474;24/04/2020;208600
18485;18475;24/04/2020;165000
18486;18476;24/04/2020;124000
18487;18477;24/04/2020;349000
18488;18478;24/04/2020;118400
18489;18479;24/04/2020;184272
18490;18480;24/04/2020;119394
18491;18481;24/04/2020;
18492;18482;24/04/2020;110000
18493;18483;24/04/2020;87000
18494;18484;24/04/2020;148310
18495;18485;24/04/2020;109000
18496;18486;24/04/2020;176480
18497;18487;24/04/2020;98820
18498;18488;24/04/2020;150600
18499;18489;24/04/2020;34548
18500;18490;24/04/2020;127300
18501;18491;24/04/2020;47000
18502;18492;24/04/2020;155000
18503;18493;24/04/2020;74000
18504;18494;24/04/2020;145000
18505;18495;24/04/2020;168000
18506;18496;24/04/2020;301500
18507;18497;24/04/2020;956000
18508;18498;24/04/2020;625000
18509;18499;24/04/2020;1000000
18510;18500;24/04/2020;115000
18511;18501;24/04/2020;130000
18512;18502;24/04/2020;135000
18513;18503;24/04/2020;231200
18514;18504;24/04/2020;179900
18515;18505;24/04/2020;171000
18516;18506;24/04/2020;192465
18517;18507;24/04/2020;188950
18518;18508;24/04/2020;121000
18519;18509;24/04/2020;100000
18520;18510;24/04/2020;212000
18521;18511;24/04/2020;332350
18522;18512;24/04/2020;240000
18523;18513;24/04/2020;144000
18524;18514;24/04/2020;173000
18525;18515;24/04/2020;265023
18526;18516;24/04/2020;157000
18527;18517;24/04/2020;132000
18528;18518;27/04/2020;44000
18529;18519;27/04/2020;50740
18530;18520;27/04/2020;40000
18531;18521;27/04/2020;138500
18532;18522;27/04/2020;165000
18533;18523;27/04/2020;108500
18534;18524;27/04/2020;205000
18535;18525;27/04/2020;185500
18536;18526;27/04/2020;610000
18537;18527;27/04/2020;325000
18538;18528;27/04/2020;142000
18539;18529;27/04/2020;134000
18540;18530;27/04/2020;117600
18541;18531;27/04/2020;132000
18542;18532;27/04/2020;294000
18543;18533;27/04/2020;38000
18544;18534;27/04/2020;165000
18545;18535;27/04/2020;561000
18546;18536;27/04/2020;230500
18547;18537;27/04/2020;346000
18548;18538;27/04/2020;38500
18549;18539;27/04/2020;91000
18550;18540;27/04/2020;60200
18551;18541;27/04/2020;133600
18552;18542;27/04/2020;73150
18553;18543;27/04/2020;280650
18554;18544;27/04/2020;359300
18555;18545;27/04/2020;92800
18556;18546;27/04/2020;54185
18557;18547;27/04/2020;150000
18558;18548;27/04/2020;472000
18559;18549;27/04/2020;134800
18560;18550;27/04/2020;164000
18561;18551;27/04/2020;290000
18562;18552;27/04/2020;284000
18563;18553;27/04/2020;113400
18564;18554;27/04/2020;245900
18565;18555;27/04/2020;173700
18566;18556;27/04/2020;177800
18567;18557;27/04/2020;10000
18568;18558;27/04/2020;63450
18569;18559;27/04/2020;174000
18570;18560;27/04/2020;177000
18571;18561;27/04/2020;80000
18572;18562;27/04/2020;118500
18573;18563;27/04/2020;170000
18574;18564;27/04/2020;245000
18575;18565;27/04/2020;75000
18576;18566;27/04/2020;136000
18577;18567;27/04/2020;266150
18578;18568;27/04/2020;205200
18579;18569;27/04/2020;90000
18580;18570;27/04/2020;268000
18581;18571;27/04/2020;750000
18582;18572;27/04/2020;257000
18583;18573;27/04/2020;319000
18584;18574;27/04/2020;166185
18585;18575;27/04/2020;143200
18586;18576;27/04/2020;221590
18587;18577;27/04/2020;298760
18588;18578;27/04/2020;312000
18589;18579;27/04/2020;116000
18590;18580;27/04/2020;163500
18591;18581;27/04/2020;1480000
18592;18582;27/04/2020;1645000
18593;18583;27/04/2020;903846
18594;18584;27/04/2020;856190
18595;18585;27/04/2020;361650
18596;18586;27/04/2020;503000
18597;18587;27/04/2020;848350
18598;18588;27/04/2020;475000
18599;18589;27/04/2020;253500
18600;18590;27/04/2020;870000
18601;18591;27/04/2020;970000
18602;18592;27/04/2020;978000
18603;18593;27/04/2020;1990000
18604;18594;27/04/2020;275000
18605;18595;27/04/2020;195950
18606;18596;27/04/2020;180000
18607;18597;27/04/2020;748500
18608;18598;27/04/2020;498000
18609;18599;27/04/2020;386000
18610;18600;27/04/2020;67445
18611;18601;27/04/2020;345440
18612;18602;27/04/2020;453000
18613;18603;27/04/2020;69500
18614;18604;27/04/2020;135000
18615;18605;27/04/2020;237000
18616;18606;27/04/2020;169000
18617;18607;27/04/2020;155000
18618;18608;27/04/2020;697750
18619;18609;27/04/2020;90000
18620;18610;27/04/2020;111500
18621;18611;27/04/2020;64000
18622;18612;27/04/2020;369666
18623;18613;27/04/2020;304500
18624;18614;27/04/2020;146000
18625;18615;27/04/2020;205000
18626;18616;27/04/2020;227000
18627;18617;27/04/2020;98000
18628;18618;27/04/2020;343000
18629;18619;27/04/2020;317000
18630;18620;27/04/2020;327390
18631;18621;27/04/2020;177500
18632;18622;27/04/2020;140000
18633;18623;27/04/2020;240000
18634;18624;27/04/2020;252000
18635;18625;27/04/2020;243000
18636;18626;27/04/2020;858500
18637;18627;27/04/2020;794110
18638;18628;27/04/2020;314000
18639;18629;27/04/2020;409500
18640;18630;27/04/2020;170000
18641;18631;28/04/2020;114400
18642;18632;28/04/2020;270000
18643;18633;28/04/2020;160000
18644;18634;28/04/2020;360000
18645;18635;28/04/2020;146430
18646;18636;28/04/2020;117475
18647;18637;28/04/2020;567000
18648;18638;28/04/2020;88000
18649;18639;28/04/2020;94000
18650;18640;28/04/2020;107000
18651;18641;28/04/2020;108000
18652;18642;28/04/2020;87000
18653;18643;28/04/2020;47000
18654;18644;28/04/2020;145000
18655;18645;28/04/2020;232500
18656;18646;28/04/2020;71000
18657;18647;28/04/2020;92500
18658;18648;28/04/2020;120555
18659;18649;28/04/2020;49500
18660;18650;28/04/2020;285000
18661;18651;28/04/2020;72500
18662;18652;28/04/2020;138450
18663;18653;28/04/2020;128500
18664;18654;28/04/2020;295810
18665;18655;28/04/2020;256500
18666;18656;28/04/2020;64152
18667;18657;28/04/2020;76000
18668;18658;28/04/2020;144270
18669;18659;28/04/2020;164900
18670;18660;28/04/2020;239500
18671;18661;28/04/2020;119000
18672;18662;28/04/2020;92000
18673;18663;28/04/2020;134000
18674;18664;28/04/2020;90000
18675;18665;28/04/2020;88600
18676;18666;28/04/2020;104000
18677;18667;28/04/2020;191000
18678;18668;28/04/2020;272000
18679;18669;28/04/2020;115000
18680;18670;28/04/2020;110964
18681;18671;28/04/2020;215000
18682;18672;28/04/2020;105072
18683;18673;28/04/2020;141216
18684;18674;28/04/2020;48000
18685;18675;28/04/2020;101600
18686;18676;28/04/2020;62500
18687;18677;28/04/2020;77850
18688;18678;28/04/2020;160000
18689;18679;28/04/2020;310000
18690;18680;28/04/2020;103608
18691;18681;28/04/2020;44200
18692;18682;28/04/2020;108000
18693;18683;28/04/2020;126810
18694;18684;28/04/2020;108000
18695;18685;28/04/2020;72810
18696;18686;28/04/2020;80000
18697;18687;28/04/2020;96000
18698;18688;28/04/2020;428700
18699;18689;28/04/2020;291200
18700;18690;28/04/2020;260500
18701;18691;28/04/2020;388050
18702;18692;28/04/2020;65000
18703;18693;28/04/2020;73000
18704;18694;28/04/2020;119000
18705;18695;28/04/2020;90500
18706;18696;28/04/2020;205000
18707;18697;28/04/2020;130000
18708;18698;28/04/2020;235000
18709;18699;28/04/2020;990000
18710;18700;28/04/2020;1000000
18711;18701;28/04/2020;1260000
18712;18702;28/04/2020;555300
18713;18703;28/04/2020;354000
18714;18704;28/04/2020;168000
18715;18705;28/04/2020;708000
18716;18706;28/04/2020;1439000
18717;18707;28/04/2020;991000
18718;18708;28/04/2020;741500
18719;18709;28/04/2020;215448
18720;18710;28/04/2020;355000
18721;18711;28/04/2020;642000
18722;18712;28/04/2020;102000
18723;18713;28/04/2020;585000
18724;18714;28/04/2020;278000
18725;18715;28/04/2020;187300
18726;18716;28/04/2020;113870
18727;18717;28/04/2020;67500
18728;18718;28/04/2020;148000
18729;18719;28/04/2020;251000
18730;18720;28/04/2020;373000
18731;18721;28/04/2020;90000
18732;18722;28/04/2020;632065
18733;18723;28/04/2020;177600
18734;18724;28/04/2020;173500
18735;18725;28/04/2020;100000
18736;18726;28/04/2020;100000
18737;18727;28/04/2020;152000
18738;18728;28/04/2020;98800
18739;18729;28/04/2020;240000
18740;18730;28/04/2020;124000
18741;18731;28/04/2020;120000
18742;18732;28/04/2020;92000
18743;18733;28/04/2020;81105
18744;18734;28/04/2020;77000
18745;18735;28/04/2020;151550
18746;18736;28/04/2020;177070
18747;18737;28/04/2020;138000
18748;18738;28/04/2020;117000
18749;18739;28/04/2020;200000
18750;18740;28/04/2020;392320
18751;18741;28/04/2020;203000
18752;18742;28/04/2020;194000
18753;18743;28/04/2020;250000
18754;18744;28/04/2020;229000
18755;18745;28/04/2020;169488
18756;18746;28/04/2020;196500
18757;18747;28/04/2020;176000
18758;18748;28/04/2020;319000
18759;18749;28/04/2020;219500
18760;18750;28/04/2020;347250
18761;18751;28/04/2020;305100
18762;18752;28/04/2020;105000
18763;18753;28/04/2020;106000
18764;18754;28/04/2020;47000
18765;18755;29/04/2020;98000
18766;18756;29/04/2020;104000
18767;18757;29/04/2020;367000
18768;18758;29/04/2020;19400
18769;18759;29/04/2020;232000
18770;18760;29/04/2020;370000
18771;18761;29/04/2020;154000
18772;18762;29/04/2020;119000
18773;18763;29/04/2020;230549
18774;18764;29/04/2020;35000
18775;18765;29/04/2020;38000
18776;18766;29/04/2020;105000
18777;18767;29/04/2020;48500
18778;18768;29/04/2020;230000
18779;18769;29/04/2020;120000
18780;18770;29/04/2020;188600
18781;18771;29/04/2020;189000
18782;18772;29/04/2020;81500
18783;18773;29/04/2020;213000
18784;18774;29/04/2020;270000
18785;18775;29/04/2020;85000
18786;18776;29/04/2020;64000
18787;18777;29/04/2020;113810
18788;18778;29/04/2020;78000
18789;18779;29/04/2020;83650
18790;18780;29/04/2020;192000
18791;18781;29/04/2020;329600
18792;18782;29/04/2020;241659
18793;18783;29/04/2020;159000
18794;18784;29/04/2020;113142
18795;18785;29/04/2020;136000
18796;18786;29/04/2020;375200
18797;18787;29/04/2020;147000
18798;18788;29/04/2020;57500
18799;18789;29/04/2020;151000
18800;18790;29/04/2020;197000
18801;18791;29/04/2020;29435
18802;18792;29/04/2020;65560
18803;18793;29/04/2020;41000
18804;18794;29/04/2020;538500
18805;18795;29/04/2020;33600
18806;18796;29/04/2020;512000
18807;18797;29/04/2020;77620
18808;18798;29/04/2020;184000
18809;18799;29/04/2020;231000
18810;18800;29/04/2020;63500
18811;18801;29/04/2020;28400
18812;18802;29/04/2020;52500
18813;18803;29/04/2020;112000
18814;18804;29/04/2020;53345
18815;18805;29/04/2020;82000
18816;18806;29/04/2020;128500
18817;18807;29/04/2020;161200
18818;18808;29/04/2020;131920
18819;18809;29/04/2020;98000
18820;18810;29/04/2020;289900
18821;18811;29/04/2020;35000
18822;18812;29/04/2020;42000
18823;18813;29/04/2020;95000
18824;18814;29/04/2020;104000
18825;18815;29/04/2020;28500
18826;18816;29/04/2020;63000
18827;18817;29/04/2020;65000
18828;18818;29/04/2020;62040
18829;18819;29/04/2020;137300
18830;18820;29/04/2020;125500
18831;18821;29/04/2020;510000
18832;18822;29/04/2020;93000
18833;18823;29/04/2020;114000
18834;18824;29/04/2020;82700
18835;18825;29/04/2020;99520
18836;18826;29/04/2020;36000
18837;18827;29/04/2020;72000
18838;18828;29/04/2020;61000
18839;18829;29/04/2020;125000
18840;18830;29/04/2020;114000
18841;18831;29/04/2020;190000
18842;18832;29/04/2020;100000
18843;18833;29/04/2020;242000
18844;18834;29/04/2020;209410
18845;18835;29/04/2020;132800
18846;18836;29/04/2020;375000
18847;18837;29/04/2020;315900
18848;18838;29/04/2020;160000
18849;18839;29/04/2020;192200
18850;18840;29/04/2020;270000
18851;18841;29/04/2020;286000
18852;18842;29/04/2020;159000
18853;18843;29/04/2020;127000
18854;18844;29/04/2020;106000
18855;18845;29/04/2020;186000
18856;18846;29/04/2020;249525
18857;18847;29/04/2020;232308
18858;18848;29/04/2020;409150
18859;18849;29/04/2020;1493300
18860;18850;29/04/2020;2300000
18861;18851;29/04/2020;1246000
18862;18852;29/04/2020;802000
18863;18853;29/04/2020;730000
18864;18854;29/04/2020;442800
18865;18855;29/04/2020;260000
18866;18856;29/04/2020;716434
18867;18857;29/04/2020;89000
18868;18858;29/04/2020;105000
18869;18859;29/04/2020;816000
18870;18860;29/04/2020;370000
18871;18861;29/04/2020;550000
18872;18862;29/04/2020;278696
18873;18863;29/04/2020;440000
18874;18864;29/04/2020;630000
18875;18865;29/04/2020;1556150
18876;18866;29/04/2020;170000
18877;18867;29/04/2020;621000
18878;18868;29/04/2020;212400
18879;18869;29/04/2020;458000
18880;18870;29/04/2020;317190
18881;18871;29/04/2020;218000
18882;18872;29/04/2020;425580
18883;18873;29/04/2020;288000
18884;18874;29/04/2020;344000
18885;18875;29/04/2020;105000
18886;18876;29/04/2020;88000
18887;18877;29/04/2020;68200
18888;18878;29/04/2020;259155
18889;18879;29/04/2020;196060
18890;18880;29/04/2020;190000
18891;18881;29/04/2020;254500
18892;18882;29/04/2020;40000
18893;18883;29/04/2020;135000
18894;18884;29/04/2020;190570
18895;18885;29/04/2020;212210
18896;18886;29/04/2020;217103
18897;18887;29/04/2020;288000
18898;18888;29/04/2020;64000
18899;18889;29/04/2020;144000
18900;18890;29/04/2020;645000
18901;18891;29/04/2020;132440
18902;18892;29/04/2020;300000
18903;18893;29/04/2020;129900
18904;18894;29/04/2020;133200
18905;18895;29/04/2020;187000
18906;18896;29/04/2020;165000
18907;18897;29/04/2020;65400
18908;18898;29/04/2020;258000
18909;18899;29/04/2020;360000
18910;18900;29/04/2020;220000
18911;18901;29/04/2020;175000
18912;18902;29/04/2020;224800
18913;18903;29/04/2020;411800
18914;18904;29/04/2020;585000
18915;18905;29/04/2020;181500
18916;18906;29/04/2020;130000
18917;18907;29/04/2020;180000
18918;18908;29/04/2020;376000
18919;18909;29/04/2020;165000
18920;18910;29/04/2020;205200
18921;18911;29/04/2020;75000
18922;18912;29/04/2020;796680
18923;18913;29/04/2020;180000
18924;18914;29/04/2020;750000
18925;18915;29/04/2020;606200
18926;18916;29/04/2020;144000
18927;18917;29/04/2020;153800
18928;18918;29/04/2020;426585
18929;18919;29/04/2020;123000
18930;18920;29/04/2020;130000
18931;18921;29/04/2020;60000
18932;18922;30/04/2020;245000
18933;18923;30/04/2020;48700
18934;18924;30/04/2020;130000
18935;18925;30/04/2020;77400
18936;18926;30/04/2020;43500
18937;18927;30/04/2020;146192
18938;18928;30/04/2020;65000
18939;18929;30/04/2020;185000
18940;18930;30/04/2020;125000
18941;18931;30/04/2020;645000
18942;18932;30/04/2020;290000
18943;18933;30/04/2020;128000
18944;18934;30/04/2020;285000
18945;18935;30/04/2020;85100
18946;18936;30/04/2020;254280
18947;18937;30/04/2020;324250
18948;18938;30/04/2020;695000
18949;18939;30/04/2020;310000
18950;18940;30/04/2020;355000
18951;18941;30/04/2020;145000
18952;18942;30/04/2020;180200
18953;18943;30/04/2020;178500
18954;18944;30/04/2020;117000
18955;18945;30/04/2020;85450
18956;18946;30/04/2020;166000
18957;18947;30/04/2020;38500
18958;18948;30/04/2020;42000
18959;18949;30/04/2020;39000
18960;18950;30/04/2020;64500
18961;18951;30/04/2020;211170
18962;18952;30/04/2020;164000
18963;18953;30/04/2020;106050
18964;18954;30/04/2020;92650
18965;18955;30/04/2020;269000
18966;18956;30/04/2020;80000
18967;18957;30/04/2020;143000
18968;18958;30/04/2020;172628
18969;18959;30/04/2020;180000
18970;18960;30/04/2020;338000
18971;18961;30/04/2020;148000
18972;18962;30/04/2020;139853
18973;18963;30/04/2020;112600
18974;18964;30/04/2020;83500
18975;18965;30/04/2020;57300
18976;18966;30/04/2020;78000
18977;18967;30/04/2020;152500
18978;18968;30/04/2020;123600
18979;18969;30/04/2020;132000
18980;18970;30/04/2020;104240
18981;18971;30/04/2020;122430
18982;18972;30/04/2020;127470
18983;18973;30/04/2020;39000
18984;18974;30/04/2020;163000
18985;18975;30/04/2020;92800
18986;18976;30/04/2020;114400
18987;18977;30/04/2020;48000
18988;18978;30/04/2020;222500
18989;18979;30/04/2020;59000
18990;18980;30/04/2020;74260
18991;18981;30/04/2020;218500
18992;18982;30/04/2020;100000
18993;18983;30/04/2020;178300
18994;18984;30/04/2020;235000
18995;18985;30/04/2020;120000
18996;18986;30/04/2020;105000
18997;18987;30/04/2020;220000
18998;18988;30/04/2020;164950
18999;18989;30/04/2020;112000
19000;18990;30/04/2020;122480
19001;18991;30/04/2020;236320
19002;18992;30/04/2020;67000
19003;18993;30/04/2020;452500
19004;18994;30/04/2020;75000
19005;18995;30/04/2020;143250
19006;18996;30/04/2020;425000
19007;18997;30/04/2020;199000
19008;18998;30/04/2020;185000
19009;18999;30/04/2020;262890
19010;19000;30/04/2020;191500
19011;19001;30/04/2020;135000
19012;19002;30/04/2020;162000
19013;19003;30/04/2020;135850
19014;19004;30/04/2020;54400
19015;19005;30/04/2020;54560
19016;19006;30/04/2020;255000
19017;19007;30/04/2020;276900
19018;19008;30/04/2020;65000
19019;19009;30/04/2020;214830
19020;19010;30/04/2020;176000
19021;19011;30/04/2020;387000
19022;19012;30/04/2020;195000
19023;19013;30/04/2020;219000
19024;19014;30/04/2020;197000
19025;19015;30/04/2020;126100
19026;19016;30/04/2020;82343
19027;19017;30/04/2020;82751
19028;19018;30/04/2020;169000
19029;19019;30/04/2020;54000
19030;19020;30/04/2020;80000
19031;19021;30/04/2020;410150
19032;19022;30/04/2020;89900
19033;19023;30/04/2020;240000
19034;19024;30/04/2020;123750
19035;19025;30/04/2020;173800
19036;19026;30/04/2020;180050
19037;19027;30/04/2020;170000
19038;19028;30/04/2020;220000
19039;19029;30/04/2020;110000
19040;19030;30/04/2020;172800
19041;19031;30/04/2020;256500
19042;19032;30/04/2020;255000
19043;19033;30/04/2020;202400
19044;19034;30/04/2020;260800
19045;19035;30/04/2020;85000
19046;19036;30/04/2020;105000
19047;19037;30/04/2020;180000
19048;19038;30/04/2020;128500
19049;19039;30/04/2020;155000
19050;19040;30/04/2020;65500
19051;19041;30/04/2020;34340
19052;19042;30/04/2020;123000
19053;19043;30/04/2020;196000
19054;19044;30/04/2020;58000
19055;19045;30/04/2020;226500
19056;19046;30/04/2020;327000
19057;19047;30/04/2020;108995
19058;19048;30/04/2020;76000
19059;19049;30/04/2020;472000
19060;19050;30/04/2020;140000
19061;19051;30/04/2020;139990
19062;19052;30/04/2020;92000
19063;19053;30/04/2020;127000
19064;19054;30/04/2020;131000
19065;19055;30/04/2020;87000
19066;19056;30/04/2020;169000
19067;19057;30/04/2020;112350
19068;19058;30/04/2020;113000
19069;19059;30/04/2020;107670
19070;19060;30/04/2020;97300
19071;19061;30/04/2020;160000
19072;19062;30/04/2020;83100
19073;19063;30/04/2020;224000
19074;19064;30/04/2020;75500
19075;19065;30/04/2020;45000
19076;19066;30/04/2020;70000
19077;19067;30/04/2020;31500
19078;19068;30/04/2020;71940
19079;19069;30/04/2020;70000
19080;19070;30/04/2020;129400
19081;19071;30/04/2020;80500
19082;19072;30/04/2020;110000
19083;19073;30/04/2020;67000
19084;19074;30/04/2020;70000
19085;19075;30/04/2020;83800
19086;19076;30/04/2020;135000
19087;19077;30/04/2020;57500
19088;19078;30/04/2020;62500
19089;19079;30/04/2020;105000
19090;19080;30/04/2020;106700
19091;19081;30/04/2020;150000
19092;19082;30/04/2020;408550
19093;19083;30/04/2020;61050
19094;19084;30/04/2020;440000
19095;19085;30/04/2020;112000
19096;19086;30/04/2020;148000
19097;19087;30/04/2020;347000
19098;19088;30/04/2020;161418
19099;19089;30/04/2020;180000
19100;19090;30/04/2020;57000
19101;19091;30/04/2020;88000
19102;19092;30/04/2020;114250
19103;19093;30/04/2020;262387
19104;19094;30/04/2020;47000
19105;19095;30/04/2020;49000
19106;19096;30/04/2020;36000
19107;19097;30/04/2020;115000
19108;19098;30/04/2020;785000
19109;19099;30/04/2020;156000
19110;19100;30/04/2020;26500
19111;19101;30/04/2020;106840
19112;19102;30/04/2020;33000
19113;19103;30/04/2020;54510
19114;19104;30/04/2020;149815
19115;19105;30/04/2020;57000
19116;19106;30/04/2020;181480
19117;19107;30/04/2020;60000
19118;19108;30/04/2020;55500
19119;19109;30/04/2020;92000
19120;19110;30/04/2020;118000
19121;19111;30/04/2020;244000
19122;19112;30/04/2020;385775
19123;19113;30/04/2020;131165
19124;19114;30/04/2020;260000
19125;19115;30/04/2020;39195
19126;19116;30/04/2020;226900
19127;19117;30/04/2020;116190
19128;19118;30/04/2020;273000
19129;19119;30/04/2020;120000
19130;19120;30/04/2020;193600
19131;19121;30/04/2020;308525
19132;19122;30/04/2020;58000
19133;19123;30/04/2020;285000
19134;19124;30/04/2020;395000
19135;19125;30/04/2020;361000
19136;19126;30/04/2020;119000
19137;19127;30/04/2020;167500
19138;19128;30/04/2020;122500
19139;19129;30/04/2020;422000
19140;19130;30/04/2020;309000
19141;19131;30/04/2020;140000
19142;19132;30/04/2020;180000
19143;19133;30/04/2020;354720
19144;19134;30/04/2020;148000
19145;19135;30/04/2020;296000
19146;19136;30/04/2020;180000
19147;19137;30/04/2020;75000
19148;19138;30/04/2020;39000
19149;19139;30/04/2020;52800
19150;19140;30/04/2020;99900
19151;19141;30/04/2020;105990
19152;19142;30/04/2020;93300
19153;19143;30/04/2020;107500
19154;19144;30/04/2020;76000
19155;19145;30/04/2020;84870
19156;19146;30/04/2020;620250
19157;19147;30/04/2020;301000
19158;19148;30/04/2020;83000
19159;19149;30/04/2020;125610
19160;19150;30/04/2020;181450
19161;19151;30/04/2020;295500
19162;19152;30/04/2020;35150
19163;19153;30/04/2020;71000
19164;19154;30/04/2020;145300
19165;19155;30/04/2020;155800
19166;19156;30/04/2020;195000
19167;19157;30/04/2020;653850
19168;19158;30/04/2020;6600000
19169;19159;30/04/2020;1349100
19170;19160;30/04/2020;1750000
19171;19161;30/04/2020;950000
19172;19162;30/04/2020;383500
19173;19163;30/04/2020;336000
19174;19164;30/04/2020;190000
19175;19165;30/04/2020;507000
19176;19166;30/04/2020;472986
19177;19167;30/04/2020;350000
19178;19168;30/04/2020;1050000
19179;19169;30/04/2020;792000
19180;19170;30/04/2020;204000
19181;19171;30/04/2020;814000
19182;19172;30/04/2020;290000
19183;19173;30/04/2020;645950
19184;19174;30/04/2020;269000
19185;19175;30/04/2020;2696100
19186;19176;30/04/2020;591000
19187;19177;30/04/2020;1020000
19188;19178;30/04/2020;1273000
19189;19179;30/04/2020;1600000
19190;19180;30/04/2020;875000
19191;19181;30/04/2020;1441700
19192;19182;30/04/2020;1150000
19193;19183;30/04/2020;280000
19194;19184;30/04/2020;835000
19195;19185;30/04/2020;1321200
19196;19186;30/04/2020;1376500
19197;19187;30/04/2020;706690
19198;19188;30/04/2020;670000
19199;19189;30/04/2020;233500
19200;19190;30/04/2020;428400
19201;19191;30/04/2020;226100
19202;19192;30/04/2020;493000
19203;19193;30/04/2020;735000
19204;19194;30/04/2020;369220
19205;19195;30/04/2020;274000
19206;19196;30/04/2020;970000
19207;19197;30/04/2020;392000
19208;19198;30/04/2020;724000
19209;19199;30/04/2020;1450000
19210;19200;30/04/2020;650000
19211;19201;30/04/2020;387100
19212;19202;30/04/2020;137000
19213;19203;30/04/2020;310000
19214;19204;30/04/2020;1039000
19215;19205;30/04/2020;316900
19216;19206;30/04/2020;243841
19217;19207;30/04/2020;840000
19218;19208;30/04/2020;151000
19219;19209;30/04/2020;750000
19220;19210;30/04/2020;206000
19221;19211;30/04/2020;225000
19222;19212;30/04/2020;753000
19223;19213;30/04/2020;562740
19224;19214;30/04/2020;1832900
19225;19215;30/04/2020;4130000
19226;19216;30/04/2020;821500
19227;19217;30/04/2020;92000
19228;19218;30/04/2020;539000
19229;19219;30/04/2020;477300
19230;19220;30/04/2020;237000
19231;19221;30/04/2020;66000
19232;19222;30/04/2020;601500
19233;19223;30/04/2020;155520
19234;19224;30/04/2020;532000
19235;19225;30/04/2020;100311
19236;19226;30/04/2020;85680
19237;19227;30/04/2020;738950
19238;19228;30/04/2020;334710
19239;19229;30/04/2020;1020000
19240;19230;30/04/2020;762700
19241;19231;30/04/2020;127000
19242;19232;30/04/2020;175000
19243;19233;30/04/2020;32500
19244;19234;30/04/2020;180000
19245;19235;30/04/2020;160500
19246;19236;30/04/2020;186900
19247;19237;30/04/2020;214630
19248;19238;30/04/2020;214000
19249;19239;30/04/2020;100700
19250;19240;30/04/2020;218500
19251;19241;30/04/2020;350000
19252;19242;30/04/2020;198500
19253;19243;30/04/2020;86000
19254;19244;30/04/2020;80000
19255;19245;30/04/2020;63000
19256;19246;30/04/2020;129000
19257;19247;30/04/2020;163000
19258;19248;30/04/2020;148000
19259;19249;30/04/2020;198000
19260;19250;30/04/2020;290000
19261;19251;30/04/2020;425550
19262;19252;30/04/2020;122000
19263;19253;30/04/2020;107400
19264;19254;30/04/2020;143500
19265;19255;30/04/2020;130000
19266;19256;30/04/2020;137000
19267;19257;30/04/2020;184000
19268;19258;30/04/2020;183000
19269;19259;30/04/2020;109450
19270;19260;30/04/2020;181250
19271;19261;30/04/2020;132000
19272;19262;30/04/2020;258000
19273;19263;30/04/2020;237735
19274;19264;30/04/2020;153000
19275;19265;30/04/2020;121000
19276;19266;30/04/2020;300000
19277;19267;30/04/2020;140000
19278;19268;30/04/2020;162000
19279;19269;30/04/2020;318550
19280;19270;30/04/2020;466000
19281;19271;30/04/2020;510000
19282;19272;30/04/2020;268000
19283;19273;30/04/2020;215500
19284;19274;30/04/2020;71000
19285;19275;30/04/2020;202700
19286;19276;30/04/2020;134800
19287;19277;30/04/2020;163200
19288;19278;30/04/2020;130000
19289;19279;30/04/2020;60000
19290;19280;30/04/2020;180000
19291;19281;30/04/2020;76700
19292;19282;30/04/2020;51300
19293;19283;30/04/2020;1017500
19294;19284;30/04/2020;94500
19295;19285;30/04/2020;177000
19296;19286;30/04/2020;330100
19297;19287;30/04/2020;380000
19298;19288;30/04/2020;139500
19299;19289;30/04/2020;105000
19300;19290;30/04/2020;205000
19301;19291;30/04/2020;55000
19302;19292;30/04/2020;91000
19303;19293;30/04/2020;117000
19304;19294;30/04/2020;82000
19305;19295;30/04/2020;298770
19306;19296;30/04/2020;90000
19307;19297;30/04/2020;66000
19308;19298;30/04/2020;150000
19309;19299;30/04/2020;75000
19310;19300;30/04/2020;185250
19311;19301;30/04/2020;78000
19312;19302;30/04/2020;92000
19313;19303;30/04/2020;260500
19314;19304;30/04/2020;48015
19315;19305;30/04/2020;161000
19316;19306;30/04/2020;53700
19317;19307;30/04/2020;127050
19318;19308;30/04/2020;68500
19319;19309;30/04/2020;22500
19320;19310;30/04/2020;69200
19321;19311;30/04/2020;88000
19322;19312;30/04/2020;101000
19323;19313;30/04/2020;270000
19324;19314;30/04/2020;125000
19325;19315;30/04/2020;203000
19326;19316;30/04/2020;135000
19327;19317;30/04/2020;148560
19328;19318;30/04/2020;214236
19329;19319;30/04/2020;273260
19330;19320;30/04/2020;393600
19331;19321;30/04/2020;142000
19332;19322;30/04/2020;281000
19333;19323;30/04/2020;135000
19334;19324;30/04/2020;116500
19335;19325;30/04/2020;165000
19336;19326;30/04/2020;267000
19337;19327;30/04/2020;158000
19338;19328;30/04/2020;450000
19339;19329;30/04/2020;675000
19340;19330;30/04/2020;322000
19341;19331;30/04/2020;470390
19342;19332;30/04/2020;180000
19343;19333;30/04/2020;356155
19344;19334;30/04/2020;295000
19345;19335;30/04/2020;320000
19346;19336;30/04/2020;343300
19347;19337;30/04/2020;500000
19348;19338;30/04/2020;290000
19349;19339;30/04/2020;553500
19350;19340;30/04/2020;134134
19351;19341;30/04/2020;1099950
19352;19342;30/04/2020;510000
19353;19343;30/04/2020;345000
19354;19344;30/04/2020;135000
19355;19345;30/04/2020;130000
19356;19346;30/04/2020;168000
19357;19347;30/04/2020;347000
19358;19348;30/04/2020;235000
19359;19349;30/04/2020;232000
19360;19350;30/04/2020;238000
19361;19351;30/04/2020;198000
19362;19352;30/04/2020;160000
19363;19353;30/04/2020;164000
19364;19354;30/04/2020;177000
19365;19355;30/04/2020;280000
19366;19356;30/04/2020;197060
19367;19357;30/04/2020;254150
19368;19358;30/04/2020;126000
19369;19359;30/04/2020;185000
19370;19360;30/04/2020;257600
19371;19361;30/04/2020;230760
19372;19362;30/04/2020;125000
19373;19363;30/04/2020;108070
19374;19364;30/04/2020;286000
19375;19365;30/04/2020;239571
19376;19366;30/04/2020;172000
19377;19367;30/04/2020;135000
19378;19368;30/04/2020;240000
19379;19369;30/04/2020;198000
19380;19370;30/04/2020;255000
19381;19371;30/04/2020;174000
19382;19372;30/04/2020;158000
19383;19373;30/04/2020;200000
19384;19374;30/04/2020;143000
19385;19375;30/04/2020;255000
19386;19376;30/04/2020;216500
19387;19377;30/04/2020;390000
19388;19378;30/04/2020;278000
19389;19379;30/04/2020;107800
19390;19380;30/04/2020;180000
19391;19381;30/04/2020;90000
19392;19382;30/04/2020;110000
19393;19383;30/04/2020;260000
19394;19384;30/04/2020;210000
19395;19385;01/05/2020;165000
19396;19386;01/05/2020;493000
19397;19387;02/05/2020;212265
19398;19388;02/05/2020;625000
19399;19389;04/05/2020;34000
19400;19390;04/05/2020;87000
19401;19391;04/05/2020;765000
19402;19392;04/05/2020;
19403;19393;04/05/2020;208500
19404;19394;04/05/2020;309000
19405;19395;04/05/2020;201470
19406;19396;04/05/2020;257400
19407;19397;04/05/2020;70000
19408;19398;04/05/2020;289000
19409;19399;04/05/2020;44500
19410;19400;04/05/2020;38000
19411;19401;04/05/2020;129000
19412;19402;04/05/2020;76550
19413;19403;04/05/2020;22500
19414;19404;04/05/2020;92000
19415;19405;04/05/2020;202586
19416;19406;04/05/2020;100000
19417;19407;04/05/2020;380000
19418;19408;04/05/2020;20000
19419;19409;04/05/2020;311450
19420;19410;04/05/2020;213000
19421;19411;04/05/2020;143050
19422;19412;04/05/2020;126000
19423;19413;04/05/2020;57955
19424;19414;04/05/2020;135000
19425;19415;04/05/2020;99000
19426;19416;04/05/2020;180920
19427;19417;04/05/2020;160000
19428;19418;04/05/2020;144000
19429;19419;04/05/2020;56750
19430;19420;04/05/2020;162000
19431;19421;04/05/2020;600000
19432;19422;04/05/2020;82000
19433;19423;04/05/2020;96000
19434;19424;04/05/2020;92000
19435;19425;04/05/2020;157000
19436;19426;04/05/2020;34460
19437;19427;04/05/2020;125000
19438;19428;04/05/2020;126526
19439;19429;04/05/2020;96500
19440;19430;04/05/2020;145000
19441;19431;04/05/2020;78500
19442;19432;04/05/2020;75000
19443;19433;04/05/2020;105000
19444;19434;04/05/2020;150400
19445;19435;04/05/2020;60000
19446;19436;04/05/2020;45000
19447;19437;04/05/2020;77000
19448;19438;04/05/2020;83000
19449;19439;04/05/2020;55000
19450;19440;04/05/2020;123000
19451;19441;04/05/2020;90000
19452;19442;04/05/2020;38500
19453;19443;04/05/2020;85000
19454;19444;04/05/2020;95000
19455;19445;04/05/2020;205000
19456;19446;04/05/2020;304800
19457;19447;04/05/2020;77000
19458;19448;04/05/2020;109500
19459;19449;04/05/2020;430000
19460;19450;04/05/2020;965000
19461;19451;04/05/2020;213400
19462;19452;04/05/2020;268000
19463;19453;04/05/2020;215000
19464;19454;04/05/2020;57500
19465;19455;04/05/2020;88000
19466;19456;04/05/2020;213000
19467;19457;04/05/2020;489000
19468;19458;04/05/2020;64000
19469;19459;04/05/2020;430000
19470;19460;04/05/2020;412126
19471;19461;04/05/2020;1259000
19472;19462;04/05/2020;1550000
19473;19463;04/05/2020;190000
19474;19464;04/05/2020;538900
19475;19465;04/05/2020;408400
19476;19466;04/05/2020;627250
19477;19467;04/05/2020;640000
19478;19468;04/05/2020;353220
19479;19469;04/05/2020;384800
19480;19470;04/05/2020;810170
19481;19471;04/05/2020;440000
19482;19472;04/05/2020;1076881
19483;19473;04/05/2020;141000
19484;19474;04/05/2020;325000
19485;19475;04/05/2020;345120
19486;19476;04/05/2020;655000
19487;19477;04/05/2020;83000
19488;19478;04/05/2020;398550
19489;19479;04/05/2020;299750
19490;19480;04/05/2020;156000
19491;19481;04/05/2020;303000
19492;19482;04/05/2020;120000
19493;19483;04/05/2020;220800
19494;19484;04/05/2020;379555
19495;19485;04/05/2020;795000
19496;19486;04/05/2020;107180
19497;19487;04/05/2020;252000
19498;19488;04/05/2020;263140
19499;19489;04/05/2020;110000
19500;19490;04/05/2020;148000
19501;19491;04/05/2020;120000
19502;19492;04/05/2020;185500
19503;19493;04/05/2020;325000
19504;19494;04/05/2020;140000
19505;19495;04/05/2020;16000
19506;19496;04/05/2020;63000
19507;19497;04/05/2020;335800
19508;19498;04/05/2020;266140
19509;19499;04/05/2020;404000
19510;19500;04/05/2020;1300000
19511;19501;04/05/2020;367500
19512;19502;04/05/2020;81000
19513;19503;04/05/2020;157500
19514;19504;04/05/2020;107589
19515;19505;04/05/2020;65087
19516;19506;04/05/2020;237200
19517;19507;04/05/2020;160000
19518;19508;04/05/2020;375000
19519;19509;04/05/2020;336000
19520;19510;04/05/2020;311000
19521;19511;04/05/2020;108000
19522;19512;04/05/2020;307000
19523;19513;04/05/2020;573000
19524;19514;04/05/2020;120000
19525;19515;04/05/2020;334100
19526;19516;05/05/2020;162000
19527;19517;05/05/2020;128490
19528;19518;05/05/2020;100000
19529;19519;05/05/2020;223000
19530;19520;05/05/2020;292500
19531;19521;05/05/2020;378000
19532;19522;05/05/2020;113000
19533;19523;05/05/2020;219000
19534;19524;05/05/2020;420000
19535;19525;05/05/2020;182000
19536;19526;05/05/2020;63000
19537;19527;05/05/2020;83470
19538;19528;05/05/2020;106000
19539;19529;05/05/2020;46500
19540;19530;05/05/2020;89900
19541;19531;05/05/2020;218000
19542;19532;05/05/2020;75000
19543;19533;05/05/2020;59000
19544;19534;05/05/2020;191150
19545;19535;05/05/2020;242000
19546;19536;05/05/2020;174900
19547;19537;05/05/2020;208663
19548;19538;05/05/2020;110000
19549;19539;05/05/2020;128500
19550;19540;05/05/2020;203000
19551;19541;05/05/2020;238600
19552;19542;05/05/2020;140000
19553;19543;05/05/2020;78600
19554;19544;05/05/2020;332000
19555;19545;05/05/2020;214970
19556;19546;05/05/2020;176000
19557;19547;05/05/2020;194800
19558;19548;05/05/2020;106000
19559;19549;05/05/2020;285000
19560;19550;05/05/2020;395000
19561;19551;05/05/2020;156000
19562;19552;05/05/2020;153000
19563;19553;05/05/2020;141700
19564;19554;05/05/2020;77000
19565;19555;05/05/2020;120000
19566;19556;05/05/2020;59000
19567;19557;05/05/2020;101300
19568;19558;05/05/2020;90000
19569;19559;05/05/2020;97000
19570;19560;05/05/2020;76000
19571;19561;05/05/2020;53000
19572;19562;05/05/2020;270000
19573;19563;05/05/2020;178000
19574;19564;05/05/2020;145000
19575;19565;05/05/2020;35000
19576;19566;05/05/2020;67000
19577;19567;05/05/2020;178000
19578;19568;05/05/2020;66000
19579;19569;05/05/2020;232557
19580;19570;05/05/2020;199000
19581;19571;05/05/2020;461215
19582;19572;05/05/2020;109220
19583;19573;05/05/2020;133000
19584;19574;05/05/2020;300650
19585;19575;05/05/2020;475650
19586;19576;05/05/2020;738715
19587;19577;05/05/2020;800000
19588;19578;05/05/2020;499000
19589;19579;05/05/2020;579772
19590;19580;05/05/2020;696000
19591;19581;05/05/2020;706000
19592;19582;05/05/2020;1195300
19593;19583;05/05/2020;325000
19594;19584;05/05/2020;375280
19595;19585;05/05/2020;118000
19596;19586;05/05/2020;135000
19597;19587;05/05/2020;58000
19598;19588;05/05/2020;243950
19599;19589;05/05/2020;91800
19600;19590;05/05/2020;239000
19601;19591;05/05/2020;122000
19602;19592;05/05/2020;106000
19603;19593;05/05/2020;196000
19604;19594;05/05/2020;239000
19605;19595;05/05/2020;182700
19606;19596;05/05/2020;233500
19607;19597;05/05/2020;151500
19608;19598;05/05/2020;330000
19609;19599;05/05/2020;450000
19610;19600;05/05/2020;246000
19611;19601;05/05/2020;27500
19612;19602;05/05/2020;90000
19613;19603;05/05/2020;23000
19614;19604;05/05/2020;113250
19615;19605;05/05/2020;255000
19616;19606;05/05/2020;247000
19617;19607;05/05/2020;427100
19618;19608;05/05/2020;230000
19619;19609;05/05/2020;300000
19620;19610;05/05/2020;382670
19621;19611;05/05/2020;260000
19622;19612;05/05/2020;630000
19623;19613;05/05/2020;479800
19624;19614;05/05/2020;246000
19625;19615;05/05/2020;197000
19626;19616;05/05/2020;224000
19627;19617;05/05/2020;145000
19628;19618;05/05/2020;248800
19629;19619;06/05/2020;294000
19630;19620;06/05/2020;115000
19631;19621;06/05/2020;80900
19632;19622;06/05/2020;65000
19633;19623;06/05/2020;45500
19634;19624;06/05/2020;80000
19635;19625;06/05/2020;154000
19636;19626;06/05/2020;150000
19637;19627;06/05/2020;190450
19638;19628;06/05/2020;120560
19639;19629;06/05/2020;440000
19640;19630;06/05/2020;115000
19641;19631;06/05/2020;214000
19642;19632;06/05/2020;62000
19643;19633;06/05/2020;57500
19644;19634;06/05/2020;55000
19645;19635;06/05/2020;79000
19646;19636;06/05/2020;41000
19647;19637;06/05/2020;63000
19648;19638;06/05/2020;205000
19649;19639;06/05/2020;395000
19650;19640;06/05/2020;220000
19651;19641;06/05/2020;195000
19652;19642;06/05/2020;118500
19653;19643;06/05/2020;82000
19654;19644;06/05/2020;325000
19655;19645;06/05/2020;109500
19656;19646;06/05/2020;91020
19657;19647;06/05/2020;75000
19658;19648;06/05/2020;24000
19659;19649;06/05/2020;174500
19660;19650;06/05/2020;458700
19661;19651;06/05/2020;88000
19662;19652;06/05/2020;238000
19663;19653;06/05/2020;299200
19664;19654;06/05/2020;60000
19665;19655;06/05/2020;122000
19666;19656;06/05/2020;141000
19667;19657;06/05/2020;119000
19668;19658;06/05/2020;188000
19669;19659;06/05/2020;247500
19670;19660;06/05/2020;236945
19671;19661;06/05/2020;108000
19672;19662;06/05/2020;150000
19673;19663;06/05/2020;135000
19674;19664;06/05/2020;80000
19675;19665;06/05/2020;349500
19676;19666;06/05/2020;43500
19677;19667;06/05/2020;50000
19678;19668;06/05/2020;71000
19679;19669;06/05/2020;118750
19680;19670;06/05/2020;206000
19681;19671;06/05/2020;63200
19682;19672;06/05/2020;110000
19683;19673;06/05/2020;156750
19684;19674;06/05/2020;200000
19685;19675;06/05/2020;188000
19686;19676;06/05/2020;160000
19687;19677;06/05/2020;92000
19688;19678;06/05/2020;87000
19689;19679;06/05/2020;94000
19690;19680;06/05/2020;53000
19691;19681;06/05/2020;42500
19692;19682;06/05/2020;167305
19693;19683;06/05/2020;305000
19694;19684;06/05/2020;152000
19695;19685;06/05/2020;177200
19696;19686;06/05/2020;116900
19697;19687;06/05/2020;62500
19698;19688;06/05/2020;270917
19699;19689;06/05/2020;180500
19700;19690;06/05/2020;336500
19701;19691;06/05/2020;155000
19702;19692;06/05/2020;344452
19703;19693;06/05/2020;299500
19704;19694;06/05/2020;165000
19705;19695;06/05/2020;560000
19706;19696;06/05/2020;686000
19707;19697;06/05/2020;626656
19708;19698;06/05/2020;315000
19709;19699;06/05/2020;364385
19710;19700;06/05/2020;251000
19711;19701;06/05/2020;189000
19712;19702;06/05/2020;400000
19713;19703;06/05/2020;590680
19714;19704;06/05/2020;454825
19715;19705;06/05/2020;261000
19716;19706;06/05/2020;381810
19717;19707;06/05/2020;529000
19718;19708;06/05/2020;86000
19719;19709;06/05/2020;140000
19720;19710;06/05/2020;102000
19721;19711;06/05/2020;255500
19722;19712;06/05/2020;332500
19723;19713;06/05/2020;306165
19724;19714;06/05/2020;163500
19725;19715;06/05/2020;172632
19726;19716;06/05/2020;118000
19727;19717;06/05/2020;58000
19728;19718;06/05/2020;87000
19729;19719;06/05/2020;67365
19730;19720;06/05/2020;66000
19731;19721;06/05/2020;103000
19732;19722;06/05/2020;119100
19733;19723;06/05/2020;199000
19734;19724;06/05/2020;164400
19735;19725;06/05/2020;80000
19736;19726;06/05/2020;276980
19737;19727;06/05/2020;548050
19738;19728;06/05/2020;460755
19739;19729;06/05/2020;208330
19740;19730;06/05/2020;258355
19741;19731;06/05/2020;107541
19742;19732;06/05/2020;425000
19743;19733;06/05/2020;145145
19744;19734;06/05/2020;307000
19745;19735;06/05/2020;118000
19746;19736;06/05/2020;290000
19747;19737;06/05/2020;320500
19748;19738;06/05/2020;151000
19749;19739;06/05/2020;273000
19750;19740;06/05/2020;188000
19751;19741;06/05/2020;270220
19752;19742;06/05/2020;167000
19753;19743;06/05/2020;115000
19754;19744;06/05/2020;1600000
19755;19745;06/05/2020;320000
19756;19746;06/05/2020;215000
19757;19747;07/05/2020;188000
19758;19748;07/05/2020;483800
19759;19749;07/05/2020;185000
19760;19750;07/05/2020;51400
19761;19751;07/05/2020;29500
19762;19752;07/05/2020;97500
19763;19753;07/05/2020;138000
19764;19754;07/05/2020;502000
19765;19755;07/05/2020;149000
19766;19756;07/05/2020;302000
19767;19757;07/05/2020;47000
19768;19758;07/05/2020;90000
19769;19759;07/05/2020;36000
19770;19760;07/05/2020;62000
19771;19761;07/05/2020;138000
19772;19762;07/05/2020;106435
19773;19763;07/05/2020;42000
19774;19764;07/05/2020;215000
19775;19765;07/05/2020;95000
19776;19766;07/05/2020;172000
19777;19767;07/05/2020;90000
19778;19768;07/05/2020;125000
19779;19769;07/05/2020;47000
19780;19770;07/05/2020;98000
19781;19771;07/05/2020;36000
19782;19772;07/05/2020;77600
19783;19773;07/05/2020;65700
19784;19774;07/05/2020;119000
19785;19775;07/05/2020;132880
19786;19776;07/05/2020;205050
19787;19777;07/05/2020;86000
19788;19778;07/05/2020;125000
19789;19779;07/05/2020;55000
19790;19780;07/05/2020;137500
19791;19781;07/05/2020;81500
19792;19782;07/05/2020;209000
19793;19783;07/05/2020;132050
19794;19784;07/05/2020;96000
19795;19785;07/05/2020;63000
19796;19786;07/05/2020;269650
19797;19787;07/05/2020;142000
19798;19788;07/05/2020;365750
19799;19789;07/05/2020;95000
19800;19790;07/05/2020;387500
19801;19791;07/05/2020;170000
19802;19792;07/05/2020;342500
19803;19793;07/05/2020;155000
19804;19794;07/05/2020;263700
19805;19795;07/05/2020;128800
19806;19796;07/05/2020;53200
19807;19797;07/05/2020;52900
19808;19798;07/05/2020;64000
19809;19799;07/05/2020;125000
19810;19800;07/05/2020;78000
19811;19801;07/05/2020;200000
19812;19802;07/05/2020;103000
19813;19803;07/05/2020;125000
19814;19804;07/05/2020;192000
19815;19805;07/05/2020;339200
19816;19806;07/05/2020;201100
19817;19807;07/05/2020;122000
19818;19808;07/05/2020;110200
19819;19809;07/05/2020;205000
19820;19810;07/05/2020;38500
19821;19811;07/05/2020;15000
19822;19812;07/05/2020;272500
19823;19813;07/05/2020;94500
19824;19814;07/05/2020;17200
19825;19815;07/05/2020;34000
19826;19816;07/05/2020;152280
19827;19817;07/05/2020;49000
19828;19818;07/05/2020;524246
19829;19819;07/05/2020;72000
19830;19820;07/05/2020;162000
19831;19821;07/05/2020;170000
19832;19822;07/05/2020;230000
19833;19823;07/05/2020;170600
19834;19824;07/05/2020;171000
19835;19825;07/05/2020;71875
19836;19826;07/05/2020;45000
19837;19827;07/05/2020;73500
19838;19828;07/05/2020;120000
19839;19829;07/05/2020;52010
19840;19830;07/05/2020;99000
19841;19831;07/05/2020;42950
19842;19832;07/05/2020;245000
19843;19833;07/05/2020;60000
19844;19834;07/05/2020;281000
19845;19835;07/05/2020;95000
19846;19836;07/05/2020;114000
19847;19837;07/05/2020;262565
19848;19838;07/05/2020;270500
19849;19839;07/05/2020;130000
19850;19840;07/05/2020;77220
19851;19841;07/05/2020;95000
19852;19842;07/05/2020;85000
19853;19843;07/05/2020;79000
19854;19844;07/05/2020;100000
19855;19845;07/05/2020;104500
19856;19846;07/05/2020;143000
19857;19847;07/05/2020;138000
19858;19848;07/05/2020;63000
19859;19849;07/05/2020;57000
19860;19850;07/05/2020;49020
19861;19851;07/05/2020;73000
19862;19852;07/05/2020;572000
19863;19853;07/05/2020;174400
19864;19854;07/05/2020;139900
19865;19855;07/05/2020;390100
19866;19856;07/05/2020;160000
19867;19857;07/05/2020;115000
19868;19858;07/05/2020;235000
19869;19859;07/05/2020;234900
19870;19860;07/05/2020;354900
19871;19861;07/05/2020;231820
19872;19862;07/05/2020;318650
19873;19863;07/05/2020;250800
19874;19864;07/05/2020;199000
19875;19865;07/05/2020;245000
19876;19866;07/05/2020;65000
19877;19867;07/05/2020;92080
19878;19868;07/05/2020;100000
19879;19869;07/05/2020;120000
19880;19870;07/05/2020;463720
19881;19871;07/05/2020;457381
19882;19872;07/05/2020;102500
19883;19873;07/05/2020;160000
19884;19874;07/05/2020;350000
19885;19875;07/05/2020;376000
19886;19876;07/05/2020;665000
19887;19877;07/05/2020;515000
19888;19878;07/05/2020;381425
19889;19879;07/05/2020;520000
19890;19880;07/05/2020;309000
19891;19881;07/05/2020;115000
19892;19882;07/05/2020;210260
19893;19883;07/05/2020;321300
19894;19884;07/05/2020;255740
19895;19885;07/05/2020;336000
19896;19886;07/05/2020;180000
19897;19887;07/05/2020;177400
19898;19888;07/05/2020;125000
19899;19889;07/05/2020;444000
19900;19890;07/05/2020;506000
19901;19891;07/05/2020;895000
19902;19892;07/05/2020;412000
19903;19893;07/05/2020;483371
19904;19894;07/05/2020;1109900
19905;19895;07/05/2020;3000
19906;19896;07/05/2020;718000
19907;19897;07/05/2020;861953
19908;19898;07/05/2020;361500
19909;19899;07/05/2020;659510
19910;19900;07/05/2020;536000
19911;19901;07/05/2020;361300
19912;19902;07/05/2020;190500
19913;19903;07/05/2020;405000
19914;19904;07/05/2020;76000
19915;19905;07/05/2020;51940
19916;19906;07/05/2020;54990
19917;19907;07/05/2020;70000
19918;19908;07/05/2020;336836
19919;19909;07/05/2020;83000
19920;19910;07/05/2020;226000
19921;19911;07/05/2020;97500
19922;19912;07/05/2020;57000
19923;19913;07/05/2020;165500
19924;19914;07/05/2020;239000
19925;19915;07/05/2020;245000
19926;19916;07/05/2020;385800
19927;19917;07/05/2020;277000
19928;19918;07/05/2020;245800
19929;19919;07/05/2020;365500
19930;19920;07/05/2020;132500
19931;19921;07/05/2020;40000
19932;19922;07/05/2020;133000
19933;19923;07/05/2020;215000
19934;19924;07/05/2020;85000
19935;19925;07/05/2020;200000
19936;19926;07/05/2020;208800
19937;19927;07/05/2020;92500
19938;19928;07/05/2020;48000
19939;19929;07/05/2020;210000
19940;19930;07/05/2020;126100
19941;19931;07/05/2020;130970
19942;19932;07/05/2020;69000
19943;19933;07/05/2020;88000
19944;19934;07/05/2020;133750
19945;19935;07/05/2020;28000
19946;19936;07/05/2020;49000
19947;19937;07/05/2020;65550
19948;19938;07/05/2020;65000
19949;19939;07/05/2020;215000
19950;19940;07/05/2020;269500
19951;19941;07/05/2020;167000
19952;19942;07/05/2020;183120
19953;19943;07/05/2020;240500
19954;19944;07/05/2020;396500
19955;19945;07/05/2020;95000
19956;19946;07/05/2020;295000
19957;19947;07/05/2020;484800
19958;19948;07/05/2020;650000
19959;19949;07/05/2020;118000
19960;19950;07/05/2020;723800
19961;19951;07/05/2020;2950000
19962;19952;07/05/2020;1012500
19963;19953;07/05/2020;135000
19964;19954;07/05/2020;87500
19965;19955;07/05/2020;243000
19966;19956;07/05/2020;247800
19967;19957;07/05/2020;500000
19968;19958;07/05/2020;643000
19969;19959;07/05/2020;304000
19970;19960;07/05/2020;102400
19971;19961;07/05/2020;829500
19972;19962;07/05/2020;199000
19973;19963;07/05/2020;110000
19974;19964;07/05/2020;220000
19975;19965;07/05/2020;203000
19976;19966;07/05/2020;154000
19977;19967;07/05/2020;92000
19978;19968;07/05/2020;243300
19979;19969;07/05/2020;109612
19980;19970;08/05/2020;880000
19981;19971;09/05/2020;55000
19982;19972;09/05/2020;32250
19983;19973;09/05/2020;88000
19984;19974;09/05/2020;270000
19985;19975;09/05/2020;188438
19986;19976;09/05/2020;295000
19987;19977;11/05/2020;620000
19988;19978;11/05/2020;90000
19989;19979;11/05/2020;51300
19990;19980;11/05/2020;149500
19991;19981;11/05/2020;132500
19992;19982;11/05/2020;152000
19993;19983;11/05/2020;185150
19994;19984;11/05/2020;635000
19995;19985;11/05/2020;340000
19996;19986;11/05/2020;155550
19997;19987;11/05/2020;455000
19998;19988;11/05/2020;204900
19999;19989;11/05/2020;69250
20000;19990;11/05/2020;47500
20001;19991;11/05/2020;55230
20002;19992;11/05/2020;75000
20003;19993;11/05/2020;71750
20004;19994;11/05/2020;58900
20005;19995;11/05/2020;120000
20006;19996;11/05/2020;72200
20007;19997;11/05/2020;63000
20008;19998;11/05/2020;165000
20009;19999;11/05/2020;192000
20010;20000;11/05/2020;167000
20011;20001;11/05/2020;225500
20012;20002;11/05/2020;135000
20013;20003;11/05/2020;93300
20014;20004;11/05/2020;148000
20015;20005;11/05/2020;67900
20016;20006;11/05/2020;86000
20017;20007;11/05/2020;75500
20018;20008;11/05/2020;175000
20019;20009;11/05/2020;150800
20020;20010;11/05/2020;130000
20021;20011;11/05/2020;142200
20022;20012;11/05/2020;56500
20023;20013;11/05/2020;97500
20024;20014;11/05/2020;146000
20025;20015;11/05/2020;85000
20026;20016;11/05/2020;122900
20027;20017;11/05/2020;170000
20028;20018;11/05/2020;156000
20029;20019;11/05/2020;399000
20030;20020;11/05/2020;108500
20031;20021;11/05/2020;259100
20032;20022;11/05/2020;210000
20033;20023;11/05/2020;135250
20034;20024;11/05/2020;304000
20035;20025;11/05/2020;149000
20036;20026;11/05/2020;61000
20037;20027;11/05/2020;355000
20038;20028;11/05/2020;90500
20039;20029;11/05/2020;136000
20040;20030;11/05/2020;328571
20041;20031;11/05/2020;72000
20042;20032;11/05/2020;180388
20043;20033;11/05/2020;115500
20044;20034;11/05/2020;83000
20045;20035;11/05/2020;134480
20046;20036;11/05/2020;75100
20047;20037;11/05/2020;132000
20048;20038;11/05/2020;166800
20049;20039;11/05/2020;75500
20050;20040;11/05/2020;66000
20051;20041;11/05/2020;42000
20052;20042;11/05/2020;220000
20053;20043;11/05/2020;426000
20054;20044;11/05/2020;295000
20055;20045;11/05/2020;350000
20056;20046;11/05/2020;254700
20057;20047;11/05/2020;219000
20058;20048;11/05/2020;122000
20059;20049;11/05/2020;145000
20060;20050;11/05/2020;86000
20061;20051;11/05/2020;201265
20062;20052;11/05/2020;145800
20063;20053;11/05/2020;230000
20064;20054;11/05/2020;119000
20065;20055;11/05/2020;116500
20066;20056;11/05/2020;185000
20067;20057;11/05/2020;296000
20068;20058;11/05/2020;42000
20069;20059;11/05/2020;102500
20070;20060;11/05/2020;307000
20071;20061;11/05/2020;115000
20072;20062;11/05/2020;61500
20073;20063;11/05/2020;37000
20074;20064;11/05/2020;38000
20075;20065;11/05/2020;64000
20076;20066;11/05/2020;60500
20077;20067;11/05/2020;168000
20078;20068;11/05/2020;86000
20079;20069;11/05/2020;68000
20080;20070;11/05/2020;79000
20081;20071;11/05/2020;21000
20082;20072;11/05/2020;37000
20083;20073;11/05/2020;40500
20084;20074;11/05/2020;116000
20085;20075;11/05/2020;110000
20086;20076;11/05/2020;70000
20087;20077;11/05/2020;42000
20088;20078;11/05/2020;20000
20089;20079;11/05/2020;197500
20090;20080;11/05/2020;314000
20091;20081;11/05/2020;150000
20092;20082;11/05/2020;120000
20093;20083;11/05/2020;106000
20094;20084;11/05/2020;362000
20095;20085;11/05/2020;1025050
20096;20086;11/05/2020;429430
20097;20087;11/05/2020;265000
20098;20088;11/05/2020;205750
20099;20089;11/05/2020;226865
20100;20090;11/05/2020;81930
20101;20091;11/05/2020;115000
20102;20092;11/05/2020;244000
20103;20093;11/05/2020;62000
20104;20094;11/05/2020;86000
20105;20095;11/05/2020;95510
20106;20096;11/05/2020;565260
20107;20097;11/05/2020;168500
20108;20098;11/05/2020;370000
20109;20099;11/05/2020;123500
20110;20100;11/05/2020;2135800
20111;20101;11/05/2020;2075000
20112;20102;11/05/2020;1978000
20113;20103;11/05/2020;3490000
20114;20104;11/05/2020;418000
20115;20105;11/05/2020;827000
20116;20106;11/05/2020;364900
20117;20107;11/05/2020;117600
20118;20108;11/05/2020;1270000
20119;20109;11/05/2020;146000
20120;20110;11/05/2020;166000
20121;20111;11/05/2020;390000
20122;20112;11/05/2020;627800
20123;20113;11/05/2020;587800
20124;20114;11/05/2020;1265080
20125;20115;11/05/2020;1070000
20126;20116;11/05/2020;232500
20127;20117;11/05/2020;970000
20128;20118;11/05/2020;790300
20129;20119;11/05/2020;319200
20130;20120;11/05/2020;345000
20131;20121;11/05/2020;550000
20132;20122;11/05/2020;259300
20133;20123;11/05/2020;519000
20134;20124;11/05/2020;85000
20135;20125;11/05/2020;102000
20136;20126;11/05/2020;24000
20137;20127;11/05/2020;249000
20138;20128;11/05/2020;139900
20139;20129;11/05/2020;230000
20140;20130;11/05/2020;64500
20141;20131;11/05/2020;131500
20142;20132;11/05/2020;247500
20143;20133;11/05/2020;125000
20144;20134;11/05/2020;75000
20145;20135;11/05/2020;160000
20146;20136;11/05/2020;440000
20147;20137;11/05/2020;43500
20148;20138;11/05/2020;86000
20149;20139;11/05/2020;196500
20150;20140;11/05/2020;165500
20151;20141;11/05/2020;179000
20152;20142;11/05/2020;123000
20153;20143;11/05/2020;63000
20154;20144;11/05/2020;145000
20155;20145;11/05/2020;40000
20156;20146;11/05/2020;36000
20157;20147;11/05/2020;225055
20158;20148;11/05/2020;107000
20159;20149;11/05/2020;48000
20160;20150;11/05/2020;74000
20161;20151;11/05/2020;182000
20162;20152;11/05/2020;159000
20163;20153;11/05/2020;210750
20164;20154;11/05/2020;372000
20165;20155;11/05/2020;293918
20166;20156;11/05/2020;311500
20167;20157;11/05/2020;254000
20168;20158;11/05/2020;200000
20169;20159;11/05/2020;130000
20170;20160;11/05/2020;55000
20171;20161;11/05/2020;390000
20172;20162;11/05/2020;99257
20173;20163;11/05/2020;510000
20174;20164;11/05/2020;102000
20175;20165;11/05/2020;335000
20176;20166;11/05/2020;331010
20177;20167;11/05/2020;221600
20178;20168;11/05/2020;215630
20179;20169;11/05/2020;157500
20180;20170;11/05/2020;135500
20181;20171;11/05/2020;95500
20182;20172;12/05/2020;136000
20183;20173;12/05/2020;230000
20184;20174;12/05/2020;234810
20185;20175;12/05/2020;439785
20186;20176;12/05/2020;315000
20187;20177;12/05/2020;35000
20188;20178;12/05/2020;111300
20189;20179;12/05/2020;555000
20190;20180;12/05/2020;135000
20191;20181;12/05/2020;145500
20192;20182;12/05/2020;138500
20193;20183;12/05/2020;93000
20194;20184;12/05/2020;180000
20195;20185;12/05/2020;221770
20196;20186;12/05/2020;163000
20197;20187;12/05/2020;149570
20198;20188;12/05/2020;148000
20199;20189;12/05/2020;307500
20200;20190;12/05/2020;190000
20201;20191;12/05/2020;38000
20202;20192;12/05/2020;91000
20203;20193;12/05/2020;95000
20204;20194;12/05/2020;120000
20205;20195;12/05/2020;59800
20206;20196;12/05/2020;218900
20207;20197;12/05/2020;168650
20208;20198;12/05/2020;67153
20209;20199;12/05/2020;118500
20210;20200;12/05/2020;55000
20211;20201;12/05/2020;87000
20212;20202;12/05/2020;115000
20213;20203;12/05/2020;270000
20214;20204;12/05/2020;139900
20215;20205;12/05/2020;49000
20216;20206;12/05/2020;83000
20217;20207;12/05/2020;162500
20218;20208;12/05/2020;47300
20219;20209;12/05/2020;100000
20220;20210;12/05/2020;238000
20221;20211;12/05/2020;138500
20222;20212;12/05/2020;101000
20223;20213;12/05/2020;73900
20224;20214;12/05/2020;74000
20225;20215;12/05/2020;70000
20226;20216;12/05/2020;140220
20227;20217;12/05/2020;278000
20228;20218;12/05/2020;110000
20229;20219;12/05/2020;167000
20230;20220;12/05/2020;78500
20231;20221;12/05/2020;92740
20232;20222;12/05/2020;253440
20233;20223;12/05/2020;150500
20234;20224;12/05/2020;200000
20235;20225;12/05/2020;105500
20236;20226;12/05/2020;120340
20237;20227;12/05/2020;74400
20238;20228;12/05/2020;259052
20239;20229;12/05/2020;488561
20240;20230;12/05/2020;77000
20241;20231;12/05/2020;175000
20242;20232;12/05/2020;72000
20243;20233;12/05/2020;95250
20244;20234;12/05/2020;110000
20245;20235;12/05/2020;200573
20246;20236;12/05/2020;407500
20247;20237;12/05/2020;77000
20248;20238;12/05/2020;69945
20249;20239;12/05/2020;315000
20250;20240;12/05/2020;138342
20251;20241;12/05/2020;87700
20252;20242;12/05/2020;293000
20253;20243;12/05/2020;227127
20254;20244;12/05/2020;204000
20255;20245;12/05/2020;52500
20256;20246;12/05/2020;155050
20257;20247;12/05/2020;118850
20258;20248;12/05/2020;200000
20259;20249;12/05/2020;120075
20260;20250;12/05/2020;119500
20261;20251;12/05/2020;79000
20262;20252;12/05/2020;102500
20263;20253;12/05/2020;147000
20264;20254;12/05/2020;52000
20265;20255;12/05/2020;159000
20266;20256;12/05/2020;52500
20267;20257;12/05/2020;200000
20268;20258;12/05/2020;290000
20269;20259;12/05/2020;38000
20270;20260;12/05/2020;126000
20271;20261;12/05/2020;88000
20272;20262;12/05/2020;173000
20273;20263;12/05/2020;15000
20274;20264;12/05/2020;90650
20275;20265;12/05/2020;52500
20276;20266;12/05/2020;132000
20277;20267;12/05/2020;92682
20278;20268;12/05/2020;68800
20279;20269;12/05/2020;144000
20280;20270;12/05/2020;213800
20281;20271;12/05/2020;125000
20282;20272;12/05/2020;129948
20283;20273;12/05/2020;82000
20284;20274;12/05/2020;161000
20285;20275;12/05/2020;165424
20286;20276;12/05/2020;128000
20287;20277;12/05/2020;87000
20288;20278;12/05/2020;64550
20289;20279;12/05/2020;45000
20290;20280;12/05/2020;47000
20291;20281;12/05/2020;47000
20292;20282;12/05/2020;164480
20293;20283;12/05/2020;117000
20294;20284;12/05/2020;168000
20295;20285;12/05/2020;189617
20296;20286;12/05/2020;91500
20297;20287;12/05/2020;114700
20298;20288;12/05/2020;91850
20299;20289;12/05/2020;249000
20300;20290;12/05/2020;123100
20301;20291;12/05/2020;132700
20302;20292;12/05/2020;69500
20303;20293;12/05/2020;47500
20304;20294;12/05/2020;88500
20305;20295;12/05/2020;40000
20306;20296;12/05/2020;81650
20307;20297;12/05/2020;360000
20308;20298;12/05/2020;58900
20309;20299;12/05/2020;152000
20310;20300;12/05/2020;133000
20311;20301;12/05/2020;81000
20312;20302;12/05/2020;49000
20313;20303;12/05/2020;27500
20314;20304;12/05/2020;68000
20315;20305;12/05/2020;48500
20316;20306;12/05/2020;107450
20317;20307;12/05/2020;49000
20318;20308;12/05/2020;122070
20319;20309;12/05/2020;88400
20320;20310;12/05/2020;91000
20321;20311;12/05/2020;117300
20322;20312;12/05/2020;89000
20323;20313;12/05/2020;73500
20324;20314;12/05/2020;17500
20325;20315;12/05/2020;202500
20326;20316;12/05/2020;231800
20327;20317;12/05/2020;71680
20328;20318;12/05/2020;128500
20329;20319;12/05/2020;408550
20330;20320;12/05/2020;90000
20331;20321;12/05/2020;147000
20332;20322;12/05/2020;167700
20333;20323;12/05/2020;163000
20334;20324;12/05/2020;258555
20335;20325;12/05/2020;400200
20336;20326;12/05/2020;200000
20337;20327;12/05/2020;531000
20338;20328;12/05/2020;231500
20339;20329;12/05/2020;141000
20340;20330;12/05/2020;161000
20341;20331;12/05/2020;385000
20342;20332;12/05/2020;226750
20343;20333;12/05/2020;235000
20344;20334;12/05/2020;198000
20345;20335;12/05/2020;180360
20346;20336;12/05/2020;21900
20347;20337;12/05/2020;64500
20348;20338;12/05/2020;191500
20349;20339;12/05/2020;200000
20350;20340;12/05/2020;190800
20351;20341;12/05/2020;117726
20352;20342;12/05/2020;280300
20353;20343;12/05/2020;231200
20354;20344;12/05/2020;616550
20355;20345;12/05/2020;289500
20356;20346;12/05/2020;122000
20357;20347;12/05/2020;433430
20358;20348;12/05/2020;620000
20359;20349;12/05/2020;693000
20360;20350;12/05/2020;915000
20361;20351;12/05/2020;426000
20362;20352;12/05/2020;2299900
20363;20353;12/05/2020;256000
20364;20354;12/05/2020;209000
20365;20355;12/05/2020;394230
20366;20356;12/05/2020;650870
20367;20357;12/05/2020;395000
20368;20358;12/05/2020;225000
20369;20359;12/05/2020;460145
20370;20360;12/05/2020;410000
20371;20361;12/05/2020;820410
20372;20362;12/05/2020;428000
20373;20363;12/05/2020;360000
20374;20364;12/05/2020;250000
20375;20365;12/05/2020;935000
20376;20366;12/05/2020;3460800
20377;20367;12/05/2020;320000
20378;20368;12/05/2020;229000
20379;20369;12/05/2020;1120773
20380;20370;12/05/2020;691200
20381;20371;12/05/2020;165000
20382;20372;12/05/2020;584000
20383;20373;12/05/2020;430500
20384;20374;12/05/2020;273000
20385;20375;12/05/2020;888800
20386;20376;12/05/2020;217400
20387;20377;12/05/2020;760000
20388;20378;12/05/2020;45000
20389;20379;12/05/2020;183500
20390;20380;12/05/2020;51500
20391;20381;12/05/2020;201000
20392;20382;12/05/2020;100000
20393;20383;12/05/2020;40000
20394;20384;12/05/2020;331000
20395;20385;12/05/2020;276000
20396;20386;12/05/2020;238250
20397;20387;12/05/2020;223000
20398;20388;12/05/2020;188000
20399;20389;12/05/2020;375950
20400;20390;12/05/2020;157000
20401;20391;12/05/2020;208000
20402;20392;12/05/2020;207500
20403;20393;12/05/2020;137500
20404;20394;12/05/2020;163000
20405;20395;12/05/2020;80880
20406;20396;12/05/2020;360000
20407;20397;12/05/2020;89000
20408;20398;12/05/2020;232000
20409;20399;12/05/2020;194000
20410;20400;12/05/2020;330000
20411;20401;12/05/2020;169500
20412;20402;12/05/2020;245500
20413;20403;12/05/2020;126000
20414;20404;12/05/2020;700000
20415;20405;12/05/2020;400000
20416;20406;12/05/2020;95800
20417;20407;12/05/2020;282000
20418;20408;12/05/2020;117500
20419;20409;12/05/2020;158500
20420;20410;12/05/2020;149000
20421;20411;12/05/2020;205000
20422;20412;12/05/2020;222000
20423;20413;12/05/2020;206000
20424;20414;12/05/2020;467000
20425;20415;12/05/2020;120000
20426;20416;12/05/2020;100000
20427;20417;12/05/2020;132500
20428;20418;12/05/2020;350000
20429;20419;12/05/2020;168000
20430;20420;12/05/2020;123750
20431;20421;12/05/2020;358000
20432;20422;12/05/2020;145000
20433;20423;12/05/2020;440000
20434;20424;12/05/2020;110385
20435;20425;12/05/2020;168000
20436;20426;12/05/2020;130000
20437;20427;12/05/2020;54000
20438;20428;12/05/2020;183000
20439;20429;12/05/2020;44000
20440;20430;12/05/2020;235000
20441;20431;12/05/2020;45100
20442;20432;12/05/2020;148000
20443;20433;12/05/2020;142000
20444;20434;12/05/2020;34000
20445;20435;12/05/2020;48000
20446;20436;12/05/2020;64550
20447;20437;12/05/2020;63500
20448;20438;12/05/2020;130000
20449;20439;12/05/2020;140000
20450;20440;12/05/2020;232630
20451;20441;12/05/2020;266000
20452;20442;12/05/2020;214000
20453;20443;12/05/2020;154000
20454;20444;12/05/2020;418500
20455;20445;12/05/2020;190000
20456;20446;12/05/2020;68500
20457;20447;12/05/2020;336000
20458;20448;12/05/2020;216950
20459;20449;12/05/2020;188000
20460;20450;12/05/2020;1330000
20461;20451;12/05/2020;275000
20462;20452;12/05/2020;440000
20463;20453;12/05/2020;85000
20464;20454;12/05/2020;437100
20465;20455;12/05/2020;555000
20466;20456;12/05/2020;129000
20467;20457;12/05/2020;528000
20468;20458;12/05/2020;432000
20469;20459;12/05/2020;607046
20470;20460;12/05/2020;170000
20471;20461;12/05/2020;251610
20472;20462;12/05/2020;217000
20473;20463;12/05/2020;270300
20474;20464;12/05/2020;210000
20475;20465;12/05/2020;232000
20476;20466;12/05/2020;460000
20477;20467;12/05/2020;309000
20478;20468;12/05/2020;212500
20479;20469;12/05/2020;280000
20480;20470;12/05/2020;268932
20481;20471;12/05/2020;247000
20482;20472;12/05/2020;298000
20483;20473;12/05/2020;131500
20484;20474;12/05/2020;165000
20485;20475;12/05/2020;227000
20486;20476;12/05/2020;269000
20487;20477;12/05/2020;309000
20488;20478;12/05/2020;799670
20489;20479;12/05/2020;420000
20490;20480;12/05/2020;420000
20491;20481;12/05/2020;126700
20492;20482;12/05/2020;166000
20493;20483;12/05/2020;219000
20494;20484;12/05/2020;210000
20495;20485;12/05/2020;167000
20496;20486;12/05/2020;65000
20497;20487;12/05/2020;42500
20498;20488;13/05/2020;185000
20499;20489;13/05/2020;29900
20500;20490;13/05/2020;28500
20501;20491;13/05/2020;230000
20502;20492;13/05/2020;47000
20503;20493;13/05/2020;189000
20504;20494;13/05/2020;211800
20505;20495;13/05/2020;202000
20506;20496;13/05/2020;209000
20507;20497;13/05/2020;58000
20508;20498;13/05/2020;71000
20509;20499;13/05/2020;32000
20510;20500;13/05/2020;60000
20511;20501;13/05/2020;65475
20512;20502;13/05/2020;51800
20513;20503;13/05/2020;56000
20514;20504;13/05/2020;63790
20515;20505;13/05/2020;154900
20516;20506;13/05/2020;142000
20517;20507;13/05/2020;163000
20518;20508;13/05/2020;215000
20519;20509;13/05/2020;58000
20520;20510;13/05/2020;70000
20521;20511;13/05/2020;40000
20522;20512;13/05/2020;154000
20523;20513;13/05/2020;144600
20524;20514;13/05/2020;107000
20525;20515;13/05/2020;58500
20526;20516;13/05/2020;95000
20527;20517;13/05/2020;125000
20528;20518;13/05/2020;300000
20529;20519;13/05/2020;274750
20530;20520;13/05/2020;68140
20531;20521;13/05/2020;165000
20532;20522;13/05/2020;211000
20533;20523;13/05/2020;170280
20534;20524;13/05/2020;180000
20535;20525;13/05/2020;165000
20536;20526;13/05/2020;96500
20537;20527;13/05/2020;125000
20538;20528;13/05/2020;72000
20539;20529;13/05/2020;190000
20540;20530;13/05/2020;116416
20541;20531;13/05/2020;130180
20542;20532;13/05/2020;205000
20543;20533;13/05/2020;141500
20544;20534;13/05/2020;180650
20545;20535;13/05/2020;102000
20546;20536;13/05/2020;73500
20547;20537;13/05/2020;120000
20548;20538;13/05/2020;47990
20549;20539;13/05/2020;163000
20550;20540;13/05/2020;207000
20551;20541;13/05/2020;162500
20552;20542;13/05/2020;203000
20553;20543;13/05/2020;72750
20554;20544;13/05/2020;165000
20555;20545;13/05/2020;51000
20556;20546;13/05/2020;124700
20557;20547;13/05/2020;36000
20558;20548;13/05/2020;85000
20559;20549;13/05/2020;225030
20560;20550;13/05/2020;410000
20561;20551;13/05/2020;97500
20562;20552;13/05/2020;183500
20563;20553;13/05/2020;443000
20564;20554;13/05/2020;129000
20565;20555;13/05/2020;84000
20566;20556;13/05/2020;105600
20567;20557;13/05/2020;60000
20568;20558;13/05/2020;51000
20569;20559;13/05/2020;197000
20570;20560;13/05/2020;61800
20571;20561;13/05/2020;71000
20572;20562;13/05/2020;139000
20573;20563;13/05/2020;44200
20574;20564;13/05/2020;80590
20575;20565;13/05/2020;130000
20576;20566;13/05/2020;60000
20577;20567;13/05/2020;233000
20578;20568;13/05/2020;254900
20579;20569;13/05/2020;83200
20580;20570;13/05/2020;212000
20581;20571;13/05/2020;272000
20582;20572;13/05/2020;111300
20583;20573;13/05/2020;2200
20584;20574;13/05/2020;23500
20585;20575;13/05/2020;133750
20586;20576;13/05/2020;600000
20587;20577;13/05/2020;125000
20588;20578;13/05/2020;165000
20589;20579;13/05/2020;79500
20590;20580;13/05/2020;75000
20591;20581;13/05/2020;183000
20592;20582;13/05/2020;347000
20593;20583;13/05/2020;158500
20594;20584;13/05/2020;180400
20595;20585;13/05/2020;64800
20596;20586;13/05/2020;52250
20597;20587;13/05/2020;53000
20598;20588;13/05/2020;63700
20599;20589;13/05/2020;150106
20600;20590;13/05/2020;450000
20601;20591;13/05/2020;52500
20602;20592;13/05/2020;131500
20603;20593;13/05/2020;360600
20604;20594;13/05/2020;87450
20605;20595;13/05/2020;352000
20606;20596;13/05/2020;205000
20607;20597;13/05/2020;65000
20608;20598;13/05/2020;198250
20609;20599;13/05/2020;134000
20610;20600;13/05/2020;83500
20611;20601;13/05/2020;47350
20612;20602;13/05/2020;148500
20613;20603;13/05/2020;105550
20614;20604;13/05/2020;69000
20615;20605;13/05/2020;61500
20616;20606;13/05/2020;117000
20617;20607;13/05/2020;76900
20618;20608;13/05/2020;39000
20619;20609;13/05/2020;157520
20620;20610;13/05/2020;86500
20621;20611;13/05/2020;312000
20622;20612;13/05/2020;244000
20623;20613;13/05/2020;166650
20624;20614;13/05/2020;110600
20625;20615;13/05/2020;138000
20626;20616;13/05/2020;184370
20627;20617;13/05/2020;179900
20628;20618;13/05/2020;108000
20629;20619;13/05/2020;201510
20630;20620;13/05/2020;325215
20631;20621;13/05/2020;285000
20632;20622;13/05/2020;211000
20633;20623;13/05/2020;589950
20634;20624;13/05/2020;122500
20635;20625;13/05/2020;162000
20636;20626;13/05/2020;542000
20637;20627;13/05/2020;170000
20638;20628;13/05/2020;1037540
20639;20629;13/05/2020;175000
20640;20630;13/05/2020;192500
20641;20631;13/05/2020;125000
20642;20632;13/05/2020;444000
20643;20633;13/05/2020;222500
20644;20634;13/05/2020;65500
20645;20635;13/05/2020;33000
20646;20636;13/05/2020;56000
20647;20637;13/05/2020;139000
20648;20638;13/05/2020;90000
20649;20639;13/05/2020;90000
20650;20640;13/05/2020;178215
20651;20641;13/05/2020;304000
20652;20642;13/05/2020;179500
20653;20643;13/05/2020;37500
20654;20644;13/05/2020;1535000
20655;20645;13/05/2020;310000
20656;20646;13/05/2020;496075
20657;20647;13/05/2020;450000
20658;20648;13/05/2020;290000
20659;20649;13/05/2020;281900
20660;20650;13/05/2020;404300
20661;20651;13/05/2020;742200
20662;20652;13/05/2020;304000
20663;20653;13/05/2020;572420
20664;20654;13/05/2020;455000
20665;20655;13/05/2020;780640
20666;20656;13/05/2020;371900
20667;20657;13/05/2020;375000
20668;20658;13/05/2020;955000
20669;20659;13/05/2020;634000
20670;20660;13/05/2020;246000
20671;20661;13/05/2020;495360
20672;20662;13/05/2020;404000
20673;20663;13/05/2020;216200
20674;20664;13/05/2020;105280
20675;20665;13/05/2020;423200
20676;20666;13/05/2020;365000
20677;20667;13/05/2020;192000
20678;20668;13/05/2020;266500
20679;20669;13/05/2020;1145000
20680;20670;13/05/2020;766000
20681;20671;13/05/2020;636000
20682;20672;13/05/2020;455000
20683;20673;13/05/2020;346000
20684;20674;13/05/2020;1101100
20685;20675;13/05/2020;875000
20686;20676;13/05/2020;866000
20687;20677;13/05/2020;489600
20688;20678;13/05/2020;164850
20689;20679;13/05/2020;419850
20690;20680;13/05/2020;135790
20691;20681;13/05/2020;816000
20692;20682;13/05/2020;250000
20693;20683;13/05/2020;359250
20694;20684;13/05/2020;166440
20695;20685;13/05/2020;68000
20696;20686;13/05/2020;88000
20697;20687;13/05/2020;151000
20698;20688;13/05/2020;150450
20699;20689;13/05/2020;277000
20700;20690;13/05/2020;37000
20701;20691;13/05/2020;138000
20702;20692;13/05/2020;175000
20703;20693;13/05/2020;172000
20704;20694;13/05/2020;150000
20705;20695;13/05/2020;162000
20706;20696;13/05/2020;123500
20707;20697;13/05/2020;163000
20708;20698;13/05/2020;138000
20709;20699;13/05/2020;134715
20710;20700;13/05/2020;280000
20711;20701;13/05/2020;154000
20712;20702;13/05/2020;181600
20713;20703;13/05/2020;904730
20714;20704;13/05/2020;190000
20715;20705;13/05/2020;410758
20716;20706;13/05/2020;90000
20717;20707;13/05/2020;252750
20718;20708;13/05/2020;267000
20719;20709;13/05/2020;240000
20720;20710;13/05/2020;334000
20721;20711;13/05/2020;175000
20722;20712;13/05/2020;400000
20723;20713;13/05/2020;152500
20724;20714;13/05/2020;485000
20725;20715;13/05/2020;220000
20726;20716;13/05/2020;29100
20727;20717;13/05/2020;290000
20728;20718;13/05/2020;148000
20729;20719;13/05/2020;83500
20730;20720;13/05/2020;150860
20731;20721;13/05/2020;166000
20732;20722;13/05/2020;124500
20733;20723;13/05/2020;15445
20734;20724;13/05/2020;217000
20735;20725;13/05/2020;127700
20736;20726;13/05/2020;136000
20737;20727;13/05/2020;110500
20738;20728;13/05/2020;78000
20739;20729;13/05/2020;194230
20740;20730;13/05/2020;76000
20741;20731;13/05/2020;77800
20742;20732;13/05/2020;114000
20743;20733;13/05/2020;57000
20744;20734;13/05/2020;115000
20745;20735;13/05/2020;71400
20746;20736;13/05/2020;75000
20747;20737;13/05/2020;72500
20748;20738;13/05/2020;204000
20749;20739;13/05/2020;67500
20750;20740;13/05/2020;129000
20751;20741;13/05/2020;65500
20752;20742;13/05/2020;209500
20753;20743;13/05/2020;429500
20754;20744;13/05/2020;272000
20755;20745;13/05/2020;398000
20756;20746;13/05/2020;314000
20757;20747;13/05/2020;695000
20758;20748;13/05/2020;287120
20759;20749;13/05/2020;300000
20760;20750;13/05/2020;721700
20761;20751;13/05/2020;315000
20762;20752;13/05/2020;291400
20763;20753;13/05/2020;139600
20764;20754;13/05/2020;319000
20765;20755;13/05/2020;414200
20766;20756;13/05/2020;220000
20767;20757;13/05/2020;243810
20768;20758;13/05/2020;120000
20769;20759;13/05/2020;155000
20770;20760;13/05/2020;99000
20771;20761;13/05/2020;189000
20772;20762;13/05/2020;130000
20773;20763;13/05/2020;123000
20774;20764;13/05/2020;414300
20775;20765;13/05/2020;245900
20776;20766;13/05/2020;199000
20777;20767;13/05/2020;260000
20778;20768;13/05/2020;95000
20779;20769;13/05/2020;172000
20780;20770;13/05/2020;42041
20781;20771;13/05/2020;237500
20782;20772;13/05/2020;289000
20783;20773;13/05/2020;158000
20784;20774;13/05/2020;150000
20785;20775;13/05/2020;146500
20786;20776;13/05/2020;178600
20787;20777;13/05/2020;400000
20788;20778;13/05/2020;135000
20789;20779;13/05/2020;205230
20790;20780;13/05/2020;250000
20791;20781;13/05/2020;520000
20792;20782;13/05/2020;80000
20793;20783;13/05/2020;770000
20794;20784;13/05/2020;203000
20795;20785;13/05/2020;186000
20796;20786;13/05/2020;365000
20797;20787;13/05/2020;137730
20798;20788;13/05/2020;271000
20799;20789;13/05/2020;166650
20800;20790;13/05/2020;314000
20801;20791;13/05/2020;350800
20802;20792;13/05/2020;288300
20803;20793;13/05/2020;270000
20804;20794;13/05/2020;146000
20805;20795;13/05/2020;232000
20806;20796;13/05/2020;268000
20807;20797;13/05/2020;199000
20808;20798;13/05/2020;216000
20809;20799;13/05/2020;165000
20810;20800;13/05/2020;50000
20811;20801;14/05/2020;205000
20812;20802;14/05/2020;134000
20813;20803;14/05/2020;142500
20814;20804;14/05/2020;85000
20815;20805;14/05/2020;67340
20816;20806;14/05/2020;333200
20817;20807;14/05/2020;136350
20818;20808;14/05/2020;375000
20819;20809;14/05/2020;252000
20820;20810;14/05/2020;150000
20821;20811;14/05/2020;52000
20822;20812;14/05/2020;96500
20823;20813;14/05/2020;170000
20824;20814;14/05/2020;92000
20825;20815;14/05/2020;311436
20826;20816;14/05/2020;158000
20827;20817;14/05/2020;74400
20828;20818;14/05/2020;266000
20829;20819;14/05/2020;198200
20830;20820;14/05/2020;387000
20831;20821;14/05/2020;514000
20832;20822;14/05/2020;89000
20833;20823;14/05/2020;94000
20834;20824;14/05/2020;102000
20835;20825;14/05/2020;110000
20836;20826;14/05/2020;180500
20837;20827;14/05/2020;178000
20838;20828;14/05/2020;105000
20839;20829;14/05/2020;78000
20840;20830;14/05/2020;23000
20841;20831;14/05/2020;110000
20842;20832;14/05/2020;57000
20843;20833;14/05/2020;47000
20844;20834;14/05/2020;124040
20845;20835;14/05/2020;22370
20846;20836;14/05/2020;104990
20847;20837;14/05/2020;85000
20848;20838;14/05/2020;495000
20849;20839;14/05/2020;217500
20850;20840;14/05/2020;170000
20851;20841;14/05/2020;95000
20852;20842;14/05/2020;153000
20853;20843;14/05/2020;25000
20854;20844;14/05/2020;165000
20855;20845;14/05/2020;145000
20856;20846;14/05/2020;49000
20857;20847;14/05/2020;86000
20858;20848;14/05/2020;54000
20859;20849;14/05/2020;113070
20860;20850;14/05/2020;23000
20861;20851;14/05/2020;191911
20862;20852;14/05/2020;65000
20863;20853;14/05/2020;99500
20864;20854;14/05/2020;80000
20865;20855;14/05/2020;350000
20866;20856;14/05/2020;113000
20867;20857;14/05/2020;275000
20868;20858;14/05/2020;130000
20869;20859;14/05/2020;195000
20870;20860;14/05/2020;171000
20871;20861;14/05/2020;295000
20872;20862;14/05/2020;166500
20873;20863;14/05/2020;71500
20874;20864;14/05/2020;176550
20875;20865;14/05/2020;63100
20876;20866;14/05/2020;73770
20877;20867;14/05/2020;65000
20878;20868;14/05/2020;80000
20879;20869;14/05/2020;328760
20880;20870;14/05/2020;302150
20881;20871;14/05/2020;72000
20882;20872;14/05/2020;301800
20883;20873;14/05/2020;221800
20884;20874;14/05/2020;260000
20885;20875;14/05/2020;183000
20886;20876;14/05/2020;214530
20887;20877;14/05/2020;123300
20888;20878;14/05/2020;162300
20889;20879;14/05/2020;162330
20890;20880;14/05/2020;178500
20891;20881;14/05/2020;93000
20892;20882;14/05/2020;135000
20893;20883;14/05/2020;142000
20894;20884;14/05/2020;182000
20895;20885;14/05/2020;87000
20896;20886;14/05/2020;198000
20897;20887;14/05/2020;177200
20898;20888;14/05/2020;147850
20899;20889;14/05/2020;151500
20900;20890;14/05/2020;550500
20901;20891;14/05/2020;273100
20902;20892;14/05/2020;225000
20903;20893;14/05/2020;94000
20904;20894;14/05/2020;242000
20905;20895;14/05/2020;181000
20906;20896;14/05/2020;150818
20907;20897;14/05/2020;179000
20908;20898;14/05/2020;110000
20909;20899;14/05/2020;228000
20910;20900;14/05/2020;130000
20911;20901;14/05/2020;78000
20912;20902;14/05/2020;167400
20913;20903;14/05/2020;197675
20914;20904;14/05/2020;74100
20915;20905;14/05/2020;147300
20916;20906;14/05/2020;220000
20917;20907;14/05/2020;146000
20918;20908;14/05/2020;229000
20919;20909;14/05/2020;328189
20920;20910;14/05/2020;107000
20921;20911;14/05/2020;82000
20922;20912;14/05/2020;380000
20923;20913;14/05/2020;239000
20924;20914;14/05/2020;92000
20925;20915;14/05/2020;63500
20926;20916;14/05/2020;88600
20927;20917;14/05/2020;163000
20928;20918;14/05/2020;42750
20929;20919;14/05/2020;185350
20930;20920;14/05/2020;430622
20931;20921;14/05/2020;209000
20932;20922;14/05/2020;237000
20933;20923;14/05/2020;355500
20934;20924;14/05/2020;184000
20935;20925;14/05/2020;88360
20936;20926;14/05/2020;96350
20937;20927;14/05/2020;169000
20938;20928;14/05/2020;355000
20939;20929;14/05/2020;85000
20940;20930;14/05/2020;240500
20941;20931;14/05/2020;90150
20942;20932;14/05/2020;261900
20943;20933;14/05/2020;60000
20944;20934;14/05/2020;50000
20945;20935;14/05/2020;74000
20946;20936;14/05/2020;118000
20947;20937;14/05/2020;182000
20948;20938;14/05/2020;69000
20949;20939;14/05/2020;110000
20950;20940;14/05/2020;85000
20951;20941;14/05/2020;183500
20952;20942;14/05/2020;84050
20953;20943;14/05/2020;132600
20954;20944;14/05/2020;58000
20955;20945;14/05/2020;38000
20956;20946;14/05/2020;128700
20957;20947;14/05/2020;116500
20958;20948;14/05/2020;80000
20959;20949;14/05/2020;68000
20960;20950;14/05/2020;126900
20961;20951;14/05/2020;32200
20962;20952;14/05/2020;212000
20963;20953;14/05/2020;86000
20964;20954;14/05/2020;119600
20965;20955;14/05/2020;149000
20966;20956;14/05/2020;60000
20967;20957;14/05/2020;44000
20968;20958;14/05/2020;135000
20969;20959;14/05/2020;105000
20970;20960;14/05/2020;155000
20971;20961;14/05/2020;49500
20972;20962;14/05/2020;112500
20973;20963;14/05/2020;62400
20974;20964;14/05/2020;165900
20975;20965;14/05/2020;207500
20976;20966;14/05/2020;98000
20977;20967;14/05/2020;90500
20978;20968;14/05/2020;82000
20979;20969;14/05/2020;54500
20980;20970;14/05/2020;40000
20981;20971;14/05/2020;109000
20982;20972;14/05/2020;153000
20983;20973;14/05/2020;216350
20984;20974;14/05/2020;310630
20985;20975;14/05/2020;117700
20986;20976;14/05/2020;196000
20987;20977;14/05/2020;180000
20988;20978;14/05/2020;140000
20989;20979;14/05/2020;130600
20990;20980;14/05/2020;160750
20991;20981;14/05/2020;245000
20992;20982;14/05/2020;356150
20993;20983;14/05/2020;208200
20994;20984;14/05/2020;155700
20995;20985;14/05/2020;182000
20996;20986;14/05/2020;454565
20997;20987;14/05/2020;149000
20998;20988;14/05/2020;453000
20999;20989;14/05/2020;403400
21000;20990;14/05/2020;185000
21001;20991;14/05/2020;372000
21002;20992;14/05/2020;180000
21003;20993;14/05/2020;160000
21004;20994;14/05/2020;82000
21005;20995;14/05/2020;337000
21006;20996;14/05/2020;73732
21007;20997;14/05/2020;240450
21008;20998;14/05/2020;22000
21009;20999;14/05/2020;45000
21010;21000;14/05/2020;170000
21011;21001;14/05/2020;25000
21012;21002;14/05/2020;59900
21013;21003;14/05/2020;182740
21014;21004;14/05/2020;165095
21015;21005;14/05/2020;610800
21016;21006;14/05/2020;47100
21017;21007;14/05/2020;59500
21018;21008;14/05/2020;130000
21019;21009;14/05/2020;320000
21020;21010;14/05/2020;823200
21021;21011;14/05/2020;1750000
21022;21012;14/05/2020;1417500
21023;21013;14/05/2020;849000
21024;21014;14/05/2020;465000
21025;21015;14/05/2020;937050
21026;21016;14/05/2020;376200
21027;21017;14/05/2020;360000
21028;21018;14/05/2020;315380
21029;21019;14/05/2020;415000
21030;21020;14/05/2020;1000000
21031;21021;14/05/2020;480000
21032;21022;14/05/2020;467000
21033;21023;14/05/2020;337000
21034;21024;14/05/2020;795000
21035;21025;14/05/2020;981400
21036;21026;14/05/2020;759615
21037;21027;14/05/2020;336740
21038;21028;14/05/2020;621000
21039;21029;14/05/2020;654000
21040;21030;14/05/2020;329000
21041;21031;14/05/2020;355000
21042;21032;14/05/2020;539000
21043;21033;14/05/2020;579000
21044;21034;14/05/2020;1030400
21045;21035;14/05/2020;45000
21046;21036;14/05/2020;304850
21047;21037;14/05/2020;515000
21048;21038;14/05/2020;380000
21049;21039;14/05/2020;895000
21050;21040;14/05/2020;377000
21051;21041;14/05/2020;378870
21052;21042;14/05/2020;530700
21053;21043;14/05/2020;510000
21054;21044;14/05/2020;570500
21055;21045;14/05/2020;180000
21056;21046;14/05/2020;405000
21057;21047;14/05/2020;275500
21058;21048;14/05/2020;807600
21059;21049;14/05/2020;373540
21060;21050;14/05/2020;115000
21061;21051;14/05/2020;225000
21062;21052;14/05/2020;855100
21063;21053;14/05/2020;240000
21064;21054;14/05/2020;340300
21065;21055;14/05/2020;850000
21066;21056;14/05/2020;776000
21067;21057;14/05/2020;900000
21068;21058;14/05/2020;1197800
21069;21059;14/05/2020;1325000
21070;21060;14/05/2020;309000
21071;21061;14/05/2020;896264
21072;21062;14/05/2020;497000
21073;21063;14/05/2020;369000
21074;21064;14/05/2020;366400
21075;21065;14/05/2020;920000
21076;21066;14/05/2020;17000
21077;21067;14/05/2020;578000
21078;21068;14/05/2020;1400000
21079;21069;14/05/2020;267000
21080;21070;14/05/2020;164000
21081;21071;14/05/2020;299000
21082;21072;14/05/2020;105000
21083;21073;14/05/2020;682100
21084;21074;14/05/2020;393000
21085;21075;14/05/2020;185000
21086;21076;14/05/2020;370000
21087;21077;14/05/2020;90000
21088;21078;14/05/2020;397000
21089;21079;14/05/2020;112700
21090;21080;14/05/2020;116000
21091;21081;14/05/2020;122500
21092;21082;14/05/2020;79000
21093;21083;14/05/2020;120000
21094;21084;14/05/2020;127000
21095;21085;14/05/2020;162000
21096;21086;14/05/2020;149000
21097;21087;14/05/2020;251000
21098;21088;14/05/2020;75000
21099;21089;14/05/2020;50000
21100;21090;14/05/2020;205000
21101;21091;14/05/2020;145350
21102;21092;14/05/2020;206000
21103;21093;14/05/2020;77500
21104;21094;14/05/2020;258500
21105;21095;14/05/2020;157800
21106;21096;14/05/2020;265000
21107;21097;14/05/2020;259750
21108;21098;14/05/2020;272900
21109;21099;14/05/2020;183000
21110;21100;14/05/2020;297000
21111;21101;14/05/2020;130000
21112;21102;14/05/2020;152000
21113;21103;14/05/2020;211000
21114;21104;14/05/2020;138500
21115;21105;14/05/2020;135000
21116;21106;14/05/2020;193000
21117;21107;14/05/2020;292460
21118;21108;14/05/2020;145000
21119;21109;14/05/2020;195000
21120;21110;14/05/2020;121000
21121;21111;14/05/2020;375490
21122;21112;14/05/2020;585200
21123;21113;14/05/2020;342383
21124;21114;14/05/2020;192200
21125;21115;14/05/2020;160219
21126;21116;14/05/2020;143000
21127;21117;14/05/2020;269000
21128;21118;14/05/2020;215000
21129;21119;14/05/2020;275000
21130;21120;14/05/2020;318000
21131;21121;14/05/2020;251112
21132;21122;14/05/2020;120000
21133;21123;14/05/2020;251000
21134;21124;14/05/2020;198442
21135;21125;14/05/2020;335858
21136;21126;14/05/2020;617000
21137;21127;14/05/2020;240000
21138;21128;14/05/2020;57000
21139;21129;14/05/2020;94500
21140;21130;14/05/2020;134900
21141;21131;14/05/2020;105000
21142;21132;14/05/2020;115000
21143;21133;14/05/2020;128600
21144;21134;14/05/2020;130000
21145;21135;14/05/2020;50000
21146;21136;14/05/2020;60000
21147;21137;14/05/2020;60040
21148;21138;14/05/2020;295500
21149;21139;14/05/2020;110350
21150;21140;14/05/2020;588000
21151;21141;14/05/2020;229250
21152;21142;14/05/2020;477150
21153;21143;14/05/2020;225300
21154;21144;14/05/2020;290000
21155;21145;14/05/2020;798000
21156;21146;14/05/2020;192000
21157;21147;14/05/2020;153000
21158;21148;14/05/2020;61000
21159;21149;14/05/2020;104797
21160;21150;14/05/2020;51000
21161;21151;14/05/2020;149000
21162;21152;14/05/2020;92700
21163;21153;14/05/2020;123000
21164;21154;14/05/2020;45100
21165;21155;14/05/2020;139500
21166;21156;14/05/2020;119500
21167;21157;14/05/2020;33000
21168;21158;14/05/2020;108000
21169;21159;14/05/2020;90000
21170;21160;14/05/2020;56000
21171;21161;14/05/2020;129000
21172;21162;14/05/2020;113500
21173;21163;14/05/2020;148100
21174;21164;14/05/2020;110000
21175;21165;14/05/2020;261000
21176;21166;14/05/2020;109900
21177;21167;14/05/2020;94000
21178;21168;14/05/2020;118350
21179;21169;14/05/2020;220000
21180;21170;14/05/2020;310000
21181;21171;14/05/2020;192000
21182;21172;14/05/2020;480000
21183;21173;14/05/2020;241000
21184;21174;14/05/2020;92500
21185;21175;14/05/2020;136000
21186;21176;14/05/2020;143000
21187;21177;14/05/2020;223000
21188;21178;14/05/2020;186700
21189;21179;14/05/2020;361000
21190;21180;14/05/2020;373000
21191;21181;14/05/2020;357000
21192;21182;14/05/2020;326923
21193;21183;14/05/2020;460000
21194;21184;14/05/2020;572049
21195;21185;14/05/2020;180000
21196;21186;14/05/2020;845000
21197;21187;14/05/2020;350000
21198;21188;14/05/2020;191500
21199;21189;14/05/2020;214000
21200;21190;14/05/2020;234950
21201;21191;14/05/2020;465000
21202;21192;14/05/2020;569390
21203;21193;14/05/2020;306550
21204;21194;14/05/2020;325000
21205;21195;14/05/2020;1300000
21206;21196;14/05/2020;155000
21207;21197;14/05/2020;429500
21208;21198;14/05/2020;217600
21209;21199;14/05/2020;565910
21210;21200;14/05/2020;320000
21211;21201;14/05/2020;93855
21212;21202;14/05/2020;112000
21213;21203;14/05/2020;354000
21214;21204;14/05/2020;141000
21215;21205;14/05/2020;375000
21216;21206;14/05/2020;224500
21217;21207;14/05/2020;298000
21218;21208;14/05/2020;159000
21219;21209;14/05/2020;245000
21220;21210;14/05/2020;140000
21221;21211;14/05/2020;175000
21222;21212;14/05/2020;213000
21223;21213;14/05/2020;192000
21224;21214;14/05/2020;270000
21225;21215;14/05/2020;234021
21226;21216;14/05/2020;527000
21227;21217;14/05/2020;170000
21228;21218;14/05/2020;48000
21229;21219;14/05/2020;171000
21230;21220;14/05/2020;230000
21231;21221;14/05/2020;246000
21232;21222;14/05/2020;242000
21233;21223;14/05/2020;307000
21234;21224;14/05/2020;259680
21235;21225;14/05/2020;192000
21236;21226;14/05/2020;130500
21237;21227;14/05/2020;127700
21238;21228;14/05/2020;175000
21239;21229;14/05/2020;131000
21240;21230;14/05/2020;94000
21241;21231;14/05/2020;103000
21242;21232;14/05/2020;266775
21243;21233;14/05/2020;222000
21244;21234;14/05/2020;120000
21245;21235;14/05/2020;120000
21246;21236;14/05/2020;350000
21247;21237;14/05/2020;142000
21248;21238;14/05/2020;338000
21249;21239;14/05/2020;108000
21250;21240;14/05/2020;228000
21251;21241;14/05/2020;240000
21252;21242;14/05/2020;137000
21253;21243;14/05/2020;310000
21254;21244;14/05/2020;159000
21255;21245;14/05/2020;76500
21256;21246;15/05/2020;79370
21257;21247;15/05/2020;69800
21258;21248;15/05/2020;84800
21259;21249;15/05/2020;410000
21260;21250;15/05/2020;469000
21261;21251;15/05/2020;469820
21262;21252;15/05/2020;36000
21263;21253;15/05/2020;96000
21264;21254;15/05/2020;86000
21265;21255;15/05/2020;45000
21266;21256;15/05/2020;165000
21267;21257;15/05/2020;50000
21268;21258;15/05/2020;95000
21269;21259;15/05/2020;240000
21270;21260;15/05/2020;574200
21271;21261;15/05/2020;95000
21272;21262;15/05/2020;566000
21273;21263;15/05/2020;302000
21274;21264;15/05/2020;144000
21275;21265;15/05/2020;395000
21276;21266;15/05/2020;121700
21277;21267;15/05/2020;204700
21278;21268;15/05/2020;935000
21279;21269;15/05/2020;305344
21280;21270;15/05/2020;159500
21281;21271;15/05/2020;12000
21282;21272;15/05/2020;570000
21283;21273;15/05/2020;185000
21284;21274;15/05/2020;141000
21285;21275;15/05/2020;95000
21286;21276;15/05/2020;80000
21287;21277;15/05/2020;136500
21288;21278;15/05/2020;65000
21289;21279;15/05/2020;25000
21290;21280;15/05/2020;100500
21291;21281;15/05/2020;265000
21292;21282;15/05/2020;84010
21293;21283;15/05/2020;79865
21294;21284;15/05/2020;143660
21295;21285;15/05/2020;87505
21296;21286;15/05/2020;225000
21297;21287;15/05/2020;108500
21298;21288;15/05/2020;210000
21299;21289;15/05/2020;224850
21300;21290;15/05/2020;102420
21301;21291;15/05/2020;250000
21302;21292;15/05/2020;98500
21303;21293;15/05/2020;103000
21304;21294;15/05/2020;126000
21305;21295;15/05/2020;104500
21306;21296;15/05/2020;109800
21307;21297;15/05/2020;41200
21308;21298;15/05/2020;66000
21309;21299;15/05/2020;60000
21310;21300;15/05/2020;63320
21311;21301;15/05/2020;65000
21312;21302;15/05/2020;73000
21313;21303;15/05/2020;180000
21314;21304;15/05/2020;37950
21315;21305;15/05/2020;122000
21316;21306;15/05/2020;97000
21317;21307;15/05/2020;67500
21318;21308;15/05/2020;50000
21319;21309;15/05/2020;225000
21320;21310;15/05/2020;222695
21321;21311;15/05/2020;213500
21322;21312;15/05/2020;28990
21323;21313;15/05/2020;81600
21324;21314;15/05/2020;74300
21325;21315;15/05/2020;40500
21326;21316;15/05/2020;125000
21327;21317;15/05/2020;125000
21328;21318;15/05/2020;209440
21329;21319;15/05/2020;165770
21330;21320;15/05/2020;51585
21331;21321;15/05/2020;216450
21332;21322;15/05/2020;188000
21333;21323;15/05/2020;86400
21334;21324;15/05/2020;322200
21335;21325;15/05/2020;150540
21336;21326;15/05/2020;178250
21337;21327;15/05/2020;28600
21338;21328;15/05/2020;257373
21339;21329;15/05/2020;138589
21340;21330;15/05/2020;147500
21341;21331;15/05/2020;148925
21342;21332;15/05/2020;257053
21343;21333;15/05/2020;228200
21344;21334;15/05/2020;115500
21345;21335;15/05/2020;189700
21346;21336;15/05/2020;253700
21347;21337;15/05/2020;182000
21348;21338;15/05/2020;194000
21349;21339;15/05/2020;104000
21350;21340;15/05/2020;125000
21351;21341;15/05/2020;213000
21352;21342;15/05/2020;81350
21353;21343;15/05/2020;111900
21354;21344;15/05/2020;126450
21355;21345;15/05/2020;496000
21356;21346;15/05/2020;152200
21357;21347;15/05/2020;229000
21358;21348;15/05/2020;161500
21359;21349;15/05/2020;65000
21360;21350;15/05/2020;44455
21361;21351;15/05/2020;124000
21362;21352;15/05/2020;170000
21363;21353;15/05/2020;125000
21364;21354;15/05/2020;117950
21365;21355;15/05/2020;116000
21366;21356;15/05/2020;80400
21367;21357;15/05/2020;232300
21368;21358;15/05/2020;273750
21369;21359;15/05/2020;173000
21370;21360;15/05/2020;146000
21371;21361;15/05/2020;143000
21372;21362;15/05/2020;251000
21373;21363;15/05/2020;15000
21374;21364;15/05/2020;72500
21375;21365;15/05/2020;51000
21376;21366;15/05/2020;98000
21377;21367;15/05/2020;272000
21378;21368;15/05/2020;88500
21379;21369;15/05/2020;197700
21380;21370;15/05/2020;147000
21381;21371;15/05/2020;56000
21382;21372;15/05/2020;152000
21383;21373;15/05/2020;108000
21384;21374;15/05/2020;619800
21385;21375;15/05/2020;159000
21386;21376;15/05/2020;122000
21387;21377;15/05/2020;185500
21388;21378;15/05/2020;174650
21389;21379;15/05/2020;65000
21390;21380;15/05/2020;114935
21391;21381;15/05/2020;82000
21392;21382;15/05/2020;74500
21393;21383;15/05/2020;152830
21394;21384;15/05/2020;78000
21395;21385;15/05/2020;94000
21396;21386;15/05/2020;249500
21397;21387;15/05/2020;52000
21398;21388;15/05/2020;46500
21399;21389;15/05/2020;133150
21400;21390;15/05/2020;129500
21401;21391;15/05/2020;40000
21402;21392;15/05/2020;96300
21403;21393;15/05/2020;104800
21404;21394;15/05/2020;230000
21405;21395;15/05/2020;950000
21406;21396;15/05/2020;224000
21407;21397;15/05/2020;143500
21408;21398;15/05/2020;266000
21409;21399;15/05/2020;40000
21410;21400;15/05/2020;129488
21411;21401;15/05/2020;295000
21412;21402;15/05/2020;402000
21413;21403;15/05/2020;171000
21414;21404;15/05/2020;81000
21415;21405;15/05/2020;118300
21416;21406;15/05/2020;60000
21417;21407;15/05/2020;162806
21418;21408;15/05/2020;185000
21419;21409;15/05/2020;288600
21420;21410;15/05/2020;166900
21421;21411;15/05/2020;92000
21422;21412;15/05/2020;130000
21423;21413;15/05/2020;79000
21424;21414;15/05/2020;89938
21425;21415;15/05/2020;37500
21426;21416;15/05/2020;60590
21427;21417;15/05/2020;72700
21428;21418;15/05/2020;90000
21429;21419;15/05/2020;38000
21430;21420;15/05/2020;126000
21431;21421;15/05/2020;158000
21432;21422;15/05/2020;48000
21433;21423;15/05/2020;42500
21434;21424;15/05/2020;27000
21435;21425;15/05/2020;190400
21436;21426;15/05/2020;159000
21437;21427;15/05/2020;61000
21438;21428;15/05/2020;130000
21439;21429;15/05/2020;79000
21440;21430;15/05/2020;189500
21441;21431;15/05/2020;78000
21442;21432;15/05/2020;42500
21443;21433;15/05/2020;44500
21444;21434;15/05/2020;69200
21445;21435;15/05/2020;68000
21446;21436;15/05/2020;108500
21447;21437;15/05/2020;56500
21448;21438;15/05/2020;87000
21449;21439;15/05/2020;139000
21450;21440;15/05/2020;116270
21451;21441;15/05/2020;55600
21452;21442;15/05/2020;65000
21453;21443;15/05/2020;191000
21454;21444;15/05/2020;105357
21455;21445;15/05/2020;80200
21456;21446;15/05/2020;216000
21457;21447;15/05/2020;35000
21458;21448;15/05/2020;102000
21459;21449;15/05/2020;127050
21460;21450;15/05/2020;78000
21461;21451;15/05/2020;273500
21462;21452;15/05/2020;398750
21463;21453;15/05/2020;162080
21464;21454;15/05/2020;218000
21465;21455;15/05/2020;276000
21466;21456;15/05/2020;156162
21467;21457;15/05/2020;63100
21468;21458;15/05/2020;65500
21469;21459;15/05/2020;95000
21470;21460;15/05/2020;112500
21471;21461;15/05/2020;235000
21472;21462;15/05/2020;466000
21473;21463;15/05/2020;146470
21474;21464;15/05/2020;117880
21475;21465;15/05/2020;135000
21476;21466;15/05/2020;127000
21477;21467;15/05/2020;105000
21478;21468;15/05/2020;163000
21479;21469;15/05/2020;83000
21480;21470;15/05/2020;99200
21481;21471;15/05/2020;82500
21482;21472;15/05/2020;167000
21483;21473;15/05/2020;104500
21484;21474;15/05/2020;217040
21485;21475;15/05/2020;207600
21486;21476;15/05/2020;53300
21487;21477;15/05/2020;83000
21488;21478;15/05/2020;85650
21489;21479;15/05/2020;99800
21490;21480;15/05/2020;99200
21491;21481;15/05/2020;116600
21492;21482;15/05/2020;292000
21493;21483;15/05/2020;95000
21494;21484;15/05/2020;175000
21495;21485;15/05/2020;152000
21496;21486;15/05/2020;109030
21497;21487;15/05/2020;145000
21498;21488;15/05/2020;164000
21499;21489;15/05/2020;134000
21500;21490;15/05/2020;177195
21501;21491;15/05/2020;214900
21502;21492;15/05/2020;136000
21503;21493;15/05/2020;197900
21504;21494;15/05/2020;134800
21505;21495;15/05/2020;98880
21506;21496;15/05/2020;349540
21507;21497;15/05/2020;108000
21508;21498;15/05/2020;245000
21509;21499;15/05/2020;184115
21510;21500;15/05/2020;510000
21511;21501;15/05/2020;158000
21512;21502;15/05/2020;128000
21513;21503;15/05/2020;2072500
21514;21504;15/05/2020;190000
21515;21505;15/05/2020;361400
21516;21506;15/05/2020;187000
21517;21507;15/05/2020;488000
21518;21508;15/05/2020;249300
21519;21509;15/05/2020;183800
21520;21510;15/05/2020;458700
21521;21511;15/05/2020;366600
21522;21512;15/05/2020;287000
21523;21513;15/05/2020;1320000
21524;21514;15/05/2020;547100
21525;21515;15/05/2020;254000
21526;21516;15/05/2020;315000
21527;21517;15/05/2020;62000
21528;21518;15/05/2020;48500
21529;21519;15/05/2020;240000
21530;21520;15/05/2020;84000
21531;21521;15/05/2020;71500
21532;21522;15/05/2020;90000
21533;21523;15/05/2020;91500
21534;21524;15/05/2020;278000
21535;21525;15/05/2020;480000
21536;21526;15/05/2020;420000
21537;21527;15/05/2020;555000
21538;21528;15/05/2020;278920
21539;21529;15/05/2020;192000
21540;21530;15/05/2020;249640
21541;21531;15/05/2020;62000
21542;21532;15/05/2020;287700
21543;21533;15/05/2020;52015
21544;21534;15/05/2020;192500
21545;21535;15/05/2020;256440
21546;21536;15/05/2020;1300000
21547;21537;15/05/2020;89000
21548;21538;15/05/2020;322750
21549;21539;15/05/2020;480000
21550;21540;15/05/2020;374000
21551;21541;15/05/2020;520000
21552;21542;15/05/2020;1000000
21553;21543;15/05/2020;240000
21554;21544;15/05/2020;3202000
21555;21545;15/05/2020;950000
21556;21546;15/05/2020;735560
21557;21547;15/05/2020;615000
21558;21548;15/05/2020;484000
21559;21549;15/05/2020;2060000
21560;21550;15/05/2020;550000
21561;21551;15/05/2020;549400
21562;21552;15/05/2020;1445000
21563;21553;15/05/2020;598000
21564;21554;15/05/2020;1290000
21565;21555;15/05/2020;335016
21566;21556;15/05/2020;700500
21567;21557;15/05/2020;574211
21568;21558;15/05/2020;684000
21569;21559;15/05/2020;697300
21570;21560;15/05/2020;479000
21571;21561;15/05/2020;785000
21572;21562;15/05/2020;161200
21573;21563;15/05/2020;240000
21574;21564;15/05/2020;470300
21575;21565;15/05/2020;344000
21576;21566;15/05/2020;146360
21577;21567;15/05/2020;855000
21578;21568;15/05/2020;199000
21579;21569;15/05/2020;696000
21580;21570;15/05/2020;1210000
21581;21571;15/05/2020;426000
21582;21572;15/05/2020;147475
21583;21573;15/05/2020;839900
21584;21574;15/05/2020;178000
21585;21575;15/05/2020;234150
21586;21576;15/05/2020;524100
21587;21577;15/05/2020;103500
21588;21578;15/05/2020;650000
21589;21579;15/05/2020;750000
21590;21580;15/05/2020;496000
21591;21581;15/05/2020;646000
21592;21582;15/05/2020;480000
21593;21583;15/05/2020;284000
21594;21584;15/05/2020;300000
21595;21585;15/05/2020;450000
21596;21586;15/05/2020;591000
21597;21587;15/05/2020;490000
21598;21588;15/05/2020;409500
21599;21589;15/05/2020;725000
21600;21590;15/05/2020;170000
21601;21591;15/05/2020;173000
21602;21592;15/05/2020;358000
21603;21593;15/05/2020;122500
21604;21594;15/05/2020;668000
21605;21595;15/05/2020;266000
21606;21596;15/05/2020;189350
21607;21597;15/05/2020;157540
21608;21598;15/05/2020;406500
21609;21599;15/05/2020;168000
21610;21600;15/05/2020;1320000
21611;21601;15/05/2020;707300
21612;21602;15/05/2020;423000
21613;21603;15/05/2020;281300
21614;21604;15/05/2020;500850
21615;21605;15/05/2020;1250000
21616;21606;15/05/2020;501500
21617;21607;15/05/2020;1204500
21618;21608;15/05/2020;623000
21619;21609;15/05/2020;241800
21620;21610;15/05/2020;298000
21621;21611;15/05/2020;446300
21622;21612;15/05/2020;756100
21623;21613;15/05/2020;450000
21624;21614;15/05/2020;134000
21625;21615;15/05/2020;660000
21626;21616;15/05/2020;695400
21627;21617;15/05/2020;367700
21628;21618;15/05/2020;285000
21629;21619;15/05/2020;705000
21630;21620;15/05/2020;257950
21631;21621;15/05/2020;591700
21632;21622;15/05/2020;1120000
21633;21623;15/05/2020;478200
21634;21624;15/05/2020;558560
21635;21625;15/05/2020;479638
21636;21626;15/05/2020;157000
21637;21627;15/05/2020;294611
21638;21628;15/05/2020;414500
21639;21629;15/05/2020;97000
21640;21630;15/05/2020;258500
21641;21631;15/05/2020;202000
21642;21632;15/05/2020;410000
21643;21633;15/05/2020;343000
21644;21634;15/05/2020;346620
21645;21635;15/05/2020;618300
21646;21636;15/05/2020;375710
21647;21637;15/05/2020;414350
21648;21638;15/05/2020;640000
21649;21639;15/05/2020;517100
21650;21640;15/05/2020;291500
21651;21641;15/05/2020;169800
21652;21642;15/05/2020;657770
21653;21643;15/05/2020;369600
21654;21644;15/05/2020;189000
21655;21645;15/05/2020;63000
21656;21646;15/05/2020;58000
21657;21647;15/05/2020;147000
21658;21648;15/05/2020;195000
21659;21649;15/05/2020;128450
21660;21650;15/05/2020;124000
21661;21651;15/05/2020;93000
21662;21652;15/05/2020;82000
21663;21653;15/05/2020;55000
21664;21654;15/05/2020;49000
21665;21655;15/05/2020;149660
21666;21656;15/05/2020;112000
21667;21657;15/05/2020;235670
21668;21658;15/05/2020;180850
21669;21659;15/05/2020;178436
21670;21660;15/05/2020;128063
21671;21661;15/05/2020;100000
21672;21662;15/05/2020;241300
21673;21663;15/05/2020;123000
21674;21664;15/05/2020;243000
21675;21665;15/05/2020;382000
21676;21666;15/05/2020;213000
21677;21667;15/05/2020;153000
21678;21668;15/05/2020;186631
21679;21669;15/05/2020;218000
21680;21670;15/05/2020;185000
21681;21671;15/05/2020;140000
21682;21672;15/05/2020;456500
21683;21673;15/05/2020;112500
21684;21674;15/05/2020;185350
21685;21675;15/05/2020;252000
21686;21676;15/05/2020;196000
21687;21677;15/05/2020;155000
21688;21678;15/05/2020;148000
21689;21679;15/05/2020;178055
21690;21680;15/05/2020;199000
21691;21681;15/05/2020;155790
21692;21682;15/05/2020;184000
21693;21683;15/05/2020;324000
21694;21684;15/05/2020;142000
21695;21685;15/05/2020;260000
21696;21686;15/05/2020;354250
21697;21687;15/05/2020;75000
21698;21688;15/05/2020;324000
21699;21689;15/05/2020;255000
21700;21690;15/05/2020;349000
21701;21691;15/05/2020;145000
21702;21692;15/05/2020;239300
21703;21693;15/05/2020;117500
21704;21694;15/05/2020;214000
21705;21695;15/05/2020;474000
21706;21696;15/05/2020;127900
21707;21697;15/05/2020;290370
21708;21698;15/05/2020;166000
21709;21699;15/05/2020;170000
21710;21700;15/05/2020;155000
21711;21701;15/05/2020;273400
21712;21702;15/05/2020;151000
21713;21703;15/05/2020;1024450
21714;21704;15/05/2020;370000
21715;21705;15/05/2020;472520
21716;21706;15/05/2020;139000
21717;21707;15/05/2020;155000
21718;21708;15/05/2020;115000
21719;21709;15/05/2020;315500
21720;21710;15/05/2020;216150
21721;21711;15/05/2020;155000
21722;21712;15/05/2020;82500
21723;21713;15/05/2020;185000
21724;21714;15/05/2020;176800
21725;21715;15/05/2020;299420
21726;21716;15/05/2020;363510
21727;21717;15/05/2020;31300
21728;21718;15/05/2020;790000
21729;21719;15/05/2020;55000
21730;21720;15/05/2020;158000
21731;21721;15/05/2020;93000
21732;21722;15/05/2020;223000
21733;21723;15/05/2020;230951
21734;21724;15/05/2020;88200
21735;21725;15/05/2020;66000
21736;21726;15/05/2020;17200
21737;21727;15/05/2020;270000
21738;21728;15/05/2020;162000
21739;21729;15/05/2020;128000
21740;21730;15/05/2020;340000
21741;21731;15/05/2020;139000
21742;21732;15/05/2020;56000
21743;21733;15/05/2020;188000
21744;21734;15/05/2020;84000
21745;21735;15/05/2020;140000
21746;21736;15/05/2020;125000
21747;21737;15/05/2020;50000
21748;21738;15/05/2020;147000
21749;21739;15/05/2020;128426
21750;21740;15/05/2020;53000
21751;21741;15/05/2020;147000
21752;21742;15/05/2020;151900
21753;21743;15/05/2020;63400
21754;21744;15/05/2020;150000
21755;21745;15/05/2020;120000
21756;21746;15/05/2020;165000
21757;21747;15/05/2020;44800
21758;21748;15/05/2020;64000
21759;21749;15/05/2020;87500
21760;21750;15/05/2020;43000
21761;21751;15/05/2020;97500
21762;21752;15/05/2020;73000
21763;21753;15/05/2020;184500
21764;21754;15/05/2020;163500
21765;21755;15/05/2020;87000
21766;21756;15/05/2020;100000
21767;21757;15/05/2020;180850
21768;21758;15/05/2020;285000
21769;21759;15/05/2020;105500
21770;21760;15/05/2020;225000
21771;21761;15/05/2020;136000
21772;21762;15/05/2020;265140
21773;21763;15/05/2020;70000
21774;21764;15/05/2020;315000
21775;21765;15/05/2020;91600
21776;21766;15/05/2020;82500
21777;21767;15/05/2020;178000
21778;21768;15/05/2020;320000
21779;21769;15/05/2020;128000
21780;21770;15/05/2020;197000
21781;21771;15/05/2020;157000
21782;21772;15/05/2020;628020
21783;21773;15/05/2020;127184
21784;21774;15/05/2020;350000
21785;21775;15/05/2020;106000
21786;21776;15/05/2020;322000
21787;21777;15/05/2020;126500
21788;21778;15/05/2020;240800
21789;21779;15/05/2020;596400
21790;21780;15/05/2020;298000
21791;21781;15/05/2020;300242
21792;21782;15/05/2020;524450
21793;21783;15/05/2020;545000
21794;21784;15/05/2020;546000
21795;21785;15/05/2020;617675
21796;21786;15/05/2020;153000
21797;21787;15/05/2020;1470000
21798;21788;15/05/2020;566150
21799;21789;15/05/2020;127500
21800;21790;15/05/2020;273890
21801;21791;15/05/2020;630000
21802;21792;15/05/2020;346000
21803;21793;15/05/2020;843000
21804;21794;15/05/2020;274780
21805;21795;15/05/2020;193000
21806;21796;15/05/2020;185000
21807;21797;15/05/2020;587500
21808;21798;15/05/2020;920000
21809;21799;15/05/2020;619900
21810;21800;15/05/2020;300000
21811;21801;15/05/2020;264000
21812;21802;15/05/2020;240000
21813;21803;15/05/2020;163000
21814;21804;15/05/2020;189990
21815;21805;15/05/2020;260000
21816;21806;15/05/2020;135000
21817;21807;15/05/2020;183000
21818;21808;15/05/2020;325000
21819;21809;15/05/2020;482000
21820;21810;15/05/2020;80000
21821;21811;15/05/2020;200800
21822;21812;15/05/2020;176000
21823;21813;15/05/2020;320000
21824;21814;15/05/2020;151000
21825;21815;15/05/2020;280000
21826;21816;15/05/2020;186500
21827;21817;15/05/2020;115000
21828;21818;15/05/2020;470000
21829;21819;15/05/2020;368000
21830;21820;15/05/2020;145000
21831;21821;15/05/2020;166000
21832;21822;15/05/2020;103000
21833;21823;15/05/2020;185000
21834;21824;15/05/2020;127000
21835;21825;15/05/2020;287000
21836;21826;15/05/2020;183300
21837;21827;15/05/2020;142360
21838;21828;15/05/2020;106300
21839;21829;15/05/2020;259000
21840;21830;15/05/2020;339500
21841;21831;15/05/2020;386000
21842;21832;15/05/2020;200000
21843;21833;15/05/2020;242000
21844;21834;15/05/2020;225000
21845;21835;15/05/2020;222000
21846;21836;15/05/2020;212000
21847;21837;15/05/2020;175000
21848;21838;15/05/2020;159900
21849;21839;15/05/2020;145000
21850;21840;15/05/2020;625000
21851;21841;15/05/2020;603800
21852;21842;15/05/2020;252000
21853;21843;15/05/2020;806300
21854;21844;15/05/2020;256000
21855;21845;15/05/2020;244900
21856;21846;15/05/2020;197000
21857;21847;15/05/2020;227000
21858;21848;15/05/2020;221000
21859;21849;15/05/2020;247950
21860;21850;15/05/2020;194226
21861;21851;15/05/2020;245000
21862;21852;15/05/2020;167400
21863;21853;15/05/2020;283500
21864;21854;15/05/2020;181000
21865;21855;15/05/2020;135000
21866;21856;15/05/2020;176000
21867;21857;15/05/2020;368000
21868;21858;15/05/2020;167000
21869;21859;15/05/2020;183000
21870;21860;15/05/2020;277950
21871;21861;15/05/2020;199000
21872;21862;15/05/2020;112000
21873;21863;15/05/2020;170000
21874;21864;15/05/2020;168000
21875;21865;15/05/2020;105000
21876;21866;15/05/2020;144000
21877;21867;15/05/2020;147900
21878;21868;15/05/2020;67450
21879;21869;16/05/2020;41500
21880;21870;16/05/2020;172200
21881;21871;16/05/2020;35000
21882;21872;16/05/2020;32000
21883;21873;16/05/2020;91000
21884;21874;16/05/2020;143820
21885;21875;16/05/2020;153000
21886;21876;16/05/2020;282000
21887;21877;16/05/2020;260000
21888;21878;16/05/2020;76725
21889;21879;16/05/2020;203160
21890;21880;16/05/2020;113500
21891;21881;16/05/2020;77550
21892;21882;16/05/2020;33000
21893;21883;16/05/2020;180650
21894;21884;16/05/2020;590000
21895;21885;16/05/2020;182000
21896;21886;16/05/2020;113600
21897;21887;16/05/2020;64000
21898;21888;16/05/2020;1150000
21899;21889;16/05/2020;208500
21900;21890;16/05/2020;76500
21901;21891;16/05/2020;47000
21902;21892;16/05/2020;145000
21903;21893;16/05/2020;102000
21904;21894;16/05/2020;88000
21905;21895;16/05/2020;65000
21906;21896;16/05/2020;212200
21907;21897;16/05/2020;354000
21908;21898;16/05/2020;1440000
21909;21899;16/05/2020;760000
21910;21900;16/05/2020;78500
21911;21901;16/05/2020;89500
21912;21902;16/05/2020;76500
21913;21903;16/05/2020;72692
21914;21904;16/05/2020;48680
21915;21905;16/05/2020;206000
21916;21906;16/05/2020;140000
21917;21907;16/05/2020;240000
21918;21908;16/05/2020;174000
21919;21909;18/05/2020;54120
21920;21910;18/05/2020;65000
21921;21911;18/05/2020;161000
21922;21912;18/05/2020;84000
21923;21913;18/05/2020;64500
21924;21914;18/05/2020;126000
21925;21915;18/05/2020;81200
21926;21916;18/05/2020;36100
21927;21917;18/05/2020;274000
21928;21918;18/05/2020;237000
21929;21919;18/05/2020;187000
21930;21920;18/05/2020;289000
21931;21921;18/05/2020;48000
21932;21922;18/05/2020;158000
21933;21923;18/05/2020;337000
21934;21924;18/05/2020;156250
21935;21925;18/05/2020;136205
21936;21926;18/05/2020;435000
21937;21927;18/05/2020;375550
21938;21928;18/05/2020;454100
21939;21929;18/05/2020;162300
21940;21930;18/05/2020;730832
21941;21931;18/05/2020;36500
21942;21932;18/05/2020;151900
21943;21933;18/05/2020;118000
21944;21934;18/05/2020;58000
21945;21935;18/05/2020;126350
21946;21936;18/05/2020;85000
21947;21937;18/05/2020;108050
21948;21938;18/05/2020;11000
21949;21939;18/05/2020;46500
21950;21940;18/05/2020;56137
21951;21941;18/05/2020;247000
21952;21942;18/05/2020;153000
21953;21943;18/05/2020;65500
21954;21944;18/05/2020;225000
21955;21945;18/05/2020;215000
21956;21946;18/05/2020;102500
21957;21947;18/05/2020;65000
21958;21948;18/05/2020;20600
21959;21949;18/05/2020;32000
21960;21950;18/05/2020;49500
21961;21951;18/05/2020;40000
21962;21952;18/05/2020;83000
21963;21953;18/05/2020;80000
21964;21954;18/05/2020;201200
21965;21955;18/05/2020;195500
21966;21956;18/05/2020;280000
21967;21957;18/05/2020;130200
21968;21958;18/05/2020;91000
21969;21959;18/05/2020;119500
21970;21960;18/05/2020;70000
21971;21961;18/05/2020;540360
21972;21962;18/05/2020;164290
21973;21963;18/05/2020;196000
21974;21964;18/05/2020;97660
21975;21965;18/05/2020;125950
21976;21966;18/05/2020;94500
21977;21967;18/05/2020;70000
21978;21968;18/05/2020;190000
21979;21969;18/05/2020;281000
21980;21970;18/05/2020;138600
21981;21971;18/05/2020;146600
21982;21972;18/05/2020;211000
21983;21973;18/05/2020;111900
21984;21974;18/05/2020;260000
21985;21975;18/05/2020;130528
21986;21976;18/05/2020;295590
21987;21977;18/05/2020;141300
21988;21978;18/05/2020;128000
21989;21979;18/05/2020;51000
21990;21980;18/05/2020;208900
21991;21981;18/05/2020;225200
21992;21982;18/05/2020;132000
21993;21983;18/05/2020;233450
21994;21984;18/05/2020;463970
21995;21985;18/05/2020;225800
21996;21986;18/05/2020;463700
21997;21987;18/05/2020;248900
21998;21988;18/05/2020;600000
21999;21989;18/05/2020;77500
22000;21990;18/05/2020;210420
22001;21991;18/05/2020;80000
22002;21992;18/05/2020;164000
22003;21993;18/05/2020;112700
22004;21994;18/05/2020;203400
22005;21995;18/05/2020;76500
22006;21996;18/05/2020;48500
22007;21997;18/05/2020;110000
22008;21998;18/05/2020;119300
22009;21999;18/05/2020;180000
22010;22000;18/05/2020;115000
22011;22001;18/05/2020;140000
22012;22002;18/05/2020;144500
22013;22003;18/05/2020;69000
22014;22004;18/05/2020;201000
22015;22005;18/05/2020;385000
22016;22006;18/05/2020;37700
22017;22007;18/05/2020;726700
22018;22008;18/05/2020;243304
22019;22009;18/05/2020;430000
22020;22010;18/05/2020;207500
22021;22011;18/05/2020;152600
22022;22012;18/05/2020;267750
22023;22013;18/05/2020;74500
22024;22014;18/05/2020;141750
22025;22015;18/05/2020;457900
22026;22016;18/05/2020;225850
22027;22017;18/05/2020;160510
22028;22018;18/05/2020;218550
22029;22019;18/05/2020;52000
22030;22020;18/05/2020;228000
22031;22021;18/05/2020;160000
22032;22022;18/05/2020;325000
22033;22023;18/05/2020;102000
22034;22024;18/05/2020;114950
22035;22025;18/05/2020;101000
22036;22026;18/05/2020;227000
22037;22027;18/05/2020;160000
22038;22028;18/05/2020;62000
22039;22029;18/05/2020;73530
22040;22030;18/05/2020;238000
22041;22031;18/05/2020;153000
22042;22032;18/05/2020;370000
22043;22033;18/05/2020;136000
22044;22034;18/05/2020;142100
22045;22035;18/05/2020;111545
22046;22036;18/05/2020;285000
22047;22037;18/05/2020;567000
22048;22038;18/05/2020;549000
22049;22039;18/05/2020;315000
22050;22040;18/05/2020;254850
22051;22041;18/05/2020;226000
22052;22042;18/05/2020;148500
22053;22043;18/05/2020;84000
22054;22044;18/05/2020;142000
22055;22045;18/05/2020;72000
22056;22046;18/05/2020;54900
22057;22047;18/05/2020;67000
22058;22048;18/05/2020;82250
22059;22049;18/05/2020;49500
22060;22050;18/05/2020;134500
22061;22051;18/05/2020;64130
22062;22052;18/05/2020;165450
22063;22053;18/05/2020;79000
22064;22054;18/05/2020;120200
22065;22055;18/05/2020;75000
22066;22056;18/05/2020;103326
22067;22057;18/05/2020;157500
22068;22058;18/05/2020;47500
22069;22059;18/05/2020;161700
22070;22060;18/05/2020;54000
22071;22061;18/05/2020;23000
22072;22062;18/05/2020;158750
22073;22063;18/05/2020;74500
22074;22064;18/05/2020;119000
22075;22065;18/05/2020;169350
22076;22066;18/05/2020;267000
22077;22067;18/05/2020;228750
22078;22068;18/05/2020;93020
22079;22069;18/05/2020;216000
22080;22070;18/05/2020;51000
22081;22071;18/05/2020;149000
22082;22072;18/05/2020;95000
22083;22073;18/05/2020;56000
22084;22074;18/05/2020;178550
22085;22075;18/05/2020;137000
22086;22076;18/05/2020;76000
22087;22077;18/05/2020;45000
22088;22078;18/05/2020;63280
22089;22079;18/05/2020;87000
22090;22080;18/05/2020;121000
22091;22081;18/05/2020;313000
22092;22082;18/05/2020;22000
22093;22083;18/05/2020;76500
22094;22084;18/05/2020;57400
22095;22085;18/05/2020;56100
22096;22086;18/05/2020;69830
22097;22087;18/05/2020;185000
22098;22088;18/05/2020;276990
22099;22089;18/05/2020;130000
22100;22090;18/05/2020;193850
22101;22091;18/05/2020;133600
22102;22092;18/05/2020;324950
22103;22093;18/05/2020;118500
22104;22094;18/05/2020;596600
22105;22095;18/05/2020;137300
22106;22096;18/05/2020;218700
22107;22097;18/05/2020;545810
22108;22098;18/05/2020;103000
22109;22099;18/05/2020;105000
22110;22100;18/05/2020;164850
22111;22101;18/05/2020;133100
22112;22102;18/05/2020;177300
22113;22103;18/05/2020;449780
22114;22104;18/05/2020;238400
22115;22105;18/05/2020;143400
22116;22106;18/05/2020;468500
22117;22107;18/05/2020;199100
22118;22108;18/05/2020;269000
22119;22109;18/05/2020;225000
22120;22110;18/05/2020;165000
22121;22111;18/05/2020;213900
22122;22112;18/05/2020;520000
22123;22113;18/05/2020;453700
22124;22114;18/05/2020;865500
22125;22115;18/05/2020;702000
22126;22116;18/05/2020;436000
22127;22117;18/05/2020;80000
22128;22118;18/05/2020;227550
22129;22119;18/05/2020;310000
22130;22120;18/05/2020;324700
22131;22121;18/05/2020;199280
22132;22122;18/05/2020;138420
22133;22123;18/05/2020;133120
22134;22124;18/05/2020;110000
22135;22125;18/05/2020;128000
22136;22126;18/05/2020;192000
22137;22127;18/05/2020;313600
22138;22128;18/05/2020;200000
22139;22129;18/05/2020;285723
22140;22130;18/05/2020;83000
22141;22131;18/05/2020;45500
22142;22132;18/05/2020;259000
22143;22133;18/05/2020;67900
22144;22134;18/05/2020;338600
22145;22135;18/05/2020;151000
22146;22136;18/05/2020;60520
22147;22137;18/05/2020;86300
22148;22138;18/05/2020;385550
22149;22139;18/05/2020;2550000
22150;22140;18/05/2020;890000
22151;22141;18/05/2020;385000
22152;22142;18/05/2020;1260000
22153;22143;18/05/2020;295000
22154;22144;18/05/2020;523500
22155;22145;18/05/2020;310000
22156;22146;18/05/2020;2098764
22157;22147;18/05/2020;220000
22158;22148;18/05/2020;1590000
22159;22149;18/05/2020;1005000
22160;22150;18/05/2020;494000
22161;22151;18/05/2020;379000
22162;22152;18/05/2020;159870
22163;22153;18/05/2020;660000
22164;22154;18/05/2020;585000
22165;22155;18/05/2020;361850
22166;22156;18/05/2020;918900
22167;22157;18/05/2020;940500
22168;22158;18/05/2020;379020
22169;22159;18/05/2020;632000
22170;22160;18/05/2020;383337
22171;22161;18/05/2020;515000
22172;22162;18/05/2020;227000
22173;22163;18/05/2020;318000
22174;22164;18/05/2020;475000
22175;22165;18/05/2020;199500
22176;22166;18/05/2020;147000
22177;22167;18/05/2020;470000
22178;22168;18/05/2020;771600
22179;22169;18/05/2020;282000
22180;22170;18/05/2020;525000
22181;22171;18/05/2020;489400
22182;22172;18/05/2020;476000
22183;22173;18/05/2020;640000
22184;22174;18/05/2020;87000
22185;22175;18/05/2020;700000
22186;22176;18/05/2020;1530000
22187;22177;18/05/2020;570000
22188;22178;18/05/2020;382500
22189;22179;18/05/2020;503000
22190;22180;18/05/2020;1200000
22191;22181;18/05/2020;849000
22192;22182;18/05/2020;323000
22193;22183;18/05/2020;460000
22194;22184;18/05/2020;743200
22195;22185;18/05/2020;591550
22196;22186;18/05/2020;1189120
22197;22187;18/05/2020;130625
22198;22188;18/05/2020;548600
22199;22189;18/05/2020;800000
22200;22190;18/05/2020;278000
22201;22191;18/05/2020;425000
22202;22192;18/05/2020;376000
22203;22193;18/05/2020;246000
22204;22194;18/05/2020;680000
22205;22195;18/05/2020;189000
22206;22196;18/05/2020;455000
22207;22197;18/05/2020;259587
22208;22198;18/05/2020;241064
22209;22199;18/05/2020;216000
22210;22200;18/05/2020;425000
22211;22201;18/05/2020;795000
22212;22202;18/05/2020;223000
22213;22203;18/05/2020;365000
22214;22204;18/05/2020;548000
22215;22205;18/05/2020;307000
22216;22206;18/05/2020;245000
22217;22207;18/05/2020;73000
22218;22208;18/05/2020;281690
22219;22209;18/05/2020;107000
22220;22210;18/05/2020;200000
22221;22211;18/05/2020;216000
22222;22212;18/05/2020;132400
22223;22213;18/05/2020;127000
22224;22214;18/05/2020;122000
22225;22215;18/05/2020;90600
22226;22216;18/05/2020;68000
22227;22217;18/05/2020;283000
22228;22218;18/05/2020;139000
22229;22219;18/05/2020;155000
22230;22220;18/05/2020;231000
22231;22221;18/05/2020;162100
22232;22222;18/05/2020;330000
22233;22223;18/05/2020;228000
22234;22224;18/05/2020;175000
22235;22225;18/05/2020;164000
22236;22226;18/05/2020;257000
22237;22227;18/05/2020;44500
22238;22228;18/05/2020;140000
22239;22229;18/05/2020;305000
22240;22230;18/05/2020;368300
22241;22231;18/05/2020;230000
22242;22232;18/05/2020;197000
22243;22233;18/05/2020;291000
22244;22234;18/05/2020;103500
22245;22235;18/05/2020;90000
22246;22236;18/05/2020;238000
22247;22237;18/05/2020;290000
22248;22238;18/05/2020;267000
22249;22239;18/05/2020;174000
22250;22240;18/05/2020;749028
22251;22241;18/05/2020;540750
22252;22242;18/05/2020;266350
22253;22243;18/05/2020;147560
22254;22244;18/05/2020;320000
22255;22245;18/05/2020;137000
22256;22246;18/05/2020;110000
22257;22247;18/05/2020;104000
22258;22248;18/05/2020;98500
22259;22249;18/05/2020;700000
22260;22250;18/05/2020;179000
22261;22251;18/05/2020;137857
22262;22252;18/05/2020;133600
22263;22253;18/05/2020;346500
22264;22254;18/05/2020;261000
22265;22255;18/05/2020;157000
22266;22256;18/05/2020;297759
22267;22257;18/05/2020;245000
22268;22258;18/05/2020;339067
22269;22259;18/05/2020;95950
22270;22260;18/05/2020;63500
22271;22261;18/05/2020;92100
22272;22262;18/05/2020;36000
22273;22263;18/05/2020;147500
22274;22264;18/05/2020;220000
22275;22265;18/05/2020;141000
22276;22266;18/05/2020;84000
22277;22267;18/05/2020;190000
22278;22268;18/05/2020;169000
22279;22269;18/05/2020;131570
22280;22270;18/05/2020;110000
22281;22271;18/05/2020;85000
22282;22272;18/05/2020;272000
22283;22273;18/05/2020;86000
22284;22274;18/05/2020;133000
22285;22275;18/05/2020;42000
22286;22276;18/05/2020;86500
22287;22277;18/05/2020;141950
22288;22278;18/05/2020;128500
22289;22279;18/05/2020;94000
22290;22280;18/05/2020;133570
22291;22281;18/05/2020;94000
22292;22282;18/05/2020;180000
22293;22283;18/05/2020;75000
22294;22284;18/05/2020;57000
22295;22285;18/05/2020;165700
22296;22286;18/05/2020;118000
22297;22287;18/05/2020;238300
22298;22288;18/05/2020;70000
22299;22289;18/05/2020;164000
22300;22290;18/05/2020;293000
22301;22291;18/05/2020;92000
22302;22292;18/05/2020;155000
22303;22293;18/05/2020;242000
22304;22294;18/05/2020;204000
22305;22295;18/05/2020;134900
22306;22296;18/05/2020;333000
22307;22297;18/05/2020;177650
22308;22298;18/05/2020;243000
22309;22299;18/05/2020;155000
22310;22300;18/05/2020;159000
22311;22301;18/05/2020;147000
22312;22302;18/05/2020;174000
22313;22303;18/05/2020;247750
22314;22304;18/05/2020;255000
22315;22305;18/05/2020;328290
22316;22306;18/05/2020;278600
22317;22307;18/05/2020;131868
22318;22308;18/05/2020;185500
22319;22309;18/05/2020;165000
22320;22310;18/05/2020;280000
22321;22311;18/05/2020;478600
22322;22312;18/05/2020;698750
22323;22313;18/05/2020;445000
22324;22314;18/05/2020;263700
22325;22315;18/05/2020;1795200
22326;22316;18/05/2020;1025000
22327;22317;18/05/2020;589000
22328;22318;18/05/2020;446010
22329;22319;18/05/2020;370500
22330;22320;18/05/2020;129000
22331;22321;18/05/2020;110000
22332;22322;18/05/2020;158000
22333;22323;18/05/2020;511500
22334;22324;18/05/2020;339900
22335;22325;18/05/2020;198000
22336;22326;18/05/2020;196000
22337;22327;18/05/2020;140000
22338;22328;18/05/2020;410946
22339;22329;18/05/2020;229000
22340;22330;18/05/2020;265000
22341;22331;18/05/2020;791000
22342;22332;18/05/2020;339300
22343;22333;18/05/2020;255000
22344;22334;18/05/2020;172000
22345;22335;18/05/2020;200000
22346;22336;18/05/2020;218000
22347;22337;18/05/2020;288000
22348;22338;18/05/2020;329000
22349;22339;18/05/2020;265000
22350;22340;18/05/2020;186000
22351;22341;18/05/2020;415010
22352;22342;18/05/2020;210350
22353;22343;18/05/2020;587700
22354;22344;18/05/2020;202000
22355;22345;18/05/2020;429850
22356;22346;18/05/2020;604600
22357;22347;18/05/2020;557240
22358;22348;18/05/2020;535000
22359;22349;18/05/2020;140000
22360;22350;18/05/2020;193000
22361;22351;18/05/2020;267500
22362;22352;18/05/2020;227000
22363;22353;18/05/2020;192638
22364;22354;18/05/2020;142000
22365;22355;18/05/2020;277000
22366;22356;18/05/2020;174800
22367;22357;18/05/2020;160000
22368;22358;18/05/2020;175640
22369;22359;18/05/2020;151000
22370;22360;18/05/2020;75000
22371;22361;18/05/2020;306000
22372;22362;18/05/2020;199000
22373;22363;18/05/2020;547350
22374;22364;18/05/2020;163700
22375;22365;18/05/2020;130000
22376;22366;18/05/2020;139000
22377;22367;18/05/2020;174000
22378;22368;18/05/2020;180500
22379;22369;18/05/2020;78000
22380;22370;18/05/2020;206000
22381;22371;18/05/2020;122000
22382;22372;18/05/2020;140000
22383;22373;18/05/2020;133500
22384;22374;18/05/2020;59500
22385;22375;18/05/2020;180515
22386;22376;19/05/2020;513350
22387;22377;19/05/2020;116500
22388;22378;19/05/2020;324050
22389;22379;19/05/2020;55000
22390;22380;19/05/2020;87000
22391;22381;19/05/2020;142500
22392;22382;19/05/2020;199000
22393;22383;19/05/2020;205000
22394;22384;19/05/2020;225000
22395;22385;19/05/2020;165000
22396;22386;19/05/2020;363000
22397;22387;19/05/2020;178525
22398;22388;19/05/2020;279000
22399;22389;19/05/2020;82000
22400;22390;19/05/2020;228000
22401;22391;19/05/2020;201400
22402;22392;19/05/2020;188000
22403;22393;19/05/2020;88550
22404;22394;19/05/2020;51500
22405;22395;19/05/2020;287000
22406;22396;19/05/2020;91500
22407;22397;19/05/2020;65000
22408;22398;19/05/2020;65000
22409;22399;19/05/2020;57100
22410;22400;19/05/2020;125000
22411;22401;19/05/2020;40450
22412;22402;19/05/2020;298590
22413;22403;19/05/2020;96500
22414;22404;19/05/2020;88000
22415;22405;19/05/2020;117000
22416;22406;19/05/2020;120200
22417;22407;19/05/2020;350000
22418;22408;19/05/2020;45000
22419;22409;19/05/2020;110000
22420;22410;19/05/2020;90000
22421;22411;19/05/2020;28000
22422;22412;19/05/2020;160000
22423;22413;19/05/2020;111300
22424;22414;19/05/2020;142600
22425;22415;19/05/2020;110000
22426;22416;19/05/2020;185080
22427;22417;19/05/2020;135000
22428;22418;19/05/2020;139000
22429;22419;19/05/2020;65000
22430;22420;19/05/2020;165000
22431;22421;19/05/2020;131750
22432;22422;19/05/2020;53000
22433;22423;19/05/2020;170000
22434;22424;19/05/2020;127700
22435;22425;19/05/2020;65000
22436;22426;19/05/2020;131400
22437;22427;19/05/2020;152000
22438;22428;19/05/2020;473000
22439;22429;19/05/2020;60000
22440;22430;19/05/2020;248460
22441;22431;19/05/2020;330000
22442;22432;19/05/2020;389615
22443;22433;19/05/2020;63000
22444;22434;19/05/2020;133190
22445;22435;19/05/2020;86000
22446;22436;19/05/2020;111200
22447;22437;19/05/2020;156650
22448;22438;19/05/2020;106900
22449;22439;19/05/2020;107000
22450;22440;19/05/2020;262000
22451;22441;19/05/2020;220000
22452;22442;19/05/2020;430000
22453;22443;19/05/2020;90800
22454;22444;19/05/2020;180000
22455;22445;19/05/2020;155000
22456;22446;19/05/2020;118310
22457;22447;19/05/2020;159000
22458;22448;19/05/2020;102564
22459;22449;19/05/2020;432600
22460;22450;19/05/2020;245000
22461;22451;19/05/2020;120000
22462;22452;19/05/2020;315000
22463;22453;19/05/2020;312800
22464;22454;19/05/2020;136022
22465;22455;19/05/2020;174000
22466;22456;19/05/2020;124876
22467;22457;19/05/2020;355000
22468;22458;19/05/2020;66500
22469;22459;19/05/2020;167000
22470;22460;19/05/2020;84500
22471;22461;19/05/2020;107000
22472;22462;19/05/2020;91000
22473;22463;19/05/2020;102000
22474;22464;19/05/2020;63000
22475;22465;19/05/2020;90000
22476;22466;19/05/2020;165000
22477;22467;19/05/2020;177000
22478;22468;19/05/2020;131500
22479;22469;19/05/2020;182000
22480;22470;19/05/2020;88000
22481;22471;19/05/2020;103000
22482;22472;19/05/2020;51956
22483;22473;19/05/2020;123000
22484;22474;19/05/2020;116500
22485;22475;19/05/2020;67866
22486;22476;19/05/2020;229000
22487;22477;19/05/2020;185000
22488;22478;19/05/2020;94000
22489;22479;19/05/2020;115000
22490;22480;19/05/2020;159350
22491;22481;19/05/2020;155000
22492;22482;19/05/2020;153000
22493;22483;19/05/2020;52500
22494;22484;19/05/2020;124500
22495;22485;19/05/2020;58000
22496;22486;19/05/2020;80000
22497;22487;19/05/2020;270000
22498;22488;19/05/2020;82000
22499;22489;19/05/2020;135000
22500;22490;19/05/2020;35000
22501;22491;19/05/2020;120000
22502;22492;19/05/2020;77483
22503;22493;19/05/2020;49500
22504;22494;19/05/2020;111000
22505;22495;19/05/2020;132600
22506;22496;19/05/2020;80000
22507;22497;19/05/2020;245000
22508;22498;19/05/2020;185000
22509;22499;19/05/2020;95000
22510;22500;19/05/2020;160000
22511;22501;19/05/2020;120400
22512;22502;19/05/2020;270000
22513;22503;19/05/2020;197517
22514;22504;19/05/2020;94145
22515;22505;19/05/2020;87000
22516;22506;19/05/2020;236486
22517;22507;19/05/2020;147000
22518;22508;19/05/2020;204250
22519;22509;19/05/2020;178000
22520;22510;19/05/2020;138300
22521;22511;19/05/2020;166000
22522;22512;19/05/2020;229500
22523;22513;19/05/2020;396200
22524;22514;19/05/2020;122000
22525;22515;19/05/2020;211000
22526;22516;19/05/2020;39600
22527;22517;19/05/2020;127000
22528;22518;19/05/2020;111200
22529;22519;19/05/2020;131915
22530;22520;19/05/2020;68000
22531;22521;19/05/2020;64000
22532;22522;19/05/2020;86000
22533;22523;19/05/2020;170000
22534;22524;19/05/2020;310000
22535;22525;19/05/2020;125000
22536;22526;19/05/2020;79500
22537;22527;19/05/2020;98000
22538;22528;19/05/2020;103000
22539;22529;19/05/2020;321280
22540;22530;19/05/2020;105350
22541;22531;19/05/2020;193000
22542;22532;19/05/2020;62000
22543;22533;19/05/2020;24000
22544;22534;19/05/2020;132610
22545;22535;19/05/2020;87500
22546;22536;19/05/2020;142500
22547;22537;19/05/2020;80000
22548;22538;19/05/2020;70300
22549;22539;19/05/2020;120000
22550;22540;19/05/2020;113000
22551;22541;19/05/2020;140000
22552;22542;19/05/2020;132000
22553;22543;19/05/2020;104000
22554;22544;19/05/2020;64000
22555;22545;19/05/2020;53000
22556;22546;19/05/2020;115000
22557;22547;19/05/2020;260000
22558;22548;19/05/2020;483145
22559;22549;19/05/2020;110000
22560;22550;19/05/2020;281000
22561;22551;19/05/2020;124500
22562;22552;19/05/2020;157000
22563;22553;19/05/2020;232000
22564;22554;19/05/2020;115000
22565;22555;19/05/2020;264600
22566;22556;19/05/2020;113870
22567;22557;19/05/2020;73700
22568;22558;19/05/2020;30000
22569;22559;19/05/2020;88000
22570;22560;19/05/2020;406850
22571;22561;19/05/2020;161200
22572;22562;19/05/2020;280000
22573;22563;19/05/2020;190000
22574;22564;19/05/2020;188000
22575;22565;19/05/2020;209000
22576;22566;19/05/2020;107000
22577;22567;19/05/2020;80000
22578;22568;19/05/2020;142000
22579;22569;19/05/2020;190500
22580;22570;19/05/2020;199000
22581;22571;19/05/2020;229655
22582;22572;19/05/2020;210000
22583;22573;19/05/2020;615000
22584;22574;19/05/2020;1011280
22585;22575;19/05/2020;250000
22586;22576;19/05/2020;420000
22587;22577;19/05/2020;167500
22588;22578;19/05/2020;355000
22589;22579;19/05/2020;267100
22590;22580;19/05/2020;122500
22591;22581;19/05/2020;214350
22592;22582;19/05/2020;200220
22593;22583;19/05/2020;350000
22594;22584;19/05/2020;219890
22595;22585;19/05/2020;30000
22596;22586;19/05/2020;155500
22597;22587;19/05/2020;69500
22598;22588;19/05/2020;53500
22599;22589;19/05/2020;122000
22600;22590;19/05/2020;155000
22601;22591;19/05/2020;298000
22602;22592;19/05/2020;317200
22603;22593;19/05/2020;216000
22604;22594;19/05/2020;155000
22605;22595;19/05/2020;160000
22606;22596;19/05/2020;556000
22607;22597;19/05/2020;350000
22608;22598;19/05/2020;1310000
22609;22599;19/05/2020;252700
22610;22600;19/05/2020;80000
22611;22601;19/05/2020;1625000
22612;22602;19/05/2020;840000
22613;22603;19/05/2020;1040000
22614;22604;19/05/2020;1433350
22615;22605;19/05/2020;396200
22616;22606;19/05/2020;1500000
22617;22607;19/05/2020;1780000
22618;22608;19/05/2020;561905
22619;22609;19/05/2020;494344
22620;22610;19/05/2020;580000
22621;22611;19/05/2020;155000
22622;22612;19/05/2020;495068
22623;22613;19/05/2020;850000
22624;22614;19/05/2020;590289
22625;22615;19/05/2020;735000
22626;22616;19/05/2020;481955
22627;22617;19/05/2020;420238
22628;22618;19/05/2020;563000
22629;22619;19/05/2020;229000
22630;22620;19/05/2020;244900
22631;22621;19/05/2020;550700
22632;22622;19/05/2020;352500
22633;22623;19/05/2020;260000
22634;22624;19/05/2020;605000
22635;22625;19/05/2020;765000
22636;22626;19/05/2020;930000
22637;22627;19/05/2020;352000
22638;22628;19/05/2020;247620
22639;22629;19/05/2020;420000
22640;22630;19/05/2020;547000
22641;22631;19/05/2020;515000
22642;22632;19/05/2020;335000
22643;22633;19/05/2020;200500
22644;22634;19/05/2020;453480
22645;22635;19/05/2020;190000
22646;22636;19/05/2020;708200
22647;22637;19/05/2020;155000
22648;22638;19/05/2020;936000
22649;22639;19/05/2020;1320000
22650;22640;19/05/2020;385011
22651;22641;19/05/2020;1303000
22652;22642;19/05/2020;371000
22653;22643;19/05/2020;792000
22654;22644;19/05/2020;1032000
22655;22645;19/05/2020;1670000
22656;22646;19/05/2020;1552000
22657;22647;19/05/2020;1766550
22658;22648;19/05/2020;1504000
22659;22649;19/05/2020;765125
22660;22650;19/05/2020;239800
22661;22651;19/05/2020;369500
22662;22652;19/05/2020;396000
22663;22653;19/05/2020;320960
22664;22654;19/05/2020;242000
22665;22655;19/05/2020;850000
22666;22656;19/05/2020;663900
22667;22657;19/05/2020;308600
22668;22658;19/05/2020;690000
22669;22659;19/05/2020;204000
22670;22660;19/05/2020;526300
22671;22661;19/05/2020;272000
22672;22662;19/05/2020;348380
22673;22663;19/05/2020;301933
22674;22664;19/05/2020;103000
22675;22665;19/05/2020;289000
22676;22666;19/05/2020;254000
22677;22667;19/05/2020;966346
22678;22668;19/05/2020;353000
22679;22669;19/05/2020;246000
22680;22670;19/05/2020;275110
22681;22671;19/05/2020;775000
22682;22672;19/05/2020;640000
22683;22673;19/05/2020;160000
22684;22674;19/05/2020;93500
22685;22675;19/05/2020;75000
22686;22676;19/05/2020;57200
22687;22677;19/05/2020;89000
22688;22678;19/05/2020;82000
22689;22679;19/05/2020;235600
22690;22680;19/05/2020;194470
22691;22681;19/05/2020;248000
22692;22682;19/05/2020;52000
22693;22683;19/05/2020;90000
22694;22684;19/05/2020;236000
22695;22685;19/05/2020;157000
22696;22686;19/05/2020;126400
22697;22687;19/05/2020;199000
22698;22688;19/05/2020;150500
22699;22689;19/05/2020;248450
22700;22690;19/05/2020;138000
22701;22691;19/05/2020;229000
22702;22692;19/05/2020;137000
22703;22693;19/05/2020;167000
22704;22694;19/05/2020;180000
22705;22695;19/05/2020;315000
22706;22696;19/05/2020;332250
22707;22697;19/05/2020;350000
22708;22698;19/05/2020;245604
22709;22699;19/05/2020;417000
22710;22700;19/05/2020;454650
22711;22701;19/05/2020;132000
22712;22702;19/05/2020;206000
22713;22703;19/05/2020;166700
22714;22704;19/05/2020;171500
22715;22705;19/05/2020;180000
22716;22706;19/05/2020;227000
22717;22707;19/05/2020;147000
22718;22708;19/05/2020;205000
22719;22709;19/05/2020;192000
22720;22710;19/05/2020;260000
22721;22711;19/05/2020;304200
22722;22712;19/05/2020;315000
22723;22713;19/05/2020;135000
22724;22714;19/05/2020;255000
22725;22715;19/05/2020;132000
22726;22716;19/05/2020;109000
22727;22717;19/05/2020;100000
22728;22718;19/05/2020;85000
22729;22719;19/05/2020;184000
22730;22720;19/05/2020;330000
22731;22721;19/05/2020;254700
22732;22722;19/05/2020;124500
22733;22723;19/05/2020;64000
22734;22724;19/05/2020;162000
22735;22725;19/05/2020;138700
22736;22726;19/05/2020;94000
22737;22727;19/05/2020;434800
22738;22728;19/05/2020;287000
22739;22729;19/05/2020;89000
22740;22730;19/05/2020;124000
22741;22731;19/05/2020;314000
22742;22732;19/05/2020;230000
22743;22733;19/05/2020;366800
22744;22734;19/05/2020;307500
22745;22735;19/05/2020;102000
22746;22736;19/05/2020;179000
22747;22737;19/05/2020;142500
22748;22738;19/05/2020;91940
22749;22739;19/05/2020;81000
22750;22740;19/05/2020;542500
22751;22741;19/05/2020;102500
22752;22742;19/05/2020;345000
22753;22743;19/05/2020;140000
22754;22744;19/05/2020;44000
22755;22745;19/05/2020;84250
22756;22746;19/05/2020;94000
22757;22747;19/05/2020;130000
22758;22748;19/05/2020;95000
22759;22749;19/05/2020;89450
22760;22750;19/05/2020;45000
22761;22751;19/05/2020;75000
22762;22752;19/05/2020;66000
22763;22753;19/05/2020;114000
22764;22754;19/05/2020;44500
22765;22755;19/05/2020;48500
22766;22756;19/05/2020;66000
22767;22757;19/05/2020;75000
22768;22758;19/05/2020;110000
22769;22759;19/05/2020;123000
22770;22760;19/05/2020;117700
22771;22761;19/05/2020;105000
22772;22762;19/05/2020;89000
22773;22763;19/05/2020;129000
22774;22764;19/05/2020;77000
22775;22765;19/05/2020;182000
22776;22766;19/05/2020;455101
22777;22767;19/05/2020;160000
22778;22768;19/05/2020;417000
22779;22769;19/05/2020;245000
22780;22770;19/05/2020;304000
22781;22771;19/05/2020;255000
22782;22772;19/05/2020;743850
22783;22773;19/05/2020;173000
22784;22774;19/05/2020;320000
22785;22775;19/05/2020;687450
22786;22776;19/05/2020;255000
22787;22777;19/05/2020;409000
22788;22778;19/05/2020;497608
22789;22779;19/05/2020;1260780
22790;22780;19/05/2020;669900
22791;22781;19/05/2020;1550000
22792;22782;19/05/2020;299000
22793;22783;19/05/2020;307000
22794;22784;19/05/2020;469000
22795;22785;19/05/2020;168000
22796;22786;19/05/2020;937450
22797;22787;19/05/2020;380000
22798;22788;19/05/2020;90000
22799;22789;19/05/2020;200500
22800;22790;19/05/2020;160000
22801;22791;19/05/2020;139000
22802;22792;19/05/2020;150000
22803;22793;19/05/2020;174000
22804;22794;19/05/2020;252000
22805;22795;19/05/2020;185000
22806;22796;19/05/2020;102000
22807;22797;19/05/2020;143000
22808;22798;19/05/2020;112500
22809;22799;19/05/2020;211800
22810;22800;19/05/2020;188678
22811;22801;19/05/2020;269000
22812;22802;19/05/2020;50000
22813;22803;19/05/2020;670000
22814;22804;19/05/2020;229990
22815;22805;19/05/2020;420000
22816;22806;19/05/2020;480000
22817;22807;19/05/2020;233570
22818;22808;19/05/2020;264000
22819;22809;19/05/2020;130000
22820;22810;19/05/2020;296000
22821;22811;19/05/2020;820000
22822;22812;19/05/2020;202000
22823;22813;19/05/2020;203000
22824;22814;19/05/2020;344800
22825;22815;19/05/2020;480300
22826;22816;19/05/2020;366000
22827;22817;19/05/2020;350000
22828;22818;19/05/2020;260000
22829;22819;19/05/2020;115000
22830;22820;19/05/2020;273000
22831;22821;19/05/2020;141870
22832;22822;19/05/2020;106000
22833;22823;19/05/2020;211700
22834;22824;19/05/2020;200000
22835;22825;19/05/2020;215632
22836;22826;19/05/2020;165000
22837;22827;19/05/2020;390000
22838;22828;19/05/2020;252000
22839;22829;19/05/2020;150700
22840;22830;19/05/2020;140605
22841;22831;19/05/2020;210800
22842;22832;19/05/2020;136000
22843;22833;19/05/2020;106500
22844;22834;20/05/2020;170000
22845;22835;20/05/2020;82500
22846;22836;20/05/2020;282600
22847;22837;20/05/2020;35723
22848;22838;20/05/2020;67500
22849;22839;20/05/2020;61000
22850;22840;20/05/2020;28350
22851;22841;20/05/2020;142000
22852;22842;20/05/2020;297000
22853;22843;20/05/2020;180000
22854;22844;20/05/2020;120000
22855;22845;20/05/2020;297000
22856;22846;20/05/2020;130000
22857;22847;20/05/2020;225187
22858;22848;20/05/2020;114500
22859;22849;20/05/2020;560000
22860;22850;20/05/2020;196100
22861;22851;20/05/2020;159200
22862;22852;20/05/2020;321175
22863;22853;20/05/2020;193700
22864;22854;20/05/2020;539280
22865;22855;20/05/2020;144000
22866;22856;20/05/2020;180740
22867;22857;20/05/2020;505000
22868;22858;20/05/2020;213000
22869;22859;20/05/2020;350710
22870;22860;20/05/2020;148000
22871;22861;20/05/2020;250000
22872;22862;20/05/2020;500000
22873;22863;20/05/2020;137000
22874;22864;20/05/2020;300000
22875;22865;20/05/2020;148000
22876;22866;20/05/2020;195000
22877;22867;20/05/2020;85000
22878;22868;20/05/2020;40000
22879;22869;20/05/2020;161400
22880;22870;20/05/2020;39000
22881;22871;20/05/2020;62000
22882;22872;20/05/2020;53000
22883;22873;20/05/2020;114000
22884;22874;20/05/2020;34282
22885;22875;20/05/2020;217550
22886;22876;20/05/2020;228000
22887;22877;20/05/2020;63000
22888;22878;20/05/2020;59580
22889;22879;20/05/2020;73000
22890;22880;20/05/2020;75770
22891;22881;20/05/2020;290000
22892;22882;20/05/2020;117100
22893;22883;20/05/2020;116100
22894;22884;20/05/2020;270000
22895;22885;20/05/2020;103000
22896;22886;20/05/2020;100000
22897;22887;20/05/2020;280000
22898;22888;20/05/2020;73395
22899;22889;20/05/2020;77000
22900;22890;20/05/2020;239100
22901;22891;20/05/2020;30000
22902;22892;20/05/2020;54500
22903;22893;20/05/2020;55000
22904;22894;20/05/2020;50000
22905;22895;20/05/2020;115500
22906;22896;20/05/2020;155000
22907;22897;20/05/2020;68000
22908;22898;20/05/2020;187000
22909;22899;20/05/2020;65000
22910;22900;20/05/2020;53200
22911;22901;20/05/2020;28000
22912;22902;20/05/2020;163500
22913;22903;20/05/2020;95500
22914;22904;20/05/2020;131000
22915;22905;20/05/2020;193615
22916;22906;20/05/2020;69000
22917;22907;20/05/2020;59000
22918;22908;20/05/2020;113000
22919;22909;20/05/2020;175000
22920;22910;20/05/2020;143000
22921;22911;20/05/2020;41000
22922;22912;20/05/2020;123000
22923;22913;20/05/2020;245000
22924;22914;20/05/2020;123500
22925;22915;20/05/2020;75000
22926;22916;20/05/2020;195000
22927;22917;20/05/2020;279461
22928;22918;20/05/2020;62000
22929;22919;20/05/2020;125000
22930;22920;20/05/2020;60895
22931;22921;20/05/2020;108000
22932;22922;20/05/2020;128900
22933;22923;20/05/2020;272000
22934;22924;20/05/2020;725000
22935;22925;20/05/2020;163930
22936;22926;20/05/2020;184900
22937;22927;20/05/2020;232405
22938;22928;20/05/2020;173000
22939;22929;20/05/2020;119800
22940;22930;20/05/2020;246800
22941;22931;20/05/2020;435000
22942;22932;20/05/2020;115800
22943;22933;20/05/2020;127000
22944;22934;20/05/2020;198350
22945;22935;20/05/2020;232000
22946;22936;20/05/2020;62500
22947;22937;20/05/2020;111700
22948;22938;20/05/2020;101550
22949;22939;20/05/2020;167000
22950;22940;20/05/2020;116300
22951;22941;20/05/2020;110000
22952;22942;20/05/2020;104120
22953;22943;20/05/2020;205000
22954;22944;20/05/2020;216350
22955;22945;20/05/2020;207000
22956;22946;20/05/2020;447000
22957;22947;20/05/2020;228673
22958;22948;20/05/2020;125500
22959;22949;20/05/2020;241000
22960;22950;20/05/2020;110600
22961;22951;20/05/2020;87130
22962;22952;20/05/2020;105000
22963;22953;20/05/2020;206000
22964;22954;20/05/2020;188300
22965;22955;20/05/2020;282000
22966;22956;20/05/2020;143400
22967;22957;20/05/2020;238300
22968;22958;20/05/2020;320000
22969;22959;20/05/2020;146000
22970;22960;20/05/2020;220000
22971;22961;20/05/2020;61500
22972;22962;20/05/2020;69000
22973;22963;20/05/2020;9000
22974;22964;20/05/2020;138000
22975;22965;20/05/2020;192000
22976;22966;20/05/2020;43333
22977;22967;20/05/2020;119845
22978;22968;20/05/2020;129000
22979;22969;20/05/2020;200000
22980;22970;20/05/2020;243000
22981;22971;20/05/2020;77100
22982;22972;20/05/2020;382000
22983;22973;20/05/2020;229500
22984;22974;20/05/2020;130000
22985;22975;20/05/2020;216420
22986;22976;20/05/2020;121700
22987;22977;20/05/2020;161000
22988;22978;20/05/2020;44000
22989;22979;20/05/2020;81000
22990;22980;20/05/2020;107400
22991;22981;20/05/2020;82000
22992;22982;20/05/2020;136000
22993;22983;20/05/2020;101000
22994;22984;20/05/2020;158000
22995;22985;20/05/2020;126200
22996;22986;20/05/2020;73000
22997;22987;20/05/2020;255550
22998;22988;20/05/2020;207000
22999;22989;20/05/2020;252000
23000;22990;20/05/2020;244000
23001;22991;20/05/2020;308100
23002;22992;20/05/2020;61000
23003;22993;20/05/2020;67800
23004;22994;20/05/2020;130000
23005;22995;20/05/2020;238400
23006;22996;20/05/2020;136000
23007;22997;20/05/2020;150000
23008;22998;20/05/2020;88500
23009;22999;20/05/2020;105000
23010;23000;20/05/2020;167000
23011;23001;20/05/2020;125000
23012;23002;20/05/2020;46550
23013;23003;20/05/2020;101500
23014;23004;20/05/2020;72000
23015;23005;20/05/2020;43850
23016;23006;20/05/2020;29500
23017;23007;20/05/2020;62500
23018;23008;20/05/2020;170000
23019;23009;20/05/2020;18000
23020;23010;20/05/2020;216000
23021;23011;20/05/2020;94000
23022;23012;20/05/2020;195000
23023;23013;20/05/2020;400000
23024;23014;20/05/2020;290000
23025;23015;20/05/2020;800000
23026;23016;20/05/2020;229000
23027;23017;20/05/2020;317000
23028;23018;20/05/2020;250000
23029;23019;20/05/2020;1608880
23030;23020;20/05/2020;232000
23031;23021;20/05/2020;185500
23032;23022;20/05/2020;70921
23033;23023;20/05/2020;375000
23034;23024;20/05/2020;165110
23035;23025;20/05/2020;139500
23036;23026;20/05/2020;142000
23037;23027;20/05/2020;138900
23038;23028;20/05/2020;133100
23039;23029;20/05/2020;235000
23040;23030;20/05/2020;86512
23041;23031;20/05/2020;88500
23042;23032;20/05/2020;235000
23043;23033;20/05/2020;165000
23044;23034;20/05/2020;73000
23045;23035;20/05/2020;126300
23046;23036;20/05/2020;51000
23047;23037;20/05/2020;102505
23048;23038;20/05/2020;166000
23049;23039;20/05/2020;89500
23050;23040;20/05/2020;51000
23051;23041;20/05/2020;73000
23052;23042;20/05/2020;680000
23053;23043;20/05/2020;150530
23054;23044;20/05/2020;108030
23055;23045;20/05/2020;158880
23056;23046;20/05/2020;99300
23057;23047;20/05/2020;45000
23058;23048;20/05/2020;65000
23059;23049;20/05/2020;155940
23060;23050;20/05/2020;122350
23061;23051;20/05/2020;133170
23062;23052;20/05/2020;63930
23063;23053;20/05/2020;90600
23064;23054;20/05/2020;205000
23065;23055;20/05/2020;46000
23066;23056;20/05/2020;31500
23067;23057;20/05/2020;125000
23068;23058;20/05/2020;143500
23069;23059;20/05/2020;226740
23070;23060;20/05/2020;157000
23071;23061;20/05/2020;109680
23072;23062;20/05/2020;97000
23073;23063;20/05/2020;77000
23074;23064;20/05/2020;116000
23075;23065;20/05/2020;122000
23076;23066;20/05/2020;65000
23077;23067;20/05/2020;165000
23078;23068;20/05/2020;138000
23079;23069;20/05/2020;74000
23080;23070;20/05/2020;110000
23081;23071;20/05/2020;260000
23082;23072;20/05/2020;105000
23083;23073;20/05/2020;160200
23084;23074;20/05/2020;98000
23085;23075;20/05/2020;60000
23086;23076;20/05/2020;219000
23087;23077;20/05/2020;94000
23088;23078;20/05/2020;133900
23089;23079;20/05/2020;209300
23090;23080;20/05/2020;139900
23091;23081;20/05/2020;125500
23092;23082;20/05/2020;178000
23093;23083;20/05/2020;268070
23094;23084;20/05/2020;33000
23095;23085;20/05/2020;141000
23096;23086;20/05/2020;77000
23097;23087;20/05/2020;125000
23098;23088;20/05/2020;43500
23099;23089;20/05/2020;360000
23100;23090;20/05/2020;136000
23101;23091;20/05/2020;58000
23102;23092;20/05/2020;88000
23103;23093;20/05/2020;130000
23104;23094;20/05/2020;84200
23105;23095;20/05/2020;93000
23106;23096;20/05/2020;160000
23107;23097;20/05/2020;81000
23108;23098;20/05/2020;104500
23109;23099;20/05/2020;78500
23110;23100;20/05/2020;71000
23111;23101;20/05/2020;68900
23112;23102;20/05/2020;99000
23113;23103;20/05/2020;39000
23114;23104;20/05/2020;103000
23115;23105;20/05/2020;72000
23116;23106;20/05/2020;49800
23117;23107;20/05/2020;84340
23118;23108;20/05/2020;65610
23119;23109;20/05/2020;78000
23120;23110;20/05/2020;68000
23121;23111;20/05/2020;101240
23122;23112;20/05/2020;82000
23123;23113;20/05/2020;85000
23124;23114;20/05/2020;89000
23125;23115;20/05/2020;98000
23126;23116;20/05/2020;143000
23127;23117;20/05/2020;105000
23128;23118;20/05/2020;365200
23129;23119;20/05/2020;283100
23130;23120;20/05/2020;228350
23131;23121;20/05/2020;136500
23132;23122;20/05/2020;200000
23133;23123;20/05/2020;235000
23134;23124;20/05/2020;235000
23135;23125;20/05/2020;158000
23136;23126;20/05/2020;224000
23137;23127;20/05/2020;150300
23138;23128;20/05/2020;219500
23139;23129;20/05/2020;380750
23140;23130;20/05/2020;360500
23141;23131;20/05/2020;112000
23142;23132;20/05/2020;211200
23143;23133;20/05/2020;214620
23144;23134;20/05/2020;321650
23145;23135;20/05/2020;252600
23146;23136;20/05/2020;413800
23147;23137;20/05/2020;207564
23148;23138;20/05/2020;491000
23149;23139;20/05/2020;342650
23150;23140;20/05/2020;345000
23151;23141;20/05/2020;314750
23152;23142;20/05/2020;342470
23153;23143;20/05/2020;129000
23154;23144;20/05/2020;199000
23155;23145;20/05/2020;262500
23156;23146;20/05/2020;287500
23157;23147;20/05/2020;75750
23158;23148;20/05/2020;204500
23159;23149;20/05/2020;188000
23160;23150;20/05/2020;139000
23161;23151;20/05/2020;159912
23162;23152;20/05/2020;127550
23163;23153;20/05/2020;76000
23164;23154;20/05/2020;86500
23165;23155;20/05/2020;17000
23166;23156;20/05/2020;64500
23167;23157;20/05/2020;130000
23168;23158;20/05/2020;125000
23169;23159;20/05/2020;79130
23170;23160;20/05/2020;238474
23171;23161;20/05/2020;254000
23172;23162;20/05/2020;239800
23173;23163;20/05/2020;136000
23174;23164;20/05/2020;563300
23175;23165;20/05/2020;152170
23176;23166;20/05/2020;132500
23177;23167;20/05/2020;447180
23178;23168;20/05/2020;126000
23179;23169;20/05/2020;224000
23180;23170;20/05/2020;222425
23181;23171;20/05/2020;178100
23182;23172;20/05/2020;61870
23183;23173;20/05/2020;72750
23184;23174;20/05/2020;1400000
23185;23175;20/05/2020;340000
23186;23176;20/05/2020;1333000
23187;23177;20/05/2020;1105300
23188;23178;20/05/2020;675000
23189;23179;20/05/2020;420000
23190;23180;20/05/2020;237000
23191;23181;20/05/2020;906000
23192;23182;20/05/2020;121000
23193;23183;20/05/2020;150000
23194;23184;20/05/2020;2500000
23195;23185;20/05/2020;395000
23196;23186;20/05/2020;524130
23197;23187;20/05/2020;268000
23198;23188;20/05/2020;1375000
23199;23189;20/05/2020;861600
23200;23190;20/05/2020;965000
23201;23191;20/05/2020;555000
23202;23192;20/05/2020;344200
23203;23193;20/05/2020;395000
23204;23194;20/05/2020;3031250
23205;23195;20/05/2020;280000
23206;23196;20/05/2020;275000
23207;23197;20/05/2020;1805000
23208;23198;20/05/2020;1587039
23209;23199;20/05/2020;125000
23210;23200;20/05/2020;2580000
23211;23201;20/05/2020;471600
23212;23202;20/05/2020;995000
23213;23203;20/05/2020;400000
23214;23204;20/05/2020;235000
23215;23205;20/05/2020;365000
23216;23206;20/05/2020;831800
23217;23207;20/05/2020;1249000
23218;23208;20/05/2020;425280
23219;23209;20/05/2020;159000
23220;23210;20/05/2020;1160000
23221;23211;20/05/2020;510000
23222;23212;20/05/2020;2700000
23223;23213;20/05/2020;648263
23224;23214;20/05/2020;318000
23225;23215;20/05/2020;341750
23226;23216;20/05/2020;186000
23227;23217;20/05/2020;2000000
23228;23218;20/05/2020;403000
23229;23219;20/05/2020;266500
23230;23220;20/05/2020;596000
23231;23221;20/05/2020;442550
23232;23222;20/05/2020;930000
23233;23223;20/05/2020;335000
23234;23224;20/05/2020;230000
23235;23225;20/05/2020;374000
23236;23226;20/05/2020;465000
23237;23227;20/05/2020;187000
23238;23228;20/05/2020;579060
23239;23229;20/05/2020;456000
23240;23230;20/05/2020;267000
23241;23231;20/05/2020;2731707
23242;23232;20/05/2020;720000
23243;23233;20/05/2020;390250
23244;23234;20/05/2020;576923
23245;23235;20/05/2020;282300
23246;23236;20/05/2020;433700
23247;23237;20/05/2020;546000
23248;23238;20/05/2020;398000
23249;23239;20/05/2020;644750
23250;23240;20/05/2020;222920
23251;23241;20/05/2020;309000
23252;23242;20/05/2020;538000
23253;23243;20/05/2020;175750
23254;23244;20/05/2020;148800
23255;23245;20/05/2020;593555
23256;23246;20/05/2020;105000
23257;23247;20/05/2020;1624908
23258;23248;20/05/2020;1190000
23259;23249;20/05/2020;4150000
23260;23250;20/05/2020;2700000
23261;23251;20/05/2020;1980000
23262;23252;20/05/2020;1263500
23263;23253;20/05/2020;405000
23264;23254;20/05/2020;300000
23265;23255;20/05/2020;3000000
23266;23256;20/05/2020;422000
23267;23257;20/05/2020;350250
23268;23258;20/05/2020;113660
23269;23259;20/05/2020;361045
23270;23260;20/05/2020;693325
23271;23261;20/05/2020;925000
23272;23262;20/05/2020;216992
23273;23263;20/05/2020;359000
23274;23264;20/05/2020;302000
23275;23265;20/05/2020;232027
23276;23266;20/05/2020;915600
23277;23267;20/05/2020;109000
23278;23268;20/05/2020;395000
23279;23269;20/05/2020;242000
23280;23270;20/05/2020;595250
23281;23271;20/05/2020;355750
23282;23272;20/05/2020;220000
23283;23273;20/05/2020;541000
23284;23274;20/05/2020;632075
23285;23275;20/05/2020;538700
23286;23276;20/05/2020;344982
23287;23277;20/05/2020;510000
23288;23278;20/05/2020;37100
23289;23279;20/05/2020;142000
23290;23280;20/05/2020;468950
23291;23281;20/05/2020;58000
23292;23282;20/05/2020;62500
23293;23283;20/05/2020;204930
23294;23284;20/05/2020;177000
23295;23285;20/05/2020;144000
23296;23286;20/05/2020;285000
23297;23287;20/05/2020;96000
23298;23288;20/05/2020;135000
23299;23289;20/05/2020;577100
23300;23290;20/05/2020;274000
23301;23291;20/05/2020;505000
23302;23292;20/05/2020;55000
23303;23293;20/05/2020;185000
23304;23294;20/05/2020;217000
23305;23295;20/05/2020;136000
23306;23296;20/05/2020;154300
23307;23297;20/05/2020;134000
23308;23298;20/05/2020;206000
23309;23299;20/05/2020;355500
23310;23300;20/05/2020;328000
23311;23301;20/05/2020;106000
23312;23302;20/05/2020;131357
23313;23303;20/05/2020;171720
23314;23304;20/05/2020;152000
23315;23305;20/05/2020;180000
23316;23306;20/05/2020;277500
23317;23307;20/05/2020;207000
23318;23308;20/05/2020;88000
23319;23309;20/05/2020;559000
23320;23310;20/05/2020;629000
23321;23311;20/05/2020;135000
23322;23312;20/05/2020;145000
23323;23313;20/05/2020;232000
23324;23314;20/05/2020;116000
23325;23315;20/05/2020;168000
23326;23316;20/05/2020;352380
23327;23317;20/05/2020;79000
23328;23318;20/05/2020;432350
23329;23319;20/05/2020;190000
23330;23320;20/05/2020;208000
23331;23321;20/05/2020;324000
23332;23322;20/05/2020;248000
23333;23323;20/05/2020;163000
23334;23324;20/05/2020;118000
23335;23325;20/05/2020;189739
23336;23326;20/05/2020;312600
23337;23327;20/05/2020;494100
23338;23328;20/05/2020;307000
23339;23329;20/05/2020;122000
23340;23330;20/05/2020;709021
23341;23331;20/05/2020;420000
23342;23332;20/05/2020;185000
23343;23333;20/05/2020;100000
23344;23334;20/05/2020;39854
23345;23335;20/05/2020;69100
23346;23336;20/05/2020;66000
23347;23337;20/05/2020;74000
23348;23338;20/05/2020;150000
23349;23339;20/05/2020;178493
23350;23340;20/05/2020;159600
23351;23341;20/05/2020;158889
23352;23342;20/05/2020;130000
23353;23343;20/05/2020;65000
23354;23344;20/05/2020;276000
23355;23345;20/05/2020;373200
23356;23346;20/05/2020;82980
23357;23347;20/05/2020;270000
23358;23348;20/05/2020;171150
23359;23349;20/05/2020;106000
23360;23350;20/05/2020;136000
23361;23351;20/05/2020;157250
23362;23352;20/05/2020;131000
23363;23353;20/05/2020;201000
23364;23354;20/05/2020;207000
23365;23355;20/05/2020;158000
23366;23356;20/05/2020;107000
23367;23357;20/05/2020;171000
23368;23358;20/05/2020;124450
23369;23359;20/05/2020;52000
23370;23360;20/05/2020;143000
23371;23361;20/05/2020;76000
23372;23362;20/05/2020;165000
23373;23363;20/05/2020;175000
23374;23364;20/05/2020;240000
23375;23365;20/05/2020;27000
23376;23366;20/05/2020;190000
23377;23367;20/05/2020;82800
23378;23368;20/05/2020;118000
23379;23369;20/05/2020;83600
23380;23370;20/05/2020;186370
23381;23371;20/05/2020;117500
23382;23372;20/05/2020;92559
23383;23373;20/05/2020;112000
23384;23374;20/05/2020;226300
23385;23375;20/05/2020;90000
23386;23376;20/05/2020;76400
23387;23377;20/05/2020;74000
23388;23378;20/05/2020;155000
23389;23379;20/05/2020;105000
23390;23380;20/05/2020;87000
23391;23381;20/05/2020;137000
23392;23382;20/05/2020;32000
23393;23383;20/05/2020;109000
23394;23384;20/05/2020;226000
23395;23385;20/05/2020;86000
23396;23386;20/05/2020;255000
23397;23387;20/05/2020;200000
23398;23388;20/05/2020;300262
23399;23389;20/05/2020;138000
23400;23390;20/05/2020;115000
23401;23391;20/05/2020;568000
23402;23392;20/05/2020;217000
23403;23393;20/05/2020;138000
23404;23394;20/05/2020;83100
23405;23395;20/05/2020;226800
23406;23396;20/05/2020;333000
23407;23397;20/05/2020;92000
23408;23398;20/05/2020;163000
23409;23399;20/05/2020;169000
23410;23400;20/05/2020;154000
23411;23401;20/05/2020;123000
23412;23402;20/05/2020;292000
23413;23403;20/05/2020;166000
23414;23404;20/05/2020;177000
23415;23405;20/05/2020;170000
23416;23406;20/05/2020;346500
23417;23407;20/05/2020;162000
23418;23408;20/05/2020;302000
23419;23409;20/05/2020;260100
23420;23410;20/05/2020;985000
23421;23411;20/05/2020;390000
23422;23412;20/05/2020;316000
23423;23413;20/05/2020;384473
23424;23414;20/05/2020;425000
23425;23415;20/05/2020;344350
23426;23416;20/05/2020;447360
23427;23417;20/05/2020;525000
23428;23418;20/05/2020;563000
23429;23419;20/05/2020;629889
23430;23420;20/05/2020;227000
23431;23421;20/05/2020;239000
23432;23422;20/05/2020;144000
23433;23423;20/05/2020;197000
23434;23424;20/05/2020;260000
23435;23425;20/05/2020;306795
23436;23426;20/05/2020;264500
23437;23427;20/05/2020;215000
23438;23428;20/05/2020;244000
23439;23429;20/05/2020;610000
23440;23430;20/05/2020;740000
23441;23431;20/05/2020;482600
23442;23432;20/05/2020;208000
23443;23433;20/05/2020;542801
23444;23434;20/05/2020;935000
23445;23435;20/05/2020;446200
23446;23436;20/05/2020;231000
23447;23437;20/05/2020;123000
23448;23438;20/05/2020;160000
23449;23439;20/05/2020;250000
23450;23440;20/05/2020;162000
23451;23441;20/05/2020;180000
23452;23442;20/05/2020;420000
23453;23443;20/05/2020;577000
23454;23444;20/05/2020;149000
23455;23445;20/05/2020;345000
23456;23446;20/05/2020;162600
23457;23447;20/05/2020;215000
23458;23448;20/05/2020;299000
23459;23449;20/05/2020;179800
23460;23450;20/05/2020;249020
23461;23451;20/05/2020;100000
23462;23452;20/05/2020;242500
23463;23453;20/05/2020;545000
23464;23454;20/05/2020;139000
23465;23455;20/05/2020;179000
23466;23456;20/05/2020;186750
23467;23457;20/05/2020;850000
23468;23458;20/05/2020;216000
23469;23459;20/05/2020;150000
23470;23460;20/05/2020;168000
23471;23461;20/05/2020;425000
23472;23462;20/05/2020;345000
23473;23463;20/05/2020;446220
23474;23464;20/05/2020;158100
23475;23465;20/05/2020;346800
23476;23466;20/05/2020;123000
23477;23467;20/05/2020;173000
23478;23468;20/05/2020;75000
23479;23469;20/05/2020;449000
23480;23470;20/05/2020;373000
23481;23471;20/05/2020;272000
23482;23472;20/05/2020;220000
23483;23473;20/05/2020;230000
23484;23474;20/05/2020;156800
23485;23475;20/05/2020;140000
23486;23476;20/05/2020;244500
23487;23477;20/05/2020;70000
23488;23478;20/05/2020;545000
23489;23479;20/05/2020;208790
23490;23480;20/05/2020;388000
23491;23481;20/05/2020;174000
23492;23482;20/05/2020;140000
23493;23483;20/05/2020;530000
23494;23484;20/05/2020;200000
23495;23485;20/05/2020;207515
23496;23486;20/05/2020;945000
23497;23487;20/05/2020;830000
23498;23488;20/05/2020;95000
23499;23489;20/05/2020;314000
23500;23490;20/05/2020;88000
23501;23491;20/05/2020;190500
23502;23492;20/05/2020;143400
23503;23493;20/05/2020;135500
23504;23494;20/05/2020;108000
23505;23495;20/05/2020;185000
23506;23496;20/05/2020;75200
23507;23497;20/05/2020;136000
23508;23498;20/05/2020;394950
23509;23499;20/05/2020;223500
23510;23500;20/05/2020;161000
23511;23501;20/05/2020;105500
23512;23502;20/05/2020;275000
23513;23503;20/05/2020;152000
23514;23504;20/05/2020;368250
23515;23505;20/05/2020;283000
23516;23506;20/05/2020;100000
23517;23507;20/05/2020;184000
23518;23508;20/05/2020;273860
23519;23509;20/05/2020;143000
23520;23510;20/05/2020;184000
23521;23511;20/05/2020;149000
23522;23512;20/05/2020;113000
23523;23513;20/05/2020;167100
23524;23514;20/05/2020;227250
23525;23515;20/05/2020;138000
23526;23516;20/05/2020;140000
23527;23517;20/05/2020;214000
23528;23518;20/05/2020;147000
23529;23519;20/05/2020;115000
23530;23520;20/05/2020;329700
23531;23521;20/05/2020;60600
23532;23522;21/05/2020;117000
23533;23523;21/05/2020;104000
23534;23524;21/05/2020;131000
23535;23525;21/05/2020;170000
23536;23526;21/05/2020;246000
23537;23527;21/05/2020;160000
23538;23528;21/05/2020;163000
23539;23529;22/05/2020;145100
23540;23530;22/05/2020;44000
23541;23531;22/05/2020;46780
23542;23532;22/05/2020;232180
23543;23533;22/05/2020;78900
23544;23534;22/05/2020;153000
23545;23535;22/05/2020;324000
23546;23536;22/05/2020;81000
23547;23537;22/05/2020;95000
23548;23538;22/05/2020;77580
23549;23539;22/05/2020;79000
23550;23540;22/05/2020;57000
23551;23541;22/05/2020;97000
23552;23542;22/05/2020;63000
23553;23543;22/05/2020;148000
23554;23544;22/05/2020;28500
23555;23545;22/05/2020;185000
23556;23546;22/05/2020;82500
23557;23547;22/05/2020;453000
23558;23548;22/05/2020;43000
23559;23549;22/05/2020;118000
23560;23550;22/05/2020;121800
23561;23551;22/05/2020;39000
23562;23552;22/05/2020;251000
23563;23553;22/05/2020;168000
23564;23554;22/05/2020;78000
23565;23555;22/05/2020;147000
23566;23556;22/05/2020;73400
23567;23557;22/05/2020;38440
23568;23558;22/05/2020;274200
23569;23559;22/05/2020;180460
23570;23560;22/05/2020;169000
23571;23561;22/05/2020;140000
23572;23562;22/05/2020;20000
23573;23563;22/05/2020;159000
23574;23564;22/05/2020;68700
23575;23565;22/05/2020;102650
23576;23566;22/05/2020;118000
23577;23567;22/05/2020;93400
23578;23568;22/05/2020;135000
23579;23569;22/05/2020;110000
23580;23570;22/05/2020;183880
23581;23571;22/05/2020;297000
23582;23572;22/05/2020;371300
23583;23573;22/05/2020;139900
23584;23574;22/05/2020;87200
23585;23575;22/05/2020;100000
23586;23576;22/05/2020;96000
23587;23577;22/05/2020;140000
23588;23578;22/05/2020;81995
23589;23579;22/05/2020;91500
23590;23580;22/05/2020;43962
23591;23581;22/05/2020;80000
23592;23582;22/05/2020;43000
23593;23583;22/05/2020;190000
23594;23584;22/05/2020;54400
23595;23585;22/05/2020;338820
23596;23586;22/05/2020;217200
23597;23587;22/05/2020;70050
23598;23588;22/05/2020;75350
23599;23589;22/05/2020;174000
23600;23590;22/05/2020;51000
23601;23591;22/05/2020;35000
23602;23592;22/05/2020;155500
23603;23593;22/05/2020;96000
23604;23594;22/05/2020;146970
23605;23595;22/05/2020;184990
23606;23596;22/05/2020;193090
23607;23597;22/05/2020;188000
23608;23598;22/05/2020;130500
23609;23599;22/05/2020;44750
23610;23600;22/05/2020;95000
23611;23601;22/05/2020;47155
23612;23602;22/05/2020;80000
23613;23603;22/05/2020;130000
23614;23604;22/05/2020;142730
23615;23605;22/05/2020;62000
23616;23606;22/05/2020;81000
23617;23607;22/05/2020;103000
23618;23608;22/05/2020;41350
23619;23609;22/05/2020;127500
23620;23610;22/05/2020;160200
23621;23611;22/05/2020;138000
23622;23612;22/05/2020;102804
23623;23613;22/05/2020;112340
23624;23614;22/05/2020;109000
23625;23615;22/05/2020;370000
23626;23616;22/05/2020;99500
23627;23617;22/05/2020;98500
23628;23618;22/05/2020;315000
23629;23619;22/05/2020;28500
23630;23620;22/05/2020;132100
23631;23621;22/05/2020;57700
23632;23622;22/05/2020;222300
23633;23623;22/05/2020;104500
23634;23624;22/05/2020;94000
23635;23625;22/05/2020;125000
23636;23626;22/05/2020;73100
23637;23627;22/05/2020;119000
23638;23628;22/05/2020;113000
23639;23629;22/05/2020;167500
23640;23630;22/05/2020;147500
23641;23631;22/05/2020;79200
23642;23632;22/05/2020;138000
23643;23633;22/05/2020;170000
23644;23634;22/05/2020;178350
23645;23635;22/05/2020;153000
23646;23636;22/05/2020;82000
23647;23637;22/05/2020;95000
23648;23638;22/05/2020;107140
23649;23639;22/05/2020;240550
23650;23640;22/05/2020;55000
23651;23641;22/05/2020;68900
23652;23642;22/05/2020;101500
23653;23643;22/05/2020;58850
23654;23644;22/05/2020;125500
23655;23645;22/05/2020;128700
23656;23646;22/05/2020;39355
23657;23647;22/05/2020;250000
23658;23648;22/05/2020;151960
23659;23649;22/05/2020;119442
23660;23650;22/05/2020;47000
23661;23651;22/05/2020;50000
23662;23652;22/05/2020;127000
23663;23653;22/05/2020;235000
23664;23654;22/05/2020;325900
23665;23655;22/05/2020;490000
23666;23656;22/05/2020;245000
23667;23657;22/05/2020;217000
23668;23658;22/05/2020;380500
23669;23659;22/05/2020;109020
23670;23660;22/05/2020;325020
23671;23661;22/05/2020;243150
23672;23662;22/05/2020;169000
23673;23663;22/05/2020;519000
23674;23664;22/05/2020;577265
23675;23665;22/05/2020;245100
23676;23666;22/05/2020;274000
23677;23667;22/05/2020;282000
23678;23668;22/05/2020;416100
23679;23669;22/05/2020;221000
23680;23670;22/05/2020;240000
23681;23671;22/05/2020;120700
23682;23672;22/05/2020;152500
23683;23673;22/05/2020;436533
23684;23674;22/05/2020;178000
23685;23675;22/05/2020;320000
23686;23676;22/05/2020;430900
23687;23677;22/05/2020;121620
23688;23678;22/05/2020;711500
23689;23679;22/05/2020;450000
23690;23680;22/05/2020;518000
23691;23681;22/05/2020;281420
23692;23682;22/05/2020;400270
23693;23683;22/05/2020;434000
23694;23684;22/05/2020;2550000
23695;23685;22/05/2020;257400
23696;23686;22/05/2020;357630
23697;23687;22/05/2020;140000
23698;23688;22/05/2020;200200
23699;23689;22/05/2020;197000
23700;23690;22/05/2020;169000
23701;23691;22/05/2020;997000
23702;23692;22/05/2020;423000
23703;23693;22/05/2020;619255
23704;23694;22/05/2020;760180
23705;23695;22/05/2020;417000
23706;23696;22/05/2020;308850
23707;23697;22/05/2020;840500
23708;23698;22/05/2020;1043540
23709;23699;22/05/2020;111500
23710;23700;22/05/2020;825000
23711;23701;22/05/2020;330000
23712;23702;22/05/2020;235000
23713;23703;22/05/2020;500000
23714;23704;22/05/2020;320000
23715;23705;22/05/2020;152000
23716;23706;22/05/2020;160000
23717;23707;22/05/2020;508500
23718;23708;22/05/2020;858750
23719;23709;22/05/2020;883200
23720;23710;22/05/2020;1766990
23721;23711;22/05/2020;233209
23722;23712;22/05/2020;332350
23723;23713;22/05/2020;238000
23724;23714;22/05/2020;704000
23725;23715;22/05/2020;452300
23726;23716;22/05/2020;290000
23727;23717;22/05/2020;844000
23728;23718;22/05/2020;283100
23729;23719;22/05/2020;53000
23730;23720;22/05/2020;40000
23731;23721;22/05/2020;134500
23732;23722;22/05/2020;44500
23733;23723;22/05/2020;385000
23734;23724;22/05/2020;146000
23735;23725;22/05/2020;145000
23736;23726;22/05/2020;135000
23737;23727;22/05/2020;189000
23738;23728;22/05/2020;160000
23739;23729;22/05/2020;358000
23740;23730;22/05/2020;105000
23741;23731;22/05/2020;292700
23742;23732;22/05/2020;211000
23743;23733;22/05/2020;265000
23744;23734;22/05/2020;405000
23745;23735;22/05/2020;85000
23746;23736;22/05/2020;101000
23747;23737;22/05/2020;60000
23748;23738;22/05/2020;65000
23749;23739;22/05/2020;239900
23750;23740;22/05/2020;216000
23751;23741;22/05/2020;126500
23752;23742;22/05/2020;150000
23753;23743;22/05/2020;261000
23754;23744;22/05/2020;296000
23755;23745;22/05/2020;305000
23756;23746;22/05/2020;205000
23757;23747;22/05/2020;219500
23758;23748;22/05/2020;240000
23759;23749;22/05/2020;200000
23760;23750;22/05/2020;293000
23761;23751;22/05/2020;245000
23762;23752;22/05/2020;470000
23763;23753;22/05/2020;155000
23764;23754;22/05/2020;170000
23765;23755;22/05/2020;380000
23766;23756;22/05/2020;175500
23767;23757;22/05/2020;234500
23768;23758;22/05/2020;96000
23769;23759;22/05/2020;268200
23770;23760;22/05/2020;100000
23771;23761;22/05/2020;100000
23772;23762;22/05/2020;110305
23773;23763;22/05/2020;56000
23774;23764;22/05/2020;442550
23775;23765;22/05/2020;175000
23776;23766;22/05/2020;195000
23777;23767;22/05/2020;150000
23778;23768;22/05/2020;147000
23779;23769;22/05/2020;226000
23780;23770;22/05/2020;97000
23781;23771;22/05/2020;62000
23782;23772;22/05/2020;113000
23783;23773;22/05/2020;150000
23784;23774;22/05/2020;54100
23785;23775;22/05/2020;41000
23786;23776;22/05/2020;205300
23787;23777;22/05/2020;149500
23788;23778;22/05/2020;65500
23789;23779;22/05/2020;75500
23790;23780;22/05/2020;39000
23791;23781;22/05/2020;170000
23792;23782;22/05/2020;90500
23793;23783;22/05/2020;119100
23794;23784;22/05/2020;209000
23795;23785;22/05/2020;189000
23796;23786;22/05/2020;192500
23797;23787;22/05/2020;47000
23798;23788;22/05/2020;133800
23799;23789;22/05/2020;180000
23800;23790;22/05/2020;169500
23801;23791;22/05/2020;133500
23802;23792;22/05/2020;115000
23803;23793;22/05/2020;105000
23804;23794;22/05/2020;109000
23805;23795;22/05/2020;64000
23806;23796;22/05/2020;230500
23807;23797;22/05/2020;250000
23808;23798;22/05/2020;95000
23809;23799;22/05/2020;86500
23810;23800;22/05/2020;240000
23811;23801;22/05/2020;246900
23812;23802;22/05/2020;122000
23813;23803;22/05/2020;155000
23814;23804;22/05/2020;130000
23815;23805;22/05/2020;80500
23816;23806;22/05/2020;189000
23817;23807;22/05/2020;98000
23818;23808;22/05/2020;149000
23819;23809;22/05/2020;405000
23820;23810;22/05/2020;130000
23821;23811;22/05/2020;531000
23822;23812;22/05/2020;647320
23823;23813;22/05/2020;147010
23824;23814;22/05/2020;792970
23825;23815;22/05/2020;494000
23826;23816;22/05/2020;549000
23827;23817;22/05/2020;290000
23828;23818;22/05/2020;184762
23829;23819;22/05/2020;426000
23830;23820;22/05/2020;235000
23831;23821;22/05/2020;165000
23832;23822;22/05/2020;146000
23833;23823;22/05/2020;169000
23834;23824;22/05/2020;230000
23835;23825;22/05/2020;221110
23836;23826;22/05/2020;84000
23837;23827;22/05/2020;93000
23838;23828;22/05/2020;369000
23839;23829;22/05/2020;140000
23840;23830;22/05/2020;135000
23841;23831;22/05/2020;277370
23842;23832;22/05/2020;75000
23843;23833;22/05/2020;126000
23844;23834;22/05/2020;164000
23845;23835;22/05/2020;430000
23846;23836;22/05/2020;176360
23847;23837;22/05/2020;230000
23848;23838;22/05/2020;176000
23849;23839;22/05/2020;348700
23850;23840;22/05/2020;325000
23851;23841;22/05/2020;345000
23852;23842;22/05/2020;105000
23853;23843;22/05/2020;275000
23854;23844;22/05/2020;234370
23855;23845;22/05/2020;86618
23856;23846;22/05/2020;218250
23857;23847;22/05/2020;192500
23858;23848;22/05/2020;181000
23859;23849;22/05/2020;150000
23860;23850;22/05/2020;168000
23861;23851;22/05/2020;435000
23862;23852;22/05/2020;600000
23863;23853;22/05/2020;212200
23864;23854;22/05/2020;154500
23865;23855;22/05/2020;255000
23866;23856;22/05/2020;189000
23867;23857;22/05/2020;113000
23868;23858;22/05/2020;186000
23869;23859;22/05/2020;190000
23870;23860;22/05/2020;175908
23871;23861;22/05/2020;299750
23872;23862;22/05/2020;187000
23873;23863;22/05/2020;196500
23874;23864;22/05/2020;238000
23875;23865;22/05/2020;140000
23876;23866;22/05/2020;221000
23877;23867;22/05/2020;279700
23878;23868;22/05/2020;105000
23879;23869;22/05/2020;155000
23880;23870;22/05/2020;123000
23881;23871;22/05/2020;277000
23882;23872;22/05/2020;208000
23883;23873;22/05/2020;275500
23884;23874;22/05/2020;114500
23885;23875;22/05/2020;238000
23886;23876;22/05/2020;148700
23887;23877;22/05/2020;53000
23888;23878;23/05/2020;188470
23889;23879;23/05/2020;79000
23890;23880;23/05/2020;65000
23891;23881;23/05/2020;50000
23892;23882;23/05/2020;100000
23893;23883;23/05/2020;260000
23894;23884;23/05/2020;132500
23895;23885;23/05/2020;107000
23896;23886;23/05/2020;43500
23897;23887;23/05/2020;107000
23898;23888;23/05/2020;39000
23899;23889;23/05/2020;10000
23900;23890;23/05/2020;75000
23901;23891;23/05/2020;305000
23902;23892;23/05/2020;65000
23903;23893;23/05/2020;123000
23904;23894;23/05/2020;72000
23905;23895;23/05/2020;302300
23906;23896;23/05/2020;89000
23907;23897;23/05/2020;67500
23908;23898;23/05/2020;140000
23909;23899;23/05/2020;93000
23910;23900;23/05/2020;505000
23911;23901;23/05/2020;810500
23912;23902;23/05/2020;245000
23913;23903;23/05/2020;164000
23914;23904;23/05/2020;120000
23915;23905;23/05/2020;150000
23916;23906;23/05/2020;96500
23917;23907;23/05/2020;124150
23918;23908;23/05/2020;216600
23919;23909;25/05/2020;56500
23920;23910;25/05/2020;153500
23921;23911;25/05/2020;100000
23922;23912;25/05/2020;360000
23923;23913;25/05/2020;129000
23924;23914;25/05/2020;811500
23925;23915;25/05/2020;261400
23926;23916;25/05/2020;100000
23927;23917;25/05/2020;108500
23928;23918;25/05/2020;167000
23929;23919;25/05/2020;660000
23930;23920;25/05/2020;163000
23931;23921;25/05/2020;809000
23932;23922;25/05/2020;261250
23933;23923;25/05/2020;212700
23934;23924;25/05/2020;370545
23935;23925;25/05/2020;575000
23936;23926;25/05/2020;309000
23937;23927;25/05/2020;135000
23938;23928;25/05/2020;381300
23939;23929;25/05/2020;79000
23940;23930;25/05/2020;330000
23941;23931;25/05/2020;79000
23942;23932;25/05/2020;74000
23943;23933;25/05/2020;62500
23944;23934;25/05/2020;36000
23945;23935;25/05/2020;44915
23946;23936;25/05/2020;46000
23947;23937;25/05/2020;385360
23948;23938;25/05/2020;58000
23949;23939;25/05/2020;226500
23950;23940;25/05/2020;139000
23951;23941;25/05/2020;88000
23952;23942;25/05/2020;191300
23953;23943;25/05/2020;222300
23954;23944;25/05/2020;71500
23955;23945;25/05/2020;217000
23956;23946;25/05/2020;118000
23957;23947;25/05/2020;77000
23958;23948;25/05/2020;45529
23959;23949;25/05/2020;101000
23960;23950;25/05/2020;74000
23961;23951;25/05/2020;119000
23962;23952;25/05/2020;174800
23963;23953;25/05/2020;44900
23964;23954;25/05/2020;225021
23965;23955;25/05/2020;64500
23966;23956;25/05/2020;85000
23967;23957;25/05/2020;403950
23968;23958;25/05/2020;189500
23969;23959;25/05/2020;172000
23970;23960;25/05/2020;135000
23971;23961;25/05/2020;144000
23972;23962;25/05/2020;120000
23973;23963;25/05/2020;155150
23974;23964;25/05/2020;266050
23975;23965;25/05/2020;570000
23976;23966;25/05/2020;598250
23977;23967;25/05/2020;463000
23978;23968;25/05/2020;265000
23979;23969;25/05/2020;135000
23980;23970;25/05/2020;242010
23981;23971;25/05/2020;117000
23982;23972;25/05/2020;585000
23983;23973;25/05/2020;344400
23984;23974;25/05/2020;1176150
23985;23975;25/05/2020;615000
23986;23976;25/05/2020;350950
23987;23977;25/05/2020;140000
23988;23978;25/05/2020;130000
23989;23979;25/05/2020;169000
23990;23980;25/05/2020;224000
23991;23981;25/05/2020;125000
23992;23982;25/05/2020;139000
23993;23983;25/05/2020;152500
23994;23984;25/05/2020;92000
23995;23985;25/05/2020;81000
23996;23986;25/05/2020;152030
23997;23987;25/05/2020;378000
23998;23988;25/05/2020;63000
23999;23989;25/05/2020;88000
24000;23990;25/05/2020;76600
24001;23991;25/05/2020;94440
24002;23992;25/05/2020;64940
24003;23993;25/05/2020;91340
24004;23994;25/05/2020;88000
24005;23995;25/05/2020;207155
24006;23996;25/05/2020;140000
24007;23997;25/05/2020;72000
24008;23998;25/05/2020;123150
24009;23999;25/05/2020;210000
24010;24000;25/05/2020;51750
24011;24001;25/05/2020;129700
24012;24002;25/05/2020;275000
24013;24003;25/05/2020;149400
24014;24004;25/05/2020;75000
24015;24005;25/05/2020;154500
24016;24006;25/05/2020;139500
24017;24007;25/05/2020;57650
24018;24008;25/05/2020;247820
24019;24009;25/05/2020;245800
24020;24010;25/05/2020;143000
24021;24011;25/05/2020;182500
24022;24012;25/05/2020;167250
24023;24013;25/05/2020;77000
24024;24014;25/05/2020;56000
24025;24015;25/05/2020;425000
24026;24016;25/05/2020;247550
24027;24017;25/05/2020;65700
24028;24018;25/05/2020;66500
24029;24019;25/05/2020;83000
24030;24020;25/05/2020;36300
24031;24021;25/05/2020;85600
24032;24022;25/05/2020;215000
24033;24023;25/05/2020;132514
24034;24024;25/05/2020;85500
24035;24025;25/05/2020;68500
24036;24026;25/05/2020;168500
24037;24027;25/05/2020;84000
24038;24028;25/05/2020;91500
24039;24029;25/05/2020;69000
24040;24030;25/05/2020;80750
24041;24031;25/05/2020;36500
24042;24032;25/05/2020;20500
24043;24033;25/05/2020;285000
24044;24034;25/05/2020;40000
24045;24035;25/05/2020;287900
24046;24036;25/05/2020;205888
24047;24037;25/05/2020;227500
24048;24038;25/05/2020;230000
24049;24039;25/05/2020;99900
24050;24040;25/05/2020;240000
24051;24041;25/05/2020;178471
24052;24042;25/05/2020;131060
24053;24043;25/05/2020;117000
24054;24044;25/05/2020;58000
24055;24045;25/05/2020;67700
24056;24046;25/05/2020;28000
24057;24047;25/05/2020;100000
24058;24048;25/05/2020;47000
24059;24049;25/05/2020;192000
24060;24050;25/05/2020;80000
24061;24051;25/05/2020;82700
24062;24052;25/05/2020;77000
24063;24053;25/05/2020;127000
24064;24054;25/05/2020;58500
24065;24055;25/05/2020;111300
24066;24056;25/05/2020;122000
24067;24057;25/05/2020;70000
24068;24058;25/05/2020;207900
24069;24059;25/05/2020;113500
24070;24060;25/05/2020;71000
24071;24061;25/05/2020;209000
24072;24062;25/05/2020;117000
24073;24063;25/05/2020;76000
24074;24064;25/05/2020;86000
24075;24065;25/05/2020;145000
24076;24066;25/05/2020;58000
24077;24067;25/05/2020;222250
24078;24068;25/05/2020;367243
24079;24069;25/05/2020;138050
24080;24070;25/05/2020;100090
24081;24071;25/05/2020;95100
24082;24072;25/05/2020;153000
24083;24073;25/05/2020;171990
24084;24074;25/05/2020;220000
24085;24075;25/05/2020;116000
24086;24076;25/05/2020;154000
24087;24077;25/05/2020;56500
24088;24078;25/05/2020;54000
24089;24079;25/05/2020;60000
24090;24080;25/05/2020;117000
24091;24081;25/05/2020;199000
24092;24082;25/05/2020;85000
24093;24083;25/05/2020;91000
24094;24084;25/05/2020;47000
24095;24085;25/05/2020;85000
24096;24086;25/05/2020;69500
24097;24087;25/05/2020;55500
24098;24088;25/05/2020;110000
24099;24089;25/05/2020;61460
24100;24090;25/05/2020;118250
24101;24091;25/05/2020;74670
24102;24092;25/05/2020;40000
24103;24093;25/05/2020;108500
24104;24094;25/05/2020;377500
24105;24095;25/05/2020;188700
24106;24096;25/05/2020;137800
24107;24097;25/05/2020;270145
24108;24098;25/05/2020;204900
24109;24099;25/05/2020;185000
24110;24100;25/05/2020;415000
24111;24101;25/05/2020;216400
24112;24102;25/05/2020;108040
24113;24103;25/05/2020;76250
24114;24104;25/05/2020;390000
24115;24105;25/05/2020;120150
24116;24106;25/05/2020;390000
24117;24107;25/05/2020;320850
24118;24108;25/05/2020;261000
24119;24109;25/05/2020;309100
24120;24110;25/05/2020;402500
24121;24111;25/05/2020;182500
24122;24112;25/05/2020;398000
24123;24113;25/05/2020;370000
24124;24114;25/05/2020;330000
24125;24115;25/05/2020;340000
24126;24116;25/05/2020;307660
24127;24117;25/05/2020;204000
24128;24118;25/05/2020;690000
24129;24119;25/05/2020;112000
24130;24120;25/05/2020;418000
24131;24121;25/05/2020;55000
24132;24122;25/05/2020;167500
24133;24123;25/05/2020;160240
24134;24124;25/05/2020;254600
24135;24125;25/05/2020;227314
24136;24126;25/05/2020;247000
24137;24127;25/05/2020;455000
24138;24128;25/05/2020;700000
24139;24129;25/05/2020;220000
24140;24130;25/05/2020;529000
24141;24131;25/05/2020;660000
24142;24132;25/05/2020;328000
24143;24133;25/05/2020;650000
24144;24134;25/05/2020;112000
24145;24135;25/05/2020;1370000
24146;24136;25/05/2020;703250
24147;24137;25/05/2020;331660
24148;24138;25/05/2020;1800000
24149;24139;25/05/2020;430000
24150;24140;25/05/2020;470000
24151;24141;25/05/2020;343450
24152;24142;25/05/2020;605000
24153;24143;25/05/2020;487845
24154;24144;25/05/2020;205000
24155;24145;25/05/2020;445450
24156;24146;25/05/2020;690000
24157;24147;25/05/2020;945000
24158;24148;25/05/2020;990000
24159;24149;25/05/2020;605000
24160;24150;25/05/2020;171764
24161;24151;25/05/2020;338235
24162;24152;25/05/2020;409500
24163;24153;25/05/2020;1170000
24164;24154;25/05/2020;660000
24165;24155;25/05/2020;139000
24166;24156;25/05/2020;436711
24167;24157;25/05/2020;255000
24168;24158;25/05/2020;519000
24169;24159;25/05/2020;689000
24170;24160;25/05/2020;1041490
24171;24161;25/05/2020;649066
24172;24162;25/05/2020;182280
24173;24163;25/05/2020;1013650
24174;24164;25/05/2020;530000
24175;24165;25/05/2020;1585000
24176;24166;25/05/2020;305490
24177;24167;25/05/2020;879500
24178;24168;25/05/2020;575000
24179;24169;25/05/2020;496300
24180;24170;25/05/2020;361000
24181;24171;25/05/2020;1630050
24182;24172;25/05/2020;644900
24183;24173;25/05/2020;493000
24184;24174;25/05/2020;477904
24185;24175;25/05/2020;435800
24186;24176;25/05/2020;399000
24187;24177;25/05/2020;1055000
24188;24178;25/05/2020;453420
24189;24179;25/05/2020;229000
24190;24180;25/05/2020;311350
24191;24181;25/05/2020;391000
24192;24182;25/05/2020;545000
24193;24183;25/05/2020;610000
24194;24184;25/05/2020;272800
24195;24185;25/05/2020;225312
24196;24186;25/05/2020;285000
24197;24187;25/05/2020;418000
24198;24188;25/05/2020;537720
24199;24189;25/05/2020;197000
24200;24190;25/05/2020;2285900
24201;24191;25/05/2020;358841
24202;24192;25/05/2020;55000
24203;24193;25/05/2020;45000
24204;24194;25/05/2020;44000
24205;24195;25/05/2020;136000
24206;24196;25/05/2020;118000
24207;24197;25/05/2020;67500
24208;24198;25/05/2020;82600
24209;24199;25/05/2020;139800
24210;24200;25/05/2020;62500
24211;24201;25/05/2020;114000
24212;24202;25/05/2020;182000
24213;24203;25/05/2020;261000
24214;24204;25/05/2020;287950
24215;24205;25/05/2020;218000
24216;24206;25/05/2020;119000
24217;24207;25/05/2020;132000
24218;24208;25/05/2020;177471
24219;24209;25/05/2020;201000
24220;24210;25/05/2020;211600
24221;24211;25/05/2020;117500
24222;24212;25/05/2020;172000
24223;24213;25/05/2020;238750
24224;24214;25/05/2020;85000
24225;24215;25/05/2020;299000
24226;24216;25/05/2020;141000
24227;24217;25/05/2020;45800
24228;24218;25/05/2020;185500
24229;24219;25/05/2020;180200
24230;24220;25/05/2020;286500
24231;24221;25/05/2020;182305
24232;24222;25/05/2020;110000
24233;24223;25/05/2020;108000
24234;24224;25/05/2020;231978
24235;24225;25/05/2020;140000
24236;24226;25/05/2020;229450
24237;24227;25/05/2020;159000
24238;24228;25/05/2020;256000
24239;24229;25/05/2020;700000
24240;24230;25/05/2020;174690
24241;24231;25/05/2020;242000
24242;24232;25/05/2020;170000
24243;24233;25/05/2020;171000
24244;24234;25/05/2020;337000
24245;24235;25/05/2020;875000
24246;24236;25/05/2020;549500
24247;24237;25/05/2020;81900
24248;24238;25/05/2020;70000
24249;24239;25/05/2020;235000
24250;24240;25/05/2020;145150
24251;24241;25/05/2020;250000
24252;24242;25/05/2020;356990
24253;24243;25/05/2020;132900
24254;24244;25/05/2020;102000
24255;24245;25/05/2020;208000
24256;24246;25/05/2020;135000
24257;24247;25/05/2020;228200
24258;24248;25/05/2020;70000
24259;24249;25/05/2020;165000
24260;24250;25/05/2020;92500
24261;24251;25/05/2020;205000
24262;24252;25/05/2020;109350
24263;24253;25/05/2020;123500
24264;24254;25/05/2020;70000
24265;24255;25/05/2020;194800
24266;24256;25/05/2020;124200
24267;24257;25/05/2020;215000
24268;24258;25/05/2020;105000
24269;24259;25/05/2020;120000
24270;24260;25/05/2020;120000
24271;24261;25/05/2020;66500
24272;24262;25/05/2020;45000
24273;24263;25/05/2020;56000
24274;24264;25/05/2020;136000
24275;24265;25/05/2020;259000
24276;24266;25/05/2020;236000
24277;24267;25/05/2020;390000
24278;24268;25/05/2020;231000
24279;24269;25/05/2020;166000
24280;24270;25/05/2020;69000
24281;24271;25/05/2020;341700
24282;24272;25/05/2020;72000
24283;24273;25/05/2020;237700
24284;24274;25/05/2020;458000
24285;24275;25/05/2020;222000
24286;24276;25/05/2020;216500
24287;24277;25/05/2020;133000
24288;24278;25/05/2020;245000
24289;24279;25/05/2020;210628
24290;24280;25/05/2020;270000
24291;24281;25/05/2020;168500
24292;24282;25/05/2020;161440
24293;24283;25/05/2020;157400
24294;24284;25/05/2020;212000
24295;24285;25/05/2020;543400
24296;24286;25/05/2020;311200
24297;24287;25/05/2020;283700
24298;24288;25/05/2020;354000
24299;24289;25/05/2020;285000
24300;24290;25/05/2020;322740
24301;24291;25/05/2020;160000
24302;24292;25/05/2020;385000
24303;24293;25/05/2020;480000
24304;24294;25/05/2020;385000
24305;24295;25/05/2020;436000
24306;24296;25/05/2020;210000
24307;24297;25/05/2020;1185000
24308;24298;25/05/2020;160000
24309;24299;25/05/2020;444655
24310;24300;25/05/2020;331900
24311;24301;25/05/2020;352010
24312;24302;25/05/2020;235000
24313;24303;25/05/2020;310000
24314;24304;25/05/2020;220000
24315;24305;25/05/2020;240000
24316;24306;25/05/2020;92000
24317;24307;25/05/2020;340000
24318;24308;25/05/2020;207000
24319;24309;25/05/2020;330264
24320;24310;25/05/2020;111000
24321;24311;25/05/2020;310000
24322;24312;25/05/2020;252500
24323;24313;25/05/2020;180000
24324;24314;25/05/2020;344550
24325;24315;25/05/2020;127000
24326;24316;25/05/2020;273000
24327;24317;25/05/2020;306000
24328;24318;25/05/2020;197000
24329;24319;25/05/2020;147000
24330;24320;25/05/2020;390409
24331;24321;25/05/2020;375000
24332;24322;25/05/2020;217000
24333;24323;25/05/2020;447000
24334;24324;25/05/2020;507500
24335;24325;25/05/2020;262000
24336;24326;25/05/2020;120000
24337;24327;25/05/2020;204000
24338;24328;25/05/2020;350000
24339;24329;25/05/2020;198000
24340;24330;25/05/2020;280000
24341;24331;25/05/2020;186473
24342;24332;25/05/2020;526000
24343;24333;25/05/2020;605000
24344;24334;25/05/2020;341740
24345;24335;25/05/2020;173000
24346;24336;25/05/2020;290000
24347;24337;25/05/2020;280000
24348;24338;25/05/2020;330000
24349;24339;25/05/2020;120000
24350;24340;25/05/2020;150000
24351;24341;25/05/2020;524500
24352;24342;25/05/2020;148000
24353;24343;25/05/2020;260000
24354;24344;25/05/2020;220000
24355;24345;25/05/2020;130000
24356;24346;25/05/2020;580000
24357;24347;25/05/2020;349200
24358;24348;25/05/2020;610000
24359;24349;25/05/2020;302580
24360;24350;25/05/2020;299000
24361;24351;25/05/2020;255000
24362;24352;25/05/2020;112736
24363;24353;25/05/2020;200000
24364;24354;25/05/2020;166000
24365;24355;25/05/2020;113000
24366;24356;25/05/2020;208000
24367;24357;25/05/2020;196000
24368;24358;25/05/2020;520000
24369;24359;25/05/2020;180000
24370;24360;25/05/2020;312000
24371;24361;25/05/2020;192000
24372;24362;25/05/2020;130000
24373;24363;25/05/2020;128000
24374;24364;25/05/2020;217000
24375;24365;26/05/2020;27000
24376;24366;26/05/2020;81500
24377;24367;26/05/2020;20000
24378;24368;26/05/2020;25650
24379;24369;26/05/2020;113000
24380;24370;26/05/2020;64050
24381;24371;26/05/2020;153240
24382;24372;26/05/2020;150000
24383;24373;26/05/2020;334000
24384;24374;26/05/2020;198500
24385;24375;26/05/2020;8000
24386;24376;26/05/2020;285000
24387;24377;26/05/2020;235000
24388;24378;26/05/2020;125000
24389;24379;26/05/2020;121000
24390;24380;26/05/2020;177000
24391;24381;26/05/2020;74000
24392;24382;26/05/2020;232800
24393;24383;26/05/2020;71000
24394;24384;26/05/2020;197000
24395;24385;26/05/2020;96500
24396;24386;26/05/2020;345000
24397;24387;26/05/2020;68000
24398;24388;26/05/2020;139050
24399;24389;26/05/2020;282000
24400;24390;26/05/2020;65000
24401;24391;26/05/2020;65000
24402;24392;26/05/2020;85000
24403;24393;26/05/2020;49000
24404;24394;26/05/2020;175000
24405;24395;26/05/2020;46000
24406;24396;26/05/2020;169000
24407;24397;26/05/2020;78650
24408;24398;26/05/2020;61910
24409;24399;26/05/2020;183000
24410;24400;26/05/2020;161850
24411;24401;26/05/2020;52000
24412;24402;26/05/2020;122250
24413;24403;26/05/2020;81000
24414;24404;26/05/2020;40000
24415;24405;26/05/2020;126500
24416;24406;26/05/2020;152000
24417;24407;26/05/2020;146000
24418;24408;26/05/2020;168020
24419;24409;26/05/2020;166500
24420;24410;26/05/2020;71000
24421;24411;26/05/2020;82000
24422;24412;26/05/2020;50100
24423;24413;26/05/2020;49450
24424;24414;26/05/2020;93000
24425;24415;26/05/2020;57000
24426;24416;26/05/2020;120230
24427;24417;26/05/2020;60000
24428;24418;26/05/2020;180000
24429;24419;26/05/2020;146750
24430;24420;26/05/2020;152000
24431;24421;26/05/2020;71000
24432;24422;26/05/2020;221000
24433;24423;26/05/2020;75000
24434;24424;26/05/2020;170800
24435;24425;26/05/2020;43000
24436;24426;26/05/2020;65000
24437;24427;26/05/2020;152000
24438;24428;26/05/2020;123000
24439;24429;26/05/2020;150000
24440;24430;26/05/2020;37000
24441;24431;26/05/2020;66000
24442;24432;26/05/2020;249000
24443;24433;26/05/2020;192500
24444;24434;26/05/2020;140000
24445;24435;26/05/2020;95200
24446;24436;26/05/2020;143000
24447;24437;26/05/2020;224000
24448;24438;26/05/2020;81000
24449;24439;26/05/2020;141300
24450;24440;26/05/2020;217650
24451;24441;26/05/2020;35000
24452;24442;26/05/2020;50000
24453;24443;26/05/2020;147000
24454;24444;26/05/2020;460000
24455;24445;26/05/2020;152750
24456;24446;26/05/2020;210000
24457;24447;26/05/2020;154000
24458;24448;26/05/2020;282800
24459;24449;26/05/2020;283000
24460;24450;26/05/2020;474180
24461;24451;26/05/2020;444000
24462;24452;26/05/2020;493441
24463;24453;26/05/2020;334400
24464;24454;26/05/2020;225000
24465;24455;26/05/2020;128500
24466;24456;26/05/2020;65000
24467;24457;26/05/2020;129870
24468;24458;26/05/2020;86000
24469;24459;26/05/2020;263000
24470;24460;26/05/2020;210000
24471;24461;26/05/2020;470000
24472;24462;26/05/2020;940000
24473;24463;26/05/2020;132000
24474;24464;26/05/2020;104000
24475;24465;26/05/2020;43000
24476;24466;26/05/2020;62000
24477;24467;26/05/2020;154155
24478;24468;26/05/2020;255000
24479;24469;26/05/2020;182000
24480;24470;26/05/2020;158000
24481;24471;26/05/2020;531500
24482;24472;26/05/2020;74550
24483;24473;26/05/2020;258000
24484;24474;26/05/2020;165000
24485;24475;26/05/2020;65000
24486;24476;26/05/2020;85000
24487;24477;26/05/2020;75000
24488;24478;26/05/2020;175000
24489;24479;26/05/2020;138000
24490;24480;26/05/2020;264600
24491;24481;26/05/2020;103000
24492;24482;26/05/2020;272000
24493;24483;26/05/2020;162300
24494;24484;26/05/2020;103180
24495;24485;26/05/2020;217770
24496;24486;26/05/2020;50000
24497;24487;26/05/2020;30680
24498;24488;26/05/2020;129000
24499;24489;26/05/2020;270000
24500;24490;26/05/2020;475750
24501;24491;26/05/2020;79800
24502;24492;26/05/2020;34500
24503;24493;26/05/2020;44500
24504;24494;26/05/2020;42000
24505;24495;26/05/2020;40500
24506;24496;26/05/2020;61821
24507;24497;26/05/2020;46600
24508;24498;26/05/2020;77500
24509;24499;26/05/2020;74100
24510;24500;26/05/2020;38000
24511;24501;26/05/2020;92000
24512;24502;26/05/2020;49000
24513;24503;26/05/2020;182200
24514;24504;26/05/2020;188000
24515;24505;26/05/2020;73000
24516;24506;26/05/2020;135400
24517;24507;26/05/2020;363523
24518;24508;26/05/2020;740000
24519;24509;26/05/2020;183700
24520;24510;26/05/2020;300300
24521;24511;26/05/2020;59000
24522;24512;26/05/2020;193500
24523;24513;26/05/2020;186000
24524;24514;26/05/2020;103300
24525;24515;26/05/2020;59000
24526;24516;26/05/2020;132500
24527;24517;26/05/2020;89500
24528;24518;26/05/2020;54500
24529;24519;26/05/2020;222000
24530;24520;26/05/2020;109000
24531;24521;26/05/2020;247000
24532;24522;26/05/2020;89055
24533;24523;26/05/2020;247500
24534;24524;26/05/2020;96000
24535;24525;26/05/2020;434972
24536;24526;26/05/2020;82000
24537;24527;26/05/2020;68500
24538;24528;26/05/2020;77500
24539;24529;26/05/2020;96560
24540;24530;26/05/2020;35000
24541;24531;26/05/2020;140000
24542;24532;26/05/2020;120000
24543;24533;26/05/2020;93000
24544;24534;26/05/2020;250000
24545;24535;26/05/2020;121420
24546;24536;26/05/2020;229000
24547;24537;26/05/2020;121000
24548;24538;26/05/2020;92500
24549;24539;26/05/2020;101605
24550;24540;26/05/2020;105500
24551;24541;26/05/2020;25000
24552;24542;26/05/2020;92000
24553;24543;26/05/2020;172000
24554;24544;26/05/2020;186000
24555;24545;26/05/2020;122000
24556;24546;26/05/2020;105000
24557;24547;26/05/2020;78000
24558;24548;26/05/2020;167000
24559;24549;26/05/2020;58000
24560;24550;26/05/2020;57000
24561;24551;26/05/2020;71500
24562;24552;26/05/2020;50300
24563;24553;26/05/2020;158000
24564;24554;26/05/2020;102600
24565;24555;26/05/2020;58000
24566;24556;26/05/2020;85000
24567;24557;26/05/2020;130100
24568;24558;26/05/2020;213900
24569;24559;26/05/2020;234000
24570;24560;26/05/2020;166200
24571;24561;26/05/2020;340000
24572;24562;26/05/2020;255000
24573;24563;26/05/2020;68800
24574;24564;26/05/2020;74500
24575;24565;26/05/2020;141500
24576;24566;26/05/2020;134170
24577;24567;26/05/2020;78100
24578;24568;26/05/2020;80000
24579;24569;26/05/2020;368300
24580;24570;26/05/2020;348090
24581;24571;26/05/2020;386600
24582;24572;26/05/2020;477150
24583;24573;26/05/2020;492564
24584;24574;26/05/2020;362675
24585;24575;26/05/2020;149000
24586;24576;26/05/2020;351000
24587;24577;26/05/2020;334000
24588;24578;26/05/2020;466000
24589;24579;26/05/2020;228416
24590;24580;26/05/2020;165000
24591;24581;26/05/2020;350000
24592;24582;26/05/2020;148500
24593;24583;26/05/2020;417000
24594;24584;26/05/2020;148000
24595;24585;26/05/2020;203180
24596;24586;26/05/2020;223500
24597;24587;26/05/2020;275000
24598;24588;26/05/2020;59000
24599;24589;26/05/2020;156500
24600;24590;26/05/2020;430000
24601;24591;26/05/2020;120000
24602;24592;26/05/2020;1089600
24603;24593;26/05/2020;310000
24604;24594;26/05/2020;579500
24605;24595;26/05/2020;895000
24606;24596;26/05/2020;489000
24607;24597;26/05/2020;375000
24608;24598;26/05/2020;515000
24609;24599;26/05/2020;800000
24610;24600;26/05/2020;185000
24611;24601;26/05/2020;728500
24612;24602;26/05/2020;1389094
24613;24603;26/05/2020;215000
24614;24604;26/05/2020;205000
24615;24605;26/05/2020;815000
24616;24606;26/05/2020;793350
24617;24607;26/05/2020;679000
24618;24608;26/05/2020;495000
24619;24609;26/05/2020;442000
24620;24610;26/05/2020;595000
24621;24611;26/05/2020;359450
24622;24612;26/05/2020;411000
24623;24613;26/05/2020;277000
24624;24614;26/05/2020;636250
24625;24615;26/05/2020;157500
24626;24616;26/05/2020;762000
24627;24617;26/05/2020;584900
24628;24618;26/05/2020;321000
24629;24619;26/05/2020;375000
24630;24620;26/05/2020;352300
24631;24621;26/05/2020;230000
24632;24622;26/05/2020;374500
24633;24623;26/05/2020;504717
24634;24624;26/05/2020;690000
24635;24625;26/05/2020;441500
24636;24626;26/05/2020;770000
24637;24627;26/05/2020;855000
24638;24628;26/05/2020;365000
24639;24629;26/05/2020;649000
24640;24630;26/05/2020;164000
24641;24631;26/05/2020;332480
24642;24632;26/05/2020;820000
24643;24633;26/05/2020;343300
24644;24634;26/05/2020;279000
24645;24635;26/05/2020;2534100
24646;24636;26/05/2020;494000
24647;24637;26/05/2020;450950
24648;24638;26/05/2020;505000
24649;24639;26/05/2020;780000
24650;24640;26/05/2020;950910
24651;24641;26/05/2020;750000
24652;24642;26/05/2020;588882
24653;24643;26/05/2020;72000
24654;24644;26/05/2020;98000
24655;24645;26/05/2020;256800
24656;24646;26/05/2020;381000
24657;24647;26/05/2020;514000
24658;24648;26/05/2020;132000
24659;24649;26/05/2020;308000
24660;24650;26/05/2020;248000
24661;24651;26/05/2020;515000
24662;24652;26/05/2020;105000
24663;24653;26/05/2020;343040
24664;24654;26/05/2020;476000
24665;24655;26/05/2020;40000
24666;24656;26/05/2020;75500
24667;24657;26/05/2020;36500
24668;24658;26/05/2020;68500
24669;24659;26/05/2020;152000
24670;24660;26/05/2020;135000
24671;24661;26/05/2020;126080
24672;24662;26/05/2020;106900
24673;24663;26/05/2020;89000
24674;24664;26/05/2020;129290
24675;24665;26/05/2020;143000
24676;24666;26/05/2020;235000
24677;24667;26/05/2020;175000
24678;24668;26/05/2020;194000
24679;24669;26/05/2020;117000
24680;24670;26/05/2020;209000
24681;24671;26/05/2020;205000
24682;24672;26/05/2020;106000
24683;24673;26/05/2020;105500
24684;24674;26/05/2020;154000
24685;24675;26/05/2020;120000
24686;24676;26/05/2020;141500
24687;24677;26/05/2020;196000
24688;24678;26/05/2020;139000
24689;24679;26/05/2020;119422
24690;24680;26/05/2020;194000
24691;24681;26/05/2020;385000
24692;24682;26/05/2020;551250
24693;24683;26/05/2020;314000
24694;24684;26/05/2020;238500
24695;24685;26/05/2020;301680
24696;24686;26/05/2020;581030
24697;24687;26/05/2020;95000
24698;24688;26/05/2020;232000
24699;24689;26/05/2020;457000
24700;24690;26/05/2020;105000
24701;24691;26/05/2020;232800
24702;24692;26/05/2020;63200
24703;24693;26/05/2020;619900
24704;24694;26/05/2020;180000
24705;24695;26/05/2020;270000
24706;24696;26/05/2020;82000
24707;24697;26/05/2020;191000
24708;24698;26/05/2020;124000
24709;24699;26/05/2020;54000
24710;24700;26/05/2020;142380
24711;24701;26/05/2020;144000
24712;24702;26/05/2020;127000
24713;24703;26/05/2020;109000
24714;24704;26/05/2020;46000
24715;24705;26/05/2020;595000
24716;24706;26/05/2020;104000
24717;24707;26/05/2020;40000
24718;24708;26/05/2020;88600
24719;24709;26/05/2020;163100
24720;24710;26/05/2020;180000
24721;24711;26/05/2020;120000
24722;24712;26/05/2020;208000
24723;24713;26/05/2020;200000
24724;24714;26/05/2020;114800
24725;24715;26/05/2020;74000
24726;24716;26/05/2020;305000
24727;24717;26/05/2020;139500
24728;24718;26/05/2020;101100
24729;24719;26/05/2020;97500
24730;24720;26/05/2020;530000
24731;24721;26/05/2020;130000
24732;24722;26/05/2020;169300
24733;24723;26/05/2020;25000
24734;24724;26/05/2020;151000
24735;24725;26/05/2020;63000
24736;24726;26/05/2020;141000
24737;24727;26/05/2020;56000
24738;24728;26/05/2020;63000
24739;24729;26/05/2020;89000
24740;24730;26/05/2020;171695
24741;24731;26/05/2020;73000
24742;24732;26/05/2020;93000
24743;24733;26/05/2020;128000
24744;24734;26/05/2020;165000
24745;24735;26/05/2020;140000
24746;24736;26/05/2020;126000
24747;24737;26/05/2020;375000
24748;24738;26/05/2020;259000
24749;24739;26/05/2020;185000
24750;24740;26/05/2020;132000
24751;24741;26/05/2020;165000
24752;24742;26/05/2020;95000
24753;24743;26/05/2020;208000
24754;24744;26/05/2020;400000
24755;24745;26/05/2020;168000
24756;24746;26/05/2020;180000
24757;24747;26/05/2020;88000
24758;24748;26/05/2020;167000
24759;24749;26/05/2020;265000
24760;24750;26/05/2020;320000
24761;24751;26/05/2020;259314
24762;24752;26/05/2020;1138000
24763;24753;26/05/2020;552000
24764;24754;26/05/2020;275000
24765;24755;26/05/2020;720000
24766;24756;26/05/2020;510000
24767;24757;26/05/2020;819000
24768;24758;26/05/2020;247932
24769;24759;26/05/2020;654800
24770;24760;26/05/2020;210000
24771;24761;26/05/2020;2589600
24772;24762;26/05/2020;505000
24773;24763;26/05/2020;456750
24774;24764;26/05/2020;45000
24775;24765;26/05/2020;98000
24776;24766;26/05/2020;475000
24777;24767;26/05/2020;87000
24778;24768;26/05/2020;172000
24779;24769;26/05/2020;91791
24780;24770;26/05/2020;124000
24781;24771;26/05/2020;281000
24782;24772;26/05/2020;187000
24783;24773;26/05/2020;90000
24784;24774;26/05/2020;305000
24785;24775;26/05/2020;200000
24786;24776;26/05/2020;115000
24787;24777;26/05/2020;145000
24788;24778;26/05/2020;183000
24789;24779;26/05/2020;122800
24790;24780;26/05/2020;198500
24791;24781;26/05/2020;143000
24792;24782;26/05/2020;93000
24793;24783;26/05/2020;495800
24794;24784;26/05/2020;202000
24795;24785;26/05/2020;190000
24796;24786;26/05/2020;170000
24797;24787;26/05/2020;290000
24798;24788;26/05/2020;125000
24799;24789;26/05/2020;260000
24800;24790;26/05/2020;406000
24801;24791;26/05/2020;262000
24802;24792;26/05/2020;414600
24803;24793;26/05/2020;137000
24804;24794;26/05/2020;259600
24805;24795;26/05/2020;232000
24806;24796;26/05/2020;450000
24807;24797;26/05/2020;125000
24808;24798;26/05/2020;274441
24809;24799;26/05/2020;390000
24810;24800;26/05/2020;247200
24811;24801;26/05/2020;232100
24812;24802;26/05/2020;142000
24813;24803;26/05/2020;572500
24814;24804;26/05/2020;180000
24815;24805;26/05/2020;273000
24816;24806;26/05/2020;207000
24817;24807;26/05/2020;121000
24818;24808;26/05/2020;230000
24819;24809;26/05/2020;94050
24820;24810;26/05/2020;180720
24821;24811;26/05/2020;147000
24822;24812;26/05/2020;359000
24823;24813;26/05/2020;181000
24824;24814;26/05/2020;265000
24825;24815;26/05/2020;178000
24826;24816;26/05/2020;136000
24827;24817;26/05/2020;239000
24828;24818;26/05/2020;86500
24829;24819;26/05/2020;105000
24830;24820;26/05/2020;113000
24831;24821;26/05/2020;48000
24832;24822;26/05/2020;68940
24833;24823;27/05/2020;95000
24834;24824;27/05/2020;105000
24835;24825;27/05/2020;46937
24836;24826;27/05/2020;170250
24837;24827;27/05/2020;330000
24838;24828;27/05/2020;145000
24839;24829;27/05/2020;60000
24840;24830;27/05/2020;170000
24841;24831;27/05/2020;136000
24842;24832;27/05/2020;235600
24843;24833;27/05/2020;452000
24844;24834;27/05/2020;138000
24845;24835;27/05/2020;349200
24846;24836;27/05/2020;155000
24847;24837;27/05/2020;87000
24848;24838;27/05/2020;540400
24849;24839;27/05/2020;85300
24850;24840;27/05/2020;37800
24851;24841;27/05/2020;73500
24852;24842;27/05/2020;396500
24853;24843;27/05/2020;126000
24854;24844;27/05/2020;107000
24855;24845;27/05/2020;73500
24856;24846;27/05/2020;68000
24857;24847;27/05/2020;75000
24858;24848;27/05/2020;155000
24859;24849;27/05/2020;46000
24860;24850;27/05/2020;31000
24861;24851;27/05/2020;55500
24862;24852;27/05/2020;39000
24863;24853;27/05/2020;98000
24864;24854;27/05/2020;100500
24865;24855;27/05/2020;48000
24866;24856;27/05/2020;250300
24867;24857;27/05/2020;122400
24868;24858;27/05/2020;57000
24869;24859;27/05/2020;121500
24870;24860;27/05/2020;77000
24871;24861;27/05/2020;106000
24872;24862;27/05/2020;165000
24873;24863;27/05/2020;74000
24874;24864;27/05/2020;163000
24875;24865;27/05/2020;218800
24876;24866;27/05/2020;98950
24877;24867;27/05/2020;110000
24878;24868;27/05/2020;195000
24879;24869;27/05/2020;290000
24880;24870;27/05/2020;350000
24881;24871;27/05/2020;151000
24882;24872;27/05/2020;289490
24883;24873;27/05/2020;158500
24884;24874;27/05/2020;50000
24885;24875;27/05/2020;274000
24886;24876;27/05/2020;195355
24887;24877;27/05/2020;132500
24888;24878;27/05/2020;157410
24889;24879;27/05/2020;148300
24890;24880;27/05/2020;324923
24891;24881;27/05/2020;110185
24892;24882;27/05/2020;155340
24893;24883;27/05/2020;59500
24894;24884;27/05/2020;151074
24895;24885;27/05/2020;174000
24896;24886;27/05/2020;586625
24897;24887;27/05/2020;138000
24898;24888;27/05/2020;394000
24899;24889;27/05/2020;307000
24900;24890;27/05/2020;201700
24901;24891;27/05/2020;70000
24902;24892;27/05/2020;270000
24903;24893;27/05/2020;66000
24904;24894;27/05/2020;157000
24905;24895;27/05/2020;314400
24906;24896;27/05/2020;140000
24907;24897;27/05/2020;132509
24908;24898;27/05/2020;220000
24909;24899;27/05/2020;54401
24910;24900;27/05/2020;83000
24911;24901;27/05/2020;89498
24912;24902;27/05/2020;626000
24913;24903;27/05/2020;298000
24914;24904;27/05/2020;290000
24915;24905;27/05/2020;545205
24916;24906;27/05/2020;82250
24917;24907;27/05/2020;83000
24918;24908;27/05/2020;90000
24919;24909;27/05/2020;230000
24920;24910;27/05/2020;181000
24921;24911;27/05/2020;80500
24922;24912;27/05/2020;54000
24923;24913;27/05/2020;234610
24924;24914;27/05/2020;130000
24925;24915;27/05/2020;120000
24926;24916;27/05/2020;148000
24927;24917;27/05/2020;121000
24928;24918;27/05/2020;304000
24929;24919;27/05/2020;444600
24930;24920;27/05/2020;80000
24931;24921;27/05/2020;175000
24932;24922;27/05/2020;175050
24933;24923;27/05/2020;92370
24934;24924;27/05/2020;84000
24935;24925;27/05/2020;55000
24936;24926;27/05/2020;60986
24937;24927;27/05/2020;73250
24938;24928;27/05/2020;61200
24939;24929;27/05/2020;138000
24940;24930;27/05/2020;28500
24941;24931;27/05/2020;52250
24942;24932;27/05/2020;162000
24943;24933;27/05/2020;136900
24944;24934;27/05/2020;245000
24945;24935;27/05/2020;78000
24946;24936;27/05/2020;253000
24947;24937;27/05/2020;94000
24948;24938;27/05/2020;212000
24949;24939;27/05/2020;225000
24950;24940;27/05/2020;140600
24951;24941;27/05/2020;102500
24952;24942;27/05/2020;105000
24953;24943;27/05/2020;73000
24954;24944;27/05/2020;130500
24955;24945;27/05/2020;32500
24956;24946;27/05/2020;85550
24957;24947;27/05/2020;100000
24958;24948;27/05/2020;77200
24959;24949;27/05/2020;73000
24960;24950;27/05/2020;88000
24961;24951;27/05/2020;77000
24962;24952;27/05/2020;142000
24963;24953;27/05/2020;115000
24964;24954;27/05/2020;67000
24965;24955;27/05/2020;227000
24966;24956;27/05/2020;76000
24967;24957;27/05/2020;167000
24968;24958;27/05/2020;58900
24969;24959;27/05/2020;121000
24970;24960;27/05/2020;121050
24971;24961;27/05/2020;32000
24972;24962;27/05/2020;139000
24973;24963;27/05/2020;190000
24974;24964;27/05/2020;32000
24975;24965;27/05/2020;64000
24976;24966;27/05/2020;147000
24977;24967;27/05/2020;158000
24978;24968;27/05/2020;190000
24979;24969;27/05/2020;136571
24980;24970;27/05/2020;106660
24981;24971;27/05/2020;85000
24982;24972;27/05/2020;132000
24983;24973;27/05/2020;99500
24984;24974;27/05/2020;167150
24985;24975;27/05/2020;1055100
24986;24976;27/05/2020;108000
24987;24977;27/05/2020;150700
24988;24978;27/05/2020;82000
24989;24979;27/05/2020;212000
24990;24980;27/05/2020;115000
24991;24981;27/05/2020;109000
24992;24982;27/05/2020;159350
24993;24983;27/05/2020;135000
24994;24984;27/05/2020;113200
24995;24985;27/05/2020;28000
24996;24986;27/05/2020;54500
24997;24987;27/05/2020;80000
24998;24988;27/05/2020;125000
24999;24989;27/05/2020;240000
25000;24990;27/05/2020;188840
25001;24991;27/05/2020;66000
25002;24992;27/05/2020;174800
25003;24993;27/05/2020;217500
25004;24994;27/05/2020;151500
25005;24995;27/05/2020;338000
25006;24996;27/05/2020;490000
25007;24997;27/05/2020;239800
25008;24998;27/05/2020;218500
25009;24999;27/05/2020;285900
25010;25000;27/05/2020;188770
25011;25001;27/05/2020;395420
25012;25002;27/05/2020;179000
25013;25003;27/05/2020;160000
25014;25004;27/05/2020;72500
25015;25005;27/05/2020;171000
25016;25006;27/05/2020;173000
25017;25007;27/05/2020;78300
25018;25008;27/05/2020;457000
25019;25009;27/05/2020;300700
25020;25010;27/05/2020;716000
25021;25011;27/05/2020;45000
25022;25012;27/05/2020;187500
25023;25013;27/05/2020;146760
25024;25014;27/05/2020;1100000
25025;25015;27/05/2020;550000
25026;25016;27/05/2020;1111150
25027;25017;27/05/2020;1530000
25028;25018;27/05/2020;365000
25029;25019;27/05/2020;1622400
25030;25020;27/05/2020;565000
25031;25021;27/05/2020;305000
25032;25022;27/05/2020;700000
25033;25023;27/05/2020;880000
25034;25024;27/05/2020;940000
25035;25025;27/05/2020;200000
25036;25026;27/05/2020;364000
25037;25027;27/05/2020;790000
25038;25028;27/05/2020;1300000
25039;25029;27/05/2020;166000
25040;25030;27/05/2020;775000
25041;25031;27/05/2020;383820
25042;25032;27/05/2020;436210
25043;25033;27/05/2020;183000
25044;25034;27/05/2020;447355
25045;25035;27/05/2020;880000
25046;25036;27/05/2020;1087500
25047;25037;27/05/2020;270000
25048;25038;27/05/2020;644500
25049;25039;27/05/2020;180000
25050;25040;27/05/2020;180375
25051;25041;27/05/2020;186000
25052;25042;27/05/2020;526000
25053;25043;27/05/2020;405520
25054;25044;27/05/2020;152250
25055;25045;27/05/2020;427350
25056;25046;27/05/2020;140000
25057;25047;27/05/2020;339000
25058;25048;27/05/2020;849000
25059;25049;27/05/2020;341000
25060;25050;27/05/2020;505000
25061;25051;27/05/2020;619200
25062;25052;27/05/2020;615000
25063;25053;27/05/2020;872500
25064;25054;27/05/2020;236000
25065;25055;27/05/2020;340000
25066;25056;27/05/2020;3140000
25067;25057;27/05/2020;777600
25068;25058;27/05/2020;404000
25069;25059;27/05/2020;480000
25070;25060;27/05/2020;532381
25071;25061;27/05/2020;634000
25072;25062;27/05/2020;215000
25073;25063;27/05/2020;625000
25074;25064;27/05/2020;330750
25075;25065;27/05/2020;279000
25076;25066;27/05/2020;442000
25077;25067;27/05/2020;1070000
25078;25068;27/05/2020;180600
25079;25069;27/05/2020;418620
25080;25070;27/05/2020;669000
25081;25071;27/05/2020;328500
25082;25072;27/05/2020;109000
25083;25073;27/05/2020;336000
25084;25074;27/05/2020;431900
25085;25075;27/05/2020;360000
25086;25076;27/05/2020;256000
25087;25077;27/05/2020;620000
25088;25078;27/05/2020;242500
25089;25079;27/05/2020;140000
25090;25080;27/05/2020;228000
25091;25081;27/05/2020;309150
25092;25082;27/05/2020;72000
25093;25083;27/05/2020;449000
25094;25084;27/05/2020;96000
25095;25085;27/05/2020;72500
25096;25086;27/05/2020;142500
25097;25087;27/05/2020;139000
25098;25088;27/05/2020;55000
25099;25089;27/05/2020;97000
25100;25090;27/05/2020;86000
25101;25091;27/05/2020;323500
25102;25092;27/05/2020;160000
25103;25093;27/05/2020;216619
25104;25094;27/05/2020;257000
25105;25095;27/05/2020;190000
25106;25096;27/05/2020;288000
25107;25097;27/05/2020;137500
25108;25098;27/05/2020;92500
25109;25099;27/05/2020;273000
25110;25100;27/05/2020;111000
25111;25101;27/05/2020;112700
25112;25102;27/05/2020;219000
25113;25103;27/05/2020;80000
25114;25104;27/05/2020;76000
25115;25105;27/05/2020;233000
25116;25106;27/05/2020;100000
25117;25107;27/05/2020;166400
25118;25108;27/05/2020;491200
25119;25109;27/05/2020;176900
25120;25110;27/05/2020;179000
25121;25111;27/05/2020;117500
25122;25112;27/05/2020;292000
25123;25113;27/05/2020;464050
25124;25114;27/05/2020;180000
25125;25115;27/05/2020;175000
25126;25116;27/05/2020;310000
25127;25117;27/05/2020;355880
25128;25118;27/05/2020;200000
25129;25119;27/05/2020;178000
25130;25120;27/05/2020;88064
25131;25121;27/05/2020;396000
25132;25122;27/05/2020;323000
25133;25123;27/05/2020;246000
25134;25124;27/05/2020;391300
25135;25125;27/05/2020;123000
25136;25126;27/05/2020;450000
25137;25127;27/05/2020;442750
25138;25128;27/05/2020;224000
25139;25129;27/05/2020;178500
25140;25130;27/05/2020;142000
25141;25131;27/05/2020;85000
25142;25132;27/05/2020;390000
25143;25133;27/05/2020;66500
25144;25134;27/05/2020;38000
25145;25135;27/05/2020;183000
25146;25136;27/05/2020;347500
25147;25137;27/05/2020;387000
25148;25138;27/05/2020;68000
25149;25139;27/05/2020;332500
25150;25140;27/05/2020;113000
25151;25141;27/05/2020;147000
25152;25142;27/05/2020;114600
25153;25143;27/05/2020;60000
25154;25144;27/05/2020;152000
25155;25145;27/05/2020;66000
25156;25146;27/05/2020;75000
25157;25147;27/05/2020;86000
25158;25148;27/05/2020;220000
25159;25149;27/05/2020;60860
25160;25150;27/05/2020;500400
25161;25151;27/05/2020;65000
25162;25152;27/05/2020;334300
25163;25153;27/05/2020;190500
25164;25154;27/05/2020;289000
25165;25155;27/05/2020;275400
25166;25156;27/05/2020;150000
25167;25157;27/05/2020;120000
25168;25158;27/05/2020;96000
25169;25159;27/05/2020;131500
25170;25160;27/05/2020;228775
25171;25161;27/05/2020;80000
25172;25162;27/05/2020;106400
25173;25163;27/05/2020;111000
25174;25164;27/05/2020;296000
25175;25165;27/05/2020;120000
25176;25166;27/05/2020;209000
25177;25167;27/05/2020;187530
25178;25168;27/05/2020;102600
25179;25169;27/05/2020;160000
25180;25170;27/05/2020;149000
25181;25171;27/05/2020;185700
25182;25172;27/05/2020;280000
25183;25173;27/05/2020;328950
25184;25174;27/05/2020;318760
25185;25175;27/05/2020;60600
25186;25176;27/05/2020;417800
25187;25177;27/05/2020;564000
25188;25178;27/05/2020;225000
25189;25179;27/05/2020;240000
25190;25180;27/05/2020;225476
25191;25181;27/05/2020;235000
25192;25182;27/05/2020;286500
25193;25183;27/05/2020;495000
25194;25184;27/05/2020;270000
25195;25185;27/05/2020;190000
25196;25186;27/05/2020;715000
25197;25187;27/05/2020;367000
25198;25188;27/05/2020;1014493
25199;25189;27/05/2020;413600
25200;25190;27/05/2020;2410000
25201;25191;27/05/2020;919700
25202;25192;27/05/2020;800000
25203;25193;27/05/2020;443172
25204;25194;27/05/2020;109875
25205;25195;27/05/2020;311500
25206;25196;27/05/2020;332480
25207;25197;27/05/2020;222600
25208;25198;27/05/2020;650000
25209;25199;27/05/2020;143000
25210;25200;27/05/2020;180000
25211;25201;27/05/2020;212000
25212;25202;27/05/2020;352000
25213;25203;27/05/2020;163405
25214;25204;27/05/2020;247000
25215;25205;27/05/2020;165000
25216;25206;27/05/2020;295000
25217;25207;27/05/2020;240000
25218;25208;27/05/2020;152000
25219;25209;27/05/2020;220000
25220;25210;27/05/2020;145000
25221;25211;27/05/2020;35000
25222;25212;27/05/2020;129000
25223;25213;27/05/2020;138000
25224;25214;27/05/2020;387500
25225;25215;27/05/2020;279500
25226;25216;27/05/2020;182000
25227;25217;27/05/2020;224000
25228;25218;27/05/2020;440000
25229;25219;27/05/2020;153000
25230;25220;27/05/2020;599000
25231;25221;27/05/2020;566500
25232;25222;27/05/2020;160000
25233;25223;27/05/2020;460800
25234;25224;27/05/2020;179000
25235;25225;27/05/2020;179500
25236;25226;27/05/2020;180000
25237;25227;27/05/2020;194500
25238;25228;27/05/2020;235000
25239;25229;27/05/2020;140260
25240;25230;27/05/2020;120000
25241;25231;27/05/2020;230000
25242;25232;27/05/2020;455300
25243;25233;27/05/2020;470000
25244;25234;27/05/2020;435000
25245;25235;27/05/2020;368000
25246;25236;27/05/2020;470000
25247;25237;27/05/2020;482200
25248;25238;27/05/2020;190300
25249;25239;27/05/2020;156458
25250;25240;27/05/2020;690000
25251;25241;27/05/2020;245000
25252;25242;27/05/2020;227000
25253;25243;27/05/2020;159000
25254;25244;27/05/2020;187000
25255;25245;27/05/2020;80315
25256;25246;27/05/2020;140540
25257;25247;27/05/2020;183674
25258;25248;27/05/2020;191835
25259;25249;27/05/2020;155000
25260;25250;27/05/2020;65000
25261;25251;27/05/2020;173000
25262;25252;27/05/2020;260000
25263;25253;27/05/2020;123625
25264;25254;27/05/2020;90000
25265;25255;27/05/2020;170620
25266;25256;27/05/2020;250000
25267;25257;27/05/2020;216000
25268;25258;27/05/2020;352000
25269;25259;27/05/2020;201400
25270;25260;27/05/2020;272000
25271;25261;27/05/2020;135000
25272;25262;27/05/2020;158000
25273;25263;27/05/2020;113000
25274;25264;27/05/2020;168200
25275;25265;27/05/2020;185000
25276;25266;28/05/2020;87000
25277;25267;28/05/2020;27000
25278;25268;28/05/2020;41000
25279;25269;28/05/2020;80000
25280;25270;28/05/2020;125000
25281;25271;28/05/2020;107871
25282;25272;28/05/2020;45500
25283;25273;28/05/2020;85000
25284;25274;28/05/2020;175000
25285;25275;28/05/2020;152000
25286;25276;28/05/2020;475000
25287;25277;28/05/2020;128000
25288;25278;28/05/2020;288000
25289;25279;28/05/2020;127500
25290;25280;28/05/2020;165000
25291;25281;28/05/2020;81300
25292;25282;28/05/2020;167500
25293;25283;28/05/2020;422000
25294;25284;28/05/2020;83000
25295;25285;28/05/2020;136000
25296;25286;28/05/2020;60000
25297;25287;28/05/2020;210000
25298;25288;28/05/2020;145000
25299;25289;28/05/2020;97000
25300;25290;28/05/2020;79000
25301;25291;28/05/2020;84700
25302;25292;28/05/2020;43500
25303;25293;28/05/2020;115000
25304;25294;28/05/2020;180000
25305;25295;28/05/2020;49000
25306;25296;28/05/2020;119000
25307;25297;28/05/2020;48500
25308;25298;28/05/2020;102000
25309;25299;28/05/2020;120000
25310;25300;28/05/2020;224000
25311;25301;28/05/2020;77000
25312;25302;28/05/2020;87000
25313;25303;28/05/2020;66000
25314;25304;28/05/2020;92000
25315;25305;28/05/2020;290000
25316;25306;28/05/2020;65500
25317;25307;28/05/2020;173200
25318;25308;28/05/2020;185000
25319;25309;28/05/2020;60000
25320;25310;28/05/2020;34000
25321;25311;28/05/2020;71000
25322;25312;28/05/2020;33000
25323;25313;28/05/2020;52500
25324;25314;28/05/2020;243000
25325;25315;28/05/2020;32000
25326;25316;28/05/2020;151841
25327;25317;28/05/2020;73000
25328;25318;28/05/2020;70000
25329;25319;28/05/2020;90000
25330;25320;28/05/2020;110000
25331;25321;28/05/2020;134750
25332;25322;28/05/2020;132100
25333;25323;28/05/2020;45500
25334;25324;28/05/2020;98000
25335;25325;28/05/2020;126000
25336;25326;28/05/2020;84000
25337;25327;28/05/2020;58000
25338;25328;28/05/2020;37000
25339;25329;28/05/2020;82000
25340;25330;28/05/2020;68000
25341;25331;28/05/2020;47000
25342;25332;28/05/2020;104000
25343;25333;28/05/2020;34020
25344;25334;28/05/2020;278000
25345;25335;28/05/2020;170000
25346;25336;28/05/2020;205000
25347;25337;28/05/2020;249400
25348;25338;28/05/2020;285000
25349;25339;28/05/2020;208355
25350;25340;28/05/2020;138000
25351;25341;28/05/2020;254500
25352;25342;28/05/2020;159650
25353;25343;28/05/2020;122000
25354;25344;28/05/2020;68500
25355;25345;28/05/2020;70000
25356;25346;28/05/2020;15000
25357;25347;28/05/2020;204410
25358;25348;28/05/2020;270000
25359;25349;28/05/2020;130000
25360;25350;28/05/2020;332000
25361;25351;28/05/2020;122000
25362;25352;28/05/2020;198075
25363;25353;28/05/2020;253000
25364;25354;28/05/2020;247500
25365;25355;28/05/2020;671000
25366;25356;28/05/2020;107000
25367;25357;28/05/2020;181000
25368;25358;28/05/2020;389000
25369;25359;28/05/2020;236000
25370;25360;28/05/2020;224900
25371;25361;28/05/2020;195000
25372;25362;28/05/2020;255000
25373;25363;28/05/2020;210480
25374;25364;28/05/2020;138004
25375;25365;28/05/2020;152000
25376;25366;28/05/2020;138000
25377;25367;28/05/2020;193400
25378;25368;28/05/2020;104500
25379;25369;28/05/2020;241000
25380;25370;28/05/2020;91345
25381;25371;28/05/2020;204604
25382;25372;28/05/2020;140000
25383;25373;28/05/2020;60501
25384;25374;28/05/2020;68000
25385;25375;28/05/2020;58500
25386;25376;28/05/2020;107000
25387;25377;28/05/2020;83500
25388;25378;28/05/2020;149900
25389;25379;28/05/2020;76000
25390;25380;28/05/2020;185000
25391;25381;28/05/2020;166520
25392;25382;28/05/2020;323263
25393;25383;28/05/2020;92000
25394;25384;28/05/2020;148000
25395;25385;28/05/2020;83000
25396;25386;28/05/2020;63000
25397;25387;28/05/2020;187000
25398;25388;28/05/2020;134200
25399;25389;28/05/2020;143700
25400;25390;28/05/2020;82600
25401;25391;28/05/2020;209000
25402;25392;28/05/2020;434000
25403;25393;28/05/2020;88000
25404;25394;28/05/2020;170400
25405;25395;28/05/2020;364500
25406;25396;28/05/2020;124000
25407;25397;28/05/2020;33500
25408;25398;28/05/2020;50800
25409;25399;28/05/2020;141500
25410;25400;28/05/2020;125000
25411;25401;28/05/2020;345000
25412;25402;28/05/2020;320000
25413;25403;28/05/2020;75000
25414;25404;28/05/2020;42000
25415;25405;28/05/2020;106000
25416;25406;28/05/2020;171000
25417;25407;28/05/2020;130500
25418;25408;28/05/2020;120000
25419;25409;28/05/2020;215000
25420;25410;28/05/2020;125000
25421;25411;28/05/2020;155000
25422;25412;28/05/2020;42000
25423;25413;28/05/2020;112000
25424;25414;28/05/2020;119500
25425;25415;28/05/2020;256000
25426;25416;28/05/2020;102800
25427;25417;28/05/2020;96432
25428;25418;28/05/2020;82925
25429;25419;28/05/2020;96000
25430;25420;28/05/2020;55000
25431;25421;28/05/2020;68000
25432;25422;28/05/2020;216500
25433;25423;28/05/2020;479500
25434;25424;28/05/2020;141000
25435;25425;28/05/2020;84000
25436;25426;28/05/2020;117810
25437;25427;28/05/2020;172720
25438;25428;28/05/2020;235500
25439;25429;28/05/2020;177000
25440;25430;28/05/2020;317000
25441;25431;28/05/2020;170000
25442;25432;28/05/2020;181000
25443;25433;28/05/2020;140200
25444;25434;28/05/2020;103500
25445;25435;28/05/2020;42000
25446;25436;28/05/2020;154000
25447;25437;28/05/2020;158000
25448;25438;28/05/2020;58000
25449;25439;28/05/2020;66000
25450;25440;28/05/2020;160000
25451;25441;28/05/2020;64000
25452;25442;28/05/2020;192000
25453;25443;28/05/2020;98000
25454;25444;28/05/2020;125000
25455;25445;28/05/2020;93000
25456;25446;28/05/2020;66000
25457;25447;28/05/2020;169000
25458;25448;28/05/2020;176000
25459;25449;28/05/2020;130800
25460;25450;28/05/2020;63000
25461;25451;28/05/2020;173900
25462;25452;28/05/2020;100000
25463;25453;28/05/2020;59000
25464;25454;28/05/2020;57000
25465;25455;28/05/2020;82000
25466;25456;28/05/2020;93000
25467;25457;28/05/2020;155000
25468;25458;28/05/2020;79000
25469;25459;28/05/2020;124000
25470;25460;28/05/2020;118000
25471;25461;28/05/2020;31200
25472;25462;28/05/2020;21000
25473;25463;28/05/2020;58300
25474;25464;28/05/2020;164190
25475;25465;28/05/2020;139000
25476;25466;28/05/2020;281700
25477;25467;28/05/2020;193500
25478;25468;28/05/2020;214900
25479;25469;28/05/2020;83000
25480;25470;28/05/2020;87500
25481;25471;28/05/2020;147000
25482;25472;28/05/2020;62000
25483;25473;28/05/2020;118980
25484;25474;28/05/2020;64500
25485;25475;28/05/2020;262000
25486;25476;28/05/2020;151000
25487;25477;28/05/2020;95000
25488;25478;28/05/2020;71800
25489;25479;28/05/2020;123000
25490;25480;28/05/2020;75000
25491;25481;28/05/2020;272400
25492;25482;28/05/2020;132500
25493;25483;28/05/2020;40608
25494;25484;28/05/2020;124000
25495;25485;28/05/2020;155900
25496;25486;28/05/2020;280650
25497;25487;28/05/2020;304900
25498;25488;28/05/2020;401800
25499;25489;28/05/2020;90750
25500;25490;28/05/2020;274000
25501;25491;28/05/2020;280500
25502;25492;28/05/2020;24500
25503;25493;28/05/2020;97100
25504;25494;28/05/2020;128550
25505;25495;28/05/2020;290870
25506;25496;28/05/2020;435431
25507;25497;28/05/2020;192140
25508;25498;28/05/2020;155100
25509;25499;28/05/2020;460000
25510;25500;28/05/2020;420000
25511;25501;28/05/2020;242000
25512;25502;28/05/2020;270000
25513;25503;28/05/2020;305600
25514;25504;28/05/2020;147500
25515;25505;28/05/2020;257000
25516;25506;28/05/2020;240000
25517;25507;28/05/2020;184000
25518;25508;28/05/2020;142700
25519;25509;28/05/2020;74000
25520;25510;28/05/2020;60700
25521;25511;28/05/2020;48000
25522;25512;28/05/2020;44250
25523;25513;28/05/2020;37000
25524;25514;28/05/2020;196000
25525;25515;28/05/2020;112000
25526;25516;28/05/2020;237300
25527;25517;28/05/2020;286500
25528;25518;28/05/2020;750000
25529;25519;28/05/2020;349900
25530;25520;28/05/2020;890105
25531;25521;28/05/2020;770000
25532;25522;28/05/2020;730000
25533;25523;28/05/2020;30000
25534;25524;28/05/2020;462470
25535;25525;28/05/2020;1342850
25536;25526;28/05/2020;147000
25537;25527;28/05/2020;150000
25538;25528;28/05/2020;480000
25539;25529;28/05/2020;740000
25540;25530;28/05/2020;4050000
25541;25531;28/05/2020;805000
25542;25532;28/05/2020;210000
25543;25533;28/05/2020;535000
25544;25534;28/05/2020;1120000
25545;25535;28/05/2020;208200
25546;25536;28/05/2020;320000
25547;25537;28/05/2020;1580000
25548;25538;28/05/2020;230000
25549;25539;28/05/2020;197380
25550;25540;28/05/2020;283000
25551;25541;28/05/2020;690000
25552;25542;28/05/2020;105000
25553;25543;28/05/2020;285500
25554;25544;28/05/2020;242685
25555;25545;28/05/2020;721154
25556;25546;28/05/2020;209800
25557;25547;28/05/2020;474000
25558;25548;28/05/2020;369000
25559;25549;28/05/2020;192000
25560;25550;28/05/2020;70000
25561;25551;28/05/2020;538500
25562;25552;28/05/2020;185000
25563;25553;28/05/2020;147000
25564;25554;28/05/2020;182000
25565;25555;28/05/2020;710000
25566;25556;28/05/2020;88506
25567;25557;28/05/2020;170000
25568;25558;28/05/2020;449000
25569;25559;28/05/2020;609400
25570;25560;28/05/2020;369857
25571;25561;28/05/2020;418000
25572;25562;28/05/2020;329000
25573;25563;28/05/2020;2500000
25574;25564;28/05/2020;950000
25575;25565;28/05/2020;1190000
25576;25566;28/05/2020;649260
25577;25567;28/05/2020;385000
25578;25568;28/05/2020;761120
25579;25569;28/05/2020;88500
25580;25570;28/05/2020;198000
25581;25571;28/05/2020;1074850
25582;25572;28/05/2020;408000
25583;25573;28/05/2020;1025000
25584;25574;28/05/2020;1402000
25585;25575;28/05/2020;300000
25586;25576;28/05/2020;585000
25587;25577;28/05/2020;3925000
25588;25578;28/05/2020;2367100
25589;25579;28/05/2020;399000
25590;25580;28/05/2020;950000
25591;25581;28/05/2020;620000
25592;25582;28/05/2020;1003200
25593;25583;28/05/2020;995000
25594;25584;28/05/2020;307000
25595;25585;28/05/2020;398000
25596;25586;28/05/2020;380690
25597;25587;28/05/2020;254350
25598;25588;28/05/2020;255000
25599;25589;28/05/2020;570000
25600;25590;28/05/2020;345000
25601;25591;28/05/2020;357500
25602;25592;28/05/2020;349800
25603;25593;28/05/2020;315000
25604;25594;28/05/2020;278620
25605;25595;28/05/2020;335000
25606;25596;28/05/2020;175000
25607;25597;28/05/2020;165000
25608;25598;28/05/2020;625000
25609;25599;28/05/2020;815000
25610;25600;28/05/2020;364000
25611;25601;28/05/2020;330900
25612;25602;28/05/2020;516200
25613;25603;28/05/2020;125000
25614;25604;28/05/2020;299600
25615;25605;28/05/2020;192000
25616;25606;28/05/2020;29450
25617;25607;28/05/2020;120000
25618;25608;28/05/2020;65000
25619;25609;28/05/2020;26000
25620;25610;28/05/2020;136000
25621;25611;28/05/2020;190850
25622;25612;28/05/2020;144000
25623;25613;28/05/2020;132500
25624;25614;28/05/2020;292000
25625;25615;28/05/2020;238000
25626;25616;28/05/2020;76500
25627;25617;28/05/2020;164725
25628;25618;28/05/2020;310000
25629;25619;28/05/2020;153500
25630;25620;28/05/2020;245000
25631;25621;28/05/2020;144000
25632;25622;28/05/2020;110000
25633;25623;28/05/2020;257143
25634;25624;28/05/2020;110000
25635;25624;08/06/2020;112000
25636;25625;28/05/2020;262000
25637;25626;28/05/2020;229600
25638;25627;28/05/2020;218000
25639;25628;28/05/2020;172000
25640;25629;28/05/2020;269900
25641;25630;28/05/2020;192500
25642;25631;28/05/2020;170000
25643;25632;28/05/2020;136000
25644;25633;28/05/2020;163000
25645;25634;28/05/2020;67500
25646;25635;28/05/2020;221450
25647;25636;28/05/2020;200000
25648;25637;28/05/2020;207000
25649;25638;28/05/2020;1159420
25650;25639;28/05/2020;410570
25651;25640;28/05/2020;110000
25652;25641;28/05/2020;154000
25653;25642;28/05/2020;422700
25654;25643;28/05/2020;394000
25655;25644;28/05/2020;59000
25656;25645;28/05/2020;444500
25657;25646;28/05/2020;95000
25658;25647;28/05/2020;463800
25659;25648;28/05/2020;37493
25660;25649;28/05/2020;339120
25661;25650;28/05/2020;67200
25662;25651;28/05/2020;185000
25663;25652;28/05/2020;81400
25664;25653;28/05/2020;272000
25665;25654;28/05/2020;212650
25666;25655;28/05/2020;179000
25667;25656;28/05/2020;75000
25668;25657;28/05/2020;127300
25669;25658;28/05/2020;247000
25670;25659;28/05/2020;775350
25671;25660;28/05/2020;196500
25672;25661;28/05/2020;285000
25673;25662;28/05/2020;430000
25674;25663;28/05/2020;297000
25675;25664;28/05/2020;53000
25676;25665;28/05/2020;59000
25677;25666;28/05/2020;154585
25678;25667;28/05/2020;85000
25679;25668;28/05/2020;139480
25680;25669;28/05/2020;229000
25681;25670;28/05/2020;295000
25682;25671;28/05/2020;233000
25683;25672;28/05/2020;385500
25684;25673;28/05/2020;260000
25685;25674;28/05/2020;148800
25686;25675;28/05/2020;73500
25687;25676;28/05/2020;100000
25688;25677;28/05/2020;138600
25689;25678;28/05/2020;109900
25690;25679;28/05/2020;148000
25691;25680;28/05/2020;300000
25692;25681;28/05/2020;118800
25693;25682;28/05/2020;149000
25694;25683;28/05/2020;115000
25695;25684;28/05/2020;330000
25696;25685;28/05/2020;307050
25697;25686;28/05/2020;59000
25698;25687;28/05/2020;235500
25699;25688;28/05/2020;68500
25700;25689;28/05/2020;101000
25701;25690;28/05/2020;284000
25702;25691;28/05/2020;456000
25703;25692;28/05/2020;270800
25704;25693;28/05/2020;99000
25705;25694;28/05/2020;95000
25706;25695;28/05/2020;293390
25707;25696;28/05/2020;205000
25708;25697;28/05/2020;71400
25709;25698;28/05/2020;79500
25710;25699;28/05/2020;58388
25711;25700;28/05/2020;38000
25712;25701;28/05/2020;46000
25713;25702;28/05/2020;52000
25714;25703;28/05/2020;124500
25715;25704;28/05/2020;306000
25716;25705;28/05/2020;80000
25717;25706;28/05/2020;175975
25718;25707;28/05/2020;215000
25719;25708;28/05/2020;104000
25720;25709;28/05/2020;127000
25721;25710;28/05/2020;201000
25722;25711;28/05/2020;85700
25723;25712;28/05/2020;312000
25724;25713;28/05/2020;161000
25725;25714;28/05/2020;151100
25726;25715;28/05/2020;145000
25727;25716;28/05/2020;68500
25728;25717;28/05/2020;220000
25729;25718;28/05/2020;349665
25730;25719;28/05/2020;316000
25731;25720;28/05/2020;225000
25732;25721;28/05/2020;245200
25733;25722;28/05/2020;268000
25734;25723;28/05/2020;520000
25735;25724;28/05/2020;640000
25736;25725;28/05/2020;211500
25737;25726;28/05/2020;220000
25738;25727;28/05/2020;617000
25739;25728;28/05/2020;490980
25740;25729;28/05/2020;367800
25741;25730;28/05/2020;795000
25742;25731;28/05/2020;3370000
25743;25732;28/05/2020;2655000
25744;25733;28/05/2020;195000
25745;25734;28/05/2020;169500
25746;25735;28/05/2020;279700
25747;25736;28/05/2020;198500
25748;25737;28/05/2020;120500
25749;25738;28/05/2020;107000
25750;25739;28/05/2020;215000
25751;25740;28/05/2020;150150
25752;25741;28/05/2020;276000
25753;25742;28/05/2020;395000
25754;25743;28/05/2020;99500
25755;25744;28/05/2020;121000
25756;25745;28/05/2020;308000
25757;25746;28/05/2020;242500
25758;25747;28/05/2020;290000
25759;25748;28/05/2020;62500
25760;25749;28/05/2020;211200
25761;25750;28/05/2020;80000
25762;25751;28/05/2020;86000
25763;25752;28/05/2020;170000
25764;25753;28/05/2020;232000
25765;25754;28/05/2020;86000
25766;25755;28/05/2020;180000
25767;25756;28/05/2020;363000
25768;25757;28/05/2020;481900
25769;25758;28/05/2020;185000
25770;25759;28/05/2020;262000
25771;25760;28/05/2020;210000
25772;25761;28/05/2020;231000
25773;25762;28/05/2020;151100
25774;25763;28/05/2020;280000
25775;25764;28/05/2020;250100
25776;25765;28/05/2020;137500
25777;25766;28/05/2020;161577
25778;25767;28/05/2020;159000
25779;25768;28/05/2020;207200
25780;25769;28/05/2020;469000
25781;25770;28/05/2020;177650
25782;25771;28/05/2020;177000
25783;25772;28/05/2020;275000
25784;25773;28/05/2020;130000
25785;25774;28/05/2020;208380
25786;25775;28/05/2020;375000
25787;25776;28/05/2020;120000
25788;25777;28/05/2020;300000
25789;25778;28/05/2020;159505
25790;25779;28/05/2020;495000
25791;25780;28/05/2020;158000
25792;25781;28/05/2020;455000
25793;25782;28/05/2020;440000
25794;25783;28/05/2020;349000
25795;25784;28/05/2020;360000
25796;25785;28/05/2020;510000
25797;25786;28/05/2020;298260
25798;25787;28/05/2020;325000
25799;25788;28/05/2020;369350
25800;25789;28/05/2020;466400
25801;25790;28/05/2020;110000
25802;25791;28/05/2020;236000
25803;25792;28/05/2020;237802
25804;25793;28/05/2020;269000
25805;25794;28/05/2020;145000
25806;25795;28/05/2020;200000
25807;25796;28/05/2020;125000
25808;25797;28/05/2020;167000
25809;25798;28/05/2020;230000
25810;25799;28/05/2020;149650
25811;25800;28/05/2020;227450
25812;25801;28/05/2020;250000
25813;25802;28/05/2020;130000
25814;25803;28/05/2020;186300
25815;25804;28/05/2020;197100
25816;25805;28/05/2020;152500
25817;25806;28/05/2020;210000
25818;25807;28/05/2020;123000
25819;25808;28/05/2020;188000
25820;25809;28/05/2020;285000
25821;25810;28/05/2020;173000
25822;25811;28/05/2020;255000
25823;25812;28/05/2020;183000
25824;25813;28/05/2020;195000
25825;25814;29/05/2020;371550
25826;25815;29/05/2020;193700
25827;25816;29/05/2020;151000
25828;25817;29/05/2020;137000
25829;25818;29/05/2020;55500
25830;25819;29/05/2020;63000
25831;25820;29/05/2020;45710
25832;25821;29/05/2020;55500
25833;25822;29/05/2020;60000
25834;25823;29/05/2020;59800
25835;25824;29/05/2020;148000
25836;25825;29/05/2020;23000
25837;25826;29/05/2020;65500
25838;25827;29/05/2020;39000
25839;25828;29/05/2020;383800
25840;25829;29/05/2020;96000
25841;25830;29/05/2020;527000
25842;25831;29/05/2020;202000
25843;25832;29/05/2020;282000
25844;25833;29/05/2020;173000
25845;25834;29/05/2020;292000
25846;25835;29/05/2020;117500
25847;25836;29/05/2020;387000
25848;25837;29/05/2020;140000
25849;25838;29/05/2020;165000
25850;25839;29/05/2020;90000
25851;25840;29/05/2020;172000
25852;25841;29/05/2020;150000
25853;25842;29/05/2020;122500
25854;25843;29/05/2020;563000
25855;25844;29/05/2020;810000
25856;25845;29/05/2020;148750
25857;25846;29/05/2020;66000
25858;25847;29/05/2020;317000
25859;25848;29/05/2020;52000
25860;25849;29/05/2020;770500
25861;25850;29/05/2020;100000
25862;25851;29/05/2020;67000
25863;25852;29/05/2020;120000
25864;25853;29/05/2020;130000
25865;25854;29/05/2020;3000
25866;25855;29/05/2020;617000
25867;25856;29/05/2020;123500
25868;25857;29/05/2020;53000
25869;25858;29/05/2020;147000
25870;25859;29/05/2020;135000
25871;25860;29/05/2020;105000
25872;25861;29/05/2020;53070
25873;25862;29/05/2020;49000
25874;25863;29/05/2020;82000
25875;25864;29/05/2020;132000
25876;25865;29/05/2020;54000
25877;25866;29/05/2020;39000
25878;25867;29/05/2020;90000
25879;25868;29/05/2020;78860
25880;25869;29/05/2020;59000
25881;25870;29/05/2020;55000
25882;25871;29/05/2020;127800
25883;25872;29/05/2020;136520
25884;25873;29/05/2020;118000
25885;25874;29/05/2020;63150
25886;25875;29/05/2020;145000
25887;25876;29/05/2020;800000
25888;25877;29/05/2020;235000
25889;25878;29/05/2020;73909
25890;25879;29/05/2020;100000
25891;25880;29/05/2020;186900
25892;25881;29/05/2020;140000
25893;25882;29/05/2020;153000
25894;25883;29/05/2020;285000
25895;25884;29/05/2020;93957
25896;25885;29/05/2020;90000
25897;25886;29/05/2020;61000
25898;25887;29/05/2020;116000
25899;25888;29/05/2020;88000
25900;25889;29/05/2020;202230
25901;25890;29/05/2020;120000
25902;25891;29/05/2020;115000
25903;25892;29/05/2020;95500
25904;25893;29/05/2020;84000
25905;25894;29/05/2020;181000
25906;25895;29/05/2020;70000
25907;25896;29/05/2020;74500
25908;25897;29/05/2020;122000
25909;25898;29/05/2020;113000
25910;25899;29/05/2020;57000
25911;25900;29/05/2020;60400
25912;25901;29/05/2020;63000
25913;25902;29/05/2020;430000
25914;25903;29/05/2020;41500
25915;25904;29/05/2020;32000
25916;25905;29/05/2020;112605
25917;25906;29/05/2020;105000
25918;25907;29/05/2020;49000
25919;25908;29/05/2020;80900
25920;25909;29/05/2020;128000
25921;25910;29/05/2020;126940
25922;25911;29/05/2020;59000
25923;25912;29/05/2020;146950
25924;25913;29/05/2020;137000
25925;25914;29/05/2020;80000
25926;25915;29/05/2020;49000
25927;25916;29/05/2020;30500
25928;25917;29/05/2020;195000
25929;25918;29/05/2020;186800
25930;25919;29/05/2020;79062
25931;25920;29/05/2020;97000
25932;25921;29/05/2020;90000
25933;25922;29/05/2020;69500
25934;25923;29/05/2020;66500
25935;25924;29/05/2020;51000
25936;25925;29/05/2020;60000
25937;25926;29/05/2020;63000
25938;25927;29/05/2020;92000
25939;25928;29/05/2020;31000
25940;25929;29/05/2020;137000
25941;25930;29/05/2020;115000
25942;25931;29/05/2020;172000
25943;25932;29/05/2020;80000
25944;25933;29/05/2020;195000
25945;25934;29/05/2020;82000
25946;25935;29/05/2020;150700
25947;25936;29/05/2020;107000
25948;25937;29/05/2020;67860
25949;25938;29/05/2020;295000
25950;25939;29/05/2020;62000
25951;25940;29/05/2020;152000
25952;25941;29/05/2020;84000
25953;25942;29/05/2020;161500
25954;25943;29/05/2020;58500
25955;25944;29/05/2020;349000
25956;25945;29/05/2020;251220
25957;25946;29/05/2020;104000
25958;25947;29/05/2020;240000
25959;25948;29/05/2020;68000
25960;25949;29/05/2020;98225
25961;25950;29/05/2020;116000
25962;25951;29/05/2020;248700
25963;25952;29/05/2020;55000
25964;25953;29/05/2020;143500
25965;25954;29/05/2020;230000
25966;25955;29/05/2020;246000
25967;25956;29/05/2020;228000
25968;25957;29/05/2020;282000
25969;25958;29/05/2020;293600
25970;25959;29/05/2020;156200
25971;25960;29/05/2020;163000
25972;25961;29/05/2020;563000
25973;25962;29/05/2020;212000
25974;25963;29/05/2020;303585
25975;25964;29/05/2020;307500
25976;25965;29/05/2020;419000
25977;25966;29/05/2020;247000
25978;25967;29/05/2020;261000
25979;25968;29/05/2020;155000
25980;25969;29/05/2020;190000
25981;25970;29/05/2020;272300
25982;25971;29/05/2020;94787
25983;25972;29/05/2020;100000
25984;25973;29/05/2020;165861
25985;25974;29/05/2020;115000
25986;25975;29/05/2020;713810
25987;25976;29/05/2020;1096150
25988;25977;29/05/2020;110000
25989;25978;29/05/2020;170000
25990;25979;29/05/2020;225000
25991;25980;29/05/2020;100000
25992;25981;29/05/2020;115700
25993;25982;29/05/2020;195130
25994;25983;29/05/2020;184500
25995;25984;29/05/2020;85500
25996;25985;29/05/2020;118000
25997;25986;29/05/2020;39000
25998;25987;29/05/2020;47000
25999;25988;29/05/2020;116220
26000;25989;29/05/2020;81000
26001;25990;29/05/2020;127000
26002;25991;29/05/2020;380000
26003;25992;29/05/2020;108700
26004;25993;29/05/2020;287000
26005;25994;29/05/2020;62000
26006;25995;29/05/2020;40000
26007;25996;29/05/2020;122400
26008;25997;29/05/2020;319800
26009;25998;29/05/2020;153000
26010;25999;29/05/2020;190000
26011;26000;29/05/2020;52000
26012;26001;29/05/2020;163000
26013;26002;29/05/2020;199000
26014;26003;29/05/2020;272000
26015;26004;29/05/2020;115000
26016;26005;29/05/2020;242500
26017;26006;29/05/2020;162000
26018;26007;29/05/2020;98000
26019;26008;29/05/2020;122500
26020;26009;29/05/2020;129290
26021;26010;29/05/2020;54800
26022;26011;29/05/2020;170000
26023;26012;29/05/2020;125000
26024;26013;29/05/2020;170000
26025;26014;29/05/2020;45000
26026;26015;29/05/2020;87500
26027;26016;29/05/2020;98500
26028;26017;29/05/2020;130000
26029;26018;29/05/2020;205000
26030;26019;29/05/2020;79000
26031;26020;29/05/2020;85500
26032;26021;29/05/2020;190750
26033;26022;29/05/2020;149000
26034;26023;29/05/2020;332500
26035;26024;29/05/2020;92000
26036;26025;29/05/2020;367000
26037;26026;29/05/2020;50350
26038;26027;29/05/2020;112300
26039;26028;29/05/2020;82500
26040;26029;29/05/2020;28500
26041;26030;29/05/2020;54600
26042;26031;29/05/2020;71500
26043;26032;29/05/2020;199000
26044;26033;29/05/2020;212150
26045;26034;29/05/2020;75000
26046;26035;29/05/2020;123870
26047;26036;29/05/2020;59200
26048;26037;29/05/2020;83000
26049;26038;29/05/2020;35000
26050;26039;29/05/2020;15500
26051;26040;29/05/2020;56000
26052;26041;29/05/2020;76000
26053;26042;29/05/2020;41000
26054;26043;29/05/2020;129000
26055;26044;29/05/2020;36000
26056;26045;29/05/2020;100800
26057;26046;29/05/2020;110000
26058;26047;29/05/2020;65820
26059;26048;29/05/2020;160000
26060;26049;29/05/2020;271000
26061;26050;29/05/2020;152700
26062;26051;29/05/2020;404000
26063;26052;29/05/2020;88000
26064;26053;29/05/2020;365000
26065;26054;29/05/2020;167085
26066;26055;29/05/2020;98900
26067;26056;29/05/2020;98020
26068;26057;29/05/2020;97295
26069;26058;29/05/2020;63000
26070;26059;29/05/2020;85000
26071;26060;29/05/2020;189599
26072;26061;29/05/2020;210000
26073;26062;29/05/2020;96450
26074;26063;29/05/2020;329000
26075;26064;29/05/2020;148000
26076;26065;29/05/2020;132000
26077;26066;29/05/2020;121000
26078;26067;29/05/2020;104000
26079;26068;29/05/2020;93000
26080;26069;29/05/2020;100000
26081;26070;29/05/2020;181000
26082;26071;29/05/2020;195000
26083;26072;29/05/2020;35000
26084;26073;29/05/2020;63000
26085;26074;29/05/2020;249100
26086;26075;29/05/2020;71000
26087;26076;29/05/2020;76280
26088;26077;29/05/2020;93000
26089;26078;29/05/2020;128000
26090;26079;29/05/2020;76900
26091;26080;29/05/2020;153000
26092;26081;29/05/2020;16991
26093;26082;29/05/2020;101770
26094;26083;29/05/2020;17500
26095;26084;29/05/2020;60000
26096;26085;29/05/2020;184700
26097;26086;29/05/2020;81000
26098;26087;29/05/2020;122350
26099;26088;29/05/2020;110000
26100;26089;29/05/2020;42000
26101;26090;29/05/2020;63500
26102;26091;29/05/2020;42000
26103;26092;29/05/2020;184000
26104;26093;29/05/2020;157717
26105;26094;29/05/2020;47500
26106;26095;29/05/2020;53500
26107;26096;29/05/2020;59265
26108;26097;29/05/2020;139000
26109;26098;29/05/2020;102000
26110;26099;29/05/2020;115000
26111;26100;29/05/2020;31000
26112;26101;29/05/2020;47000
26113;26102;29/05/2020;110000
26114;26103;29/05/2020;99640
26115;26104;29/05/2020;45000
26116;26105;29/05/2020;54000
26117;26106;29/05/2020;93500
26118;26107;29/05/2020;890000
26119;26108;29/05/2020;150000
26120;26109;29/05/2020;229000
26121;26110;29/05/2020;85000
26122;26111;29/05/2020;84000
26123;26112;29/05/2020;97000
26124;26113;29/05/2020;67000
26125;26114;29/05/2020;61500
26126;26115;29/05/2020;115000
26127;26116;29/05/2020;97500
26128;26117;29/05/2020;145000
26129;26118;29/05/2020;107000
26130;26119;29/05/2020;56000
26131;26120;29/05/2020;84000
26132;26121;29/05/2020;91000
26133;26122;29/05/2020;107000
26134;26123;29/05/2020;207000
26135;26124;29/05/2020;484800
26136;26125;29/05/2020;169000
26137;26126;29/05/2020;120280
26138;26127;29/05/2020;128500
26139;26128;29/05/2020;226150
26140;26129;29/05/2020;135500
26141;26130;29/05/2020;232750
26142;26131;29/05/2020;69500
26143;26132;29/05/2020;73200
26144;26133;29/05/2020;85000
26145;26134;29/05/2020;68000
26146;26135;29/05/2020;367550
26147;26136;29/05/2020;93000
26148;26137;29/05/2020;193000
26149;26138;29/05/2020;101000
26150;26139;29/05/2020;85000
26151;26140;29/05/2020;287590
26152;26141;29/05/2020;139000
26153;26142;29/05/2020;95000
26154;26143;29/05/2020;215000
26155;26144;29/05/2020;107000
26156;26145;29/05/2020;83000
26157;26146;29/05/2020;35000
26158;26147;29/05/2020;55000
26159;26148;29/05/2020;221000
26160;26149;29/05/2020;139500
26161;26150;29/05/2020;356000
26162;26151;29/05/2020;53000
26163;26152;29/05/2020;261000
26164;26153;29/05/2020;116000
26165;26154;29/05/2020;74000
26166;26155;29/05/2020;265000
26167;26156;29/05/2020;147000
26168;26157;29/05/2020;184340
26169;26158;29/05/2020;168000
26170;26159;29/05/2020;70000
26171;26160;29/05/2020;63000
26172;26161;29/05/2020;49000
26173;26162;29/05/2020;41885
26174;26163;29/05/2020;48000
26175;26164;29/05/2020;210865
26176;26165;29/05/2020;155000
26177;26166;29/05/2020;100000
26178;26167;29/05/2020;54000
26179;26168;29/05/2020;95000
26180;26169;29/05/2020;154000
26181;26170;29/05/2020;116500
26182;26171;29/05/2020;41690
26183;26172;29/05/2020;62000
26184;26173;29/05/2020;65500
26185;26174;29/05/2020;84000
26186;26175;29/05/2020;48000
26187;26176;29/05/2020;139100
26188;26177;29/05/2020;145850
26189;26178;29/05/2020;214000
26190;26179;29/05/2020;218000
26191;26180;29/05/2020;83660
26192;26181;29/05/2020;138000
26193;26182;29/05/2020;145000
26194;26183;29/05/2020;216500
26195;26184;29/05/2020;30000
26196;26185;29/05/2020;175000
26197;26186;29/05/2020;342000
26198;26187;29/05/2020;221200
26199;26188;29/05/2020;252900
26200;26189;29/05/2020;134500
26201;26190;29/05/2020;197280
26202;26191;29/05/2020;314900
26203;26192;29/05/2020;135000
26204;26193;29/05/2020;642300
26205;26194;29/05/2020;187835
26206;26195;29/05/2020;440000
26207;26196;29/05/2020;106000
26208;26197;29/05/2020;91200
26209;26198;29/05/2020;100000
26210;26199;29/05/2020;180000
26211;26200;29/05/2020;145050
26212;26201;29/05/2020;170000
26213;26202;29/05/2020;202000
26214;26203;29/05/2020;175000
26215;26204;29/05/2020;140000
26216;26205;29/05/2020;275000
26217;26206;29/05/2020;674380
26218;26207;29/05/2020;185436
26219;26208;29/05/2020;969550
26220;26209;29/05/2020;220000
26221;26210;29/05/2020;170100
26222;26211;29/05/2020;351900
26223;26212;29/05/2020;160500
26224;26213;29/05/2020;426430
26225;26214;29/05/2020;385000
26226;26215;29/05/2020;511700
26227;26216;29/05/2020;532000
26228;26217;29/05/2020;366500
26229;26218;29/05/2020;830000
26230;26219;29/05/2020;231000
26231;26220;29/05/2020;169000
26232;26221;29/05/2020;194000
26233;26222;29/05/2020;107000
26234;26223;29/05/2020;93000
26235;26224;29/05/2020;469000
26236;26225;29/05/2020;323500
26237;26226;29/05/2020;21500
26238;26227;29/05/2020;53000
26239;26228;29/05/2020;123500
26240;26229;29/05/2020;75000
26241;26230;29/05/2020;213400
26242;26231;29/05/2020;320000
26243;26232;29/05/2020;265000
26244;26233;29/05/2020;263000
26245;26234;29/05/2020;218670
26246;26235;29/05/2020;102000
26247;26236;29/05/2020;175000
26248;26237;29/05/2020;1848000
26249;26238;29/05/2020;583000
26250;26239;29/05/2020;1160000
26251;26240;29/05/2020;800000
26252;26241;29/05/2020;208000
26253;26242;29/05/2020;915000
26254;26243;29/05/2020;655000
26255;26244;29/05/2020;199000
26256;26245;29/05/2020;480500
26257;26246;29/05/2020;465500
26258;26247;29/05/2020;743200
26259;26248;29/05/2020;242000
26260;26249;29/05/2020;387000
26261;26250;29/05/2020;1500000
26262;26251;29/05/2020;550000
26263;26252;29/05/2020;688800
26264;26253;29/05/2020;2600000
26265;26254;29/05/2020;908000
26266;26255;29/05/2020;182000
26267;26256;29/05/2020;175000
26268;26257;29/05/2020;350000
26269;26258;29/05/2020;180000
26270;26259;29/05/2020;555000
26271;26260;29/05/2020;194400
26272;26261;29/05/2020;115000
26273;26262;29/05/2020;685290
26274;26263;29/05/2020;170500
26275;26264;29/05/2020;295000
26276;26265;29/05/2020;160880
26277;26266;29/05/2020;328800
26278;26267;29/05/2020;525000
26279;26268;29/05/2020;685000
26280;26269;29/05/2020;122100
26281;26270;29/05/2020;630000
26282;26271;29/05/2020;249000
26283;26272;29/05/2020;293000
26284;26273;29/05/2020;285000
26285;26274;29/05/2020;450000
26286;26275;29/05/2020;462700
26287;26276;29/05/2020;1036000
26288;26277;29/05/2020;295000
26289;26278;29/05/2020;507000
26290;26279;29/05/2020;260000
26291;26280;29/05/2020;365000
26292;26281;29/05/2020;724150
26293;26282;29/05/2020;379000
26294;26283;29/05/2020;545000
26295;26284;29/05/2020;450000
26296;26285;29/05/2020;491000
26297;26286;29/05/2020;250000
26298;26287;29/05/2020;515000
26299;26288;29/05/2020;178800
26300;26289;29/05/2020;534000
26301;26290;29/05/2020;327000
26302;26291;29/05/2020;352200
26303;26292;29/05/2020;155452
26304;26293;29/05/2020;347000
26305;26294;29/05/2020;322000
26306;26295;29/05/2020;332300
26307;26296;29/05/2020;750000
26308;26297;29/05/2020;570788
26309;26298;29/05/2020;298000
26310;26299;29/05/2020;275000
26311;26300;29/05/2020;230000
26312;26301;29/05/2020;752500
26313;26302;29/05/2020;515000
26314;26303;29/05/2020;1060000
26315;26304;29/05/2020;816000
26316;26305;29/05/2020;595000
26317;26306;29/05/2020;330000
26318;26307;29/05/2020;1960000
26319;26308;29/05/2020;1848000
26320;26309;29/05/2020;1349500
26321;26310;29/05/2020;617800
26322;26311;29/05/2020;502000
26323;26312;29/05/2020;190000
26324;26313;29/05/2020;823050
26325;26314;29/05/2020;1220000
26326;26315;29/05/2020;1120000
26327;26316;29/05/2020;1635000
26328;26317;29/05/2020;1705000
26329;26318;29/05/2020;565000
26330;26319;29/05/2020;548000
26331;26320;29/05/2020;580000
26332;26321;29/05/2020;414000
26333;26322;29/05/2020;717900
26334;26323;29/05/2020;279000
26335;26324;29/05/2020;435000
26336;26325;29/05/2020;2090100
26337;26326;29/05/2020;275000
26338;26327;29/05/2020;611000
26339;26328;29/05/2020;601000
26340;26329;29/05/2020;458250
26341;26330;29/05/2020;1155000
26342;26331;29/05/2020;507900
26343;26332;29/05/2020;298000
26344;26333;29/05/2020;826250
26345;26334;29/05/2020;351605
26346;26335;29/05/2020;269000
26347;26336;29/05/2020;437900
26348;26337;29/05/2020;552381
26349;26338;29/05/2020;575000
26350;26339;29/05/2020;710000
26351;26340;29/05/2020;221900
26352;26341;29/05/2020;840000
26353;26342;29/05/2020;337000
26354;26343;29/05/2020;467000
26355;26344;29/05/2020;192000
26356;26345;29/05/2020;588000
26357;26346;29/05/2020;382000
26358;26347;29/05/2020;617880
26359;26348;29/05/2020;393600
26360;26349;29/05/2020;439000
26361;26350;29/05/2020;120000
26362;26351;29/05/2020;195000
26363;26352;29/05/2020;238000
26364;26353;29/05/2020;490000
26365;26354;29/05/2020;470000
26366;26355;29/05/2020;335000
26367;26356;29/05/2020;385000
26368;26357;29/05/2020;300500
26369;26358;29/05/2020;834938
26370;26359;29/05/2020;394000
26371;26360;29/05/2020;155000
26372;26361;29/05/2020;418500
26373;26362;29/05/2020;217000
26374;26363;29/05/2020;443000
26375;26364;29/05/2020;1100000
26376;26365;29/05/2020;350000
26377;26366;29/05/2020;633383
26378;26367;29/05/2020;374000
26379;26368;29/05/2020;586745
26380;26369;29/05/2020;105000
26381;26370;29/05/2020;118000
26382;26371;29/05/2020;50000
26383;26372;29/05/2020;199000
26384;26373;29/05/2020;83000
26385;26374;29/05/2020;134000
26386;26375;29/05/2020;253500
26387;26376;29/05/2020;288000
26388;26377;29/05/2020;52000
26389;26378;29/05/2020;114000
26390;26379;29/05/2020;43200
26391;26380;29/05/2020;65980
26392;26381;29/05/2020;168000
26393;26382;29/05/2020;121800
26394;26383;29/05/2020;71650
26395;26384;29/05/2020;115000
26396;26385;29/05/2020;220000
26397;26386;29/05/2020;208000
26398;26387;29/05/2020;260000
26399;26388;29/05/2020;405000
26400;26389;29/05/2020;189000
26401;26390;29/05/2020;154000
26402;26391;29/05/2020;149900
26403;26392;29/05/2020;167000
26404;26393;29/05/2020;160000
26405;26394;29/05/2020;130000
26406;26395;29/05/2020;254830
26407;26396;29/05/2020;72000
26408;26397;29/05/2020;102000
26409;26398;29/05/2020;225000
26410;26399;29/05/2020;215000
26411;26400;29/05/2020;156000
26412;26401;29/05/2020;350000
26413;26402;29/05/2020;310000
26414;26403;29/05/2020;143000
26415;26404;29/05/2020;132000
26416;26405;29/05/2020;334000
26417;26406;29/05/2020;115000
26418;26407;29/05/2020;307000
26419;26408;29/05/2020;189000
26420;26409;29/05/2020;270000
26421;26410;29/05/2020;257000
26422;26411;29/05/2020;470000
26423;26412;29/05/2020;309000
26424;26413;29/05/2020;137000
26425;26414;29/05/2020;186500
26426;26415;29/05/2020;218940
26427;26416;29/05/2020;191000
26428;26417;29/05/2020;178000
26429;26418;29/05/2020;109000
26430;26419;29/05/2020;197000
26431;26420;29/05/2020;114000
26432;26421;29/05/2020;109257
26433;26422;29/05/2020;198000
26434;26423;29/05/2020;355000
26435;26424;29/05/2020;173000
26436;26425;29/05/2020;277000
26437;26426;29/05/2020;181000
26438;26427;29/05/2020;599500
26439;26428;29/05/2020;159000
26440;26429;29/05/2020;763700
26441;26430;29/05/2020;250000
26442;26431;29/05/2020;261200
26443;26432;29/05/2020;220000
26444;26433;29/05/2020;238500
26445;26434;29/05/2020;463000
26446;26435;29/05/2020;120000
26447;26436;29/05/2020;384480
26448;26437;29/05/2020;416700
26449;26438;29/05/2020;95000
26450;26439;29/05/2020;185000
26451;26440;29/05/2020;330000
26452;26441;29/05/2020;334000
26453;26442;29/05/2020;397310
26454;26443;29/05/2020;220630
26455;26444;29/05/2020;69000
26456;26445;29/05/2020;158000
26457;26446;29/05/2020;274700
26458;26447;29/05/2020;111802
26459;26448;29/05/2020;435000
26460;26449;29/05/2020;143250
26461;26450;29/05/2020;140400
26462;26451;29/05/2020;142000
26463;26452;29/05/2020;176000
26464;26453;29/05/2020;239000
26465;26454;29/05/2020;150000
26466;26455;29/05/2020;167000
26467;26456;29/05/2020;145550
26468;26457;29/05/2020;167500
26469;26458;29/05/2020;279360
26470;26459;29/05/2020;290000
26471;26460;29/05/2020;380000
26472;26461;29/05/2020;289000
26473;26462;29/05/2020;310000
26474;26463;29/05/2020;360000
26475;26464;29/05/2020;229000
26476;26465;29/05/2020;315000
26477;26466;29/05/2020;93850
26478;26467;29/05/2020;77000
26479;26468;29/05/2020;63000
26480;26469;29/05/2020;56500
26481;26470;29/05/2020;80000
26482;26471;29/05/2020;26000
26483;26472;29/05/2020;195000
26484;26473;29/05/2020;122750
26485;26474;29/05/2020;137000
26486;26475;29/05/2020;185000
26487;26476;29/05/2020;65000
26488;26477;29/05/2020;88000
26489;26478;29/05/2020;124000
26490;26479;29/05/2020;70000
26491;26480;29/05/2020;540000
26492;26481;29/05/2020;76500
26493;26482;29/05/2020;120000
26494;26483;29/05/2020;160000
26495;26484;29/05/2020;153000
26496;26485;29/05/2020;259000
26497;26486;29/05/2020;233000
26498;26487;29/05/2020;141500
26499;26488;29/05/2020;213000
26500;26489;29/05/2020;94000
26501;26490;29/05/2020;263000
26502;26491;29/05/2020;294500
26503;26492;29/05/2020;314000
26504;26493;29/05/2020;92500
26505;26494;29/05/2020;92000
26506;26495;29/05/2020;64500
26507;26496;29/05/2020;111000
26508;26497;29/05/2020;157000
26509;26498;29/05/2020;415000
26510;26499;29/05/2020;108000
26511;26500;29/05/2020;164000
26512;26501;29/05/2020;143000
26513;26502;29/05/2020;92000
26514;26503;29/05/2020;31000
26515;26504;29/05/2020;81700
26516;26505;29/05/2020;52300
26517;26506;29/05/2020;77400
26518;26507;29/05/2020;74000
26519;26508;29/05/2020;55500
26520;26509;29/05/2020;87000
26521;26510;29/05/2020;50000
26522;26511;29/05/2020;97000
26523;26512;29/05/2020;224500
26524;26513;29/05/2020;106470
26525;26514;29/05/2020;68000
26526;26515;29/05/2020;79900
26527;26516;29/05/2020;85000
26528;26517;29/05/2020;110000
26529;26518;29/05/2020;335000
26530;26519;29/05/2020;242550
26531;26520;29/05/2020;137600
26532;26521;29/05/2020;127000
26533;26522;29/05/2020;120000
26534;26523;29/05/2020;133300
26535;26524;29/05/2020;85000
26536;26525;29/05/2020;135000
26537;26526;29/05/2020;78000
26538;26527;29/05/2020;126500
26539;26528;29/05/2020;180000
26540;26529;29/05/2020;138000
26541;26530;29/05/2020;116000
26542;26531;29/05/2020;80000
26543;26532;29/05/2020;185000
26544;26533;29/05/2020;363700
26545;26534;29/05/2020;147000
26546;26535;29/05/2020;182000
26547;26536;29/05/2020;168000
26548;26537;29/05/2020;503600
26549;26538;29/05/2020;153000
26550;26539;29/05/2020;173000
26551;26540;29/05/2020;333400
26552;26541;29/05/2020;186990
26553;26542;29/05/2020;177000
26554;26543;29/05/2020;143000
26555;26544;29/05/2020;209000
26556;26545;29/05/2020;225000
26557;26546;29/05/2020;131000
26558;26547;29/05/2020;113500
26559;26548;29/05/2020;304130
26560;26549;29/05/2020;260000
26561;26550;29/05/2020;300000
26562;26551;29/05/2020;396000
26563;26552;29/05/2020;334800
26564;26553;29/05/2020;371000
26565;26554;29/05/2020;251300
26566;26555;29/05/2020;151500
26567;26556;29/05/2020;202117
26568;26557;29/05/2020;276055
26569;26558;29/05/2020;964000
26570;26559;29/05/2020;341000
26571;26560;29/05/2020;540000
26572;26561;29/05/2020;494000
26573;26562;29/05/2020;663500
26574;26563;29/05/2020;542500
26575;26564;29/05/2020;354700
26576;26565;29/05/2020;185321
26577;26566;29/05/2020;290000
26578;26567;29/05/2020;219310
26579;26568;29/05/2020;73800
26580;26569;29/05/2020;350000
26581;26570;29/05/2020;1096620
26582;26571;29/05/2020;897600
26583;26572;29/05/2020;1080000
26584;26573;29/05/2020;270000
26585;26574;29/05/2020;1516000
26586;26575;29/05/2020;568000
26587;26576;29/05/2020;265000
26588;26577;29/05/2020;415000
26589;26578;29/05/2020;365000
26590;26579;29/05/2020;307000
26591;26580;29/05/2020;105000
26592;26581;29/05/2020;531160
26593;26582;29/05/2020;280000
26594;26583;29/05/2020;217000
26595;26584;29/05/2020;505000
26596;26585;29/05/2020;145000
26597;26586;29/05/2020;173000
26598;26587;29/05/2020;190000
26599;26588;29/05/2020;80000
26600;26589;29/05/2020;138600
26601;26590;29/05/2020;118000
26602;26591;29/05/2020;550000
26603;26592;29/05/2020;183962
26604;26593;29/05/2020;228000
26605;26594;29/05/2020;177000
26606;26595;29/05/2020;250000
26607;26596;29/05/2020;175000
26608;26597;29/05/2020;330000
26609;26598;29/05/2020;118000
26610;26599;29/05/2020;233100
26611;26600;29/05/2020;327990
26612;26601;29/05/2020;90000
26613;26602;29/05/2020;248000
26614;26603;29/05/2020;280000
26615;26604;29/05/2020;180000
26616;26605;29/05/2020;240000
26617;26606;29/05/2020;110000
26618;26607;29/05/2020;380000
26619;26608;29/05/2020;150000
26620;26609;29/05/2020;193000
26621;26610;29/05/2020;194000
26622;26611;29/05/2020;413250
26623;26612;29/05/2020;267000
26624;26613;29/05/2020;269280
26625;26614;29/05/2020;183500
26626;26615;29/05/2020;152000
26627;26616;29/05/2020;249000
26628;26617;29/05/2020;197000
26629;26618;29/05/2020;165000
26630;26619;29/05/2020;197000
26631;26620;29/05/2020;352500
26632;26621;29/05/2020;89000
26633;26622;29/05/2020;299000
26634;26623;29/05/2020;190000
26635;26624;29/05/2020;252000
26636;26625;29/05/2020;170000
26637;26626;29/05/2020;258000
26638;26627;29/05/2020;515300
26639;26628;29/05/2020;197000
26640;26629;29/05/2020;362000
26641;26630;29/05/2020;164000
26642;26631;29/05/2020;223000
26643;26632;29/05/2020;171900
26644;26633;29/05/2020;530000
26645;26634;29/05/2020;398000
26646;26635;29/05/2020;302100
26647;26636;29/05/2020;824000
26648;26637;29/05/2020;160000
26649;26638;29/05/2020;174000
26650;26639;29/05/2020;163000
26651;26640;29/05/2020;262290
26652;26641;29/05/2020;270800
26653;26642;29/05/2020;196080
26654;26643;29/05/2020;298000
26655;26644;29/05/2020;268000
26656;26645;29/05/2020;120000
26657;26646;29/05/2020;90000
26658;26647;29/05/2020;352000
26659;26648;29/05/2020;849000
26660;26649;29/05/2020;241000
26661;26650;29/05/2020;192000
26662;26651;29/05/2020;1160000
26663;26652;29/05/2020;204550
26664;26653;29/05/2020;204000
26665;26654;29/05/2020;235000
26666;26655;29/05/2020;182000
26667;26656;29/05/2020;155000
26668;26657;29/05/2020;132000
26669;26658;29/05/2020;100000
26670;26659;29/05/2020;166000
26671;26660;29/05/2020;269000
26672;26661;29/05/2020;120000
26673;26662;29/05/2020;206000
26674;26663;29/05/2020;290000
26675;26664;29/05/2020;256500
26676;26665;29/05/2020;161856
26677;26666;29/05/2020;157000
26678;26667;29/05/2020;385400
26679;26668;29/05/2020;180000
26680;26669;29/05/2020;182520
26681;26670;29/05/2020;130000
26682;26671;29/05/2020;254000
26683;26672;29/05/2020;217000
26684;26673;29/05/2020;118000
26685;26674;29/05/2020;126000
26686;26675;29/05/2020;222000
26687;26676;29/05/2020;355000
26688;26677;29/05/2020;205000
26689;26678;29/05/2020;120000
26690;26679;29/05/2020;199000
26691;26680;29/05/2020;104000
26692;26681;29/05/2020;363000
26693;26682;29/05/2020;240000
26694;26683;29/05/2020;105000
26695;26684;29/05/2020;117000
26696;26685;29/05/2020;217300
26697;26686;29/05/2020;115000
26698;26687;29/05/2020;98000
26699;26688;29/05/2020;285000
26700;26689;29/05/2020;110000
26701;26690;29/05/2020;155000
26702;26691;29/05/2020;126000
26703;26692;29/05/2020;149000
26704;26693;29/05/2020;72000
26705;26694;29/05/2020;605060
26706;26695;29/05/2020;180000
26707;26696;30/05/2020;44500
26708;26697;30/05/2020;35500
26709;26698;30/05/2020;187000
26710;26699;30/05/2020;75000
26711;26700;30/05/2020;100000
26712;26701;30/05/2020;250000
26713;26702;30/05/2020;64000
26714;26703;30/05/2020;61500
26715;26704;30/05/2020;55000
26716;26705;30/05/2020;100000
26717;26706;30/05/2020;191000
26718;26707;30/05/2020;134000
26719;26708;30/05/2020;57000
26720;26709;30/05/2020;83400
26721;26710;30/05/2020;93000
26722;26711;30/05/2020;115000
26723;26712;30/05/2020;118000
26724;26713;30/05/2020;215000
26725;26714;30/05/2020;70000
26726;26715;30/05/2020;58000
26727;26716;30/05/2020;53500
26728;26717;30/05/2020;73500
26729;26718;30/05/2020;
26730;26719;30/05/2020;24000
26731;26720;30/05/2020;189000
26732;26721;30/05/2020;45000
26733;26722;30/05/2020;145000
26734;26723;30/05/2020;160000
26735;26724;30/05/2020;25000
26736;26725;30/05/2020;27900
26737;26726;30/05/2020;100000
26738;26727;30/05/2020;620225
26739;26728;30/05/2020;240000
26740;26729;30/05/2020;95000
26741;26730;30/05/2020;174000
26742;26731;30/05/2020;322000
26743;26732;30/05/2020;96000
26744;26733;30/05/2020;382850
26745;26734;30/05/2020;140000
26746;26735;30/05/2020;33000
26747;26736;30/05/2020;129000
26748;26737;30/05/2020;160000
26749;26738;30/05/2020;115050
26750;26739;01/06/2020;275000
26751;26740;01/06/2020;118000
26752;26741;01/06/2020;180000
26753;26742;01/06/2020;38200
26754;26743;01/06/2020;79000
26755;26744;01/06/2020;52000
26756;26745;01/06/2020;182500
26757;26746;01/06/2020;75000
26758;26747;01/06/2020;83258
26759;26748;01/06/2020;138300
26760;26749;01/06/2020;36000
26761;26750;01/06/2020;43030
26762;26751;01/06/2020;41000
26763;26752;01/06/2020;146900
26764;26753;01/06/2020;157000
26765;26754;01/06/2020;81000
26766;26755;01/06/2020;48000
26767;26756;01/06/2020;106000
26768;26757;01/06/2020;123500
26769;26758;01/06/2020;115000
26770;26759;01/06/2020;287000
26771;26760;01/06/2020;432000
26772;26761;01/06/2020;414550
26773;26762;01/06/2020;1289100
26774;26763;01/06/2020;662000
26775;26764;01/06/2020;389650
26776;26765;01/06/2020;905000
26777;26766;01/06/2020;227000
26778;26767;01/06/2020;207000
26779;26768;01/06/2020;177650
26780;26769;01/06/2020;153000
26781;26770;01/06/2020;92000
26782;26771;01/06/2020;114961
26783;26772;01/06/2020;283950
26784;26773;01/06/2020;70000
26785;26774;01/06/2020;241000
26786;26775;01/06/2020;352600
26787;26776;01/06/2020;228000
26788;26777;01/06/2020;325000
26789;26778;01/06/2020;330000
26790;26779;01/06/2020;464500
26791;26780;01/06/2020;644660
26792;26781;01/06/2020;148000
26793;26782;01/06/2020;225000
26794;26783;01/06/2020;597000
26795;26784;01/06/2020;348490
26796;26785;01/06/2020;190000
26797;26786;01/06/2020;178000
26798;26787;01/06/2020;130000
26799;26788;02/06/2020;83000
26800;26789;02/06/2020;471810
26801;26790;02/06/2020;125000
26802;26791;02/06/2020;450000
26803;26792;02/06/2020;225000
26804;26793;02/06/2020;49700
26805;26794;02/06/2020;185750
26806;26795;02/06/2020;119100
26807;26796;02/06/2020;123500
26808;26797;02/06/2020;342000
26809;26798;02/06/2020;110000
26810;26799;02/06/2020;464500
26811;26800;02/06/2020;129000
26812;26801;02/06/2020;114000
26813;26802;02/06/2020;1000000
26814;26803;02/06/2020;350000
26815;26804;02/06/2020;335000
26816;26805;02/06/2020;72500
26817;26806;02/06/2020;190000
26818;26807;02/06/2020;84000
26819;26808;02/06/2020;144000
26820;26809;02/06/2020;94700
26821;26810;02/06/2020;90000
26822;26811;02/06/2020;70000
26823;26812;02/06/2020;167500
26824;26813;02/06/2020;245000
26825;26814;02/06/2020;60000
26826;26815;02/06/2020;91000
26827;26816;02/06/2020;72500
26828;26817;02/06/2020;78000
26829;26818;02/06/2020;246000
26830;26819;02/06/2020;65000
26831;26820;02/06/2020;181000
26832;26821;02/06/2020;156000
26833;26822;02/06/2020;156000
26834;26823;02/06/2020;75800
26835;26824;02/06/2020;98000
26836;26825;02/06/2020;137950
26837;26826;02/06/2020;170000
26838;26827;02/06/2020;139000
26839;26828;02/06/2020;180000
26840;26829;02/06/2020;263800
26841;26830;02/06/2020;530000
26842;26831;02/06/2020;147000
26843;26832;02/06/2020;209245
26844;26833;02/06/2020;241187
26845;26834;02/06/2020;120000
26846;26835;02/06/2020;119550
26847;26836;02/06/2020;101000
26848;26837;02/06/2020;124000
26849;26838;02/06/2020;137900
26850;26839;02/06/2020;290000
26851;26840;02/06/2020;235336
26852;26841;02/06/2020;172000
26853;26842;02/06/2020;55700
26854;26843;02/06/2020;270000
26855;26844;02/06/2020;170200
26856;26845;02/06/2020;110000
26857;26846;02/06/2020;155000
26858;26847;02/06/2020;75000
26859;26848;02/06/2020;134750
26860;26849;02/06/2020;301040
26861;26850;02/06/2020;118200
26862;26851;02/06/2020;272000
26863;26852;02/06/2020;85000
26864;26853;02/06/2020;62180
26865;26854;02/06/2020;135000
26866;26855;02/06/2020;82000
26867;26856;02/06/2020;118500
26868;26857;02/06/2020;601000
26869;26858;02/06/2020;108000
26870;26859;02/06/2020;400305
26871;26860;02/06/2020;138900
26872;26861;02/06/2020;153500
26873;26862;02/06/2020;220000
26874;26863;02/06/2020;192550
26875;26864;02/06/2020;158000
26876;26865;02/06/2020;60000
26877;26866;02/06/2020;163000
26878;26867;02/06/2020;212000
26879;26868;02/06/2020;194750
26880;26869;02/06/2020;154000
26881;26870;02/06/2020;371000
26882;26871;02/06/2020;157000
26883;26872;02/06/2020;118000
26884;26873;02/06/2020;172400
26885;26874;02/06/2020;211000
26886;26875;02/06/2020;92000
26887;26876;02/06/2020;101000
26888;26877;02/06/2020;206000
26889;26878;02/06/2020;65000
26890;26879;02/06/2020;133000
26891;26880;02/06/2020;295000
26892;26881;02/06/2020;23000
26893;26882;02/06/2020;52000
26894;26883;02/06/2020;20000
26895;26884;02/06/2020;114400
26896;26885;02/06/2020;72000
26897;26886;02/06/2020;202120
26898;26887;02/06/2020;102000
26899;26888;02/06/2020;105010
26900;26889;02/06/2020;247850
26901;26890;02/06/2020;186000
26902;26891;02/06/2020;261500
26903;26892;02/06/2020;185000
26904;26893;02/06/2020;230000
26905;26894;02/06/2020;510000
26906;26895;02/06/2020;77000
26907;26896;02/06/2020;115100
26908;26897;02/06/2020;123000
26909;26898;02/06/2020;73000
26910;26899;02/06/2020;73000
26911;26900;02/06/2020;56000
26912;26901;02/06/2020;155500
26913;26902;02/06/2020;56000
26914;26903;02/06/2020;54900
26915;26904;02/06/2020;109000
26916;26905;02/06/2020;75000
26917;26906;02/06/2020;105000
26918;26907;02/06/2020;78000
26919;26908;02/06/2020;117000
26920;26909;02/06/2020;245560
26921;26910;02/06/2020;92900
26922;26911;02/06/2020;269750
26923;26912;02/06/2020;38000
26924;26913;02/06/2020;87700
26925;26914;02/06/2020;60000
26926;26915;02/06/2020;98000
26927;26916;02/06/2020;156000
26928;26917;02/06/2020;99100
26929;26918;02/06/2020;97000
26930;26919;02/06/2020;122953
26931;26920;02/06/2020;165000
26932;26921;02/06/2020;243000
26933;26922;02/06/2020;55000
26934;26923;02/06/2020;59000
26935;26924;02/06/2020;109795
26936;26925;02/06/2020;147000
26937;26926;02/06/2020;165000
26938;26927;02/06/2020;48000
26939;26928;02/06/2020;76000
26940;26929;02/06/2020;58000
26941;26930;02/06/2020;54000
26942;26931;02/06/2020;232500
26943;26932;02/06/2020;225000
26944;26933;02/06/2020;524640
26945;26934;02/06/2020;171700
26946;26935;02/06/2020;77000
26947;26936;02/06/2020;140000
26948;26937;02/06/2020;259600
26949;26938;02/06/2020;164000
26950;26939;02/06/2020;157450
26951;26940;02/06/2020;64000
26952;26941;02/06/2020;203900
26953;26942;02/06/2020;215000
26954;26943;02/06/2020;172250
26955;26944;02/06/2020;344850
26956;26945;02/06/2020;217000
26957;26946;02/06/2020;238900
26958;26947;02/06/2020;390500
26959;26948;02/06/2020;232000
26960;26949;02/06/2020;450000
26961;26950;02/06/2020;226000
26962;26951;02/06/2020;140000
26963;26952;02/06/2020;253000
26964;26953;02/06/2020;300800
26965;26954;02/06/2020;148400
26966;26955;02/06/2020;23000
26967;26956;02/06/2020;63500
26968;26957;02/06/2020;1033240
26969;26958;02/06/2020;455000
26970;26959;02/06/2020;173000
26971;26960;02/06/2020;2020000
26972;26961;02/06/2020;277322
26973;26962;02/06/2020;2003000
26974;26963;02/06/2020;432600
26975;26964;02/06/2020;1245000
26976;26965;02/06/2020;1964000
26977;26966;02/06/2020;1382518
26978;26967;02/06/2020;604240
26979;26968;02/06/2020;707900
26980;26969;02/06/2020;1050000
26981;26970;02/06/2020;525175
26982;26971;02/06/2020;440000
26983;26972;02/06/2020;492700
26984;26973;02/06/2020;855000
26985;26974;02/06/2020;356000
26986;26975;02/06/2020;187000
26987;26976;02/06/2020;134000
26988;26977;02/06/2020;488115
26989;26978;02/06/2020;318250
26990;26979;02/06/2020;342000
26991;26980;02/06/2020;598520
26992;26981;02/06/2020;647450
26993;26982;02/06/2020;217700
26994;26983;02/06/2020;560000
26995;26984;02/06/2020;905000
26996;26985;02/06/2020;614000
26997;26986;02/06/2020;400000
26998;26987;02/06/2020;169450
26999;26988;02/06/2020;1105750
27000;26989;02/06/2020;194000
27001;26990;02/06/2020;475500
27002;26991;02/06/2020;494750
27003;26992;02/06/2020;290090
27004;26993;02/06/2020;1550000
27005;26994;02/06/2020;1298950
27006;26995;02/06/2020;992700
27007;26996;02/06/2020;215000
27008;26997;02/06/2020;810000
27009;26998;02/06/2020;137000
27010;26999;02/06/2020;697300
27011;27000;02/06/2020;310000
27012;27001;02/06/2020;930050
27013;27002;02/06/2020;322724
27014;27003;02/06/2020;356098
27015;27004;02/06/2020;173000
27016;27005;02/06/2020;388000
27017;27006;02/06/2020;428000
27018;27007;02/06/2020;150500
27019;27008;02/06/2020;306500
27020;27009;02/06/2020;456150
27021;27010;02/06/2020;778800
27022;27011;02/06/2020;665000
27023;27012;02/06/2020;504500
27024;27013;02/06/2020;731800
27025;27014;02/06/2020;486500
27026;27015;02/06/2020;246100
27027;27016;02/06/2020;128500
27028;27017;02/06/2020;435000
27029;27018;02/06/2020;215000
27030;27019;02/06/2020;128000
27031;27020;02/06/2020;437800
27032;27021;02/06/2020;881000
27033;27022;02/06/2020;440000
27034;27023;02/06/2020;271000
27035;27024;02/06/2020;319000
27036;27025;02/06/2020;67500
27037;27026;02/06/2020;55000
27038;27027;02/06/2020;46000
27039;27028;02/06/2020;68000
27040;27029;02/06/2020;186000
27041;27030;02/06/2020;230000
27042;27031;02/06/2020;208600
27043;27032;02/06/2020;177000
27044;27033;02/06/2020;199000
27045;27034;02/06/2020;230000
27046;27035;02/06/2020;260000
27047;27036;02/06/2020;115000
27048;27037;02/06/2020;255000
27049;27038;02/06/2020;47000
27050;27039;02/06/2020;159000
27051;27040;02/06/2020;40000
27052;27041;02/06/2020;153000
27053;27042;02/06/2020;233000
27054;27043;02/06/2020;250000
27055;27044;02/06/2020;225000
27056;27045;02/06/2020;208000
27057;27046;02/06/2020;126150
27058;27047;02/06/2020;167400
27059;27048;02/06/2020;198000
27060;27049;02/06/2020;375000
27061;27050;02/06/2020;193000
27062;27051;02/06/2020;140000
27063;27052;02/06/2020;177000
27064;27053;02/06/2020;120000
27065;27054;02/06/2020;160000
27066;27055;02/06/2020;183000
27067;27056;02/06/2020;338300
27068;27057;02/06/2020;135000
27069;27058;02/06/2020;162000
27070;27059;02/06/2020;165000
27071;27060;02/06/2020;162000
27072;27061;02/06/2020;200000
27073;27062;02/06/2020;210000
27074;27063;02/06/2020;192000
27075;27064;02/06/2020;100000
27076;27065;02/06/2020;259764
27077;27066;02/06/2020;178000
27078;27067;02/06/2020;252000
27079;27068;02/06/2020;235900
27080;27069;02/06/2020;159500
27081;27070;02/06/2020;150000
27082;27071;02/06/2020;59700
27083;27072;02/06/2020;365000
27084;27073;02/06/2020;118000
27085;27074;02/06/2020;156000
27086;27075;02/06/2020;221450
27087;27076;02/06/2020;433160
27088;27077;02/06/2020;253100
27089;27078;02/06/2020;1200700
27090;27079;02/06/2020;387100
27091;27080;02/06/2020;115000
27092;27081;02/06/2020;377600
27093;27082;02/06/2020;29000
27094;27083;02/06/2020;199000
27095;27084;02/06/2020;130000
27096;27085;02/06/2020;110000
27097;27086;02/06/2020;147000
27098;27087;02/06/2020;215000
27099;27088;02/06/2020;145000
27100;27089;02/06/2020;43700
27101;27090;02/06/2020;80000
27102;27091;02/06/2020;160650
27103;27092;02/06/2020;45000
27104;27093;02/06/2020;154000
27105;27094;02/06/2020;19000
27106;27095;02/06/2020;41000
27107;27096;02/06/2020;59000
27108;27097;02/06/2020;103000
27109;27098;02/06/2020;102000
27110;27099;02/06/2020;50000
27111;27100;02/06/2020;198000
27112;27101;02/06/2020;270000
27113;27102;02/06/2020;228000
27114;27103;02/06/2020;153000
27115;27104;02/06/2020;74000
27116;27105;02/06/2020;107000
27117;27106;02/06/2020;255960
27118;27107;02/06/2020;402100
27119;27108;02/06/2020;279000
27120;27109;02/06/2020;211000
27121;27110;02/06/2020;757050
27122;27111;02/06/2020;300000
27123;27112;02/06/2020;265000
27124;27113;02/06/2020;461000
27125;27114;02/06/2020;418500
27126;27115;02/06/2020;1027500
27127;27116;02/06/2020;1634000
27128;27117;02/06/2020;280000
27129;27118;02/06/2020;735000
27130;27119;02/06/2020;335000
27131;27120;02/06/2020;255000
27132;27121;02/06/2020;1465750
27133;27122;02/06/2020;427850
27134;27123;02/06/2020;357000
27135;27124;02/06/2020;636580
27136;27125;02/06/2020;249000
27137;27126;02/06/2020;528750
27138;27127;02/06/2020;405000
27139;27128;02/06/2020;295670
27140;27129;02/06/2020;161450
27141;27130;02/06/2020;125000
27142;27131;02/06/2020;130000
27143;27132;02/06/2020;247800
27144;27133;02/06/2020;342000
27145;27134;02/06/2020;135179
27146;27135;02/06/2020;171000
27147;27136;02/06/2020;277500
27148;27137;02/06/2020;118000
27149;27138;02/06/2020;319900
27150;27139;02/06/2020;245000
27151;27140;02/06/2020;87500
27152;27141;02/06/2020;140000
27153;27142;02/06/2020;116000
27154;27143;02/06/2020;255000
27155;27144;02/06/2020;251300
27156;27145;02/06/2020;232200
27157;27146;02/06/2020;257500
27158;27147;02/06/2020;590000
27159;27148;02/06/2020;147000
27160;27149;02/06/2020;113000
27161;27150;02/06/2020;172000
27162;27151;02/06/2020;118363
27163;27152;02/06/2020;270000
27164;27153;02/06/2020;205000
27165;27154;02/06/2020;140000
27166;27155;02/06/2020;118000
27167;27156;02/06/2020;452000
27168;27157;02/06/2020;349200
27169;27158;02/06/2020;312850
27170;27159;02/06/2020;670000
27171;27160;02/06/2020;190000
27172;27161;02/06/2020;200000
27173;27162;02/06/2020;575000
27174;27163;02/06/2020;147000
27175;27164;02/06/2020;302600
27176;27165;02/06/2020;224800
27177;27166;02/06/2020;797000
27178;27167;02/06/2020;111000
27179;27168;02/06/2020;128400
27180;27169;02/06/2020;345000
27181;27170;02/06/2020;195000
27182;27171;02/06/2020;202000
27183;27172;02/06/2020;223000
27184;27173;02/06/2020;190000
27185;27174;02/06/2020;163000
27186;27175;02/06/2020;189800
27187;27176;03/06/2020;32500
27188;27177;03/06/2020;30500
27189;27178;03/06/2020;62000
27190;27179;03/06/2020;206000
27191;27180;03/06/2020;125000
27192;27181;03/06/2020;149000
27193;27182;03/06/2020;67000
27194;27183;03/06/2020;63300
27195;27184;03/06/2020;84200
27196;27185;03/06/2020;475000
27197;27186;03/06/2020;238000
27198;27187;03/06/2020;215200
27199;27188;03/06/2020;860000
27200;27189;03/06/2020;175000
27201;27190;03/06/2020;350000
27202;27191;03/06/2020;180000
27203;27192;03/06/2020;64000
27204;27193;03/06/2020;100000
27205;27194;03/06/2020;44750
27206;27195;03/06/2020;55000
27207;27196;03/06/2020;52000
27208;27197;03/06/2020;120850
27209;27198;03/06/2020;149950
27210;27199;03/06/2020;110000
27211;27200;03/06/2020;69300
27212;27201;03/06/2020;113500
27213;27202;03/06/2020;114350
27214;27203;03/06/2020;45500
27215;27204;03/06/2020;100000
27216;27205;03/06/2020;106096
27217;27206;03/06/2020;123000
27218;27207;03/06/2020;92230
27219;27208;03/06/2020;67000
27220;27209;03/06/2020;96000
27221;27210;03/06/2020;74000
27222;27211;03/06/2020;103830
27223;27212;03/06/2020;46500
27224;27213;03/06/2020;129000
27225;27214;03/06/2020;105000
27226;27215;03/06/2020;128000
27227;27216;03/06/2020;84000
27228;27217;03/06/2020;200000
27229;27218;03/06/2020;215000
27230;27219;03/06/2020;121600
27231;27220;03/06/2020;95000
27232;27221;03/06/2020;323000
27233;27222;03/06/2020;114570
27234;27223;03/06/2020;175000
27235;27224;03/06/2020;486340
27236;27225;03/06/2020;163122
27237;27226;03/06/2020;138000
27238;27227;03/06/2020;277050
27239;27228;03/06/2020;336000
27240;27229;03/06/2020;289808
27241;27230;03/06/2020;135055
27242;27231;03/06/2020;168000
27243;27232;03/06/2020;120000
27244;27233;03/06/2020;143000
27245;27234;03/06/2020;165000
27246;27235;03/06/2020;146700
27247;27236;03/06/2020;130000
27248;27237;03/06/2020;275000
27249;27238;03/06/2020;87990
27250;27239;03/06/2020;146000
27251;27240;03/06/2020;185000
27252;27241;03/06/2020;182500
27253;27242;03/06/2020;243750
27254;27243;03/06/2020;180000
27255;27244;03/06/2020;350000
27256;27245;03/06/2020;162540
27257;27246;03/06/2020;160000
27258;27247;03/06/2020;93000
27259;27248;03/06/2020;300000
27260;27249;03/06/2020;85000
27261;27250;03/06/2020;262000
27262;27251;03/06/2020;82000
27263;27252;03/06/2020;86000
27264;27253;03/06/2020;89335
27265;27254;03/06/2020;140500
27266;27255;03/06/2020;213097
27267;27256;03/06/2020;145000
27268;27257;03/06/2020;75000
27269;27258;03/06/2020;66000
27270;27259;03/06/2020;52500
27271;27260;03/06/2020;43000
27272;27261;03/06/2020;334000
27273;27262;03/06/2020;155000
27274;27263;03/06/2020;233050
27275;27264;03/06/2020;130000
27276;27265;03/06/2020;50000
27277;27266;03/06/2020;66100
27278;27267;03/06/2020;53000
27279;27268;03/06/2020;30000
27280;27269;03/06/2020;88350
27281;27270;03/06/2020;157000
27282;27271;03/06/2020;100000
27283;27272;03/06/2020;241000
27284;27273;03/06/2020;204400
27285;27274;03/06/2020;190000
27286;27275;03/06/2020;75500
27287;27276;03/06/2020;65000
27288;27277;03/06/2020;64000
27289;27278;03/06/2020;109500
27290;27279;03/06/2020;71500
27291;27280;03/06/2020;90700
27292;27281;03/06/2020;102500
27293;27282;03/06/2020;111665
27294;27283;03/06/2020;98000
27295;27284;03/06/2020;122650
27296;27285;03/06/2020;70580
27297;27286;03/06/2020;150000
27298;27287;03/06/2020;91500
27299;27288;03/06/2020;80000
27300;27289;03/06/2020;160500
27301;27290;03/06/2020;136010
27302;27291;03/06/2020;94000
27303;27292;03/06/2020;216000
27304;27293;03/06/2020;119000
27305;27294;03/06/2020;265000
27306;27295;03/06/2020;126000
27307;27296;03/06/2020;72000
27308;27297;03/06/2020;100700
27309;27298;03/06/2020;132000
27310;27299;03/06/2020;16400
27311;27300;03/06/2020;53000
27312;27301;03/06/2020;60000
27313;27302;03/06/2020;65500
27314;27303;03/06/2020;100000
27315;27304;03/06/2020;125000
27316;27305;03/06/2020;189000
27317;27306;03/06/2020;221500
27318;27307;03/06/2020;210000
27319;27308;03/06/2020;387000
27320;27309;03/06/2020;429000
27321;27310;03/06/2020;346000
27322;27311;03/06/2020;431700
27323;27312;03/06/2020;255000
27324;27313;03/06/2020;29000
27325;27314;03/06/2020;87000
27326;27315;03/06/2020;80000
27327;27316;03/06/2020;102500
27328;27317;03/06/2020;36000
27329;27318;03/06/2020;123000
27330;27319;03/06/2020;46284
27331;27320;03/06/2020;308800
27332;27321;03/06/2020;348000
27333;27322;03/06/2020;180500
27334;27323;03/06/2020;265000
27335;27324;03/06/2020;230000
27336;27325;03/06/2020;210000
27337;27326;03/06/2020;323000
27338;27327;03/06/2020;400000
27339;27328;03/06/2020;260000
27340;27329;03/06/2020;423815
27341;27330;03/06/2020;285000
27342;27331;03/06/2020;1487000
27343;27332;03/06/2020;330000
27344;27333;03/06/2020;1724500
27345;27334;03/06/2020;587650
27346;27335;03/06/2020;319295
27347;27336;03/06/2020;220370
27348;27337;03/06/2020;347100
27349;27338;03/06/2020;198600
27350;27339;03/06/2020;185000
27351;27340;03/06/2020;165000
27352;27341;03/06/2020;433300
27353;27342;03/06/2020;140000
27354;27343;03/06/2020;303000
27355;27344;03/06/2020;465000
27356;27345;03/06/2020;980000
27357;27346;03/06/2020;403694
27358;27347;03/06/2020;435000
27359;27348;03/06/2020;319000
27360;27349;03/06/2020;439100
27361;27350;03/06/2020;1450000
27362;27351;03/06/2020;860000
27363;27352;03/06/2020;1610000
27364;27353;03/06/2020;897700
27365;27354;03/06/2020;308500
27366;27355;03/06/2020;534600
27367;27356;03/06/2020;535300
27368;27357;03/06/2020;426000
27369;27358;03/06/2020;336950
27370;27359;03/06/2020;242200
27371;27360;03/06/2020;110000
27372;27361;03/06/2020;527500
27373;27362;03/06/2020;318000
27374;27363;03/06/2020;267000
27375;27364;03/06/2020;172000
27376;27365;03/06/2020;395000
27377;27366;03/06/2020;780000
27378;27367;03/06/2020;491500
27379;27368;03/06/2020;1189100
27380;27369;03/06/2020;91000
27381;27370;03/06/2020;171000
27382;27371;03/06/2020;56500
27383;27372;03/06/2020;70000
27384;27373;03/06/2020;80900
27385;27374;03/06/2020;53000
27386;27375;03/06/2020;161200
27387;27376;03/06/2020;143000
27388;27377;03/06/2020;157000
27389;27378;03/06/2020;165000
27390;27379;03/06/2020;150000
27391;27380;03/06/2020;60000
27392;27381;03/06/2020;165094
27393;27382;03/06/2020;286200
27394;27383;03/06/2020;76500
27395;27384;03/06/2020;50500
27396;27385;03/06/2020;175000
27397;27386;03/06/2020;195000
27398;27387;03/06/2020;197000
27399;27388;03/06/2020;316000
27400;27389;03/06/2020;731000
27401;27390;03/06/2020;314000
27402;27391;03/06/2020;220950
27403;27392;03/06/2020;78000
27404;27393;03/06/2020;237000
27405;27394;03/06/2020;180000
27406;27395;03/06/2020;450000
27407;27396;03/06/2020;72000
27408;27397;03/06/2020;95000
27409;27398;03/06/2020;135500
27410;27399;03/06/2020;210150
27411;27400;03/06/2020;200000
27412;27401;03/06/2020;161800
27413;27402;03/06/2020;135000
27414;27403;03/06/2020;52480
27415;27404;03/06/2020;146600
27416;27405;03/06/2020;241200
27417;27406;03/06/2020;92380
27418;27407;03/06/2020;242000
27419;27408;03/06/2020;351550
27420;27409;03/06/2020;104870
27421;27410;03/06/2020;422000
27422;27411;03/06/2020;115700
27423;27412;03/06/2020;206000
27424;27413;03/06/2020;100000
27425;27414;03/06/2020;154000
27426;27415;03/06/2020;73850
27427;27416;03/06/2020;165800
27428;27417;03/06/2020;103600
27429;27418;03/06/2020;77850
27430;27419;03/06/2020;72000
27431;27420;03/06/2020;112500
27432;27421;03/06/2020;80000
27433;27422;03/06/2020;145000
27434;27423;03/06/2020;129970
27435;27424;03/06/2020;106000
27436;27425;03/06/2020;84000
27437;27426;03/06/2020;314000
27438;27427;03/06/2020;292000
27439;27428;03/06/2020;135000
27440;27429;03/06/2020;169500
27441;27430;03/06/2020;158450
27442;27431;03/06/2020;211500
27443;27432;03/06/2020;530000
27444;27433;03/06/2020;262000
27445;27434;03/06/2020;733000
27446;27435;03/06/2020;220730
27447;27436;03/06/2020;322500
27448;27437;03/06/2020;486360
27449;27438;03/06/2020;330000
27450;27439;03/06/2020;776270
27451;27440;03/06/2020;675000
27452;27441;03/06/2020;179300
27453;27442;03/06/2020;50500
27454;27443;03/06/2020;309000
27455;27444;03/06/2020;303000
27456;27445;03/06/2020;182500
27457;27446;03/06/2020;103000
27458;27447;03/06/2020;172000
27459;27448;03/06/2020;132500
27460;27449;03/06/2020;114000
27461;27450;03/06/2020;88000
27462;27451;03/06/2020;125000
27463;27452;03/06/2020;102000
27464;27453;03/06/2020;114400
27465;27454;03/06/2020;179000
27466;27455;03/06/2020;105000
27467;27456;03/06/2020;262270
27468;27457;03/06/2020;290570
27469;27458;03/06/2020;277000
27470;27459;03/06/2020;300000
27471;27460;03/06/2020;579060
27472;27461;03/06/2020;105000
27473;27462;03/06/2020;410000
27474;27463;03/06/2020;340000
27475;27464;03/06/2020;139500
27476;27465;03/06/2020;379000
27477;27466;03/06/2020;195000
27478;27467;03/06/2020;160500
27479;27468;03/06/2020;275000
27480;27469;03/06/2020;383000
27481;27470;03/06/2020;235000
27482;27471;03/06/2020;165000
27483;27472;03/06/2020;177000
27484;27473;03/06/2020;480000
27485;27474;03/06/2020;182400
27486;27475;03/06/2020;514500
27487;27476;03/06/2020;190000
27488;27477;03/06/2020;231000
27489;27478;03/06/2020;92000
27490;27479;03/06/2020;162750
27491;27480;03/06/2020;260000
27492;27481;03/06/2020;125000
27493;27482;03/06/2020;170000
27494;27483;03/06/2020;339182
27495;27484;03/06/2020;225200
27496;27485;03/06/2020;182300
27497;27486;03/06/2020;346500
27498;27487;03/06/2020;370000
27499;27488;03/06/2020;138000
27500;27489;03/06/2020;147000
27501;27490;03/06/2020;230000
27502;27491;03/06/2020;160000
27503;27492;03/06/2020;235000
27504;27493;04/06/2020;243000
27505;27494;04/06/2020;100000
27506;27495;04/06/2020;100000
27507;27496;04/06/2020;44000
27508;27497;04/06/2020;33000
27509;27498;04/06/2020;189500
27510;27499;04/06/2020;41000
27511;27500;04/06/2020;272600
27512;27501;04/06/2020;352960
27513;27502;04/06/2020;780000
27514;27503;04/06/2020;131600
27515;27504;04/06/2020;48600
27516;27505;04/06/2020;119000
27517;27506;04/06/2020;130000
27518;27507;04/06/2020;127000
27519;27508;04/06/2020;105000
27520;27509;04/06/2020;300000
27521;27510;04/06/2020;62500
27522;27511;04/06/2020;51000
27523;27512;04/06/2020;50000
27524;27513;04/06/2020;136000
27525;27514;04/06/2020;86000
27526;27515;04/06/2020;73300
27527;27516;04/06/2020;39000
27528;27517;04/06/2020;64000
27529;27518;04/06/2020;245000
27530;27519;04/06/2020;76000
27531;27520;04/06/2020;337410
27532;27521;04/06/2020;200000
27533;27522;04/06/2020;157000
27534;27523;04/06/2020;115000
27535;27524;04/06/2020;65000
27536;27525;04/06/2020;235000
27537;27526;04/06/2020;100000
27538;27527;04/06/2020;191500
27539;27528;04/06/2020;35000
27540;27529;04/06/2020;130000
27541;27530;04/06/2020;72800
27542;27531;04/06/2020;108100
27543;27532;04/06/2020;66000
27544;27533;04/06/2020;91400
27545;27534;04/06/2020;197750
27546;27535;04/06/2020;114600
27547;27536;04/06/2020;98500
27548;27537;04/06/2020;193000
27549;27538;04/06/2020;173750
27550;27539;04/06/2020;85000
27551;27540;04/06/2020;87000
27552;27541;04/06/2020;80000
27553;27542;04/06/2020;70000
27554;27543;04/06/2020;133000
27555;27544;04/06/2020;68000
27556;27545;04/06/2020;106000
27557;27546;04/06/2020;119500
27558;27547;04/06/2020;218050
27559;27548;04/06/2020;44000
27560;27549;04/06/2020;167900
27561;27550;04/06/2020;122670
27562;27551;04/06/2020;32000
27563;27552;04/06/2020;229000
27564;27553;04/06/2020;166150
27565;27554;04/06/2020;158100
27566;27555;04/06/2020;190075
27567;27556;04/06/2020;192000
27568;27557;04/06/2020;183000
27569;27558;04/06/2020;100000
27570;27559;04/06/2020;368500
27571;27560;04/06/2020;450000
27572;27561;04/06/2020;415833
27573;27562;04/06/2020;246000
27574;27563;04/06/2020;205000
27575;27564;04/06/2020;105000
27576;27565;04/06/2020;182000
27577;27566;04/06/2020;82000
27578;27567;04/06/2020;249000
27579;27568;04/06/2020;160194
27580;27569;04/06/2020;84650
27581;27570;04/06/2020;61000
27582;27571;04/06/2020;200000
27583;27572;04/06/2020;110000
27584;27573;04/06/2020;167200
27585;27574;04/06/2020;149000
27586;27575;04/06/2020;55000
27587;27576;04/06/2020;79000
27588;27577;04/06/2020;118000
27589;27578;04/06/2020;130000
27590;27579;04/06/2020;84000
27591;27580;04/06/2020;49300
27592;27581;04/06/2020;108470
27593;27582;04/06/2020;62700
27594;27583;04/06/2020;84000
27595;27584;04/06/2020;125000
27596;27585;04/06/2020;121800
27597;27586;04/06/2020;169000
27598;27587;04/06/2020;250000
27599;27588;04/06/2020;89000
27600;27589;04/06/2020;65000
27601;27590;04/06/2020;187000
27602;27591;04/06/2020;60500
27603;27592;04/06/2020;106000
27604;27593;04/06/2020;49500
27605;27594;04/06/2020;165000
27606;27595;04/06/2020;37000
27607;27596;04/06/2020;54500
27608;27597;04/06/2020;49500
27609;27598;04/06/2020;31000
27610;27599;04/06/2020;96500
27611;27600;04/06/2020;157000
27612;27601;04/06/2020;51500
27613;27602;04/06/2020;69000
27614;27603;04/06/2020;31725
27615;27604;04/06/2020;91160
27616;27605;04/06/2020;59300
27617;27606;04/06/2020;102500
27618;27607;04/06/2020;104000
27619;27608;04/06/2020;138050
27620;27609;04/06/2020;61000
27621;27610;04/06/2020;56500
27622;27611;04/06/2020;86000
27623;27612;04/06/2020;130500
27624;27613;04/06/2020;150000
27625;27614;04/06/2020;133000
27626;27615;04/06/2020;125000
27627;27616;04/06/2020;92900
27628;27617;04/06/2020;93500
27629;27618;04/06/2020;100000
27630;27619;04/06/2020;90000
27631;27620;04/06/2020;140000
27632;27621;04/06/2020;100000
27633;27622;04/06/2020;6000
27634;27623;04/06/2020;357965
27635;27624;04/06/2020;9500
27636;27625;04/06/2020;52600
27637;27626;04/06/2020;318250
27638;27627;04/06/2020;90000
27639;27628;04/06/2020;30000
27640;27629;04/06/2020;162000
27641;27630;04/06/2020;192660
27642;27631;04/06/2020;308000
27643;27632;04/06/2020;255545
27644;27633;04/06/2020;387600
27645;27634;04/06/2020;181820
27646;27635;04/06/2020;100000
27647;27636;04/06/2020;170000
27648;27637;04/06/2020;112000
27649;27638;04/06/2020;189900
27650;27639;04/06/2020;65000
27651;27640;04/06/2020;485325
27652;27641;04/06/2020;295000
27653;27642;04/06/2020;306000
27654;27643;04/06/2020;255000
27655;27644;04/06/2020;170000
27656;27645;04/06/2020;800000
27657;27646;04/06/2020;184000
27658;27647;04/06/2020;99250
27659;27648;04/06/2020;357000
27660;27649;04/06/2020;232625
27661;27650;04/06/2020;1630000
27662;27651;04/06/2020;2703385
27663;27652;04/06/2020;298000
27664;27653;04/06/2020;285000
27665;27654;04/06/2020;870000
27666;27655;04/06/2020;1600000
27667;27656;04/06/2020;1809950
27668;27657;04/06/2020;300000
27669;27658;04/06/2020;425000
27670;27659;04/06/2020;769000
27671;27660;04/06/2020;215000
27672;27661;04/06/2020;200000
27673;27662;04/06/2020;600000
27674;27663;04/06/2020;448000
27675;27664;04/06/2020;603113
27676;27665;04/06/2020;472000
27677;27666;04/06/2020;795000
27678;27667;04/06/2020;286000
27679;27668;04/06/2020;142656
27680;27669;04/06/2020;740000
27681;27670;04/06/2020;350000
27682;27671;04/06/2020;227000
27683;27672;04/06/2020;475000
27684;27673;04/06/2020;258000
27685;27674;04/06/2020;835000
27686;27675;04/06/2020;6500000
27687;27676;04/06/2020;551594
27688;27677;04/06/2020;1074850
27689;27678;04/06/2020;127400
27690;27679;04/06/2020;255550
27691;27680;04/06/2020;380000
27692;27681;04/06/2020;1020000
27693;27682;04/06/2020;379000
27694;27683;04/06/2020;453000
27695;27684;04/06/2020;159000
27696;27685;04/06/2020;468000
27697;27686;04/06/2020;148000
27698;27687;04/06/2020;1300000
27699;27688;04/06/2020;285000
27700;27689;04/06/2020;235000
27701;27690;04/06/2020;88000
27702;27691;04/06/2020;240000
27703;27692;04/06/2020;190000
27704;27693;04/06/2020;281500
27705;27694;04/06/2020;169000
27706;27695;04/06/2020;272700
27707;27696;04/06/2020;322000
27708;27697;04/06/2020;310000
27709;27698;04/06/2020;242500
27710;27699;04/06/2020;414000
27711;27700;04/06/2020;415200
27712;27701;04/06/2020;499000
27713;27702;04/06/2020;875000
27714;27703;04/06/2020;345800
27715;27704;04/06/2020;186000
27716;27705;04/06/2020;47000
27717;27706;04/06/2020;54000
27718;27707;04/06/2020;56818
27719;27707;04/06/2020;54340
27720;27708;04/06/2020;52281
27721;27709;04/06/2020;53768
27722;27709;26/06/2020;53196
27723;27710;04/06/2020;68000
27724;27711;04/06/2020;238000
27725;27712;04/06/2020;230000
27726;27713;04/06/2020;72000
27727;27714;04/06/2020;116000
27728;27715;04/06/2020;123000
27729;27716;04/06/2020;125000
27730;27717;04/06/2020;205000
27731;27718;04/06/2020;194000
27732;27719;04/06/2020;105000
27733;27720;04/06/2020;215000
27734;27721;04/06/2020;179700
27735;27722;04/06/2020;340000
27736;27723;04/06/2020;317000
27737;27724;04/06/2020;102080
27738;27725;04/06/2020;291000
27739;27726;04/06/2020;260000
27740;27727;04/06/2020;158654
27741;27728;04/06/2020;146000
27742;27729;04/06/2020;178000
27743;27730;04/06/2020;248900
27744;27731;04/06/2020;782100
27745;27732;04/06/2020;139500
27746;27733;04/06/2020;283000
27747;27734;04/06/2020;150000
27748;27735;04/06/2020;111000
27749;27736;04/06/2020;175000
27750;27737;04/06/2020;106000
27751;27738;04/06/2020;84000
27752;27739;04/06/2020;244000
27753;27740;04/06/2020;233000
27754;27741;04/06/2020;100000
27755;27742;04/06/2020;108500
27756;27743;04/06/2020;197400
27757;27744;04/06/2020;281600
27758;27745;04/06/2020;308350
27759;27746;04/06/2020;262750
27760;27747;04/06/2020;784500
27761;27748;04/06/2020;111000
27762;27749;04/06/2020;34000
27763;27750;04/06/2020;208860
27764;27751;04/06/2020;65500
27765;27752;04/06/2020;108000
27766;27753;04/06/2020;18000
27767;27754;04/06/2020;290000
27768;27755;04/06/2020;25000
27769;27756;04/06/2020;115000
27770;27757;04/06/2020;226900
27771;27758;04/06/2020;130000
27772;27759;04/06/2020;299000
27773;27760;04/06/2020;80000
27774;27761;04/06/2020;124550
27775;27762;04/06/2020;175000
27776;27763;04/06/2020;108000
27777;27764;04/06/2020;138000
27778;27765;04/06/2020;186000
27779;27766;04/06/2020;74000
27780;27767;04/06/2020;64500
27781;27768;04/06/2020;81000
27782;27769;04/06/2020;160000
27783;27770;04/06/2020;140060
27784;27771;04/06/2020;40700
27785;27772;04/06/2020;28000
27786;27773;04/06/2020;150000
27787;27774;04/06/2020;277000
27788;27775;04/06/2020;275000
27789;27776;04/06/2020;140500
27790;27777;04/06/2020;187000
27791;27778;04/06/2020;151000
27792;27779;04/06/2020;248730
27793;27780;04/06/2020;127000
27794;27781;04/06/2020;299800
27795;27782;04/06/2020;123725
27796;27783;04/06/2020;152000
27797;27784;04/06/2020;31000
27798;27785;04/06/2020;189000
27799;27786;04/06/2020;62500
27800;27787;04/06/2020;91000
27801;27788;04/06/2020;131000
27802;27789;04/06/2020;195000
27803;27790;04/06/2020;205000
27804;27791;04/06/2020;72000
27805;27792;04/06/2020;100000
27806;27793;04/06/2020;448000
27807;27794;04/06/2020;121900
27808;27795;04/06/2020;159000
27809;27796;04/06/2020;129320
27810;27797;04/06/2020;270000
27811;27798;04/06/2020;290500
27812;27799;04/06/2020;212300
27813;27800;04/06/2020;574300
27814;27801;04/06/2020;228500
27815;27802;04/06/2020;325000
27816;27803;04/06/2020;363000
27817;27804;04/06/2020;339500
27818;27805;04/06/2020;500000
27819;27806;04/06/2020;445000
27820;27807;04/06/2020;170000
27821;27808;04/06/2020;294000
27822;27809;04/06/2020;380000
27823;27810;04/06/2020;158000
27824;27811;04/06/2020;270000
27825;27812;04/06/2020;156240
27826;27813;04/06/2020;833000
27827;27814;04/06/2020;342000
27828;27815;04/06/2020;380000
27829;27816;04/06/2020;1190000
27830;27817;04/06/2020;198400
27831;27818;04/06/2020;883560
27832;27819;04/06/2020;150000
27833;27820;04/06/2020;148263
27834;27821;04/06/2020;185000
27835;27822;04/06/2020;110200
27836;27823;04/06/2020;60000
27837;27824;04/06/2020;115900
27838;27825;04/06/2020;157000
27839;27826;04/06/2020;94100
27840;27827;04/06/2020;104000
27841;27828;04/06/2020;299920
27842;27829;04/06/2020;438550
27843;27830;04/06/2020;66500
27844;27831;04/06/2020;195000
27845;27832;04/06/2020;249035
27846;27833;04/06/2020;144500
27847;27834;04/06/2020;214000
27848;27835;04/06/2020;179000
27849;27836;04/06/2020;350000
27850;27837;04/06/2020;117700
27851;27838;04/06/2020;330282
27852;27839;04/06/2020;143000
27853;27840;04/06/2020;169000
27854;27841;04/06/2020;730000
27855;27842;04/06/2020;293020
27856;27843;04/06/2020;206900
27857;27844;04/06/2020;146500
27858;27845;04/06/2020;80874
27859;27846;04/06/2020;198000
27860;27847;04/06/2020;455520
27861;27848;04/06/2020;117000
27862;27849;04/06/2020;128000
27863;27850;04/06/2020;84500
27864;27851;04/06/2020;103000
27865;27852;04/06/2020;208000
27866;27853;04/06/2020;174010
27867;27854;04/06/2020;183000
27868;27855;04/06/2020;172000
27869;27856;04/06/2020;189500
27870;27857;04/06/2020;167000
27871;27858;04/06/2020;201000
27872;27859;04/06/2020;195000
27873;27860;04/06/2020;165000
27874;27861;04/06/2020;448000
27875;27862;04/06/2020;160000
27876;27863;04/06/2020;248000
27877;27864;04/06/2020;156000
27878;27865;04/06/2020;175000
27879;27866;04/06/2020;170000
27880;27867;05/06/2020;75000
27881;27868;05/06/2020;47500
27882;27869;05/06/2020;70000
27883;27870;05/06/2020;63000
27884;27871;05/06/2020;220000
27885;27872;05/06/2020;55000
27886;27873;05/06/2020;181000
27887;27874;05/06/2020;212000
27888;27875;05/06/2020;136000
27889;27876;05/06/2020;190000
27890;27877;05/06/2020;1050000
27891;27878;05/06/2020;63500
27892;27879;05/06/2020;250000
27893;27880;05/06/2020;390000
27894;27881;05/06/2020;138800
27895;27882;05/06/2020;102700
27896;27883;05/06/2020;675000
27897;27884;05/06/2020;293000
27898;27885;05/06/2020;142400
27899;27886;05/06/2020;137000
27900;27887;05/06/2020;202000
27901;27888;05/06/2020;425000
27902;27889;05/06/2020;214765
27903;27890;05/06/2020;50000
27904;27891;05/06/2020;67000
27905;27892;05/06/2020;67500
27906;27893;05/06/2020;118000
27907;27894;05/06/2020;58000
27908;27895;05/06/2020;52500
27909;27896;05/06/2020;75000
27910;27897;05/06/2020;105000
27911;27898;05/06/2020;85000
27912;27899;05/06/2020;90898
27913;27900;05/06/2020;136000
27914;27901;05/06/2020;104500
27915;27902;05/06/2020;155370
27916;27903;05/06/2020;
27917;27904;05/06/2020;80000
27918;27905;05/06/2020;79700
27919;27906;05/06/2020;58000
27920;27907;05/06/2020;40000
27921;27908;05/06/2020;53000
27922;27909;05/06/2020;62000
27923;27910;05/06/2020;76000
27924;27911;05/06/2020;154650
27925;27912;05/06/2020;179000
27926;27913;05/06/2020;126500
27927;27914;05/06/2020;217000
27928;27915;05/06/2020;64750
27929;27916;05/06/2020;87000
27930;27917;05/06/2020;73000
27931;27918;05/06/2020;188500
27932;27919;05/06/2020;63060
27933;27920;05/06/2020;88350
27934;27921;05/06/2020;222950
27935;27922;05/06/2020;64000
27936;27923;05/06/2020;572000
27937;27924;05/06/2020;51500
27938;27925;05/06/2020;106000
27939;27926;05/06/2020;142000
27940;27927;05/06/2020;60000
27941;27928;05/06/2020;93500
27942;27929;05/06/2020;157000
27943;27930;05/06/2020;207500
27944;27931;05/06/2020;75229
27945;27932;05/06/2020;91000
27946;27933;05/06/2020;222500
27947;27934;05/06/2020;400000
27948;27935;05/06/2020;223000
27949;27936;05/06/2020;591000
27950;27937;05/06/2020;128000
27951;27938;05/06/2020;70800
27952;27939;05/06/2020;162500
27953;27940;05/06/2020;87303
27954;27941;05/06/2020;55000
27955;27942;05/06/2020;147048
27956;27943;05/06/2020;279000
27957;27944;05/06/2020;56000
27958;27945;05/06/2020;83600
27959;27946;05/06/2020;144400
27960;27947;05/06/2020;95000
27961;27948;05/06/2020;86903
27962;27949;05/06/2020;254500
27963;27950;05/06/2020;67000
27964;27951;05/06/2020;72400
27965;27952;05/06/2020;125000
27966;27953;05/06/2020;227500
27967;27954;05/06/2020;52000
27968;27955;05/06/2020;85000
27969;27956;05/06/2020;341900
27970;27957;05/06/2020;190000
27971;27958;05/06/2020;126530
27972;27959;05/06/2020;63700
27973;27960;05/06/2020;107500
27974;27961;05/06/2020;153500
27975;27962;05/06/2020;85000
27976;27963;05/06/2020;133000
27977;27964;05/06/2020;132000
27978;27965;05/06/2020;92423
27979;27966;05/06/2020;240000
27980;27967;05/06/2020;108490
27981;27968;05/06/2020;85000
27982;27969;05/06/2020;110000
27983;27970;05/06/2020;124000
27984;27971;05/06/2020;140000
27985;27972;05/06/2020;48600
27986;27973;05/06/2020;76000
27987;27974;05/06/2020;95500
27988;27975;05/06/2020;56000
27989;27976;05/06/2020;105000
27990;27977;05/06/2020;230700
27991;27978;05/06/2020;132050
27992;27979;05/06/2020;69000
27993;27980;05/06/2020;149900
27994;27981;05/06/2020;156900
27995;27982;05/06/2020;90000
27996;27983;05/06/2020;89000
27997;27984;05/06/2020;130892
27998;27985;05/06/2020;56000
27999;27986;05/06/2020;29400
28000;27987;05/06/2020;71900
28001;27988;05/06/2020;44500
28002;27989;05/06/2020;34500
28003;27990;05/06/2020;132000
28004;27991;05/06/2020;152000
28005;27992;05/06/2020;125000
28006;27993;05/06/2020;82000
28007;27994;05/06/2020;97240
28008;27995;05/06/2020;186500
28009;27996;05/06/2020;58000
28010;27997;05/06/2020;415000
28011;27998;05/06/2020;190000
28012;27999;05/06/2020;190000
28013;28000;05/06/2020;360000
28014;28001;05/06/2020;130000
28015;28002;05/06/2020;135000
28016;28003;05/06/2020;404000
28017;28004;05/06/2020;95000
28018;28005;05/06/2020;84000
28019;28006;05/06/2020;97600
28020;28007;05/06/2020;136250
28021;28008;05/06/2020;76900
28022;28009;05/06/2020;180000
28023;28010;05/06/2020;168000
28024;28011;05/06/2020;124000
28025;28012;05/06/2020;34515
28026;28013;05/06/2020;220000
28027;28014;05/06/2020;80000
28028;28015;05/06/2020;53050
28029;28016;05/06/2020;195300
28030;28017;05/06/2020;133000
28031;28018;05/06/2020;26000
28032;28019;05/06/2020;160000
28033;28020;05/06/2020;45000
28034;28021;05/06/2020;33000
28035;28022;05/06/2020;242000
28036;28023;05/06/2020;160000
28037;28024;05/06/2020;150500
28038;28025;05/06/2020;60000
28039;28026;05/06/2020;107800
28040;28027;05/06/2020;52000
28041;28028;05/06/2020;100000
28042;28029;05/06/2020;117000
28043;28030;05/06/2020;129740
28044;28031;05/06/2020;102000
28045;28032;05/06/2020;55500
28046;28033;05/06/2020;62700
28047;28034;05/06/2020;135000
28048;28035;05/06/2020;205000
28049;28036;05/06/2020;213000
28050;28037;05/06/2020;83000
28051;28038;05/06/2020;200500
28052;28039;05/06/2020;146500
28053;28040;05/06/2020;145500
28054;28041;05/06/2020;101450
28055;28042;05/06/2020;259000
28056;28043;05/06/2020;58290
28057;28044;05/06/2020;238585
28058;28045;05/06/2020;177500
28059;28046;05/06/2020;54000
28060;28047;05/06/2020;68200
28061;28048;05/06/2020;75000
28062;28049;05/06/2020;49000
28063;28050;05/06/2020;82000
28064;28051;05/06/2020;66043
28065;28052;05/06/2020;75000
28066;28053;05/06/2020;106000
28067;28054;05/06/2020;101000
28068;28055;05/06/2020;47000
28069;28056;05/06/2020;133000
28070;28057;05/06/2020;62500
28071;28058;05/06/2020;73000
28072;28059;05/06/2020;69000
28073;28060;05/06/2020;57726
28074;28061;05/06/2020;325500
28075;28062;05/06/2020;76500
28076;28063;05/06/2020;267000
28077;28064;05/06/2020;97650
28078;28065;05/06/2020;98770
28079;28066;05/06/2020;145450
28080;28067;05/06/2020;138000
28081;28068;05/06/2020;140000
28082;28069;05/06/2020;419800
28083;28070;05/06/2020;210160
28084;28071;05/06/2020;136500
28085;28072;05/06/2020;369090
28086;28073;05/06/2020;155000
28087;28074;05/06/2020;534000
28088;28075;05/06/2020;175400
28089;28076;05/06/2020;200000
28090;28077;05/06/2020;259000
28091;28078;05/06/2020;109250
28092;28079;05/06/2020;130750
28093;28080;05/06/2020;177000
28094;28081;05/06/2020;170000
28095;28082;05/06/2020;293500
28096;28083;05/06/2020;250000
28097;28084;05/06/2020;577700
28098;28085;05/06/2020;487500
28099;28086;05/06/2020;210000
28100;28087;05/06/2020;412900
28101;28088;05/06/2020;395000
28102;28089;05/06/2020;135000
28103;28090;05/06/2020;171900
28104;28091;05/06/2020;346500
28105;28092;05/06/2020;274200
28106;28093;05/06/2020;206000
28107;28094;05/06/2020;182351
28108;28095;05/06/2020;130000
28109;28096;05/06/2020;48300
28110;28097;05/06/2020;120000
28111;28098;05/06/2020;116000
28112;28099;05/06/2020;56000
28113;28100;05/06/2020;120000
28114;28101;05/06/2020;10000
28115;28102;05/06/2020;838910
28116;28103;05/06/2020;101080
28117;28104;05/06/2020;330210
28118;28105;05/06/2020;815000
28119;28106;05/06/2020;610000
28120;28107;05/06/2020;1340000
28121;28108;05/06/2020;2100000
28122;28109;05/06/2020;15000
28123;28110;05/06/2020;257040
28124;28111;05/06/2020;340000
28125;28112;05/06/2020;89500
28126;28113;05/06/2020;307000
28127;28114;05/06/2020;560000
28128;28115;05/06/2020;230650
28129;28116;05/06/2020;463000
28130;28117;05/06/2020;269000
28131;28118;05/06/2020;300000
28132;28119;05/06/2020;498000
28133;28120;05/06/2020;331000
28134;28121;05/06/2020;130000
28135;28122;05/06/2020;478900
28136;28123;05/06/2020;259500
28137;28124;05/06/2020;605000
28138;28125;05/06/2020;986000
28139;28126;05/06/2020;1000000
28140;28127;05/06/2020;607000
28141;28128;05/06/2020;1930000
28142;28129;05/06/2020;141500
28143;28130;05/06/2020;295000
28144;28131;05/06/2020;147100
28145;28132;05/06/2020;600000
28146;28133;05/06/2020;940000
28147;28134;05/06/2020;410000
28148;28135;05/06/2020;261905
28149;28136;05/06/2020;374750
28150;28137;05/06/2020;191500
28151;28138;05/06/2020;1570000
28152;28139;05/06/2020;1290000
28153;28140;05/06/2020;823450
28154;28141;05/06/2020;1110000
28155;28142;05/06/2020;2275000
28156;28143;05/06/2020;130000
28157;28144;05/06/2020;466800
28158;28145;05/06/2020;465000
28159;28146;05/06/2020;259200
28160;28147;05/06/2020;759000
28161;28148;05/06/2020;724000
28162;28149;05/06/2020;208000
28163;28150;05/06/2020;152000
28164;28151;05/06/2020;495000
28165;28152;05/06/2020;875250
28166;28153;05/06/2020;797300
28167;28154;05/06/2020;380000
28168;28155;05/06/2020;246700
28169;28156;05/06/2020;357000
28170;28157;05/06/2020;183000
28171;28158;05/06/2020;610755
28172;28159;05/06/2020;205000
28173;28160;05/06/2020;257000
28174;28161;05/06/2020;465000
28175;28162;05/06/2020;172000
28176;28163;05/06/2020;504292
28177;28164;05/06/2020;525000
28178;28165;05/06/2020;320000
28179;28166;05/06/2020;800000
28180;28167;05/06/2020;770000
28181;28168;05/06/2020;470000
28182;28169;05/06/2020;72500
28183;28170;05/06/2020;246100
28184;28171;05/06/2020;53200
28185;28172;05/06/2020;64000
28186;28173;05/06/2020;166500
28187;28174;05/06/2020;392500
28188;28175;05/06/2020;60000
28189;28176;05/06/2020;145000
28190;28177;05/06/2020;266000
28191;28178;05/06/2020;405000
28192;28179;05/06/2020;176020
28193;28180;05/06/2020;155900
28194;28181;05/06/2020;181600
28195;28182;05/06/2020;249600
28196;28183;05/06/2020;182000
28197;28184;05/06/2020;297000
28198;28185;05/06/2020;82000
28199;28186;05/06/2020;90000
28200;28187;05/06/2020;112750
28201;28188;05/06/2020;68000
28202;28189;05/06/2020;179000
28203;28190;05/06/2020;180000
28204;28191;05/06/2020;180000
28205;28192;05/06/2020;403200
28206;28193;05/06/2020;199000
28207;28194;05/06/2020;143000
28208;28195;05/06/2020;140000
28209;28196;05/06/2020;180500
28210;28197;05/06/2020;307000
28211;28198;05/06/2020;101500
28212;28199;05/06/2020;202000
28213;28200;05/06/2020;117500
28214;28201;05/06/2020;154000
28215;28202;05/06/2020;220000
28216;28203;05/06/2020;157000
28217;28204;05/06/2020;80000
28218;28205;05/06/2020;262000
28219;28206;05/06/2020;188000
28220;28207;05/06/2020;282536
28221;28208;05/06/2020;96000
28222;28209;05/06/2020;157000
28223;28210;05/06/2020;149000
28224;28211;05/06/2020;355000
28225;28212;05/06/2020;164000
28226;28213;05/06/2020;171920
28227;28214;05/06/2020;460000
28228;28215;05/06/2020;177000
28229;28216;05/06/2020;274000
28230;28217;05/06/2020;235500
28231;28218;05/06/2020;302000
28232;28219;05/06/2020;417720
28233;28220;05/06/2020;296000
28234;28221;05/06/2020;274350
28235;28222;05/06/2020;246400
28236;28223;05/06/2020;326500
28237;28224;05/06/2020;172000
28238;28225;05/06/2020;541650
28239;28226;05/06/2020;208000
28240;28227;05/06/2020;605000
28241;28228;05/06/2020;99000
28242;28229;05/06/2020;145000
28243;28230;05/06/2020;257500
28244;28231;05/06/2020;245000
28245;28232;05/06/2020;581000
28246;28233;05/06/2020;290000
28247;28234;05/06/2020;57500
28248;28235;05/06/2020;165000
28249;28236;05/06/2020;189000
28250;28237;05/06/2020;140950
28251;28238;05/06/2020;56000
28252;28239;05/06/2020;51210
28253;28240;05/06/2020;99220
28254;28241;05/06/2020;158500
28255;28242;05/06/2020;155500
28256;28243;05/06/2020;200650
28257;28244;05/06/2020;203000
28258;28245;05/06/2020;278000
28259;28246;05/06/2020;175000
28260;28247;05/06/2020;46000
28261;28248;05/06/2020;155000
28262;28249;05/06/2020;122000
28263;28250;05/06/2020;184000
28264;28251;05/06/2020;48000
28265;28252;05/06/2020;252628
28266;28253;05/06/2020;77000
28267;28254;05/06/2020;131680
28268;28255;05/06/2020;49000
28269;28256;05/06/2020;248000
28270;28257;05/06/2020;165000
28271;28258;05/06/2020;80830
28272;28259;05/06/2020;29010
28273;28260;05/06/2020;46000
28274;28261;05/06/2020;36000
28275;28262;05/06/2020;47000
28276;28263;05/06/2020;130000
28277;28264;05/06/2020;155000
28278;28265;05/06/2020;155000
28279;28266;05/06/2020;175000
28280;28267;05/06/2020;139350
28281;28268;05/06/2020;292000
28282;28269;05/06/2020;274500
28283;28270;05/06/2020;102000
28284;28271;05/06/2020;239000
28285;28272;05/06/2020;120000
28286;28273;05/06/2020;154850
28287;28274;05/06/2020;235000
28288;28275;05/06/2020;258000
28289;28276;05/06/2020;494000
28290;28277;05/06/2020;424500
28291;28278;05/06/2020;225000
28292;28279;05/06/2020;185000
28293;28280;05/06/2020;389300
28294;28281;05/06/2020;315000
28295;28282;05/06/2020;319000
28296;28283;05/06/2020;419000
28297;28284;05/06/2020;121030
28298;28285;05/06/2020;970000
28299;28286;05/06/2020;408900
28300;28287;05/06/2020;195000
28301;28288;05/06/2020;490800
28302;28289;05/06/2020;218005
28303;28290;05/06/2020;310000
28304;28291;05/06/2020;460000
28305;28292;05/06/2020;406300
28306;28293;05/06/2020;1220000
28307;28294;05/06/2020;390825
28308;28295;05/06/2020;327488
28309;28296;05/06/2020;230000
28310;28297;05/06/2020;200000
28311;28298;05/06/2020;590000
28312;28299;05/06/2020;287500
28313;28300;05/06/2020;170000
28314;28301;05/06/2020;172000
28315;28302;05/06/2020;770000
28316;28303;05/06/2020;148000
28317;28304;05/06/2020;120000
28318;28305;05/06/2020;192500
28319;28306;05/06/2020;174000
28320;28307;05/06/2020;299900
28321;28308;05/06/2020;147000
28322;28309;05/06/2020;149000
28323;28310;05/06/2020;658627
28324;28311;05/06/2020;114000
28325;28312;05/06/2020;153000
28326;28313;05/06/2020;390000
28327;28314;05/06/2020;122500
28328;28315;05/06/2020;208840
28329;28316;05/06/2020;115000
28330;28317;05/06/2020;120000
28331;28318;05/06/2020;134000
28332;28319;05/06/2020;230900
28333;28320;05/06/2020;162000
28334;28321;05/06/2020;240000
28335;28322;05/06/2020;395000
28336;28323;05/06/2020;218000
28337;28324;05/06/2020;141500
28338;28325;05/06/2020;179816
28339;28326;05/06/2020;78000
28340;28327;05/06/2020;327500
28341;28328;05/06/2020;520000
28342;28329;05/06/2020;232000
28343;28330;05/06/2020;173000
28344;28331;05/06/2020;390600
28345;28332;05/06/2020;225000
28346;28333;05/06/2020;346000
28347;28334;05/06/2020;415000
28348;28335;05/06/2020;105000
28349;28336;05/06/2020;175000
28350;28337;05/06/2020;340000
28351;28338;05/06/2020;57000
28352;28339;05/06/2020;335000
28353;28340;05/06/2020;476000
28354;28341;05/06/2020;542770
28355;28342;05/06/2020;208000
28356;28343;05/06/2020;233000
28357;28344;05/06/2020;212820
28358;28345;05/06/2020;193000
28359;28346;05/06/2020;124000
28360;28347;05/06/2020;105000
28361;28348;05/06/2020;68700
28362;28349;05/06/2020;189000
28363;28350;05/06/2020;115000
28364;28351;05/06/2020;172600
28365;28352;05/06/2020;182500
28366;28353;05/06/2020;135000
28367;28354;05/06/2020;150000
28368;28355;05/06/2020;230000
28369;28356;05/06/2020;91000
28370;28357;05/06/2020;136000
28371;28358;05/06/2020;280000
28372;28359;05/06/2020;127000
28373;28360;05/06/2020;299000
28374;28361;05/06/2020;229000
28375;28362;05/06/2020;156950
28376;28363;05/06/2020;280000
28377;28364;05/06/2020;149900
28378;28365;05/06/2020;126000
28379;28366;05/06/2020;109000
28380;28367;05/06/2020;148000
28381;28368;05/06/2020;225000
28382;28369;05/06/2020;128000
28383;28370;05/06/2020;229730
28384;28371;05/06/2020;195000
28385;28372;05/06/2020;235000
28386;28373;05/06/2020;270500
28387;28374;05/06/2020;65000
28388;28375;06/06/2020;20140
28389;28376;06/06/2020;78500
28390;28377;06/06/2020;33000
28391;28378;06/06/2020;152600
28392;28379;06/06/2020;66500
28393;28380;06/06/2020;69000
28394;28381;06/06/2020;34500
28395;28382;06/06/2020;50000
28396;28383;06/06/2020;90000
28397;28384;06/06/2020;84000
28398;28385;06/06/2020;90000
28399;28386;06/06/2020;206000
28400;28387;06/06/2020;67500
28401;28388;06/06/2020;145000
28402;28389;06/06/2020;38000
28403;28390;06/06/2020;62000
28404;28391;06/06/2020;127500
28405;28392;06/06/2020;60000
28406;28393;06/06/2020;59500
28407;28394;06/06/2020;169000
28408;28395;06/06/2020;145300
28409;28396;06/06/2020;245450
28410;28397;06/06/2020;70000
28411;28398;06/06/2020;105000
28412;28399;06/06/2020;58000
28413;28400;06/06/2020;75000
28414;28401;06/06/2020;9000
28415;28402;06/06/2020;186500
28416;28403;06/06/2020;167000
28417;28404;06/06/2020;480750
28418;28405;06/06/2020;122000
28419;28406;06/06/2020;112000
28420;28407;06/06/2020;33000
28421;28408;06/06/2020;135000
28422;28409;06/06/2020;69000
28423;28410;06/06/2020;181000
28424;28411;06/06/2020;68000
28425;28412;06/06/2020;115000
28426;28413;06/06/2020;139900
28427;28414;06/06/2020;379000
28428;28415;06/06/2020;117000
28429;28416;07/06/2020;22600
28430;28417;07/06/2020;131550
28431;28418;08/06/2020;43000
28432;28419;08/06/2020;85000
28433;28420;08/06/2020;75000
28434;28421;08/06/2020;278800
28435;28422;08/06/2020;89000
28436;28423;08/06/2020;120000
28437;28424;08/06/2020;130000
28438;28425;08/06/2020;179000
28439;28426;08/06/2020;274000
28440;28427;08/06/2020;186600
28441;28428;08/06/2020;214000
28442;28429;08/06/2020;105000
28443;28430;08/06/2020;183950
28444;28431;08/06/2020;394000
28445;28432;08/06/2020;103000
28446;28433;08/06/2020;78000
28447;28434;08/06/2020;56100
28448;28435;08/06/2020;210800
28449;28436;08/06/2020;89000
28450;28437;08/06/2020;96150
28451;28438;08/06/2020;410000
28452;28439;08/06/2020;116000
28453;28440;08/06/2020;352760
28454;28441;08/06/2020;230000
28455;28442;08/06/2020;117800
28456;28443;08/06/2020;85000
28457;28444;08/06/2020;161800
28458;28445;08/06/2020;77600
28459;28446;08/06/2020;254000
28460;28447;08/06/2020;58000
28461;28448;08/06/2020;320000
28462;28449;08/06/2020;114850
28463;28450;08/06/2020;79000
28464;28451;08/06/2020;113905
28465;28452;08/06/2020;41550
28466;28453;08/06/2020;98000
28467;28454;08/06/2020;141238
28468;28455;08/06/2020;135000
28469;28456;08/06/2020;118800
28470;28457;08/06/2020;145800
28471;28458;08/06/2020;104240
28472;28459;08/06/2020;55000
28473;28460;08/06/2020;69473
28474;28461;08/06/2020;153750
28475;28462;08/06/2020;148500
28476;28463;08/06/2020;87400
28477;28464;08/06/2020;140000
28478;28465;08/06/2020;54000
28479;28466;08/06/2020;42000
28480;28467;08/06/2020;117000
28481;28468;08/06/2020;75113
28482;28469;08/06/2020;66240
28483;28470;08/06/2020;136600
28484;28471;08/06/2020;93190
28485;28472;08/06/2020;80913
28486;28473;08/06/2020;117500
28487;28474;08/06/2020;68000
28488;28474;16/06/2020;45000
28489;28475;08/06/2020;40850
28490;28476;08/06/2020;88350
28491;28477;08/06/2020;400000
28492;28478;08/06/2020;25000
28493;28479;08/06/2020;196000
28494;28480;08/06/2020;69000
28495;28481;08/06/2020;104000
28496;28482;08/06/2020;441000
28497;28483;08/06/2020;95000
28498;28484;08/06/2020;480000
28499;28485;08/06/2020;89500
28500;28486;08/06/2020;88100
28501;28487;08/06/2020;74530
28502;28488;08/06/2020;378000
28503;28489;08/06/2020;135500
28504;28490;08/06/2020;34000
28505;28491;08/06/2020;49010
28506;28492;08/06/2020;28000
28507;28493;08/06/2020;40000
28508;28494;08/06/2020;124500
28509;28495;08/06/2020;83500
28510;28496;08/06/2020;79249
28511;28497;08/06/2020;138500
28512;28498;08/06/2020;144990
28513;28499;08/06/2020;120000
28514;28500;08/06/2020;150490
28515;28501;08/06/2020;138000
28516;28502;08/06/2020;79000
28517;28503;08/06/2020;27500
28518;28504;08/06/2020;105000
28519;28505;08/06/2020;33300
28520;28506;08/06/2020;104930
28521;28507;08/06/2020;63500
28522;28508;08/06/2020;153000
28523;28509;08/06/2020;160000
28524;28510;08/06/2020;129952
28525;28511;08/06/2020;129000
28526;28512;08/06/2020;145000
28527;28513;08/06/2020;91500
28528;28514;08/06/2020;60000
28529;28515;08/06/2020;565000
28530;28516;08/06/2020;145500
28531;28517;08/06/2020;360000
28532;28518;08/06/2020;131000
28533;28519;08/06/2020;135000
28534;28520;08/06/2020;47500
28535;28521;08/06/2020;27000
28536;28522;08/06/2020;71407
28537;28523;08/06/2020;110000
28538;28524;08/06/2020;138000
28539;28525;08/06/2020;112900
28540;28526;08/06/2020;256400
28541;28527;08/06/2020;126100
28542;28528;08/06/2020;248000
28543;28529;08/06/2020;310000
28544;28530;08/06/2020;617000
28545;28531;08/06/2020;325975
28546;28532;08/06/2020;1156500
28547;28533;08/06/2020;173000
28548;28534;08/06/2020;342500
28549;28535;08/06/2020;147000
28550;28536;08/06/2020;123000
28551;28537;08/06/2020;66000
28552;28538;08/06/2020;80800
28553;28539;08/06/2020;136000
28554;28540;08/06/2020;62290
28555;28541;08/06/2020;100000
28556;28542;08/06/2020;199000
28557;28543;08/06/2020;216745
28558;28544;08/06/2020;76000
28559;28545;08/06/2020;179500
28560;28546;08/06/2020;331650
28561;28547;08/06/2020;199000
28562;28548;08/06/2020;240000
28563;28549;08/06/2020;227000
28564;28550;08/06/2020;230000
28565;28551;08/06/2020;1168000
28566;28552;08/06/2020;460000
28567;28553;08/06/2020;223000
28568;28554;08/06/2020;825000
28569;28555;08/06/2020;650000
28570;28556;08/06/2020;29700
28571;28557;08/06/2020;621475
28572;28558;08/06/2020;607000
28573;28559;08/06/2020;1230000
28574;28560;08/06/2020;560000
28575;28561;08/06/2020;373880
28576;28562;08/06/2020;1470000
28577;28563;08/06/2020;860000
28578;28564;08/06/2020;815000
28579;28565;08/06/2020;202000
28580;28566;08/06/2020;205000
28581;28567;08/06/2020;390000
28582;28568;08/06/2020;274000
28583;28569;08/06/2020;334000
28584;28570;08/06/2020;492999
28585;28571;08/06/2020;785400
28586;28572;08/06/2020;582960
28587;28573;08/06/2020;270000
28588;28574;08/06/2020;475650
28589;28575;08/06/2020;160000
28590;28576;08/06/2020;315000
28591;28577;08/06/2020;129980
28592;28578;08/06/2020;62850
28593;28579;08/06/2020;91000
28594;28580;08/06/2020;115000
28595;28581;08/06/2020;236000
28596;28582;08/06/2020;150000
28597;28583;08/06/2020;79000
28598;28584;08/06/2020;278000
28599;28585;08/06/2020;174500
28600;28586;08/06/2020;246500
28601;28587;08/06/2020;155000
28602;28588;08/06/2020;460000
28603;28589;08/06/2020;244000
28604;28590;08/06/2020;342500
28605;28591;08/06/2020;124690
28606;28592;08/06/2020;124000
28607;28593;08/06/2020;240000
28608;28594;08/06/2020;195200
28609;28595;08/06/2020;195000
28610;28596;08/06/2020;312000
28611;28597;08/06/2020;124000
28612;28598;08/06/2020;300000
28613;28599;08/06/2020;257000
28614;28600;08/06/2020;132000
28615;28601;08/06/2020;130000
28616;28602;08/06/2020;250000
28617;28603;08/06/2020;237500
28618;28604;08/06/2020;277800
28619;28605;08/06/2020;242000
28620;28606;08/06/2020;36000
28621;28607;08/06/2020;57100
28622;28608;08/06/2020;110000
28623;28609;08/06/2020;162200
28624;28610;08/06/2020;147400
28625;28611;08/06/2020;108000
28626;28612;08/06/2020;14000
28627;28613;08/06/2020;45000
28628;28614;08/06/2020;243750
28629;28615;08/06/2020;250014
28630;28616;08/06/2020;233000
28631;28617;08/06/2020;83000
28632;28618;08/06/2020;161000
28633;28619;08/06/2020;59000
28634;28620;08/06/2020;118000
28635;28621;08/06/2020;55000
28636;28622;08/06/2020;148200
28637;28623;08/06/2020;30000
28638;28624;08/06/2020;39500
28639;28625;08/06/2020;150000
28640;28626;08/06/2020;276500
28641;28627;08/06/2020;190000
28642;28628;08/06/2020;215000
28643;28629;08/06/2020;77000
28644;28630;08/06/2020;148223
28645;28631;08/06/2020;140000
28646;28632;08/06/2020;215000
28647;28633;08/06/2020;215000
28648;28634;08/06/2020;240000
28649;28635;08/06/2020;174115
28650;28636;08/06/2020;332200
28651;28637;08/06/2020;700600
28652;28638;08/06/2020;432300
28653;28639;08/06/2020;400000
28654;28640;08/06/2020;309179
28655;28641;08/06/2020;1055405
28656;28642;08/06/2020;569000
28657;28643;08/06/2020;510000
28658;28644;08/06/2020;747300
28659;28645;08/06/2020;190000
28660;28646;08/06/2020;248000
28661;28647;08/06/2020;534000
28662;28648;08/06/2020;859000
28663;28649;08/06/2020;475000
28664;28650;08/06/2020;225000
28665;28651;08/06/2020;450480
28666;28652;08/06/2020;240000
28667;28653;08/06/2020;630000
28668;28654;08/06/2020;273000
28669;28655;08/06/2020;306500
28670;28656;08/06/2020;190900
28671;28657;08/06/2020;115000
28672;28658;08/06/2020;687770
28673;28659;08/06/2020;214000
28674;28660;08/06/2020;175500
28675;28661;08/06/2020;465000
28676;28662;08/06/2020;230000
28677;28663;08/06/2020;332000
28678;28664;08/06/2020;252500
28679;28665;08/06/2020;178000
28680;28666;08/06/2020;280000
28681;28667;08/06/2020;405420
28682;28668;08/06/2020;391110
28683;28669;08/06/2020;223250
28684;28670;08/06/2020;213000
28685;28671;08/06/2020;255000
28686;28672;08/06/2020;177900
28687;28673;08/06/2020;195000
28688;28674;08/06/2020;132100
28689;28675;08/06/2020;137000
28690;28676;08/06/2020;219438
28691;28677;08/06/2020;159000
28692;28678;08/06/2020;119000
28693;28679;08/06/2020;134000
28694;28680;08/06/2020;175000
28695;28681;08/06/2020;220000
28696;28682;08/06/2020;257500
28697;28683;08/06/2020;43200
28698;28684;08/06/2020;350000
28699;28685;09/06/2020;148586
28700;28686;09/06/2020;26500
28701;28687;09/06/2020;144000
28702;28688;09/06/2020;102010
28703;28689;09/06/2020;130000
28704;28690;09/06/2020;129600
28705;28691;09/06/2020;196000
28706;28692;09/06/2020;84112
28707;28693;09/06/2020;166500
28708;28694;09/06/2020;219990
28709;28695;09/06/2020;295000
28710;28696;09/06/2020;95000
28711;28697;09/06/2020;30000
28712;28698;09/06/2020;65500
28713;28699;09/06/2020;349118
28714;28700;09/06/2020;81950
28715;28701;09/06/2020;47000
28716;28702;09/06/2020;142620
28717;28703;09/06/2020;156000
28718;28704;09/06/2020;138000
28719;28705;09/06/2020;83000
28720;28706;09/06/2020;64300
28721;28707;09/06/2020;135800
28722;28708;09/06/2020;150000
28723;28709;09/06/2020;66000
28724;28710;09/06/2020;119900
28725;28711;09/06/2020;135000
28726;28712;09/06/2020;135000
28727;28713;09/06/2020;209000
28728;28714;09/06/2020;119670
28729;28715;09/06/2020;309000
28730;28716;09/06/2020;142000
28731;28717;09/06/2020;144000
28732;28718;09/06/2020;46100
28733;28719;09/06/2020;109700
28734;28720;09/06/2020;60000
28735;28721;09/06/2020;216210
28736;28722;09/06/2020;125000
28737;28723;09/06/2020;79600
28738;28724;09/06/2020;96300
28739;28725;09/06/2020;88000
28740;28726;09/06/2020;40000
28741;28727;09/06/2020;161000
28742;28728;09/06/2020;327500
28743;28729;09/06/2020;243700
28744;28730;09/06/2020;90480
28745;28731;09/06/2020;215000
28746;28732;09/06/2020;167000
28747;28733;09/06/2020;185700
28748;28734;09/06/2020;79689
28749;28735;09/06/2020;146200
28750;28736;09/06/2020;119712
28751;28737;09/06/2020;79600
28752;28738;09/06/2020;74000
28753;28739;09/06/2020;150000
28754;28740;09/06/2020;90000
28755;28741;09/06/2020;503500
28756;28742;09/06/2020;207700
28757;28743;09/06/2020;55000
28758;28744;09/06/2020;106000
28759;28745;09/06/2020;135000
28760;28746;09/06/2020;100000
28761;28747;09/06/2020;138250
28762;28748;09/06/2020;191650
28763;28749;09/06/2020;74100
28764;28750;09/06/2020;79000
28765;28751;09/06/2020;95000
28766;28752;09/06/2020;40000
28767;28753;09/06/2020;88500
28768;28754;09/06/2020;482500
28769;28755;09/06/2020;174570
28770;28756;09/06/2020;213200
28771;28757;09/06/2020;151000
28772;28758;09/06/2020;75000
28773;28759;09/06/2020;94400
28774;28760;09/06/2020;43000
28775;28761;09/06/2020;42000
28776;28762;09/06/2020;75000
28777;28763;09/06/2020;116000
28778;28764;09/06/2020;59500
28779;28765;09/06/2020;120000
28780;28766;09/06/2020;53500
28781;28767;09/06/2020;126200
28782;28768;09/06/2020;41800
28783;28769;09/06/2020;135000
28784;28770;09/06/2020;159000
28785;28771;09/06/2020;419600
28786;28772;09/06/2020;187100
28787;28773;09/06/2020;127500
28788;28774;09/06/2020;74000
28789;28775;09/06/2020;37000
28790;28776;09/06/2020;229000
28791;28777;09/06/2020;131000
28792;28778;09/06/2020;50000
28793;28779;09/06/2020;55000
28794;28780;09/06/2020;292000
28795;28781;09/06/2020;230000
28796;28782;09/06/2020;135600
28797;28783;09/06/2020;212000
28798;28784;09/06/2020;90450
28799;28785;09/06/2020;135920
28800;28786;09/06/2020;219000
28801;28787;09/06/2020;355400
28802;28788;09/06/2020;182000
28803;28789;09/06/2020;161050
28804;28790;09/06/2020;309000
28805;28791;09/06/2020;373300
28806;28792;09/06/2020;544500
28807;28793;09/06/2020;352000
28808;28794;09/06/2020;1020000
28809;28795;09/06/2020;295000
28810;28796;09/06/2020;105000
28811;28797;09/06/2020;350000
28812;28798;09/06/2020;342550
28813;28799;09/06/2020;85000
28814;28800;09/06/2020;231150
28815;28801;09/06/2020;129000
28816;28802;09/06/2020;182000
28817;28803;09/06/2020;128140
28818;28804;09/06/2020;224000
28819;28805;09/06/2020;230000
28820;28806;09/06/2020;97500
28821;28807;09/06/2020;239900
28822;28808;09/06/2020;814955
28823;28809;09/06/2020;560740
28824;28810;09/06/2020;290000
28825;28811;09/06/2020;600000
28826;28812;09/06/2020;388000
28827;28813;09/06/2020;350000
28828;28814;09/06/2020;333200
28829;28815;09/06/2020;154000
28830;28816;09/06/2020;445000
28831;28817;09/06/2020;965000
28832;28818;09/06/2020;160000
28833;28819;09/06/2020;115000
28834;28820;09/06/2020;289750
28835;28821;09/06/2020;819100
28836;28822;09/06/2020;565000
28837;28823;09/06/2020;742100
28838;28824;09/06/2020;1075000
28839;28825;09/06/2020;1018500
28840;28826;09/06/2020;1046000
28841;28827;09/06/2020;1191100
28842;28828;09/06/2020;375000
28843;28829;09/06/2020;149000
28844;28830;09/06/2020;454000
28845;28831;09/06/2020;163000
28846;28832;09/06/2020;457000
28847;28833;09/06/2020;160050
28848;28834;09/06/2020;843000
28849;28835;09/06/2020;950000
28850;28836;09/06/2020;347000
28851;28837;09/06/2020;165000
28852;28838;09/06/2020;299000
28853;28839;09/06/2020;380010
28854;28840;09/06/2020;1300000
28855;28841;09/06/2020;630000
28856;28842;09/06/2020;368000
28857;28843;09/06/2020;147250
28858;28844;09/06/2020;143000
28859;28845;09/06/2020;66500
28860;28846;09/06/2020;39000
28861;28847;09/06/2020;242550
28862;28848;09/06/2020;255000
28863;28849;09/06/2020;250000
28864;28850;09/06/2020;120000
28865;28851;09/06/2020;138580
28866;28852;09/06/2020;115500
28867;28853;09/06/2020;160000
28868;28854;09/06/2020;125500
28869;28855;09/06/2020;135500
28870;28856;09/06/2020;111300
28871;28857;09/06/2020;189000
28872;28858;09/06/2020;138100
28873;28859;09/06/2020;145000
28874;28860;09/06/2020;230000
28875;28861;09/06/2020;115000
28876;28862;09/06/2020;320000
28877;28863;09/06/2020;170000
28878;28864;09/06/2020;152000
28879;28865;09/06/2020;199000
28880;28866;09/06/2020;120000
28881;28867;09/06/2020;125000
28882;28868;09/06/2020;395000
28883;28869;09/06/2020;233000
28884;28870;09/06/2020;125000
28885;28871;09/06/2020;220000
28886;28872;09/06/2020;89000
28887;28873;09/06/2020;425900
28888;28874;09/06/2020;117516
28889;28875;09/06/2020;98000
28890;28876;09/06/2020;196452
28891;28877;09/06/2020;86736
28892;28878;09/06/2020;190500
28893;28879;09/06/2020;192560
28894;28880;09/06/2020;819575
28895;28881;09/06/2020;97000
28896;28882;09/06/2020;100000
28897;28883;09/06/2020;145000
28898;28884;09/06/2020;139000
28899;28885;09/06/2020;140000
28900;28886;09/06/2020;204300
28901;28887;09/06/2020;205000
28902;28888;09/06/2020;243000
28903;28889;09/06/2020;180000
28904;28890;09/06/2020;96507
28905;28891;09/06/2020;208250
28906;28892;09/06/2020;77450
28907;28893;09/06/2020;128500
28908;28894;09/06/2020;205650
28909;28895;09/06/2020;232000
28910;28896;09/06/2020;155000
28911;28897;09/06/2020;89000
28912;28898;09/06/2020;365000
28913;28899;09/06/2020;82250
28914;28900;09/06/2020;225440
28915;28901;09/06/2020;85000
28916;28902;09/06/2020;165000
28917;28903;09/06/2020;59000
28918;28904;09/06/2020;52654
28919;28905;09/06/2020;42000
28920;28906;09/06/2020;52420
28921;28907;09/06/2020;66000
28922;28908;09/06/2020;168000
28923;28909;09/06/2020;139000
28924;28910;09/06/2020;133000
28925;28911;09/06/2020;160000
28926;28912;09/06/2020;88000
28927;28913;09/06/2020;260000
28928;28914;09/06/2020;139100
28929;28915;09/06/2020;72000
28930;28916;09/06/2020;167800
28931;28917;09/06/2020;146460
28932;28918;09/06/2020;236950
28933;28919;09/06/2020;115000
28934;28920;09/06/2020;235000
28935;28921;09/06/2020;45000
28936;28922;09/06/2020;245700
28937;28923;09/06/2020;332270
28938;28924;09/06/2020;153000
28939;28925;09/06/2020;818700
28940;28926;09/06/2020;443000
28941;28927;09/06/2020;138000
28942;28928;09/06/2020;325000
28943;28929;09/06/2020;569500
28944;28930;09/06/2020;326000
28945;28931;09/06/2020;260000
28946;28932;09/06/2020;60000
28947;28933;09/06/2020;143000
28948;28934;09/06/2020;212000
28949;28935;09/06/2020;229000
28950;28936;09/06/2020;132000
28951;28937;09/06/2020;219500
28952;28938;09/06/2020;201000
28953;28939;09/06/2020;117500
28954;28940;09/06/2020;555502
28955;28941;09/06/2020;133500
28956;28942;09/06/2020;249000
28957;28943;09/06/2020;183000
28958;28944;09/06/2020;126000
28959;28945;09/06/2020;154000
28960;28946;09/06/2020;345000
28961;28947;09/06/2020;165000
28962;28948;09/06/2020;178000
28963;28949;09/06/2020;180000
28964;28950;09/06/2020;260000
28965;28951;09/06/2020;260000
28966;28952;09/06/2020;299000
28967;28953;09/06/2020;
28968;28954;09/06/2020;126000
28969;28955;09/06/2020;259000
28970;28956;09/06/2020;260000
28971;28957;09/06/2020;103175
28972;28958;09/06/2020;490000
28973;28959;09/06/2020;185000
28974;28960;09/06/2020;140000
28975;28961;09/06/2020;222500
28976;28962;09/06/2020;166000
28977;28963;09/06/2020;240000
28978;28964;09/06/2020;216000
28979;28965;09/06/2020;546900
28980;28966;09/06/2020;165000
28981;28967;09/06/2020;172000
28982;28968;09/06/2020;150000
28983;28969;09/06/2020;150000
28984;28970;09/06/2020;96000
28985;28971;09/06/2020;121000
28986;28972;09/06/2020;200000
28987;28973;09/06/2020;137000
28988;28974;09/06/2020;76000
28989;28975;10/06/2020;67000
28990;28976;10/06/2020;53000
28991;28977;10/06/2020;140000
28992;28978;10/06/2020;134300
28993;28979;10/06/2020;225500
28994;28980;10/06/2020;233400
28995;28981;10/06/2020;100000
28996;28982;10/06/2020;260000
28997;28983;10/06/2020;370000
28998;28984;10/06/2020;240000
28999;28985;10/06/2020;90500
29000;28986;10/06/2020;294975
29001;28987;10/06/2020;203300
29002;28988;10/06/2020;102800
29003;28989;10/06/2020;65500
29004;28990;10/06/2020;219400
29005;28991;10/06/2020;133000
29006;28992;10/06/2020;342500
29007;28993;10/06/2020;365000
29008;28994;10/06/2020;120000
29009;28995;10/06/2020;66000
29010;28996;10/06/2020;99500
29011;28997;10/06/2020;101500
29012;28998;10/06/2020;31000
29013;28999;10/06/2020;74260
29014;29000;10/06/2020;220000
29015;29001;10/06/2020;67500
29016;29002;10/06/2020;169000
29017;29003;10/06/2020;89905
29018;29004;10/06/2020;58850
29019;29005;10/06/2020;170000
29020;29006;10/06/2020;102900
29021;29007;10/06/2020;251000
29022;29008;10/06/2020;90000
29023;29009;10/06/2020;157500
29024;29010;10/06/2020;344190
29025;29011;10/06/2020;141000
29026;29012;10/06/2020;305000
29027;29013;10/06/2020;185000
29028;29014;10/06/2020;190000
29029;29015;10/06/2020;74000
29030;29016;10/06/2020;94700
29031;29017;10/06/2020;340641
29032;29018;10/06/2020;80100
29033;29019;10/06/2020;113200
29034;29020;10/06/2020;221870
29035;29021;10/06/2020;191947
29036;29022;10/06/2020;167000
29037;29023;10/06/2020;255000
29038;29024;10/06/2020;94000
29039;29025;10/06/2020;100000
29040;29026;10/06/2020;70000
29041;29027;10/06/2020;220000
29042;29028;10/06/2020;158000
29043;29029;10/06/2020;250000
29044;29030;10/06/2020;148000
29045;29031;10/06/2020;458000
29046;29032;10/06/2020;117000
29047;29033;10/06/2020;105000
29048;29034;10/06/2020;229300
29049;29035;10/06/2020;145575
29050;29036;10/06/2020;160000
29051;29037;10/06/2020;255000
29052;29038;10/06/2020;150000
29053;29039;10/06/2020;119000
29054;29040;10/06/2020;67500
29055;29041;10/06/2020;101750
29056;29042;10/06/2020;108500
29057;29043;10/06/2020;154914
29058;29044;10/06/2020;91020
29059;29045;10/06/2020;72000
29060;29046;10/06/2020;293000
29061;29047;10/06/2020;313700
29062;29048;10/06/2020;182000
29063;29049;10/06/2020;59500
29064;29050;10/06/2020;78000
29065;29051;10/06/2020;65000
29066;29052;10/06/2020;180500
29067;29053;10/06/2020;153000
29068;29054;10/06/2020;149150
29069;29055;10/06/2020;62000
29070;29056;10/06/2020;378480
29071;29057;10/06/2020;336000
29072;29058;10/06/2020;127800
29073;29059;10/06/2020;81859
29074;29060;10/06/2020;95200
29075;29061;10/06/2020;242654
29076;29062;10/06/2020;36780
29077;29063;10/06/2020;50500
29078;29064;10/06/2020;62000
29079;29065;10/06/2020;90000
29080;29066;10/06/2020;123500
29081;29067;10/06/2020;142000
29082;29068;10/06/2020;140000
29083;29069;10/06/2020;106900
29084;29070;10/06/2020;203750
29085;29071;10/06/2020;66500
29086;29072;10/06/2020;57000
29087;29073;10/06/2020;160500
29088;29074;10/06/2020;203000
29089;29075;10/06/2020;214300
29090;29076;10/06/2020;213430
29091;29077;10/06/2020;156000
29092;29078;10/06/2020;165000
29093;29079;10/06/2020;127000
29094;29080;10/06/2020;177000
29095;29081;10/06/2020;128000
29096;29082;10/06/2020;121980
29097;29083;10/06/2020;210000
29098;29084;10/06/2020;115000
29099;29085;10/06/2020;97000
29100;29086;10/06/2020;66000
29101;29087;10/06/2020;56000
29102;29088;10/06/2020;85000
29103;29089;10/06/2020;46000
29104;29090;10/06/2020;110000
29105;29091;10/06/2020;82000
29106;29092;10/06/2020;155000
29107;29093;10/06/2020;32900
29108;29094;10/06/2020;166500
29109;29095;10/06/2020;73400
29110;29096;10/06/2020;96500
29111;29097;10/06/2020;36000
29112;29098;10/06/2020;73000
29113;29099;10/06/2020;138500
29114;29100;10/06/2020;110000
29115;29101;10/06/2020;345000
29116;29102;10/06/2020;155000
29117;29103;10/06/2020;102600
29118;29104;10/06/2020;135000
29119;29105;10/06/2020;244000
29120;29106;10/06/2020;135000
29121;29107;10/06/2020;164000
29122;29108;10/06/2020;177500
29123;29109;10/06/2020;165000
29124;29110;10/06/2020;117000
29125;29111;10/06/2020;351000
29126;29112;10/06/2020;259000
29127;29113;10/06/2020;277500
29128;29114;10/06/2020;371500
29129;29115;10/06/2020;115480
29130;29116;10/06/2020;134000
29131;29117;10/06/2020;95000
29132;29118;10/06/2020;26000
29133;29119;10/06/2020;46500
29134;29120;10/06/2020;85000
29135;29121;10/06/2020;111000
29136;29122;10/06/2020;138000
29137;29123;10/06/2020;103000
29138;29124;10/06/2020;78000
29139;29125;10/06/2020;790000
29140;29126;10/06/2020;165000
29141;29127;10/06/2020;500000
29142;29128;10/06/2020;359020
29143;29129;10/06/2020;1520000
29144;29130;10/06/2020;1150000
29145;29131;10/06/2020;224742
29146;29132;10/06/2020;790250
29147;29133;10/06/2020;210000
29148;29134;10/06/2020;44000
29149;29135;10/06/2020;948320
29150;29136;10/06/2020;454000
29151;29137;10/06/2020;275000
29152;29138;10/06/2020;389500
29153;29139;10/06/2020;453300
29154;29140;10/06/2020;750000
29155;29141;10/06/2020;420000
29156;29142;10/06/2020;397750
29157;29143;10/06/2020;548000
29158;29144;10/06/2020;372000
29159;29145;10/06/2020;430000
29160;29146;10/06/2020;1400880
29161;29147;10/06/2020;530000
29162;29148;10/06/2020;844800
29163;29149;10/06/2020;568000
29164;29150;10/06/2020;4520000
29165;29151;10/06/2020;2042802
29166;29152;10/06/2020;806650
29167;29153;10/06/2020;250000
29168;29154;10/06/2020;702950
29169;29155;10/06/2020;611190
29170;29156;10/06/2020;125000
29171;29157;10/06/2020;360000
29172;29158;10/06/2020;892500
29173;29159;10/06/2020;148650
29174;29160;10/06/2020;420000
29175;29161;10/06/2020;520000
29176;29162;10/06/2020;650000
29177;29163;10/06/2020;356000
29178;29164;10/06/2020;190000
29179;29165;10/06/2020;282000
29180;29166;10/06/2020;560000
29181;29167;10/06/2020;161200
29182;29168;10/06/2020;115000
29183;29169;10/06/2020;115500
29184;29170;10/06/2020;107000
29185;29171;10/06/2020;130000
29186;29172;10/06/2020;75000
29187;29173;10/06/2020;135200
29188;29174;10/06/2020;130000
29189;29175;10/06/2020;25000
29190;29176;10/06/2020;179000
29191;29177;10/06/2020;170000
29192;29178;10/06/2020;145000
29193;29179;10/06/2020;188000
29194;29180;10/06/2020;108000
29195;29181;10/06/2020;94700
29196;29182;10/06/2020;168000
29197;29183;10/06/2020;150000
29198;29184;10/06/2020;199000
29199;29185;10/06/2020;210000
29200;29186;10/06/2020;224000
29201;29187;10/06/2020;145000
29202;29188;10/06/2020;190700
29203;29189;10/06/2020;260000
29204;29190;10/06/2020;292000
29205;29191;10/06/2020;646050
29206;29192;10/06/2020;110000
29207;29193;10/06/2020;265000
29208;29194;10/06/2020;418000
29209;29195;10/06/2020;150000
29210;29196;10/06/2020;179500
29211;29197;10/06/2020;200400
29212;29198;10/06/2020;246500
29213;29199;10/06/2020;166500
29214;29200;10/06/2020;177850
29215;29201;10/06/2020;115000
29216;29202;10/06/2020;245000
29217;29203;10/06/2020;202615
29218;29204;10/06/2020;220000
29219;29205;10/06/2020;151000
29220;29206;10/06/2020;145990
29221;29207;10/06/2020;186000
29222;29208;10/06/2020;129000
29223;29209;10/06/2020;130000
29224;29210;10/06/2020;138000
29225;29211;10/06/2020;122000
29226;29212;10/06/2020;29000
29227;29213;10/06/2020;91000
29228;29214;10/06/2020;141000
29229;29215;10/06/2020;138000
29230;29216;10/06/2020;130000
29231;29217;10/06/2020;118500
29232;29218;10/06/2020;86000
29233;29219;10/06/2020;97200
29234;29220;10/06/2020;122000
29235;29221;10/06/2020;152000
29236;29222;10/06/2020;149000
29237;29223;10/06/2020;128000
29238;29224;10/06/2020;205000
29239;29225;10/06/2020;245000
29240;29226;10/06/2020;225000
29241;29227;10/06/2020;290800
29242;29228;10/06/2020;119000
29243;29229;10/06/2020;103500
29244;29230;10/06/2020;192000
29245;29231;10/06/2020;205000
29246;29232;10/06/2020;562500
29247;29233;10/06/2020;153000
29248;29234;10/06/2020;275800
29249;29235;10/06/2020;370000
29250;29236;10/06/2020;625900
29251;29237;10/06/2020;220000
29252;29238;10/06/2020;351000
29253;29239;10/06/2020;150000
29254;29240;10/06/2020;261000
29255;29241;10/06/2020;332000
29256;29242;10/06/2020;294000
29257;29243;10/06/2020;497580
29258;29244;10/06/2020;177650
29259;29245;10/06/2020;545000
29260;29246;10/06/2020;125000
29261;29247;10/06/2020;222500
29262;29248;10/06/2020;223570
29263;29249;10/06/2020;140000
29264;29250;10/06/2020;425000
29265;29251;10/06/2020;139000
29266;29252;10/06/2020;144000
29267;29253;10/06/2020;279170
29268;29254;10/06/2020;272000
29269;29255;10/06/2020;735000
29270;29256;10/06/2020;347000
29271;29257;10/06/2020;165000
29272;29258;10/06/2020;349000
29273;29259;10/06/2020;355000
29274;29260;10/06/2020;235000
29275;29261;10/06/2020;102000
29276;29262;10/06/2020;505000
29277;29263;10/06/2020;272000
29278;29264;10/06/2020;160000
29279;29265;10/06/2020;523000
29280;29266;10/06/2020;323000
29281;29267;10/06/2020;365000
29282;29268;10/06/2020;204000
29283;29269;10/06/2020;261000
29284;29270;10/06/2020;283000
29285;29271;10/06/2020;244500
29286;29272;10/06/2020;1170000
29287;29273;10/06/2020;63000
29288;29274;10/06/2020;72300
29289;29275;10/06/2020;251380
29290;29276;10/06/2020;154000
29291;29277;10/06/2020;258000
29292;29278;10/06/2020;188000
29293;29279;10/06/2020;193300
29294;29280;10/06/2020;221000
29295;29281;10/06/2020;188000
29296;29282;10/06/2020;160000
29297;29283;10/06/2020;75000
29298;29284;10/06/2020;159000
29299;29285;10/06/2020;150000
29300;29286;10/06/2020;112500
29301;29287;10/06/2020;145000
29302;29288;10/06/2020;264000
29303;29289;11/06/2020;220470
29304;29290;11/06/2020;54000
29305;29291;11/06/2020;95000
29306;29292;11/06/2020;272000
29307;29293;11/06/2020;140000
29308;29294;11/06/2020;112000
29309;29295;11/06/2020;439200
29310;29296;11/06/2020;113300
29311;29297;11/06/2020;169600
29312;29298;11/06/2020;189400
29313;29299;11/06/2020;113000
29314;29300;11/06/2020;147700
29315;29301;11/06/2020;479108
29316;29302;11/06/2020;89000
29317;29303;11/06/2020;52000
29318;29304;11/06/2020;204000
29319;29305;11/06/2020;142000
29320;29306;11/06/2020;57500
29321;29307;11/06/2020;70000
29322;29308;11/06/2020;200000
29323;29309;11/06/2020;375500
29324;29310;11/06/2020;81000
29325;29311;11/06/2020;47000
29326;29312;11/06/2020;132850
29327;29313;11/06/2020;55000
29328;29314;11/06/2020;41500
29329;29315;11/06/2020;53900
29330;29316;11/06/2020;177000
29331;29317;11/06/2020;84000
29332;29318;11/06/2020;120000
29333;29319;11/06/2020;77000
29334;29320;11/06/2020;51000
29335;29321;11/06/2020;118500
29336;29322;11/06/2020;82720
29337;29323;11/06/2020;141000
29338;29324;11/06/2020;207000
29339;29325;11/06/2020;111250
29340;29326;11/06/2020;209850
29341;29327;11/06/2020;93000
29342;29328;11/06/2020;263000
29343;29329;11/06/2020;230000
29344;29330;11/06/2020;144500
29345;29331;11/06/2020;396000
29346;29332;11/06/2020;926500
29347;29333;11/06/2020;124000
29348;29334;11/06/2020;144250
29349;29335;11/06/2020;118600
29350;29336;11/06/2020;152000
29351;29337;11/06/2020;173000
29352;29338;11/06/2020;50000
29353;29339;11/06/2020;205801
29354;29340;11/06/2020;91000
29355;29341;11/06/2020;92984
29356;29342;11/06/2020;45000
29357;29343;11/06/2020;109880
29358;29344;11/06/2020;80000
29359;29345;11/06/2020;433620
29360;29346;11/06/2020;58000
29361;29347;11/06/2020;107000
29362;29348;11/06/2020;87000
29363;29349;11/06/2020;120000
29364;29350;11/06/2020;124000
29365;29351;11/06/2020;142300
29366;29352;11/06/2020;61500
29367;29353;11/06/2020;51000
29368;29354;11/06/2020;109000
29369;29355;11/06/2020;109000
29370;29356;11/06/2020;140000
29371;29357;11/06/2020;39000
29372;29358;11/06/2020;124000
29373;29359;11/06/2020;190000
29374;29360;11/06/2020;73515
29375;29361;11/06/2020;81837
29376;29362;11/06/2020;148000
29377;29363;11/06/2020;194000
29378;29364;11/06/2020;196000
29379;29365;11/06/2020;206000
29380;29366;11/06/2020;103000
29381;29367;11/06/2020;77800
29382;29368;11/06/2020;198000
29383;29369;11/06/2020;221600
29384;29370;11/06/2020;227000
29385;29371;11/06/2020;230500
29386;29372;11/06/2020;106000
29387;29373;11/06/2020;86500
29388;29374;11/06/2020;59000
29389;29375;11/06/2020;197800
29390;29376;11/06/2020;58000
29391;29377;11/06/2020;82000
29392;29378;11/06/2020;174000
29393;29379;11/06/2020;166250
29394;29380;11/06/2020;110500
29395;29381;11/06/2020;57295
29396;29382;11/06/2020;170050
29397;29383;11/06/2020;83000
29398;29384;11/06/2020;152500
29399;29385;11/06/2020;362300
29400;29386;11/06/2020;122000
29401;29387;11/06/2020;56700
29402;29388;11/06/2020;81000
29403;29389;11/06/2020;103770
29404;29390;11/06/2020;150000
29405;29391;11/06/2020;60000
29406;29392;11/06/2020;64500
29407;29393;11/06/2020;38000
29408;29394;11/06/2020;173000
29409;29395;11/06/2020;65000
29410;29396;11/06/2020;40500
29411;29397;11/06/2020;88400
29412;29398;11/06/2020;75000
29413;29399;11/06/2020;96370
29414;29400;11/06/2020;132000
29415;29401;11/06/2020;165000
29416;29402;11/06/2020;156100
29417;29403;11/06/2020;128000
29418;29404;11/06/2020;130000
29419;29405;11/06/2020;155000
29420;29406;11/06/2020;330000
29421;29407;11/06/2020;330200
29422;29408;11/06/2020;185000
29423;29409;11/06/2020;290000
29424;29410;11/06/2020;295900
29425;29411;11/06/2020;210260
29426;29412;11/06/2020;90000
29427;29413;11/06/2020;87000
29428;29414;11/06/2020;184078
29429;29415;11/06/2020;279750
29430;29416;11/06/2020;720000
29431;29417;11/06/2020;433000
29432;29418;11/06/2020;235200
29433;29419;11/06/2020;130000
29434;29420;11/06/2020;315000
29435;29421;11/06/2020;1063000
29436;29422;11/06/2020;600000
29437;29423;11/06/2020;288600
29438;29424;11/06/2020;436000
29439;29425;11/06/2020;292500
29440;29426;11/06/2020;460653
29441;29427;11/06/2020;245960
29442;29428;11/06/2020;350960
29443;29429;11/06/2020;730000
29444;29430;11/06/2020;392142
29445;29431;11/06/2020;884000
29446;29432;11/06/2020;153100
29447;29433;11/06/2020;640000
29448;29434;11/06/2020;300000
29449;29435;11/06/2020;148000
29450;29436;11/06/2020;943590
29451;29437;11/06/2020;150000
29452;29438;11/06/2020;1750000
29453;29439;11/06/2020;1170000
29454;29440;11/06/2020;1085000
29455;29441;11/06/2020;520000
29456;29442;11/06/2020;175000
29457;29443;11/06/2020;1465000
29458;29444;11/06/2020;2000000
29459;29445;11/06/2020;220800
29460;29446;11/06/2020;95000
29461;29447;11/06/2020;260000
29462;29448;11/06/2020;395250
29463;29449;11/06/2020;373000
29464;29450;11/06/2020;431950
29465;29451;11/06/2020;564500
29466;29452;11/06/2020;371550
29467;29453;11/06/2020;196800
29468;29454;11/06/2020;282000
29469;29455;11/06/2020;288000
29470;29456;11/06/2020;429900
29471;29457;11/06/2020;263770
29472;29458;11/06/2020;221130
29473;29459;11/06/2020;247750
29474;29460;11/06/2020;319037
29475;29461;11/06/2020;309500
29476;29462;11/06/2020;289000
29477;29463;11/06/2020;192000
29478;29464;11/06/2020;436000
29479;29465;11/06/2020;87500
29480;29466;11/06/2020;42500
29481;29467;11/06/2020;275500
29482;29468;11/06/2020;93000
29483;29469;11/06/2020;99105
29484;29470;11/06/2020;165000
29485;29471;11/06/2020;112500
29486;29472;11/06/2020;195000
29487;29473;11/06/2020;147000
29488;29474;11/06/2020;187000
29489;29475;11/06/2020;170000
29490;29476;11/06/2020;170000
29491;29477;11/06/2020;172000
29492;29478;11/06/2020;80000
29493;29479;11/06/2020;35000
29494;29480;11/06/2020;152700
29495;29481;11/06/2020;490000
29496;29482;11/06/2020;130000
29497;29483;11/06/2020;138000
29498;29484;11/06/2020;214000
29499;29485;11/06/2020;315000
29500;29486;11/06/2020;228500
29501;29487;11/06/2020;317760
29502;29488;11/06/2020;235000
29503;29489;11/06/2020;189950
29504;29490;11/06/2020;139780
29505;29491;11/06/2020;86000
29506;29492;11/06/2020;220000
29507;29493;11/06/2020;763434
29508;29494;11/06/2020;300000
29509;29495;11/06/2020;418000
29510;29496;11/06/2020;54500
29511;29497;11/06/2020;48500
29512;29498;11/06/2020;167630
29513;29499;11/06/2020;117000
29514;29500;11/06/2020;258000
29515;29501;11/06/2020;110750
29516;29502;11/06/2020;31500
29517;29503;11/06/2020;199000
29518;29504;11/06/2020;163500
29519;29505;11/06/2020;154150
29520;29506;11/06/2020;305000
29521;29507;11/06/2020;98000
29522;29508;11/06/2020;110000
29523;29509;11/06/2020;126000
29524;29510;11/06/2020;455000
29525;29511;11/06/2020;160000
29526;29512;11/06/2020;375000
29527;29513;11/06/2020;93000
29528;29514;11/06/2020;99000
29529;29515;11/06/2020;82000
29530;29516;11/06/2020;101000
29531;29517;11/06/2020;94095
29532;29518;11/06/2020;75000
29533;29519;11/06/2020;68000
29534;29520;11/06/2020;199000
29535;29521;11/06/2020;106000
29536;29522;11/06/2020;160000
29537;29523;11/06/2020;155000
29538;29524;11/06/2020;255800
29539;29525;11/06/2020;134500
29540;29526;11/06/2020;170000
29541;29527;11/06/2020;117000
29542;29528;11/06/2020;189150
29543;29529;11/06/2020;364000
29544;29530;11/06/2020;375000
29545;29531;11/06/2020;333340
29546;29532;11/06/2020;598500
29547;29533;11/06/2020;167390
29548;29534;11/06/2020;605000
29549;29535;11/06/2020;330000
29550;29536;11/06/2020;115000
29551;29537;11/06/2020;166000
29552;29538;11/06/2020;160000
29553;29539;11/06/2020;116000
29554;29540;11/06/2020;74565
29555;29541;11/06/2020;210000
29556;29542;11/06/2020;255000
29557;29543;11/06/2020;
29558;29544;11/06/2020;93000
29559;29545;11/06/2020;162000
29560;29546;11/06/2020;231000
29561;29547;11/06/2020;115000
29562;29548;11/06/2020;300000
29563;29549;11/06/2020;300850
29564;29550;11/06/2020;151000
29565;29551;11/06/2020;315000
29566;29552;11/06/2020;180000
29567;29553;11/06/2020;328000
29568;29554;11/06/2020;394000
29569;29555;11/06/2020;206000
29570;29556;11/06/2020;217000
29571;29557;11/06/2020;150000
29572;29558;11/06/2020;351000
29573;29559;11/06/2020;247000
29574;29560;11/06/2020;221000
29575;29561;11/06/2020;157440
29576;29562;11/06/2020;265000
29577;29563;11/06/2020;132370
29578;29564;11/06/2020;267000
29579;29565;11/06/2020;107000
29580;29566;11/06/2020;51000
29581;29567;11/06/2020;210000
29582;29568;11/06/2020;160316
29583;29569;11/06/2020;148000
29584;29570;11/06/2020;227300
29585;29571;11/06/2020;198500
29586;29572;11/06/2020;310000
29587;29573;11/06/2020;162000
29588;29574;11/06/2020;196000
29589;29575;11/06/2020;129000
29590;29576;11/06/2020;125000
29591;29577;12/06/2020;130000
29592;29578;12/06/2020;44600
29593;29579;12/06/2020;110000
29594;29580;12/06/2020;369010
29595;29581;12/06/2020;208000
29596;29582;12/06/2020;197000
29597;29583;12/06/2020;450000
29598;29584;12/06/2020;1264185
29599;29585;12/06/2020;365580
29600;29586;12/06/2020;314000
29601;29587;12/06/2020;565000
29602;29588;12/06/2020;153000
29603;29589;12/06/2020;339000
29604;29590;12/06/2020;1100000
29605;29591;12/06/2020;240550
29606;29592;12/06/2020;229000
29607;29593;12/06/2020;106764
29608;29594;12/06/2020;210000
29609;29595;12/06/2020;110000
29610;29596;12/06/2020;85000
29611;29597;12/06/2020;75050
29612;29598;12/06/2020;79500
29613;29599;12/06/2020;219000
29614;29600;12/06/2020;102600
29615;29601;12/06/2020;54000
29616;29602;12/06/2020;65000
29617;29603;12/06/2020;540000
29618;29604;12/06/2020;105000
29619;29605;12/06/2020;146500
29620;29606;12/06/2020;59000
29621;29607;12/06/2020;105000
29622;29608;12/06/2020;106000
29623;29609;12/06/2020;75000
29624;29610;12/06/2020;91000
29625;29611;12/06/2020;39000
29626;29612;12/06/2020;260000
29627;29613;12/06/2020;155000
29628;29614;12/06/2020;54500
29629;29615;12/06/2020;86135
29630;29616;12/06/2020;68550
29631;29617;12/06/2020;139430
29632;29618;12/06/2020;49000
29633;29619;12/06/2020;117200
29634;29620;12/06/2020;90000
29635;29621;12/06/2020;64000
29636;29622;12/06/2020;209700
29637;29623;12/06/2020;37000
29638;29624;12/06/2020;64750
29639;29625;12/06/2020;93000
29640;29626;12/06/2020;87000
29641;29627;12/06/2020;149800
29642;29628;12/06/2020;359000
29643;29629;12/06/2020;265000
29644;29630;12/06/2020;124000
29645;29631;12/06/2020;162020
29646;29632;12/06/2020;82000
29647;29633;12/06/2020;165000
29648;29634;12/06/2020;130000
29649;29635;12/06/2020;115000
29650;29636;12/06/2020;245000
29651;29637;12/06/2020;153846
29652;29638;12/06/2020;224700
29653;29639;12/06/2020;184000
29654;29640;12/06/2020;399950
29655;29641;12/06/2020;186000
29656;29642;12/06/2020;160050
29657;29643;12/06/2020;231000
29658;29644;12/06/2020;118000
29659;29645;12/06/2020;107500
29660;29646;12/06/2020;572500
29661;29647;12/06/2020;140000
29662;29648;12/06/2020;158000
29663;29649;12/06/2020;174200
29664;29650;12/06/2020;135000
29665;29651;12/06/2020;210000
29666;29652;12/06/2020;57995
29667;29653;12/06/2020;84000
29668;29654;12/06/2020;71000
29669;29655;12/06/2020;805230
29670;29656;12/06/2020;40000
29671;29657;12/06/2020;200250
29672;29658;12/06/2020;270000
29673;29659;12/06/2020;76000
29674;29660;12/06/2020;170000
29675;29661;12/06/2020;124010
29676;29662;12/06/2020;147500
29677;29663;12/06/2020;62880
29678;29664;12/06/2020;41500
29679;29665;12/06/2020;108000
29680;29666;12/06/2020;55000
29681;29667;12/06/2020;74000
29682;29668;12/06/2020;115000
29683;29669;12/06/2020;89500
29684;29670;12/06/2020;61000
29685;29671;12/06/2020;137000
29686;29672;12/06/2020;205000
29687;29673;12/06/2020;120000
29688;29674;12/06/2020;214310
29689;29675;12/06/2020;140000
29690;29676;12/06/2020;209006
29691;29677;12/06/2020;109060
29692;29678;12/06/2020;165800
29693;29679;12/06/2020;181500
29694;29680;12/06/2020;56000
29695;29681;12/06/2020;41000
29696;29682;12/06/2020;75900
29697;29683;12/06/2020;125250
29698;29684;12/06/2020;126350
29699;29685;12/06/2020;243000
29700;29686;12/06/2020;192000
29701;29687;12/06/2020;706500
29702;29688;12/06/2020;235000
29703;29689;12/06/2020;90300
29704;29690;12/06/2020;44650
29705;29691;12/06/2020;101000
29706;29692;12/06/2020;102000
29707;29693;12/06/2020;127000
29708;29694;12/06/2020;87500
29709;29695;12/06/2020;108880
29710;29696;12/06/2020;146000
29711;29697;12/06/2020;180000
29712;29698;12/06/2020;67000
29713;29699;12/06/2020;125000
29714;29700;12/06/2020;60000
29715;29701;12/06/2020;185000
29716;29702;12/06/2020;102500
29717;29703;12/06/2020;280000
29718;29704;12/06/2020;85500
29719;29705;12/06/2020;136000
29720;29706;12/06/2020;499000
29721;29707;12/06/2020;363000
29722;29708;12/06/2020;148200
29723;29709;12/06/2020;148000
29724;29710;12/06/2020;372500
29725;29711;12/06/2020;120000
29726;29712;12/06/2020;
29727;29713;12/06/2020;116500
29728;29714;12/06/2020;230000
29729;29715;12/06/2020;70000
29730;29716;12/06/2020;105000
29731;29717;12/06/2020;220000
29732;29718;12/06/2020;182000
29733;29719;12/06/2020;96500
29734;29720;12/06/2020;54500
29735;29721;12/06/2020;125000
29736;29722;12/06/2020;230000
29737;29723;12/06/2020;75000
29738;29724;12/06/2020;115000
29739;29725;12/06/2020;146600
29740;29726;12/06/2020;136200
29741;29727;12/06/2020;85650
29742;29728;12/06/2020;97800
29743;29729;12/06/2020;90300
29744;29730;12/06/2020;80000
29745;29731;12/06/2020;183350
29746;29732;12/06/2020;196000
29747;29733;12/06/2020;78500
29748;29734;12/06/2020;200000
29749;29735;12/06/2020;77500
29750;29736;12/06/2020;155000
29751;29737;12/06/2020;133000
29752;29738;12/06/2020;58900
29753;29739;12/06/2020;70000
29754;29740;12/06/2020;450000
29755;29741;12/06/2020;320950
29756;29742;12/06/2020;138500
29757;29743;12/06/2020;69000
29758;29744;12/06/2020;183900
29759;29745;12/06/2020;254000
29760;29746;12/06/2020;65000
29761;29747;12/06/2020;71000
29762;29748;12/06/2020;196100
29763;29749;12/06/2020;168000
29764;29750;12/06/2020;170000
29765;29751;12/06/2020;160000
29766;29752;12/06/2020;182000
29767;29753;12/06/2020;96000
29768;29754;12/06/2020;54000
29769;29755;12/06/2020;53000
29770;29756;12/06/2020;94000
29771;29757;12/06/2020;67000
29772;29758;12/06/2020;43000
29773;29759;12/06/2020;146000
29774;29760;12/06/2020;105500
29775;29761;12/06/2020;56000
29776;29762;12/06/2020;213710
29777;29763;12/06/2020;520000
29778;29764;12/06/2020;533300
29779;29765;12/06/2020;205000
29780;29766;12/06/2020;179000
29781;29767;12/06/2020;125000
29782;29768;12/06/2020;112500
29783;29769;12/06/2020;54000
29784;29770;12/06/2020;55000
29785;29771;12/06/2020;169500
29786;29772;12/06/2020;79050
29787;29773;12/06/2020;85000
29788;29774;12/06/2020;102500
29789;29775;12/06/2020;205000
29790;29776;12/06/2020;515000
29791;29777;12/06/2020;715500
29792;29778;12/06/2020;550000
29793;29779;12/06/2020;110000
29794;29780;12/06/2020;272000
29795;29781;12/06/2020;285550
29796;29782;12/06/2020;120000
29797;29783;12/06/2020;82000
29798;29784;12/06/2020;86000
29799;29785;12/06/2020;114000
29800;29786;12/06/2020;155000
29801;29787;12/06/2020;19000
29802;29788;12/06/2020;57000
29803;29789;12/06/2020;310000
29804;29790;12/06/2020;911750
29805;29791;12/06/2020;158200
29806;29792;12/06/2020;280000
29807;29793;12/06/2020;570000
29808;29794;12/06/2020;312500
29809;29795;12/06/2020;1500000
29810;29796;12/06/2020;485000
29811;29797;12/06/2020;405000
29812;29798;12/06/2020;758324
29813;29799;12/06/2020;2250000
29814;29800;12/06/2020;499400
29815;29801;12/06/2020;202000
29816;29802;12/06/2020;475000
29817;29803;12/06/2020;184000
29818;29804;12/06/2020;839700
29819;29805;12/06/2020;633600
29820;29806;12/06/2020;1190000
29821;29807;12/06/2020;370000
29822;29808;12/06/2020;510000
29823;29809;12/06/2020;160000
29824;29810;12/06/2020;260000
29825;29811;12/06/2020;601000
29826;29812;12/06/2020;362000
29827;29813;12/06/2020;150000
29828;29814;12/06/2020;389000
29829;29815;12/06/2020;296000
29830;29816;12/06/2020;950000
29831;29817;12/06/2020;522650
29832;29818;12/06/2020;267000
29833;29819;12/06/2020;340000
29834;29820;12/06/2020;220000
29835;29821;12/06/2020;550000
29836;29822;12/06/2020;797400
29837;29823;12/06/2020;460500
29838;29824;12/06/2020;286150
29839;29825;12/06/2020;870000
29840;29826;12/06/2020;624500
29841;29827;12/06/2020;540000
29842;29828;12/06/2020;2731000
29843;29829;12/06/2020;2640000
29844;29830;12/06/2020;363000
29845;29831;12/06/2020;1435000
29846;29832;12/06/2020;273000
29847;29833;12/06/2020;220500
29848;29834;12/06/2020;1114400
29849;29835;12/06/2020;210000
29850;29836;12/06/2020;558500
29851;29837;12/06/2020;616700
29852;29838;12/06/2020;807500
29853;29839;12/06/2020;310000
29854;29840;12/06/2020;264000
29855;29841;12/06/2020;338000
29856;29842;12/06/2020;472000
29857;29843;12/06/2020;159000
29858;29844;12/06/2020;531000
29859;29845;12/06/2020;67000
29860;29846;12/06/2020;219000
29861;29847;12/06/2020;332500
29862;29848;12/06/2020;170000
29863;29849;12/06/2020;550000
29864;29850;12/06/2020;330000
29865;29851;12/06/2020;580000
29866;29852;12/06/2020;230000
29867;29853;12/06/2020;435000
29868;29854;12/06/2020;280000
29869;29855;12/06/2020;103500
29870;29856;12/06/2020;185000
29871;29857;12/06/2020;117000
29872;29858;12/06/2020;202500
29873;29859;12/06/2020;227000
29874;29860;12/06/2020;180000
29875;29861;12/06/2020;142000
29876;29862;12/06/2020;126900
29877;29863;12/06/2020;334350
29878;29864;12/06/2020;285000
29879;29865;12/06/2020;145000
29880;29866;12/06/2020;154000
29881;29867;12/06/2020;151000
29882;29868;12/06/2020;231375
29883;29869;12/06/2020;250000
29884;29870;12/06/2020;185000
29885;29871;12/06/2020;184900
29886;29872;12/06/2020;420000
29887;29873;12/06/2020;355500
29888;29874;12/06/2020;240700
29889;29875;12/06/2020;271900
29890;29876;12/06/2020;129000
29891;29877;12/06/2020;206000
29892;29878;12/06/2020;61000
29893;29879;12/06/2020;110000
29894;29880;12/06/2020;223000
29895;29881;12/06/2020;187900
29896;29882;12/06/2020;295000
29897;29883;12/06/2020;286000
29898;29884;12/06/2020;180000
29899;29885;12/06/2020;403870
29900;29886;12/06/2020;342000
29901;29887;12/06/2020;430000
29902;29888;12/06/2020;65000
29903;29889;12/06/2020;63000
29904;29890;12/06/2020;120000
29905;29891;12/06/2020;159000
29906;29892;12/06/2020;347500
29907;29893;12/06/2020;195000
29908;29894;12/06/2020;166550
29909;29895;12/06/2020;408100
29910;29896;12/06/2020;119000
29911;29897;12/06/2020;232800
29912;29898;12/06/2020;308879
29913;29899;12/06/2020;69800
29914;29900;12/06/2020;70000
29915;29901;12/06/2020;112000
29916;29902;12/06/2020;65500
29917;29903;12/06/2020;68100
29918;29904;12/06/2020;65400
29919;29905;12/06/2020;105000
29920;29906;12/06/2020;55000
29921;29907;12/06/2020;37000
29922;29908;12/06/2020;41400
29923;29909;12/06/2020;28900
29924;29910;12/06/2020;192900
29925;29911;12/06/2020;45000
29926;29912;12/06/2020;95000
29927;29913;12/06/2020;101000
29928;29914;12/06/2020;161000
29929;29915;12/06/2020;133500
29930;29916;12/06/2020;84000
29931;29917;12/06/2020;120000
29932;29918;12/06/2020;38000
29933;29919;12/06/2020;121500
29934;29920;12/06/2020;55000
29935;29921;12/06/2020;28600
29936;29922;12/06/2020;30000
29937;29923;12/06/2020;62400
29938;29924;12/06/2020;230000
29939;29925;12/06/2020;183000
29940;29926;12/06/2020;335000
29941;29927;12/06/2020;165385
29942;29928;12/06/2020;162000
29943;29929;12/06/2020;114430
29944;29930;12/06/2020;169000
29945;29931;12/06/2020;137000
29946;29932;12/06/2020;126000
29947;29933;12/06/2020;287100
29948;29934;12/06/2020;355000
29949;29935;12/06/2020;138000
29950;29936;12/06/2020;110000
29951;29937;12/06/2020;129000
29952;29938;12/06/2020;160000
29953;29939;12/06/2020;144000
29954;29940;12/06/2020;223000
29955;29941;12/06/2020;184000
29956;29942;12/06/2020;175000
29957;29943;12/06/2020;120000
29958;29944;12/06/2020;150000
29959;29945;12/06/2020;249800
29960;29946;12/06/2020;267500
29961;29947;12/06/2020;141500
29962;29948;12/06/2020;300000
29963;29949;12/06/2020;376700
29964;29950;12/06/2020;228000
29965;29951;12/06/2020;368000
29966;29952;12/06/2020;235000
29967;29953;12/06/2020;315000
29968;29954;12/06/2020;304150
29969;29955;12/06/2020;195000
29970;29956;12/06/2020;213550
29971;29957;12/06/2020;2335000
29972;29958;12/06/2020;423650
29973;29959;12/06/2020;230000
29974;29960;12/06/2020;295000
29975;29961;12/06/2020;535000
29976;29962;12/06/2020;138000
29977;29963;12/06/2020;252000
29978;29964;12/06/2020;975000
29979;29965;12/06/2020;175000
29980;29966;12/06/2020;197000
29981;29967;12/06/2020;60000
29982;29968;12/06/2020;186520
29983;29969;12/06/2020;160000
29984;29970;12/06/2020;171000
29985;29971;12/06/2020;140000
29986;29972;12/06/2020;277000
29987;29973;12/06/2020;307430
29988;29974;12/06/2020;164000
29989;29975;12/06/2020;82000
29990;29976;12/06/2020;135000
29991;29977;12/06/2020;133300
29992;29978;12/06/2020;226900
29993;29979;12/06/2020;387500
29994;29980;12/06/2020;275000
29995;29981;12/06/2020;289000
29996;29982;12/06/2020;197883
29997;29983;12/06/2020;273000
29998;29984;12/06/2020;242718
29999;29985;12/06/2020;300971
30000;29986;12/06/2020;187650
30001;29987;12/06/2020;355000
30002;29988;12/06/2020;249000
30003;29989;12/06/2020;279500
30004;29990;12/06/2020;345000
30005;29991;12/06/2020;315000
30006;29992;12/06/2020;337700
30007;29993;12/06/2020;215000
30008;29994;12/06/2020;369000
30009;29995;12/06/2020;605000
30010;29996;12/06/2020;248000
30011;29997;12/06/2020;640000
30012;29998;12/06/2020;360500
30013;29999;12/06/2020;245000
30014;30000;12/06/2020;251000
30015;30001;12/06/2020;144231
30016;30002;12/06/2020;465000
30017;30003;12/06/2020;195260
30018;30004;12/06/2020;135000
30019;30005;12/06/2020;516800
30020;30006;12/06/2020;332900
30021;30007;12/06/2020;163000
30022;30008;12/06/2020;136000
30023;30009;12/06/2020;126500
30024;30010;12/06/2020;182000
30025;30011;12/06/2020;162612
30026;30012;12/06/2020;108000
30027;30013;12/06/2020;202000
30028;30014;12/06/2020;119000
30029;30015;12/06/2020;146500
30030;30016;12/06/2020;164000
30031;30017;12/06/2020;76000
30032;30018;12/06/2020;172000
30033;30019;12/06/2020;110000
30034;30020;12/06/2020;242071
30035;30021;12/06/2020;165500
30036;30022;12/06/2020;130000
30037;30023;12/06/2020;315200
30038;30024;12/06/2020;135500
30039;30025;12/06/2020;237000
30040;30026;12/06/2020;105000
30041;30027;12/06/2020;135000
30042;30028;12/06/2020;310000
30043;30029;12/06/2020;221950
30044;30030;12/06/2020;115000
30045;30031;12/06/2020;135000
30046;30032;12/06/2020;119000
30047;30033;12/06/2020;65000
30048;30034;12/06/2020;400000
30049;30035;12/06/2020;87000
30050;30036;12/06/2020;127000
30051;30037;12/06/2020;86000
30052;30038;13/06/2020;83000
30053;30039;13/06/2020;320000
30054;30040;13/06/2020;189000
30055;30041;13/06/2020;81500
30056;30042;13/06/2020;101800
30057;30043;13/06/2020;71300
30058;30044;13/06/2020;75500
30059;30045;13/06/2020;94600
30060;30046;13/06/2020;105000
30061;30047;13/06/2020;135000
30062;30048;13/06/2020;176500
30063;30049;13/06/2020;100000
30064;30050;13/06/2020;33000
30065;30051;13/06/2020;237500
30066;30052;13/06/2020;114400
30067;30053;13/06/2020;119000
30068;30054;13/06/2020;124000
30069;30055;13/06/2020;139000
30070;30056;13/06/2020;595000
30071;30057;13/06/2020;57000
30072;30058;13/06/2020;33000
30073;30059;13/06/2020;73800
30074;30060;13/06/2020;82000
30075;30061;13/06/2020;53000
30076;30062;13/06/2020;66600
30077;30063;13/06/2020;47700
30078;30064;13/06/2020;2055000
30079;30065;13/06/2020;183000
30080;30066;13/06/2020;65000
30081;30067;13/06/2020;100000
30082;30068;13/06/2020;100000
30083;30069;13/06/2020;210000
30084;30070;13/06/2020;62500
30085;30071;13/06/2020;96000
30086;30072;13/06/2020;160000
30087;30073;13/06/2020;48860
30088;30074;13/06/2020;80500
30089;30075;13/06/2020;40000
30090;30076;13/06/2020;49200
30091;30077;13/06/2020;193000
30092;30078;13/06/2020;320000
30093;30079;15/06/2020;117000
30094;30080;15/06/2020;75000
30095;30081;15/06/2020;202000
30096;30082;15/06/2020;39000
30097;30083;15/06/2020;51500
30098;30084;15/06/2020;190000
30099;30085;15/06/2020;153000
30100;30086;15/06/2020;115000
30101;30087;15/06/2020;138000
30102;30088;15/06/2020;210000
30103;30089;15/06/2020;155350
30104;30090;15/06/2020;230300
30105;30091;15/06/2020;148900
30106;30092;15/06/2020;52000
30107;30093;15/06/2020;132480
30108;30094;15/06/2020;259000
30109;30095;15/06/2020;143000
30110;30096;15/06/2020;225000
30111;30097;15/06/2020;233000
30112;30098;15/06/2020;184414
30113;30099;15/06/2020;111000
30114;30100;15/06/2020;90950
30115;30101;15/06/2020;22000
30116;30102;15/06/2020;95400
30117;30103;15/06/2020;103000
30118;30104;15/06/2020;126750
30119;30105;15/06/2020;106000
30120;30106;15/06/2020;50000
30121;30107;15/06/2020;43025
30122;30108;15/06/2020;57700
30123;30109;15/06/2020;149000
30124;30110;15/06/2020;55000
30125;30111;15/06/2020;65000
30126;30112;15/06/2020;120000
30127;30113;15/06/2020;109945
30128;30114;15/06/2020;45000
30129;30115;15/06/2020;117500
30130;30116;15/06/2020;85000
30131;30117;15/06/2020;114000
30132;30118;15/06/2020;34000
30133;30119;15/06/2020;130000
30134;30120;15/06/2020;259250
30135;30121;15/06/2020;210000
30136;30122;15/06/2020;1731387
30137;30123;15/06/2020;166500
30138;30124;15/06/2020;109000
30139;30125;15/06/2020;69000
30140;30126;15/06/2020;67000
30141;30127;15/06/2020;90000
30142;30128;15/06/2020;122000
30143;30129;15/06/2020;157000
30144;30130;15/06/2020;235000
30145;30131;15/06/2020;350000
30146;30132;15/06/2020;322989
30147;30133;15/06/2020;270700
30148;30134;15/06/2020;120000
30149;30135;15/06/2020;380000
30150;30136;15/06/2020;249900
30151;30137;15/06/2020;721000
30152;30138;15/06/2020;242600
30153;30139;15/06/2020;317450
30154;30140;15/06/2020;228400
30155;30141;15/06/2020;130000
30156;30142;15/06/2020;286000
30157;30143;15/06/2020;91500
30158;30144;15/06/2020;249513
30159;30145;15/06/2020;63173
30160;30146;15/06/2020;73500
30161;30147;15/06/2020;65000
30162;30148;15/06/2020;160850
30163;30149;15/06/2020;103000
30164;30150;15/06/2020;256868
30165;30151;15/06/2020;156300
30166;30152;15/06/2020;248130
30167;30153;15/06/2020;85000
30168;30154;15/06/2020;84000
30169;30155;15/06/2020;147000
30170;30156;15/06/2020;173000
30171;30157;15/06/2020;195000
30172;30158;15/06/2020;168000
30173;30159;15/06/2020;380000
30174;30160;15/06/2020;166000
30175;30161;15/06/2020;262700
30176;30162;15/06/2020;143500
30177;30163;15/06/2020;181360
30178;30164;15/06/2020;68770
30179;30165;15/06/2020;210500
30180;30166;15/06/2020;112000
30181;30167;15/06/2020;125000
30182;30168;15/06/2020;142000
30183;30169;15/06/2020;200000
30184;30170;15/06/2020;65000
30185;30171;15/06/2020;162000
30186;30172;15/06/2020;425000
30187;30173;15/06/2020;420605
30188;30174;15/06/2020;68200
30189;30175;15/06/2020;142500
30190;30176;15/06/2020;287238
30191;30177;15/06/2020;190000
30192;30178;15/06/2020;147500
30193;30179;15/06/2020;94000
30194;30180;15/06/2020;109000
30195;30181;15/06/2020;148000
30196;30182;15/06/2020;139900
30197;30183;15/06/2020;72000
30198;30184;15/06/2020;115000
30199;30185;15/06/2020;120500
30200;30186;15/06/2020;162850
30201;30187;15/06/2020;102500
30202;30188;15/06/2020;123000
30203;30189;15/06/2020;139550
30204;30190;15/06/2020;80000
30205;30191;15/06/2020;105000
30206;30192;15/06/2020;180000
30207;30193;15/06/2020;88500
30208;30194;15/06/2020;53000
30209;30195;15/06/2020;61000
30210;30196;15/06/2020;99000
30211;30197;15/06/2020;169550
30212;30198;15/06/2020;400000
30213;30199;15/06/2020;177000
30214;30200;15/06/2020;88000
30215;30201;15/06/2020;315000
30216;30202;15/06/2020;68000
30217;30203;15/06/2020;60500
30218;30204;15/06/2020;143000
30219;30205;15/06/2020;227000
30220;30206;15/06/2020;152200
30221;30207;15/06/2020;410000
30222;30208;15/06/2020;47500
30223;30209;15/06/2020;107500
30224;30210;15/06/2020;120000
30225;30211;15/06/2020;46000
30226;30212;15/06/2020;277000
30227;30213;15/06/2020;195000
30228;30214;15/06/2020;89600
30229;30215;15/06/2020;204800
30230;30216;15/06/2020;67000
30231;30217;15/06/2020;58000
30232;30218;15/06/2020;116000
30233;30219;15/06/2020;105010
30234;30220;15/06/2020;30000
30235;30221;15/06/2020;267180
30236;30222;15/06/2020;104000
30237;30223;15/06/2020;96000
30238;30224;15/06/2020;242000
30239;30225;15/06/2020;63000
30240;30226;15/06/2020;246770
30241;30227;15/06/2020;485000
30242;30228;15/06/2020;169325
30243;30229;15/06/2020;401000
30244;30230;15/06/2020;288000
30245;30231;15/06/2020;207000
30246;30232;15/06/2020;264000
30247;30233;15/06/2020;617200
30248;30234;15/06/2020;64670
30249;30235;15/06/2020;642400
30250;30236;15/06/2020;75000
30251;30237;15/06/2020;135000
30252;30238;15/06/2020;65000
30253;30239;15/06/2020;89000
30254;30240;15/06/2020;41500
30255;30241;15/06/2020;139000
30256;30242;15/06/2020;245000
30257;30243;15/06/2020;195000
30258;30244;15/06/2020;87700
30259;30245;15/06/2020;561000
30260;30246;15/06/2020;3100000
30261;30247;15/06/2020;740000
30262;30248;15/06/2020;750000
30263;30249;15/06/2020;729900
30264;30250;15/06/2020;1727000
30265;30251;15/06/2020;518300
30266;30252;15/06/2020;360000
30267;30253;15/06/2020;737800
30268;30254;15/06/2020;4000000
30269;30255;15/06/2020;1487500
30270;30256;15/06/2020;274000
30271;30257;15/06/2020;600000
30272;30258;15/06/2020;626200
30273;30259;15/06/2020;117000
30274;30260;15/06/2020;786300
30275;30261;15/06/2020;299000
30276;30262;15/06/2020;444000
30277;30263;15/06/2020;550000
30278;30264;15/06/2020;571400
30279;30265;15/06/2020;350000
30280;30266;15/06/2020;585000
30281;30267;15/06/2020;525000
30282;30268;15/06/2020;197000
30283;30269;15/06/2020;430000
30284;30270;15/06/2020;400000
30285;30271;15/06/2020;215000
30286;30272;15/06/2020;578000
30287;30273;15/06/2020;1805000
30288;30274;15/06/2020;2210210
30289;30275;15/06/2020;1169550
30290;30276;15/06/2020;431900
30291;30277;15/06/2020;1766380
30292;30278;15/06/2020;1000000
30293;30279;15/06/2020;227100
30294;30280;15/06/2020;1181450
30295;30281;15/06/2020;480000
30296;30282;15/06/2020;927184
30297;30283;15/06/2020;1205000
30298;30284;15/06/2020;256260
30299;30285;15/06/2020;561500
30300;30286;15/06/2020;168000
30301;30287;15/06/2020;632000
30302;30288;15/06/2020;660000
30303;30289;15/06/2020;1900000
30304;30290;15/06/2020;338000
30305;30291;15/06/2020;195000
30306;30292;15/06/2020;150000
30307;30293;15/06/2020;184000
30308;30294;15/06/2020;380000
30309;30295;15/06/2020;445000
30310;30296;15/06/2020;450000
30311;30297;15/06/2020;250400
30312;30298;15/06/2020;655000
30313;30299;15/06/2020;680000
30314;30300;15/06/2020;66000
30315;30301;15/06/2020;67000
30316;30302;15/06/2020;215000
30317;30303;15/06/2020;271500
30318;30304;15/06/2020;68000
30319;30305;15/06/2020;141420
30320;30306;15/06/2020;205000
30321;30307;15/06/2020;137000
30322;30308;15/06/2020;270000
30323;30309;15/06/2020;213000
30324;30310;15/06/2020;58000
30325;30311;15/06/2020;420600
30326;30312;15/06/2020;112000
30327;30313;15/06/2020;158000
30328;30314;15/06/2020;114000
30329;30315;15/06/2020;117000
30330;30316;15/06/2020;197500
30331;30317;15/06/2020;243000
30332;30318;15/06/2020;500000
30333;30319;15/06/2020;687000
30334;30320;15/06/2020;541350
30335;30321;15/06/2020;171875
30336;30322;15/06/2020;342030
30337;30323;15/06/2020;434000
30338;30324;15/06/2020;133190
30339;30325;15/06/2020;175133
30340;30326;15/06/2020;233000
30341;30327;15/06/2020;116500
30342;30328;15/06/2020;140000
30343;30329;15/06/2020;268420
30344;30330;15/06/2020;159000
30345;30331;15/06/2020;460000
30346;30332;15/06/2020;174000
30347;30333;15/06/2020;151500
30348;30334;15/06/2020;109500
30349;30335;15/06/2020;180000
30350;30336;15/06/2020;408000
30351;30337;15/06/2020;569000
30352;30338;15/06/2020;648500
30353;30339;15/06/2020;240000
30354;30340;15/06/2020;215000
30355;30341;15/06/2020;559000
30356;30342;15/06/2020;168500
30357;30343;15/06/2020;114000
30358;30344;15/06/2020;1312960
30359;30345;15/06/2020;213140
30360;30346;15/06/2020;40000
30361;30347;15/06/2020;385000
30362;30348;15/06/2020;95000
30363;30349;15/06/2020;220000
30364;30350;15/06/2020;127000
30365;30351;15/06/2020;156000
30366;30352;15/06/2020;110000
30367;30353;15/06/2020;77020
30368;30354;15/06/2020;535000
30369;30355;15/06/2020;146150
30370;30356;15/06/2020;105000
30371;30357;15/06/2020;148000
30372;30358;15/06/2020;82000
30373;30359;15/06/2020;200000
30374;30360;15/06/2020;78000
30375;30361;15/06/2020;29200
30376;30362;15/06/2020;52000
30377;30363;15/06/2020;145000
30378;30364;15/06/2020;90000
30379;30365;15/06/2020;184000
30380;30366;15/06/2020;101000
30381;30367;15/06/2020;190000
30382;30368;15/06/2020;150000
30383;30369;15/06/2020;89000
30384;30370;15/06/2020;641000
30385;30371;15/06/2020;405000
30386;30372;15/06/2020;152500
30387;30373;15/06/2020;85000
30388;30374;15/06/2020;259000
30389;30375;15/06/2020;125000
30390;30376;15/06/2020;260000
30391;30377;15/06/2020;425000
30392;30378;15/06/2020;238000
30393;30379;15/06/2020;123500
30394;30380;15/06/2020;220000
30395;30381;15/06/2020;599000
30396;30382;15/06/2020;425000
30397;30383;15/06/2020;170000
30398;30384;15/06/2020;699000
30399;30385;15/06/2020;324900
30400;30386;15/06/2020;294410
30401;30387;15/06/2020;1597460
30402;30388;15/06/2020;190000
30403;30389;15/06/2020;408168
30404;30390;15/06/2020;344000
30405;30391;15/06/2020;218500
30406;30392;15/06/2020;199470
30407;30393;15/06/2020;65000
30408;30394;15/06/2020;100000
30409;30395;15/06/2020;245000
30410;30396;15/06/2020;583000
30411;30397;15/06/2020;168000
30412;30398;15/06/2020;185000
30413;30399;15/06/2020;163000
30414;30400;15/06/2020;195000
30415;30401;15/06/2020;236740
30416;30402;15/06/2020;158500
30417;30403;15/06/2020;225000
30418;30404;15/06/2020;140000
30419;30405;15/06/2020;123800
30420;30406;15/06/2020;147000
30421;30407;15/06/2020;195000
30422;30408;15/06/2020;115000
30423;30409;15/06/2020;295000
30424;30410;15/06/2020;240000
30425;30411;15/06/2020;380000
30426;30412;15/06/2020;72000
30427;30413;15/06/2020;170000
30428;30414;15/06/2020;541500
30429;30415;15/06/2020;129000
30430;30416;15/06/2020;323500
30431;30417;15/06/2020;192000
30432;30418;15/06/2020;168728
30433;30419;15/06/2020;175000
30434;30420;15/06/2020;387650
30435;30421;15/06/2020;508000
30436;30422;15/06/2020;378625
30437;30423;15/06/2020;227000
30438;30424;15/06/2020;126000
30439;30425;15/06/2020;110000
30440;30426;15/06/2020;265000
30441;30427;15/06/2020;152824
30442;30428;15/06/2020;307400
30443;30429;15/06/2020;240770
30444;30430;15/06/2020;132000
30445;30431;15/06/2020;244000
30446;30432;15/06/2020;520000
30447;30433;15/06/2020;106935
30448;30434;15/06/2020;159877
30449;30435;15/06/2020;475000
30450;30436;15/06/2020;201000
30451;30437;15/06/2020;127000
30452;30438;15/06/2020;205000
30453;30439;15/06/2020;132000
30454;30440;15/06/2020;87500
30455;30441;15/06/2020;247000
30456;30442;15/06/2020;120000
30457;30443;15/06/2020;146900
30458;30444;15/06/2020;354000
30459;30445;15/06/2020;137000
30460;30446;15/06/2020;264000
30461;30447;15/06/2020;103000
30462;30448;15/06/2020;324000
30463;30449;15/06/2020;293000
30464;30450;15/06/2020;85500
30465;30451;15/06/2020;151000
30466;30452;15/06/2020;173650
30467;30453;15/06/2020;166000
30468;30454;15/06/2020;225000
30469;30455;15/06/2020;120000
30470;30456;16/06/2020;55000
30471;30457;16/06/2020;106000
30472;30458;16/06/2020;330000
30473;30459;16/06/2020;330000
30474;30460;16/06/2020;282000
30475;30461;16/06/2020;245000
30476;30462;16/06/2020;73000
30477;30463;16/06/2020;167960
30478;30464;16/06/2020;285000
30479;30465;16/06/2020;72550
30480;30466;16/06/2020;70000
30481;30467;16/06/2020;134350
30482;30468;16/06/2020;137000
30483;30469;16/06/2020;138000
30484;30470;16/06/2020;168000
30485;30471;16/06/2020;100000
30486;30472;16/06/2020;142600
30487;30473;16/06/2020;153000
30488;30474;16/06/2020;42000
30489;30475;16/06/2020;125000
30490;30476;16/06/2020;60900
30491;30477;16/06/2020;212000
30492;30478;16/06/2020;64000
30493;30479;16/06/2020;38950
30494;30480;16/06/2020;89000
30495;30481;16/06/2020;243000
30496;30482;16/06/2020;87725
30497;30483;16/06/2020;185000
30498;30484;16/06/2020;194000
30499;30485;16/06/2020;236150
30500;30486;16/06/2020;110500
30501;30487;16/06/2020;189000
30502;30488;16/06/2020;98900
30503;30489;16/06/2020;38000
30504;30490;16/06/2020;238000
30505;30491;16/06/2020;469950
30506;30492;16/06/2020;340000
30507;30493;16/06/2020;177000
30508;30494;16/06/2020;157500
30509;30495;16/06/2020;46000
30510;30496;16/06/2020;50000
30511;30497;16/06/2020;230000
30512;30498;16/06/2020;183500
30513;30499;16/06/2020;186000
30514;30500;16/06/2020;110000
30515;30501;16/06/2020;128000
30516;30502;16/06/2020;81800
30517;30503;16/06/2020;115000
30518;30504;16/06/2020;48862
30519;30505;16/06/2020;128250
30520;30506;16/06/2020;74000
30521;30507;16/06/2020;146300
30522;30508;16/06/2020;55000
30523;30509;16/06/2020;146000
30524;30510;16/06/2020;277000
30525;30511;16/06/2020;81000
30526;30512;16/06/2020;71000
30527;30513;16/06/2020;457326
30528;30514;16/06/2020;186900
30529;30515;16/06/2020;223675
30530;30516;16/06/2020;65750
30531;30517;16/06/2020;61800
30532;30518;16/06/2020;138486
30533;30519;16/06/2020;240000
30534;30520;16/06/2020;120000
30535;30521;16/06/2020;29490
30536;30522;16/06/2020;218000
30537;30523;16/06/2020;164000
30538;30524;16/06/2020;173000
30539;30525;16/06/2020;120000
30540;30526;16/06/2020;97200
30541;30527;16/06/2020;127000
30542;30528;16/06/2020;97400
30543;30529;16/06/2020;12000
30544;30530;16/06/2020;119000
30545;30531;16/06/2020;104118
30546;30532;16/06/2020;34500
30547;30533;16/06/2020;225000
30548;30534;16/06/2020;87500
30549;30535;16/06/2020;94000
30550;30536;16/06/2020;49000
30551;30537;16/06/2020;106000
30552;30538;16/06/2020;58000
30553;30539;16/06/2020;147500
30554;30540;16/06/2020;350000
30555;30541;16/06/2020;62000
30556;30542;16/06/2020;60000
30557;30543;16/06/2020;48000
30558;30544;16/06/2020;118000
30559;30545;16/06/2020;35000
30560;30546;16/06/2020;193000
30561;30547;16/06/2020;227500
30562;30548;16/06/2020;62000
30563;30549;16/06/2020;64000
30564;30550;16/06/2020;35000
30565;30551;16/06/2020;42000
30566;30552;16/06/2020;61500
30567;30553;16/06/2020;175000
30568;30554;16/06/2020;42560
30569;30555;16/06/2020;174020
30570;30556;16/06/2020;157000
30571;30557;16/06/2020;285000
30572;30558;16/06/2020;50000
30573;30559;16/06/2020;80000
30574;30560;16/06/2020;115000
30575;30561;16/06/2020;227640
30576;30562;16/06/2020;161000
30577;30563;16/06/2020;95390
30578;30564;16/06/2020;194000
30579;30565;16/06/2020;92000
30580;30566;16/06/2020;116000
30581;30567;16/06/2020;59500
30582;30568;16/06/2020;122000
30583;30569;16/06/2020;390000
30584;30570;16/06/2020;163629
30585;30571;16/06/2020;735000
30586;30572;16/06/2020;634000
30587;30573;16/06/2020;1870000
30588;30574;16/06/2020;800000
30589;30575;16/06/2020;795000
30590;30576;16/06/2020;1400000
30591;30577;16/06/2020;109000
30592;30578;16/06/2020;1588800
30593;30579;16/06/2020;88000
30594;30580;16/06/2020;492800
30595;30581;16/06/2020;405400
30596;30582;16/06/2020;170000
30597;30583;16/06/2020;636723
30598;30584;16/06/2020;421000
30599;30585;16/06/2020;120000
30600;30586;16/06/2020;1340700
30601;30587;16/06/2020;567100
30602;30588;16/06/2020;260000
30603;30589;16/06/2020;448000
30604;30590;16/06/2020;540470
30605;30591;16/06/2020;9000000
30606;30592;16/06/2020;431480
30607;30593;16/06/2020;2100000
30608;30594;16/06/2020;420000
30609;30595;16/06/2020;1600000
30610;30596;16/06/2020;107500
30611;30597;16/06/2020;323900
30612;30598;16/06/2020;230000
30613;30599;16/06/2020;455000
30614;30600;16/06/2020;1240000
30615;30601;16/06/2020;63950
30616;30602;16/06/2020;580010
30617;30603;16/06/2020;114990
30618;30604;16/06/2020;356190
30619;30605;16/06/2020;665000
30620;30606;16/06/2020;485000
30621;30607;16/06/2020;599000
30622;30608;16/06/2020;701000
30623;30609;16/06/2020;95000
30624;30610;16/06/2020;134000
30625;30611;16/06/2020;100000
30626;30612;16/06/2020;63000
30627;30613;16/06/2020;78800
30628;30614;16/06/2020;92000
30629;30615;16/06/2020;106000
30630;30616;16/06/2020;112000
30631;30617;16/06/2020;210000
30632;30618;16/06/2020;301750
30633;30619;16/06/2020;80000
30634;30620;16/06/2020;76000
30635;30621;16/06/2020;137500
30636;30622;16/06/2020;166000
30637;30623;16/06/2020;314000
30638;30624;16/06/2020;245000
30639;30625;16/06/2020;190000
30640;30626;16/06/2020;126000
30641;30627;16/06/2020;155000
30642;30628;16/06/2020;189000
30643;30629;16/06/2020;217500
30644;30630;16/06/2020;218000
30645;30631;16/06/2020;252500
30646;30632;16/06/2020;105000
30647;30633;16/06/2020;154000
30648;30634;16/06/2020;212000
30649;30635;16/06/2020;132489
30650;30636;16/06/2020;121000
30651;30637;16/06/2020;199000
30652;30638;16/06/2020;350000
30653;30639;16/06/2020;339900
30654;30640;16/06/2020;189953
30655;30641;16/06/2020;518010
30656;30642;16/06/2020;165000
30657;30643;16/06/2020;585320
30658;30644;16/06/2020;230000
30659;30645;16/06/2020;100725
30660;30646;16/06/2020;225070
30661;30647;16/06/2020;340000
30662;30648;16/06/2020;900000
30663;30649;16/06/2020;113000
30664;30650;16/06/2020;100000
30665;30651;16/06/2020;155000
30666;30652;16/06/2020;56000
30667;30653;16/06/2020;100000
30668;30654;16/06/2020;332000
30669;30655;16/06/2020;225000
30670;30656;16/06/2020;165000
30671;30657;16/06/2020;70000
30672;30658;16/06/2020;304500
30673;30659;16/06/2020;152000
30674;30660;16/06/2020;280000
30675;30661;16/06/2020;287000
30676;30662;16/06/2020;200000
30677;30663;16/06/2020;248000
30678;30664;16/06/2020;806700
30679;30665;16/06/2020;314000
30680;30666;16/06/2020;227884
30681;30667;16/06/2020;353600
30682;30668;16/06/2020;195000
30683;30669;16/06/2020;115000
30684;30670;16/06/2020;220000
30685;30671;16/06/2020;180000
30686;30672;16/06/2020;155500
30687;30673;16/06/2020;336500
30688;30674;16/06/2020;170000
30689;30675;16/06/2020;242600
30690;30676;16/06/2020;255000
30691;30677;16/06/2020;57000
30692;30678;16/06/2020;178000
30693;30679;16/06/2020;428000
30694;30680;16/06/2020;167300
30695;30681;16/06/2020;205000
30696;30682;16/06/2020;1002500
30697;30683;16/06/2020;177000
30698;30684;16/06/2020;215000
30699;30685;16/06/2020;254000
30700;30686;16/06/2020;145000
30701;30687;16/06/2020;465000
30702;30688;16/06/2020;438800
30703;30689;16/06/2020;495050
30704;30690;16/06/2020;186000
30705;30691;16/06/2020;360000
30706;30692;16/06/2020;90000
30707;30693;16/06/2020;796350
30708;30694;16/06/2020;180100
30709;30695;16/06/2020;145000
30710;30696;16/06/2020;388000
30711;30697;16/06/2020;285000
30712;30698;16/06/2020;140000
30713;30699;16/06/2020;390000
30714;30700;16/06/2020;116460
30715;30701;16/06/2020;120000
30716;30702;16/06/2020;92000
30717;30703;16/06/2020;70000
30718;30704;16/06/2020;125000
30719;30705;16/06/2020;171000
30720;30706;16/06/2020;174000
30721;30707;16/06/2020;191900
30722;30708;16/06/2020;85000
30723;30709;16/06/2020;136000
30724;30710;16/06/2020;247000
30725;30711;16/06/2020;194900
30726;30712;16/06/2020;141000
30727;30713;16/06/2020;128000
30728;30714;16/06/2020;147540
30729;30715;17/06/2020;595600
30730;30716;17/06/2020;64000
30731;30717;17/06/2020;145000
30732;30718;17/06/2020;200000
30733;30719;17/06/2020;395000
30734;30720;17/06/2020;140000
30735;30721;17/06/2020;1582542
30736;30722;17/06/2020;346000
30737;30723;17/06/2020;432500
30738;30724;17/06/2020;81000
30739;30725;17/06/2020;277000
30740;30726;17/06/2020;57500
30741;30727;17/06/2020;85500
30742;30728;17/06/2020;106000
30743;30729;17/06/2020;85000
30744;30730;17/06/2020;96000
30745;30731;17/06/2020;53000
30746;30732;17/06/2020;33700
30747;30733;17/06/2020;76250
30748;30734;17/06/2020;67000
30749;30735;17/06/2020;155000
30750;30736;17/06/2020;176191
30751;30737;17/06/2020;63000
30752;30738;17/06/2020;74500
30753;30739;17/06/2020;136000
30754;30740;17/06/2020;409500
30755;30741;17/06/2020;490800
30756;30742;17/06/2020;186600
30757;30743;17/06/2020;50000
30758;30744;17/06/2020;97000
30759;30745;17/06/2020;97000
30760;30746;17/06/2020;149675
30761;30747;17/06/2020;121000
30762;30748;17/06/2020;91660
30763;30749;17/06/2020;312500
30764;30750;17/06/2020;187000
30765;30751;17/06/2020;260000
30766;30752;17/06/2020;215000
30767;30753;17/06/2020;73444
30768;30754;17/06/2020;108072
30769;30755;17/06/2020;117000
30770;30756;17/06/2020;99950
30771;30757;17/06/2020;74800
30772;30758;17/06/2020;209800
30773;30759;17/06/2020;194000
30774;30760;17/06/2020;120000
30775;30761;17/06/2020;191550
30776;30762;17/06/2020;304000
30777;30763;17/06/2020;26000
30778;30764;17/06/2020;97400
30779;30765;17/06/2020;151000
30780;30766;17/06/2020;91000
30781;30767;17/06/2020;114200
30782;30768;17/06/2020;125000
30783;30769;17/06/2020;326570
30784;30770;17/06/2020;189050
30785;30771;17/06/2020;70000
30786;30772;17/06/2020;95000
30787;30773;17/06/2020;127500
30788;30774;17/06/2020;110000
30789;30775;17/06/2020;32500
30790;30776;17/06/2020;211000
30791;30777;17/06/2020;151200
30792;30778;17/06/2020;97000
30793;30779;17/06/2020;140000
30794;30780;17/06/2020;110000
30795;30781;17/06/2020;139000
30796;30782;17/06/2020;138500
30797;30783;17/06/2020;229000
30798;30784;17/06/2020;148088
30799;30785;17/06/2020;86400
30800;30786;17/06/2020;75000
30801;30787;17/06/2020;76200
30802;30788;17/06/2020;185000
30803;30789;17/06/2020;95500
30804;30790;17/06/2020;69000
30805;30791;17/06/2020;113250
30806;30792;17/06/2020;20000
30807;30793;17/06/2020;18000
30808;30794;17/06/2020;66000
30809;30795;17/06/2020;330000
30810;30796;17/06/2020;59000
30811;30797;17/06/2020;125000
30812;30798;17/06/2020;146400
30813;30799;17/06/2020;127600
30814;30800;17/06/2020;273600
30815;30801;17/06/2020;60000
30816;30802;17/06/2020;278500
30817;30803;17/06/2020;116500
30818;30804;17/06/2020;56000
30819;30805;17/06/2020;146140
30820;30806;17/06/2020;181500
30821;30807;17/06/2020;110000
30822;30808;17/06/2020;86000
30823;30809;17/06/2020;135000
30824;30810;17/06/2020;35000
30825;30811;17/06/2020;115500
30826;30812;17/06/2020;92200
30827;30813;17/06/2020;115000
30828;30814;17/06/2020;98500
30829;30815;17/06/2020;115000
30830;30816;17/06/2020;148000
30831;30817;17/06/2020;62100
30832;30818;17/06/2020;50000
30833;30819;17/06/2020;56000
30834;30820;17/06/2020;52000
30835;30821;17/06/2020;92000
30836;30822;17/06/2020;440165
30837;30823;17/06/2020;344400
30838;30824;17/06/2020;219000
30839;30825;17/06/2020;645000
30840;30826;17/06/2020;125000
30841;30827;17/06/2020;43500
30842;30828;17/06/2020;80000
30843;30829;17/06/2020;52000
30844;30830;17/06/2020;89000
30845;30831;17/06/2020;249000
30846;30832;17/06/2020;104000
30847;30833;17/06/2020;154000
30848;30834;17/06/2020;325000
30849;30835;17/06/2020;131400
30850;30836;17/06/2020;850000
30851;30837;17/06/2020;145000
30852;30838;17/06/2020;264500
30853;30839;17/06/2020;3200000
30854;30840;17/06/2020;339500
30855;30841;17/06/2020;593750
30856;30842;17/06/2020;83000
30857;30843;17/06/2020;270000
30858;30844;17/06/2020;1441000
30859;30845;17/06/2020;2758900
30860;30846;17/06/2020;298150
30861;30847;17/06/2020;1090000
30862;30848;17/06/2020;351875
30863;30849;17/06/2020;122000
30864;30850;17/06/2020;202500
30865;30851;17/06/2020;555000
30866;30852;17/06/2020;620000
30867;30853;17/06/2020;140975
30868;30854;17/06/2020;450000
30869;30855;17/06/2020;427000
30870;30856;17/06/2020;665000
30871;30857;17/06/2020;315000
30872;30858;17/06/2020;543000
30873;30859;17/06/2020;982500
30874;30860;17/06/2020;997000
30875;30861;17/06/2020;314600
30876;30862;17/06/2020;650000
30877;30863;17/06/2020;695000
30878;30864;17/06/2020;385000
30879;30865;17/06/2020;412908
30880;30866;17/06/2020;346000
30881;30867;17/06/2020;810000
30882;30868;17/06/2020;406500
30883;30869;17/06/2020;348000
30884;30870;17/06/2020;482500
30885;30871;17/06/2020;320000
30886;30872;17/06/2020;219000
30887;30873;17/06/2020;484000
30888;30874;17/06/2020;704000
30889;30875;17/06/2020;48000
30890;30876;17/06/2020;260000
30891;30877;17/06/2020;81750
30892;30878;17/06/2020;160000
30893;30879;17/06/2020;253000
30894;30880;17/06/2020;120000
30895;30881;17/06/2020;138000
30896;30882;17/06/2020;243800
30897;30883;17/06/2020;122000
30898;30884;17/06/2020;180000
30899;30885;17/06/2020;130200
30900;30886;17/06/2020;125000
30901;30887;17/06/2020;176500
30902;30888;17/06/2020;495000
30903;30889;17/06/2020;85000
30904;30890;17/06/2020;235000
30905;30891;17/06/2020;185000
30906;30892;17/06/2020;158000
30907;30893;17/06/2020;380200
30908;30894;17/06/2020;364000
30909;30895;17/06/2020;156900
30910;30896;17/06/2020;207750
30911;30897;17/06/2020;147500
30912;30898;17/06/2020;138000
30913;30899;17/06/2020;622500
30914;30900;17/06/2020;180000
30915;30901;17/06/2020;248000
30916;30902;17/06/2020;110000
30917;30903;17/06/2020;125000
30918;30904;17/06/2020;110000
30919;30905;17/06/2020;167000
30920;30906;17/06/2020;247700
30921;30907;17/06/2020;31000
30922;30908;17/06/2020;129450
30923;30909;17/06/2020;55000
30924;30910;17/06/2020;95000
30925;30911;17/06/2020;130000
30926;30912;17/06/2020;127000
30927;30913;17/06/2020;70000
30928;30914;17/06/2020;81900
30929;30915;17/06/2020;135000
30930;30916;17/06/2020;33000
30931;30917;17/06/2020;62000
30932;30918;17/06/2020;185350
30933;30919;17/06/2020;150000
30934;30920;17/06/2020;275000
30935;30921;17/06/2020;76000
30936;30922;17/06/2020;200000
30937;30923;17/06/2020;340000
30938;30924;17/06/2020;159900
30939;30925;17/06/2020;171200
30940;30926;17/06/2020;156000
30941;30927;17/06/2020;110000
30942;30928;17/06/2020;139000
30943;30929;17/06/2020;173000
30944;30930;17/06/2020;142000
30945;30931;17/06/2020;357800
30946;30932;17/06/2020;535000
30947;30933;17/06/2020;195000
30948;30934;17/06/2020;120000
30949;30935;17/06/2020;234900
30950;30936;17/06/2020;169500
30951;30937;17/06/2020;283500
30952;30938;17/06/2020;383000
30953;30939;17/06/2020;418662
30954;30940;17/06/2020;169000
30955;30941;17/06/2020;656800
30956;30942;17/06/2020;160850
30957;30943;17/06/2020;218000
30958;30944;17/06/2020;128000
30959;30945;17/06/2020;35000
30960;30946;17/06/2020;232000
30961;30947;17/06/2020;136000
30962;30948;17/06/2020;150000
30963;30949;17/06/2020;360000
30964;30950;17/06/2020;350000
30965;30951;17/06/2020;290610
30966;30952;17/06/2020;327000
30967;30953;17/06/2020;190000
30968;30954;17/06/2020;775710
30969;30955;17/06/2020;380000
30970;30956;17/06/2020;310760
30971;30957;17/06/2020;197270
30972;30958;17/06/2020;390000
30973;30959;17/06/2020;159000
30974;30960;17/06/2020;223600
30975;30961;17/06/2020;322000
30976;30962;17/06/2020;334000
30977;30963;17/06/2020;337600
30978;30964;17/06/2020;194000
30979;30965;17/06/2020;183000
30980;30966;17/06/2020;221000
30981;30967;17/06/2020;105900
30982;30968;17/06/2020;165000
30983;30969;17/06/2020;103000
30984;30970;17/06/2020;149000
30985;30971;17/06/2020;155000
30986;30972;17/06/2020;250750
30987;30973;17/06/2020;180000
30988;30974;17/06/2020;279000
30989;30975;17/06/2020;155000
30990;30976;17/06/2020;126980
30991;30977;17/06/2020;178000
30992;30978;17/06/2020;110000
30993;30979;17/06/2020;155000
30994;30980;17/06/2020;122000
30995;30981;17/06/2020;136000
30996;30982;17/06/2020;108000
30997;30983;18/06/2020;169000
30998;30984;18/06/2020;41000
30999;30985;18/06/2020;300000
31000;30986;18/06/2020;775300
31001;30987;18/06/2020;135000
31002;30988;18/06/2020;242000
31003;30989;18/06/2020;117000
31004;30990;18/06/2020;147500
31005;30991;18/06/2020;383000
31006;30992;18/06/2020;123000
31007;30993;18/06/2020;20000
31008;30994;18/06/2020;35000
31009;30995;18/06/2020;30000
31010;30996;18/06/2020;56000
31011;30997;18/06/2020;130000
31012;30998;18/06/2020;509500
31013;30999;18/06/2020;40000
31014;31000;18/06/2020;90000
31015;31001;18/06/2020;79900
31016;31002;18/06/2020;97000
31017;31003;18/06/2020;53000
31018;31004;18/06/2020;110000
31019;31005;18/06/2020;105000
31020;31006;18/06/2020;187900
31021;31007;18/06/2020;30000
31022;31008;18/06/2020;90000
31023;31009;18/06/2020;55000
31024;31010;18/06/2020;61500
31025;31011;18/06/2020;100000
31026;31012;18/06/2020;123000
31027;31013;18/06/2020;139800
31028;31014;18/06/2020;140000
31029;31015;18/06/2020;160000
31030;31016;18/06/2020;247000
31031;31017;18/06/2020;157800
31032;31018;18/06/2020;627420
31033;31019;18/06/2020;285000
31034;31020;18/06/2020;314000
31035;31021;18/06/2020;189000
31036;31022;18/06/2020;129000
31037;31023;18/06/2020;154000
31038;31024;18/06/2020;145000
31039;31025;18/06/2020;114000
31040;31026;18/06/2020;205400
31041;31027;18/06/2020;140000
31042;31028;18/06/2020;130000
31043;31029;18/06/2020;109700
31044;31030;18/06/2020;123148
31045;31031;18/06/2020;56522
31046;31032;18/06/2020;148800
31047;31033;18/06/2020;153500
31048;31034;18/06/2020;116900
31049;31035;18/06/2020;160000
31050;31036;18/06/2020;380000
31051;31037;18/06/2020;196223
31052;31038;18/06/2020;125000
31053;31039;18/06/2020;180000
31054;31040;18/06/2020;24500
31055;31041;18/06/2020;262000
31056;31042;18/06/2020;61000
31057;31043;18/06/2020;264500
31058;31044;18/06/2020;66000
31059;31045;18/06/2020;85000
31060;31046;18/06/2020;97000
31061;31047;18/06/2020;124200
31062;31048;18/06/2020;99045
31063;31049;18/06/2020;93500
31064;31050;18/06/2020;64000
31065;31051;18/06/2020;143500
31066;31052;18/06/2020;141000
31067;31053;18/06/2020;94274
31068;31054;18/06/2020;111950
31069;31055;18/06/2020;64000
31070;31056;18/06/2020;59000
31071;31057;18/06/2020;268000
31072;31058;18/06/2020;85000
31073;31059;18/06/2020;71960
31074;31060;18/06/2020;127131
31075;31061;18/06/2020;240000
31076;31062;18/06/2020;136000
31077;31063;18/06/2020;294805
31078;31064;18/06/2020;196000
31079;31065;18/06/2020;32500
31080;31066;18/06/2020;52500
31081;31067;18/06/2020;132000
31082;31068;18/06/2020;75750
31083;31069;18/06/2020;51000
31084;31070;18/06/2020;42000
31085;31071;18/06/2020;43000
31086;31072;18/06/2020;42000
31087;31073;18/06/2020;195000
31088;31074;18/06/2020;100000
31089;31075;18/06/2020;125000
31090;31076;18/06/2020;80100
31091;31077;18/06/2020;84500
31092;31078;18/06/2020;87000
31093;31079;18/06/2020;79000
31094;31080;18/06/2020;242700
31095;31081;18/06/2020;163500
31096;31082;18/06/2020;112000
31097;31083;18/06/2020;91700
31098;31084;18/06/2020;190000
31099;31085;18/06/2020;18000
31100;31086;18/06/2020;87000
31101;31087;18/06/2020;197000
31102;31088;18/06/2020;314840
31103;31089;18/06/2020;199000
31104;31090;18/06/2020;130000
31105;31091;18/06/2020;84000
31106;31092;18/06/2020;58500
31107;31093;18/06/2020;137500
31108;31094;18/06/2020;78000
31109;31095;18/06/2020;186000
31110;31096;18/06/2020;321500
31111;31097;18/06/2020;256150
31112;31098;18/06/2020;340600
31113;31099;18/06/2020;130000
31114;31100;18/06/2020;160000
31115;31101;18/06/2020;101650
31116;31102;18/06/2020;268100
31117;31103;18/06/2020;500000
31118;31104;18/06/2020;490000
31119;31105;18/06/2020;77979
31120;31106;18/06/2020;193540
31121;31107;18/06/2020;205000
31122;31108;18/06/2020;50000
31123;31109;18/06/2020;47050
31124;31110;18/06/2020;36300
31125;31111;18/06/2020;183000
31126;31112;18/06/2020;768490
31127;31113;18/06/2020;745000
31128;31114;18/06/2020;20000
31129;31115;18/06/2020;460000
31130;31116;18/06/2020;495000
31131;31117;18/06/2020;300000
31132;31118;18/06/2020;859250
31133;31119;18/06/2020;768200
31134;31120;18/06/2020;744860
31135;31121;18/06/2020;248000
31136;31122;18/06/2020;722970
31137;31123;18/06/2020;610000
31138;31124;18/06/2020;609500
31139;31125;18/06/2020;238000
31140;31126;18/06/2020;421440
31141;31127;18/06/2020;217000
31142;31128;18/06/2020;346000
31143;31129;18/06/2020;869820
31144;31130;18/06/2020;
31145;31131;18/06/2020;615000
31146;31132;18/06/2020;121030
31147;31133;18/06/2020;225000
31148;31134;18/06/2020;288000
31149;31135;18/06/2020;180500
31150;31136;18/06/2020;125000
31151;31137;18/06/2020;100000
31152;31138;18/06/2020;950000
31153;31139;18/06/2020;332500
31154;31140;18/06/2020;1560000
31155;31141;18/06/2020;1900000
31156;31142;18/06/2020;530000
31157;31143;18/06/2020;1147300
31158;31144;18/06/2020;106400
31159;31145;18/06/2020;1174700
31160;31146;18/06/2020;130000
31161;31147;18/06/2020;333000
31162;31148;18/06/2020;680950
31163;31149;18/06/2020;100000
31164;31150;18/06/2020;140000
31165;31151;18/06/2020;360400
31166;31152;18/06/2020;228000
31167;31153;18/06/2020;234000
31168;31154;18/06/2020;405000
31169;31155;18/06/2020;228000
31170;31156;18/06/2020;212000
31171;31157;18/06/2020;352450
31172;31158;18/06/2020;165000
31173;31159;18/06/2020;595000
31174;31160;18/06/2020;205000
31175;31161;18/06/2020;45000
31176;31162;18/06/2020;60000
31177;31163;18/06/2020;44000
31178;31164;18/06/2020;68000
31179;31165;18/06/2020;64000
31180;31166;18/06/2020;99000
31181;31167;18/06/2020;315000
31182;31168;18/06/2020;92500
31183;31169;18/06/2020;93000
31184;31170;18/06/2020;165000
31185;31171;18/06/2020;77300
31186;31172;18/06/2020;238000
31187;31173;18/06/2020;220000
31188;31174;18/06/2020;138000
31189;31175;18/06/2020;76000
31190;31176;18/06/2020;255000
31191;31177;18/06/2020;282000
31192;31178;18/06/2020;143500
31193;31179;18/06/2020;197000
31194;31180;18/06/2020;75000
31195;31181;18/06/2020;303240
31196;31182;18/06/2020;175120
31197;31183;18/06/2020;610000
31198;31184;18/06/2020;75000
31199;31185;18/06/2020;180000
31200;31186;18/06/2020;138000
31201;31187;18/06/2020;162000
31202;31188;18/06/2020;183700
31203;31189;18/06/2020;1289550
31204;31190;18/06/2020;212500
31205;31191;18/06/2020;50000
31206;31192;18/06/2020;55000
31207;31193;18/06/2020;125050
31208;31194;18/06/2020;300000
31209;31195;18/06/2020;145000
31210;31196;18/06/2020;224000
31211;31197;18/06/2020;107250
31212;31198;18/06/2020;289978
31213;31199;18/06/2020;85000
31214;31200;18/06/2020;215000
31215;31201;18/06/2020;215000
31216;31202;18/06/2020;95000
31217;31203;18/06/2020;48000
31218;31204;18/06/2020;179000
31219;31205;18/06/2020;131000
31220;31206;18/06/2020;53500
31221;31207;18/06/2020;269000
31222;31208;18/06/2020;106000
31223;31209;18/06/2020;102000
31224;31210;18/06/2020;45000
31225;31211;18/06/2020;103500
31226;31212;18/06/2020;33000
31227;31213;18/06/2020;101500
31228;31214;18/06/2020;255000
31229;31215;18/06/2020;100000
31230;31216;18/06/2020;174000
31231;31217;18/06/2020;285000
31232;31218;18/06/2020;239000
31233;31219;18/06/2020;101500
31234;31220;18/06/2020;65000
31235;31221;18/06/2020;105000
31236;31222;18/06/2020;112000
31237;31223;18/06/2020;280500
31238;31224;18/06/2020;99000
31239;31225;18/06/2020;100500
31240;31226;18/06/2020;385000
31241;31227;18/06/2020;309000
31242;31228;18/06/2020;198000
31243;31229;18/06/2020;62500
31244;31230;18/06/2020;355000
31245;31231;18/06/2020;826951
31246;31232;18/06/2020;290000
31247;31233;18/06/2020;507500
31248;31234;18/06/2020;205000
31249;31235;18/06/2020;415000
31250;31236;18/06/2020;959500
31251;31237;18/06/2020;130000
31252;31238;18/06/2020;399700
31253;31239;18/06/2020;109529
31254;31240;18/06/2020;488000
31255;31241;18/06/2020;210000
31256;31242;18/06/2020;178000
31257;31243;18/06/2020;265000
31258;31244;18/06/2020;240000
31259;31245;18/06/2020;160000
31260;31246;18/06/2020;108000
31261;31247;18/06/2020;337000
31262;31248;18/06/2020;280000
31263;31249;18/06/2020;66000
31264;31250;18/06/2020;162000
31265;31251;18/06/2020;220600
31266;31252;18/06/2020;319000
31267;31253;18/06/2020;373075
31268;31254;18/06/2020;479610
31269;31255;18/06/2020;198600
31270;31256;18/06/2020;205000
31271;31257;18/06/2020;66294
31272;31258;18/06/2020;230000
31273;31259;18/06/2020;277000
31274;31260;18/06/2020;142500
31275;31261;18/06/2020;122000
31276;31262;18/06/2020;332000
31277;31263;18/06/2020;182000
31278;31264;18/06/2020;413000
31279;31265;18/06/2020;328200
31280;31266;18/06/2020;380000
31281;31267;18/06/2020;86200
31282;31268;18/06/2020;110200
31283;31269;18/06/2020;120000
31284;31270;18/06/2020;180000
31285;31271;18/06/2020;189500
31286;31272;18/06/2020;384000
31287;31273;18/06/2020;280000
31288;31274;18/06/2020;296120
31289;31275;18/06/2020;235000
31290;31276;18/06/2020;333800
31291;31277;18/06/2020;81000
31292;31278;18/06/2020;159900
31293;31279;18/06/2020;205000
31294;31280;18/06/2020;220000
31295;31281;18/06/2020;202000
31296;31282;18/06/2020;205000
31297;31283;18/06/2020;180000
31298;31284;18/06/2020;80000
31299;31285;18/06/2020;213000
31300;31286;18/06/2020;120000
31301;31287;18/06/2020;94000
31302;31288;18/06/2020;70500
31303;31289;18/06/2020;220040
31304;31290;18/06/2020;120000
31305;31291;18/06/2020;140000
31306;31292;19/06/2020;68700
31307;31293;19/06/2020;179000
31308;31294;19/06/2020;180000
31309;31295;19/06/2020;225000
31310;31296;19/06/2020;450000
31311;31297;19/06/2020;122000
31312;31298;19/06/2020;105000
31313;31299;19/06/2020;82500
31314;31300;19/06/2020;176000
31315;31301;19/06/2020;59000
31316;31302;19/06/2020;145000
31317;31303;19/06/2020;900000
31318;31304;19/06/2020;145000
31319;31305;19/06/2020;65000
31320;31306;19/06/2020;49000
31321;31307;19/06/2020;44000
31322;31308;19/06/2020;125500
31323;31309;19/06/2020;90000
31324;31310;19/06/2020;99000
31325;31311;19/06/2020;20000
31326;31312;19/06/2020;100000
31327;31313;19/06/2020;129000
31328;31314;19/06/2020;72970
31329;31315;19/06/2020;60900
31330;31316;19/06/2020;170000
31331;31317;19/06/2020;161000
31332;31318;19/06/2020;235000
31333;31319;19/06/2020;67000
31334;31320;19/06/2020;94612
31335;31321;19/06/2020;121825
31336;31322;19/06/2020;73000
31337;31323;19/06/2020;59000
31338;31324;19/06/2020;102600
31339;31325;19/06/2020;52500
31340;31326;19/06/2020;182630
31341;31327;19/06/2020;109000
31342;31328;19/06/2020;99900
31343;31329;19/06/2020;35000
31344;31330;19/06/2020;103500
31345;31331;19/06/2020;27000
31346;31332;19/06/2020;185000
31347;31333;19/06/2020;40000
31348;31334;19/06/2020;95171
31349;31335;19/06/2020;121000
31350;31336;19/06/2020;156000
31351;31337;19/06/2020;110200
31352;31338;19/06/2020;277700
31353;31339;19/06/2020;118000
31354;31340;19/06/2020;169000
31355;31341;19/06/2020;132890
31356;31342;19/06/2020;199000
31357;31343;19/06/2020;193290
31358;31344;19/06/2020;66500
31359;31345;19/06/2020;128250
31360;31346;19/06/2020;236050
31361;31347;19/06/2020;245000
31362;31348;19/06/2020;184701
31363;31349;19/06/2020;490000
31364;31350;19/06/2020;91000
31365;31351;19/06/2020;117000
31366;31352;19/06/2020;180000
31367;31353;19/06/2020;191000
31368;31354;19/06/2020;97000
31369;31355;19/06/2020;105000
31370;31356;19/06/2020;161809
31371;31357;19/06/2020;281750
31372;31358;19/06/2020;120750
31373;31359;19/06/2020;63000
31374;31360;19/06/2020;181000
31375;31361;19/06/2020;125500
31376;31362;19/06/2020;195000
31377;31363;19/06/2020;316950
31378;31364;19/06/2020;300300
31379;31365;19/06/2020;75000
31380;31366;19/06/2020;254000
31381;31367;19/06/2020;147000
31382;31368;19/06/2020;219000
31383;31369;19/06/2020;193000
31384;31370;19/06/2020;57000
31385;31371;19/06/2020;158000
31386;31372;19/06/2020;205000
31387;31373;19/06/2020;150000
31388;31374;19/06/2020;90000
31389;31375;19/06/2020;208750
31390;31376;19/06/2020;170500
31391;31377;19/06/2020;111000
31392;31378;19/06/2020;85000
31393;31379;19/06/2020;90000
31394;31380;19/06/2020;85000
31395;31381;19/06/2020;141231
31396;31382;19/06/2020;210000
31397;31383;19/06/2020;85000
31398;31384;19/06/2020;64000
31399;31385;19/06/2020;30280
31400;31386;19/06/2020;135000
31401;31387;19/06/2020;118700
31402;31388;19/06/2020;169960
31403;31389;19/06/2020;90000
31404;31390;19/06/2020;95000
31405;31391;19/06/2020;119000
31406;31392;19/06/2020;37000
31407;31393;19/06/2020;810000
31408;31394;19/06/2020;272700
31409;31395;19/06/2020;128800
31410;31396;19/06/2020;82224
31411;31397;19/06/2020;145000
31412;31398;19/06/2020;154000
31413;31399;19/06/2020;129000
31414;31400;19/06/2020;177500
31415;31401;19/06/2020;171428
31416;31402;19/06/2020;270000
31417;31403;19/06/2020;176995
31418;31404;19/06/2020;291000
31419;31405;19/06/2020;175000
31420;31406;19/06/2020;140000
31421;31407;19/06/2020;25000
31422;31408;19/06/2020;78000
31423;31409;19/06/2020;47000
31424;31410;19/06/2020;168250
31425;31411;19/06/2020;89000
31426;31412;19/06/2020;128800
31427;31413;19/06/2020;97750
31428;31414;19/06/2020;45000
31429;31415;19/06/2020;64000
31430;31416;19/06/2020;60000
31431;31417;19/06/2020;66200
31432;31418;19/06/2020;160000
31433;31419;19/06/2020;197500
31434;31420;19/06/2020;79500
31435;31421;19/06/2020;94700
31436;31422;19/06/2020;100000
31437;31423;19/06/2020;30000
31438;31424;19/06/2020;102600
31439;31425;19/06/2020;106000
31440;31426;19/06/2020;144926
31441;31427;19/06/2020;60000
31442;31428;19/06/2020;100000
31443;31429;19/06/2020;88000
31444;31430;19/06/2020;101000
31445;31431;19/06/2020;50000
31446;31432;19/06/2020;170500
31447;31433;19/06/2020;324900
31448;31434;19/06/2020;485000
31449;31435;19/06/2020;55000
31450;31436;19/06/2020;203000
31451;31437;19/06/2020;55600
31452;31438;19/06/2020;59500
31453;31439;19/06/2020;275000
31454;31440;19/06/2020;115000
31455;31441;19/06/2020;102500
31456;31442;19/06/2020;210000
31457;31443;19/06/2020;111500
31458;31444;19/06/2020;107000
31459;31445;19/06/2020;92000
31460;31446;19/06/2020;141460
31461;31447;19/06/2020;41000
31462;31448;19/06/2020;70000
31463;31449;19/06/2020;73000
31464;31450;19/06/2020;89300
31465;31451;19/06/2020;113590
31466;31452;19/06/2020;71000
31467;31453;19/06/2020;250000
31468;31454;19/06/2020;151500
31469;31455;19/06/2020;276400
31470;31456;19/06/2020;72000
31471;31457;19/06/2020;62200
31472;31458;19/06/2020;182000
31473;31459;19/06/2020;270000
31474;31460;19/06/2020;139000
31475;31461;19/06/2020;298000
31476;31462;19/06/2020;132240
31477;31463;19/06/2020;60000
31478;31464;19/06/2020;143200
31479;31465;19/06/2020;345300
31480;31466;19/06/2020;350000
31481;31467;19/06/2020;299500
31482;31468;19/06/2020;170000
31483;31469;19/06/2020;137500
31484;31470;19/06/2020;332000
31485;31471;19/06/2020;45000
31486;31472;19/06/2020;52500
31487;31473;19/06/2020;29000
31488;31474;19/06/2020;192930
31489;31475;19/06/2020;256485
31490;31476;19/06/2020;278059
31491;31477;19/06/2020;143000
31492;31478;19/06/2020;661040
31493;31479;19/06/2020;106290
31494;31480;19/06/2020;307700
31495;31481;19/06/2020;451000
31496;31482;19/06/2020;448000
31497;31483;19/06/2020;370000
31498;31484;19/06/2020;700000
31499;31485;19/06/2020;847112
31500;31486;19/06/2020;675500
31501;31487;19/06/2020;45000
31502;31488;19/06/2020;126830
31503;31489;19/06/2020;486210
31504;31490;19/06/2020;543847
31505;31491;19/06/2020;298260
31506;31492;19/06/2020;303500
31507;31493;19/06/2020;1129000
31508;31494;19/06/2020;620000
31509;31495;19/06/2020;180000
31510;31496;19/06/2020;281000
31511;31497;19/06/2020;125000
31512;31498;19/06/2020;840000
31513;31499;19/06/2020;892500
31514;31500;19/06/2020;1230000
31515;31501;19/06/2020;745000
31516;31502;19/06/2020;482000
31517;31503;19/06/2020;2375000
31518;31504;19/06/2020;147500
31519;31505;19/06/2020;745000
31520;31506;19/06/2020;150000
31521;31507;19/06/2020;370000
31522;31508;19/06/2020;185000
31523;31509;19/06/2020;567000
31524;31510;19/06/2020;577000
31525;31511;19/06/2020;475000
31526;31512;19/06/2020;450000
31527;31513;19/06/2020;300000
31528;31514;19/06/2020;640000
31529;31515;19/06/2020;496000
31530;31516;19/06/2020;400000
31531;31517;19/06/2020;450300
31532;31518;19/06/2020;525000
31533;31519;19/06/2020;435200
31534;31520;19/06/2020;575300
31535;31521;19/06/2020;637000
31536;31522;19/06/2020;206700
31537;31523;19/06/2020;119000
31538;31524;19/06/2020;35000
31539;31525;19/06/2020;72000
31540;31526;19/06/2020;126000
31541;31527;19/06/2020;142000
31542;31528;19/06/2020;167000
31543;31529;19/06/2020;128000
31544;31530;19/06/2020;260000
31545;31531;19/06/2020;142450
31546;31532;19/06/2020;160750
31547;31533;19/06/2020;150000
31548;31534;19/06/2020;97130
31549;31535;19/06/2020;105000
31550;31536;19/06/2020;39000
31551;31537;19/06/2020;216000
31552;31538;19/06/2020;106000
31553;31539;19/06/2020;70000
31554;31540;19/06/2020;210000
31555;31541;19/06/2020;804000
31556;31542;19/06/2020;202000
31557;31543;19/06/2020;147000
31558;31544;19/06/2020;92000
31559;31545;19/06/2020;333000
31560;31546;19/06/2020;238400
31561;31547;19/06/2020;195190
31562;31548;19/06/2020;310000
31563;31549;19/06/2020;150000
31564;31550;19/06/2020;273300
31565;31551;19/06/2020;675000
31566;31552;19/06/2020;120000
31567;31553;19/06/2020;131000
31568;31554;19/06/2020;231900
31569;31555;19/06/2020;510000
31570;31556;19/06/2020;427100
31571;31557;19/06/2020;316000
31572;31558;19/06/2020;290000
31573;31559;19/06/2020;372000
31574;31560;19/06/2020;382500
31575;31561;19/06/2020;154000
31576;31562;19/06/2020;185620
31577;31563;19/06/2020;101000
31578;31564;19/06/2020;5000
31579;31565;19/06/2020;195000
31580;31566;19/06/2020;309750
31581;31567;19/06/2020;134000
31582;31568;19/06/2020;96000
31583;31569;19/06/2020;98500
31584;31570;19/06/2020;59265
31585;31571;19/06/2020;212500
31586;31572;19/06/2020;30800
31587;31573;19/06/2020;114000
31588;31574;19/06/2020;68500
31589;31575;19/06/2020;163000
31590;31576;19/06/2020;115000
31591;31577;19/06/2020;122000
31592;31578;19/06/2020;158000
31593;31579;19/06/2020;45000
31594;31580;19/06/2020;84500
31595;31581;19/06/2020;53500
31596;31582;19/06/2020;175000
31597;31583;19/06/2020;53000
31598;31584;19/06/2020;59000
31599;31585;19/06/2020;173000
31600;31586;19/06/2020;27000
31601;31587;19/06/2020;144500
31602;31588;19/06/2020;147000
31603;31589;19/06/2020;316000
31604;31590;19/06/2020;115000
31605;31591;19/06/2020;93500
31606;31592;19/06/2020;89610
31607;31593;19/06/2020;335000
31608;31594;19/06/2020;217500
31609;31595;19/06/2020;116000
31610;31596;19/06/2020;270000
31611;31597;19/06/2020;188000
31612;31598;19/06/2020;111300
31613;31599;19/06/2020;205000
31614;31600;19/06/2020;189000
31615;31601;19/06/2020;204000
31616;31602;19/06/2020;120000
31617;31603;19/06/2020;250000
31618;31604;19/06/2020;140300
31619;31605;19/06/2020;156000
31620;31606;19/06/2020;217000
31621;31607;19/06/2020;349000
31622;31608;19/06/2020;412000
31623;31609;19/06/2020;220000
31624;31610;19/06/2020;409200
31625;31611;19/06/2020;419510
31626;31612;19/06/2020;385000
31627;31613;19/06/2020;1643570
31628;31614;19/06/2020;1088650
31629;31615;19/06/2020;2524710
31630;31616;19/06/2020;720000
31631;31617;19/06/2020;1073500
31632;31618;19/06/2020;264000
31633;31619;19/06/2020;249050
31634;31620;19/06/2020;166000
31635;31621;19/06/2020;440000
31636;31622;19/06/2020;221000
31637;31623;19/06/2020;170000
31638;31624;19/06/2020;258000
31639;31625;19/06/2020;103900
31640;31626;19/06/2020;185000
31641;31627;19/06/2020;187000
31642;31628;19/06/2020;137000
31643;31629;19/06/2020;176000
31644;31630;19/06/2020;303500
31645;31631;19/06/2020;137000
31646;31632;19/06/2020;222000
31647;31633;19/06/2020;169000
31648;31634;19/06/2020;425000
31649;31635;19/06/2020;246000
31650;31636;19/06/2020;225000
31651;31637;19/06/2020;210000
31652;31638;19/06/2020;230000
31653;31639;19/06/2020;237000
31654;31640;19/06/2020;209000
31655;31641;19/06/2020;375000
31656;31642;19/06/2020;122000
31657;31643;19/06/2020;360000
31658;31644;19/06/2020;136000
31659;31645;19/06/2020;132000
31660;31646;19/06/2020;450000
31661;31647;19/06/2020;180000
31662;31648;19/06/2020;262000
31663;31649;19/06/2020;540000
31664;31650;19/06/2020;549000
31665;31651;19/06/2020;182000
31666;31652;19/06/2020;450000
31667;31653;19/06/2020;148393
31668;31654;19/06/2020;160000
31669;31655;19/06/2020;413000
31670;31656;19/06/2020;478900
31671;31657;19/06/2020;130800
31672;31658;19/06/2020;157290
31673;31659;19/06/2020;208000
31674;31660;19/06/2020;308000
31675;31661;19/06/2020;156480
31676;31662;19/06/2020;180500
31677;31663;19/06/2020;242500
31678;31664;19/06/2020;198000
31679;31665;19/06/2020;175500
31680;31666;19/06/2020;177000
31681;31667;19/06/2020;123800
31682;31668;19/06/2020;238000
31683;31669;19/06/2020;150300
31684;31670;19/06/2020;174500
31685;31671;19/06/2020;153750
31686;31672;19/06/2020;275000
31687;31673;19/06/2020;102300
31688;31674;19/06/2020;125000
31689;31675;19/06/2020;244000
31690;31676;19/06/2020;95000
31691;31677;19/06/2020;84000
31692;31678;19/06/2020;160000
31693;31679;20/06/2020;56000
31694;31680;20/06/2020;385000
31695;31681;20/06/2020;22000
31696;31682;20/06/2020;270000
31697;31683;20/06/2020;255000
31698;31684;20/06/2020;115400
31699;31685;20/06/2020;99000
31700;31686;20/06/2020;172000
31701;31687;20/06/2020;100500
31702;31688;20/06/2020;
31703;31689;20/06/2020;74000
31704;31690;20/06/2020;40000
31705;31691;20/06/2020;81000
31706;31692;20/06/2020;100000
31707;31693;20/06/2020;38000
31708;31694;20/06/2020;46750
31709;31695;20/06/2020;73000
31710;31696;20/06/2020;84000
31711;31697;20/06/2020;186000
31712;31698;20/06/2020;30000
31713;31699;20/06/2020;694000
31714;31700;20/06/2020;460000
31715;31701;20/06/2020;128000
31716;31702;20/06/2020;149000
31717;31703;20/06/2020;187000
31718;31704;20/06/2020;214000
31719;31705;20/06/2020;65000
31720;31706;20/06/2020;32804
31721;31707;20/06/2020;135000
31722;31708;22/06/2020;202100
31723;31709;22/06/2020;285000
31724;31710;22/06/2020;60450
31725;31711;22/06/2020;290000
31726;31712;22/06/2020;205358
31727;31713;22/06/2020;145750
31728;31714;22/06/2020;263500
31729;31715;22/06/2020;67000
31730;31716;22/06/2020;175000
31731;31717;22/06/2020;56100
31732;31718;22/06/2020;76000
31733;31719;22/06/2020;22000
31734;31720;22/06/2020;55000
31735;31721;22/06/2020;120000
31736;31722;22/06/2020;235000
31737;31723;22/06/2020;118700
31738;31724;22/06/2020;83000
31739;31725;22/06/2020;112000
31740;31726;22/06/2020;166000
31741;31727;22/06/2020;72000
31742;31728;22/06/2020;47000
31743;31729;22/06/2020;80000
31744;31730;22/06/2020;14700
31745;31731;22/06/2020;191400
31746;31732;22/06/2020;63000
31747;31733;22/06/2020;53500
31748;31734;22/06/2020;69050
31749;31735;22/06/2020;78000
31750;31736;22/06/2020;325000
31751;31737;22/06/2020;174000
31752;31738;22/06/2020;400000
31753;31739;22/06/2020;247000
31754;31740;22/06/2020;257000
31755;31741;22/06/2020;143450
31756;31742;22/06/2020;345657
31757;31743;22/06/2020;158000
31758;31744;22/06/2020;185000
31759;31745;22/06/2020;285308
31760;31746;22/06/2020;226000
31761;31747;22/06/2020;81731
31762;31748;22/06/2020;166000
31763;31749;22/06/2020;135200
31764;31750;22/06/2020;89100
31765;31751;22/06/2020;115000
31766;31752;22/06/2020;134000
31767;31753;22/06/2020;172000
31768;31754;22/06/2020;254588
31769;31755;22/06/2020;165000
31770;31756;22/06/2020;98000
31771;31757;22/06/2020;56000
31772;31758;22/06/2020;100000
31773;31759;22/06/2020;217090
31774;31760;22/06/2020;99000
31775;31761;22/06/2020;62000
31776;31762;22/06/2020;44000
31777;31763;22/06/2020;52000
31778;31764;22/06/2020;148500
31779;31765;22/06/2020;194000
31780;31766;22/06/2020;310000
31781;31767;22/06/2020;257300
31782;31768;22/06/2020;150250
31783;31769;22/06/2020;192000
31784;31770;22/06/2020;50000
31785;31771;22/06/2020;44900
31786;31772;22/06/2020;82000
31787;31773;22/06/2020;38500
31788;31774;22/06/2020;55000
31789;31775;22/06/2020;52000
31790;31776;22/06/2020;71500
31791;31777;22/06/2020;208000
31792;31778;22/06/2020;126000
31793;31779;22/06/2020;50000
31794;31780;22/06/2020;102500
31795;31781;22/06/2020;196500
31796;31782;22/06/2020;210000
31797;31783;22/06/2020;97650
31798;31784;22/06/2020;177309
31799;31785;22/06/2020;42000
31800;31786;22/06/2020;82000
31801;31787;22/06/2020;240000
31802;31788;22/06/2020;104700
31803;31789;22/06/2020;119500
31804;31790;22/06/2020;169400
31805;31791;22/06/2020;77550
31806;31792;22/06/2020;93000
31807;31793;22/06/2020;132000
31808;31794;22/06/2020;55000
31809;31795;22/06/2020;57000
31810;31796;22/06/2020;65000
31811;31797;22/06/2020;149985
31812;31798;22/06/2020;169100
31813;31799;22/06/2020;253900
31814;31800;22/06/2020;251500
31815;31801;22/06/2020;198500
31816;31802;22/06/2020;58300
31817;31803;22/06/2020;90000
31818;31804;22/06/2020;572000
31819;31805;22/06/2020;750000
31820;31806;22/06/2020;303000
31821;31807;22/06/2020;270100
31822;31808;22/06/2020;1200000
31823;31809;22/06/2020;1800000
31824;31810;22/06/2020;3923276
31825;31811;22/06/2020;1200000
31826;31812;22/06/2020;1280000
31827;31813;22/06/2020;670000
31828;31814;22/06/2020;417107
31829;31815;22/06/2020;695000
31830;31816;22/06/2020;298000
31831;31817;22/06/2020;428900
31832;31818;22/06/2020;323570
31833;31819;22/06/2020;123350
31834;31820;22/06/2020;140000
31835;31821;22/06/2020;324245
31836;31822;22/06/2020;725000
31837;31823;22/06/2020;920163
31838;31824;22/06/2020;2690000
31839;31825;22/06/2020;416805
31840;31826;22/06/2020;2050000
31841;31827;22/06/2020;1356300
31842;31828;22/06/2020;1057000
31843;31829;22/06/2020;326000
31844;31830;22/06/2020;280000
31845;31831;22/06/2020;409000
31846;31832;22/06/2020;313000
31847;31833;22/06/2020;495000
31848;31834;22/06/2020;174730
31849;31835;22/06/2020;939000
31850;31836;22/06/2020;444700
31851;31837;22/06/2020;270000
31852;31838;22/06/2020;615000
31853;31839;22/06/2020;880000
31854;31840;22/06/2020;430000
31855;31841;22/06/2020;451850
31856;31842;22/06/2020;167000
31857;31843;22/06/2020;130000
31858;31844;22/06/2020;131500
31859;31845;22/06/2020;159500
31860;31846;22/06/2020;130600
31861;31847;22/06/2020;174000
31862;31848;22/06/2020;309000
31863;31849;22/06/2020;258500
31864;31850;22/06/2020;96000
31865;31851;22/06/2020;83000
31866;31852;22/06/2020;124100
31867;31853;22/06/2020;102000
31868;31854;22/06/2020;185000
31869;31855;22/06/2020;267000
31870;31856;22/06/2020;246340
31871;31857;22/06/2020;55000
31872;31858;22/06/2020;127000
31873;31859;22/06/2020;188000
31874;31860;22/06/2020;226500
31875;31861;22/06/2020;127800
31876;31862;22/06/2020;229000
31877;31863;22/06/2020;126000
31878;31864;22/06/2020;279000
31879;31865;22/06/2020;198000
31880;31866;22/06/2020;330000
31881;31867;22/06/2020;217000
31882;31868;22/06/2020;236000
31883;31869;22/06/2020;62000
31884;31870;22/06/2020;135140
31885;31871;22/06/2020;17000
31886;31872;22/06/2020;89390
31887;31873;22/06/2020;121000
31888;31874;22/06/2020;79860
31889;31875;22/06/2020;121950
31890;31876;22/06/2020;310000
31891;31877;22/06/2020;130380
31892;31878;22/06/2020;34000
31893;31879;22/06/2020;76000
31894;31880;22/06/2020;168000
31895;31881;22/06/2020;36000
31896;31882;22/06/2020;32000
31897;31883;22/06/2020;51000
31898;31884;22/06/2020;125000
31899;31885;22/06/2020;37000
31900;31886;22/06/2020;114000
31901;31887;22/06/2020;179000
31902;31888;22/06/2020;79000
31903;31889;22/06/2020;112000
31904;31890;22/06/2020;93000
31905;31891;22/06/2020;177500
31906;31892;22/06/2020;330000
31907;31893;22/06/2020;120000
31908;31894;22/06/2020;285000
31909;31895;22/06/2020;473000
31910;31896;22/06/2020;253400
31911;31897;22/06/2020;590000
31912;31898;22/06/2020;378350
31913;31899;22/06/2020;835000
31914;31900;22/06/2020;444320
31915;31901;22/06/2020;140000
31916;31902;22/06/2020;282000
31917;31903;22/06/2020;207000
31918;31904;22/06/2020;255000
31919;31905;22/06/2020;450000
31920;31906;22/06/2020;263000
31921;31907;22/06/2020;273680
31922;31908;22/06/2020;185500
31923;31909;22/06/2020;183000
31924;31910;22/06/2020;120000
31925;31911;22/06/2020;110000
31926;31912;22/06/2020;70000
31927;31913;22/06/2020;200000
31928;31914;22/06/2020;195000
31929;31915;22/06/2020;249000
31930;31916;22/06/2020;221000
31931;31917;22/06/2020;285000
31932;31918;22/06/2020;233850
31933;31919;22/06/2020;131000
31934;31920;22/06/2020;163000
31935;31921;22/06/2020;698250
31936;31922;22/06/2020;118609
31937;31923;22/06/2020;160000
31938;31924;22/06/2020;247144
31939;31925;22/06/2020;768000
31940;31926;22/06/2020;168000
31941;31927;22/06/2020;131000
31942;31928;22/06/2020;108400
31943;31929;22/06/2020;235000
31944;31930;22/06/2020;105000
31945;31931;22/06/2020;237000
31946;31932;22/06/2020;140000
31947;31933;22/06/2020;213000
31948;31934;22/06/2020;185000
31949;31935;22/06/2020;123000
31950;31936;22/06/2020;245000
31951;31937;22/06/2020;75000
31952;31938;22/06/2020;138000
31953;31939;22/06/2020;95000
31954;31940;22/06/2020;137140
31955;31941;22/06/2020;49000
31956;31942;23/06/2020;35500
31957;31943;23/06/2020;135000
31958;31944;23/06/2020;19800
31959;31945;23/06/2020;30000
31960;31946;23/06/2020;19000
31961;31947;23/06/2020;150000
31962;31948;23/06/2020;285000
31963;31949;23/06/2020;102000
31964;31950;23/06/2020;98000
31965;31951;23/06/2020;96000
31966;31952;23/06/2020;230000
31967;31953;23/06/2020;348345
31968;31954;23/06/2020;60000
31969;31955;23/06/2020;47600
31970;31956;23/06/2020;37000
31971;31957;23/06/2020;111000
31972;31958;23/06/2020;245000
31973;31959;23/06/2020;140000
31974;31960;23/06/2020;70000
31975;31961;23/06/2020;70000
31976;31962;23/06/2020;89700
31977;31963;23/06/2020;6000
31978;31964;23/06/2020;130000
31979;31965;23/06/2020;64500
31980;31966;23/06/2020;334850
31981;31967;23/06/2020;79000
31982;31968;23/06/2020;77260
31983;31969;23/06/2020;86650
31984;31970;23/06/2020;77500
31985;31971;23/06/2020;590000
31986;31972;23/06/2020;124000
31987;31973;23/06/2020;110365
31988;31974;23/06/2020;132755
31989;31975;23/06/2020;323850
31990;31976;23/06/2020;179000
31991;31977;23/06/2020;320000
31992;31978;23/06/2020;346668
31993;31979;23/06/2020;235000
31994;31980;23/06/2020;221500
31995;31981;23/06/2020;179000
31996;31982;23/06/2020;363400
31997;31983;23/06/2020;173000
31998;31984;23/06/2020;100887
31999;31985;23/06/2020;226400
32000;31986;23/06/2020;71000
32001;31987;23/06/2020;140000
32002;31988;23/06/2020;112000
32003;31989;23/06/2020;180000
32004;31990;23/06/2020;130000
32005;31991;23/06/2020;126500
32006;31992;23/06/2020;235000
32007;31993;23/06/2020;289000
32008;31994;23/06/2020;317275
32009;31995;23/06/2020;233000
32010;31996;23/06/2020;260000
32011;31997;23/06/2020;218000
32012;31998;23/06/2020;130000
32013;31999;23/06/2020;132000
32014;32000;23/06/2020;533500
32015;32001;23/06/2020;115000
32016;32002;23/06/2020;78000
32017;32003;23/06/2020;186000
32018;32004;23/06/2020;109500
32019;32005;23/06/2020;55000
32020;32006;23/06/2020;60175
32021;32007;23/06/2020;67000
32022;32008;23/06/2020;114200
32023;32009;23/06/2020;232770
32024;32010;23/06/2020;40000
32025;32011;23/06/2020;115600
32026;32012;23/06/2020;58000
32027;32013;23/06/2020;103000
32028;32014;23/06/2020;485500
32029;32015;23/06/2020;176000
32030;32016;23/06/2020;168500
32031;32017;23/06/2020;172000
32032;32018;23/06/2020;95600
32033;32019;23/06/2020;158491
32034;32020;23/06/2020;286500
32035;32021;23/06/2020;214000
32036;32022;23/06/2020;84800
32037;32023;23/06/2020;42000
32038;32024;23/06/2020;44500
32039;32025;23/06/2020;105000
32040;32026;23/06/2020;145000
32041;32027;23/06/2020;104000
32042;32028;23/06/2020;230000
32043;32029;23/06/2020;65000
32044;32030;23/06/2020;139060
32045;32031;23/06/2020;48500
32046;32032;23/06/2020;90000
32047;32033;23/06/2020;155000
32048;32034;23/06/2020;77000
32049;32035;23/06/2020;102000
32050;32036;23/06/2020;105000
32051;32037;23/06/2020;151000
32052;32038;23/06/2020;45000
32053;32039;23/06/2020;80000
32054;32040;23/06/2020;116000
32055;32041;23/06/2020;213000
32056;32042;23/06/2020;169845
32057;32043;23/06/2020;480000
32058;32044;23/06/2020;206000
32059;32045;23/06/2020;26500
32060;32046;23/06/2020;151100
32061;32047;23/06/2020;290000
32062;32048;23/06/2020;30000
32063;32049;23/06/2020;530000
32064;32050;23/06/2020;91000
32065;32051;23/06/2020;504650
32066;32052;23/06/2020;180000
32067;32053;23/06/2020;293500
32068;32054;23/06/2020;241800
32069;32055;23/06/2020;121000
32070;32056;23/06/2020;408770
32071;32057;23/06/2020;50000
32072;32058;23/06/2020;64000
32073;32059;23/06/2020;230000
32074;32060;23/06/2020;514000
32075;32061;23/06/2020;703100
32076;32062;23/06/2020;1090000
32077;32063;23/06/2020;120000
32078;32064;23/06/2020;345300
32079;32065;23/06/2020;798822
32080;32066;23/06/2020;259350
32081;32067;23/06/2020;279000
32082;32068;23/06/2020;533040
32083;32069;23/06/2020;597000
32084;32070;23/06/2020;630000
32085;32071;23/06/2020;777000
32086;32072;23/06/2020;550000
32087;32073;23/06/2020;265000
32088;32074;23/06/2020;360000
32089;32075;23/06/2020;385000
32090;32076;23/06/2020;315000
32091;32077;23/06/2020;980000
32092;32078;23/06/2020;168950
32093;32079;23/06/2020;293350
32094;32080;23/06/2020;84000
32095;32081;23/06/2020;350000
32096;32082;23/06/2020;923300
32097;32083;23/06/2020;265385
32098;32084;23/06/2020;400000
32099;32085;23/06/2020;220000
32100;32086;23/06/2020;648620
32101;32087;23/06/2020;74000
32102;32088;23/06/2020;54200
32103;32089;23/06/2020;139000
32104;32090;23/06/2020;109900
32105;32091;23/06/2020;55000
32106;32092;23/06/2020;113400
32107;32093;23/06/2020;118500
32108;32094;23/06/2020;114000
32109;32095;23/06/2020;82000
32110;32096;23/06/2020;107000
32111;32097;23/06/2020;127000
32112;32098;23/06/2020;335000
32113;32099;23/06/2020;191000
32114;32100;23/06/2020;134900
32115;32101;23/06/2020;177600
32116;32102;23/06/2020;177000
32117;32103;23/06/2020;170000
32118;32104;23/06/2020;265000
32119;32105;23/06/2020;259000
32120;32106;23/06/2020;101000
32121;32107;23/06/2020;200000
32122;32108;23/06/2020;138000
32123;32109;23/06/2020;625000
32124;32110;23/06/2020;125000
32125;32111;23/06/2020;623200
32126;32112;23/06/2020;79000
32127;32113;23/06/2020;612000
32128;32114;23/06/2020;514100
32129;32115;23/06/2020;157500
32130;32116;23/06/2020;105000
32131;32117;23/06/2020;83500
32132;32118;23/06/2020;240000
32133;32119;23/06/2020;185000
32134;32120;23/06/2020;345000
32135;32121;23/06/2020;2187120
32136;32122;23/06/2020;65000
32137;32123;23/06/2020;424300
32138;32124;23/06/2020;95000
32139;32125;23/06/2020;87000
32140;32126;23/06/2020;233000
32141;32127;23/06/2020;72500
32142;32128;23/06/2020;70000
32143;32129;23/06/2020;34000
32144;32130;23/06/2020;111000
32145;32131;23/06/2020;194000
32146;32132;23/06/2020;50000
32147;32133;23/06/2020;128000
32148;32134;23/06/2020;167000
32149;32135;23/06/2020;179000
32150;32136;23/06/2020;168000
32151;32137;23/06/2020;240000
32152;32138;23/06/2020;185100
32153;32139;23/06/2020;120000
32154;32140;23/06/2020;110000
32155;32141;23/06/2020;165000
32156;32142;23/06/2020;197010
32157;32143;23/06/2020;138000
32158;32144;23/06/2020;147000
32159;32145;23/06/2020;481900
32160;32146;23/06/2020;350000
32161;32147;23/06/2020;279000
32162;32148;23/06/2020;320000
32163;32149;23/06/2020;390000
32164;32150;23/06/2020;395000
32165;32151;23/06/2020;285000
32166;32152;23/06/2020;349333
32167;32153;23/06/2020;380000
32168;32154;23/06/2020;34000
32169;32155;23/06/2020;128000
32170;32156;23/06/2020;149000
32171;32157;23/06/2020;192271
32172;32158;23/06/2020;85000
32173;32159;23/06/2020;54190
32174;32160;23/06/2020;215000
32175;32161;23/06/2020;225000
32176;32162;23/06/2020;109230
32177;32163;23/06/2020;52000
32178;32164;23/06/2020;20000
32179;32165;23/06/2020;484231
32180;32166;23/06/2020;250000
32181;32167;23/06/2020;307000
32182;32168;23/06/2020;185000
32183;32169;23/06/2020;522000
32184;32170;23/06/2020;197000
32185;32171;23/06/2020;109500
32186;32172;23/06/2020;505000
32187;32173;23/06/2020;286600
32188;32174;23/06/2020;230000
32189;32175;23/06/2020;398000
32190;32176;23/06/2020;257000
32191;32177;23/06/2020;180000
32192;32178;23/06/2020;468147
32193;32179;23/06/2020;24000
32194;32180;23/06/2020;742300
32195;32181;23/06/2020;725000
32196;32182;23/06/2020;585000
32197;32183;23/06/2020;213500
32198;32184;23/06/2020;150000
32199;32185;23/06/2020;190000
32200;32186;23/06/2020;180000
32201;32187;23/06/2020;259303
32202;32188;23/06/2020;438400
32203;32189;23/06/2020;519400
32204;32190;23/06/2020;224000
32205;32191;23/06/2020;206000
32206;32192;23/06/2020;147960
32207;32193;23/06/2020;140000
32208;32194;23/06/2020;170000
32209;32195;23/06/2020;85000
32210;32196;23/06/2020;159500
32211;32197;23/06/2020;124500
32212;32198;23/06/2020;255000
32213;32199;23/06/2020;230000
32214;32200;23/06/2020;266500
32215;32201;23/06/2020;329000
32216;32202;23/06/2020;136000
32217;32203;23/06/2020;102600
32218;32204;23/06/2020;126900
32219;32205;23/06/2020;155000
32220;32206;23/06/2020;155000
32221;32207;23/06/2020;215000
32222;32208;23/06/2020;189000
32223;32209;23/06/2020;121000
32224;32210;23/06/2020;133000
32225;32211;23/06/2020;250000
32226;32212;23/06/2020;150000
32227;32213;24/06/2020;55000
32228;32214;24/06/2020;365000
32229;32215;24/06/2020;85700
32230;32216;24/06/2020;215000
32231;32217;24/06/2020;24000
32232;32218;24/06/2020;60790
32233;32219;24/06/2020;105900
32234;32220;24/06/2020;270900
32235;32221;24/06/2020;67000
32236;32222;24/06/2020;195970
32237;32223;24/06/2020;61000
32238;32224;24/06/2020;108000
32239;32225;24/06/2020;35000
32240;32226;24/06/2020;85000
32241;32227;24/06/2020;188430
32242;32228;24/06/2020;31100
32243;32229;24/06/2020;67000
32244;32230;24/06/2020;128300
32245;32231;24/06/2020;215945
32246;32232;24/06/2020;295000
32247;32233;24/06/2020;76000
32248;32234;24/06/2020;97000
32249;32235;24/06/2020;211960
32250;32236;24/06/2020;360000
32251;32237;24/06/2020;655800
32252;32238;24/06/2020;234000
32253;32239;24/06/2020;132650
32254;32240;24/06/2020;168000
32255;32241;24/06/2020;164000
32256;32242;24/06/2020;216000
32257;32243;24/06/2020;357730
32258;32244;24/06/2020;106000
32259;32245;24/06/2020;354000
32260;32246;24/06/2020;440640
32261;32247;24/06/2020;126000
32262;32248;24/06/2020;92000
32263;32249;24/06/2020;273100
32264;32250;24/06/2020;297000
32265;32251;24/06/2020;80000
32266;32252;24/06/2020;89000
32267;32253;24/06/2020;126000
32268;32254;24/06/2020;163000
32269;32255;24/06/2020;384800
32270;32256;24/06/2020;280000
32271;32257;24/06/2020;275000
32272;32258;24/06/2020;160000
32273;32259;24/06/2020;136280
32274;32260;24/06/2020;150000
32275;32261;24/06/2020;125000
32276;32262;24/06/2020;268386
32277;32263;24/06/2020;420000
32278;32264;24/06/2020;114500
32279;32265;24/06/2020;152000
32280;32266;24/06/2020;47000
32281;32267;24/06/2020;57800
32282;32268;24/06/2020;113800
32283;32269;24/06/2020;150000
32284;32270;24/06/2020;65000
32285;32271;24/06/2020;47000
32286;32272;24/06/2020;58600
32287;32273;24/06/2020;33000
32288;32274;24/06/2020;60000
32289;32275;24/06/2020;170000
32290;32276;24/06/2020;277900
32291;32277;24/06/2020;115000
32292;32278;24/06/2020;340000
32293;32279;24/06/2020;285000
32294;32280;24/06/2020;180000
32295;32281;24/06/2020;104275
32296;32282;24/06/2020;70000
32297;32283;24/06/2020;62500
32298;32284;24/06/2020;130000
32299;32285;24/06/2020;16000
32300;32286;24/06/2020;85000
32301;32287;24/06/2020;49000
32302;32288;24/06/2020;170000
32303;32289;24/06/2020;78000
32304;32290;24/06/2020;75000
32305;32291;24/06/2020;39000
32306;32292;24/06/2020;116000
32307;32293;24/06/2020;25000
32308;32294;24/06/2020;107000
32309;32295;24/06/2020;160000
32310;32296;24/06/2020;123500
32311;32297;24/06/2020;323754
32312;32298;24/06/2020;272200
32313;32299;24/06/2020;255000
32314;32300;24/06/2020;116000
32315;32301;24/06/2020;84000
32316;32302;24/06/2020;100000
32317;32303;24/06/2020;65000
32318;32304;24/06/2020;96500
32319;32305;24/06/2020;153470
32320;32306;24/06/2020;52500
32321;32307;24/06/2020;545670
32322;32308;24/06/2020;103000
32323;32309;24/06/2020;219000
32324;32310;24/06/2020;216000
32325;32311;24/06/2020;100000
32326;32312;24/06/2020;220000
32327;32313;24/06/2020;146800
32328;32314;24/06/2020;247870
32329;32315;24/06/2020;212400
32330;32316;24/06/2020;985800
32331;32317;24/06/2020;80000
32332;32318;24/06/2020;519920
32333;32319;24/06/2020;25000
32334;32320;24/06/2020;21000
32335;32321;24/06/2020;19000
32336;32322;24/06/2020;106700
32337;32323;24/06/2020;77850
32338;32324;24/06/2020;105000
32339;32325;24/06/2020;248487
32340;32326;24/06/2020;194880
32341;32327;24/06/2020;165620
32342;32328;24/06/2020;302000
32343;32329;24/06/2020;300000
32344;32330;24/06/2020;772700
32345;32331;24/06/2020;435000
32346;32332;24/06/2020;257000
32347;32333;24/06/2020;1185000
32348;32334;24/06/2020;1000000
32349;32335;24/06/2020;277000
32350;32336;24/06/2020;330000
32351;32337;24/06/2020;60000
32352;32338;24/06/2020;400000
32353;32339;24/06/2020;887000
32354;32340;24/06/2020;238000
32355;32341;24/06/2020;600000
32356;32342;24/06/2020;215000
32357;32343;24/06/2020;270000
32358;32344;24/06/2020;431880
32359;32345;24/06/2020;805000
32360;32346;24/06/2020;1821745
32361;32347;24/06/2020;1040000
32362;32348;24/06/2020;1510000
32363;32349;24/06/2020;75200
32364;32350;24/06/2020;78000
32365;32351;24/06/2020;250000
32366;32352;24/06/2020;127000
32367;32353;24/06/2020;560000
32368;32354;24/06/2020;209000
32369;32355;24/06/2020;573000
32370;32356;24/06/2020;300000
32371;32357;24/06/2020;506600
32372;32358;24/06/2020;730000
32373;32359;24/06/2020;627000
32374;32360;24/06/2020;260000
32375;32361;24/06/2020;321000
32376;32362;24/06/2020;210000
32377;32363;24/06/2020;55000
32378;32364;24/06/2020;90000
32379;32365;24/06/2020;265000
32380;32366;24/06/2020;36000
32381;32367;24/06/2020;70000
32382;32368;24/06/2020;179000
32383;32369;24/06/2020;115000
32384;32370;24/06/2020;294000
32385;32371;24/06/2020;93000
32386;32372;24/06/2020;350000
32387;32373;24/06/2020;109000
32388;32374;24/06/2020;145000
32389;32375;24/06/2020;825000
32390;32376;24/06/2020;257300
32391;32377;24/06/2020;130000
32392;32378;24/06/2020;115000
32393;32379;24/06/2020;191000
32394;32380;24/06/2020;203000
32395;32381;24/06/2020;110000
32396;32382;24/06/2020;19000
32397;32383;24/06/2020;73500
32398;32384;24/06/2020;310000
32399;32385;24/06/2020;119100
32400;32386;24/06/2020;75500
32401;32387;24/06/2020;205000
32402;32388;24/06/2020;158000
32403;32389;24/06/2020;300100
32404;32390;24/06/2020;273250
32405;32391;24/06/2020;410000
32406;32392;24/06/2020;105000
32407;32393;24/06/2020;159000
32408;32394;24/06/2020;177069
32409;32395;24/06/2020;89500
32410;32396;24/06/2020;37000
32411;32397;24/06/2020;110000
32412;32398;24/06/2020;48000
32413;32399;24/06/2020;45100
32414;32400;24/06/2020;115000
32415;32401;24/06/2020;130000
32416;32402;24/06/2020;70000
32417;32403;24/06/2020;33900
32418;32404;24/06/2020;121000
32419;32405;24/06/2020;43000
32420;32406;24/06/2020;125000
32421;32407;24/06/2020;235000
32422;32408;24/06/2020;110000
32423;32409;24/06/2020;80000
32424;32410;24/06/2020;170000
32425;32411;24/06/2020;334000
32426;32412;24/06/2020;109000
32427;32413;24/06/2020;240000
32428;32414;24/06/2020;259400
32429;32415;24/06/2020;705700
32430;32416;24/06/2020;409318
32431;32417;24/06/2020;313000
32432;32418;24/06/2020;220100
32433;32419;24/06/2020;424000
32434;32420;24/06/2020;120000
32435;32421;24/06/2020;178000
32436;32422;24/06/2020;175000
32437;32423;24/06/2020;791500
32438;32424;24/06/2020;135000
32439;32425;24/06/2020;84000
32440;32426;24/06/2020;78288
32441;32427;24/06/2020;95320
32442;32428;24/06/2020;408500
32443;32429;24/06/2020;824400
32444;32430;24/06/2020;160000
32445;32431;24/06/2020;168400
32446;32432;24/06/2020;355000
32447;32433;24/06/2020;130000
32448;32434;24/06/2020;223000
32449;32435;24/06/2020;114000
32450;32436;24/06/2020;108000
32451;32437;24/06/2020;220000
32452;32438;24/06/2020;233000
32453;32439;24/06/2020;163100
32454;32440;24/06/2020;130000
32455;32441;24/06/2020;230000
32456;32442;24/06/2020;158500
32457;32443;24/06/2020;185000
32458;32444;24/06/2020;266300
32459;32445;24/06/2020;241290
32460;32446;24/06/2020;309000
32461;32447;24/06/2020;165000
32462;32448;24/06/2020;243000
32463;32449;24/06/2020;295000
32464;32450;24/06/2020;330000
32465;32451;24/06/2020;367300
32466;32452;24/06/2020;125000
32467;32453;24/06/2020;289000
32468;32454;24/06/2020;200300
32469;32455;24/06/2020;124000
32470;32456;24/06/2020;295240
32471;32457;24/06/2020;415000
32472;32458;24/06/2020;245000
32473;32459;24/06/2020;79000
32474;32460;24/06/2020;70000
32475;32461;24/06/2020;299900
32476;32462;24/06/2020;262000
32477;32463;24/06/2020;365000
32478;32464;24/06/2020;154000
32479;32465;24/06/2020;172000
32480;32466;24/06/2020;182000
32481;32467;24/06/2020;215000
32482;32468;24/06/2020;145000
32483;32469;24/06/2020;269500
32484;32470;24/06/2020;220000
32485;32471;24/06/2020;120000
32486;32472;25/06/2020;32500
32487;32473;25/06/2020;45375
32488;32474;25/06/2020;385000
32489;32475;25/06/2020;185000
32490;32476;25/06/2020;275000
32491;32477;25/06/2020;205000
32492;32478;25/06/2020;166000
32493;32479;25/06/2020;190000
32494;32480;25/06/2020;29500
32495;32481;25/06/2020;85500
32496;32482;25/06/2020;235000
32497;32483;25/06/2020;335000
32498;32484;25/06/2020;218000
32499;32485;25/06/2020;63000
32500;32486;25/06/2020;102630
32501;32487;25/06/2020;59000
32502;32488;25/06/2020;192000
32503;32489;25/06/2020;162000
32504;32490;25/06/2020;270000
32505;32491;25/06/2020;48000
32506;32492;25/06/2020;
32507;32493;25/06/2020;36000
32508;32494;25/06/2020;146300
32509;32495;25/06/2020;343000
32510;32496;25/06/2020;55000
32511;32497;25/06/2020;21000
32512;32498;25/06/2020;50000
32513;32499;25/06/2020;120000
32514;32500;25/06/2020;218000
32515;32501;25/06/2020;40000
32516;32502;25/06/2020;254650
32517;32503;25/06/2020;236000
32518;32504;25/06/2020;159500
32519;32505;25/06/2020;34000
32520;32506;25/06/2020;24100
32521;32507;25/06/2020;60000
32522;32508;25/06/2020;223000
32523;32509;25/06/2020;173000
32524;32510;25/06/2020;122752
32525;32511;25/06/2020;138000
32526;32512;25/06/2020;51000
32527;32513;25/06/2020;160377
32528;32514;25/06/2020;168900
32529;32515;25/06/2020;85000
32530;32516;25/06/2020;162962
32531;32517;25/06/2020;185960
32532;32518;25/06/2020;255321
32533;32519;25/06/2020;119500
32534;32520;25/06/2020;164180
32535;32521;25/06/2020;334700
32536;32522;25/06/2020;179500
32537;32523;25/06/2020;285200
32538;32524;25/06/2020;143000
32539;32525;25/06/2020;85000
32540;32526;25/06/2020;38854
32541;32527;25/06/2020;233000
32542;32528;25/06/2020;84700
32543;32529;25/06/2020;114500
32544;32530;25/06/2020;75000
32545;32531;25/06/2020;155000
32546;32532;25/06/2020;167000
32547;32533;25/06/2020;348200
32548;32534;25/06/2020;188000
32549;32535;25/06/2020;158000
32550;32536;25/06/2020;70000
32551;32537;25/06/2020;84000
32552;32538;25/06/2020;207305
32553;32539;25/06/2020;76000
32554;32540;25/06/2020;76741
32555;32541;25/06/2020;1157369
32556;32542;25/06/2020;161400
32557;32543;25/06/2020;68000
32558;32544;25/06/2020;58000
32559;32545;25/06/2020;43500
32560;32546;25/06/2020;130000
32561;32547;25/06/2020;73000
32562;32548;25/06/2020;146000
32563;32549;25/06/2020;54000
32564;32550;25/06/2020;180000
32565;32551;25/06/2020;107900
32566;32552;25/06/2020;119375
32567;32553;25/06/2020;103239
32568;32554;25/06/2020;288000
32569;32555;25/06/2020;297422
32570;32556;25/06/2020;238000
32571;32557;25/06/2020;76000
32572;32558;25/06/2020;118000
32573;32559;25/06/2020;55000
32574;32560;25/06/2020;140000
32575;32561;25/06/2020;165000
32576;32562;25/06/2020;105450
32577;32563;25/06/2020;90000
32578;32564;25/06/2020;131000
32579;32565;25/06/2020;114000
32580;32566;25/06/2020;57000
32581;32567;25/06/2020;45000
32582;32568;25/06/2020;34500
32583;32569;25/06/2020;27000
32584;32570;25/06/2020;39470
32585;32571;25/06/2020;155000
32586;32572;25/06/2020;67000
32587;32573;25/06/2020;52000
32588;32574;25/06/2020;55000
32589;32575;25/06/2020;78500
32590;32576;25/06/2020;60200
32591;32577;25/06/2020;76000
32592;32578;25/06/2020;57500
32593;32579;25/06/2020;228000
32594;32580;25/06/2020;48000
32595;32581;25/06/2020;290000
32596;32582;25/06/2020;118000
32597;32583;25/06/2020;90000
32598;32584;25/06/2020;133000
32599;32585;25/06/2020;83000
32600;32586;25/06/2020;155000
32601;32587;25/06/2020;160010
32602;32588;25/06/2020;163500
32603;32589;25/06/2020;237000
32604;32590;25/06/2020;135000
32605;32591;25/06/2020;117500
32606;32592;25/06/2020;48000
32607;32593;25/06/2020;257000
32608;32594;25/06/2020;69780
32609;32594;29/06/2020;87950
32610;32595;25/06/2020;110000
32611;32596;25/06/2020;121000
32612;32597;25/06/2020;112000
32613;32598;25/06/2020;138000
32614;32599;25/06/2020;102000
32615;32600;25/06/2020;259000
32616;32601;25/06/2020;46000
32617;32602;25/06/2020;90000
32618;32603;25/06/2020;57000
32619;32604;25/06/2020;131000
32620;32605;25/06/2020;70000
32621;32606;25/06/2020;100000
32622;32607;25/06/2020;230800
32623;32608;25/06/2020;158480
32624;32609;25/06/2020;155000
32625;32610;25/06/2020;131000
32626;32611;25/06/2020;265045
32627;32612;25/06/2020;164500
32628;32613;25/06/2020;257000
32629;32614;25/06/2020;195000
32630;32615;25/06/2020;115296
32631;32616;25/06/2020;210000
32632;32617;25/06/2020;194500
32633;32618;25/06/2020;49500
32634;32619;25/06/2020;113000
32635;32620;25/06/2020;46000
32636;32621;25/06/2020;55000
32637;32622;25/06/2020;161000
32638;32623;25/06/2020;218000
32639;32624;25/06/2020;315000
32640;32625;25/06/2020;225000
32641;32626;25/06/2020;132000
32642;32627;25/06/2020;289800
32643;32628;25/06/2020;935000
32644;32629;25/06/2020;507715
32645;32630;25/06/2020;650000
32646;32631;25/06/2020;849000
32647;32632;25/06/2020;165000
32648;32633;25/06/2020;725000
32649;32634;25/06/2020;420000
32650;32635;25/06/2020;570000
32651;32636;25/06/2020;177000
32652;32637;25/06/2020;1685000
32653;32638;25/06/2020;1608000
32654;32639;25/06/2020;350000
32655;32640;25/06/2020;595000
32656;32641;25/06/2020;116000
32657;32642;25/06/2020;845000
32658;32643;25/06/2020;680000
32659;32644;25/06/2020;210000
32660;32645;25/06/2020;400000
32661;32646;25/06/2020;338000
32662;32647;25/06/2020;359000
32663;32648;25/06/2020;960000
32664;32649;25/06/2020;466000
32665;32650;25/06/2020;278000
32666;32651;25/06/2020;350000
32667;32652;25/06/2020;528000
32668;32653;25/06/2020;1350000
32669;32654;25/06/2020;1702500
32670;32655;25/06/2020;1407000
32671;32656;25/06/2020;1100000
32672;32657;25/06/2020;426000
32673;32658;25/06/2020;1837100
32674;32659;25/06/2020;814600
32675;32660;25/06/2020;195000
32676;32661;25/06/2020;630000
32677;32662;25/06/2020;1244200
32678;32663;25/06/2020;685375
32679;32664;25/06/2020;223400
32680;32665;25/06/2020;290000
32681;32666;25/06/2020;260000
32682;32667;25/06/2020;505475
32683;32668;25/06/2020;372000
32684;32669;25/06/2020;225600
32685;32670;25/06/2020;59280
32686;32671;25/06/2020;284000
32687;32672;25/06/2020;1743600
32688;32673;25/06/2020;350000
32689;32674;25/06/2020;287000
32690;32675;25/06/2020;385000
32691;32676;25/06/2020;600000
32692;32677;25/06/2020;303500
32693;32678;25/06/2020;272000
32694;32679;25/06/2020;230500
32695;32680;25/06/2020;110000
32696;32681;25/06/2020;380000
32697;32682;25/06/2020;132430
32698;32683;25/06/2020;242000
32699;32684;25/06/2020;29000
32700;32685;25/06/2020;71500
32701;32686;25/06/2020;99500
32702;32687;25/06/2020;162000
32703;32688;25/06/2020;207000
32704;32689;25/06/2020;245000
32705;32690;25/06/2020;217900
32706;32691;25/06/2020;115000
32707;32692;25/06/2020;303000
32708;32693;25/06/2020;189000
32709;32694;25/06/2020;284000
32710;32695;25/06/2020;255000
32711;32696;25/06/2020;189000
32712;32697;25/06/2020;129000
32713;32698;25/06/2020;156800
32714;32699;25/06/2020;495000
32715;32700;25/06/2020;380000
32716;32701;25/06/2020;169370
32717;32702;25/06/2020;126000
32718;32703;25/06/2020;138620
32719;32704;25/06/2020;318240
32720;32705;25/06/2020;630000
32721;32706;25/06/2020;223000
32722;32707;25/06/2020;168500
32723;32708;25/06/2020;135000
32724;32709;25/06/2020;437000
32725;32710;25/06/2020;164625
32726;32711;25/06/2020;210000
32727;32712;25/06/2020;328800
32728;32713;25/06/2020;302000
32729;32714;25/06/2020;166000
32730;32715;25/06/2020;250000
32731;32716;25/06/2020;80000
32732;32717;25/06/2020;213000
32733;32718;25/06/2020;105000
32734;32719;25/06/2020;315000
32735;32720;25/06/2020;260000
32736;32721;25/06/2020;104500
32737;32722;25/06/2020;135000
32738;32723;25/06/2020;39000
32739;32724;25/06/2020;110000
32740;32725;25/06/2020;260000
32741;32726;25/06/2020;93000
32742;32727;25/06/2020;283000
32743;32728;25/06/2020;206000
32744;32729;25/06/2020;242400
32745;32730;25/06/2020;158000
32746;32731;25/06/2020;322700
32747;32732;25/06/2020;190000
32748;32733;25/06/2020;292000
32749;32734;25/06/2020;200000
32750;32735;25/06/2020;130000
32751;32736;25/06/2020;142180
32752;32737;25/06/2020;124000
32753;32738;25/06/2020;67060
32754;32739;25/06/2020;46500
32755;32740;25/06/2020;63000
32756;32741;25/06/2020;53500
32757;32742;25/06/2020;60000
32758;32743;25/06/2020;83500
32759;32744;25/06/2020;105800
32760;32745;25/06/2020;149000
32761;32746;25/06/2020;384000
32762;32747;25/06/2020;60100
32763;32748;25/06/2020;125000
32764;32749;25/06/2020;45000
32765;32750;25/06/2020;320000
32766;32751;25/06/2020;125000
32767;32752;25/06/2020;82000
32768;32753;25/06/2020;111000
32769;32754;25/06/2020;160000
32770;32755;25/06/2020;192500
32771;32756;25/06/2020;264000
32772;32757;25/06/2020;158000
32773;32758;25/06/2020;106754
32774;32759;25/06/2020;202000
32775;32760;25/06/2020;125000
32776;32761;25/06/2020;187000
32777;32762;25/06/2020;289000
32778;32763;25/06/2020;66500
32779;32764;25/06/2020;186000
32780;32765;25/06/2020;215000
32781;32766;25/06/2020;284850
32782;32767;25/06/2020;473000
32783;32768;25/06/2020;232000
32784;32769;25/06/2020;313000
32785;32770;25/06/2020;204000
32786;32771;25/06/2020;960000
32787;32772;25/06/2020;275000
32788;32773;25/06/2020;588550
32789;32774;25/06/2020;405000
32790;32775;25/06/2020;285000
32791;32776;25/06/2020;305000
32792;32777;25/06/2020;390000
32793;32778;25/06/2020;178000
32794;32779;25/06/2020;113000
32795;32780;25/06/2020;171500
32796;32781;25/06/2020;155000
32797;32782;25/06/2020;170000
32798;32783;25/06/2020;156900
32799;32784;25/06/2020;283900
32800;32785;25/06/2020;800000
32801;32786;25/06/2020;350000
32802;32787;25/06/2020;178000
32803;32788;25/06/2020;65000
32804;32789;25/06/2020;135000
32805;32790;25/06/2020;283000
32806;32791;25/06/2020;455000
32807;32792;25/06/2020;238000
32808;32793;25/06/2020;198000
32809;32794;25/06/2020;222572
32810;32795;25/06/2020;869500
32811;32796;25/06/2020;235000
32812;32797;25/06/2020;212000
32813;32798;25/06/2020;294000
32814;32799;25/06/2020;237000
32815;32800;25/06/2020;435000
32816;32801;25/06/2020;287000
32817;32802;25/06/2020;387490
32818;32803;25/06/2020;340000
32819;32804;25/06/2020;25000
32820;32805;25/06/2020;765000
32821;32806;25/06/2020;270750
32822;32807;25/06/2020;179230
32823;32808;25/06/2020;205000
32824;32809;25/06/2020;305000
32825;32810;25/06/2020;95000
32826;32811;25/06/2020;479450
32827;32812;25/06/2020;275000
32828;32813;25/06/2020;258000
32829;32814;25/06/2020;530500
32830;32815;25/06/2020;185000
32831;32816;25/06/2020;154400
32832;32817;25/06/2020;100000
32833;32818;25/06/2020;425000
32834;32819;25/06/2020;275000
32835;32820;25/06/2020;369000
32836;32821;25/06/2020;60000
32837;32822;25/06/2020;269000
32838;32823;25/06/2020;355000
32839;32824;25/06/2020;145000
32840;32825;25/06/2020;200000
32841;32826;25/06/2020;89994
32842;32827;25/06/2020;102006
32843;32828;25/06/2020;143000
32844;32829;25/06/2020;142000
32845;32830;25/06/2020;93000
32846;32831;26/06/2020;225000
32847;32832;26/06/2020;35000
32848;32833;26/06/2020;57500
32849;32834;26/06/2020;25000
32850;32835;26/06/2020;141500
32851;32836;26/06/2020;21000
32852;32837;26/06/2020;201942
32853;32838;26/06/2020;1190000
32854;32839;26/06/2020;107000
32855;32840;26/06/2020;78000
32856;32841;26/06/2020;112000
32857;32842;26/06/2020;401470
32858;32843;26/06/2020;169000
32859;32844;26/06/2020;137700
32860;32845;26/06/2020;132000
32861;32846;26/06/2020;233050
32862;32847;26/06/2020;450000
32863;32848;26/06/2020;480000
32864;32849;26/06/2020;63000
32865;32850;26/06/2020;75000
32866;32851;26/06/2020;58000
32867;32852;26/06/2020;85650
32868;32853;26/06/2020;92000
32869;32854;26/06/2020;157530
32870;32855;26/06/2020;755000
32871;32856;26/06/2020;40000
32872;32857;26/06/2020;170000
32873;32858;26/06/2020;39500
32874;32859;26/06/2020;30000
32875;32860;26/06/2020;274100
32876;32861;26/06/2020;143500
32877;32862;26/06/2020;68000
32878;32863;26/06/2020;120001
32879;32864;26/06/2020;38000
32880;32865;26/06/2020;45000
32881;32866;26/06/2020;139600
32882;32867;26/06/2020;90000
32883;32868;26/06/2020;75000
32884;32869;26/06/2020;123810
32885;32870;26/06/2020;106000
32886;32871;26/06/2020;97000
32887;32872;26/06/2020;202000
32888;32873;26/06/2020;165000
32889;32874;26/06/2020;142500
32890;32875;26/06/2020;19941
32891;32876;26/06/2020;25000
32892;32877;26/06/2020;240500
32893;32878;26/06/2020;38000
32894;32879;26/06/2020;254900
32895;32880;26/06/2020;60000
32896;32881;26/06/2020;60000
32897;32882;26/06/2020;131500
32898;32883;26/06/2020;316484
32899;32884;26/06/2020;228300
32900;32885;26/06/2020;418000
32901;32886;26/06/2020;168000
32902;32887;26/06/2020;154000
32903;32888;26/06/2020;218400
32904;32889;26/06/2020;119000
32905;32890;26/06/2020;368540
32906;32891;26/06/2020;175750
32907;32892;26/06/2020;138100
32908;32893;26/06/2020;70000
32909;32894;26/06/2020;120500
32910;32895;26/06/2020;258550
32911;32896;26/06/2020;213800
32912;32897;26/06/2020;199550
32913;32898;26/06/2020;127760
32914;32899;26/06/2020;335000
32915;32900;26/06/2020;87000
32916;32901;26/06/2020;142000
32917;32902;26/06/2020;104000
32918;32903;26/06/2020;202000
32919;32904;26/06/2020;145500
32920;32905;26/06/2020;63500
32921;32906;26/06/2020;166000
32922;32907;26/06/2020;425000
32923;32908;26/06/2020;165500
32924;32909;26/06/2020;225000
32925;32910;26/06/2020;56000
32926;32911;26/06/2020;142950
32927;32912;26/06/2020;55500
32928;32913;26/06/2020;42500
32929;32914;26/06/2020;75000
32930;32915;26/06/2020;204550
32931;32916;26/06/2020;165000
32932;32917;26/06/2020;155745
32933;32918;26/06/2020;80000
32934;32919;26/06/2020;68000
32935;32920;26/06/2020;24000
32936;32921;26/06/2020;79000
32937;32922;26/06/2020;35000
32938;32923;26/06/2020;45000
32939;32924;26/06/2020;241000
32940;32925;26/06/2020;125000
32941;32926;26/06/2020;120000
32942;32927;26/06/2020;202174
32943;32928;26/06/2020;182000
32944;32929;26/06/2020;155000
32945;32930;26/06/2020;195000
32946;32931;26/06/2020;124000
32947;32932;26/06/2020;213300
32948;32933;26/06/2020;135000
32949;32934;26/06/2020;93000
32950;32935;26/06/2020;205000
32951;32936;26/06/2020;150000
32952;32937;26/06/2020;92000
32953;32938;26/06/2020;67890
32954;32939;26/06/2020;110000
32955;32940;26/06/2020;59900
32956;32941;26/06/2020;85000
32957;32942;26/06/2020;50000
32958;32943;26/06/2020;30000
32959;32944;26/06/2020;261000
32960;32945;26/06/2020;47500
32961;32946;26/06/2020;29000
32962;32947;26/06/2020;50000
32963;32948;26/06/2020;194000
32964;32949;26/06/2020;74000
32965;32950;26/06/2020;405000
32966;32951;26/06/2020;100000
32967;32952;26/06/2020;40000
32968;32953;26/06/2020;41500
32969;32954;26/06/2020;66000
32970;32955;26/06/2020;89000
32971;32956;26/06/2020;149700
32972;32957;26/06/2020;102000
32973;32958;26/06/2020;87900
32974;32959;26/06/2020;85000
32975;32960;26/06/2020;155000
32976;32961;26/06/2020;171400
32977;32962;26/06/2020;40900
32978;32963;26/06/2020;41000
32979;32964;26/06/2020;164500
32980;32965;26/06/2020;32500
32981;32966;26/06/2020;63500
32982;32967;26/06/2020;308000
32983;32968;26/06/2020;365000
32984;32969;26/06/2020;141400
32985;32970;26/06/2020;120500
32986;32971;26/06/2020;158500
32987;32972;26/06/2020;38000
32988;32973;26/06/2020;78500
32989;32974;26/06/2020;335000
32990;32975;26/06/2020;118000
32991;32976;26/06/2020;70000
32992;32977;26/06/2020;282000
32993;32978;26/06/2020;131000
32994;32979;26/06/2020;87500
32995;32980;26/06/2020;105000
32996;32981;26/06/2020;331000
32997;32982;26/06/2020;70000
32998;32983;26/06/2020;130950
32999;32984;26/06/2020;52000
33000;32985;26/06/2020;135000
33001;32986;26/06/2020;45000
33002;32987;26/06/2020;540000
33003;32988;26/06/2020;164000
33004;32989;26/06/2020;321600
33005;32990;26/06/2020;383670
33006;32991;26/06/2020;76000
33007;32992;26/06/2020;89000
33008;32993;26/06/2020;195000
33009;32994;26/06/2020;69000
33010;32995;26/06/2020;105000
33011;32996;26/06/2020;339000
33012;32997;26/06/2020;370000
33013;32998;26/06/2020;395400
33014;32999;26/06/2020;412920
33015;33000;26/06/2020;275000
33016;33001;26/06/2020;190000
33017;33002;26/06/2020;327000
33018;33003;26/06/2020;36000
33019;33004;26/06/2020;30500
33020;33005;26/06/2020;32000
33021;33006;26/06/2020;380000
33022;33007;26/06/2020;68000
33023;33008;26/06/2020;107500
33024;33009;26/06/2020;506350
33025;33010;26/06/2020;170000
33026;33011;26/06/2020;150000
33027;33012;26/06/2020;194900
33028;33013;26/06/2020;205000
33029;33014;26/06/2020;68990
33030;33015;26/06/2020;250000
33031;33016;26/06/2020;365000
33032;33017;26/06/2020;500000
33033;33018;26/06/2020;1024000
33034;33019;26/06/2020;214100
33035;33020;26/06/2020;338000
33036;33021;26/06/2020;496300
33037;33022;26/06/2020;234070
33038;33023;26/06/2020;209500
33039;33024;26/06/2020;75000
33040;33025;26/06/2020;820000
33041;33026;26/06/2020;431040
33042;33027;26/06/2020;255800
33043;33028;26/06/2020;570000
33044;33029;26/06/2020;877470
33045;33030;26/06/2020;169475
33046;33031;26/06/2020;232800
33047;33032;26/06/2020;220000
33048;33033;26/06/2020;416000
33049;33034;26/06/2020;147619
33050;33035;26/06/2020;595000
33051;33036;26/06/2020;358500
33052;33037;26/06/2020;680000
33053;33038;26/06/2020;580000
33054;33039;26/06/2020;1800000
33055;33040;26/06/2020;838000
33056;33041;26/06/2020;243000
33057;33042;26/06/2020;310000
33058;33043;26/06/2020;420000
33059;33044;26/06/2020;400000
33060;33045;26/06/2020;127000
33061;33046;26/06/2020;155000
33062;33047;26/06/2020;445000
33063;33048;26/06/2020;470000
33064;33049;26/06/2020;185000
33065;33050;26/06/2020;915000
33066;33051;26/06/2020;720000
33067;33052;26/06/2020;645000
33068;33053;26/06/2020;355100
33069;33054;26/06/2020;390000
33070;33055;26/06/2020;510000
33071;33056;26/06/2020;247000
33072;33057;26/06/2020;1350000
33073;33058;26/06/2020;629000
33074;33059;26/06/2020;482000
33075;33060;26/06/2020;600000
33076;33061;26/06/2020;345230
33077;33062;26/06/2020;181000
33078;33063;26/06/2020;63000
33079;33064;26/06/2020;52624
33080;33065;26/06/2020;111998
33081;33066;26/06/2020;215000
33082;33067;26/06/2020;169000
33083;33068;26/06/2020;210000
33084;33069;26/06/2020;133476
33085;33070;26/06/2020;172000
33086;33071;26/06/2020;145000
33087;33072;26/06/2020;105000
33088;33073;26/06/2020;297000
33089;33074;26/06/2020;178000
33090;33075;26/06/2020;139000
33091;33076;26/06/2020;136500
33092;33077;26/06/2020;60000
33093;33078;26/06/2020;69900
33094;33079;26/06/2020;290000
33095;33080;26/06/2020;419000
33096;33081;26/06/2020;128000
33097;33082;26/06/2020;200250
33098;33083;26/06/2020;175000
33099;33084;26/06/2020;209000
33100;33085;26/06/2020;230000
33101;33086;26/06/2020;258950
33102;33087;26/06/2020;162000
33103;33088;26/06/2020;141000
33104;33089;26/06/2020;155000
33105;33090;26/06/2020;285000
33106;33091;26/06/2020;354900
33107;33092;26/06/2020;183700
33108;33093;26/06/2020;520000
33109;33094;26/06/2020;451000
33110;33095;26/06/2020;661600
33111;33096;26/06/2020;172000
33112;33097;26/06/2020;260780
33113;33098;26/06/2020;265000
33114;33099;26/06/2020;154863
33115;33100;26/06/2020;114000
33116;33101;26/06/2020;447820
33117;33102;26/06/2020;189550
33118;33103;26/06/2020;104000
33119;33104;26/06/2020;350000
33120;33105;26/06/2020;311000
33121;33106;26/06/2020;222255
33122;33107;26/06/2020;195000
33123;33108;26/06/2020;212000
33124;33109;26/06/2020;706500
33125;33110;26/06/2020;1004000
33126;33111;26/06/2020;209050
33127;33112;26/06/2020;200000
33128;33113;26/06/2020;245950
33129;33114;26/06/2020;63550
33130;33115;26/06/2020;185000
33131;33116;26/06/2020;207000
33132;33117;26/06/2020;390000
33133;33118;26/06/2020;135800
33134;33119;26/06/2020;379400
33135;33120;26/06/2020;127000
33136;33121;26/06/2020;170000
33137;33122;26/06/2020;335000
33138;33123;26/06/2020;169000
33139;33124;26/06/2020;170000
33140;33125;26/06/2020;178800
33141;33126;26/06/2020;161000
33142;33127;26/06/2020;465000
33143;33128;26/06/2020;253000
33144;33129;26/06/2020;140000
33145;33130;26/06/2020;250000
33146;33131;26/06/2020;234800
33147;33132;26/06/2020;65000
33148;33133;26/06/2020;45000
33149;33134;26/06/2020;272000
33150;33135;26/06/2020;379800
33151;33136;26/06/2020;102000
33152;33137;26/06/2020;116000
33153;33138;26/06/2020;191000
33154;33139;26/06/2020;90000
33155;33140;26/06/2020;112000
33156;33141;26/06/2020;51000
33157;33142;26/06/2020;144000
33158;33143;26/06/2020;56811
33159;33144;26/06/2020;65000
33160;33145;26/06/2020;190000
33161;33146;26/06/2020;201400
33162;33147;26/06/2020;165000
33163;33148;26/06/2020;25000
33164;33149;26/06/2020;73000
33165;33150;26/06/2020;187000
33166;33151;26/06/2020;133000
33167;33152;26/06/2020;225000
33168;33153;26/06/2020;310500
33169;33154;26/06/2020;430000
33170;33155;26/06/2020;157000
33171;33156;26/06/2020;103000
33172;33157;26/06/2020;222000
33173;33158;26/06/2020;133000
33174;33159;26/06/2020;140000
33175;33160;26/06/2020;243000
33176;33161;26/06/2020;229000
33177;33162;26/06/2020;288250
33178;33163;26/06/2020;151800
33179;33164;26/06/2020;380366
33180;33165;26/06/2020;180000
33181;33166;26/06/2020;369000
33182;33167;26/06/2020;145000
33183;33168;26/06/2020;202000
33184;33169;26/06/2020;2700000
33185;33170;26/06/2020;487000
33186;33171;26/06/2020;338000
33187;33172;26/06/2020;518000
33188;33173;26/06/2020;415000
33189;33174;26/06/2020;120000
33190;33175;26/06/2020;345000
33191;33176;26/06/2020;266000
33192;33177;26/06/2020;200000
33193;33178;26/06/2020;230000
33194;33179;26/06/2020;1036820
33195;33180;26/06/2020;777000
33196;33181;26/06/2020;528000
33197;33182;26/06/2020;632500
33198;33183;26/06/2020;445000
33199;33184;26/06/2020;222000
33200;33185;26/06/2020;170000
33201;33186;26/06/2020;322000
33202;33187;26/06/2020;365000
33203;33188;26/06/2020;145000
33204;33189;26/06/2020;98000
33205;33190;26/06/2020;96000
33206;33191;26/06/2020;90000
33207;33192;26/06/2020;170000
33208;33193;26/06/2020;182400
33209;33194;26/06/2020;352500
33210;33195;26/06/2020;55000
33211;33196;26/06/2020;192000
33212;33197;26/06/2020;354000
33213;33198;26/06/2020;583000
33214;33199;26/06/2020;330000
33215;33200;26/06/2020;135000
33216;33201;26/06/2020;168000
33217;33202;26/06/2020;161000
33218;33203;26/06/2020;299000
33219;33204;26/06/2020;296550
33220;33205;26/06/2020;225000
33221;33206;26/06/2020;170000
33222;33207;26/06/2020;291000
33223;33208;26/06/2020;317400
33224;33209;26/06/2020;595000
33225;33210;26/06/2020;830000
33226;33211;26/06/2020;217000
33227;33212;26/06/2020;146600
33228;33213;26/06/2020;225000
33229;33214;26/06/2020;152000
33230;33215;26/06/2020;155000
33231;33216;26/06/2020;280000
33232;33217;26/06/2020;164919
33233;33218;26/06/2020;235000
33234;33219;26/06/2020;470000
33235;33220;26/06/2020;399000
33236;33221;26/06/2020;210000
33237;33222;26/06/2020;330000
33238;33223;26/06/2020;410000
33239;33224;26/06/2020;162000
33240;33225;26/06/2020;120000
33241;33226;26/06/2020;139000
33242;33227;26/06/2020;279500
33243;33228;26/06/2020;276500
33244;33229;26/06/2020;430000
33245;33230;26/06/2020;135000
33246;33231;26/06/2020;193000
33247;33232;26/06/2020;165000
33248;33233;26/06/2020;322000
33249;33234;26/06/2020;347000
33250;33235;26/06/2020;170000
33251;33236;26/06/2020;169000
33252;33237;26/06/2020;484270
33253;33238;26/06/2020;175000
33254;33239;26/06/2020;253000
33255;33240;26/06/2020;155000
33256;33241;26/06/2020;184000
33257;33242;26/06/2020;224500
33258;33243;26/06/2020;94000
33259;33244;26/06/2020;228500
33260;33245;26/06/2020;249000
33261;33246;26/06/2020;169800
33262;33247;26/06/2020;226590
33263;33248;26/06/2020;187000
33264;33249;26/06/2020;220500
33265;33250;26/06/2020;220750
33266;33251;26/06/2020;124000
33267;33252;26/06/2020;214000
33268;33253;26/06/2020;132000
33269;33254;26/06/2020;122930
33270;33255;26/06/2020;133000
33271;33256;26/06/2020;141000
33272;33257;26/06/2020;185000
33273;33258;26/06/2020;247000
33274;33259;26/06/2020;180000
33275;33260;26/06/2020;181200
33276;33261;26/06/2020;123000
33277;33262;26/06/2020;40000
33278;33263;26/06/2020;95700
33279;33264;26/06/2020;202000
33280;33265;26/06/2020;182000
33281;33266;26/06/2020;117000
33282;33267;26/06/2020;235000
33283;33268;26/06/2020;162000
33284;33269;26/06/2020;162000
33285;33270;26/06/2020;130000
33286;33271;26/06/2020;98000
33287;33272;27/06/2020;110000
33288;33273;27/06/2020;12500
33289;33274;27/06/2020;48000
33290;33275;27/06/2020;60000
33291;33276;27/06/2020;79000
33292;33277;27/06/2020;150000
33293;33278;27/06/2020;246000
33294;33279;27/06/2020;175000
33295;33280;27/06/2020;92000
33296;33281;27/06/2020;931800
33297;33282;27/06/2020;625000
33298;33283;27/06/2020;590000
33299;33284;27/06/2020;179670
33300;33285;27/06/2020;105000
33301;33286;27/06/2020;207500
33302;33287;27/06/2020;421150
33303;33288;27/06/2020;45000
33304;33289;27/06/2020;59500
33305;33290;27/06/2020;159000
33306;33291;27/06/2020;139000
33307;33292;27/06/2020;153000
33308;33293;27/06/2020;160000
33309;33294;29/06/2020;55800
33310;33295;29/06/2020;76000
33311;33296;29/06/2020;90250
33312;33297;29/06/2020;130000
33313;33298;29/06/2020;120000
33314;33299;29/06/2020;665000
33315;33300;29/06/2020;99551
33316;33301;29/06/2020;179900
33317;33302;29/06/2020;145000
33318;33303;29/06/2020;80000
33319;33304;29/06/2020;90000
33320;33305;29/06/2020;54000
33321;33306;29/06/2020;42000
33322;33307;29/06/2020;92600
33323;33308;29/06/2020;71000
33324;33309;29/06/2020;105000
33325;33310;29/06/2020;52000
33326;33311;29/06/2020;72000
33327;33312;29/06/2020;42000
33328;33313;29/06/2020;108000
33329;33314;29/06/2020;68000
33330;33315;29/06/2020;75000
33331;33316;29/06/2020;155000
33332;33317;29/06/2020;25000
33333;33318;29/06/2020;113180
33334;33319;29/06/2020;198000
33335;33320;29/06/2020;309800
33336;33321;29/06/2020;158000
33337;33322;29/06/2020;35000
33338;33323;29/06/2020;65750
33339;33324;29/06/2020;52000
33340;33325;29/06/2020;104500
33341;33326;29/06/2020;40000
33342;33327;29/06/2020;75000
33343;33328;29/06/2020;106000
33344;33329;29/06/2020;85000
33345;33330;29/06/2020;240000
33346;33331;29/06/2020;40000
33347;33332;29/06/2020;107510
33348;33333;29/06/2020;166300
33349;33334;29/06/2020;200000
33350;33335;29/06/2020;120700
33351;33336;29/06/2020;242462
33352;33337;29/06/2020;333000
33353;33338;29/06/2020;398500
33354;33339;29/06/2020;78500
33355;33340;29/06/2020;170000
33356;33341;29/06/2020;92000
33357;33342;29/06/2020;138000
33358;33343;29/06/2020;210000
33359;33344;29/06/2020;250000
33360;33345;29/06/2020;213000
33361;33346;29/06/2020;218000
33362;33347;29/06/2020;81000
33363;33348;29/06/2020;40000
33364;33349;29/06/2020;152000
33365;33350;29/06/2020;50100
33366;33351;29/06/2020;120700
33367;33352;29/06/2020;85500
33368;33353;29/06/2020;99400
33369;33354;29/06/2020;105000
33370;33355;29/06/2020;120000
33371;33356;29/06/2020;125820
33372;33357;29/06/2020;42000
33373;33358;29/06/2020;73850
33374;33359;29/06/2020;190100
33375;33360;29/06/2020;38450
33376;33361;29/06/2020;74000
33377;33362;29/06/2020;732100
33378;33363;29/06/2020;76406
33379;33364;29/06/2020;315000
33380;33365;29/06/2020;69000
33381;33366;29/06/2020;240385
33382;33367;29/06/2020;339850
33383;33368;29/06/2020;72560
33384;33369;29/06/2020;159000
33385;33370;29/06/2020;52000
33386;33371;29/06/2020;94000
33387;33372;29/06/2020;114000
33388;33373;29/06/2020;18000
33389;33374;29/06/2020;130000
33390;33375;29/06/2020;225000
33391;33376;29/06/2020;160450
33392;33377;29/06/2020;160000
33393;33378;29/06/2020;80000
33394;33379;29/06/2020;135000
33395;33380;29/06/2020;210000
33396;33381;29/06/2020;403885
33397;33382;29/06/2020;265000
33398;33383;29/06/2020;130000
33399;33384;29/06/2020;282000
33400;33385;29/06/2020;80000
33401;33386;29/06/2020;91000
33402;33387;29/06/2020;24000
33403;33388;29/06/2020;65000
33404;33389;29/06/2020;85000
33405;33390;29/06/2020;200000
33406;33391;29/06/2020;22500
33407;33392;29/06/2020;74000
33408;33393;29/06/2020;63800
33409;33394;29/06/2020;99000
33410;33395;29/06/2020;75500
33411;33396;29/06/2020;75000
33412;33397;29/06/2020;217200
33413;33398;29/06/2020;91600
33414;33399;29/06/2020;66000
33415;33400;29/06/2020;81000
33416;33401;29/06/2020;61000
33417;33402;29/06/2020;61320
33418;33403;29/06/2020;195000
33419;33404;29/06/2020;433202
33420;33405;29/06/2020;127500
33421;33406;29/06/2020;260200
33422;33407;29/06/2020;289500
33423;33408;29/06/2020;72000
33424;33409;29/06/2020;220000
33425;33410;29/06/2020;230000
33426;33411;29/06/2020;162000
33427;33412;29/06/2020;192100
33428;33413;29/06/2020;248000
33429;33414;29/06/2020;54900
33430;33415;29/06/2020;110000
33431;33416;29/06/2020;103000
33432;33417;29/06/2020;39000
33433;33418;29/06/2020;422000
33434;33419;29/06/2020;540000
33435;33420;29/06/2020;209900
33436;33421;29/06/2020;285600
33437;33422;29/06/2020;1003650
33438;33423;29/06/2020;246785
33439;33424;29/06/2020;375000
33440;33425;29/06/2020;140000
33441;33426;29/06/2020;210000
33442;33427;29/06/2020;125000
33443;33428;29/06/2020;93000
33444;33429;29/06/2020;33000
33445;33430;29/06/2020;62500
33446;33431;29/06/2020;56000
33447;33432;29/06/2020;190310
33448;33433;29/06/2020;210000
33449;33434;29/06/2020;147400
33450;33435;29/06/2020;330000
33451;33436;29/06/2020;288950
33452;33437;29/06/2020;320000
33453;33438;29/06/2020;425000
33454;33439;29/06/2020;363808
33455;33440;29/06/2020;590000
33456;33441;29/06/2020;535000
33457;33442;29/06/2020;851300
33458;33443;29/06/2020;1360000
33459;33444;29/06/2020;764000
33460;33445;29/06/2020;1560000
33461;33446;29/06/2020;208550
33462;33447;29/06/2020;522577
33463;33448;29/06/2020;1517000
33464;33449;29/06/2020;199230
33465;33450;29/06/2020;210000
33466;33451;29/06/2020;246000
33467;33452;29/06/2020;237000
33468;33453;29/06/2020;415980
33469;33454;29/06/2020;460000
33470;33455;29/06/2020;820000
33471;33456;29/06/2020;475250
33472;33457;29/06/2020;306707
33473;33458;29/06/2020;441000
33474;33459;29/06/2020;2233000
33475;33460;29/06/2020;350000
33476;33461;29/06/2020;2200000
33477;33462;29/06/2020;415000
33478;33463;29/06/2020;729700
33479;33464;29/06/2020;1660000
33480;33465;29/06/2020;301000
33481;33466;29/06/2020;640000
33482;33467;29/06/2020;320000
33483;33468;29/06/2020;471520
33484;33469;29/06/2020;1353000
33485;33470;29/06/2020;191000
33486;33471;29/06/2020;390000
33487;33472;29/06/2020;740700
33488;33473;29/06/2020;168650
33489;33474;29/06/2020;700000
33490;33475;29/06/2020;120000
33491;33476;29/06/2020;715711
33492;33477;29/06/2020;899000
33493;33478;29/06/2020;430000
33494;33479;29/06/2020;687000
33495;33480;29/06/2020;413000
33496;33481;29/06/2020;862700
33497;33482;29/06/2020;348800
33498;33483;29/06/2020;295000
33499;33484;29/06/2020;86000
33500;33485;29/06/2020;529250
33501;33486;29/06/2020;672580
33502;33487;29/06/2020;578000
33503;33488;29/06/2020;238000
33504;33489;29/06/2020;288900
33505;33490;29/06/2020;255000
33506;33491;29/06/2020;373000
33507;33492;29/06/2020;94000
33508;33493;29/06/2020;103000
33509;33494;29/06/2020;86020
33510;33495;29/06/2020;70000
33511;33496;29/06/2020;172000
33512;33497;29/06/2020;195000
33513;33498;29/06/2020;248560
33514;33499;29/06/2020;240000
33515;33500;29/06/2020;165000
33516;33501;29/06/2020;231000
33517;33502;29/06/2020;128000
33518;33503;29/06/2020;100000
33519;33504;29/06/2020;285000
33520;33505;29/06/2020;160000
33521;33506;29/06/2020;125000
33522;33507;29/06/2020;164000
33523;33508;29/06/2020;780000
33524;33509;29/06/2020;288950
33525;33510;29/06/2020;117000
33526;33511;29/06/2020;380000
33527;33512;29/06/2020;90000
33528;33513;29/06/2020;350000
33529;33514;29/06/2020;231500
33530;33515;29/06/2020;80900
33531;33516;29/06/2020;227000
33532;33517;29/06/2020;310000
33533;33518;29/06/2020;351527
33534;33519;29/06/2020;261391
33535;33520;29/06/2020;165000
33536;33521;29/06/2020;140000
33537;33522;29/06/2020;101000
33538;33523;29/06/2020;258500
33539;33524;29/06/2020;180500
33540;33525;29/06/2020;112000
33541;33526;29/06/2020;104400
33542;33527;29/06/2020;35000
33543;33528;29/06/2020;63000
33544;33529;29/06/2020;17000
33545;33530;29/06/2020;342000
33546;33531;29/06/2020;145400
33547;33532;29/06/2020;157470
33548;33533;29/06/2020;153500
33549;33534;29/06/2020;165000
33550;33535;29/06/2020;254680
33551;33536;29/06/2020;124950
33552;33537;29/06/2020;221900
33553;33538;29/06/2020;200000
33554;33539;29/06/2020;347350
33555;33540;29/06/2020;167000
33556;33541;29/06/2020;262000
33557;33542;29/06/2020;248000
33558;33543;29/06/2020;75500
33559;33544;29/06/2020;201850
33560;33545;29/06/2020;269950
33561;33546;29/06/2020;93000
33562;33547;29/06/2020;66760
33563;33548;29/06/2020;154000
33564;33549;29/06/2020;93200
33565;33550;29/06/2020;139000
33566;33551;29/06/2020;156000
33567;33552;29/06/2020;50000
33568;33553;29/06/2020;49000
33569;33554;29/06/2020;135000
33570;33555;29/06/2020;117300
33571;33556;29/06/2020;78500
33572;33557;29/06/2020;183000
33573;33558;29/06/2020;148250
33574;33559;29/06/2020;323500
33575;33560;29/06/2020;137000
33576;33561;29/06/2020;73750
33577;33562;29/06/2020;160000
33578;33563;29/06/2020;40000
33579;33564;29/06/2020;82500
33580;33565;29/06/2020;232000
33581;33566;29/06/2020;338000
33582;33567;29/06/2020;207000
33583;33568;29/06/2020;171000
33584;33569;29/06/2020;189000
33585;33570;29/06/2020;161000
33586;33571;29/06/2020;105000
33587;33572;29/06/2020;189000
33588;33573;29/06/2020;135000
33589;33574;29/06/2020;112000
33590;33575;29/06/2020;193000
33591;33576;29/06/2020;150000
33592;33577;29/06/2020;305060
33593;33578;29/06/2020;235125
33594;33579;29/06/2020;96000
33595;33580;29/06/2020;98700
33596;33581;29/06/2020;229900
33597;33582;29/06/2020;315450
33598;33583;29/06/2020;352000
33599;33584;29/06/2020;192300
33600;33585;29/06/2020;1100000
33601;33586;29/06/2020;517400
33602;33587;29/06/2020;1080000
33603;33588;29/06/2020;317000
33604;33589;29/06/2020;546500
33605;33590;29/06/2020;245000
33606;33591;29/06/2020;50000
33607;33592;29/06/2020;355000
33608;33593;29/06/2020;374000
33609;33594;29/06/2020;427660
33610;33595;29/06/2020;116000
33611;33596;29/06/2020;179850
33612;33597;29/06/2020;150000
33613;33598;29/06/2020;80000
33614;33599;29/06/2020;229000
33615;33600;29/06/2020;350000
33616;33601;29/06/2020;210000
33617;33602;29/06/2020;225000
33618;33603;29/06/2020;89620
33619;33604;29/06/2020;80000
33620;33605;29/06/2020;135000
33621;33606;29/06/2020;126000
33622;33607;29/06/2020;542850
33623;33608;29/06/2020;116266
33624;33609;29/06/2020;267000
33625;33610;29/06/2020;229500
33626;33611;29/06/2020;212500
33627;33612;29/06/2020;136500
33628;33613;29/06/2020;175000
33629;33614;29/06/2020;216000
33630;33615;29/06/2020;385000
33631;33616;29/06/2020;289000
33632;33617;29/06/2020;186000
33633;33618;29/06/2020;279000
33634;33619;29/06/2020;204000
33635;33620;29/06/2020;434000
33636;33621;29/06/2020;160000
33637;33622;29/06/2020;290000
33638;33623;29/06/2020;400000
33639;33624;29/06/2020;485000
33640;33625;29/06/2020;124000
33641;33626;29/06/2020;303800
33642;33627;29/06/2020;321000
33643;33628;29/06/2020;319000
33644;33629;29/06/2020;380000
33645;33630;29/06/2020;142450
33646;33631;29/06/2020;425000
33647;33632;29/06/2020;220000
33648;33633;29/06/2020;346750
33649;33634;29/06/2020;350000
33650;33635;29/06/2020;283000
33651;33636;29/06/2020;270845
33652;33637;29/06/2020;90000
33653;33638;29/06/2020;200000
33654;33639;29/06/2020;385000
33655;33640;29/06/2020;190600
33656;33641;29/06/2020;285000
33657;33642;29/06/2020;153000
33658;33643;29/06/2020;92000
33659;33644;29/06/2020;339000
33660;33645;29/06/2020;188000
33661;33646;29/06/2020;270000
33662;33647;29/06/2020;124000
33663;33648;29/06/2020;198000
33664;33649;29/06/2020;252000
33665;33650;29/06/2020;299000
33666;33651;29/06/2020;190000
33667;33652;29/06/2020;133000
33668;33653;29/06/2020;163900
33669;33654;29/06/2020;153500
33670;33655;29/06/2020;67000
33671;33656;29/06/2020;295000
33672;33657;29/06/2020;157000
33673;33658;29/06/2020;118000
33674;33659;29/06/2020;226000
33675;33660;29/06/2020;235000
33676;33661;29/06/2020;218000
33677;33662;29/06/2020;95500
33678;33663;29/06/2020;158000
33679;33664;29/06/2020;110000
33680;33665;29/06/2020;45000
33681;33666;29/06/2020;99000
33682;33667;30/06/2020;29500
33683;33668;30/06/2020;36000
33684;33669;30/06/2020;135000
33685;33670;30/06/2020;90000
33686;33671;30/06/2020;64600
33687;33672;30/06/2020;425000
33688;33673;30/06/2020;970000
33689;33674;30/06/2020;328300
33690;33675;30/06/2020;445100
33691;33676;30/06/2020;54000
33692;33677;30/06/2020;750000
33693;33678;30/06/2020;34000
33694;33679;30/06/2020;88000
33695;33680;30/06/2020;65000
33696;33681;30/06/2020;66500
33697;33682;30/06/2020;259000
33698;33683;30/06/2020;83000
33699;33684;30/06/2020;55000
33700;33685;30/06/2020;73000
33701;33686;30/06/2020;158000
33702;33687;30/06/2020;185000
33703;33688;30/06/2020;98000
33704;33689;30/06/2020;51000
33705;33690;30/06/2020;115000
33706;33691;30/06/2020;225000
33707;33692;30/06/2020;24850
33708;33693;30/06/2020;110000
33709;33694;30/06/2020;62000
33710;33695;30/06/2020;189000
33711;33696;30/06/2020;271850
33712;33697;30/06/2020;123000
33713;33698;30/06/2020;186000
33714;33699;30/06/2020;143500
33715;33700;30/06/2020;90700
33716;33701;30/06/2020;82500
33717;33702;30/06/2020;54440
33718;33703;30/06/2020;75000
33719;33704;30/06/2020;29000
33720;33705;30/06/2020;198000
33721;33706;30/06/2020;123000
33722;33707;30/06/2020;113000
33723;33708;30/06/2020;203310
33724;33709;30/06/2020;245000
33725;33710;30/06/2020;143000
33726;33711;30/06/2020;272150
33727;33712;30/06/2020;363050
33728;33713;30/06/2020;233600
33729;33714;30/06/2020;137500
33730;33715;30/06/2020;124700
33731;33716;30/06/2020;83120
33732;33717;30/06/2020;257700
33733;33718;30/06/2020;249000
33734;33719;30/06/2020;239450
33735;33720;30/06/2020;213000
33736;33721;30/06/2020;221800
33737;33722;30/06/2020;75000
33738;33723;30/06/2020;203000
33739;33724;30/06/2020;370000
33740;33725;30/06/2020;115000
33741;33726;30/06/2020;97400
33742;33727;30/06/2020;221552
33743;33728;30/06/2020;177500
33744;33729;30/06/2020;870000
33745;33730;30/06/2020;63000
33746;33731;30/06/2020;102972
33747;33732;30/06/2020;94310
33748;33733;30/06/2020;100000
33749;33734;30/06/2020;79000
33750;33735;30/06/2020;192000
33751;33736;30/06/2020;116000
33752;33737;30/06/2020;70000
33753;33738;30/06/2020;77200
33754;33739;30/06/2020;131320
33755;33740;30/06/2020;163000
33756;33741;30/06/2020;219800
33757;33742;30/06/2020;257000
33758;33743;30/06/2020;50000
33759;33744;30/06/2020;114000
33760;33745;30/06/2020;81000
33761;33746;30/06/2020;205000
33762;33747;30/06/2020;150300
33763;33748;30/06/2020;150000
33764;33749;30/06/2020;88000
33765;33750;30/06/2020;6500
33766;33751;30/06/2020;82000
33767;33752;30/06/2020;140000
33768;33753;30/06/2020;41000
33769;33754;30/06/2020;235000
33770;33755;30/06/2020;34000
33771;33756;30/06/2020;235000
33772;33757;30/06/2020;530000
33773;33758;30/06/2020;113000
33774;33759;30/06/2020;287000
33775;33760;30/06/2020;99000
33776;33761;30/06/2020;179500
33777;33762;30/06/2020;300000
33778;33763;30/06/2020;60000
33779;33764;30/06/2020;73000
33780;33765;30/06/2020;105000
33781;33766;30/06/2020;280000
33782;33767;30/06/2020;146000
33783;33768;30/06/2020;70000
33784;33769;30/06/2020;158000
33785;33770;30/06/2020;164000
33786;33771;30/06/2020;166862
33787;33772;30/06/2020;175000
33788;33773;30/06/2020;59000
33789;33774;30/06/2020;140500
33790;33775;30/06/2020;100000
33791;33776;30/06/2020;66500
33792;33777;30/06/2020;160000
33793;33778;30/06/2020;96900
33794;33779;30/06/2020;120000
33795;33780;30/06/2020;78500
33796;33781;30/06/2020;64000
33797;33782;30/06/2020;170000
33798;33783;30/06/2020;72000
33799;33784;30/06/2020;148000
33800;33785;30/06/2020;67000
33801;33786;30/06/2020;78000
33802;33787;30/06/2020;129500
33803;33788;30/06/2020;85000
33804;33789;30/06/2020;374000
33805;33790;30/06/2020;156000
33806;33791;30/06/2020;90700
33807;33792;30/06/2020;122600
33808;33793;30/06/2020;62000
33809;33794;30/06/2020;110240
33810;33795;30/06/2020;138000
33811;33796;30/06/2020;79500
33812;33797;30/06/2020;1940000
33813;33798;30/06/2020;279750
33814;33799;30/06/2020;76000
33815;33800;30/06/2020;125000
33816;33801;30/06/2020;167000
33817;33802;30/06/2020;108000
33818;33803;30/06/2020;69400
33819;33804;30/06/2020;104000
33820;33805;30/06/2020;45000
33821;33806;30/06/2020;50000
33822;33807;30/06/2020;529500
33823;33808;30/06/2020;63000
33824;33809;30/06/2020;115000
33825;33810;30/06/2020;63000
33826;33811;30/06/2020;65000
33827;33812;30/06/2020;55000
33828;33813;30/06/2020;135000
33829;33814;30/06/2020;108000
33830;33815;30/06/2020;90000
33831;33816;30/06/2020;35000
33832;33817;30/06/2020;364000
33833;33818;30/06/2020;120000
33834;33819;30/06/2020;210000
33835;33820;30/06/2020;148000
33836;33821;30/06/2020;187000
33837;33822;30/06/2020;172720
33838;33823;30/06/2020;221000
33839;33824;30/06/2020;403000
33840;33825;30/06/2020;321500
33841;33826;30/06/2020;282907
33842;33827;30/06/2020;690000
33843;33828;30/06/2020;195010
33844;33829;30/06/2020;320000
33845;33830;30/06/2020;405250
33846;33831;30/06/2020;130000
33847;33832;30/06/2020;419150
33848;33833;30/06/2020;220000
33849;33834;30/06/2020;180000
33850;33835;30/06/2020;376400
33851;33836;30/06/2020;155000
33852;33837;30/06/2020;64000
33853;33838;30/06/2020;21600
33854;33839;30/06/2020;65600
33855;33840;30/06/2020;85000
33856;33841;30/06/2020;495900
33857;33842;30/06/2020;212605
33858;33843;30/06/2020;223000
33859;33844;30/06/2020;2203720
33860;33845;30/06/2020;420000
33861;33846;30/06/2020;650000
33862;33847;30/06/2020;1226200
33863;33848;30/06/2020;640000
33864;33849;30/06/2020;480450
33865;33850;30/06/2020;375000
33866;33851;30/06/2020;945000
33867;33852;30/06/2020;183264
33868;33853;30/06/2020;458000
33869;33854;30/06/2020;726000
33870;33855;30/06/2020;1290000
33871;33856;30/06/2020;232215
33872;33857;30/06/2020;975000
33873;33858;30/06/2020;630000
33874;33859;30/06/2020;1385300
33875;33860;30/06/2020;330000
33876;33861;30/06/2020;177900
33877;33862;30/06/2020;720000
33878;33863;30/06/2020;500000
33879;33864;30/06/2020;146708
33880;33865;30/06/2020;206500
33881;33866;30/06/2020;160000
33882;33867;30/06/2020;420000
33883;33868;30/06/2020;352400
33884;33869;30/06/2020;80000
33885;33870;30/06/2020;223000
33886;33871;30/06/2020;561000
33887;33872;30/06/2020;706720
33888;33873;30/06/2020;940000
33889;33874;30/06/2020;330000
33890;33875;30/06/2020;3142400
33891;33876;30/06/2020;275500
33892;33877;30/06/2020;480000
33893;33878;30/06/2020;620000
33894;33879;30/06/2020;618450
33895;33880;30/06/2020;412846
33896;33881;30/06/2020;210000
33897;33882;30/06/2020;527450
33898;33883;30/06/2020;305000
33899;33884;30/06/2020;526660
33900;33885;30/06/2020;214000
33901;33886;30/06/2020;560114
33902;33887;30/06/2020;182000
33903;33888;30/06/2020;694000
33904;33889;30/06/2020;610329
33905;33890;30/06/2020;283000
33906;33891;30/06/2020;616000
33907;33892;30/06/2020;780000
33908;33893;30/06/2020;425000
33909;33894;30/06/2020;1199850
33910;33895;30/06/2020;160000
33911;33896;30/06/2020;760000
33912;33897;30/06/2020;390000
33913;33898;30/06/2020;840000
33914;33899;30/06/2020;282000
33915;33900;30/06/2020;240000
33916;33901;30/06/2020;2088000
33917;33902;30/06/2020;2122400
33918;33903;30/06/2020;2390000
33919;33904;30/06/2020;255000
33920;33905;30/06/2020;635000
33921;33906;30/06/2020;448500
33922;33907;30/06/2020;424000
33923;33908;30/06/2020;316280
33924;33909;30/06/2020;928000
33925;33910;30/06/2020;186500
33926;33911;30/06/2020;179000
33927;33912;30/06/2020;152312
33928;33913;30/06/2020;635300
33929;33914;30/06/2020;265000
33930;33915;30/06/2020;402800
33931;33916;30/06/2020;98000
33932;33917;30/06/2020;136000
33933;33918;30/06/2020;485000
33934;33919;30/06/2020;195000
33935;33920;30/06/2020;835000
33936;33921;30/06/2020;405800
33937;33922;30/06/2020;375000
33938;33923;30/06/2020;445000
33939;33924;30/06/2020;1195000
33940;33925;30/06/2020;275000
33941;33926;30/06/2020;745200
33942;33927;30/06/2020;213000
33943;33928;30/06/2020;425324
33944;33929;30/06/2020;130000
33945;33930;30/06/2020;74000
33946;33931;30/06/2020;115000
33947;33932;30/06/2020;107500
33948;33933;30/06/2020;115000
33949;33934;30/06/2020;112000
33950;33935;30/06/2020;170000
33951;33936;30/06/2020;258200
33952;33937;30/06/2020;80000
33953;33938;30/06/2020;247000
33954;33939;30/06/2020;178500
33955;33940;30/06/2020;251000
33956;33941;30/06/2020;232000
33957;33942;30/06/2020;130000
33958;33943;30/06/2020;85000
33959;33944;30/06/2020;180000
33960;33945;30/06/2020;276950
33961;33946;30/06/2020;271855
33962;33947;30/06/2020;170000
33963;33948;30/06/2020;103000
33964;33949;30/06/2020;129000
33965;33950;30/06/2020;220000
33966;33951;30/06/2020;190000
33967;33952;30/06/2020;219000
33968;33953;30/06/2020;190000
33969;33954;30/06/2020;304645
33970;33955;30/06/2020;250000
33971;33956;30/06/2020;147000
33972;33957;30/06/2020;307200
33973;33958;30/06/2020;330000
33974;33959;30/06/2020;806860
33975;33960;30/06/2020;390400
33976;33961;30/06/2020;630000
33977;33962;30/06/2020;166000
33978;33963;30/06/2020;95000
33979;33964;30/06/2020;160000
33980;33965;30/06/2020;281300
33981;33966;30/06/2020;342000
33982;33967;30/06/2020;480000
33983;33968;30/06/2020;252300
33984;33969;30/06/2020;231275
33985;33970;30/06/2020;264100
33986;33971;30/06/2020;75000
33987;33972;30/06/2020;166000
33988;33973;30/06/2020;200000
33989;33974;30/06/2020;209000
33990;33975;30/06/2020;1020000
33991;33976;30/06/2020;692000
33992;33977;30/06/2020;181000
33993;33978;30/06/2020;235000
33994;33979;30/06/2020;154600
33995;33980;30/06/2020;150000
33996;33981;30/06/2020;80000
33997;33982;30/06/2020;340000
33998;33983;30/06/2020;129000
33999;33984;30/06/2020;312000
34000;33985;30/06/2020;127500
34001;33986;30/06/2020;203000
34002;33987;30/06/2020;78000
34003;33988;30/06/2020;420000
34004;33989;30/06/2020;237220
34005;33990;30/06/2020;275650
34006;33991;30/06/2020;200000
34007;33992;30/06/2020;180100
34008;33993;30/06/2020;126850
34009;33994;30/06/2020;304300
34010;33995;30/06/2020;140000
34011;33996;30/06/2020;
34012;33997;30/06/2020;135000
34013;33998;30/06/2020;350000
34014;33999;30/06/2020;96500
34015;34000;30/06/2020;52500
34016;34001;30/06/2020;95000
34017;34002;30/06/2020;80000
34018;34003;30/06/2020;114200
34019;34004;30/06/2020;75000
34020;34005;30/06/2020;70000
34021;34006;30/06/2020;172440
34022;34007;30/06/2020;114500
34023;34008;30/06/2020;526000
34024;34009;30/06/2020;68000
34025;34010;30/06/2020;57000
34026;34011;30/06/2020;126000
34027;34012;30/06/2020;62000
34028;34013;30/06/2020;79900
34029;34014;30/06/2020;423000
34030;34015;30/06/2020;80000
34031;34016;30/06/2020;86400
34032;34017;30/06/2020;263000
34033;34018;30/06/2020;58444
34034;34019;30/06/2020;134000
34035;34020;30/06/2020;158500
34036;34021;30/06/2020;154000
34037;34022;30/06/2020;165000
34038;34023;30/06/2020;175000
34039;34024;30/06/2020;116000
34040;34025;30/06/2020;380000
34041;34026;30/06/2020;84500
34042;34027;30/06/2020;110000
34043;34028;30/06/2020;299000
34044;34029;30/06/2020;140340
34045;34030;30/06/2020;165000
34046;34031;30/06/2020;252000
34047;34032;30/06/2020;130000
34048;34033;30/06/2020;342000
34049;34034;30/06/2020;175000
34050;34035;30/06/2020;195000
34051;34036;30/06/2020;172000
34052;34037;30/06/2020;200000
34053;34038;30/06/2020;85000
34054;34039;30/06/2020;220000
34055;34040;30/06/2020;293300
34056;34041;30/06/2020;200900
34057;34042;30/06/2020;280000
34058;34043;30/06/2020;265000
34059;34044;30/06/2020;98000
34060;34045;30/06/2020;230000
34061;34046;30/06/2020;267000
34062;34047;30/06/2020;370000
34063;34048;30/06/2020;480000
34064;34049;30/06/2020;310000
34065;34050;30/06/2020;175000
34066;34051;30/06/2020;477000
34067;34052;30/06/2020;360000
34068;34053;30/06/2020;907500
34069;34054;30/06/2020;751479
34070;34055;30/06/2020;373560
34071;34056;30/06/2020;910000
34072;34057;30/06/2020;1493574
34073;34058;30/06/2020;155000
34074;34059;30/06/2020;225000
34075;34060;30/06/2020;260000
34076;34061;30/06/2020;315000
34077;34062;30/06/2020;160000
34078;34063;30/06/2020;138000
34079;34064;30/06/2020;145000
34080;34065;30/06/2020;302360
34081;34066;30/06/2020;45000
34082;34067;30/06/2020;335000
34083;34068;30/06/2020;620000
34084;34069;30/06/2020;445000
34085;34070;30/06/2020;182000
34086;34071;30/06/2020;125000
34087;34072;30/06/2020;189900
34088;34073;30/06/2020;373950
34089;34074;30/06/2020;155000
34090;34075;30/06/2020;294000
34091;34076;30/06/2020;485000
34092;34077;30/06/2020;264000
34093;34078;30/06/2020;175000
34094;34079;30/06/2020;128000
34095;34080;30/06/2020;351560
34096;34081;30/06/2020;285000
34097;34082;30/06/2020;173000
34098;34083;30/06/2020;179000
34099;34084;30/06/2020;176000
34100;34085;30/06/2020;180000
34101;34086;30/06/2020;78000
34102;34087;30/06/2020;385000
34103;34088;30/06/2020;125000
34104;34089;30/06/2020;325320
34105;34090;30/06/2020;232000
34106;34091;30/06/2020;210000
34107;34092;30/06/2020;205000
34108;34093;30/06/2020;370000
34109;34094;30/06/2020;755000
34110;34095;30/06/2020;299000
34111;34096;30/06/2020;310000
34112;34097;30/06/2020;199900
34113;34098;30/06/2020;180000
34114;34099;30/06/2020;240566
34115;34100;30/06/2020;395000
34116;34101;30/06/2020;246800
34117;34102;30/06/2020;489550
34118;34103;30/06/2020;100000
34119;34104;30/06/2020;90000
34120;34105;30/06/2020;539000
34121;34106;30/06/2020;220000
34122;34107;30/06/2020;175500
34123;34108;30/06/2020;406350
34124;34109;30/06/2020;345000
34125;34110;30/06/2020;194000
34126;34111;30/06/2020;383060
34127;34112;30/06/2020;259500
34128;34113;30/06/2020;401000
34129;34114;30/06/2020;120000
34130;34115;30/06/2020;380000
34131;34116;30/06/2020;319000
34132;34117;30/06/2020;210000
34133;34118;30/06/2020;140000
34134;34119;30/06/2020;320000
34135;34120;30/06/2020;235000
34136;34121;30/06/2020;573900
34137;34122;30/06/2020;621725
34138;34123;30/06/2020;197000
34139;34124;30/06/2020;122000
34140;34125;30/06/2020;189000
34141;34126;30/06/2020;425000
34142;34127;30/06/2020;200000
34143;34128;30/06/2020;143000
34144;34129;30/06/2020;269000
34145;34130;30/06/2020;225000
34146;34131;30/06/2020;168000
34147;34132;30/06/2020;160000
34148;34133;30/06/2020;90000
34149;34134;30/06/2020;174000
34150;34135;30/06/2020;127000
34151;34136;30/06/2020;182000
34152;34137;30/06/2020;468000
34153;34138;30/06/2020;355000
34154;34139;30/06/2020;162000
34155;34140;30/06/2020;136000
34156;34141;30/06/2020;68000
34157;34142;30/06/2020;149000
34158;34143;30/06/2020;205000
34159;34144;30/06/2020;270000
34160;34145;30/06/2020;350500
34161;34146;30/06/2020;145000
34162;34147;30/06/2020;199500
34163;34148;30/06/2020;160000
34164;34149;30/06/2020;132000
34165;34150;30/06/2020;115000
34166;34151;30/06/2020;129000
34167;34152;30/06/2020;212000
34168;34153;30/06/2020;220000
34169;34154;30/06/2020;121000
