id;id_bien;date;valeur
1;1;2020-01-02;165000
2;2;2020-01-02;355680
3;3;2020-01-02;229500
4;4;2020-01-02;125000
5;5;2020-01-02;90000
6;6;2020-01-02;93000
7;7;2020-01-02;298100
8;8;2020-01-02;163500
9;9;2020-01-02;53000
10;10;2020-01-02;136000
11;11;2020-01-02;125900
12;12;2020-01-02;234000
13;13;2020-01-02;46210
14;14;2020-01-02;129000
15;15;2020-01-02;122500
16;16;2020-01-02;86025
17;17;2020-01-02;79000
18;18;2020-01-02;81795
19;19;2020-01-02;156000
20;20;2020-01-02;139900
21;21;2020-01-02;163870
22;22;2020-01-02;108100
23;23;2020-01-02;205000
24;24;2020-01-02;94000
25;25;2020-01-02;149500
26;26;2020-01-02;111500
27;27;2020-01-02;140000
28;28;2020-01-02;122850
29;29;2020-01-02;135850
30;30;2020-01-02;135500
31;31;2020-01-02;71250
32;32;2020-01-02;107000
33;33;2020-01-02;148400
34;34;2020-01-02;132000
35;35;2020-01-02;107194
36;36;2020-01-02;57200
37;37;2020-01-02;124770
38;38;2020-01-02;67000
39;39;2020-01-02;150830
40;40;2020-01-02;68900
41;41;2020-01-02;120000
42;42;2020-01-02;135460
43;43;2020-01-02;62000
44;44;2020-01-02;281000
45;45;2020-01-02;357000
46;46;2020-01-02;374000
47;47;2020-01-02;1147650
48;48;2020-01-02;145000
49;49;2020-01-02;324120
50;50;2020-01-02;408220
51;51;2020-01-02;582670
52;52;2020-01-02;80000
53;53;2020-01-02;840250
54;54;2020-01-02;266000
55;55;2020-01-02;473000
56;56;2020-01-02;207200
57;57;2020-01-02;49000
58;58;2020-01-02;101250
59;59;2020-01-02;35000
60;60;2020-01-02;132000
61;61;2020-01-02;472950
62;62;2020-01-02;478161
63;63;2020-01-02;153700
64;64;2020-01-02;155800
65;65;2020-01-02;624000
66;66;2020-01-02;135700
67;67;2020-01-02;196000
68;68;2020-01-02;172850
69;69;2020-01-02;120500
70;70;2020-01-02;224000
71;71;2020-01-02;367000
72;72;2020-01-02;132840
73;73;2020-01-02;78500
74;74;2020-01-02;72000
75;75;2020-01-02;107100
76;76;2020-01-02;134000
77;77;2020-01-02;68181
78;78;2020-01-02;275900
79;79;2020-01-02;160000
80;80;2020-01-02;267740
81;81;2020-01-02;395300
82;82;2020-01-02;269000
83;83;2020-01-02;406400
84;84;2020-01-02;326500
85;85;2020-01-02;275050
86;86;2020-01-02;138000
87;87;2020-01-02;65000
88;88;2020-01-02;185750
89;89;2020-01-02;235000
90;90;2020-01-02;176000
91;91;2020-01-02;140000
92;92;2020-01-02;170950
93;93;2020-01-02;265000
94;94;2020-01-02;112000
95;95;2020-01-03;102000
96;96;2020-01-03;142000
97;97;2020-01-03;164000
98;98;2020-01-03;33880
99;99;2020-01-03;71000
100;100;2020-01-03;43000
101;101;2020-01-03;181875
102;102;2020-01-03;240250
103;103;2020-01-03;616900
104;104;2020-01-03;212550
105;105;2020-01-03;317800
106;106;2020-01-03;420000
107;107;2020-01-03;44000
108;108;2020-01-03;237720
109;109;2020-01-03;146000
110;110;2020-01-03;69350
111;111;2020-01-03;121000
112;112;2020-01-03;70000
113;113;2020-01-03;145000
114;114;2020-01-03;43000
115;115;2020-01-03;210800
116;116;2020-01-03;210000
117;117;2020-01-03;96000
118;118;2020-01-03;135000
119;119;2020-01-03;37000
120;120;2020-01-03;190000
121;121;2020-01-03;39450
122;122;2020-01-03;28500
123;123;2020-01-03;158800
124;124;2020-01-03;268800
125;125;2020-01-03;96450
126;126;2020-01-03;28000
127;127;2020-01-03;73470
128;128;2020-01-03;49500
129;129;2020-01-03;67000
130;130;2020-01-03;176000
131;131;2020-01-03;278300
132;132;2020-01-03;296651
133;133;2020-01-03;159500
134;134;2020-01-03;98545
135;135;2020-01-03;98200
136;136;2020-01-03;110500
137;137;2020-01-03;44500
138;138;2020-01-03;332000
139;139;2020-01-03;221060
140;140;2020-01-03;174845
141;141;2020-01-03;42000
142;142;2020-01-03;445000
143;143;2020-01-03;232750
144;144;2020-01-03;257800
145;145;2020-01-03;125000
146;146;2020-01-03;104793
147;147;2020-01-03;146000
148;148;2020-01-03;174000
149;149;2020-01-03;110000
150;150;2020-01-03;370700
151;151;2020-01-03;62800
152;152;2020-01-03;251105
153;153;2020-01-03;342700
154;154;2020-01-03;65000
155;155;2020-01-03;133000
156;156;2020-01-03;66370
157;157;2020-01-03;594700
158;158;2020-01-03;71000
159;159;2020-01-03;140000
160;160;2020-01-03;112000
161;161;2020-01-03;121000
162;162;2020-01-03;109950
163;163;2020-01-03;314500
164;164;2020-01-03;167600
165;165;2020-01-03;157080
166;166;2020-01-03;164720
167;167;2020-01-03;273080
168;168;2020-01-03;118650
169;169;2020-01-03;157000
170;170;2020-01-03;63885
171;171;2020-01-03;255000
172;172;2020-01-03;445000
173;173;2020-01-03;852000
174;174;2020-01-03;335000
175;175;2020-01-03;278500
176;176;2020-01-03;497270
177;177;2020-01-03;1469500
178;178;2020-01-03;270000
179;179;2020-01-03;434000
180;180;2020-01-03;352000
181;181;2020-01-03;512000
182;182;2020-01-03;246150
183;183;2020-01-03;573721
184;184;2020-01-03;917350
185;185;2020-01-03;625500
186;186;2020-01-03;673315
187;187;2020-01-03;707350
188;188;2020-01-03;461200
189;189;2020-01-03;502700
190;190;2020-01-03;276000
191;191;2020-01-03;638000
192;192;2020-01-03;196500
193;193;2020-01-03;34500
194;194;2020-01-03;116000
195;195;2020-01-03;93200
196;196;2020-01-03;142000
197;197;2020-01-03;98000
198;198;2020-01-03;172500
199;199;2020-01-03;141000
200;200;2020-01-03;440000
201;201;2020-01-03;131600
202;202;2020-01-03;205000
203;203;2020-01-03;93800
204;204;2020-01-03;135450
205;205;2020-01-03;102000
206;206;2020-01-03;185000
207;207;2020-01-03;196100
208;208;2020-01-03;212231
209;209;2020-01-03;113000
210;210;2020-01-03;331000
211;211;2020-01-03;93000
212;212;2020-01-03;596370
213;213;2020-01-03;97000
214;214;2020-01-03;305000
215;215;2020-01-03;99840
216;216;2020-01-03;150020
217;217;2020-01-03;300000
218;218;2020-01-03;121000
219;219;2020-01-03;148570
220;220;2020-01-03;105840
221;221;2020-01-03;138000
222;222;2020-01-03;33000
223;223;2020-01-03;40000
224;224;2020-01-03;56650
225;225;2020-01-03;160000
226;226;2020-01-03;360000
227;227;2020-01-03;171000
228;228;2020-01-03;213500
229;229;2020-01-03;157500
230;230;2020-01-03;255680
231;231;2020-01-03;244000
232;232;2020-01-03;435000
233;233;2020-01-03;254000
234;234;2020-01-03;284984
235;235;2020-01-03;302000
236;236;2020-01-03;548000
237;237;2020-01-03;877100
238;238;2020-01-03;213615
239;239;2020-01-03;300800
240;240;2020-01-03;857950
241;241;2020-01-03;380000
242;242;2020-01-03;318700
243;243;2020-01-03;256760
244;244;2020-01-03;291262
245;245;2020-01-03;161320
246;246;2020-01-03;164000
247;247;2020-01-03;662300
248;248;2020-01-03;227600
249;249;2020-01-03;312450
250;250;2020-01-03;348450
251;251;2020-01-03;298333
252;252;2020-01-03;326200
253;253;2020-01-03;349000
254;254;2020-01-03;43000
255;255;2020-01-03;192000
256;256;2020-01-03;142100
257;257;2020-01-03;572000
258;258;2020-01-03;130000
259;259;2020-01-03;134000
260;260;2020-01-03;209000
261;261;2020-01-03;378850
262;262;2020-01-03;440425
263;263;2020-01-03;331000
264;264;2020-01-03;410370
265;265;2020-01-03;145000
266;266;2020-01-03;218000
267;267;2020-01-03;269000
268;268;2020-01-03;374675
269;269;2020-01-03;163000
270;270;2020-01-03;224500
271;271;2020-01-03;159000
272;272;2020-01-03;195600
273;273;2020-01-03;240000
274;274;2020-01-03;174000
275;275;2020-01-04;84000
276;276;2020-01-04;76100
277;277;2020-01-04;67750
278;278;2020-01-04;75200
279;279;2020-01-04;176000
280;280;2020-01-04;123000
281;281;2020-01-04;87900
282;282;2020-01-04;57200
283;283;2020-01-04;74000
284;284;2020-01-06;285000
285;285;2020-01-06;429250
286;286;2020-01-06;196000
287;287;2020-01-06;443000
288;288;2020-01-06;170000
289;289;2020-01-06;128600
290;290;2020-01-06;81000
291;291;2020-01-06;335000
292;292;2020-01-06;212200
293;293;2020-01-06;643815
294;294;2020-01-06;113200
295;295;2020-01-06;88000
296;296;2020-01-06;99500
297;297;2020-01-06;90000
298;298;2020-01-06;68600
299;299;2020-01-06;52000
300;300;2020-01-06;207500
301;301;2020-01-06;237000
302;302;2020-01-06;72200
303;303;2020-01-06;318000
304;304;2020-01-06;330850
305;305;2020-01-06;144950
306;306;2020-01-06;144000
307;307;2020-01-06;82000
308;308;2020-01-06;298000
309;309;2020-01-06;91000
310;310;2020-01-06;265000
311;311;2020-01-06;197000
312;312;2020-01-06;375000
313;313;2020-01-06;104000
314;314;2020-01-06;173000
315;315;2020-01-06;275000
316;316;2020-01-06;160000
317;317;2020-01-06;110000
318;318;2020-01-06;53900
319;319;2020-01-06;206300
320;320;2020-01-06;72000
321;321;2020-01-06;188900
322;322;2020-01-06;65000
323;323;2020-01-06;149500
324;324;2020-01-06;150900
325;325;2020-01-06;90000
326;326;2020-01-06;106000
327;327;2020-01-06;86000
328;328;2020-01-06;46000
329;329;2020-01-06;72000
330;330;2020-01-06;88000
331;331;2020-01-06;137000
332;332;2020-01-06;360000
333;333;2020-01-06;33000
334;334;2020-01-06;122450
335;335;2020-01-06;99750
336;336;2020-01-06;153300
337;337;2020-01-06;172950
338;338;2020-01-06;71530
339;339;2020-01-06;78000
340;340;2020-01-06;204000
341;341;2020-01-06;155000
342;342;2020-01-06;134000
343;343;2020-01-06;97000
344;344;2020-01-06;162000
345;345;2020-01-06;142200
346;346;2020-01-06;214000
347;347;2020-01-06;240000
348;348;2020-01-06;120000
349;349;2020-01-06;75200
350;350;2020-01-06;33000
351;351;2020-01-06;31000
352;352;2020-01-06;43000
353;353;2020-01-06;44950
354;354;2020-01-06;138000
355;355;2020-01-06;221300
356;356;2020-01-06;291000
357;357;2020-01-06;145000
358;358;2020-01-06;106000
359;359;2020-01-06;87000
360;360;2020-01-06;127900
361;361;2020-01-06;47000
362;362;2020-01-06;105003
363;363;2020-01-06;37000
364;364;2020-01-06;85500
365;365;2020-01-06;88000
366;366;2020-01-06;30500
367;367;2020-01-06;52381
368;368;2020-01-06;46000
369;369;2020-01-06;86000
370;370;2020-01-06;120300
371;371;2020-01-06;158500
372;372;2020-01-06;270000
373;373;2020-01-06;130000
374;374;2020-01-06;265320
375;375;2020-01-06;325000
376;376;2020-01-06;99900
377;377;2020-01-06;130000
378;378;2020-01-06;202380
379;379;2020-01-06;300000
380;380;2020-01-06;38200
381;381;2020-01-06;240000
382;382;2020-01-06;43000
383;383;2020-01-06;169000
384;384;2020-01-06;368000
385;385;2020-01-06;106574
386;386;2020-01-06;449000
387;387;2020-01-06;334450
388;388;2020-01-06;380000
389;389;2020-01-06;1829700
390;390;2020-01-06;3380000
391;391;2020-01-06;1565002
392;392;2020-01-06;800000
393;393;2020-01-06;362050
394;394;2020-01-06;482000
395;395;2020-01-06;601400
396;396;2020-01-06;506500
397;397;2020-01-06;204650
398;398;2020-01-06;1475700
399;399;2020-01-06;551800
400;400;2020-01-06;362300
401;401;2020-01-06;295700
402;402;2020-01-06;688292
403;403;2020-01-06;596650
404;404;2020-01-06;471000
405;405;2020-01-06;95000
406;406;2020-01-06;590000
407;407;2020-01-06;533000
408;408;2020-01-06;126000
409;409;2020-01-06;607500
410;410;2020-01-06;7420000
411;411;2020-01-06;328950
412;412;2020-01-06;552800
413;413;2020-01-06;343000
414;414;2020-01-06;532000
415;415;2020-01-06;1613000
416;416;2020-01-06;352500
417;417;2020-01-06;276930
418;418;2020-01-06;1188000
419;419;2020-01-06;112000
420;420;2020-01-06;403000
421;421;2020-01-06;60000
422;422;2020-01-06;124000
423;423;2020-01-06;225000
424;424;2020-01-06;185500
425;425;2020-01-06;113000
426;426;2020-01-06;45000
427;427;2020-01-06;189000
428;428;2020-01-06;145000
429;429;2020-01-06;257000
430;430;2020-01-06;175000
431;431;2020-01-06;370050
432;432;2020-01-06;128000
433;433;2020-01-06;168500
434;434;2020-01-06;582000
435;435;2020-01-06;181500
436;436;2020-01-06;240750
437;437;2020-01-06;271500
438;438;2020-01-06;102820
439;439;2020-01-06;740000
440;440;2020-01-06;54000
441;441;2020-01-06;224900
442;442;2020-01-06;90000
443;443;2020-01-06;148500
444;444;2020-01-06;372841
445;445;2020-01-06;235200
446;446;2020-01-06;80000
447;447;2020-01-06;182500
448;448;2020-01-06;103000
449;449;2020-01-06;51000
450;450;2020-01-06;134500
451;451;2020-01-06;39000
452;452;2020-01-06;168637
453;453;2020-01-06;265000
454;454;2020-01-06;134000
455;455;2020-01-06;291150
456;456;2020-01-06;377000
457;457;2020-01-06;391200
458;458;2020-01-06;476469
459;459;2020-01-06;910000
460;460;2020-01-06;186000
461;461;2020-01-06;164000
462;462;2020-01-06;185000
463;463;2020-01-06;388326
464;464;2020-01-06;606820
465;465;2020-01-06;423100
466;466;2020-01-06;518192
467;467;2020-01-06;345000
468;468;2020-01-06;335000
469;469;2020-01-06;121000
470;470;2020-01-06;380000
471;471;2020-01-06;1550000
472;472;2020-01-06;645000
473;473;2020-01-06;825750
474;474;2020-01-06;345000
475;475;2020-01-06;166000
476;476;2020-01-06;254800
477;477;2020-01-06;460000
478;478;2020-01-06;1225000
479;479;2020-01-06;354750
480;480;2020-01-06;196800
481;481;2020-01-06;156350
482;482;2020-01-06;350000
483;483;2020-01-06;644000
484;484;2020-01-06;319000
485;485;2020-01-06;160000
486;486;2020-01-06;240000
487;487;2020-01-06;435000
488;488;2020-01-06;408000
489;489;2020-01-06;153000
490;490;2020-01-06;187000
491;491;2020-01-06;420600
492;492;2020-01-06;281000
493;493;2020-01-06;168500
494;494;2020-01-06;267000
495;495;2020-01-06;129000
496;496;2020-01-06;197050
497;497;2020-01-06;389980
498;498;2020-01-06;109000
499;499;2020-01-06;195000
500;500;2020-01-06;137000
501;501;2020-01-06;189800
502;502;2020-01-06;285500
503;503;2020-01-06;165000
504;504;2020-01-06;225000
505;505;2020-01-06;252000
506;506;2020-01-06;244783
507;507;2020-01-06;1400000
508;508;2020-01-06;240750
509;509;2020-01-06;100000
510;510;2020-01-06;660000
511;511;2020-01-06;1690000
512;512;2020-01-06;130000
513;513;2020-01-06;179500
514;514;2020-01-06;212500
515;515;2020-01-06;208000
516;516;2020-01-06;181230
517;517;2020-01-07;220900
518;518;2020-01-07;212150
519;519;2020-01-07;262000
520;520;2020-01-07;131990
521;521;2020-01-07;133950
522;522;2020-01-07;405000
523;523;2020-01-07;151000
524;524;2020-01-07;581098
525;525;2020-01-07;245000
526;526;2020-01-07;198000
527;527;2020-01-07;233000
528;528;2020-01-07;73500
529;529;2020-01-07;140000
530;530;2020-01-07;66000
531;531;2020-01-07;42500
532;532;2020-01-07;59000
533;533;2020-01-07;66820
534;534;2020-01-07;51000
535;535;2020-01-07;257965
536;536;2020-01-07;150000
537;537;2020-01-07;172000
538;538;2020-01-07;75000
539;539;2020-01-07;140000
540;540;2020-01-07;169600
541;541;2020-01-07;12000
542;542;2020-01-07;74900
543;543;2020-01-07;162000
544;544;2020-01-07;88000
545;545;2020-01-07;87000
546;546;2020-01-07;361000
547;547;2020-01-07;218000
548;548;2020-01-07;159000
549;549;2020-01-07;107000
550;550;2020-01-07;82500
551;551;2020-01-07;123000
552;552;2020-01-07;97000
553;553;2020-01-07;39000
554;554;2020-01-07;34450
555;555;2020-01-07;80300
556;556;2020-01-07;102000
557;557;2020-01-07;92600
558;558;2020-01-07;59000
559;559;2020-01-07;84500
560;560;2020-01-07;111800
561;561;2020-01-07;51500
562;562;2020-01-07;73774
563;563;2020-01-07;166450
564;564;2020-01-07;165000
565;565;2020-01-07;371500
566;566;2020-01-07;150400
567;567;2020-01-07;204620
568;568;2020-01-07;118400
569;569;2020-01-07;216000
570;570;2020-01-07;233000
571;571;2020-01-07;60000
572;572;2020-01-07;123000
573;573;2020-01-07;144310
574;574;2020-01-07;76400
575;575;2020-01-07;69000
576;576;2020-01-07;128420
577;577;2020-01-07;80750
578;578;2020-01-07;196400
579;579;2020-01-07;57000
580;580;2020-01-07;602500
581;581;2020-01-07;283050
582;582;2020-01-07;192000
583;583;2020-01-07;61610
584;584;2020-01-07;86980
585;585;2020-01-07;84800
586;586;2020-01-07;253000
587;587;2020-01-07;56500
588;588;2020-01-07;45600
589;589;2020-01-07;245230
590;590;2020-01-07;119000
591;591;2020-01-07;92000
592;592;2020-01-07;179900
593;593;2020-01-07;98000
594;594;2020-01-07;127000
595;595;2020-01-07;167300
596;596;2020-01-07;143300
597;597;2020-01-07;52000
598;598;2020-01-07;92000
599;599;2020-01-07;137900
600;600;2020-01-07;172900
601;601;2020-01-07;132197
602;602;2020-01-07;11000
603;603;2020-01-07;120000
604;604;2020-01-07;585000
605;605;2020-01-07;67500
606;606;2020-01-07;31500
607;607;2020-01-07;275000
608;608;2020-01-07;74000
609;609;2020-01-07;90000
610;610;2020-01-07;209750
611;611;2020-01-07;196500
612;612;2020-01-07;142040
613;613;2020-01-07;183400
614;614;2020-01-07;170000
615;615;2020-01-07;261470
616;616;2020-01-07;630000
617;617;2020-01-07;40000
618;618;2020-01-07;207200
619;619;2020-01-07;266000
620;620;2020-01-07;223090
621;621;2020-01-07;1250000
622;622;2020-01-07;680000
623;623;2020-01-07;459000
624;624;2020-01-07;312000
625;625;2020-01-07;519000
626;626;2020-01-07;324000
627;627;2020-01-07;308729
628;628;2020-01-07;554690
629;629;2020-01-07;231000
630;630;2020-01-07;189000
631;631;2020-01-07;145000
632;632;2020-01-07;192500
633;633;2020-01-07;337000
634;634;2020-01-07;200000
635;635;2020-01-07;70000
636;636;2020-01-07;371270
637;637;2020-01-07;108600
638;638;2020-01-07;423000
639;639;2020-01-07;132500
640;640;2020-01-07;287000
641;641;2020-01-07;468000
642;642;2020-01-07;111500
643;643;2020-01-07;175000
644;644;2020-01-07;47500
645;645;2020-01-07;116000
646;646;2020-01-07;78500
647;647;2020-01-07;138500
648;648;2020-01-07;540000
649;649;2020-01-07;71500
650;650;2020-01-07;421280
651;651;2020-01-07;234000
652;652;2020-01-07;199120
653;653;2020-01-07;339200
654;654;2020-01-07;514142
655;655;2020-01-07;201813
656;656;2020-01-07;202500
657;657;2020-01-07;220000
658;658;2020-01-07;315000
659;659;2020-01-07;149000
660;660;2020-01-07;35000
661;661;2020-01-08;720000
662;662;2020-01-08;190000
663;663;2020-01-08;241030
664;664;2020-01-08;620000
665;665;2020-01-08;97500
666;666;2020-01-08;309000
667;667;2020-01-08;490000
668;668;2020-01-08;340750
669;669;2020-01-08;214700
670;670;2020-01-08;415000
671;671;2020-01-08;195000
672;672;2020-01-08;205000
673;673;2020-01-08;146880
674;674;2020-01-08;95000
675;675;2020-01-08;57000
676;676;2020-01-08;48420
677;677;2020-01-08;93500
678;678;2020-01-08;98000
679;679;2020-01-08;75500
680;680;2020-01-08;105000
681;681;2020-01-08;119800
682;682;2020-01-08;40000
683;683;2020-01-08;152000
684;684;2020-01-08;85000
685;685;2020-01-08;68000
686;686;2020-01-08;65748
687;687;2020-01-08;76500
688;688;2020-01-08;242000
689;689;2020-01-08;223400
690;690;2020-01-08;201400
691;691;2020-01-08;215000
692;692;2020-01-08;148000
693;693;2020-01-08;187000
694;694;2020-01-08;22000
695;695;2020-01-08;21750
696;696;2020-01-08;68500
697;697;2020-01-08;108000
698;698;2020-01-08;500000
699;699;2020-01-08;248910
700;700;2020-01-08;85800
701;701;2020-01-08;130000
702;702;2020-01-08;163400
703;703;2020-01-08;257500
704;704;2020-01-08;133200
705;705;2020-01-08;139000
706;706;2020-01-08;243000
707;707;2020-01-08;218000
708;708;2020-01-08;149400
709;709;2020-01-08;147800
710;710;2020-01-08;133900
711;711;2020-01-08;160000
712;712;2020-01-08;79000
713;713;2020-01-08;278400
714;714;2020-01-08;273600
715;715;2020-01-08;120930
716;716;2020-01-08;100000
717;717;2020-01-08;106500
718;718;2020-01-08;149000
719;719;2020-01-08;165200
720;720;2020-01-08;58000
721;721;2020-01-08;145000
722;722;2020-01-08;54500
723;723;2020-01-08;283000
724;724;2020-01-08;237000
725;725;2020-01-08;153190
726;726;2020-01-08;65210
727;727;2020-01-08;185000
728;728;2020-01-08;45082
729;729;2020-01-08;92000
730;730;2020-01-08;141000
731;731;2020-01-08;43000
732;732;2020-01-08;138400
733;733;2020-01-08;78000
734;734;2020-01-08;141650
735;735;2020-01-08;61750
736;736;2020-01-08;92800
737;737;2020-01-08;106500
738;738;2020-01-08;93500
739;739;2020-01-08;142000
740;740;2020-01-08;36900
741;741;2020-01-08;145000
742;742;2020-01-08;45000
743;743;2020-01-08;157000
744;744;2020-01-08;243010
745;745;2020-01-08;155490
746;746;2020-01-08;235294
747;747;2020-01-08;740000
748;748;2020-01-08;254000
749;749;2020-01-08;119000
750;750;2020-01-08;26500
751;751;2020-01-08;17000
752;752;2020-01-08;221775
753;753;2020-01-08;105000
754;754;2020-01-08;236538
755;755;2020-01-08;572500
756;756;2020-01-08;370000
757;757;2020-01-08;648600
758;758;2020-01-08;879000
759;759;2020-01-08;432000
760;760;2020-01-08;1195000
761;761;2020-01-08;2184420
762;762;2020-01-08;1493825
763;763;2020-01-08;871900
764;764;2020-01-08;215000
765;765;2020-01-08;744000
766;766;2020-01-08;384000
767;767;2020-01-08;845575
768;768;2020-01-08;599100
769;769;2020-01-08;327500
770;770;2020-01-08;1140000
771;771;2020-01-08;545000
772;772;2020-01-08;383000
773;773;2020-01-08;267000
774;774;2020-01-08;478000
775;775;2020-01-08;585000
776;776;2020-01-08;721900
777;777;2020-01-08;1091250
778;778;2020-01-08;663688
779;779;2020-01-08;317320
780;780;2020-01-08;516000
781;781;2020-01-08;900800
782;782;2020-01-08;93000
783;783;2020-01-08;269000
784;784;2020-01-08;325500
785;785;2020-01-08;50000
786;786;2020-01-08;438750
787;787;2020-01-08;91000
788;788;2020-01-08;420000
789;789;2020-01-08;188596
790;790;2020-01-08;165000
791;791;2020-01-08;128000
792;792;2020-01-08;187000
793;793;2020-01-08;132000
794;794;2020-01-08;493600
795;795;2020-01-08;470000
796;796;2020-01-08;158000
797;797;2020-01-08;139650
798;798;2020-01-08;254000
799;799;2020-01-08;292500
800;800;2020-01-08;97000
801;801;2020-01-08;257500
802;802;2020-01-08;198000
803;803;2020-01-08;201000
804;804;2020-01-08;101885
805;805;2020-01-08;275000
806;806;2020-01-08;453000
807;807;2020-01-08;113000
808;808;2020-01-08;67000
809;809;2020-01-08;53500
810;810;2020-01-08;61000
811;811;2020-01-08;150000
812;812;2020-01-08;76000
813;813;2020-01-08;93840
814;814;2020-01-08;123400
815;815;2020-01-08;109990
816;816;2020-01-08;212000
817;817;2020-01-08;146835
818;818;2020-01-08;294000
819;819;2020-01-08;82500
820;820;2020-01-08;197200
821;821;2020-01-08;247000
822;822;2020-01-08;497000
823;823;2020-01-08;414800
824;824;2020-01-08;930000
825;825;2020-01-08;100000
826;826;2020-01-08;200000
827;827;2020-01-08;190000
828;828;2020-01-08;313000
829;829;2020-01-08;216890
830;830;2020-01-08;182000
831;831;2020-01-08;208000
832;832;2020-01-08;352150
833;833;2020-01-08;372000
834;834;2020-01-08;490000
835;835;2020-01-08;627110
836;836;2020-01-08;1042127
837;837;2020-01-08;262500
838;838;2020-01-08;475260
839;839;2020-01-08;115500
840;840;2020-01-08;155000
841;841;2020-01-08;212525
842;842;2020-01-08;443300
843;843;2020-01-08;245000
844;844;2020-01-08;247000
845;845;2020-01-08;253250
846;846;2020-01-08;426250
847;847;2020-01-08;155000
848;848;2020-01-08;141000
849;849;2020-01-08;196000
850;850;2020-01-08;114000
851;851;2020-01-08;181900
852;852;2020-01-08;207000
853;853;2020-01-08;80000
854;854;2020-01-08;842000
855;855;2020-01-08;361000
856;856;2020-01-08;543000
857;857;2020-01-08;930000
858;858;2020-01-08;173000
859;859;2020-01-08;387000
860;860;2020-01-08;360976
861;861;2020-01-08;247400
862;862;2020-01-08;396450
863;863;2020-01-08;310000
864;864;2020-01-08;45480
865;865;2020-01-08;134000
866;866;2020-01-08;264800
867;867;2020-01-08;387200
868;868;2020-01-08;229000
869;869;2020-01-08;355000
870;870;2020-01-08;247000
871;871;2020-01-08;122900
872;872;2020-01-09;212000
873;873;2020-01-09;309000
874;874;2020-01-09;200750
875;875;2020-01-09;474801
876;876;2020-01-09;174000
877;877;2020-01-09;125110
878;878;2020-01-09;119175
879;879;2020-01-09;121300
880;880;2020-01-09;314600
881;881;2020-01-09;179000
882;882;2020-01-09;97800
883;883;2020-01-09;54500
884;884;2020-01-09;128850
885;885;2020-01-09;106000
886;886;2020-01-09;157500
887;887;2020-01-09;77020
888;888;2020-01-09;180000
889;889;2020-01-09;100000
890;890;2020-01-09;125000
891;891;2020-01-09;175000
892;892;2020-01-09;146400
893;893;2020-01-09;118000
894;894;2020-01-09;143000
895;895;2020-01-09;67000
896;896;2020-01-09;90500
897;897;2020-01-09;101250
898;898;2020-01-09;252750
899;899;2020-01-09;127000
900;900;2020-01-09;178000
901;901;2020-01-09;388000
902;902;2020-01-09;120000
903;903;2020-01-09;103000
904;904;2020-01-09;91000
905;905;2020-01-09;138370
906;906;2020-01-09;881000
907;907;2020-01-09;51500
908;908;2020-01-09;175400
909;909;2020-01-09;213390
910;910;2020-01-09;118000
911;911;2020-01-09;222490
912;912;2020-01-09;188000
913;913;2020-01-09;96300
914;914;2020-01-09;142950
915;915;2020-01-09;272825
916;916;2020-01-09;138100
917;917;2020-01-09;102500
918;918;2020-01-09;158500
919;919;2020-01-09;83980
920;920;2020-01-09;348000
921;921;2020-01-09;351000
922;922;2020-01-09;207600
923;923;2020-01-09;196000
924;924;2020-01-09;259600
925;925;2020-01-09;206400
926;926;2020-01-09;306200
927;927;2020-01-09;755000
928;928;2020-01-09;328000
929;929;2020-01-09;70500
930;930;2020-01-09;75000
931;931;2020-01-09;87450
932;932;2020-01-09;175200
933;933;2020-01-09;97500
934;934;2020-01-09;166900
935;935;2020-01-09;188035
936;936;2020-01-09;121000
937;937;2020-01-09;156500
938;938;2020-01-09;362000
939;939;2020-01-09;149150
940;940;2020-01-09;212700
941;941;2020-01-09;330500
942;942;2020-01-09;167000
943;943;2020-01-09;41000
944;944;2020-01-09;115125
945;945;2020-01-09;95760
946;946;2020-01-09;83640
947;947;2020-01-09;60000
948;948;2020-01-09;144300
949;949;2020-01-09;80200
950;950;2020-01-09;106000
951;951;2020-01-09;135000
952;952;2020-01-09;199688
953;953;2020-01-09;696290
954;954;2020-01-09;151598
955;955;2020-01-09;86511
956;956;2020-01-09;279050
957;957;2020-01-09;232300
958;958;2020-01-09;125120
959;959;2020-01-09;191115
960;960;2020-01-09;26000
961;961;2020-01-09;59000
962;962;2020-01-09;107000
963;963;2020-01-09;370000
964;964;2020-01-09;65500
965;965;2020-01-09;46000
966;966;2020-01-09;306500
967;967;2020-01-09;749760
968;968;2020-01-09;175000
969;969;2020-01-09;250000
970;970;2020-01-09;72000
971;971;2020-01-09;127000
972;972;2020-01-09;95000
973;973;2020-01-09;132000
974;974;2020-01-09;30500
975;975;2020-01-09;340055
976;976;2020-01-09;453250
977;977;2020-01-09;257800
978;978;2020-01-09;227600
979;979;2020-01-09;257200
980;980;2020-01-09;163000
981;981;2020-01-09;121850
982;982;2020-01-09;124650
983;983;2020-01-09;115000
984;984;2020-01-09;132400
985;985;2020-01-09;78000
986;986;2020-01-09;49000
987;987;2020-01-09;741500
988;988;2020-01-09;380000
989;989;2020-01-09;1011500
990;990;2020-01-09;261500
991;991;2020-01-09;485625
992;992;2020-01-09;648400
993;993;2020-01-09;887000
994;994;2020-01-09;920000
995;995;2020-01-09;505000
996;996;2020-01-09;252500
997;997;2020-01-09;712400
998;998;2020-01-09;370000
999;999;2020-01-09;401480
1000;1000;2020-01-09;385950
1001;1001;2020-01-09;256000
1002;1002;2020-01-09;1702800
1003;1003;2020-01-09;975000
1004;1004;2020-01-09;758050
1005;1005;2020-01-09;1042470
1006;1006;2020-01-09;292300
1007;1007;2020-01-09;175800
1008;1008;2020-01-09;281430
1009;1009;2020-01-09;450700
1010;1010;2020-01-09;752400
1011;1011;2020-01-09;168500
1012;1012;2020-01-09;773550
1013;1013;2020-01-09;370500
1014;1014;2020-01-09;812000
1015;1015;2020-01-09;96000
1016;1016;2020-01-09;140400
1017;1017;2020-01-09;162800
1018;1018;2020-01-09;384521
1019;1019;2020-01-09;75000
1020;1020;2020-01-09;94000
1021;1021;2020-01-09;48374
1022;1022;2020-01-09;120000
1023;1023;2020-01-09;285000
1024;1024;2020-01-09;208900
1025;1025;2020-01-09;75000
1026;1026;2020-01-09;104000
1027;1027;2020-01-09;135000
1028;1028;2020-01-09;189500
1029;1029;2020-01-09;107000
1030;1030;2020-01-09;215000
1031;1031;2020-01-09;91000
1032;1032;2020-01-09;158906
1033;1033;2020-01-09;357500
1034;1034;2020-01-09;222000
1035;1035;2020-01-09;79000
1036;1036;2020-01-09;434000
1037;1037;2020-01-09;250000
1038;1038;2020-01-09;291000
1039;1039;2020-01-09;80000
1040;1040;2020-01-09;358800
1041;1041;2020-01-09;240000
1042;1042;2020-01-09;290000
1043;1043;2020-01-09;83600
1044;1044;2020-01-09;136950
1045;1045;2020-01-09;200000
1046;1046;2020-01-09;160000
1047;1047;2020-01-09;81320
1048;1048;2020-01-09;81000
1049;1049;2020-01-09;490530
1050;1050;2020-01-09;364100
1051;1051;2020-01-09;138000
1052;1052;2020-01-09;116000
1053;1053;2020-01-09;136000
1054;1054;2020-01-09;149000
1055;1055;2020-01-09;127000
1056;1056;2020-01-09;181000
1057;1057;2020-01-09;50400
1058;1058;2020-01-09;122000
1059;1059;2020-01-09;165000
1060;1060;2020-01-09;126000
1061;1061;2020-01-09;130220
1062;1062;2020-01-09;90000
1063;1063;2020-01-09;182000
1064;1064;2020-01-09;160000
1065;1065;2020-01-09;890000
1066;1066;2020-01-09;441000
1067;1067;2020-01-09;498000
1068;1068;2020-01-09;210000
1069;1069;2020-01-09;360600
1070;1070;2020-01-09;625722
1071;1071;2020-01-09;156300
1072;1072;2020-01-09;348900
1073;1073;2020-01-09;295050
1074;1074;2020-01-09;272215
1075;1075;2020-01-09;255000
1076;1076;2020-01-09;280000
1077;1077;2020-01-09;142000
1078;1078;2020-01-09;206000
1079;1079;2020-01-09;270000
1080;1080;2020-01-09;212000
1081;1081;2020-01-09;319000
1082;1082;2020-01-09;604580
1083;1083;2020-01-09;362637
1084;1084;2020-01-09;271000
1085;1085;2020-01-09;1072500
1086;1086;2020-01-09;583500
1087;1087;2020-01-09;653700
1088;1088;2020-01-09;261200
1089;1089;2020-01-09;694000
1090;1090;2020-01-09;589000
1091;1091;2020-01-09;164500
1092;1092;2020-01-09;263540
1093;1093;2020-01-09;90000
1094;1094;2020-01-09;147000
1095;1095;2020-01-09;190000
1096;1096;2020-01-09;205000
1097;1097;2020-01-09;298000
1098;1098;2020-01-09;408000
1099;1099;2020-01-09;137000
1100;1100;2020-01-09;175000
1101;1101;2020-01-09;127000
1102;1102;2020-01-09;580000
1103;1103;2020-01-09;113000
1104;1104;2020-01-09;124000
1105;1105;2020-01-09;222500
1106;1106;2020-01-09;243750
1107;1107;2020-01-09;76000
1108;1108;2020-01-09;298760
1109;1109;2020-01-09;224000
1110;1110;2020-01-09;300000
1111;1111;2020-01-09;140600
1112;1112;2020-01-09;163000
1113;1113;2020-01-09;297000
1114;1114;2020-01-09;209000
1115;1115;2020-01-09;317000
1116;1116;2020-01-09;286350
1117;1117;2020-01-09;210000
1118;1118;2020-01-09;150000
1119;1119;2020-01-09;185000
1120;1120;2020-01-09;193000
1121;1121;2020-01-09;208000
1122;1122;2020-01-09;40000
1123;1123;2020-01-10;203400
1124;1124;2020-01-10;68100
1125;1125;2020-01-10;290000
1126;1126;2020-01-10;38550
1127;1127;2020-01-10;169600
1128;1128;2020-01-10;86000
1129;1129;2020-01-10;245000
1130;1130;2020-01-10;780000
1131;1131;2020-01-10;185000
1132;1132;2020-01-10;537700
1133;1133;2020-01-10;421420
1134;1134;2020-01-10;262089
1135;1135;2020-01-10;228500
1136;1136;2020-01-10;414000
1137;1137;2020-01-10;158525
1138;1138;2020-01-10;171600
1139;1139;2020-01-10;172020
1140;1140;2020-01-10;257161
1141;1141;2020-01-10;175500
1142;1142;2020-01-10;117000
1143;1143;2020-01-10;97000
1144;1144;2020-01-10;116000
1145;1145;2020-01-10;485000
1146;1146;2020-01-10;40000
1147;1147;2020-01-10;100500
1148;1148;2020-01-10;125000
1149;1149;2020-01-10;134000
1150;1150;2020-01-10;56500
1151;1151;2020-01-10;66000
1152;1152;2020-01-10;68000
1153;1153;2020-01-10;113500
1154;1154;2020-01-10;80000
1155;1155;2020-01-10;365000
1156;1156;2020-01-10;432000
1157;1157;2020-01-10;91000
1158;1158;2020-01-10;147000
1159;1159;2020-01-10;114500
1160;1160;2020-01-10;78000
1161;1161;2020-01-10;53000
1162;1162;2020-01-10;201400
1163;1163;2020-01-10;124600
1164;1164;2020-01-10;94000
1165;1165;2020-01-10;247700
1166;1166;2020-01-10;121000
1167;1167;2020-01-10;157000
1168;1168;2020-01-10;285000
1169;1169;2020-01-10;129000
1170;1170;2020-01-10;149000
1171;1171;2020-01-10;33000
1172;1172;2020-01-10;105000
1173;1173;2020-01-10;192000
1174;1174;2020-01-10;138000
1175;1175;2020-01-10;79000
1176;1176;2020-01-10;234000
1177;1177;2020-01-10;118000
1178;1178;2020-01-10;116200
1179;1179;2020-01-10;111000
1180;1180;2020-01-10;74990
1181;1181;2020-01-10;307155
1182;1182;2020-01-10;185550
1183;1183;2020-01-10;63500
1184;1184;2020-01-10;141900
1185;1185;2020-01-10;260850
1186;1186;2020-01-10;139750
1187;1187;2020-01-10;38000
1188;1188;2020-01-10;75600
1189;1189;2020-01-10;85000
1190;1190;2020-01-10;71155
1191;1191;2020-01-10;102500
1192;1192;2020-01-10;156000
1193;1193;2020-01-10;238350
1194;1194;2020-01-10;212400
1195;1195;2020-01-10;318850
1196;1196;2020-01-10;326050
1197;1197;2020-01-10;254500
1198;1198;2020-01-10;60089
1199;1199;2020-01-10;53000
1200;1200;2020-01-10;237500
1201;1201;2020-01-10;113000
1202;1202;2020-01-10;243000
1203;1203;2020-01-10;165300
1204;1204;2020-01-10;109720
1205;1205;2020-01-10;118200
1206;1206;2020-01-10;86500
1207;1207;2020-01-10;85370
1208;1208;2020-01-10;98000
1209;1209;2020-01-10;77000
1210;1210;2020-01-10;85650
1211;1211;2020-01-10;86650
1212;1212;2020-01-10;83000
1213;1213;2020-01-10;75800
1214;1214;2020-01-10;9000
1215;1215;2020-01-10;295245
1216;1216;2020-01-10;130000
1217;1217;2020-01-10;121800
1218;1218;2020-01-10;164000
1219;1219;2020-01-10;141000
1220;1220;2020-01-10;503700
1221;1221;2020-01-10;169600
1222;1222;2020-01-10;142500
1223;1223;2020-01-10;204000
1224;1224;2020-01-10;139000
1225;1225;2020-01-10;213000
1226;1226;2020-01-10;71100
1227;1227;2020-01-10;125000
1228;1228;2020-01-10;160490
1229;1229;2020-01-10;114600
1230;1230;2020-01-10;72480
1231;1231;2020-01-10;98000
1232;1232;2020-01-10;270000
1233;1233;2020-01-10;106400
1234;1234;2020-01-10;30000
1235;1235;2020-01-10;101000
1236;1236;2020-01-10;230000
1237;1237;2020-01-10;133465
1238;1238;2020-01-10;190000
1239;1239;2020-01-10;155500
1240;1240;2020-01-10;78000
1241;1241;2020-01-10;34000
1242;1242;2020-01-10;127000
1243;1243;2020-01-10;141150
1244;1244;2020-01-10;65550
1245;1245;2020-01-10;208000
1246;1246;2020-01-10;119800
1247;1247;2020-01-10;228000
1248;1248;2020-01-10;145100
1249;1249;2020-01-10;232500
1250;1250;2020-01-10;95000
1251;1251;2020-01-10;80000
1252;1252;2020-01-10;147800
1253;1253;2020-01-10;210000
1254;1254;2020-01-10;75800
1255;1255;2020-01-10;52000
1256;1256;2020-01-10;72000
1257;1257;2020-01-10;63000
1258;1258;2020-01-10;39000
1259;1259;2020-01-10;232400
1260;1260;2020-01-10;111000
1261;1261;2020-01-10;182480
1262;1262;2020-01-10;57000
1263;1263;2020-01-10;290000
1264;1264;2020-01-10;360000
1265;1265;2020-01-10;100000
1266;1266;2020-01-10;102000
1267;1267;2020-01-10;234000
1268;1268;2020-01-10;286000
1269;1269;2020-01-10;53500
1270;1270;2020-01-10;265700
1271;1271;2020-01-10;146600
1272;1272;2020-01-10;124000
1273;1273;2020-01-10;115000
1274;1274;2020-01-10;90000
1275;1275;2020-01-10;117000
1276;1276;2020-01-10;96000
1277;1277;2020-01-10;65000
1278;1278;2020-01-10;194200
1279;1279;2020-01-10;38000
1280;1280;2020-01-10;106400
1281;1281;2020-01-10;50000
1282;1282;2020-01-10;275500
1283;1283;2020-01-10;86000
1284;1284;2020-01-10;201400
1285;1285;2020-01-10;139000
1286;1286;2020-01-10;328800
1287;1287;2020-01-10;203000
1288;1288;2020-01-10;338000
1289;1289;2020-01-10;246150
1290;1290;2020-01-10;229892
1291;1291;2020-01-10;273000
1292;1292;2020-01-10;390600
1293;1293;2020-01-10;406000
1294;1294;2020-01-10;230800
1295;1295;2020-01-10;219000
1296;1296;2020-01-10;21000
1297;1297;2020-01-10;49500
1298;1298;2020-01-10;60500
1299;1299;2020-01-10;77500
1300;1300;2020-01-10;549820
1301;1301;2020-01-10;607620
1302;1302;2020-01-10;266660
1303;1303;2020-01-10;149000
1304;1304;2020-01-10;140000
1305;1305;2020-01-10;110000
1306;1306;2020-01-10;69300
1307;1307;2020-01-10;505000
1308;1308;2020-01-10;277800
1309;1309;2020-01-10;102500
1310;1310;2020-01-10;680000
1311;1311;2020-01-10;524300
1312;1312;2020-01-10;1016000
1313;1313;2020-01-10;412700
1314;1314;2020-01-10;615000
1315;1315;2020-01-10;328500
1316;1316;2020-01-10;185000
1317;1317;2020-01-10;189000
1318;1318;2020-01-10;327000
1319;1319;2020-01-10;190000
1320;1320;2020-01-10;395000
1321;1321;2020-01-10;1320000
1322;1322;2020-01-10;1862000
1323;1323;2020-01-10;686000
1324;1324;2020-01-10;1530000
1325;1325;2020-01-10;331620
1326;1326;2020-01-10;519000
1327;1327;2020-01-10;672350
1328;1328;2020-01-10;940000
1329;1329;2020-01-10;549810
1330;1330;2020-01-10;626770
1331;1331;2020-01-10;189640
1332;1332;2020-01-10;207000
1333;1333;2020-01-10;733500
1334;1334;2020-01-10;818500
1335;1335;2020-01-10;179000
1336;1336;2020-01-10;547500
1337;1337;2020-01-10;874000
1338;1338;2020-01-10;468235
1339;1339;2020-01-10;369000
1340;1340;2020-01-10;223900
1341;1341;2020-01-10;245000
1342;1342;2020-01-10;935000
1343;1343;2020-01-10;317000
1344;1344;2020-01-10;480000
1345;1345;2020-01-10;705800
1346;1346;2020-01-10;209000
1347;1347;2020-01-10;288000
1348;1348;2020-01-10;649000
1349;1349;2020-01-10;879000
1350;1350;2020-01-10;445000
1351;1351;2020-01-10;631800
1352;1352;2020-01-10;845000
1353;1353;2020-01-10;136100
1354;1354;2020-01-10;348670
1355;1355;2020-01-10;123000
1356;1356;2020-01-10;482000
1357;1357;2020-01-10;278846
1358;1358;2020-01-10;953700
1359;1359;2020-01-10;247000
1360;1360;2020-01-10;259000
1361;1361;2020-01-10;523450
1362;1362;2020-01-10;293500
1363;1363;2020-01-10;238315
1364;1364;2020-01-10;289740
1365;1365;2020-01-10;326730
1366;1366;2020-01-10;392000
1367;1367;2020-01-10;581500
1368;1368;2020-01-10;910000
1369;1369;2020-01-10;657000
1370;1370;2020-01-10;571000
1371;1371;2020-01-10;225900
1372;1372;2020-01-10;63765
1373;1373;2020-01-10;93000
1374;1374;2020-01-10;147000
1375;1375;2020-01-10;169970
1376;1376;2020-01-10;73000
1377;1377;2020-01-10;217000
1378;1378;2020-01-10;160000
1379;1379;2020-01-10;105000
1380;1380;2020-01-10;305000
1381;1381;2020-01-10;225000
1382;1382;2020-01-10;185000
1383;1383;2020-01-10;46000
1384;1384;2020-01-10;250000
1385;1385;2020-01-10;173100
1386;1386;2020-01-10;165000
1387;1387;2020-01-10;80000
1388;1388;2020-01-10;303000
1389;1389;2020-01-10;189700
1390;1390;2020-01-10;133890
1391;1391;2020-01-10;121500
1392;1392;2020-01-10;160000
1393;1393;2020-01-10;129520
1394;1394;2020-01-10;289600
1395;1395;2020-01-10;210000
1396;1396;2020-01-10;160000
1397;1397;2020-01-10;275000
1398;1398;2020-01-10;109000
1399;1399;2020-01-10;80000
1400;1400;2020-01-10;298000
1401;1401;2020-01-10;55000
1402;1402;2020-01-10;230000
1403;1403;2020-01-10;161700
1404;1404;2020-01-10;208054
1405;1405;2020-01-10;300300
1406;1406;2020-01-10;195800
1407;1407;2020-01-10;191260
1408;1408;2020-01-10;107000
1409;1409;2020-01-10;127000
1410;1410;2020-01-10;431500
1411;1411;2020-01-10;304000
1412;1412;2020-01-10;115000
1413;1413;2020-01-10;148500
1414;1414;2020-01-10;78000
1415;1415;2020-01-10;140000
1416;1416;2020-01-10;70000
1417;1417;2020-01-10;157500
1418;1418;2020-01-10;252700
1419;1419;2020-01-10;304000
1420;1420;2020-01-10;186200
1421;1421;2020-01-10;85000
1422;1422;2020-01-10;205000
1423;1423;2020-01-10;70590
1424;1424;2020-01-10;87500
1425;1425;2020-01-10;113500
1426;1426;2020-01-10;72000
1427;1427;2020-01-10;59500
1428;1428;2020-01-10;58840
1429;1429;2020-01-10;48500
1430;1430;2020-01-10;103000
1431;1431;2020-01-10;110000
1432;1432;2020-01-10;123000
1433;1433;2020-01-10;115000
1434;1434;2020-01-10;115000
1435;1435;2020-01-10;310125
1436;1436;2020-01-10;174000
1437;1437;2020-01-10;172000
1438;1438;2020-01-10;149000
1439;1439;2020-01-10;97000
1440;1440;2020-01-10;133155
1441;1441;2020-01-10;158000
1442;1442;2020-01-10;265000
1443;1443;2020-01-10;130050
1444;1444;2020-01-10;303246
1445;1445;2020-01-10;290000
1446;1446;2020-01-10;349000
1447;1447;2020-01-10;157500
1448;1448;2020-01-10;80000
1449;1449;2020-01-10;270250
1450;1450;2020-01-10;120200
1451;1451;2020-01-10;239850
1452;1452;2020-01-10;365000
1453;1453;2020-01-10;247250
1454;1454;2020-01-10;270000
1455;1455;2020-01-10;714600
1456;1456;2020-01-10;1490000
1457;1457;2020-01-10;451050
1458;1458;2020-01-10;351000
1459;1459;2020-01-10;672500
1460;1460;2020-01-10;130000
1461;1461;2020-01-10;500500
1462;1462;2020-01-10;40000
1463;1463;2020-01-10;550327
1464;1464;2020-01-10;410000
1465;1465;2020-01-10;283654
1466;1466;2020-01-10;241000
1467;1467;2020-01-10;239600
1468;1468;2020-01-10;345745
1469;1469;2020-01-10;243173
1470;1470;2020-01-10;240500
1471;1471;2020-01-10;212000
1472;1472;2020-01-10;155000
1473;1473;2020-01-10;640000
1474;1474;2020-01-10;184598
1475;1475;2020-01-10;539510
1476;1476;2020-01-10;198540
1477;1477;2020-01-10;393500
1478;1478;2020-01-10;825000
1479;1479;2020-01-10;805000
1480;1480;2020-01-10;250000
1481;1481;2020-01-10;190000
1482;1482;2020-01-10;370000
1483;1483;2020-01-10;225000
1484;1484;2020-01-10;342960
1485;1485;2020-01-10;288735
1486;1486;2020-01-10;64000
1487;1487;2020-01-10;145750
1488;1488;2020-01-10;224000
1489;1489;2020-01-10;25000
1490;1490;2020-01-10;157770
1491;1491;2020-01-10;237000
1492;1492;2020-01-10;166000
1493;1493;2020-01-10;284670
1494;1494;2020-01-10;157000
1495;1495;2020-01-10;170000
1496;1496;2020-01-10;275000
1497;1497;2020-01-10;265000
1498;1498;2020-01-10;91000
1499;1499;2020-01-10;283000
1500;1500;2020-01-10;435000
1501;1501;2020-01-10;152000
1502;1502;2020-01-10;330000
1503;1503;2020-01-10;190000
1504;1504;2020-01-10;283000
1505;1505;2020-01-10;240150
1506;1506;2020-01-10;646000
1507;1507;2020-01-10;250000
1508;1508;2020-01-10;303000
1509;1509;2020-01-10;237000
1510;1510;2020-01-10;129000
1511;1511;2020-01-10;632000
1512;1512;2020-01-10;270103
1513;1513;2020-01-10;335000
1514;1514;2020-01-10;419000
1515;1515;2020-01-10;207500
1516;1516;2020-01-10;250400
1517;1517;2020-01-10;159100
1518;1518;2020-01-10;194300
1519;1519;2020-01-10;181500
1520;1520;2020-01-10;178000
1521;1521;2020-01-10;144000
1522;1522;2020-01-10;255000
1523;1523;2020-01-10;235000
1524;1524;2020-01-10;234000
1525;1525;2020-01-10;134000
1526;1526;2020-01-10;350000
1527;1527;2020-01-10;187000
1528;1528;2020-01-10;64000
1529;1529;2020-01-10;134000
1530;1530;2020-01-11;48000
1531;1531;2020-01-11;145000
1532;1532;2020-01-11;98000
1533;1533;2020-01-11;250000
1534;1534;2020-01-11;153500
1535;1535;2020-01-11;88350
1536;1536;2020-01-11;125000
1537;1537;2020-01-11;10000
1538;1538;2020-01-11;69000
1539;1539;2020-01-11;180800
1540;1540;2020-01-11;80000
1541;1541;2020-01-11;111400
1542;1542;2020-01-11;90000
1543;1543;2020-01-11;280000
1544;1544;2020-01-11;66000
1545;1545;2020-01-11;111150
1546;1546;2020-01-11;120000
1547;1547;2020-01-11;77000
1548;1548;2020-01-11;170000
1549;1549;2020-01-11;63200
1550;1550;2020-01-11;140280
1551;1551;2020-01-11;264000
1552;1552;2020-01-11;37000
1553;1553;2020-01-11;206605
1554;1554;2020-01-11;695238
1555;1555;2020-01-11;144000
1556;1556;2020-01-11;174000
1557;1557;2020-01-11;120680
1558;1558;2020-01-11;135000
1559;1559;2020-01-11;117000
1560;1560;2020-01-11;46270
1561;1561;2020-01-11;109800
1562;1562;2020-01-11;68500
1563;1563;2020-01-11;191500
1564;1564;2020-01-11;147000
1565;1565;2020-01-11;130000
1566;1566;2020-01-11;91500
1567;1567;2020-01-11;170500
1568;1568;2020-01-12;196000
1569;1569;2020-01-13;129400
1570;1570;2020-01-13;114000
1571;1571;2020-01-13;278800
1572;1572;2020-01-13;191500
1573;1573;2020-01-13;140650
1574;1574;2020-01-13;64700
1575;1575;2020-01-13;89500
1576;1576;2020-01-13;48170
1577;1577;2020-01-13;45500
1578;1578;2020-01-13;77500
1579;1579;2020-01-13;117500
1580;1580;2020-01-13;174930
1581;1581;2020-01-13;231700
1582;1582;2020-01-13;48000
1583;1583;2020-01-13;134000
1584;1584;2020-01-13;218600
1585;1585;2020-01-13;380280
1586;1586;2020-01-13;118700
1587;1587;2020-01-13;206000
1588;1588;2020-01-13;126000
1589;1589;2020-01-13;116590
1590;1590;2020-01-13;62919
1591;1591;2020-01-13;242400
1592;1592;2020-01-13;288650
1593;1593;2020-01-13;194000
1594;1594;2020-01-13;229400
1595;1595;2020-01-13;370000
1596;1596;2020-01-13;167000
1597;1597;2020-01-13;144320
1598;1598;2020-01-13;241000
1599;1599;2020-01-13;399500
1600;1600;2020-01-13;111470
1601;1601;2020-01-13;251000
1602;1602;2020-01-13;96500
1603;1603;2020-01-13;150000
1604;1604;2020-01-13;34000
1605;1605;2020-01-13;58550
1606;1606;2020-01-13;151365
1607;1607;2020-01-13;87000
1608;1608;2020-01-13;174200
1609;1609;2020-01-13;157650
1610;1610;2020-01-13;205000
1611;1611;2020-01-13;105060
1612;1612;2020-01-13;23333
1613;1613;2020-01-13;400550
1614;1614;2020-01-13;98000
1615;1615;2020-01-13;316200
1616;1616;2020-01-13;90197
1617;1617;2020-01-13;270500
1618;1618;2020-01-13;217500
1619;1619;2020-01-13;147610
1620;1620;2020-01-13;172000
1621;1621;2020-01-13;288500
1622;1622;2020-01-13;189000
1623;1623;2020-01-13;169000
1624;1624;2020-01-13;85000
1625;1625;2020-01-13;40000
1626;1626;2020-01-13;105970
1627;1627;2020-01-13;59800
1628;1628;2020-01-13;315458
1629;1629;2020-01-13;149500
1630;1630;2020-01-13;158000
1631;1631;2020-01-13;239000
1632;1632;2020-01-13;123000
1633;1633;2020-01-13;61500
1634;1634;2020-01-13;360250
1635;1635;2020-01-13;220000
1636;1636;2020-01-13;123350
1637;1637;2020-01-13;38150
1638;1638;2020-01-13;408200
1639;1639;2020-01-13;42850
1640;1640;2020-01-13;150000
1641;1641;2020-01-13;225000
1642;1642;2020-01-13;205000
1643;1643;2020-01-13;153100
1644;1644;2020-01-13;463000
1645;1645;2020-01-13;306600
1646;1646;2020-01-13;113880
1647;1647;2020-01-13;77000
1648;1648;2020-01-13;144000
1649;1649;2020-01-13;89000
1650;1650;2020-01-13;178000
1651;1651;2020-01-13;157000
1652;1652;2020-01-13;158100
1653;1653;2020-01-13;120500
1654;1654;2020-01-13;64000
1655;1655;2020-01-13;44000
1656;1656;2020-01-13;147830
1657;1657;2020-01-13;159000
1658;1658;2020-01-13;417500
1659;1659;2020-01-13;58000
1660;1660;2020-01-13;190000
1661;1661;2020-01-13;229000
1662;1662;2020-01-13;566950
1663;1663;2020-01-13;82000
1664;1664;2020-01-13;132195
1665;1665;2020-01-13;495250
1666;1666;2020-01-13;115000
1667;1667;2020-01-13;465000
1668;1668;2020-01-13;127350
1669;1669;2020-01-13;246700
1670;1670;2020-01-13;40000
1671;1671;2020-01-13;46000
1672;1672;2020-01-13;55000
1673;1673;2020-01-13;126600
1674;1674;2020-01-13;187000
1675;1675;2020-01-13;186320
1676;1676;2020-01-13;70490
1677;1677;2020-01-13;
1678;1678;2020-01-13;247626
1679;1679;2020-01-13;873000
1680;1680;2020-01-13;1249600
1681;1681;2020-01-13;883520
1682;1682;2020-01-13;590580
1683;1683;2020-01-13;1750750
1684;1684;2020-01-13;321150
1685;1685;2020-01-13;799920
1686;1686;2020-01-13;179000
1687;1687;2020-01-13;174000
1688;1688;2020-01-13;398500
1689;1689;2020-01-13;158000
1690;1690;2020-01-13;642000
1691;1691;2020-01-13;959400
1692;1692;2020-01-13;495000
1693;1693;2020-01-13;246000
1694;1694;2020-01-13;269000
1695;1695;2020-01-13;389616
1696;1696;2020-01-13;485466
1697;1697;2020-01-13;509010
1698;1698;2020-01-13;256000
1699;1699;2020-01-13;562000
1700;1700;2020-01-13;686000
1701;1701;2020-01-13;474190
1702;1702;2020-01-13;256500
1703;1703;2020-01-13;229200
1704;1704;2020-01-13;275500
1705;1705;2020-01-13;574000
1706;1706;2020-01-13;168000
1707;1707;2020-01-13;245300
1708;1708;2020-01-13;91800
1709;1709;2020-01-13;80500
1710;1710;2020-01-13;64000
1711;1711;2020-01-13;285000
1712;1712;2020-01-13;217000
1713;1713;2020-01-13;122000
1714;1714;2020-01-13;85000
1715;1715;2020-01-13;330500
1716;1716;2020-01-13;57000
1717;1717;2020-01-13;91000
1718;1718;2020-01-13;135000
1719;1719;2020-01-13;247000
1720;1720;2020-01-13;128000
1721;1721;2020-01-13;405000
1722;1722;2020-01-13;177000
1723;1723;2020-01-13;274000
1724;1724;2020-01-13;211000
1725;1725;2020-01-13;206750
1726;1726;2020-01-13;77000
1727;1727;2020-01-13;265500
1728;1728;2020-01-13;62000
1729;1729;2020-01-13;46810
1730;1730;2020-01-13;77200
1731;1731;2020-01-13;368000
1732;1732;2020-01-13;270000
1733;1733;2020-01-13;176000
1734;1734;2020-01-13;80000
1735;1735;2020-01-13;350000
1736;1736;2020-01-13;155000
1737;1737;2020-01-13;245000
1738;1738;2020-01-13;242900
1739;1739;2020-01-13;288000
1740;1740;2020-01-13;127200
1741;1741;2020-01-13;35460
1742;1742;2020-01-13;135000
1743;1743;2020-01-13;77000
1744;1744;2020-01-13;148000
1745;1745;2020-01-13;62900
1746;1746;2020-01-13;49800
1747;1747;2020-01-13;39000
1748;1748;2020-01-13;61100
1749;1749;2020-01-13;251500
1750;1750;2020-01-13;79000
1751;1751;2020-01-13;385790
1752;1752;2020-01-13;305500
1753;1753;2020-01-13;177000
1754;1754;2020-01-13;170000
1755;1755;2020-01-13;220000
1756;1756;2020-01-13;546720
1757;1757;2020-01-13;149500
1758;1758;2020-01-13;363700
1759;1759;2020-01-13;336000
1760;1760;2020-01-13;505000
1761;1761;2020-01-13;301485
1762;1762;2020-01-13;315000
1763;1763;2020-01-13;235500
1764;1764;2020-01-13;178820
1765;1765;2020-01-13;797400
1766;1766;2020-01-13;435800
1767;1767;2020-01-13;949000
1768;1768;2020-01-13;266000
1769;1769;2020-01-13;390135
1770;1770;2020-01-13;942500
1771;1771;2020-01-13;184600
1772;1772;2020-01-13;367915
1773;1773;2020-01-13;184000
1774;1774;2020-01-13;185000
1775;1775;2020-01-13;540000
1776;1776;2020-01-13;195000
1777;1777;2020-01-13;272829
1778;1778;2020-01-13;709220
1779;1779;2020-01-13;255000
1780;1780;2020-01-13;255000
1781;1781;2020-01-13;220000
1782;1782;2020-01-13;218000
1783;1783;2020-01-13;235000
1784;1784;2020-01-13;213000
1785;1785;2020-01-13;316000
1786;1786;2020-01-13;322500
1787;1787;2020-01-13;195440
1788;1788;2020-01-13;223000
1789;1789;2020-01-13;819000
1790;1790;2020-01-13;223600
1791;1791;2020-01-13;151000
1792;1792;2020-01-13;112000
1793;1793;2020-01-13;148000
1794;1794;2020-01-13;109250
1795;1795;2020-01-13;247000
1796;1796;2020-01-13;315000
1797;1797;2020-01-13;489400
1798;1798;2020-01-13;867000
1799;1799;2020-01-13;350000
1800;1800;2020-01-13;1006000
1801;1801;2020-01-13;296500
1802;1802;2020-01-13;595000
1803;1803;2020-01-13;895000
1804;1804;2020-01-13;185000
1805;1805;2020-01-13;115000
1806;1806;2020-01-13;111000
1807;1807;2020-01-13;189000
1808;1808;2020-01-13;185000
1809;1809;2020-01-13;90000
1810;1810;2020-01-13;101000
1811;1811;2020-01-13;435000
1812;1812;2020-01-13;158350
1813;1813;2020-01-13;235000
1814;1814;2020-01-13;276750
1815;1815;2020-01-13;191000
1816;1816;2020-01-13;144758
1817;1817;2020-01-13;85000
1818;1818;2020-01-14;106000
1819;1819;2020-01-14;128690
1820;1820;2020-01-14;245000
1821;1821;2020-01-14;193000
1822;1822;2020-01-14;73000
1823;1823;2020-01-14;750000
1824;1824;2020-01-14;167500
1825;1825;2020-01-14;153000
1826;1826;2020-01-14;515000
1827;1827;2020-01-14;652000
1828;1828;2020-01-14;413826
1829;1829;2020-01-14;195500
1830;1830;2020-01-14;82000
1831;1831;2020-01-14;242000
1832;1832;2020-01-14;161000
1833;1833;2020-01-14;70000
1834;1834;2020-01-14;46500
1835;1835;2020-01-14;148000
1836;1836;2020-01-14;150000
1837;1837;2020-01-14;109300
1838;1838;2020-01-14;107000
1839;1839;2020-01-14;165000
1840;1840;2020-01-14;98500
1841;1841;2020-01-14;218500
1842;1842;2020-01-14;340000
1843;1843;2020-01-14;28000
1844;1844;2020-01-14;71000
1845;1845;2020-01-14;370000
1846;1846;2020-01-14;303100
1847;1847;2020-01-14;143000
1848;1848;2020-01-14;114141
1849;1849;2020-01-14;197000
1850;1850;2020-01-14;52300
1851;1851;2020-01-14;171000
1852;1852;2020-01-14;155000
1853;1853;2020-01-14;72000
1854;1854;2020-01-14;83000
1855;1855;2020-01-14;103708
1856;1856;2020-01-14;138000
1857;1857;2020-01-14;176785
1858;1858;2020-01-14;146570
1859;1859;2020-01-14;241000
1860;1860;2020-01-14;134500
1861;1861;2020-01-14;191000
1862;1862;2020-01-14;174900
1863;1863;2020-01-14;53598
1864;1864;2020-01-14;1390000
1865;1865;2020-01-14;186600
1866;1866;2020-01-14;123448
1867;1867;2020-01-14;39500
1868;1868;2020-01-14;48300
1869;1869;2020-01-14;59000
1870;1870;2020-01-14;105000
1871;1871;2020-01-14;340950
1872;1872;2020-01-14;65160
1873;1873;2020-01-14;48162
1874;1874;2020-01-14;319000
1875;1875;2020-01-14;96100
1876;1876;2020-01-14;235000
1877;1877;2020-01-14;171000
1878;1878;2020-01-14;55500
1879;1879;2020-01-14;219000
1880;1880;2020-01-14;60000
1881;1881;2020-01-14;97700
1882;1882;2020-01-14;37330
1883;1883;2020-01-14;149900
1884;1884;2020-01-14;231480
1885;1885;2020-01-14;68500
1886;1886;2020-01-14;58000
1887;1887;2020-01-14;213500
1888;1888;2020-01-14;407000
1889;1889;2020-01-14;107000
1890;1890;2020-01-14;106425
1891;1891;2020-01-14;145000
1892;1892;2020-01-14;68000
1893;1893;2020-01-14;69880
1894;1894;2020-01-14;168000
1895;1895;2020-01-14;81500
1896;1896;2020-01-14;68500
1897;1897;2020-01-14;333000
1898;1898;2020-01-14;52000
1899;1899;2020-01-14;47000
1900;1900;2020-01-14;95000
1901;1901;2020-01-14;226500
1902;1902;2020-01-14;40000
1903;1903;2020-01-14;133100
1904;1904;2020-01-14;210243
1905;1905;2020-01-14;128000
1906;1906;2020-01-14;106500
1907;1907;2020-01-14;54500
1908;1908;2020-01-14;258900
1909;1909;2020-01-14;285000
1910;1910;2020-01-14;138000
1911;1911;2020-01-14;237500
1912;1912;2020-01-14;76036
1913;1913;2020-01-14;110000
1914;1914;2020-01-14;283700
1915;1915;2020-01-14;243000
1916;1916;2020-01-14;68000
1917;1917;2020-01-14;171000
1918;1918;2020-01-14;313800
1919;1919;2020-01-14;90000
1920;1920;2020-01-14;47826
1921;1921;2020-01-14;106000
1922;1922;2020-01-14;60000
1923;1923;2020-01-14;235622
1924;1924;2020-01-14;7050000
1925;1925;2020-01-14;1475000
1926;1926;2020-01-14;2300000
1927;1927;2020-01-14;342000
1928;1928;2020-01-14;1254800
1929;1929;2020-01-14;870630
1930;1930;2020-01-14;266000
1931;1931;2020-01-14;319000
1932;1932;2020-01-14;305000
1933;1933;2020-01-14;113000
1934;1934;2020-01-14;882000
1935;1935;2020-01-14;268804
1936;1936;2020-01-14;182000
1937;1937;2020-01-14;271950
1938;1938;2020-01-14;122000
1939;1939;2020-01-14;202100
1940;1940;2020-01-14;210000
1941;1941;2020-01-14;128000
1942;1942;2020-01-14;364650
1943;1943;2020-01-14;353760
1944;1944;2020-01-14;826000
1945;1945;2020-01-14;164000
1946;1946;2020-01-14;423000
1947;1947;2020-01-14;459077
1948;1948;2020-01-14;876300
1949;1949;2020-01-14;175000
1950;1950;2020-01-14;351400
1951;1951;2020-01-14;456550
1952;1952;2020-01-14;448500
1953;1953;2020-01-14;502492
1954;1954;2020-01-14;510700
1955;1955;2020-01-14;3861000
1956;1956;2020-01-14;516222
1957;1957;2020-01-14;470850
1958;1958;2020-01-14;157239
1959;1959;2020-01-14;245000
1960;1960;2020-01-14;449355
1961;1961;2020-01-14;333654
1962;1962;2020-01-14;356600
1963;1963;2020-01-14;94000
1964;1964;2020-01-14;168500
1965;1965;2020-01-14;293500
1966;1966;2020-01-14;157000
1967;1967;2020-01-14;97000
1968;1968;2020-01-14;93810
1969;1969;2020-01-14;766600
1970;1970;2020-01-14;429855
1971;1971;2020-01-14;181050
1972;1972;2020-01-14;182000
1973;1973;2020-01-14;296000
1974;1974;2020-01-14;202000
1975;1975;2020-01-14;95000
1976;1976;2020-01-14;80000
1977;1977;2020-01-14;338000
1978;1978;2020-01-14;61850
1979;1979;2020-01-14;125142
1980;1980;2020-01-14;197000
1981;1981;2020-01-14;82000
1982;1982;2020-01-14;211000
1983;1983;2020-01-14;281000
1984;1984;2020-01-14;129500
1985;1985;2020-01-14;144500
1986;1986;2020-01-14;157000
1987;1987;2020-01-14;79900
1988;1988;2020-01-14;60000
1989;1989;2020-01-14;101000
1990;1990;2020-01-14;158000
1991;1991;2020-01-14;151000
1992;1992;2020-01-14;139700
1993;1993;2020-01-14;358000
1994;1994;2020-01-14;282500
1995;1995;2020-01-14;404500
1996;1996;2020-01-14;240000
1997;1997;2020-01-14;289845
1998;1998;2020-01-14;422200
1999;1999;2020-01-14;229500
2000;2000;2020-01-14;40500
2001;2001;2020-01-14;169000
2002;2002;2020-01-14;570000
2003;2003;2020-01-14;415250
2004;2004;2020-01-14;166000
2005;2005;2020-01-14;105000
2006;2006;2020-01-14;544400
2007;2007;2020-01-14;292730
2008;2008;2020-01-14;160000
2009;2009;2020-01-14;1069750
2010;2010;2020-01-14;566000
2011;2011;2020-01-14;375000
2012;2012;2020-01-14;245000
2013;2013;2020-01-14;317500
2014;2014;2020-01-14;175000
2015;2015;2020-01-14;470700
2016;2016;2020-01-14;337500
2017;2017;2020-01-14;1205650
2018;2018;2020-01-14;65796
2019;2019;2020-01-14;313650
2020;2020;2020-01-14;80000
2021;2021;2020-01-14;137500
2022;2022;2020-01-14;122000
2023;2023;2020-01-14;405000
2024;2024;2020-01-14;231000
2025;2025;2020-01-14;236000
2026;2026;2020-01-14;590000
2027;2027;2020-01-14;104500
2028;2028;2020-01-14;125000
2029;2029;2020-01-14;100000
2030;2030;2020-01-14;174300
2031;2031;2020-01-14;173000
2032;2032;2020-01-14;203000
2033;2033;2020-01-14;191200
2034;2034;2020-01-14;383000
2035;2035;2020-01-14;203500
2036;2036;2020-01-14;100000
2037;2037;2020-01-14;299000
2038;2038;2020-01-14;114500
2039;2039;2020-01-14;125000
2040;2040;2020-01-15;160000
2041;2041;2020-01-15;66000
2042;2042;2020-01-15;370000
2043;2043;2020-01-15;74169
2044;2044;2020-01-15;42000
2045;2045;2020-01-15;291000
2046;2046;2020-01-15;1350000
2047;2047;2020-01-15;535000
2048;2048;2020-01-15;205000
2049;2049;2020-01-15;250700
2050;2050;2020-01-15;143000
2051;2051;2020-01-15;135000
2052;2052;2020-01-15;144400
2053;2053;2020-01-15;112070
2054;2054;2020-01-15;183750
2055;2055;2020-01-15;99000
2056;2056;2020-01-15;185000
2057;2057;2020-01-15;117000
2058;2058;2020-01-15;195000
2059;2059;2020-01-15;67200
2060;2060;2020-01-15;209000
2061;2061;2020-01-15;364000
2062;2062;2020-01-15;168000
2063;2063;2020-01-15;85000
2064;2064;2020-01-15;80500
2065;2065;2020-01-15;70000
2066;2066;2020-01-15;97000
2067;2067;2020-01-15;67080
2068;2068;2020-01-15;76810
2069;2069;2020-01-15;145000
2070;2070;2020-01-15;189000
2071;2071;2020-01-15;293790
2072;2072;2020-01-15;110000
2073;2073;2020-01-15;90500
2074;2074;2020-01-15;194500
2075;2075;2020-01-15;173300
2076;2076;2020-01-15;255000
2077;2077;2020-01-15;177500
2078;2078;2020-01-15;143970
2079;2079;2020-01-15;281600
2080;2080;2020-01-15;86000
2081;2081;2020-01-15;62000
2082;2082;2020-01-15;91000
2083;2083;2020-01-15;165000
2084;2084;2020-01-15;13000
2085;2085;2020-01-15;67850
2086;2086;2020-01-15;81200
2087;2087;2020-01-15;135800
2088;2088;2020-01-15;45610
2089;2089;2020-01-15;58000
2090;2090;2020-01-15;127200
2091;2091;2020-01-15;38000
2092;2092;2020-01-15;97125
2093;2093;2020-01-15;268625
2094;2094;2020-01-15;558410
2095;2095;2020-01-15;220300
2096;2096;2020-01-15;50000
2097;2097;2020-01-15;159262
2098;2098;2020-01-15;262830
2099;2099;2020-01-15;154670
2100;2100;2020-01-15;162000
2101;2101;2020-01-15;208750
2102;2102;2020-01-15;116800
2103;2103;2020-01-15;303600
2104;2104;2020-01-15;233500
2105;2105;2020-01-15;219200
2106;2106;2020-01-15;170000
2107;2107;2020-01-15;65500
2108;2108;2020-01-15;115000
2109;2109;2020-01-15;550000
2110;2110;2020-01-15;90810
2111;2111;2020-01-15;153130
2112;2112;2020-01-15;150000
2113;2113;2020-01-15;66500
2114;2114;2020-01-15;98000
2115;2115;2020-01-15;162000
2116;2116;2020-01-15;79200
2117;2117;2020-01-15;195000
2118;2118;2020-01-15;62000
2119;2119;2020-01-15;178000
2120;2120;2020-01-15;160000
2121;2121;2020-01-15;28500
2122;2122;2020-01-15;95645
2123;2123;2020-01-15;86744
2124;2124;2020-01-15;80000
2125;2125;2020-01-15;132608
2126;2126;2020-01-15;123000
2127;2127;2020-01-15;52010
2128;2128;2020-01-15;153000
2129;2129;2020-01-15;65000
2130;2130;2020-01-15;122500
2131;2131;2020-01-15;79500
2132;2132;2020-01-15;77000
2133;2133;2020-01-15;201000
2134;2134;2020-01-15;564000
2135;2135;2020-01-15;156000
2136;2136;2020-01-15;124000
2137;2137;2020-01-15;84000
2138;2138;2020-01-15;55000
2139;2139;2020-01-15;43000
2140;2140;2020-01-15;49000
2141;2141;2020-01-15;84000
2142;2142;2020-01-15;60800
2143;2143;2020-01-15;209700
2144;2144;2020-01-15;74000
2145;2145;2020-01-15;106600
2146;2146;2020-01-15;120250
2147;2147;2020-01-15;97000
2148;2148;2020-01-15;163000
2149;2149;2020-01-15;196000
2150;2150;2020-01-15;203000
2151;2151;2020-01-15;178500
2152;2152;2020-01-15;155900
2153;2153;2020-01-15;273372
2154;2154;2020-01-15;181800
2155;2155;2020-01-15;173500
2156;2156;2020-01-15;134000
2157;2157;2020-01-15;253000
2158;2158;2020-01-15;159000
2159;2159;2020-01-15;75000
2160;2160;2020-01-15;68000
2161;2161;2020-01-15;369000
2162;2162;2020-01-15;30000
2163;2163;2020-01-15;224000
2164;2164;2020-01-15;294830
2165;2165;2020-01-15;150550
2166;2166;2020-01-15;149550
2167;2167;2020-01-15;239600
2168;2168;2020-01-15;461500
2169;2169;2020-01-15;457825
2170;2170;2020-01-15;259400
2171;2171;2020-01-15;99000
2172;2172;2020-01-15;24500
2173;2173;2020-01-15;171000
2174;2174;2020-01-15;190600
2175;2175;2020-01-15;96000
2176;2176;2020-01-15;683780
2177;2177;2020-01-15;445000
2178;2178;2020-01-15;915000
2179;2179;2020-01-15;1350000
2180;2180;2020-01-15;398400
2181;2181;2020-01-15;710000
2182;2182;2020-01-15;560500
2183;2183;2020-01-15;855400
2184;2184;2020-01-15;2706250
2185;2185;2020-01-15;779637
2186;2186;2020-01-15;446000
2187;2187;2020-01-15;124540
2188;2188;2020-01-15;629200
2189;2189;2020-01-15;218000
2190;2190;2020-01-15;828000
2191;2191;2020-01-15;78000
2192;2192;2020-01-15;257143
2193;2193;2020-01-15;237000
2194;2194;2020-01-15;159000
2195;2195;2020-01-15;330731
2196;2196;2020-01-15;1580000
2197;2197;2020-01-15;3245154
2198;2198;2020-01-15;2240650
2199;2199;2020-01-15;3950000
2200;2200;2020-01-15;1324850
2201;2201;2020-01-15;262890
2202;2202;2020-01-15;1292850
2203;2203;2020-01-15;452500
2204;2204;2020-01-15;608000
2205;2205;2020-01-15;326500
2206;2206;2020-01-15;227000
2207;2207;2020-01-15;251000
2208;2208;2020-01-15;284000
2209;2209;2020-01-15;612480
2210;2210;2020-01-15;409150
2211;2211;2020-01-15;128500
2212;2212;2020-01-15;74500
2213;2213;2020-01-15;530000
2214;2214;2020-01-15;238800
2215;2215;2020-01-15;147000
2216;2216;2020-01-15;172000
2217;2217;2020-01-15;290550
2218;2218;2020-01-15;146450
2219;2219;2020-01-15;112500
2220;2220;2020-01-15;131500
2221;2221;2020-01-15;51500
2222;2222;2020-01-15;164000
2223;2223;2020-01-15;115500
2224;2224;2020-01-15;137200
2225;2225;2020-01-15;152000
2226;2226;2020-01-15;172000
2227;2227;2020-01-15;255000
2228;2228;2020-01-15;173000
2229;2229;2020-01-15;126000
2230;2230;2020-01-15;154500
2231;2231;2020-01-15;225000
2232;2232;2020-01-15;260000
2233;2233;2020-01-15;303400
2234;2234;2020-01-15;216500
2235;2235;2020-01-15;251159
2236;2236;2020-01-15;205000
2237;2237;2020-01-15;316178
2238;2238;2020-01-15;336000
2239;2239;2020-01-15;56990
2240;2240;2020-01-15;239000
2241;2241;2020-01-15;85000
2242;2242;2020-01-15;125000
2243;2243;2020-01-15;157000
2244;2244;2020-01-15;309000
2245;2245;2020-01-15;44500
2246;2246;2020-01-15;73400
2247;2247;2020-01-15;228300
2248;2248;2020-01-15;103500
2249;2249;2020-01-15;59000
2250;2250;2020-01-15;263500
2251;2251;2020-01-15;133000
2252;2252;2020-01-15;185000
2253;2253;2020-01-15;259000
2254;2254;2020-01-15;150010
2255;2255;2020-01-15;91000
2256;2256;2020-01-15;316600
2257;2257;2020-01-15;154600
2258;2258;2020-01-15;450000
2259;2259;2020-01-15;201400
2260;2260;2020-01-15;128500
2261;2261;2020-01-15;180000
2262;2262;2020-01-15;1270000
2263;2263;2020-01-15;767200
2264;2264;2020-01-15;241100
2265;2265;2020-01-15;179000
2266;2266;2020-01-15;163000
2267;2267;2020-01-15;697550
2268;2268;2020-01-15;1550000
2269;2269;2020-01-15;171000
2270;2270;2020-01-15;143000
2271;2271;2020-01-15;280000
2272;2272;2020-01-15;174000
2273;2273;2020-01-15;206100
2274;2274;2020-01-15;180000
2275;2275;2020-01-15;318380
2276;2276;2020-01-15;590000
2277;2277;2020-01-15;355250
2278;2278;2020-01-15;195000
2279;2279;2020-01-15;390000
2280;2280;2020-01-15;280000
2281;2281;2020-01-15;360100
2282;2282;2020-01-15;351008
2283;2283;2020-01-15;159300
2284;2284;2020-01-15;83320
2285;2285;2020-01-15;113812
2286;2286;2020-01-15;188700
2287;2287;2020-01-15;130000
2288;2288;2020-01-15;115000
2289;2289;2020-01-15;285000
2290;2290;2020-01-15;219700
2291;2291;2020-01-15;585000
2292;2292;2020-01-15;359000
2293;2293;2020-01-15;152163
2294;2294;2020-01-15;374525
2295;2295;2020-01-15;179000
2296;2296;2020-01-15;336640
2297;2297;2020-01-15;128000
2298;2298;2020-01-15;245000
2299;2299;2020-01-15;245500
2300;2300;2020-01-15;86000
2301;2301;2020-01-15;331000
2302;2302;2020-01-15;408600
2303;2303;2020-01-15;360000
2304;2304;2020-01-15;163000
2305;2305;2020-01-15;241425
2306;2306;2020-01-15;169650
2307;2307;2020-01-15;255000
2308;2308;2020-01-15;325000
2309;2309;2020-01-15;155000
2310;2310;2020-01-15;335000
2311;2311;2020-01-15;500290
2312;2312;2020-01-15;510000
2313;2313;2020-01-15;56000
2314;2314;2020-01-15;57000
2315;2315;2020-01-15;230000
2316;2316;2020-01-15;159000
2317;2317;2020-01-15;263200
2318;2318;2020-01-15;78210
2319;2319;2020-01-16;131376
2320;2320;2020-01-16;563130
2321;2321;2020-01-16;150200
2322;2322;2020-01-16;330000
2323;2323;2020-01-16;107500
2324;2324;2020-01-16;87000
2325;2325;2020-01-16;106000
2326;2326;2020-01-16;300000
2327;2327;2020-01-16;310000
2328;2328;2020-01-16;41080
2329;2329;2020-01-16;312000
2330;2330;2020-01-16;172000
2331;2331;2020-01-16;220000
2332;2332;2020-01-16;161100
2333;2333;2020-01-16;294000
2334;2334;2020-01-16;175000
2335;2335;2020-01-16;171700
2336;2336;2020-01-16;635000
2337;2337;2020-01-16;117500
2338;2338;2020-01-16;127000
2339;2339;2020-01-16;467000
2340;2340;2020-01-16;133000
2341;2341;2020-01-16;76000
2342;2342;2020-01-16;182466
2343;2343;2020-01-16;104000
2344;2344;2020-01-16;280000
2345;2345;2020-01-16;147250
2346;2346;2020-01-16;178000
2347;2347;2020-01-16;253000
2348;2348;2020-01-16;217000
2349;2349;2020-01-16;114400
2350;2350;2020-01-16;122000
2351;2351;2020-01-16;139000
2352;2352;2020-01-16;183000
2353;2353;2020-01-16;355000
2354;2354;2020-01-16;249650
2355;2355;2020-01-16;700000
2356;2356;2020-01-16;65550
2357;2357;2020-01-16;134500
2358;2358;2020-01-16;47500
2359;2359;2020-01-16;109000
2360;2360;2020-01-16;107000
2361;2361;2020-01-16;139800
2362;2362;2020-01-16;55000
2363;2363;2020-01-16;91000
2364;2364;2020-01-16;49500
2365;2365;2020-01-16;97000
2366;2366;2020-01-16;95000
2367;2367;2020-01-16;66000
2368;2368;2020-01-16;241599
2369;2369;2020-01-16;422980
2370;2370;2020-01-16;193000
2371;2371;2020-01-16;107500
2372;2372;2020-01-16;92000
2373;2373;2020-01-16;103400
2374;2374;2020-01-16;176000
2375;2375;2020-01-16;231000
2376;2376;2020-01-16;131789
2377;2377;2020-01-16;176000
2378;2378;2020-01-16;133600
2379;2379;2020-01-16;134000
2380;2380;2020-01-16;145650
2381;2381;2020-01-16;45000
2382;2382;2020-01-16;210100
2383;2383;2020-01-16;306500
2384;2384;2020-01-16;52500
2385;2385;2020-01-16;372000
2386;2386;2020-01-16;376000
2387;2387;2020-01-16;247000
2388;2388;2020-01-16;105050
2389;2389;2020-01-16;144100
2390;2390;2020-01-16;380860
2391;2391;2020-01-16;40000
2392;2392;2020-01-16;156100
2393;2393;2020-01-16;162000
2394;2394;2020-01-16;147000
2395;2395;2020-01-16;85000
2396;2396;2020-01-16;106767
2397;2397;2020-01-16;129700
2398;2398;2020-01-16;175500
2399;2399;2020-01-16;92000
2400;2400;2020-01-16;221160
2401;2401;2020-01-16;131000
2402;2402;2020-01-16;72500
2403;2403;2020-01-16;50000
2404;2404;2020-01-16;56500
2405;2405;2020-01-16;9000
2406;2406;2020-01-16;106600
2407;2407;2020-01-16;76000
2408;2408;2020-01-16;110970
2409;2409;2020-01-16;465500
2410;2410;2020-01-16;43000
2411;2411;2020-01-16;53000
2412;2412;2020-01-16;122740
2413;2413;2020-01-16;61000
2414;2414;2020-01-16;25000
2415;2415;2020-01-16;63000
2416;2416;2020-01-16;51000
2417;2417;2020-01-16;199500
2418;2418;2020-01-16;165000
2419;2419;2020-01-16;42520
2420;2420;2020-01-16;279200
2421;2421;2020-01-16;98000
2422;2422;2020-01-16;529550
2423;2423;2020-01-16;235600
2424;2424;2020-01-16;25500
2425;2425;2020-01-16;244000
2426;2426;2020-01-16;400000
2427;2427;2020-01-16;219000
2428;2428;2020-01-16;210000
2429;2429;2020-01-16;37890
2430;2430;2020-01-16;70000
2431;2431;2020-01-16;44000
2432;2432;2020-01-16;241580
2433;2433;2020-01-16;167615
2434;2434;2020-01-16;240300
2435;2435;2020-01-16;132500
2436;2436;2020-01-16;63800
2437;2437;2020-01-16;200000
2438;2438;2020-01-16;317000
2439;2439;2020-01-16;129900
2440;2440;2020-01-16;435000
2441;2441;2020-01-16;1222000
2442;2442;2020-01-16;536000
2443;2443;2020-01-16;519000
2444;2444;2020-01-16;200000
2445;2445;2020-01-16;1950000
2446;2446;2020-01-16;605000
2447;2447;2020-01-16;307000
2448;2448;2020-01-16;402000
2449;2449;2020-01-16;375250
2450;2450;2020-01-16;188000
2451;2451;2020-01-16;548077
2452;2452;2020-01-16;326000
2453;2453;2020-01-16;407000
2454;2454;2020-01-16;444000
2455;2455;2020-01-16;249360
2456;2456;2020-01-16;515250
2457;2457;2020-01-16;452000
2458;2458;2020-01-16;214025
2459;2459;2020-01-16;285750
2460;2460;2020-01-16;180500
2461;2461;2020-01-16;807750
2462;2462;2020-01-16;1174943
2463;2463;2020-01-16;657500
2464;2464;2020-01-16;2110000
2465;2465;2020-01-16;2972750
2466;2466;2020-01-16;499000
2467;2467;2020-01-16;369000
2468;2468;2020-01-16;176000
2469;2469;2020-01-16;362100
2470;2470;2020-01-16;695000
2471;2471;2020-01-16;92049
2472;2472;2020-01-16;405140
2473;2473;2020-01-16;264500
2474;2474;2020-01-16;58500
2475;2475;2020-01-16;16000
2476;2476;2020-01-16;244320
2477;2477;2020-01-16;186600
2478;2478;2020-01-16;178000
2479;2479;2020-01-16;276000
2480;2480;2020-01-16;185000
2481;2481;2020-01-16;228000
2482;2482;2020-01-16;180000
2483;2483;2020-01-16;74000
2484;2484;2020-01-16;169000
2485;2485;2020-01-16;172990
2486;2486;2020-01-16;119000
2487;2487;2020-01-16;136500
2488;2488;2020-01-16;120000
2489;2489;2020-01-16;232800
2490;2490;2020-01-16;162000
2491;2491;2020-01-16;157000
2492;2492;2020-01-16;155000
2493;2493;2020-01-16;115000
2494;2494;2020-01-16;312500
2495;2495;2020-01-16;164200
2496;2496;2020-01-16;126600
2497;2497;2020-01-16;152345
2498;2498;2020-01-16;158550
2499;2499;2020-01-16;330000
2500;2500;2020-01-16;264000
2501;2501;2020-01-16;328590
2502;2502;2020-01-16;315000
2503;2503;2020-01-16;426000
2504;2504;2020-01-16;61600
2505;2505;2020-01-16;142641
2506;2506;2020-01-16;62000
2507;2507;2020-01-16;49000
2508;2508;2020-01-16;64000
2509;2509;2020-01-16;53000
2510;2510;2020-01-16;40000
2511;2511;2020-01-16;91000
2512;2512;2020-01-16;202000
2513;2513;2020-01-16;63500
2514;2514;2020-01-16;322950
2515;2515;2020-01-16;354000
2516;2516;2020-01-16;143500
2517;2517;2020-01-16;40000
2518;2518;2020-01-16;59900
2519;2519;2020-01-16;89000
2520;2520;2020-01-16;112000
2521;2521;2020-01-16;115000
2522;2522;2020-01-16;61300
2523;2523;2020-01-16;115000
2524;2524;2020-01-16;113530
2525;2525;2020-01-16;53500
2526;2526;2020-01-16;227000
2527;2527;2020-01-16;230000
2528;2528;2020-01-16;166000
2529;2529;2020-01-16;128000
2530;2530;2020-01-16;163500
2531;2531;2020-01-16;249000
2532;2532;2020-01-16;327400
2533;2533;2020-01-16;169000
2534;2534;2020-01-16;133000
2535;2535;2020-01-16;249350
2536;2536;2020-01-16;223000
2537;2537;2020-01-16;214000
2538;2538;2020-01-16;185000
2539;2539;2020-01-16;125000
2540;2540;2020-01-16;195000
2541;2541;2020-01-16;307000
2542;2542;2020-01-16;327000
2543;2543;2020-01-16;2137950
2544;2544;2020-01-16;305000
2545;2545;2020-01-16;376812
2546;2546;2020-01-16;220000
2547;2547;2020-01-16;444423
2548;2548;2020-01-16;369110
2549;2549;2020-01-16;206000
2550;2550;2020-01-16;384836
2551;2551;2020-01-16;132000
2552;2552;2020-01-16;548000
2553;2553;2020-01-16;264750
2554;2554;2020-01-16;427500
2555;2555;2020-01-16;334910
2556;2556;2020-01-16;918420
2557;2557;2020-01-16;220000
2558;2558;2020-01-16;375000
2559;2559;2020-01-16;245000
2560;2560;2020-01-16;133000
2561;2561;2020-01-16;188000
2562;2562;2020-01-16;77000
2563;2563;2020-01-16;244250
2564;2564;2020-01-16;205000
2565;2565;2020-01-16;217000
2566;2566;2020-01-16;284000
2567;2567;2020-01-16;125000
2568;2568;2020-01-16;70000
2569;2569;2020-01-16;111500
2570;2570;2020-01-16;85000
2571;2571;2020-01-16;120000
2572;2572;2020-01-16;369500
2573;2573;2020-01-16;225000
2574;2574;2020-01-16;875000
2575;2575;2020-01-16;103000
2576;2576;2020-01-16;368000
2577;2577;2020-01-16;182585
2578;2578;2020-01-16;92000
2579;2579;2020-01-16;195000
2580;2580;2020-01-16;82000
2581;2581;2020-01-16;160000
2582;2582;2020-01-16;339000
2583;2583;2020-01-16;247000
2584;2584;2020-01-16;165000
2585;2585;2020-01-16;147000
2586;2586;2020-01-16;233600
2587;2587;2020-01-16;339000
2588;2588;2020-01-16;144000
2589;2589;2020-01-17;535000
2590;2590;2020-01-17;40000
2591;2591;2020-01-17;198000
2592;2592;2020-01-17;175000
2593;2593;2020-01-17;124000
2594;2594;2020-01-17;126105
2595;2595;2020-01-17;347100
2596;2596;2020-01-17;593800
2597;2597;2020-01-17;1320000
2598;2598;2020-01-17;483314
2599;2599;2020-01-17;767000
2600;2600;2020-01-17;116260
2601;2601;2020-01-17;435000
2602;2602;2020-01-17;111755
2603;2603;2020-01-17;260000
2604;2604;2020-01-17;73000
2605;2605;2020-01-17;154000
2606;2606;2020-01-17;28000
2607;2607;2020-01-17;362500
2608;2608;2020-01-17;142500
2609;2609;2020-01-17;42000
2610;2610;2020-01-17;125000
2611;2611;2020-01-17;113700
2612;2612;2020-01-17;230000
2613;2613;2020-01-17;268000
2614;2614;2020-01-17;552700
2615;2615;2020-01-17;52000
2616;2616;2020-01-17;71800
2617;2617;2020-01-17;150408
2618;2618;2020-01-17;227000
2619;2619;2020-01-17;112000
2620;2620;2020-01-17;198000
2621;2621;2020-01-17;111800
2622;2622;2020-01-17;44700
2623;2623;2020-01-17;38600
2624;2624;2020-01-17;99000
2625;2625;2020-01-17;38000
2626;2626;2020-01-17;101000
2627;2627;2020-01-17;105000
2628;2628;2020-01-17;143500
2629;2629;2020-01-17;263906
2630;2630;2020-01-17;176600
2631;2631;2020-01-17;69740
2632;2632;2020-01-17;1000000
2633;2633;2020-01-17;79820
2634;2634;2020-01-17;154500
2635;2635;2020-01-17;242500
2636;2636;2020-01-17;240000
2637;2637;2020-01-17;55500
2638;2638;2020-01-17;188100
2639;2639;2020-01-17;275500
2640;2640;2020-01-17;642500
2641;2641;2020-01-17;71000
2642;2642;2020-01-17;133000
2643;2643;2020-01-17;374000
2644;2644;2020-01-17;188000
2645;2645;2020-01-17;356922
2646;2646;2020-01-17;200780
2647;2647;2020-01-17;144000
2648;2648;2020-01-17;117000
2649;2649;2020-01-17;800000
2650;2650;2020-01-17;219000
2651;2651;2020-01-17;106000
2652;2652;2020-01-17;123000
2653;2653;2020-01-17;371000
2654;2654;2020-01-17;44500
2655;2655;2020-01-17;105700
2656;2656;2020-01-17;172193
2657;2657;2020-01-17;83750
2658;2658;2020-01-17;130905
2659;2659;2020-01-17;152000
2660;2660;2020-01-17;127900
2661;2661;2020-01-17;161000
2662;2662;2020-01-17;84900
2663;2663;2020-01-17;134000
2664;2664;2020-01-17;92000
2665;2665;2020-01-17;73200
2666;2666;2020-01-17;151200
2667;2667;2020-01-17;114200
2668;2668;2020-01-17;155350
2669;2669;2020-01-17;82500
2670;2670;2020-01-17;200700
2671;2671;2020-01-17;202550
2672;2672;2020-01-17;153000
2673;2673;2020-01-17;93500
2674;2674;2020-01-17;145000
2675;2675;2020-01-17;195800
2676;2676;2020-01-17;48500
2677;2677;2020-01-17;209500
2678;2678;2020-01-17;125500
2679;2679;2020-01-17;59000
2680;2680;2020-01-17;81320
2681;2681;2020-01-17;65000
2682;2682;2020-01-17;237000
2683;2683;2020-01-17;180000
2684;2684;2020-01-17;75000
2685;2685;2020-01-17;145000
2686;2686;2020-01-17;101105
2687;2687;2020-01-17;35000
2688;2688;2020-01-17;50500
2689;2689;2020-01-17;106800
2690;2690;2020-01-17;75500
2691;2691;2020-01-17;47000
2692;2692;2020-01-17;55000
2693;2693;2020-01-17;137000
2694;2694;2020-01-17;118500
2695;2695;2020-01-17;125000
2696;2696;2020-01-17;66300
2697;2697;2020-01-17;143000
2698;2698;2020-01-17;55500
2699;2699;2020-01-17;128000
2700;2700;2020-01-17;70500
2701;2701;2020-01-17;185000
2702;2702;2020-01-17;68000
2703;2703;2020-01-17;45000
2704;2704;2020-01-17;180000
2705;2705;2020-01-17;117500
2706;2706;2020-01-17;210000
2707;2707;2020-01-17;13000
2708;2708;2020-01-17;43500
2709;2709;2020-01-17;123000
2710;2710;2020-01-17;168000
2711;2711;2020-01-17;146000
2712;2712;2020-01-17;73000
2713;2713;2020-01-17;44220
2714;2714;2020-01-17;96000
2715;2715;2020-01-17;67600
2716;2716;2020-01-17;72000
2717;2717;2020-01-17;101000
2718;2718;2020-01-17;74000
2719;2719;2020-01-17;550000
2720;2720;2020-01-17;440000
2721;2721;2020-01-17;174930
2722;2722;2020-01-17;186600
2723;2723;2020-01-17;135000
2724;2724;2020-01-17;229000
2725;2725;2020-01-17;275150
2726;2726;2020-01-17;137900
2727;2727;2020-01-17;257250
2728;2728;2020-01-17;239150
2729;2729;2020-01-17;386900
2730;2730;2020-01-17;464450
2731;2731;2020-01-17;81000
2732;2732;2020-01-17;121000
2733;2733;2020-01-17;61150
2734;2734;2020-01-17;95300
2735;2735;2020-01-17;98800
2736;2736;2020-01-17;69000
2737;2737;2020-01-17;490566
2738;2738;2020-01-17;300000
2739;2739;2020-01-17;500200
2740;2740;2020-01-17;645000
2741;2741;2020-01-17;1635700
2742;2742;2020-01-17;610200
2743;2743;2020-01-17;385000
2744;2744;2020-01-17;426000
2745;2745;2020-01-17;810000
2746;2746;2020-01-17;772000
2747;2747;2020-01-17;1125000
2748;2748;2020-01-17;839990
2749;2749;2020-01-17;639675
2750;2750;2020-01-17;322720
2751;2751;2020-01-17;166750
2752;2752;2020-01-17;238000
2753;2753;2020-01-17;402000
2754;2754;2020-01-17;382000
2755;2755;2020-01-17;372500
2756;2756;2020-01-17;376250
2757;2757;2020-01-17;274300
2758;2758;2020-01-17;755000
2759;2759;2020-01-17;344000
2760;2760;2020-01-17;80000
2761;2761;2020-01-17;425520
2762;2762;2020-01-17;423110
2763;2763;2020-01-17;960000
2764;2764;2020-01-17;374900
2765;2765;2020-01-17;279000
2766;2766;2020-01-17;658000
2767;2767;2020-01-17;319820
2768;2768;2020-01-17;364500
2769;2769;2020-01-17;749150
2770;2770;2020-01-17;482250
2771;2771;2020-01-17;314000
2772;2772;2020-01-17;577974
2773;2773;2020-01-17;344000
2774;2774;2020-01-17;729000
2775;2775;2020-01-17;1177500
2776;2776;2020-01-17;1567962
2777;2777;2020-01-17;461070
2778;2778;2020-01-17;1637600
2779;2779;2020-01-17;1570000
2780;2780;2020-01-17;715000
2781;2781;2020-01-17;640230
2782;2782;2020-01-17;489000
2783;2783;2020-01-17;243000
2784;2784;2020-01-17;186900
2785;2785;2020-01-17;496200
2786;2786;2020-01-17;196500
2787;2787;2020-01-17;105000
2788;2788;2020-01-17;449000
2789;2789;2020-01-17;837000
2790;2790;2020-01-17;276100
2791;2791;2020-01-17;632000
2792;2792;2020-01-17;533800
2793;2793;2020-01-17;121000
2794;2794;2020-01-17;112105
2795;2795;2020-01-17;137000
2796;2796;2020-01-17;183100
2797;2797;2020-01-17;252900
2798;2798;2020-01-17;162000
2799;2799;2020-01-17;147000
2800;2800;2020-01-17;133920
2801;2801;2020-01-17;41000
2802;2802;2020-01-17;100000
2803;2803;2020-01-17;243000
2804;2804;2020-01-17;256300
2805;2805;2020-01-17;159000
2806;2806;2020-01-17;223800
2807;2807;2020-01-17;153500
2808;2808;2020-01-17;204000
2809;2809;2020-01-17;118700
2810;2810;2020-01-17;420000
2811;2811;2020-01-17;386000
2812;2812;2020-01-17;216600
2813;2813;2020-01-17;92000
2814;2814;2020-01-17;144000
2815;2815;2020-01-17;250120
2816;2816;2020-01-17;106000
2817;2817;2020-01-17;185000
2818;2818;2020-01-17;382700
2819;2819;2020-01-17;238400
2820;2820;2020-01-17;298500
2821;2821;2020-01-17;490000
2822;2822;2020-01-17;230700
2823;2823;2020-01-17;259000
2824;2824;2020-01-17;649000
2825;2825;2020-01-17;163000
2826;2826;2020-01-17;237000
2827;2827;2020-01-17;540550
2828;2828;2020-01-17;258000
2829;2829;2020-01-17;208780
2830;2830;2020-01-17;246410
2831;2831;2020-01-17;220000
2832;2832;2020-01-17;93000
2833;2833;2020-01-17;125000
2834;2834;2020-01-17;31000
2835;2835;2020-01-17;65100
2836;2836;2020-01-17;80000
2837;2837;2020-01-17;21500
2838;2838;2020-01-17;44000
2839;2839;2020-01-17;457000
2840;2840;2020-01-17;83000
2841;2841;2020-01-17;62500
2842;2842;2020-01-17;98000
2843;2843;2020-01-17;27480
2844;2844;2020-01-17;60000
2845;2845;2020-01-17;64950
2846;2846;2020-01-17;73500
2847;2847;2020-01-17;147100
2848;2848;2020-01-17;135000
2849;2849;2020-01-17;90000
2850;2850;2020-01-17;163090
2851;2851;2020-01-17;103000
2852;2852;2020-01-17;162900
2853;2853;2020-01-17;179800
2854;2854;2020-01-17;158500
2855;2855;2020-01-17;195000
2856;2856;2020-01-17;320532
2857;2857;2020-01-17;322000
2858;2858;2020-01-17;213000
2859;2859;2020-01-17;129000
2860;2860;2020-01-17;188275
2861;2861;2020-01-17;270850
2862;2862;2020-01-17;163500
2863;2863;2020-01-17;620000
2864;2864;2020-01-17;228050
2865;2865;2020-01-17;157500
2866;2866;2020-01-17;433000
2867;2867;2020-01-17;774212
2868;2868;2020-01-17;177000
2869;2869;2020-01-17;505400
2870;2870;2020-01-17;220000
2871;2871;2020-01-17;158000
2872;2872;2020-01-17;439000
2873;2873;2020-01-17;950000
2874;2874;2020-01-17;475000
2875;2875;2020-01-17;227000
2876;2876;2020-01-17;274000
2877;2877;2020-01-17;276000
2878;2878;2020-01-17;563584
2879;2879;2020-01-17;520000
2880;2880;2020-01-17;268341
2881;2881;2020-01-17;224000
2882;2882;2020-01-17;111000
2883;2883;2020-01-17;329000
2884;2884;2020-01-17;266700
2885;2885;2020-01-17;938100
2886;2886;2020-01-17;292000
2887;2887;2020-01-17;115000
2888;2888;2020-01-17;202000
2889;2889;2020-01-17;228000
2890;2890;2020-01-17;322000
2891;2891;2020-01-17;581000
2892;2892;2020-01-17;1238870
2893;2893;2020-01-17;90000
2894;2894;2020-01-17;286000
2895;2895;2020-01-17;331000
2896;2896;2020-01-17;213670
2897;2897;2020-01-17;443100
2898;2898;2020-01-17;332500
2899;2899;2020-01-17;235000
2900;2900;2020-01-17;875596
2901;2901;2020-01-17;344050
2902;2902;2020-01-17;340000
2903;2903;2020-01-17;257000
2904;2904;2020-01-17;146260
2905;2905;2020-01-17;127000
2906;2906;2020-01-17;221600
2907;2907;2020-01-17;119000
2908;2908;2020-01-17;169000
2909;2909;2020-01-17;1197300
2910;2910;2020-01-17;244000
2911;2911;2020-01-17;109650
2912;2912;2020-01-17;332500
2913;2913;2020-01-17;154000
2914;2914;2020-01-17;262230
2915;2915;2020-01-17;218000
2916;2916;2020-01-17;172000
2917;2917;2020-01-17;335000
2918;2918;2020-01-17;405000
2919;2919;2020-01-17;211000
2920;2920;2020-01-17;183000
2921;2921;2020-01-17;275000
2922;2922;2020-01-17;438900
2923;2923;2020-01-17;261000
2924;2924;2020-01-17;129000
2925;2925;2020-01-17;733900
2926;2926;2020-01-17;159000
2927;2927;2020-01-17;149900
2928;2928;2020-01-17;436500
2929;2929;2020-01-17;265000
2930;2930;2020-01-17;265000
2931;2931;2020-01-17;536000
2932;2932;2020-01-17;875000
2933;2933;2020-01-17;258000
2934;2934;2020-01-17;135500
2935;2935;2020-01-17;177000
2936;2936;2020-01-17;285000
2937;2937;2020-01-17;148000
2938;2938;2020-01-17;309000
2939;2939;2020-01-17;489090
2940;2940;2020-01-17;245250
2941;2941;2020-01-17;222000
2942;2942;2020-01-17;80400
2943;2943;2020-01-17;237000
2944;2944;2020-01-17;48500
2945;2945;2020-01-17;80000
2946;2946;2020-01-17;216000
2947;2947;2020-01-17;175000
2948;2948;2020-01-17;239000
2949;2949;2020-01-17;94000
2950;2950;2020-01-17;155500
2951;2951;2020-01-17;173800
2952;2952;2020-01-17;169000
2953;2953;2020-01-17;165400
2954;2954;2020-01-17;416050
2955;2955;2020-01-17;63500
2956;2956;2020-01-18;47500
2957;2957;2020-01-18;437000
2958;2958;2020-01-18;44527
2959;2959;2020-01-18;66000
2960;2960;2020-01-18;227000
2961;2961;2020-01-18;332000
2962;2962;2020-01-18;78000
2963;2963;2020-01-18;101056
2964;2964;2020-01-18;114000
2965;2965;2020-01-18;128000
2966;2966;2020-01-18;106690
2967;2967;2020-01-18;154000
2968;2968;2020-01-18;152925
2969;2969;2020-01-18;112000
2970;2970;2020-01-18;244000
2971;2971;2020-01-18;57000
2972;2972;2020-01-18;107500
2973;2973;2020-01-18;68000
2974;2974;2020-01-18;107000
2975;2975;2020-01-18;120000
2976;2976;2020-01-18;110000
2977;2977;2020-01-18;190000
2978;2978;2020-01-18;87000
2979;2979;2020-01-18;75450
2980;2980;2020-01-18;34000
2981;2981;2020-01-18;147000
2982;2982;2020-01-19;217250
2983;2983;2020-01-20;561550
2984;2984;2020-01-20;77000
2985;2985;2020-01-20;42800
2986;2986;2020-01-20;175000
2987;2987;2020-01-20;41500
2988;2988;2020-01-20;196100
2989;2989;2020-01-20;401000
2990;2990;2020-01-20;573000
2991;2991;2020-01-20;390000
2992;2992;2020-01-20;130000
2993;2993;2020-01-20;359000
2994;2994;2020-01-20;210000
2995;2995;2020-01-20;113700
2996;2996;2020-01-20;327500
2997;2997;2020-01-20;118110
2998;2998;2020-01-20;128000
2999;2999;2020-01-20;169000
3000;3000;2020-01-20;84000
3001;3001;2020-01-20;226000
3002;3002;2020-01-20;71500
3003;3003;2020-01-20;440000
3004;3004;2020-01-20;75000
3005;3005;2020-01-20;68500
3006;3006;2020-01-20;57000
3007;3007;2020-01-20;35000
3008;3008;2020-01-20;40000
3009;3009;2020-01-20;184660
3010;3010;2020-01-20;73120
3011;3011;2020-01-20;54000
3012;3012;2020-01-20;50000
3013;3013;2020-01-20;71000
3014;3014;2020-01-20;332500
3015;3015;2020-01-20;160000
3016;3016;2020-01-20;365000
3017;3017;2020-01-20;175000
3018;3018;2020-01-20;472450
3019;3019;2020-01-20;148000
3020;3020;2020-01-20;366700
3021;3021;2020-01-20;224500
3022;3022;2020-01-20;40000
3023;3023;2020-01-20;162300
3024;3024;2020-01-20;28500
3025;3025;2020-01-20;135000
3026;3026;2020-01-20;81000
3027;3027;2020-01-20;61500
3028;3028;2020-01-20;226960
3029;3029;2020-01-20;67500
3030;3030;2020-01-20;84000
3031;3031;2020-01-20;278000
3032;3032;2020-01-20;86000
3033;3033;2020-01-20;120000
3034;3034;2020-01-20;260000
3035;3035;2020-01-20;128000
3036;3036;2020-01-20;169686
3037;3037;2020-01-20;96000
3038;3038;2020-01-20;137000
3039;3039;2020-01-20;135000
3040;3040;2020-01-20;55000
3041;3041;2020-01-20;92860
3042;3042;2020-01-20;81000
3043;3043;2020-01-20;139500
3044;3044;2020-01-20;298000
3045;3045;2020-01-20;690000
3046;3046;2020-01-20;177000
3047;3047;2020-01-20;187500
3048;3048;2020-01-20;116000
3049;3049;2020-01-20;90000
3050;3050;2020-01-20;205710
3051;3051;2020-01-20;145800
3052;3052;2020-01-20;499993
3053;3053;2020-01-20;150500
3054;3054;2020-01-20;132850
3055;3055;2020-01-20;63810
3056;3056;2020-01-20;134500
3057;3057;2020-01-20;199000
3058;3058;2020-01-20;64500
3059;3059;2020-01-20;507000
3060;3060;2020-01-20;146000
3061;3061;2020-01-20;57500
3062;3062;2020-01-20;164000
3063;3063;2020-01-20;837200
3064;3064;2020-01-20;77700
3065;3065;2020-01-20;235700
3066;3066;2020-01-20;76000
3067;3067;2020-01-20;67000
3068;3068;2020-01-20;158035
3069;3069;2020-01-20;530000
3070;3070;2020-01-20;23145
3071;3071;2020-01-20;169000
3072;3072;2020-01-20;58000
3073;3073;2020-01-20;219466
3074;3074;2020-01-20;43200
3075;3075;2020-01-20;172900
3076;3076;2020-01-20;55000
3077;3077;2020-01-20;122500
3078;3078;2020-01-20;136500
3079;3079;2020-01-20;154444
3080;3080;2020-01-20;445556
3081;3081;2020-01-20;135000
3082;3082;2020-01-20;185000
3083;3083;2020-01-20;165000
3084;3084;2020-01-20;60000
3085;3085;2020-01-20;182000
3086;3086;2020-01-20;121935
3087;3087;2020-01-20;319900
3088;3088;2020-01-20;75500
3089;3089;2020-01-20;84500
3090;3090;2020-01-20;177000
3091;3091;2020-01-20;35000
3092;3092;2020-01-20;105450
3093;3093;2020-01-20;79000
3094;3094;2020-01-20;111000
3095;3095;2020-01-20;38500
3096;3096;2020-01-20;50000
3097;3097;2020-01-20;135700
3098;3098;2020-01-20;71300
3099;3099;2020-01-20;159000
3100;3100;2020-01-20;69000
3101;3101;2020-01-20;106100
3102;3102;2020-01-20;79510
3103;3103;2020-01-20;504500
3104;3104;2020-01-20;194645
3105;3105;2020-01-20;57480
3106;3106;2020-01-20;180000
3107;3107;2020-01-20;227000
3108;3108;2020-01-20;220500
3109;3109;2020-01-20;290000
3110;3110;2020-01-20;144453
3111;3111;2020-01-20;278750
3112;3112;2020-01-20;100000
3113;3113;2020-01-20;220500
3114;3114;2020-01-20;164000
3115;3115;2020-01-20;356200
3116;3116;2020-01-20;459500
3117;3117;2020-01-20;330000
3118;3118;2020-01-20;477130
3119;3119;2020-01-20;151385
3120;3120;2020-01-20;312092
3121;3121;2020-01-20;60000
3122;3122;2020-01-20;78000
3123;3123;2020-01-20;135000
3124;3124;2020-01-20;570000
3125;3125;2020-01-20;1100550
3126;3126;2020-01-20;342666
3127;3127;2020-01-20;245000
3128;3128;2020-01-20;766143
3129;3129;2020-01-20;590000
3130;3130;2020-01-20;401720
3131;3131;2020-01-20;1298500
3132;3132;2020-01-20;2459300
3133;3133;2020-01-20;792000
3134;3134;2020-01-20;715000
3135;3135;2020-01-20;615000
3136;3136;2020-01-20;1759280
3137;3137;2020-01-20;933200
3138;3138;2020-01-20;948300
3139;3139;2020-01-20;669000
3140;3140;2020-01-20;441700
3141;3141;2020-01-20;734600
3142;3142;2020-01-20;326941
3143;3143;2020-01-20;261000
3144;3144;2020-01-20;249950
3145;3145;2020-01-20;635000
3146;3146;2020-01-20;484240
3147;3147;2020-01-20;321470
3148;3148;2020-01-20;279000
3149;3149;2020-01-20;135000
3150;3150;2020-01-20;320166
3151;3151;2020-01-20;251200
3152;3152;2020-01-20;346000
3153;3153;2020-01-20;578500
3154;3154;2020-01-20;1080400
3155;3155;2020-01-20;483500
3156;3156;2020-01-20;1365300
3157;3157;2020-01-20;334125
3158;3158;2020-01-20;691266
3159;3159;2020-01-20;173500
3160;3160;2020-01-20;269100
3161;3161;2020-01-20;233333
3162;3162;2020-01-20;233000
3163;3163;2020-01-20;1274095
3164;3164;2020-01-20;151500
3165;3165;2020-01-20;71500
3166;3166;2020-01-20;177000
3167;3167;2020-01-20;78000
3168;3168;2020-01-20;93000
3169;3169;2020-01-20;69000
3170;3170;2020-01-20;311125
3171;3171;2020-01-20;106500
3172;3172;2020-01-20;188000
3173;3173;2020-01-20;85000
3174;3174;2020-01-20;235000
3175;3175;2020-01-20;129000
3176;3176;2020-01-20;119500
3177;3177;2020-01-20;132080
3178;3178;2020-01-20;320000
3179;3179;2020-01-20;275590
3180;3180;2020-01-20;360000
3181;3181;2020-01-20;144000
3182;3182;2020-01-20;136155
3183;3183;2020-01-20;81000
3184;3184;2020-01-20;195000
3185;3185;2020-01-20;258000
3186;3186;2020-01-20;105000
3187;3187;2020-01-20;347700
3188;3188;2020-01-20;56000
3189;3189;2020-01-20;23750
3190;3190;2020-01-20;502600
3191;3191;2020-01-20;92000
3192;3192;2020-01-20;90450
3193;3193;2020-01-20;415300
3194;3194;2020-01-20;91000
3195;3195;2020-01-20;212000
3196;3196;2020-01-20;317000
3197;3197;2020-01-20;104500
3198;3198;2020-01-20;219000
3199;3199;2020-01-20;169500
3200;3200;2020-01-20;106600
3201;3201;2020-01-20;67000
3202;3202;2020-01-20;47000
3203;3203;2020-01-20;53000
3204;3204;2020-01-20;85000
3205;3205;2020-01-20;97500
3206;3206;2020-01-20;22000
3207;3207;2020-01-20;45800
3208;3208;2020-01-20;44000
3209;3209;2020-01-20;64000
3210;3210;2020-01-20;65500
3211;3211;2020-01-20;254320
3212;3212;2020-01-20;224000
3213;3213;2020-01-20;155000
3214;3214;2020-01-20;220850
3215;3215;2020-01-20;236650
3216;3216;2020-01-20;177500
3217;3217;2020-01-20;175500
3218;3218;2020-01-20;341250
3219;3219;2020-01-20;568600
3220;3220;2020-01-20;299000
3221;3221;2020-01-20;162000
3222;3222;2020-01-20;238510
3223;3223;2020-01-20;322470
3224;3224;2020-01-20;600000
3225;3225;2020-01-20;245000
3226;3226;2020-01-20;230000
3227;3227;2020-01-20;415000
3228;3228;2020-01-20;194700
3229;3229;2020-01-20;114000
3230;3230;2020-01-20;235000
3231;3231;2020-01-20;305000
3232;3232;2020-01-20;737500
3233;3233;2020-01-20;345450
3234;3234;2020-01-20;714900
3235;3235;2020-01-20;99938
3236;3236;2020-01-20;95200
3237;3237;2020-01-20;369000
3238;3238;2020-01-20;195000
3239;3239;2020-01-20;165000
3240;3240;2020-01-20;154470
3241;3241;2020-01-20;550000
3242;3242;2020-01-20;115000
3243;3243;2020-01-20;82000
3244;3244;2020-01-20;66500
3245;3245;2020-01-20;213550
3246;3246;2020-01-20;189000
3247;3247;2020-01-20;317000
3248;3248;2020-01-20;281500
3249;3249;2020-01-20;212010
3250;3250;2020-01-20;297000
3251;3251;2020-01-20;164000
3252;3252;2020-01-20;99000
3253;3253;2020-01-20;188000
3254;3254;2020-01-20;140000
3255;3255;2020-01-20;397000
3256;3256;2020-01-20;277800
3257;3257;2020-01-20;1375000
3258;3258;2020-01-20;280000
3259;3259;2020-01-20;198000
3260;3260;2020-01-20;638000
3261;3261;2020-01-20;259350
3262;3262;2020-01-20;195000
3263;3263;2020-01-20;202000
3264;3264;2020-01-20;349900
3265;3265;2020-01-20;245500
3266;3266;2020-01-20;184000
3267;3267;2020-01-20;90000
3268;3268;2020-01-20;173000
3269;3269;2020-01-21;42000
3270;3270;2020-01-21;125000
3271;3271;2020-01-21;111324
3272;3272;2020-01-21;39735
3273;3273;2020-01-21;29800
3274;3274;2020-01-21;118500
3275;3275;2020-01-21;550000
3276;3276;2020-01-21;522000
3277;3277;2020-01-21;130000
3278;3278;2020-01-21;129907
3279;3279;2020-01-21;129900
3280;3280;2020-01-21;327000
3281;3281;2020-01-21;146000
3282;3282;2020-01-21;117800
3283;3283;2020-01-21;407500
3284;3284;2020-01-21;80000
3285;3285;2020-01-21;238000
3286;3286;2020-01-21;137000
3287;3287;2020-01-21;47500
3288;3288;2020-01-21;94000
3289;3289;2020-01-21;179200
3290;3290;2020-01-21;140000
3291;3291;2020-01-21;112000
3292;3292;2020-01-21;73000
3293;3293;2020-01-21;374800
3294;3294;2020-01-21;110000
3295;3295;2020-01-21;248000
3296;3296;2020-01-21;99670
3297;3297;2020-01-21;86500
3298;3298;2020-01-21;455000
3299;3299;2020-01-21;99900
3300;3300;2020-01-21;125000
3301;3301;2020-01-21;210000
3302;3302;2020-01-21;187190
3303;3303;2020-01-21;58850
3304;3304;2020-01-21;35000
3305;3305;2020-01-21;18000
3306;3306;2020-01-21;39500
3307;3307;2020-01-21;56000
3308;3308;2020-01-21;90400
3309;3309;2020-01-21;120000
3310;3310;2020-01-21;91000
3311;3311;2020-01-21;174944
3312;3312;2020-01-21;124415
3313;3313;2020-01-21;210000
3314;3314;2020-01-21;76390
3315;3315;2020-01-21;88000
3316;3316;2020-01-21;160000
3317;3317;2020-01-21;128000
3318;3318;2020-01-21;138317
3319;3319;2020-01-21;780000
3320;3320;2020-01-21;676685
3321;3321;2020-01-21;130000
3322;3322;2020-01-21;176900
3323;3323;2020-01-21;93275
3324;3324;2020-01-21;92350
3325;3325;2020-01-21;58200
3326;3326;2020-01-21;165000
3327;3327;2020-01-21;162000
3328;3328;2020-01-21;243600
3329;3329;2020-01-21;70000
3330;3330;2020-01-21;150900
3331;3331;2020-01-21;152000
3332;3332;2020-01-21;123500
3333;3333;2020-01-21;434410
3334;3334;2020-01-21;125240
3335;3335;2020-01-21;170000
3336;3336;2020-01-21;50500
3337;3337;2020-01-21;170000
3338;3338;2020-01-21;83000
3339;3339;2020-01-21;236000
3340;3340;2020-01-21;84000
3341;3341;2020-01-21;57300
3342;3342;2020-01-21;159000
3343;3343;2020-01-21;100100
3344;3344;2020-01-21;117000
3345;3345;2020-01-21;28100
3346;3346;2020-01-21;135500
3347;3347;2020-01-21;92000
3348;3348;2020-01-21;66000
3349;3349;2020-01-21;178000
3350;3350;2020-01-21;52740
3351;3351;2020-01-21;114800
3352;3352;2020-01-21;16000
3353;3353;2020-01-21;28000
3354;3354;2020-01-21;79800
3355;3355;2020-01-21;27000
3356;3356;2020-01-21;195000
3357;3357;2020-01-21;128400
3358;3358;2020-01-21;122090
3359;3359;2020-01-21;109000
3360;3360;2020-01-21;59000
3361;3361;2020-01-21;119500
3362;3362;2020-01-21;129000
3363;3363;2020-01-21;114000
3364;3364;2020-01-21;141000
3365;3365;2020-01-21;275000
3366;3366;2020-01-21;98650
3367;3367;2020-01-21;78850
3368;3368;2020-01-21;253994
3369;3369;2020-01-21;344800
3370;3370;2020-01-21;131705
3371;3371;2020-01-21;115500
3372;3372;2020-01-21;36820
3373;3373;2020-01-21;130000
3374;3374;2020-01-21;253635
3375;3375;2020-01-21;590000
3376;3376;2020-01-21;1408900
3377;3377;2020-01-21;228000
3378;3378;2020-01-21;680000
3379;3379;2020-01-21;253250
3380;3380;2020-01-21;379000
3381;3381;2020-01-21;2450000
3382;3382;2020-01-21;369000
3383;3383;2020-01-21;990000
3384;3384;2020-01-21;418600
3385;3385;2020-01-21;167470
3386;3386;2020-01-21;468400
3387;3387;2020-01-21;182692
3388;3388;2020-01-21;492500
3389;3389;2020-01-21;388000
3390;3390;2020-01-21;575000
3391;3391;2020-01-21;993200
3392;3392;2020-01-21;187700
3393;3393;2020-01-21;1076000
3394;3394;2020-01-21;535509
3395;3395;2020-01-21;387200
3396;3396;2020-01-21;855000
3397;3397;2020-01-21;253800
3398;3398;2020-01-21;318020
3399;3399;2020-01-21;171800
3400;3400;2020-01-21;327000
3401;3401;2020-01-21;536000
3402;3402;2020-01-21;552195
3403;3403;2020-01-21;313500
3404;3404;2020-01-21;198300
3405;3405;2020-01-21;34000
3406;3406;2020-01-21;55000
3407;3407;2020-01-21;133650
3408;3408;2020-01-21;150000
3409;3409;2020-01-21;223660
3410;3410;2020-01-21;188000
3411;3411;2020-01-21;66000
3412;3412;2020-01-21;62000
3413;3413;2020-01-21;135000
3414;3414;2020-01-21;102225
3415;3415;2020-01-21;100225
3416;3416;2020-01-21;90000
3417;3417;2020-01-21;589760
3418;3418;2020-01-21;189500
3419;3419;2020-01-21;75000
3420;3420;2020-01-21;99000
3421;3421;2020-01-21;126000
3422;3422;2020-01-21;131000
3423;3423;2020-01-21;255000
3424;3424;2020-01-21;141500
3425;3425;2020-01-21;231858
3426;3426;2020-01-21;137000
3427;3427;2020-01-21;117500
3428;3428;2020-01-21;97000
3429;3429;2020-01-21;84300
3430;3430;2020-01-21;348000
3431;3431;2020-01-21;140000
3432;3432;2020-01-21;282000
3433;3433;2020-01-21;117200
3434;3434;2020-01-21;235000
3435;3435;2020-01-21;63000
3436;3436;2020-01-21;125950
3437;3437;2020-01-21;136150
3438;3438;2020-01-21;138160
3439;3439;2020-01-21;32575
3440;3440;2020-01-21;30800
3441;3441;2020-01-21;123000
3442;3442;2020-01-21;45200
3443;3443;2020-01-21;32500
3444;3444;2020-01-21;190000
3445;3445;2020-01-21;194700
3446;3446;2020-01-21;324000
3447;3447;2020-01-21;99500
3448;3448;2020-01-21;108440
3449;3449;2020-01-21;92500
3450;3450;2020-01-21;197350
3451;3451;2020-01-21;103000
3452;3452;2020-01-21;46000
3453;3453;2020-01-21;309000
3454;3454;2020-01-21;150500
3455;3455;2020-01-21;209000
3456;3456;2020-01-21;230000
3457;3457;2020-01-21;1431000
3458;3458;2020-01-21;346000
3459;3459;2020-01-21;374000
3460;3460;2020-01-21;90000
3461;3461;2020-01-21;202350
3462;3462;2020-01-21;632250
3463;3463;2020-01-21;359000
3464;3464;2020-01-21;435000
3465;3465;2020-01-21;232900
3466;3466;2020-01-21;380880
3467;3467;2020-01-21;1179000
3468;3468;2020-01-21;628000
3469;3469;2020-01-21;276000
3470;3470;2020-01-21;219000
3471;3471;2020-01-21;175000
3472;3472;2020-01-21;100000
3473;3473;2020-01-21;171266
3474;3474;2020-01-21;80000
3475;3475;2020-01-21;144000
3476;3476;2020-01-21;126000
3477;3477;2020-01-21;176258
3478;3478;2020-01-21;128000
3479;3479;2020-01-21;85000
3480;3480;2020-01-21;178000
3481;3481;2020-01-21;269000
3482;3482;2020-01-21;299860
3483;3483;2020-01-21;365000
3484;3484;2020-01-21;242000
3485;3485;2020-01-21;179000
3486;3486;2020-01-21;439460
3487;3487;2020-01-21;279000
3488;3488;2020-01-21;168000
3489;3489;2020-01-21;377500
3490;3490;2020-01-21;79000
3491;3491;2020-01-21;205000
3492;3492;2020-01-21;278000
3493;3493;2020-01-21;75500
3494;3494;2020-01-21;195000
3495;3495;2020-01-21;171000
3496;3496;2020-01-21;137000
3497;3497;2020-01-21;147200
3498;3498;2020-01-21;119812
3499;3499;2020-01-22;220000
3500;3500;2020-01-22;71500
3501;3501;2020-01-22;34000
3502;3502;2020-01-22;150000
3503;3503;2020-01-22;251160
3504;3504;2020-01-22;375000
3505;3505;2020-01-22;96000
3506;3506;2020-01-22;530000
3507;3507;2020-01-22;78000
3508;3508;2020-01-22;81500
3509;3509;2020-01-22;92000
3510;3510;2020-01-22;410000
3511;3511;2020-01-22;1550000
3512;3512;2020-01-22;235000
3513;3513;2020-01-22;44000
3514;3514;2020-01-22;137150
3515;3515;2020-01-22;42660
3516;3516;2020-01-22;82000
3517;3517;2020-01-22;54980
3518;3518;2020-01-22;105455
3519;3519;2020-01-22;216000
3520;3520;2020-01-22;105000
3521;3521;2020-01-22;201800
3522;3522;2020-01-22;136650
3523;3523;2020-01-22;102000
3524;3524;2020-01-22;45500
3525;3525;2020-01-22;77000
3526;3526;2020-01-22;46500
3527;3527;2020-01-22;84000
3528;3528;2020-01-22;79000
3529;3529;2020-01-22;57000
3530;3530;2020-01-22;102000
3531;3531;2020-01-22;275500
3532;3532;2020-01-22;132000
3533;3533;2020-01-22;150000
3534;3534;2020-01-22;51000
3535;3535;2020-01-22;276200
3536;3536;2020-01-22;127000
3537;3537;2020-01-22;73500
3538;3538;2020-01-22;137000
3539;3539;2020-01-22;112400
3540;3540;2020-01-22;132600
3541;3541;2020-01-22;324600
3542;3542;2020-01-22;57500
3543;3543;2020-01-22;190000
3544;3544;2020-01-22;269400
3545;3545;2020-01-22;205000
3546;3546;2020-01-22;98050
3547;3547;2020-01-22;49000
3548;3548;2020-01-22;88000
3549;3549;2020-01-22;129700
3550;3550;2020-01-22;105000
3551;3551;2020-01-22;361550
3552;3552;2020-01-22;98500
3553;3553;2020-01-22;58850
3554;3554;2020-01-22;168000
3555;3555;2020-01-22;96300
3556;3556;2020-01-22;577000
3557;3557;2020-01-22;285280
3558;3558;2020-01-22;200500
3559;3559;2020-01-22;379889
3560;3560;2020-01-22;150800
3561;3561;2020-01-22;65000
3562;3562;2020-01-22;128000
3563;3563;2020-01-22;231750
3564;3564;2020-01-22;115500
3565;3565;2020-01-22;162330
3566;3566;2020-01-22;204000
3567;3567;2020-01-22;113000
3568;3568;2020-01-22;90000
3569;3569;2020-01-22;103000
3570;3570;2020-01-22;262700
3571;3571;2020-01-22;101600
3572;3572;2020-01-22;111500
3573;3573;2020-01-22;56970
3574;3574;2020-01-22;198500
3575;3575;2020-01-22;116000
3576;3576;2020-01-22;148800
3577;3577;2020-01-22;37000
3578;3578;2020-01-22;86800
3579;3579;2020-01-22;107700
3580;3580;2020-01-22;389350
3581;3581;2020-01-22;102660
3582;3582;2020-01-22;486000
3583;3583;2020-01-22;92000
3584;3584;2020-01-22;164221
3585;3585;2020-01-22;247000
3586;3586;2020-01-22;114000
3587;3587;2020-01-22;46000
3588;3588;2020-01-22;33000
3589;3589;2020-01-22;129500
3590;3590;2020-01-22;65000
3591;3591;2020-01-22;119500
3592;3592;2020-01-22;120000
3593;3593;2020-01-22;110100
3594;3594;2020-01-22;63000
3595;3595;2020-01-22;91000
3596;3596;2020-01-22;70000
3597;3597;2020-01-22;342700
3598;3598;2020-01-22;37000
3599;3599;2020-01-22;157888
3600;3600;2020-01-22;92000
3601;3601;2020-01-22;190000
3602;3602;2020-01-22;100000
3603;3603;2020-01-22;71000
3604;3604;2020-01-22;154000
3605;3605;2020-01-22;28500
3606;3606;2020-01-22;650000
3607;3607;2020-01-22;99800
3608;3608;2020-01-22;103900
3609;3609;2020-01-22;234490
3610;3610;2020-01-22;109000
3611;3611;2020-01-22;80300
3612;3612;2020-01-22;335000
3613;3613;2020-01-22;240000
3614;3614;2020-01-22;280950
3615;3615;2020-01-22;60200
3616;3616;2020-01-22;106220
3617;3617;2020-01-22;456000
3618;3618;2020-01-22;75740
3619;3619;2020-01-22;302500
3620;3620;2020-01-22;108400
3621;3621;2020-01-22;
3622;3622;2020-01-22;297000
3623;3623;2020-01-22;737100
3624;3624;2020-01-22;520000
3625;3625;2020-01-22;8577713
3626;3626;2020-01-22;630000
3627;3627;2020-01-22;750000
3628;3628;2020-01-22;330476
3629;3629;2020-01-22;1515410
3630;3630;2020-01-22;1174500
3631;3631;2020-01-22;429000
3632;3632;2020-01-22;528425
3633;3633;2020-01-22;325158
3634;3634;2020-01-22;315100
3635;3635;2020-01-22;235960
3636;3636;2020-01-22;157000
3637;3637;2020-01-22;730100
3638;3638;2020-01-22;318000
3639;3639;2020-01-22;260150
3640;3640;2020-01-22;215900
3641;3641;2020-01-22;632000
3642;3642;2020-01-22;520000
3643;3643;2020-01-22;809500
3644;3644;2020-01-22;263000
3645;3645;2020-01-22;248000
3646;3646;2020-01-22;181300
3647;3647;2020-01-22;146500
3648;3648;2020-01-22;433000
3649;3649;2020-01-22;136800
3650;3650;2020-01-22;201500
3651;3651;2020-01-22;303500
3652;3652;2020-01-22;346466
3653;3653;2020-01-22;95600
3654;3654;2020-01-22;32500
3655;3655;2020-01-22;72000
3656;3656;2020-01-22;161000
3657;3657;2020-01-22;157000
3658;3658;2020-01-22;167800
3659;3659;2020-01-22;135000
3660;3660;2020-01-22;159000
3661;3661;2020-01-22;70000
3662;3662;2020-01-22;114000
3663;3663;2020-01-22;101000
3664;3664;2020-01-22;97200
3665;3665;2020-01-22;216750
3666;3666;2020-01-22;165000
3667;3667;2020-01-22;117000
3668;3668;2020-01-22;151000
3669;3669;2020-01-22;110000
3670;3670;2020-01-22;148000
3671;3671;2020-01-22;65000
3672;3672;2020-01-22;226300
3673;3673;2020-01-22;124000
3674;3674;2020-01-22;270900
3675;3675;2020-01-22;380000
3676;3676;2020-01-22;355000
3677;3677;2020-01-22;115000
3678;3678;2020-01-22;211000
3679;3679;2020-01-22;114000
3680;3680;2020-01-22;370020
3681;3681;2020-01-22;330000
3682;3682;2020-01-22;147000
3683;3683;2020-01-22;132900
3684;3684;2020-01-22;226000
3685;3685;2020-01-22;59000
3686;3686;2020-01-22;85000
3687;3687;2020-01-22;95000
3688;3688;2020-01-22;168000
3689;3689;2020-01-22;615000
3690;3690;2020-01-22;131250
3691;3691;2020-01-22;232080
3692;3692;2020-01-22;137000
3693;3693;2020-01-22;42500
3694;3694;2020-01-22;131000
3695;3695;2020-01-22;121000
3696;3696;2020-01-22;46200
3697;3697;2020-01-22;35000
3698;3698;2020-01-22;61950
3699;3699;2020-01-22;40500
3700;3700;2020-01-22;102000
3701;3701;2020-01-22;169000
3702;3702;2020-01-22;61000
3703;3703;2020-01-22;126000
3704;3704;2020-01-22;180450
3705;3705;2020-01-22;182366
3706;3706;2020-01-22;210000
3707;3707;2020-01-22;95000
3708;3708;2020-01-22;289117
3709;3709;2020-01-22;287000
3710;3710;2020-01-22;908200
3711;3711;2020-01-22;277000
3712;3712;2020-01-22;528820
3713;3713;2020-01-22;158000
3714;3714;2020-01-22;418700
3715;3715;2020-01-22;170500
3716;3716;2020-01-22;344750
3717;3717;2020-01-22;692150
3718;3718;2020-01-22;145000
3719;3719;2020-01-22;398000
3720;3720;2020-01-22;258000
3721;3721;2020-01-22;170000
3722;3722;2020-01-22;121500
3723;3723;2020-01-22;63500
3724;3724;2020-01-22;103000
3725;3725;2020-01-22;236000
3726;3726;2020-01-22;216000
3727;3727;2020-01-22;146200
3728;3728;2020-01-22;134500
3729;3729;2020-01-22;95000
3730;3730;2020-01-22;161500
3731;3731;2020-01-22;162000
3732;3732;2020-01-22;150000
3733;3733;2020-01-22;151887
3734;3734;2020-01-22;357000
3735;3735;2020-01-22;215000
3736;3736;2020-01-22;135000
3737;3737;2020-01-22;218726
3738;3738;2020-01-22;63000
3739;3739;2020-01-22;264000
3740;3740;2020-01-22;406350
3741;3741;2020-01-22;166540
3742;3742;2020-01-22;854910
3743;3743;2020-01-22;141250
3744;3744;2020-01-22;388000
3745;3745;2020-01-22;474000
3746;3746;2020-01-22;140200
3747;3747;2020-01-22;99000
3748;3748;2020-01-22;89000
3749;3749;2020-01-22;55000
3750;3750;2020-01-22;260000
3751;3751;2020-01-22;178000
3752;3752;2020-01-22;302000
3753;3753;2020-01-22;139000
3754;3754;2020-01-22;97000
3755;3755;2020-01-22;114000
3756;3756;2020-01-22;178500
3757;3757;2020-01-22;146000
3758;3758;2020-01-22;64700
3759;3759;2020-01-23;237900
3760;3760;2020-01-23;155000
3761;3761;2020-01-23;113330
3762;3762;2020-01-23;71000
3763;3763;2020-01-23;312200
3764;3764;2020-01-23;384920
3765;3765;2020-01-23;182000
3766;3766;2020-01-23;411150
3767;3767;2020-01-23;980000
3768;3768;2020-01-23;140500
3769;3769;2020-01-23;121000
3770;3770;2020-01-23;118000
3771;3771;2020-01-23;164520
3772;3772;2020-01-23;58000
3773;3773;2020-01-23;60000
3774;3774;2020-01-23;62000
3775;3775;2020-01-23;49900
3776;3776;2020-01-23;76500
3777;3777;2020-01-23;122000
3778;3778;2020-01-23;65150
3779;3779;2020-01-23;185000
3780;3780;2020-01-23;138000
3781;3781;2020-01-23;290800
3782;3782;2020-01-23;126000
3783;3783;2020-01-23;210500
3784;3784;2020-01-23;133000
3785;3785;2020-01-23;74000
3786;3786;2020-01-23;102500
3787;3787;2020-01-23;87000
3788;3788;2020-01-23;113000
3789;3789;2020-01-23;97000
3790;3790;2020-01-23;120700
3791;3791;2020-01-23;90500
3792;3792;2020-01-23;69000
3793;3793;2020-01-23;48000
3794;3794;2020-01-23;145000
3795;3795;2020-01-23;119065
3796;3796;2020-01-23;127000
3797;3797;2020-01-23;83700
3798;3798;2020-01-23;75000
3799;3799;2020-01-23;77000
3800;3800;2020-01-23;189850
3801;3801;2020-01-23;126000
3802;3802;2020-01-23;120000
3803;3803;2020-01-23;87000
3804;3804;2020-01-23;1000000
3805;3805;2020-01-23;145000
3806;3806;2020-01-23;226000
3807;3807;2020-01-23;75000
3808;3808;2020-01-23;130190
3809;3809;2020-01-23;125000
3810;3810;2020-01-23;210000
3811;3811;2020-01-23;199000
3812;3812;2020-01-23;153000
3813;3813;2020-01-23;123000
3814;3814;2020-01-23;254000
3815;3815;2020-01-23;85000
3816;3816;2020-01-23;313000
3817;3817;2020-01-23;184120
3818;3818;2020-01-23;123500
3819;3819;2020-01-23;98550
3820;3820;2020-01-23;201800
3821;3821;2020-01-23;320575
3822;3822;2020-01-23;87000
3823;3823;2020-01-23;139000
3824;3824;2020-01-23;199000
3825;3825;2020-01-23;169000
3826;3826;2020-01-23;175210
3827;3827;2020-01-23;88000
3828;3828;2020-01-23;95000
3829;3829;2020-01-23;108500
3830;3830;2020-01-23;200100
3831;3831;2020-01-23;58500
3832;3832;2020-01-23;151387
3833;3833;2020-01-23;113200
3834;3834;2020-01-23;68300
3835;3835;2020-01-23;169000
3836;3836;2020-01-23;102300
3837;3837;2020-01-23;53040
3838;3838;2020-01-23;77000
3839;3839;2020-01-23;134000
3840;3840;2020-01-23;30500
3841;3841;2020-01-23;102804
3842;3842;2020-01-23;170000
3843;3843;2020-01-23;80000
3844;3844;2020-01-23;87400
3845;3845;2020-01-23;55000
3846;3846;2020-01-23;117600
3847;3847;2020-01-23;257143
3848;3848;2020-01-23;90500
3849;3849;2020-01-23;149900
3850;3850;2020-01-23;108000
3851;3851;2020-01-23;77000
3852;3852;2020-01-23;126168
3853;3853;2020-01-23;101000
3854;3854;2020-01-23;132000
3855;3855;2020-01-23;107300
3856;3856;2020-01-23;41000
3857;3857;2020-01-23;104000
3858;3858;2020-01-23;75000
3859;3859;2020-01-23;131000
3860;3860;2020-01-23;105450
3861;3861;2020-01-23;172500
3862;3862;2020-01-23;128349
3863;3863;2020-01-23;138600
3864;3864;2020-01-23;121000
3865;3865;2020-01-23;90000
3866;3866;2020-01-23;100000
3867;3867;2020-01-23;91000
3868;3868;2020-01-23;138800
3869;3869;2020-01-23;93600
3870;3870;2020-01-23;165000
3871;3871;2020-01-23;432500
3872;3872;2020-01-23;418800
3873;3873;2020-01-23;250000
3874;3874;2020-01-23;222500
3875;3875;2020-01-23;125000
3876;3876;2020-01-23;637500
3877;3877;2020-01-23;242000
3878;3878;2020-01-23;37000
3879;3879;2020-01-23;192120
3880;3880;2020-01-23;917000
3881;3881;2020-01-23;303790
3882;3882;2020-01-23;440000
3883;3883;2020-01-23;2055000
3884;3884;2020-01-23;760000
3885;3885;2020-01-23;856800
3886;3886;2020-01-23;274950
3887;3887;2020-01-23;215000
3888;3888;2020-01-23;203000
3889;3889;2020-01-23;925000
3890;3890;2020-01-23;630000
3891;3891;2020-01-23;507500
3892;3892;2020-01-23;308750
3893;3893;2020-01-23;316000
3894;3894;2020-01-23;484645
3895;3895;2020-01-23;340700
3896;3896;2020-01-23;964725
3897;3897;2020-01-23;458650
3898;3898;2020-01-23;1433020
3899;3899;2020-01-23;1769225
3900;3900;2020-01-23;819500
3901;3901;2020-01-23;736600
3902;3902;2020-01-23;373000
3903;3903;2020-01-23;1085625
3904;3904;2020-01-23;563050
3905;3905;2020-01-23;853000
3906;3906;2020-01-23;3210800
3907;3907;2020-01-23;671650
3908;3908;2020-01-23;297500
3909;3909;2020-01-23;406300
3910;3910;2020-01-23;515800
3911;3911;2020-01-23;416500
3912;3912;2020-01-23;328600
3913;3913;2020-01-23;102500
3914;3914;2020-01-23;699000
3915;3915;2020-01-23;620000
3916;3916;2020-01-23;430952
3917;3917;2020-01-23;455000
3918;3918;2020-01-23;115221
3919;3919;2020-01-23;
3920;3920;2020-01-23;103250
3921;3921;2020-01-23;101000
3922;3922;2020-01-23;153600
3923;3923;2020-01-23;65000
3924;3924;2020-01-23;145000
3925;3925;2020-01-23;200000
3926;3926;2020-01-23;48000
3927;3927;2020-01-23;210000
3928;3928;2020-01-23;536650
3929;3929;2020-01-23;456700
3930;3930;2020-01-23;245500
3931;3931;2020-01-23;174000
3932;3932;2020-01-23;168102
3933;3933;2020-01-23;207000
3934;3934;2020-01-23;61000
3935;3935;2020-01-23;86000
3936;3936;2020-01-23;76600
3937;3937;2020-01-23;151750
3938;3938;2020-01-23;170500
3939;3939;2020-01-23;193000
3940;3940;2020-01-23;63000
3941;3941;2020-01-23;420000
3942;3942;2020-01-23;225000
3943;3943;2020-01-23;324700
3944;3944;2020-01-23;195000
3945;3945;2020-01-23;134400
3946;3946;2020-01-23;33360
3947;3947;2020-01-23;42000
3948;3948;2020-01-23;50000
3949;3949;2020-01-23;68000
3950;3950;2020-01-23;22500
3951;3951;2020-01-23;52500
3952;3952;2020-01-23;40300
3953;3953;2020-01-23;85000
3954;3954;2020-01-23;13000
3955;3955;2020-01-23;217000
3956;3956;2020-01-23;198473
3957;3957;2020-01-23;128000
3958;3958;2020-01-23;259320
3959;3959;2020-01-23;141400
3960;3960;2020-01-23;118000
3961;3961;2020-01-23;395000
3962;3962;2020-01-23;665000
3963;3963;2020-01-23;215000
3964;3964;2020-01-23;285000
3965;3965;2020-01-23;440600
3966;3966;2020-01-23;388000
3967;3967;2020-01-23;482000
3968;3968;2020-01-23;201900
3969;3969;2020-01-23;195000
3970;3970;2020-01-23;117000
3971;3971;2020-01-23;360050
3972;3972;2020-01-23;715450
3973;3973;2020-01-23;354000
3974;3974;2020-01-23;215000
3975;3975;2020-01-23;275000
3976;3976;2020-01-23;495111
3977;3977;2020-01-23;70000
3978;3978;2020-01-23;214800
3979;3979;2020-01-23;140000
3980;3980;2020-01-23;189000
3981;3981;2020-01-23;1799800
3982;3982;2020-01-23;109500
3983;3983;2020-01-23;110000
3984;3984;2020-01-23;175000
3985;3985;2020-01-23;49175
3986;3986;2020-01-23;98412
3987;3987;2020-01-23;151560
3988;3988;2020-01-23;184000
3989;3989;2020-01-23;255850
3990;3990;2020-01-23;173800
3991;3991;2020-01-23;465000
3992;3992;2020-01-23;268000
3993;3993;2020-01-23;455450
3994;3994;2020-01-23;303000
3995;3995;2020-01-23;238000
3996;3996;2020-01-23;175000
3997;3997;2020-01-23;248000
3998;3998;2020-01-23;199000
3999;3999;2020-01-23;231000
4000;4000;2020-01-23;154000
4001;4001;2020-01-23;222500
4002;4002;2020-01-23;1032600
4003;4003;2020-01-23;180000
4004;4004;2020-01-23;171000
4005;4005;2020-01-23;272000
4006;4006;2020-01-23;174000
4007;4007;2020-01-23;110000
4008;4008;2020-01-23;144400
4009;4009;2020-01-23;168000
4010;4010;2020-01-23;136500
4011;4011;2020-01-23;116000
4012;4012;2020-01-23;220000
4013;4013;2020-01-23;177000
4014;4014;2020-01-23;158760
4015;4015;2020-01-23;85000
4016;4016;2020-01-23;140000
4017;4017;2020-01-23;353000
4018;4018;2020-01-23;115000
4019;4019;2020-01-23;184000
4020;4020;2020-01-23;168000
4021;4021;2020-01-23;187000
4022;4022;2020-01-23;150000
4023;4023;2020-01-23;208000
4024;4024;2020-01-23;109000
4025;4025;2020-01-23;154000
4026;4026;2020-01-23;159900
4027;4027;2020-01-23;489770
4028;4028;2020-01-23;223000
4029;4029;2020-01-24;425000
4030;4030;2020-01-24;55000
4031;4031;2020-01-24;58900
4032;4032;2020-01-24;67830
4033;4033;2020-01-24;315300
4034;4034;2020-01-24;280100
4035;4035;2020-01-24;377000
4036;4036;2020-01-24;192000
4037;4037;2020-01-24;230000
4038;4038;2020-01-24;382000
4039;4039;2020-01-24;92500
4040;4040;2020-01-24;199500
4041;4041;2020-01-24;114500
4042;4042;2020-01-24;121900
4043;4043;2020-01-24;233470
4044;4044;2020-01-24;1852500
4045;4045;2020-01-24;137009
4046;4046;2020-01-24;259220
4047;4047;2020-01-24;71500
4048;4048;2020-01-24;286700
4049;4049;2020-01-24;35000
4050;4050;2020-01-24;63000
4051;4051;2020-01-24;68500
4052;4052;2020-01-24;137500
4053;4053;2020-01-24;59000
4054;4054;2020-01-24;29000
4055;4055;2020-01-24;76800
4056;4056;2020-01-24;41500
4057;4057;2020-01-24;29000
4058;4058;2020-01-24;245760
4059;4059;2020-01-24;74100
4060;4060;2020-01-24;53130
4061;4061;2020-01-24;101000
4062;4062;2020-01-24;44000
4063;4063;2020-01-24;85000
4064;4064;2020-01-24;85000
4065;4065;2020-01-24;276870
4066;4066;2020-01-24;79000
4067;4067;2020-01-24;86400
4068;4068;2020-01-24;577000
4069;4069;2020-01-24;62000
4070;4070;2020-01-24;59000
4071;4071;2020-01-24;133000
4072;4072;2020-01-24;86820
4073;4073;2020-01-24;168000
4074;4074;2020-01-24;102635
4075;4075;2020-01-24;569500
4076;4076;2020-01-24;115900
4077;4077;2020-01-24;112000
4078;4078;2020-01-24;240000
4079;4079;2020-01-24;135000
4080;4080;2020-01-24;526100
4081;4081;2020-01-24;260000
4082;4082;2020-01-24;107000
4083;4083;2020-01-24;164500
4084;4084;2020-01-24;101500
4085;4085;2020-01-24;136000
4086;4086;2020-01-24;92000
4087;4087;2020-01-24;270000
4088;4088;2020-01-24;71000
4089;4089;2020-01-24;227000
4090;4090;2020-01-24;76000
4091;4091;2020-01-24;80100
4092;4092;2020-01-24;247750
4093;4093;2020-01-24;81500
4094;4094;2020-01-24;126730
4095;4095;2020-01-24;60000
4096;4096;2020-01-24;380000
4097;4097;2020-01-24;71500
4098;4098;2020-01-24;164000
4099;4099;2020-01-24;137000
4100;4100;2020-01-24;150000
4101;4101;2020-01-24;61800
4102;4102;2020-01-24;63063
4103;4103;2020-01-24;180700
4104;4104;2020-01-24;194000
4105;4105;2020-01-24;290500
4106;4106;2020-01-24;232500
4107;4107;2020-01-24;273300
4108;4108;2020-01-24;90000
4109;4109;2020-01-24;31000
4110;4110;2020-01-24;238500
4111;4111;2020-01-24;105950
4112;4112;2020-01-24;53000
4113;4113;2020-01-24;237500
4114;4114;2020-01-24;161000
4115;4115;2020-01-24;580000
4116;4116;2020-01-24;281400
4117;4117;2020-01-24;213000
4118;4118;2020-01-24;189090
4119;4119;2020-01-24;98400
4120;4120;2020-01-24;451000
4121;4121;2020-01-24;172867
4122;4122;2020-01-24;117000
4123;4123;2020-01-24;90000
4124;4124;2020-01-24;82664
4125;4125;2020-01-24;153000
4126;4126;2020-01-24;178977
4127;4127;2020-01-24;130000
4128;4128;2020-01-24;188550
4129;4129;2020-01-24;101300
4130;4130;2020-01-24;245000
4131;4131;2020-01-24;96030
4132;4132;2020-01-24;452000
4133;4133;2020-01-24;58450
4134;4134;2020-01-24;135000
4135;4135;2020-01-24;242319
4136;4136;2020-01-24;195000
4137;4137;2020-01-24;488000
4138;4138;2020-01-24;103711
4139;4139;2020-01-24;104820
4140;4140;2020-01-24;144500
4141;4141;2020-01-24;59000
4142;4142;2020-01-24;133600
4143;4143;2020-01-24;85000
4144;4144;2020-01-24;184410
4145;4145;2020-01-24;137000
4146;4146;2020-01-24;65766
4147;4147;2020-01-24;140000
4148;4148;2020-01-24;108000
4149;4149;2020-01-24;282000
4150;4150;2020-01-24;159400
4151;4151;2020-01-24;65800
4152;4152;2020-01-24;169400
4153;4153;2020-01-24;169000
4154;4154;2020-01-24;257000
4155;4155;2020-01-24;146000
4156;4156;2020-01-24;171105
4157;4157;2020-01-24;50000
4158;4158;2020-01-24;145500
4159;4159;2020-01-24;52195
4160;4160;2020-01-24;30000
4161;4161;2020-01-24;27000
4162;4162;2020-01-24;64505
4163;4163;2020-01-24;149500
4164;4164;2020-01-24;402300
4165;4165;2020-01-24;55000
4166;4166;2020-01-24;165000
4167;4167;2020-01-24;171756
4168;4168;2020-01-24;123000
4169;4169;2020-01-24;141920
4170;4170;2020-01-24;133000
4171;4171;2020-01-24;174500
4172;4172;2020-01-24;337000
4173;4173;2020-01-24;167000
4174;4174;2020-01-24;189772
4175;4175;2020-01-24;83000
4176;4176;2020-01-24;54400
4177;4177;2020-01-24;210500
4178;4178;2020-01-24;155000
4179;4179;2020-01-24;25000
4180;4180;2020-01-24;79500
4181;4181;2020-01-24;140000
4182;4182;2020-01-24;128500
4183;4183;2020-01-24;162700
4184;4184;2020-01-24;114000
4185;4185;2020-01-24;188000
4186;4186;2020-01-24;78000
4187;4187;2020-01-24;35000
4188;4188;2020-01-24;80500
4189;4189;2020-01-24;67900
4190;4190;2020-01-24;101000
4191;4191;2020-01-24;104000
4192;4192;2020-01-24;103000
4193;4193;2020-01-24;131500
4194;4194;2020-01-24;60120
4195;4195;2020-01-24;42500
4196;4196;2020-01-24;237000
4197;4197;2020-01-24;173000
4198;4198;2020-01-24;68000
4199;4199;2020-01-24;203500
4200;4200;2020-01-24;93000
4201;4201;2020-01-24;115000
4202;4202;2020-01-24;117400
4203;4203;2020-01-24;115000
4204;4204;2020-01-24;345750
4205;4205;2020-01-24;358890
4206;4206;2020-01-24;166000
4207;4207;2020-01-24;62791
4208;4208;2020-01-24;161410
4209;4209;2020-01-24;373800
4210;4210;2020-01-24;234000
4211;4211;2020-01-24;52500
4212;4212;2020-01-24;96000
4213;4213;2020-01-24;328500
4214;4214;2020-01-24;118000
4215;4215;2020-01-24;74100
4216;4216;2020-01-24;287500
4217;4217;2020-01-24;161000
4218;4218;2020-01-24;108000
4219;4219;2020-01-24;80000
4220;4220;2020-01-24;40680
4221;4221;2020-01-24;167000
4222;4222;2020-01-24;465000
4223;4223;2020-01-24;446321
4224;4224;2020-01-24;610000
4225;4225;2020-01-24;275000
4226;4226;2020-01-24;1272000
4227;4227;2020-01-24;1495000
4228;4228;2020-01-24;2200000
4229;4229;2020-01-24;293000
4230;4230;2020-01-24;210000
4231;4231;2020-01-24;777900
4232;4232;2020-01-24;115000
4233;4233;2020-01-24;550000
4234;4234;2020-01-24;5054500
4235;4235;2020-01-24;475000
4236;4236;2020-01-24;1825000
4237;4237;2020-01-24;1430000
4238;4238;2020-01-24;31713
4239;4239;2020-01-24;410600
4240;4240;2020-01-24;492700
4241;4241;2020-01-24;392000
4242;4242;2020-01-24;152000
4243;4243;2020-01-24;523000
4244;4244;2020-01-24;252500
4245;4245;2020-01-24;170000
4246;4246;2020-01-24;417100
4247;4247;2020-01-24;456000
4248;4248;2020-01-24;868000
4249;4249;2020-01-24;442000
4250;4250;2020-01-24;358000
4251;4251;2020-01-24;101700
4252;4252;2020-01-24;1351520
4253;4253;2020-01-24;1288000
4254;4254;2020-01-24;1364850
4255;4255;2020-01-24;2900000
4256;4256;2020-01-24;1225000
4257;4257;2020-01-24;360500
4258;4258;2020-01-24;1705000
4259;4259;2020-01-24;849200
4260;4260;2020-01-24;420800
4261;4261;2020-01-24;243000
4262;4262;2020-01-24;322000
4263;4263;2020-01-24;397200
4264;4264;2020-01-24;206800
4265;4265;2020-01-24;1420000
4266;4266;2020-01-24;422000
4267;4267;2020-01-24;124000
4268;4268;2020-01-24;805500
4269;4269;2020-01-24;549000
4270;4270;2020-01-24;248050
4271;4271;2020-01-24;612500
4272;4272;2020-01-24;80000
4273;4273;2020-01-24;58000
4274;4274;2020-01-24;91000
4275;4275;2020-01-24;277000
4276;4276;2020-01-24;329000
4277;4277;2020-01-24;260000
4278;4278;2020-01-24;100000
4279;4279;2020-01-24;205000
4280;4280;2020-01-24;37500
4281;4281;2020-01-24;40000
4282;4282;2020-01-24;321500
4283;4283;2020-01-24;138000
4284;4284;2020-01-24;246500
4285;4285;2020-01-24;237000
4286;4286;2020-01-24;92020
4287;4287;2020-01-24;210300
4288;4288;2020-01-24;270000
4289;4289;2020-01-24;375500
4290;4290;2020-01-24;192000
4291;4291;2020-01-24;65000
4292;4292;2020-01-24;544000
4293;4293;2020-01-24;186850
4294;4294;2020-01-24;165776
4295;4295;2020-01-24;246500
4296;4296;2020-01-24;66000
4297;4297;2020-01-24;202500
4298;4298;2020-01-24;950000
4299;4299;2020-01-24;406000
4300;4300;2020-01-24;453320
4301;4301;2020-01-24;314900
4302;4302;2020-01-24;275400
4303;4303;2020-01-24;274300
4304;4304;2020-01-24;48000
4305;4305;2020-01-24;121000
4306;4306;2020-01-24;206070
4307;4307;2020-01-24;101150
4308;4308;2020-01-24;277000
4309;4309;2020-01-24;135000
4310;4310;2020-01-24;42500
4311;4311;2020-01-24;102060
4312;4312;2020-01-24;154000
4313;4313;2020-01-24;139300
4314;4314;2020-01-24;109040
4315;4315;2020-01-24;155000
4316;4316;2020-01-24;282000
4317;4317;2020-01-24;157000
4318;4318;2020-01-24;147800
4319;4319;2020-01-24;203500
4320;4320;2020-01-24;129000
4321;4321;2020-01-24;30000
4322;4322;2020-01-24;62000
4323;4323;2020-01-24;220460
4324;4324;2020-01-24;390000
4325;4325;2020-01-24;102500
4326;4326;2020-01-24;89000
4327;4327;2020-01-24;83740
4328;4328;2020-01-24;64800
4329;4329;2020-01-24;266150
4330;4330;2020-01-24;193500
4331;4331;2020-01-24;55000
4332;4332;2020-01-24;61000
4333;4333;2020-01-24;204000
4334;4334;2020-01-24;160000
4335;4335;2020-01-24;151206
4336;4336;2020-01-24;100000
4337;4337;2020-01-24;118500
4338;4338;2020-01-24;199200
4339;4339;2020-01-24;170000
4340;4340;2020-01-24;151300
4341;4341;2020-01-24;250000
4342;4342;2020-01-24;114250
4343;4343;2020-01-24;206290
4344;4344;2020-01-24;150000
4345;4345;2020-01-24;160675
4346;4346;2020-01-24;440000
4347;4347;2020-01-24;282000
4348;4348;2020-01-24;123000
4349;4349;2020-01-24;655300
4350;4350;2020-01-24;638400
4351;4351;2020-01-24;159000
4352;4352;2020-01-24;140000
4353;4353;2020-01-24;240000
4354;4354;2020-01-24;503000
4355;4355;2020-01-24;310000
4356;4356;2020-01-24;310000
4357;4357;2020-01-24;270000
4358;4358;2020-01-24;197000
4359;4359;2020-01-24;92000
4360;4360;2020-01-24;251600
4361;4361;2020-01-24;82000
4362;4362;2020-01-24;448380
4363;4363;2020-01-24;131628
4364;4364;2020-01-24;863695
4365;4365;2020-01-24;452750
4366;4366;2020-01-24;256095
4367;4367;2020-01-24;317000
4368;4368;2020-01-24;457660
4369;4369;2020-01-24;135000
4370;4370;2020-01-24;315000
4371;4371;2020-01-24;951500
4372;4372;2020-01-24;331000
4373;4373;2020-01-24;563000
4374;4374;2020-01-24;239000
4375;4375;2020-01-24;243000
4376;4376;2020-01-24;439425
4377;4377;2020-01-24;399000
4378;4378;2020-01-24;364900
4379;4379;2020-01-24;175000
4380;4380;2020-01-24;175000
4381;4381;2020-01-24;94000
4382;4382;2020-01-24;242000
4383;4383;2020-01-24;115000
4384;4384;2020-01-24;60000
4385;4385;2020-01-24;419000
4386;4386;2020-01-24;157000
4387;4387;2020-01-24;56000
4388;4388;2020-01-24;212300
4389;4389;2020-01-24;269000
4390;4390;2020-01-24;182550
4391;4391;2020-01-24;262000
4392;4392;2020-01-24;380271
4393;4393;2020-01-24;157500
4394;4394;2020-01-24;105000
4395;4395;2020-01-24;281640
4396;4396;2020-01-24;171370
4397;4397;2020-01-24;494000
4398;4398;2020-01-24;135424
4399;4399;2020-01-24;359000
4400;4400;2020-01-24;264150
4401;4401;2020-01-24;253130
4402;4402;2020-01-24;162000
4403;4403;2020-01-24;105800
4404;4404;2020-01-24;260000
4405;4405;2020-01-24;85000
4406;4406;2020-01-24;85000
4407;4407;2020-01-24;324000
4408;4408;2020-01-24;164251
4409;4409;2020-01-24;163000
4410;4410;2020-01-24;139100
4411;4411;2020-01-24;567100
4412;4412;2020-01-24;55250
4413;4413;2020-01-24;153000
4414;4414;2020-01-24;156700
4415;4415;2020-01-24;632800
4416;4416;2020-01-24;189000
4417;4417;2020-01-24;118560
4418;4418;2020-01-24;153000
4419;4419;2020-01-24;280000
4420;4420;2020-01-24;124900
4421;4421;2020-01-24;132500
4422;4422;2020-01-24;119000
4423;4423;2020-01-24;162400
4424;4424;2020-01-24;205000
4425;4425;2020-01-24;312000
4426;4426;2020-01-24;310000
4427;4427;2020-01-24;105000
4428;4428;2020-01-24;290000
4429;4429;2020-01-24;152800
4430;4430;2020-01-24;255000
4431;4431;2020-01-24;167500
4432;4432;2020-01-24;240500
4433;4433;2020-01-24;143000
4434;4434;2020-01-24;233000
4435;4435;2020-01-24;123000
4436;4436;2020-01-24;50000
4437;4437;2020-01-25;57950
4438;4438;2020-01-25;39000
4439;4439;2020-01-25;67000
4440;4440;2020-01-25;75460
4441;4441;2020-01-25;58000
4442;4442;2020-01-25;83500
4443;4443;2020-01-25;167500
4444;4444;2020-01-25;206000
4445;4445;2020-01-25;24000
4446;4446;2020-01-25;95730
4447;4447;2020-01-25;129119
4448;4448;2020-01-25;181570
4449;4449;2020-01-25;66000
4450;4450;2020-01-25;155200
4451;4451;2020-01-25;178000
4452;4452;2020-01-25;119000
4453;4453;2020-01-25;21500
4454;4454;2020-01-25;885000
4455;4455;2020-01-25;279100
4456;4456;2020-01-25;76000
4457;4457;2020-01-25;55500
4458;4458;2020-01-25;83000
4459;4459;2020-01-25;123000
4460;4460;2020-01-25;199900
4461;4461;2020-01-25;171990
4462;4462;2020-01-25;71450
4463;4463;2020-01-25;82500
4464;4464;2020-01-25;66400
4465;4465;2020-01-25;116500
4466;4466;2020-01-25;367950
4467;4467;2020-01-25;97000
4468;4468;2020-01-27;101050
4469;4469;2020-01-27;123100
4470;4470;2020-01-27;110600
4471;4471;2020-01-27;79300
4472;4472;2020-01-27;24000
4473;4473;2020-01-27;51000
4474;4474;2020-01-27;415000
4475;4475;2020-01-27;168700
4476;4476;2020-01-27;160000
4477;4477;2020-01-27;227500
4478;4478;2020-01-27;262000
4479;4479;2020-01-27;31800
4480;4480;2020-01-27;135000
4481;4481;2020-01-27;301150
4482;4482;2020-01-27;157000
4483;4483;2020-01-27;315000
4484;4484;2020-01-27;90000
4485;4485;2020-01-27;80000
4486;4486;2020-01-27;112000
4487;4487;2020-01-27;170000
4488;4488;2020-01-27;140000
4489;4489;2020-01-27;112000
4490;4490;2020-01-27;92000
4491;4491;2020-01-27;80000
4492;4492;2020-01-27;70000
4493;4493;2020-01-27;131700
4494;4494;2020-01-27;80000
4495;4495;2020-01-27;238000
4496;4496;2020-01-27;205000
4497;4497;2020-01-27;128000
4498;4498;2020-01-27;603800
4499;4499;2020-01-27;37000
4500;4500;2020-01-27;89000
4501;4501;2020-01-27;269000
4502;4502;2020-01-27;154225
4503;4503;2020-01-27;142000
4504;4504;2020-01-27;123000
4505;4505;2020-01-27;93350
4506;4506;2020-01-27;262000
4507;4507;2020-01-27;102000
4508;4508;2020-01-27;155000
4509;4509;2020-01-27;132000
4510;4510;2020-01-27;61000
4511;4511;2020-01-27;235000
4512;4512;2020-01-27;37000
4513;4513;2020-01-27;46000
4514;4514;2020-01-27;125000
4515;4515;2020-01-27;117000
4516;4516;2020-01-27;68720
4517;4517;2020-01-27;204832
4518;4518;2020-01-27;136000
4519;4519;2020-01-27;174800
4520;4520;2020-01-27;137000
4521;4521;2020-01-27;103000
4522;4522;2020-01-27;112000
4523;4523;2020-01-27;238300
4524;4524;2020-01-27;466544
4525;4525;2020-01-27;88000
4526;4526;2020-01-27;153200
4527;4527;2020-01-27;133500
4528;4528;2020-01-27;204354
4529;4529;2020-01-27;368500
4530;4530;2020-01-27;789950
4531;4531;2020-01-27;82500
4532;4532;2020-01-27;243000
4533;4533;2020-01-27;220000
4534;4534;2020-01-27;92650
4535;4535;2020-01-27;537000
4536;4536;2020-01-27;179000
4537;4537;2020-01-27;102382
4538;4538;2020-01-27;159800
4539;4539;2020-01-27;116000
4540;4540;2020-01-27;246473
4541;4541;2020-01-27;177500
4542;4542;2020-01-27;98000
4543;4543;2020-01-27;151000
4544;4544;2020-01-27;363050
4545;4545;2020-01-27;67000
4546;4546;2020-01-27;93000
4547;4547;2020-01-27;166450
4548;4548;2020-01-27;116000
4549;4549;2020-01-27;146800
4550;4550;2020-01-27;150500
4551;4551;2020-01-27;243500
4552;4552;2020-01-27;280850
4553;4553;2020-01-27;110000
4554;4554;2020-01-27;158500
4555;4555;2020-01-27;54200
4556;4556;2020-01-27;128000
4557;4557;2020-01-27;61000
4558;4558;2020-01-27;111900
4559;4559;2020-01-27;247520
4560;4560;2020-01-27;57000
4561;4561;2020-01-27;112500
4562;4562;2020-01-27;370000
4563;4563;2020-01-27;113000
4564;4564;2020-01-27;74000
4565;4565;2020-01-27;175500
4566;4566;2020-01-27;42500
4567;4567;2020-01-27;97000
4568;4568;2020-01-27;79200
4569;4569;2020-01-27;121500
4570;4570;2020-01-27;151500
4571;4571;2020-01-27;95000
4572;4572;2020-01-27;170000
4573;4573;2020-01-27;123000
4574;4574;2020-01-27;165100
4575;4575;2020-01-27;305799
4576;4576;2020-01-27;67600
4577;4577;2020-01-27;116823
4578;4578;2020-01-27;193900
4579;4579;2020-01-27;57800
4580;4580;2020-01-27;119000
4581;4581;2020-01-27;147000
4582;4582;2020-01-27;120000
4583;4583;2020-01-27;90500
4584;4584;2020-01-27;19500
4585;4585;2020-01-27;99900
4586;4586;2020-01-27;217500
4587;4587;2020-01-27;42000
4588;4588;2020-01-27;175000
4589;4589;2020-01-27;53000
4590;4590;2020-01-27;18000
4591;4591;2020-01-27;70000
4592;4592;2020-01-27;95000
4593;4593;2020-01-27;88000
4594;4594;2020-01-27;114700
4595;4595;2020-01-27;107500
4596;4596;2020-01-27;75000
4597;4597;2020-01-27;62700
4598;4598;2020-01-27;121000
4599;4599;2020-01-27;155000
4600;4600;2020-01-27;59200
4601;4601;2020-01-27;80800
4602;4602;2020-01-27;164000
4603;4603;2020-01-27;118000
4604;4604;2020-01-27;408623
4605;4605;2020-01-27;131500
4606;4606;2020-01-27;96000
4607;4607;2020-01-27;259300
4608;4608;2020-01-27;290000
4609;4609;2020-01-27;309000
4610;4610;2020-01-27;46000
4611;4611;2020-01-27;155000
4612;4612;2020-01-27;289000
4613;4613;2020-01-27;1425900
4614;4614;2020-01-27;1408000
4615;4615;2020-01-27;402800
4616;4616;2020-01-27;3100000
4617;4617;2020-01-27;730000
4618;4618;2020-01-27;338000
4619;4619;2020-01-27;309000
4620;4620;2020-01-27;55000
4621;4621;2020-01-27;1285150
4622;4622;2020-01-27;110000
4623;4623;2020-01-27;435000
4624;4624;2020-01-27;1139800
4625;4625;2020-01-27;162000
4626;4626;2020-01-27;415000
4627;4627;2020-01-27;301350
4628;4628;2020-01-27;206400
4629;4629;2020-01-27;291000
4630;4630;2020-01-27;561000
4631;4631;2020-01-27;173000
4632;4632;2020-01-27;245000
4633;4633;2020-01-27;1170000
4634;4634;2020-01-27;768523
4635;4635;2020-01-27;564500
4636;4636;2020-01-27;520980
4637;4637;2020-01-27;281520
4638;4638;2020-01-27;328000
4639;4639;2020-01-27;317000
4640;4640;2020-01-27;270700
4641;4641;2020-01-27;147000
4642;4642;2020-01-27;707000
4643;4643;2020-01-27;1178000
4644;4644;2020-01-27;466000
4645;4645;2020-01-27;1306000
4646;4646;2020-01-27;728000
4647;4647;2020-01-27;1730000
4648;4648;2020-01-27;533500
4649;4649;2020-01-27;1640000
4650;4650;2020-01-27;1320000
4651;4651;2020-01-27;538600
4652;4652;2020-01-27;1106500
4653;4653;2020-01-27;278500
4654;4654;2020-01-27;512000
4655;4655;2020-01-27;165682
4656;4656;2020-01-27;224000
4657;4657;2020-01-27;132000
4658;4658;2020-01-27;391450
4659;4659;2020-01-27;384000
4660;4660;2020-01-27;382900
4661;4661;2020-01-27;303890
4662;4662;2020-01-27;487000
4663;4663;2020-01-27;238660
4664;4664;2020-01-27;62000
4665;4665;2020-01-27;96000
4666;4666;2020-01-27;95000
4667;4667;2020-01-27;288000
4668;4668;2020-01-27;160000
4669;4669;2020-01-27;109000
4670;4670;2020-01-27;99000
4671;4671;2020-01-27;290000
4672;4672;2020-01-27;103000
4673;4673;2020-01-27;236000
4674;4674;2020-01-27;182000
4675;4675;2020-01-27;94600
4676;4676;2020-01-27;55000
4677;4677;2020-01-27;134900
4678;4678;2020-01-27;334000
4679;4679;2020-01-27;90000
4680;4680;2020-01-27;344000
4681;4681;2020-01-27;147500
4682;4682;2020-01-27;205000
4683;4683;2020-01-27;365100
4684;4684;2020-01-27;200250
4685;4685;2020-01-27;126500
4686;4686;2020-01-27;139300
4687;4687;2020-01-27;100000
4688;4688;2020-01-27;420784
4689;4689;2020-01-27;156590
4690;4690;2020-01-27;133500
4691;4691;2020-01-27;42000
4692;4692;2020-01-27;104500
4693;4693;2020-01-27;43000
4694;4694;2020-01-27;64000
4695;4695;2020-01-27;225000
4696;4696;2020-01-27;45000
4697;4697;2020-01-27;119000
4698;4698;2020-01-27;160000
4699;4699;2020-01-27;126500
4700;4700;2020-01-27;248650
4701;4701;2020-01-27;72500
4702;4702;2020-01-27;220000
4703;4703;2020-01-27;92650
4704;4704;2020-01-27;84000
4705;4705;2020-01-27;74800
4706;4706;2020-01-27;223000
4707;4707;2020-01-27;235000
4708;4708;2020-01-27;119500
4709;4709;2020-01-27;132000
4710;4710;2020-01-27;125000
4711;4711;2020-01-27;253000
4712;4712;2020-01-27;182000
4713;4713;2020-01-27;231000
4714;4714;2020-01-27;231500
4715;4715;2020-01-27;170000
4716;4716;2020-01-27;165000
4717;4717;2020-01-27;113000
4718;4718;2020-01-27;117500
4719;4719;2020-01-27;338000
4720;4720;2020-01-27;298000
4721;4721;2020-01-27;251700
4722;4722;2020-01-27;1311953
4723;4723;2020-01-27;247000
4724;4724;2020-01-27;170000
4725;4725;2020-01-27;480000
4726;4726;2020-01-27;228655
4727;4727;2020-01-27;653000
4728;4728;2020-01-27;265000
4729;4729;2020-01-27;485000
4730;4730;2020-01-27;200000
4731;4731;2020-01-27;214900
4732;4732;2020-01-27;278300
4733;4733;2020-01-27;665000
4734;4734;2020-01-27;475500
4735;4735;2020-01-27;162200
4736;4736;2020-01-27;416000
4737;4737;2020-01-27;1155000
4738;4738;2020-01-27;530106
4739;4739;2020-01-27;182000
4740;4740;2020-01-27;941580
4741;4741;2020-01-27;397800
4742;4742;2020-01-27;355000
4743;4743;2020-01-27;736950
4744;4744;2020-01-27;310110
4745;4745;2020-01-27;147000
4746;4746;2020-01-27;212000
4747;4747;2020-01-27;163795
4748;4748;2020-01-27;90000
4749;4749;2020-01-27;160000
4750;4750;2020-01-27;268750
4751;4751;2020-01-27;194240
4752;4752;2020-01-27;192000
4753;4753;2020-01-27;193800
4754;4754;2020-01-27;85000
4755;4755;2020-01-27;7000
4756;4756;2020-01-27;75865
4757;4757;2020-01-27;190000
4758;4758;2020-01-27;161100
4759;4759;2020-01-27;283000
4760;4760;2020-01-27;239700
4761;4761;2020-01-27;234600
4762;4762;2020-01-27;246300
4763;4763;2020-01-27;217000
4764;4764;2020-01-27;79000
4765;4765;2020-01-27;151000
4766;4766;2020-01-27;279000
4767;4767;2020-01-27;94000
4768;4768;2020-01-27;110000
4769;4769;2020-01-27;82000
4770;4770;2020-01-27;180860
4771;4771;2020-01-27;223000
4772;4772;2020-01-27;195000
4773;4773;2020-01-27;136000
4774;4774;2020-01-27;283000
4775;4775;2020-01-27;90454
4776;4776;2020-01-27;196600
4777;4777;2020-01-28;358000
4778;4778;2020-01-28;185000
4779;4779;2020-01-28;210000
4780;4780;2020-01-28;592487
4781;4781;2020-01-28;203000
4782;4782;2020-01-28;770000
4783;4783;2020-01-28;288000
4784;4784;2020-01-28;199900
4785;4785;2020-01-28;380000
4786;4786;2020-01-28;622850
4787;4787;2020-01-28;170625
4788;4788;2020-01-28;540000
4789;4789;2020-01-28;78000
4790;4790;2020-01-28;125000
4791;4791;2020-01-28;167995
4792;4792;2020-01-28;93000
4793;4793;2020-01-28;73000
4794;4794;2020-01-28;130000
4795;4795;2020-01-28;215000
4796;4796;2020-01-28;325000
4797;4797;2020-01-28;116000
4798;4798;2020-01-28;33500
4799;4799;2020-01-28;81000
4800;4800;2020-01-28;78000
4801;4801;2020-01-28;115000
4802;4802;2020-01-28;270000
4803;4803;2020-01-28;119183
4804;4804;2020-01-28;142000
4805;4805;2020-01-28;127000
4806;4806;2020-01-28;649000
4807;4807;2020-01-28;35000
4808;4808;2020-01-28;208000
4809;4809;2020-01-28;78900
4810;4810;2020-01-28;99450
4811;4811;2020-01-28;54200
4812;4812;2020-01-28;79000
4813;4813;2020-01-28;116000
4814;4814;2020-01-28;136400
4815;4815;2020-01-28;85000
4816;4816;2020-01-28;48430
4817;4817;2020-01-28;45000
4818;4818;2020-01-28;44000
4819;4819;2020-01-28;77500
4820;4820;2020-01-28;132000
4821;4821;2020-01-28;147500
4822;4822;2020-01-28;75000
4823;4823;2020-01-28;45000
4824;4824;2020-01-28;323100
4825;4825;2020-01-28;191500
4826;4826;2020-01-28;119000
4827;4827;2020-01-28;115500
4828;4828;2020-01-28;139500
4829;4829;2020-01-28;320000
4830;4830;2020-01-28;799524
4831;4831;2020-01-28;85000
4832;4832;2020-01-28;106300
4833;4833;2020-01-28;42000
4834;4834;2020-01-28;81800
4835;4835;2020-01-28;133000
4836;4836;2020-01-28;63000
4837;4837;2020-01-28;40000
4838;4838;2020-01-28;245000
4839;4839;2020-01-28;194430
4840;4840;2020-01-28;115700
4841;4841;2020-01-28;195000
4842;4842;2020-01-28;62000
4843;4843;2020-01-28;82353
4844;4844;2020-01-28;91500
4845;4845;2020-01-28;169500
4846;4846;2020-01-28;148300
4847;4847;2020-01-28;81600
4848;4848;2020-01-28;75500
4849;4849;2020-01-28;60200
4850;4850;2020-01-28;149600
4851;4851;2020-01-28;55000
4852;4852;2020-01-28;135000
4853;4853;2020-01-28;86000
4854;4854;2020-01-28;162000
4855;4855;2020-01-28;135000
4856;4856;2020-01-28;56000
4857;4857;2020-01-28;215000
4858;4858;2020-01-28;115000
4859;4859;2020-01-28;219500
4860;4860;2020-01-28;82500
4861;4861;2020-01-28;117000
4862;4862;2020-01-28;59900
4863;4863;2020-01-28;79000
4864;4864;2020-01-28;60060
4865;4865;2020-01-28;68000
4866;4866;2020-01-28;3000
4867;4867;2020-01-28;55706
4868;4868;2020-01-28;44350
4869;4869;2020-01-28;286200
4870;4870;2020-01-28;124600
4871;4871;2020-01-28;150000
4872;4872;2020-01-28;108500
4873;4873;2020-01-28;86045
4874;4874;2020-01-28;172000
4875;4875;2020-01-28;105200
4876;4876;2020-01-28;73000
4877;4877;2020-01-28;263000
4878;4878;2020-01-28;157000
4879;4879;2020-01-28;89500
4880;4880;2020-01-28;74000
4881;4881;2020-01-28;355000
4882;4882;2020-01-28;51000
4883;4883;2020-01-28;90200
4884;4884;2020-01-28;49000
4885;4885;2020-01-28;83000
4886;4886;2020-01-28;54150
4887;4887;2020-01-28;203300
4888;4888;2020-01-28;78000
4889;4889;2020-01-28;183700
4890;4890;2020-01-28;192500
4891;4891;2020-01-28;525700
4892;4892;2020-01-28;485250
4893;4893;2020-01-28;209050
4894;4894;2020-01-28;540000
4895;4895;2020-01-28;83000
4896;4896;2020-01-28;45800
4897;4897;2020-01-28;414500
4898;4898;2020-01-28;86000
4899;4899;2020-01-28;298000
4900;4900;2020-01-28;1100000
4901;4901;2020-01-28;264000
4902;4902;2020-01-28;162000
4903;4903;2020-01-28;178000
4904;4904;2020-01-28;353000
4905;4905;2020-01-28;940000
4906;4906;2020-01-28;210000
4907;4907;2020-01-28;3514110
4908;4908;2020-01-28;825050
4909;4909;2020-01-28;889860
4910;4910;2020-01-28;2607500
4911;4911;2020-01-28;775000
4912;4912;2020-01-28;265500
4913;4913;2020-01-28;341000
4914;4914;2020-01-28;90450
4915;4915;2020-01-28;549000
4916;4916;2020-01-28;506500
4917;4917;2020-01-28;532000
4918;4918;2020-01-28;257740
4919;4919;2020-01-28;288384
4920;4920;2020-01-28;302000
4921;4921;2020-01-28;346000
4922;4922;2020-01-28;265000
4923;4923;2020-01-28;352000
4924;4924;2020-01-28;117000
4925;4925;2020-01-28;1522500
4926;4926;2020-01-28;2153950
4927;4927;2020-01-28;1509450
4928;4928;2020-01-28;249000
4929;4929;2020-01-28;1405000
4930;4930;2020-01-28;448550
4931;4931;2020-01-28;674000
4932;4932;2020-01-28;214150
4933;4933;2020-01-28;409000
4934;4934;2020-01-28;112000
4935;4935;2020-01-28;30000
4936;4936;2020-01-28;173800
4937;4937;2020-01-28;282000
4938;4938;2020-01-28;100000
4939;4939;2020-01-28;310000
4940;4940;2020-01-28;193000
4941;4941;2020-01-28;289000
4942;4942;2020-01-28;457000
4943;4943;2020-01-28;189000
4944;4944;2020-01-28;57000
4945;4945;2020-01-28;195000
4946;4946;2020-01-28;291400
4947;4947;2020-01-28;275000
4948;4948;2020-01-28;80000
4949;4949;2020-01-28;204000
4950;4950;2020-01-28;66250
4951;4951;2020-01-28;236412
4952;4952;2020-01-28;248000
4953;4953;2020-01-28;389000
4954;4954;2020-01-28;140000
4955;4955;2020-01-28;106000
4956;4956;2020-01-28;42000
4957;4957;2020-01-28;140000
4958;4958;2020-01-28;172500
4959;4959;2020-01-28;219700
4960;4960;2020-01-28;58500
4961;4961;2020-01-28;146000
4962;4962;2020-01-28;142700
4963;4963;2020-01-28;476100
4964;4964;2020-01-28;120000
4965;4965;2020-01-28;93000
4966;4966;2020-01-28;147300
4967;4967;2020-01-28;131500
4968;4968;2020-01-28;41000
4969;4969;2020-01-28;79000
4970;4970;2020-01-28;43000
4971;4971;2020-01-28;264730
4972;4972;2020-01-28;100500
4973;4973;2020-01-28;130000
4974;4974;2020-01-28;104500
4975;4975;2020-01-28;81500
4976;4976;2020-01-28;133000
4977;4977;2020-01-28;32500
4978;4978;2020-01-28;96000
4979;4979;2020-01-28;39100
4980;4980;2020-01-28;107000
4981;4981;2020-01-28;173000
4982;4982;2020-01-28;120920
4983;4983;2020-01-28;339000
4984;4984;2020-01-28;106260
4985;4985;2020-01-28;60000
4986;4986;2020-01-28;190000
4987;4987;2020-01-28;178000
4988;4988;2020-01-28;192000
4989;4989;2020-01-28;104000
4990;4990;2020-01-28;148000
4991;4991;2020-01-28;245000
4992;4992;2020-01-28;200000
4993;4993;2020-01-28;247000
4994;4994;2020-01-28;209000
4995;4995;2020-01-28;1037200
4996;4996;2020-01-28;325000
4997;4997;2020-01-28;213000
4998;4998;2020-01-28;440000
4999;4999;2020-01-28;282800
5000;5000;2020-01-28;473000
5001;5001;2020-01-28;195000
5002;5002;2020-01-28;149940
5003;5003;2020-01-28;323810
5004;5004;2020-01-28;825700
5005;5005;2020-01-28;194000
5006;5006;2020-01-28;408500
5007;5007;2020-01-28;230000
5008;5008;2020-01-28;310400
5009;5009;2020-01-28;249000
5010;5010;2020-01-28;152000
5011;5011;2020-01-28;346000
5012;5012;2020-01-28;254330
5013;5013;2020-01-28;50000
5014;5014;2020-01-28;140000
5015;5015;2020-01-28;222450
5016;5016;2020-01-28;163000
5017;5017;2020-01-28;219000
5018;5018;2020-01-28;265000
5019;5019;2020-01-28;104000
5020;5020;2020-01-28;102000
5021;5021;2020-01-28;341400
5022;5022;2020-01-28;167000
5023;5023;2020-01-28;378000
5024;5024;2020-01-28;160000
5025;5025;2020-01-28;202000
5026;5026;2020-01-28;450000
5027;5027;2020-01-28;225000
5028;5028;2020-01-28;262000
5029;5029;2020-01-28;255000
5030;5030;2020-01-28;98000
5031;5031;2020-01-28;320000
5032;5032;2020-01-28;233250
5033;5033;2020-01-28;447000
5034;5034;2020-01-28;176000
5035;5035;2020-01-28;312000
5036;5036;2020-01-28;917000
5037;5037;2020-01-28;327000
5038;5038;2020-01-28;308000
5039;5039;2020-01-28;125000
5040;5040;2020-01-28;280000
5041;5041;2020-01-28;205500
5042;5042;2020-01-28;340000
5043;5043;2020-01-28;358500
5044;5044;2020-01-28;20000
5045;5045;2020-01-28;327000
5046;5046;2020-01-28;159900
5047;5047;2020-01-28;318000
5048;5048;2020-01-28;139000
5049;5049;2020-01-28;148500
5050;5050;2020-01-28;88000
5051;5051;2020-01-28;82700
5052;5052;2020-01-28;95886
5053;5053;2020-01-28;160000
5054;5054;2020-01-28;83000
5055;5055;2020-01-29;580450
5056;5056;2020-01-29;486415
5057;5057;2020-01-29;128015
5058;5058;2020-01-29;105000
5059;5059;2020-01-29;75000
5060;5060;2020-01-29;75000
5061;5061;2020-01-29;140075
5062;5062;2020-01-29;274800
5063;5063;2020-01-29;243522
5064;5064;2020-01-29;304560
5065;5065;2020-01-29;499760
5066;5066;2020-01-29;220500
5067;5067;2020-01-29;87000
5068;5068;2020-01-29;96000
5069;5069;2020-01-29;229000
5070;5070;2020-01-29;115200
5071;5071;2020-01-29;84500
5072;5072;2020-01-29;134800
5073;5073;2020-01-29;69000
5074;5074;2020-01-29;157000
5075;5075;2020-01-29;119000
5076;5076;2020-01-29;45110
5077;5077;2020-01-29;137500
5078;5078;2020-01-29;142000
5079;5079;2020-01-29;152611
5080;5080;2020-01-29;32000
5081;5081;2020-01-29;46000
5082;5082;2020-01-29;65000
5083;5083;2020-01-29;53500
5084;5084;2020-01-29;53200
5085;5085;2020-01-29;95500
5086;5086;2020-01-29;82000
5087;5087;2020-01-29;54500
5088;5088;2020-01-29;172000
5089;5089;2020-01-29;159000
5090;5090;2020-01-29;55100
5091;5091;2020-01-29;72800
5092;5092;2020-01-29;48000
5093;5093;2020-01-29;113380
5094;5094;2020-01-29;41000
5095;5095;2020-01-29;347000
5096;5096;2020-01-29;103000
5097;5097;2020-01-29;82500
5098;5098;2020-01-29;50000
5099;5099;2020-01-29;99540
5100;5100;2020-01-29;211550
5101;5101;2020-01-29;246500
5102;5102;2020-01-29;115050
5103;5103;2020-01-29;113000
5104;5104;2020-01-29;171410
5105;5105;2020-01-29;699000
5106;5106;2020-01-29;182000
5107;5107;2020-01-29;230850
5108;5108;2020-01-29;222500
5109;5109;2020-01-29;228000
5110;5110;2020-01-29;279800
5111;5111;2020-01-29;219000
5112;5112;2020-01-29;171000
5113;5113;2020-01-29;295546
5114;5114;2020-01-29;90755
5115;5115;2020-01-29;179830
5116;5116;2020-01-29;135000
5117;5117;2020-01-29;164700
5118;5118;2020-01-29;141000
5119;5119;2020-01-29;350000
5120;5120;2020-01-29;144000
5121;5121;2020-01-29;194000
5122;5122;2020-01-29;43000
5123;5123;2020-01-29;124550
5124;5124;2020-01-29;208850
5125;5125;2020-01-29;289000
5126;5126;2020-01-29;215000
5127;5127;2020-01-29;45284
5128;5128;2020-01-29;110000
5129;5129;2020-01-29;126000
5130;5130;2020-01-29;115000
5131;5131;2020-01-29;115500
5132;5132;2020-01-29;145000
5133;5133;2020-01-29;157300
5134;5134;2020-01-29;77100
5135;5135;2020-01-29;275000
5136;5136;2020-01-29;84350
5137;5137;2020-01-29;214500
5138;5138;2020-01-29;235900
5139;5139;2020-01-29;248500
5140;5140;2020-01-29;183500
5141;5141;2020-01-29;261900
5142;5142;2020-01-29;77430
5143;5143;2020-01-29;78000
5144;5144;2020-01-29;75000
5145;5145;2020-01-29;114000
5146;5146;2020-01-29;45000
5147;5147;2020-01-29;54200
5148;5148;2020-01-29;69500
5149;5149;2020-01-29;36000
5150;5150;2020-01-29;139900
5151;5151;2020-01-29;77500
5152;5152;2020-01-29;62000
5153;5153;2020-01-29;125600
5154;5154;2020-01-29;51000
5155;5155;2020-01-29;42000
5156;5156;2020-01-29;138000
5157;5157;2020-01-29;132000
5158;5158;2020-01-29;110000
5159;5159;2020-01-29;100000
5160;5160;2020-01-29;106000
5161;5161;2020-01-29;35547
5162;5162;2020-01-29;85000
5163;5163;2020-01-29;197500
5164;5164;2020-01-29;190000
5165;5165;2020-01-29;64000
5166;5166;2020-01-29;166300
5167;5167;2020-01-29;282500
5168;5168;2020-01-29;70000
5169;5169;2020-01-29;107000
5170;5170;2020-01-29;80000
5171;5171;2020-01-29;90000
5172;5172;2020-01-29;200000
5173;5173;2020-01-29;107500
5174;5174;2020-01-29;1280000
5175;5175;2020-01-29;65000
5176;5176;2020-01-29;40000
5177;5177;2020-01-29;150000
5178;5178;2020-01-29;280000
5179;5179;2020-01-29;199000
5180;5180;2020-01-29;295000
5181;5181;2020-01-29;98724
5182;5182;2020-01-29;393150
5183;5183;2020-01-29;294000
5184;5184;2020-01-29;74500
5185;5185;2020-01-29;71500
5186;5186;2020-01-29;40000
5187;5187;2020-01-29;1200000
5188;5188;2020-01-29;263150
5189;5189;2020-01-29;147400
5190;5190;2020-01-29;209600
5191;5191;2020-01-29;147000
5192;5192;2020-01-29;355000
5193;5193;2020-01-29;84000
5194;5194;2020-01-29;133000
5195;5195;2020-01-29;60950
5196;5196;2020-01-29;466080
5197;5197;2020-01-29;459090
5198;5198;2020-01-29;415000
5199;5199;2020-01-29;1650000
5200;5200;2020-01-29;449500
5201;5201;2020-01-29;317000
5202;5202;2020-01-29;939420
5203;5203;2020-01-29;1640777
5204;5204;2020-01-29;1430000
5205;5205;2020-01-29;86000
5206;5206;2020-01-29;732520
5207;5207;2020-01-29;317000
5208;5208;2020-01-29;306240
5209;5209;2020-01-29;338100
5210;5210;2020-01-29;292600
5211;5211;2020-01-29;130015
5212;5212;2020-01-29;542300
5213;5213;2020-01-29;688500
5214;5214;2020-01-29;1135000
5215;5215;2020-01-29;605550
5216;5216;2020-01-29;359500
5217;5217;2020-01-29;416000
5218;5218;2020-01-29;586538
5219;5219;2020-01-29;169150
5220;5220;2020-01-29;814700
5221;5221;2020-01-29;754000
5222;5222;2020-01-29;144000
5223;5223;2020-01-29;404400
5224;5224;2020-01-29;440824
5225;5225;2020-01-29;450470
5226;5226;2020-01-29;134000
5227;5227;2020-01-29;77500
5228;5228;2020-01-29;96000
5229;5229;2020-01-29;85000
5230;5230;2020-01-29;50000
5231;5231;2020-01-29;119000
5232;5232;2020-01-29;211000
5233;5233;2020-01-29;116000
5234;5234;2020-01-29;179000
5235;5235;2020-01-29;95000
5236;5236;2020-01-29;125000
5237;5237;2020-01-29;192200
5238;5238;2020-01-29;143000
5239;5239;2020-01-29;313150
5240;5240;2020-01-29;131550
5241;5241;2020-01-29;250650
5242;5242;2020-01-29;120000
5243;5243;2020-01-29;230000
5244;5244;2020-01-29;85750
5245;5245;2020-01-29;69000
5246;5246;2020-01-29;252000
5247;5247;2020-01-29;39239
5248;5248;2020-01-29;139000
5249;5249;2020-01-29;393000
5250;5250;2020-01-29;407000
5251;5251;2020-01-29;54000
5252;5252;2020-01-29;85000
5253;5253;2020-01-29;100000
5254;5254;2020-01-29;61000
5255;5255;2020-01-29;155000
5256;5256;2020-01-29;118000
5257;5257;2020-01-29;88000
5258;5258;2020-01-29;82500
5259;5259;2020-01-29;117150
5260;5260;2020-01-29;173000
5261;5261;2020-01-29;8600000
5262;5262;2020-01-29;150450
5263;5263;2020-01-29;255000
5264;5264;2020-01-29;94180
5265;5265;2020-01-29;80000
5266;5266;2020-01-29;201000
5267;5267;2020-01-29;126732
5268;5268;2020-01-29;195800
5269;5269;2020-01-29;49500
5270;5270;2020-01-29;368000
5271;5271;2020-01-29;105916
5272;5272;2020-01-29;154600
5273;5273;2020-01-29;100000
5274;5274;2020-01-29;157000
5275;5275;2020-01-29;78000
5276;5276;2020-01-29;169000
5277;5277;2020-01-29;191000
5278;5278;2020-01-29;396466
5279;5279;2020-01-29;82800
5280;5280;2020-01-29;230000
5281;5281;2020-01-29;437300
5282;5282;2020-01-29;270000
5283;5283;2020-01-29;115000
5284;5284;2020-01-29;385000
5285;5285;2020-01-29;633900
5286;5286;2020-01-29;205000
5287;5287;2020-01-29;70000
5288;5288;2020-01-29;190000
5289;5289;2020-01-29;305600
5290;5290;2020-01-29;147400
5291;5291;2020-01-29;462000
5292;5292;2020-01-29;151249
5293;5293;2020-01-29;285000
5294;5294;2020-01-29;178000
5295;5295;2020-01-29;508000
5296;5296;2020-01-29;400000
5297;5297;2020-01-29;339212
5298;5298;2020-01-29;197000
5299;5299;2020-01-29;299000
5300;5300;2020-01-29;1006000
5301;5301;2020-01-29;487805
5302;5302;2020-01-29;692000
5303;5303;2020-01-29;175000
5304;5304;2020-01-29;545000
5305;5305;2020-01-29;40000
5306;5306;2020-01-29;338740
5307;5307;2020-01-29;200000
5308;5308;2020-01-29;142500
5309;5309;2020-01-29;211250
5310;5310;2020-01-29;91800
5311;5311;2020-01-29;133600
5312;5312;2020-01-29;215000
5313;5313;2020-01-29;213000
5314;5314;2020-01-29;172000
5315;5315;2020-01-29;119000
5316;5316;2020-01-29;77000
5317;5317;2020-01-29;308000
5318;5318;2020-01-29;270000
5319;5319;2020-01-29;286400
5320;5320;2020-01-29;257000
5321;5321;2020-01-29;325500
5322;5322;2020-01-29;119500
5323;5323;2020-01-29;568000
5324;5324;2020-01-29;1230000
5325;5325;2020-01-29;128945
5326;5326;2020-01-29;132000
5327;5327;2020-01-29;155500
5328;5328;2020-01-29;132000
5329;5329;2020-01-29;202000
5330;5330;2020-01-29;75000
5331;5331;2020-01-29;169000
5332;5332;2020-01-29;150350
5333;5333;2020-01-29;138000
5334;5334;2020-01-29;48000
5335;5335;2020-01-30;128810
5336;5336;2020-01-30;50000
5337;5337;2020-01-30;570840
5338;5338;2020-01-30;40000
5339;5339;2020-01-30;66450
5340;5340;2020-01-30;347000
5341;5341;2020-01-30;145000
5342;5342;2020-01-30;100000
5343;5343;2020-01-30;307500
5344;5344;2020-01-30;238100
5345;5345;2020-01-30;296000
5346;5346;2020-01-30;20000
5347;5347;2020-01-30;1196000
5348;5348;2020-01-30;376150
5349;5349;2020-01-30;148113
5350;5350;2020-01-30;50400
5351;5351;2020-01-30;87000
5352;5352;2020-01-30;293000
5353;5353;2020-01-30;408000
5354;5354;2020-01-30;95000
5355;5355;2020-01-30;96500
5356;5356;2020-01-30;127000
5357;5357;2020-01-30;57000
5358;5358;2020-01-30;91000
5359;5359;2020-01-30;57000
5360;5360;2020-01-30;100000
5361;5361;2020-01-30;76000
5362;5362;2020-01-30;91000
5363;5363;2020-01-30;76950
5364;5364;2020-01-30;164800
5365;5365;2020-01-30;99000
5366;5366;2020-01-30;332100
5367;5367;2020-01-30;298000
5368;5368;2020-01-30;72000
5369;5369;2020-01-30;112250
5370;5370;2020-01-30;144600
5371;5371;2020-01-30;88000
5372;5372;2020-01-30;217000
5373;5373;2020-01-30;356000
5374;5374;2020-01-30;113150
5375;5375;2020-01-30;55000
5376;5376;2020-01-30;75000
5377;5377;2020-01-30;40000
5378;5378;2020-01-30;84000
5379;5379;2020-01-30;273000
5380;5380;2020-01-30;73000
5381;5381;2020-01-30;184300
5382;5382;2020-01-30;81500
5383;5383;2020-01-30;59000
5384;5384;2020-01-30;131000
5385;5385;2020-01-30;167000
5386;5386;2020-01-30;265000
5387;5387;2020-01-30;161000
5388;5388;2020-01-30;68000
5389;5389;2020-01-30;268000
5390;5390;2020-01-30;118000
5391;5391;2020-01-30;280000
5392;5392;2020-01-30;133000
5393;5393;2020-01-30;71500
5394;5394;2020-01-30;55000
5395;5395;2020-01-30;130000
5396;5396;2020-01-30;38000
5397;5397;2020-01-30;271200
5398;5398;2020-01-30;79999
5399;5399;2020-01-30;51000
5400;5400;2020-01-30;60300
5401;5401;2020-01-30;121800
5402;5402;2020-01-30;137000
5403;5403;2020-01-30;73000
5404;5404;2020-01-30;165000
5405;5405;2020-01-30;121400
5406;5406;2020-01-30;120500
5407;5407;2020-01-30;115500
5408;5408;2020-01-30;143000
5409;5409;2020-01-30;85000
5410;5410;2020-01-30;133150
5411;5411;2020-01-30;222000
5412;5412;2020-01-30;177450
5413;5413;2020-01-30;159574
5414;5414;2020-01-30;75000
5415;5415;2020-01-30;172900
5416;5416;2020-01-30;60000
5417;5417;2020-01-30;155000
5418;5418;2020-01-30;262000
5419;5419;2020-01-30;90000
5420;5420;2020-01-30;160000
5421;5421;2020-01-30;243750
5422;5422;2020-01-30;535150
5423;5423;2020-01-30;216565
5424;5424;2020-01-30;147620
5425;5425;2020-01-30;393800
5426;5426;2020-01-30;307650
5427;5427;2020-01-30;239100
5428;5428;2020-01-30;205600
5429;5429;2020-01-30;480000
5430;5430;2020-01-30;155000
5431;5431;2020-01-30;210000
5432;5432;2020-01-30;193000
5433;5433;2020-01-30;175500
5434;5434;2020-01-30;372000
5435;5435;2020-01-30;149000
5436;5436;2020-01-30;67500
5437;5437;2020-01-30;51000
5438;5438;2020-01-30;64260
5439;5439;2020-01-30;140000
5440;5440;2020-01-30;420000
5441;5441;2020-01-30;43000
5442;5442;2020-01-30;73500
5443;5443;2020-01-30;195700
5444;5444;2020-01-30;120000
5445;5445;2020-01-30;119900
5446;5446;2020-01-30;23000
5447;5447;2020-01-30;35000
5448;5448;2020-01-30;40000
5449;5449;2020-01-30;24000
5450;5450;2020-01-30;177500
5451;5451;2020-01-30;177000
5452;5452;2020-01-30;95800
5453;5453;2020-01-30;302390
5454;5454;2020-01-30;83510
5455;5455;2020-01-30;82000
5456;5456;2020-01-30;228530
5457;5457;2020-01-30;123500
5458;5458;2020-01-30;116500
5459;5459;2020-01-30;73500
5460;5460;2020-01-30;145000
5461;5461;2020-01-30;124000
5462;5462;2020-01-30;155500
5463;5463;2020-01-30;142000
5464;5464;2020-01-30;160000
5465;5465;2020-01-30;144700
5466;5466;2020-01-30;46000
5467;5467;2020-01-30;157000
5468;5468;2020-01-30;108500
5469;5469;2020-01-30;85500
5470;5470;2020-01-30;199116
5471;5471;2020-01-30;127541
5472;5472;2020-01-30;147060
5473;5473;2020-01-30;1021
5474;5474;2020-01-30;97810
5475;5475;2020-01-30;80000
5476;5476;2020-01-30;72999
5477;5477;2020-01-30;74500
5478;5478;2020-01-30;57500
5479;5479;2020-01-30;161030
5480;5480;2020-01-30;133000
5481;5481;2020-01-30;165000
5482;5482;2020-01-30;234000
5483;5483;2020-01-30;84500
5484;5484;2020-01-30;170000
5485;5485;2020-01-30;69637
5486;5486;2020-01-30;255500
5487;5487;2020-01-30;47500
5488;5488;2020-01-30;132400
5489;5489;2020-01-30;60400
5490;5490;2020-01-30;109000
5491;5491;2020-01-30;205000
5492;5492;2020-01-30;109700
5493;5493;2020-01-30;84000
5494;5494;2020-01-30;150000
5495;5495;2020-01-30;98000
5496;5496;2020-01-30;76500
5497;5497;2020-01-30;124500
5498;5498;2020-01-30;285000
5499;5499;2020-01-30;33000
5500;5500;2020-01-30;23100
5501;5501;2020-01-30;114000
5502;5502;2020-01-30;246500
5503;5503;2020-01-30;99000
5504;5504;2020-01-30;105000
5505;5505;2020-01-30;81000
5506;5506;2020-01-30;60000
5507;5507;2020-01-30;84000
5508;5508;2020-01-30;116500
5509;5509;2020-01-30;127000
5510;5510;2020-01-30;168000
5511;5511;2020-01-30;88500
5512;5512;2020-01-30;119500
5513;5513;2020-01-30;74280
5514;5514;2020-01-30;153000
5515;5515;2020-01-30;165000
5516;5516;2020-01-30;119000
5517;5517;2020-01-30;184200
5518;5518;2020-01-30;129250
5519;5519;2020-01-30;
5520;5520;2020-01-30;213500
5521;5521;2020-01-30;537575
5522;5522;2020-01-30;135000
5523;5523;2020-01-30;30000
5524;5524;2020-01-30;197800
5525;5525;2020-01-30;144420
5526;5526;2020-01-30;129000
5527;5527;2020-01-30;103400
5528;5528;2020-01-30;143000
5529;5529;2020-01-30;158000
5530;5530;2020-01-30;164000
5531;5531;2020-01-30;102200
5532;5532;2020-01-30;400000
5533;5533;2020-01-30;64800
5534;5534;2020-01-30;20500
5535;5535;2020-01-30;164500
5536;5536;2020-01-30;233050
5537;5537;2020-01-30;161369
5538;5538;2020-01-30;195000
5539;5539;2020-01-30;83848
5540;5540;2020-01-30;632000
5541;5541;2020-01-30;132000
5542;5542;2020-01-30;100000
5543;5543;2020-01-30;743000
5544;5544;2020-01-30;606510
5545;5545;2020-01-30;355000
5546;5546;2020-01-30;425000
5547;5547;2020-01-30;439275
5548;5548;2020-01-30;697500
5549;5549;2020-01-30;549000
5550;5550;2020-01-30;410000
5551;5551;2020-01-30;196603
5552;5552;2020-01-30;895840
5553;5553;2020-01-30;44850
5554;5554;2020-01-30;642000
5555;5555;2020-01-30;208000
5556;5556;2020-01-30;577900
5557;5557;2020-01-30;493170
5558;5558;2020-01-30;463000
5559;5559;2020-01-30;364750
5560;5560;2020-01-30;329000
5561;5561;2020-01-30;302000
5562;5562;2020-01-30;1201150
5563;5563;2020-01-30;270000
5564;5564;2020-01-30;2634000
5565;5565;2020-01-30;53000
5566;5566;2020-01-30;135500
5567;5567;2020-01-30;525500
5568;5568;2020-01-30;338000
5569;5569;2020-01-30;320000
5570;5570;2020-01-30;455000
5571;5571;2020-01-30;589250
5572;5572;2020-01-30;165850
5573;5573;2020-01-30;601288
5574;5574;2020-01-30;895503
5575;5575;2020-01-30;145000
5576;5576;2020-01-30;2578300
5577;5577;2020-01-30;892850
5578;5578;2020-01-30;667000
5579;5579;2020-01-30;2150000
5580;5580;2020-01-30;309500
5581;5581;2020-01-30;381275
5582;5582;2020-01-30;340500
5583;5583;2020-01-30;1270000
5584;5584;2020-01-30;589000
5585;5585;2020-01-30;364000
5586;5586;2020-01-30;488000
5587;5587;2020-01-30;502500
5588;5588;2020-01-30;1080000
5589;5589;2020-01-30;345023
5590;5590;2020-01-30;271100
5591;5591;2020-01-30;531100
5592;5592;2020-01-30;122500
5593;5593;2020-01-30;1291000
5594;5594;2020-01-30;358000
5595;5595;2020-01-30;174000
5596;5596;2020-01-30;767200
5597;5597;2020-01-30;567000
5598;5598;2020-01-30;394300
5599;5599;2020-01-30;92000
5600;5600;2020-01-30;144000
5601;5601;2020-01-30;38500
5602;5602;2020-01-30;184530
5603;5603;2020-01-30;78500
5604;5604;2020-01-30;290000
5605;5605;2020-01-30;105000
5606;5606;2020-01-30;150000
5607;5607;2020-01-30;116000
5608;5608;2020-01-30;240000
5609;5609;2020-01-30;156370
5610;5610;2020-01-30;152000
5611;5611;2020-01-30;355400
5612;5612;2020-01-30;148000
5613;5613;2020-01-30;253260
5614;5614;2020-01-30;182000
5615;5615;2020-01-30;96500
5616;5616;2020-01-30;202200
5617;5617;2020-01-30;178900
5618;5618;2020-01-30;151300
5619;5619;2020-01-30;257250
5620;5620;2020-01-30;130400
5621;5621;2020-01-30;135000
5622;5622;2020-01-30;210000
5623;5623;2020-01-30;266600
5624;5624;2020-01-30;444000
5625;5625;2020-01-30;108000
5626;5626;2020-01-30;342500
5627;5627;2020-01-30;732000
5628;5628;2020-01-30;186000
5629;5629;2020-01-30;188000
5630;5630;2020-01-30;76590
5631;5631;2020-01-30;68947
5632;5632;2020-01-30;85000
5633;5633;2020-01-30;217000
5634;5634;2020-01-30;400000
5635;5635;2020-01-30;88650
5636;5636;2020-01-30;112500
5637;5637;2020-01-30;457000
5638;5638;2020-01-30;248000
5639;5639;2020-01-30;104000
5640;5640;2020-01-30;92000
5641;5641;2020-01-30;57000
5642;5642;2020-01-30;165000
5643;5643;2020-01-30;38000
5644;5644;2020-01-30;45000
5645;5645;2020-01-30;71000
5646;5646;2020-01-30;126200
5647;5647;2020-01-30;108000
5648;5648;2020-01-30;36500
5649;5649;2020-01-30;69500
5650;5650;2020-01-30;98170
5651;5651;2020-01-30;44300
5652;5652;2020-01-30;63085
5653;5653;2020-01-30;167000
5654;5654;2020-01-30;124000
5655;5655;2020-01-30;262500
5656;5656;2020-01-30;155900
5657;5657;2020-01-30;165000
5658;5658;2020-01-30;124500
5659;5659;2020-01-30;140500
5660;5660;2020-01-30;215290
5661;5661;2020-01-30;180000
5662;5662;2020-01-30;354500
5663;5663;2020-01-30;216330
5664;5664;2020-01-30;117000
5665;5665;2020-01-30;70000
5666;5666;2020-01-30;210690
5667;5667;2020-01-30;629900
5668;5668;2020-01-30;200550
5669;5669;2020-01-30;355000
5670;5670;2020-01-30;150000
5671;5671;2020-01-30;312700
5672;5672;2020-01-30;730000
5673;5673;2020-01-30;360000
5674;5674;2020-01-30;397500
5675;5675;2020-01-30;306750
5676;5676;2020-01-30;601100
5677;5677;2020-01-30;205000
5678;5678;2020-01-30;936000
5679;5679;2020-01-30;184000
5680;5680;2020-01-30;232000
5681;5681;2020-01-30;234000
5682;5682;2020-01-30;332700
5683;5683;2020-01-30;132500
5684;5684;2020-01-30;223000
5685;5685;2020-01-30;139100
5686;5686;2020-01-30;461500
5687;5687;2020-01-30;365000
5688;5688;2020-01-30;291738
5689;5689;2020-01-30;80893
5690;5690;2020-01-30;475000
5691;5691;2020-01-30;234300
5692;5692;2020-01-30;322000
5693;5693;2020-01-30;873150
5694;5694;2020-01-30;560750
5695;5695;2020-01-30;136000
5696;5696;2020-01-30;384000
5697;5697;2020-01-30;870000
5698;5698;2020-01-30;964000
5699;5699;2020-01-30;80000
5700;5700;2020-01-30;235000
5701;5701;2020-01-30;126500
5702;5702;2020-01-30;84000
5703;5703;2020-01-30;275000
5704;5704;2020-01-30;500000
5705;5705;2020-01-30;180000
5706;5706;2020-01-30;110000
5707;5707;2020-01-30;323000
5708;5708;2020-01-30;259000
5709;5709;2020-01-30;92740
5710;5710;2020-01-30;275400
5711;5711;2020-01-30;120000
5712;5712;2020-01-30;180000
5713;5713;2020-01-30;158000
5714;5714;2020-01-30;500000
5715;5715;2020-01-30;98000
5716;5716;2020-01-30;65000
5717;5717;2020-01-30;171000
5718;5718;2020-01-30;171270
5719;5719;2020-01-30;95000
5720;5720;2020-01-30;210000
5721;5721;2020-01-30;322000
5722;5722;2020-01-30;270000
5723;5723;2020-01-30;135500
5724;5724;2020-01-30;175000
5725;5725;2020-01-30;272900
5726;5726;2020-01-30;191500
5727;5727;2020-01-30;300000
5728;5728;2020-01-30;172000
5729;5729;2020-01-30;115000
5730;5730;2020-01-30;143000
5731;5731;2020-01-30;257200
5732;5732;2020-01-30;80000
5733;5733;2020-01-30;146000
5734;5734;2020-01-30;159300
5735;5735;2020-01-30;130000
5736;5736;2020-01-30;322000
5737;5737;2020-01-30;82500
5738;5738;2020-01-30;65000
5739;5739;2020-01-30;312000
5740;5740;2020-01-30;260000
5741;5741;2020-01-30;208000
5742;5742;2020-01-30;252700
5743;5743;2020-01-30;150000
5744;5744;2020-01-30;72000
5745;5745;2020-01-30;63000
5746;5746;2020-01-30;175000
5747;5747;2020-01-31;150000
5748;5748;2020-01-31;530000
5749;5749;2020-01-31;285000
5750;5750;2020-01-31;274000
5751;5751;2020-01-31;110000
5752;5752;2020-01-31;47000
5753;5753;2020-01-31;160500
5754;5754;2020-01-31;113000
5755;5755;2020-01-31;105375
5756;5756;2020-01-31;182000
5757;5757;2020-01-31;211687
5758;5758;2020-01-31;1100000
5759;5759;2020-01-31;102000
5760;5760;2020-01-31;105000
5761;5761;2020-01-31;240000
5762;5762;2020-01-31;118000
5763;5763;2020-01-31;325000
5764;5764;2020-01-31;110000
5765;5765;2020-01-31;140000
5766;5766;2020-01-31;245000
5767;5767;2020-01-31;341000
5768;5768;2020-01-31;200150
5769;5769;2020-01-31;205250
5770;5770;2020-01-31;50925
5771;5771;2020-01-31;559900
5772;5772;2020-01-31;88405
5773;5773;2020-01-31;100000
5774;5774;2020-01-31;1380000
5775;5775;2020-01-31;142200
5776;5776;2020-01-31;75200
5777;5777;2020-01-31;215000
5778;5778;2020-01-31;92000
5779;5779;2020-01-31;83000
5780;5780;2020-01-31;85000
5781;5781;2020-01-31;128000
5782;5782;2020-01-31;59000
5783;5783;2020-01-31;30000
5784;5784;2020-01-31;74000
5785;5785;2020-01-31;64000
5786;5786;2020-01-31;44100
5787;5787;2020-01-31;43000
5788;5788;2020-01-31;139000
5789;5789;2020-01-31;148000
5790;5790;2020-01-31;153000
5791;5791;2020-01-31;134000
5792;5792;2020-01-31;42540
5793;5793;2020-01-31;24000
5794;5794;2020-01-31;305000
5795;5795;2020-01-31;221000
5796;5796;2020-01-31;224000
5797;5797;2020-01-31;141920
5798;5798;2020-01-31;232000
5799;5799;2020-01-31;66000
5800;5800;2020-01-31;185000
5801;5801;2020-01-31;77000
5802;5802;2020-01-31;65000
5803;5803;2020-01-31;268400
5804;5804;2020-01-31;560000
5805;5805;2020-01-31;146750
5806;5806;2020-01-31;1000000
5807;5807;2020-01-31;162000
5808;5808;2020-01-31;75400
5809;5809;2020-01-31;171000
5810;5810;2020-01-31;56000
5811;5811;2020-01-31;150000
5812;5812;2020-01-31;255000
5813;5813;2020-01-31;130000
5814;5814;2020-01-31;60500
5815;5815;2020-01-31;65500
5816;5816;2020-01-31;323000
5817;5817;2020-01-31;98930
5818;5818;2020-01-31;63350
5819;5819;2020-01-31;62200
5820;5820;2020-01-31;96050
5821;5821;2020-01-31;71000
5822;5822;2020-01-31;37500
5823;5823;2020-01-31;139000
5824;5824;2020-01-31;73000
5825;5825;2020-01-31;87000
5826;5826;2020-01-31;162000
5827;5827;2020-01-31;363000
5828;5828;2020-01-31;447000
5829;5829;2020-01-31;103000
5830;5830;2020-01-31;227700
5831;5831;2020-01-31;433000
5832;5832;2020-01-31;128000
5833;5833;2020-01-31;92400
5834;5834;2020-01-31;216315
5835;5835;2020-01-31;215380
5836;5836;2020-01-31;783265
5837;5837;2020-01-31;152000
5838;5838;2020-01-31;100732
5839;5839;2020-01-31;270000
5840;5840;2020-01-31;119000
5841;5841;2020-01-31;190000
5842;5842;2020-01-31;114500
5843;5843;2020-01-31;235500
5844;5844;2020-01-31;343700
5845;5845;2020-01-31;347500
5846;5846;2020-01-31;167000
5847;5847;2020-01-31;192018
5848;5848;2020-01-31;131500
5849;5849;2020-01-31;334830
5850;5850;2020-01-31;278650
5851;5851;2020-01-31;407650
5852;5852;2020-01-31;242150
5853;5853;2020-01-31;213500
5854;5854;2020-01-31;166600
5855;5855;2020-01-31;143000
5856;5856;2020-01-31;141020
5857;5857;2020-01-31;141600
5858;5858;2020-01-31;158500
5859;5859;2020-01-31;165330
5860;5860;2020-01-31;70000
5861;5861;2020-01-31;118291
5862;5862;2020-01-31;561500
5863;5863;2020-01-31;110260
5864;5864;2020-01-31;279000
5865;5865;2020-01-31;176000
5866;5866;2020-01-31;263450
5867;5867;2020-01-31;69900
5868;5868;2020-01-31;200381
5869;5869;2020-01-31;29000
5870;5870;2020-01-31;76000
5871;5871;2020-01-31;14000
5872;5872;2020-01-31;99800
5873;5873;2020-01-31;87000
5874;5874;2020-01-31;56000
5875;5875;2020-01-31;91500
5876;5876;2020-01-31;82000
5877;5877;2020-01-31;78000
5878;5878;2020-01-31;105000
5879;5879;2020-01-31;196000
5880;5880;2020-01-31;106500
5881;5881;2020-01-31;215500
5882;5882;2020-01-31;68000
5883;5883;2020-01-31;127000
5884;5884;2020-01-31;125200
5885;5885;2020-01-31;52300
5886;5886;2020-01-31;330000
5887;5887;2020-01-31;216740
5888;5888;2020-01-31;96000
5889;5889;2020-01-31;204104
5890;5890;2020-01-31;113645
5891;5891;2020-01-31;145800
5892;5892;2020-01-31;72125
5893;5893;2020-01-31;103750
5894;5894;2020-01-31;133000
5895;5895;2020-01-31;330000
5896;5896;2020-01-31;100000
5897;5897;2020-01-31;136525
5898;5898;2020-01-31;109500
5899;5899;2020-01-31;219530
5900;5900;2020-01-31;147000
5901;5901;2020-01-31;236200
5902;5902;2020-01-31;140000
5903;5903;2020-01-31;88000
5904;5904;2020-01-31;160000
5905;5905;2020-01-31;84987
5906;5906;2020-01-31;183310
5907;5907;2020-01-31;117000
5908;5908;2020-01-31;103000
5909;5909;2020-01-31;134000
5910;5910;2020-01-31;30500
5911;5911;2020-01-31;74200
5912;5912;2020-01-31;55500
5913;5913;2020-01-31;88000
5914;5914;2020-01-31;107750
5915;5915;2020-01-31;41300
5916;5916;2020-01-31;63950
5917;5917;2020-01-31;116500
5918;5918;2020-01-31;85000
5919;5919;2020-01-31;112500
5920;5920;2020-01-31;319990
5921;5921;2020-01-31;13300
5922;5922;2020-01-31;120000
5923;5923;2020-01-31;105000
5924;5924;2020-01-31;220000
5925;5925;2020-01-31;70000
5926;5926;2020-01-31;45000
5927;5927;2020-01-31;90500
5928;5928;2020-01-31;137500
5929;5929;2020-01-31;223000
5930;5930;2020-01-31;35000
5931;5931;2020-01-31;35000
5932;5932;2020-01-31;52000
5933;5933;2020-01-31;53590
5934;5934;2020-01-31;126500
5935;5935;2020-01-31;172000
5936;5936;2020-01-31;38000
5937;5937;2020-01-31;89233
5938;5938;2020-01-31;72050
5939;5939;2020-01-31;34000
5940;5940;2020-01-31;463000
5941;5941;2020-01-31;105000
5942;5942;2020-01-31;95000
5943;5943;2020-01-31;73500
5944;5944;2020-01-31;142500
5945;5945;2020-01-31;62000
5946;5946;2020-01-31;183000
5947;5947;2020-01-31;173000
5948;5948;2020-01-31;82000
5949;5949;2020-01-31;185350
5950;5950;2020-01-31;176800
5951;5951;2020-01-31;300000
5952;5952;2020-01-31;65550
5953;5953;2020-01-31;114000
5954;5954;2020-01-31;245800
5955;5955;2020-01-31;143400
5956;5956;2020-01-31;63000
5957;5957;2020-01-31;67200
5958;5958;2020-01-31;22500
5959;5959;2020-01-31;78000
5960;5960;2020-01-31;100500
5961;5961;2020-01-31;182000
5962;5962;2020-01-31;162000
5963;5963;2020-01-31;83665
5964;5964;2020-01-31;200600
5965;5965;2020-01-31;196650
5966;5966;2020-01-31;138400
5967;5967;2020-01-31;281867
5968;5968;2020-01-31;522100
5969;5969;2020-01-31;175000
5970;5970;2020-01-31;65000
5971;5971;2020-01-31;425000
5972;5972;2020-01-31;158430
5973;5973;2020-01-31;72500
5974;5974;2020-01-31;317500
5975;5975;2020-01-31;182450
5976;5976;2020-01-31;198000
5977;5977;2020-01-31;415590
5978;5978;2020-01-31;957000
5979;5979;2020-01-31;211000
5980;5980;2020-01-31;755000
5981;5981;2020-01-31;460000
5982;5982;2020-01-31;265000
5983;5983;2020-01-31;384000
5984;5984;2020-01-31;34000
5985;5985;2020-01-31;97800
5986;5986;2020-01-31;31000
5987;5987;2020-01-31;163300
5988;5988;2020-01-31;306000
5989;5989;2020-01-31;258800
5990;5990;2020-01-31;184600
5991;5991;2020-01-31;599000
5992;5992;2020-01-31;68800
5993;5993;2020-01-31;1265000
5994;5994;2020-01-31;211545
5995;5995;2020-01-31;51775
5996;5996;2020-01-31;624080
5997;5997;2020-01-31;110000
5998;5998;2020-01-31;40445
5999;5999;2020-01-31;52500
6000;6000;2020-01-31;170000
6001;6001;2020-01-31;137280
6002;6002;2020-01-31;418000
6003;6003;2020-01-31;1430000
6004;6004;2020-01-31;932000
6005;6005;2020-01-31;860000
6006;6006;2020-01-31;543100
6007;6007;2020-01-31;416820
6008;6008;2020-01-31;900000
6009;6009;2020-01-31;642200
6010;6010;2020-01-31;470000
6011;6011;2020-01-31;368000
6012;6012;2020-01-31;122000
6013;6013;2020-01-31;268000
6014;6014;2020-01-31;2001400
6015;6015;2020-01-31;447000
6016;6016;2020-01-31;51875
6017;6017;2020-01-31;247000
6018;6018;2020-01-31;375000
6019;6019;2020-01-31;570270
6020;6020;2020-01-31;198000
6021;6021;2020-01-31;378000
6022;6022;2020-01-31;736000
6023;6023;2020-01-31;173000
6024;6024;2020-01-31;301600
6025;6025;2020-01-31;412000
6026;6026;2020-01-31;250500
6027;6027;2020-01-31;435450
6028;6028;2020-01-31;495000
6029;6029;2020-01-31;232000
6030;6030;2020-01-31;465500
6031;6031;2020-01-31;532600
6032;6032;2020-01-31;373000
6033;6033;2020-01-31;589000
6034;6034;2020-01-31;502000
6035;6035;2020-01-31;376000
6036;6036;2020-01-31;216000
6037;6037;2020-01-31;94000
6038;6038;2020-01-31;576000
6039;6039;2020-01-31;110000
6040;6040;2020-01-31;470450
6041;6041;2020-01-31;163700
6042;6042;2020-01-31;537000
6043;6043;2020-01-31;661000
6044;6044;2020-01-31;370200
6045;6045;2020-01-31;443700
6046;6046;2020-01-31;392200
6047;6047;2020-01-31;737320
6048;6048;2020-01-31;540000
6049;6049;2020-01-31;582450
6050;6050;2020-01-31;422500
6051;6051;2020-01-31;143000
6052;6052;2020-01-31;248600
6053;6053;2020-01-31;567400
6054;6054;2020-01-31;1544000
6055;6055;2020-01-31;443000
6056;6056;2020-01-31;168500
6057;6057;2020-01-31;524000
6058;6058;2020-01-31;295000
6059;6059;2020-01-31;180850
6060;6060;2020-01-31;1496250
6061;6061;2020-01-31;135000
6062;6062;2020-01-31;1241634
6063;6063;2020-01-31;595850
6064;6064;2020-01-31;1293100
6065;6065;2020-01-31;940872
6066;6066;2020-01-31;716610
6067;6067;2020-01-31;303590
6068;6068;2020-01-31;487700
6069;6069;2020-01-31;379000
6070;6070;2020-01-31;563322
6071;6071;2020-01-31;551700
6072;6072;2020-01-31;75000
6073;6073;2020-01-31;2100000
6074;6074;2020-01-31;194900
6075;6075;2020-01-31;528220
6076;6076;2020-01-31;843040
6077;6077;2020-01-31;132500
6078;6078;2020-01-31;335488
6079;6079;2020-01-31;134000
6080;6080;2020-01-31;522827
6081;6081;2020-01-31;853500
6082;6082;2020-01-31;496200
6083;6083;2020-01-31;770590
6084;6084;2020-01-31;370450
6085;6085;2020-01-31;628900
6086;6086;2020-01-31;48000
6087;6087;2020-01-31;75600
6088;6088;2020-01-31;156000
6089;6089;2020-01-31;140500
6090;6090;2020-01-31;64000
6091;6091;2020-01-31;92000
6092;6092;2020-01-31;84000
6093;6093;2020-01-31;144000
6094;6094;2020-01-31;153000
6095;6095;2020-01-31;78500
6096;6096;2020-01-31;202000
6097;6097;2020-01-31;128000
6098;6098;2020-01-31;171800
6099;6099;2020-01-31;137000
6100;6100;2020-01-31;110000
6101;6101;2020-01-31;115000
6102;6102;2020-01-31;159000
6103;6103;2020-01-31;85000
6104;6104;2020-01-31;300000
6105;6105;2020-01-31;103500
6106;6106;2020-01-31;212000
6107;6107;2020-01-31;170500
6108;6108;2020-01-31;256800
6109;6109;2020-01-31;74000
6110;6110;2020-01-31;118000
6111;6111;2020-01-31;190000
6112;6112;2020-01-31;133500
6113;6113;2020-01-31;273200
6114;6114;2020-01-31;159000
6115;6115;2020-01-31;210500
6116;6116;2020-01-31;184850
6117;6117;2020-01-31;262000
6118;6118;2020-01-31;182300
6119;6119;2020-01-31;345050
6120;6120;2020-01-31;136500
6121;6121;2020-01-31;115000
6122;6122;2020-01-31;260000
6123;6123;2020-01-31;189500
6124;6124;2020-01-31;148000
6125;6125;2020-01-31;249200
6126;6126;2020-01-31;137000
6127;6127;2020-01-31;190760
6128;6128;2020-01-31;267200
6129;6129;2020-01-31;139400
6130;6130;2020-01-31;107500
6131;6131;2020-01-31;150600
6132;6132;2020-01-31;202000
6133;6133;2020-01-31;243000
6134;6134;2020-01-31;207000
6135;6135;2020-01-31;118600
6136;6136;2020-01-31;241500
6137;6137;2020-01-31;234000
6138;6138;2020-01-31;276600
6139;6139;2020-01-31;473000
6140;6140;2020-01-31;72000
6141;6141;2020-01-31;59500
6142;6142;2020-01-31;92500
6143;6143;2020-01-31;26000
6144;6144;2020-01-31;186656
6145;6145;2020-01-31;32000
6146;6146;2020-01-31;159000
6147;6147;2020-01-31;348350
6148;6148;2020-01-31;600000
6149;6149;2020-01-31;389000
6150;6150;2020-01-31;142000
6151;6151;2020-01-31;76500
6152;6152;2020-01-31;93300
6153;6153;2020-01-31;272000
6154;6154;2020-01-31;565000
6155;6155;2020-01-31;386000
6156;6156;2020-01-31;230800
6157;6157;2020-01-31;152000
6158;6158;2020-01-31;77000
6159;6159;2020-01-31;310000
6160;6160;2020-01-31;235950
6161;6161;2020-01-31;72000
6162;6162;2020-01-31;101210
6163;6163;2020-01-31;132855
6164;6164;2020-01-31;88000
6165;6165;2020-01-31;74000
6166;6166;2020-01-31;54500
6167;6167;2020-01-31;128100
6168;6168;2020-01-31;118100
6169;6169;2020-01-31;147380
6170;6170;2020-01-31;169430
6171;6171;2020-01-31;50600
6172;6172;2020-01-31;68200
6173;6173;2020-01-31;105400
6174;6174;2020-01-31;38010
6175;6175;2020-01-31;20000
6176;6176;2020-01-31;105700
6177;6177;2020-01-31;76400
6178;6178;2020-01-31;50000
6179;6179;2020-01-31;142500
6180;6180;2020-01-31;262000
6181;6181;2020-01-31;284000
6182;6182;2020-01-31;119000
6183;6183;2020-01-31;396460
6184;6184;2020-01-31;83833
6185;6185;2020-01-31;155000
6186;6186;2020-01-31;182000
6187;6187;2020-01-31;296000
6188;6188;2020-01-31;139000
6189;6189;2020-01-31;86000
6190;6190;2020-01-31;97850
6191;6191;2020-01-31;293000
6192;6192;2020-01-31;194000
6193;6193;2020-01-31;105000
6194;6194;2020-01-31;209000
6195;6195;2020-01-31;158000
6196;6196;2020-01-31;468900
6197;6197;2020-01-31;484600
6198;6198;2020-01-31;179150
6199;6199;2020-01-31;560060
6200;6200;2020-01-31;218301
6201;6201;2020-01-31;138100
6202;6202;2020-01-31;400000
6203;6203;2020-01-31;632000
6204;6204;2020-01-31;572000
6205;6205;2020-01-31;589900
6206;6206;2020-01-31;500000
6207;6207;2020-01-31;129000
6208;6208;2020-01-31;35000
6209;6209;2020-01-31;275000
6210;6210;2020-01-31;242760
6211;6211;2020-01-31;420000
6212;6212;2020-01-31;120000
6213;6213;2020-01-31;300000
6214;6214;2020-01-31;245145
6215;6215;2020-01-31;687710
6216;6216;2020-01-31;161350
6217;6217;2020-01-31;333250
6218;6218;2020-01-31;380500
6219;6219;2020-01-31;135000
6220;6220;2020-01-31;670550
6221;6221;2020-01-31;476800
6222;6222;2020-01-31;620000
6223;6223;2020-01-31;179000
6224;6224;2020-01-31;207550
6225;6225;2020-01-31;424000
6226;6226;2020-01-31;112000
6227;6227;2020-01-31;262000
6228;6228;2020-01-31;258700
6229;6229;2020-01-31;475000
6230;6230;2020-01-31;250250
6231;6231;2020-01-31;109000
6232;6232;2020-01-31;332000
6233;6233;2020-01-31;408770
6234;6234;2020-01-31;343250
6235;6235;2020-01-31;262080
6236;6236;2020-01-31;284000
6237;6237;2020-01-31;158444
6238;6238;2020-01-31;96000
6239;6239;2020-01-31;106000
6240;6240;2020-01-31;115000
6241;6241;2020-01-31;123000
6242;6242;2020-01-31;262000
6243;6243;2020-01-31;239000
6244;6244;2020-01-31;657000
6245;6245;2020-01-31;227000
6246;6246;2020-01-31;423420
6247;6247;2020-01-31;251000
6248;6248;2020-01-31;350065
6249;6249;2020-01-31;203000
6250;6250;2020-01-31;290000
6251;6251;2020-01-31;181000
6252;6252;2020-01-31;209000
6253;6253;2020-01-31;185000
6254;6254;2020-01-31;426410
6255;6255;2020-01-31;95000
6256;6256;2020-01-31;171000
6257;6257;2020-01-31;305000
6258;6258;2020-01-31;333000
6259;6259;2020-01-31;194000
6260;6260;2020-01-31;341450
6261;6261;2020-01-31;414200
6262;6262;2020-01-31;162000
6263;6263;2020-01-31;190530
6264;6264;2020-01-31;165000
6265;6265;2020-01-31;658800
6266;6266;2020-01-31;227000
6267;6267;2020-01-31;184350
6268;6268;2020-01-31;232500
6269;6269;2020-01-31;190000
6270;6270;2020-01-31;170468
6271;6271;2020-01-31;458500
6272;6272;2020-01-31;328000
6273;6273;2020-01-31;170000
6274;6274;2020-01-31;324600
6275;6275;2020-01-31;207800
6276;6276;2020-01-31;116000
6277;6277;2020-01-31;273000
6278;6278;2020-01-31;213000
6279;6279;2020-01-31;218000
6280;6280;2020-01-31;700000
6281;6281;2020-01-31;245000
6282;6282;2020-01-31;201900
6283;6283;2020-01-31;318000
6284;6284;2020-01-31;570000
6285;6285;2020-01-31;655000
6286;6286;2020-01-31;368000
6287;6287;2020-01-31;204000
6288;6288;2020-01-31;365000
6289;6289;2020-01-31;400500
6290;6290;2020-01-31;99500
6291;6291;2020-01-31;230334
6292;6292;2020-01-31;179000
6293;6293;2020-01-31;337960
6294;6294;2020-01-31;71500
6295;6295;2020-01-31;130000
6296;6296;2020-01-31;171600
6297;6297;2020-01-31;615000
6298;6298;2020-01-31;426300
6299;6299;2020-01-31;185000
6300;6300;2020-01-31;327800
6301;6301;2020-01-31;207000
6302;6302;2020-01-31;79000
6303;6303;2020-01-31;199450
6304;6304;2020-01-31;360000
6305;6305;2020-01-31;97000
6306;6306;2020-01-31;200000
6307;6307;2020-01-31;132000
6308;6308;2020-01-31;54000
6309;6309;2020-01-31;155000
6310;6310;2020-01-31;108000
6311;6311;2020-01-31;250000
6312;6312;2020-01-31;45000
6313;6313;2020-01-31;151000
6314;6314;2020-01-31;115000
6315;6315;2020-02-01;76000
6316;6316;2020-02-01;98000
6317;6317;2020-02-01;740000
6318;6318;2020-02-01;88000
6319;6319;2020-02-01;33010
6320;6320;2020-02-01;50000
6321;6321;2020-02-01;256600
6322;6322;2020-02-01;159500
6323;6323;2020-02-01;165000
6324;6324;2020-02-01;66000
6325;6325;2020-02-01;290000
6326;6326;2020-02-01;29500
6327;6327;2020-02-01;368509
6328;6328;2020-02-01;184000
6329;6329;2020-02-01;255000
6330;6330;2020-02-01;89000
6331;6331;2020-02-01;105000
6332;6332;2020-02-01;150000
6333;6333;2020-02-01;29000
6334;6334;2020-02-01;173950
6335;6335;2020-02-01;153500
6336;6336;2020-02-01;86000
6337;6337;2020-02-01;273000
6338;6338;2020-02-01;139500
6339;6339;2020-02-01;353000
6340;6340;2020-02-03;67000
6341;6341;2020-02-03;140500
6342;6342;2020-02-03;135700
6343;6343;2020-02-03;56000
6344;6344;2020-02-03;332500
6345;6345;2020-02-03;79180
6346;6346;2020-02-03;123000
6347;6347;2020-02-03;244285
6348;6348;2020-02-03;117000
6349;6349;2020-02-03;291880
6350;6350;2020-02-03;178140
6351;6351;2020-02-03;95000
6352;6352;2020-02-03;270000
6353;6353;2020-02-03;107000
6354;6354;2020-02-03;500000
6355;6355;2020-02-03;259000
6356;6356;2020-02-03;42000
6357;6357;2020-02-03;68255
6358;6358;2020-02-03;54625
6359;6359;2020-02-03;93333
6360;6360;2020-02-03;139000
6361;6361;2020-02-03;117000
6362;6362;2020-02-03;66000
6363;6363;2020-02-03;67500
6364;6364;2020-02-03;106000
6365;6365;2020-02-03;214200
6366;6366;2020-02-03;213000
6367;6367;2020-02-03;136000
6368;6368;2020-02-03;257000
6369;6369;2020-02-03;242350
6370;6370;2020-02-03;160000
6371;6371;2020-02-03;8000
6372;6372;2020-02-03;106500
6373;6373;2020-02-03;138000
6374;6374;2020-02-03;160050
6375;6375;2020-02-03;54500
6376;6376;2020-02-03;92500
6377;6377;2020-02-03;162500
6378;6378;2020-02-03;174000
6379;6379;2020-02-03;141000
6380;6380;2020-02-03;205000
6381;6381;2020-02-03;120000
6382;6382;2020-02-03;62800
6383;6383;2020-02-03;32000
6384;6384;2020-02-03;67080
6385;6385;2020-02-03;102680
6386;6386;2020-02-03;246000
6387;6387;2020-02-03;110514
6388;6388;2020-02-03;150865
6389;6389;2020-02-03;138750
6390;6390;2020-02-03;262100
6391;6391;2020-02-03;184000
6392;6392;2020-02-03;136000
6393;6393;2020-02-03;123750
6394;6394;2020-02-03;98000
6395;6395;2020-02-03;156000
6396;6396;2020-02-03;179400
6397;6397;2020-02-03;206500
6398;6398;2020-02-03;129000
6399;6399;2020-02-03;120400
6400;6400;2020-02-03;75000
6401;6401;2020-02-03;118950
6402;6402;2020-02-03;87000
6403;6403;2020-02-03;175345
6404;6404;2020-02-03;258360
6405;6405;2020-02-03;120000
6406;6406;2020-02-03;85500
6407;6407;2020-02-03;130000
6408;6408;2020-02-03;148000
6409;6409;2020-02-03;63000
6410;6410;2020-02-03;37100
6411;6411;2020-02-03;114100
6412;6412;2020-02-03;112000
6413;6413;2020-02-03;217000
6414;6414;2020-02-03;58000
6415;6415;2020-02-03;227000
6416;6416;2020-02-03;132500
6417;6417;2020-02-03;73150
6418;6418;2020-02-03;169356
6419;6419;2020-02-03;106500
6420;6420;2020-02-03;73000
6421;6421;2020-02-03;117500
6422;6422;2020-02-03;69000
6423;6423;2020-02-03;238500
6424;6424;2020-02-03;170000
6425;6425;2020-02-03;112800
6426;6426;2020-02-03;80600
6427;6427;2020-02-03;214700
6428;6428;2020-02-03;151000
6429;6429;2020-02-03;85500
6430;6430;2020-02-03;37000
6431;6431;2020-02-03;89500
6432;6432;2020-02-03;122500
6433;6433;2020-02-03;102500
6434;6434;2020-02-03;52000
6435;6435;2020-02-03;100500
6436;6436;2020-02-03;66000
6437;6437;2020-02-03;52000
6438;6438;2020-02-03;282500
6439;6439;2020-02-03;147000
6440;6440;2020-02-03;38000
6441;6441;2020-02-03;185000
6442;6442;2020-02-03;52000
6443;6443;2020-02-03;121000
6444;6444;2020-02-03;51140
6445;6445;2020-02-03;100500
6446;6446;2020-02-03;183000
6447;6447;2020-02-03;124100
6448;6448;2020-02-03;56320
6449;6449;2020-02-03;178400
6450;6450;2020-02-03;91000
6451;6451;2020-02-03;182000
6452;6452;2020-02-03;270300
6453;6453;2020-02-03;65000
6454;6454;2020-02-03;219250
6455;6455;2020-02-03;95000
6456;6456;2020-02-03;196250
6457;6457;2020-02-03;310000
6458;6458;2020-02-03;105000
6459;6459;2020-02-03;290044
6460;6460;2020-02-03;33000
6461;6461;2020-02-03;759700
6462;6462;2020-02-03;367000
6463;6463;2020-02-03;619000
6464;6464;2020-02-03;520000
6465;6465;2020-02-03;556300
6466;6466;2020-02-03;942000
6467;6467;2020-02-03;15050
6468;6468;2020-02-03;151000
6469;6469;2020-02-03;830000
6470;6470;2020-02-03;523400
6471;6471;2020-02-03;264000
6472;6472;2020-02-03;196100
6473;6473;2020-02-03;492200
6474;6474;2020-02-03;609000
6475;6475;2020-02-03;565000
6476;6476;2020-02-03;252200
6477;6477;2020-02-03;284450
6478;6478;2020-02-03;249000
6479;6479;2020-02-03;346500
6480;6480;2020-02-03;656600
6481;6481;2020-02-03;207000
6482;6482;2020-02-03;1120000
6483;6483;2020-02-03;145250
6484;6484;2020-02-03;4075000
6485;6485;2020-02-03;1654000
6486;6486;2020-02-03;367425
6487;6487;2020-02-03;412480
6488;6488;2020-02-03;601410
6489;6489;2020-02-03;113000
6490;6490;2020-02-03;447000
6491;6491;2020-02-03;317000
6492;6492;2020-02-03;134400
6493;6493;2020-02-03;178000
6494;6494;2020-02-03;144500
6495;6495;2020-02-03;108696
6496;6496;2020-02-03;200000
6497;6497;2020-02-03;153800
6498;6498;2020-02-03;67000
6499;6499;2020-02-03;176200
6500;6500;2020-02-03;128500
6501;6501;2020-02-03;230000
6502;6502;2020-02-03;240050
6503;6503;2020-02-03;144000
6504;6504;2020-02-03;173750
6505;6505;2020-02-03;158800
6506;6506;2020-02-03;169000
6507;6507;2020-02-03;382000
6508;6508;2020-02-03;274250
6509;6509;2020-02-03;109000
6510;6510;2020-02-03;151000
6511;6511;2020-02-03;428000
6512;6512;2020-02-03;140125
6513;6513;2020-02-03;65000
6514;6514;2020-02-03;740000
6515;6515;2020-02-03;123000
6516;6516;2020-02-03;107650
6517;6517;2020-02-03;177500
6518;6518;2020-02-03;144500
6519;6519;2020-02-03;63200
6520;6520;2020-02-03;168833
6521;6521;2020-02-03;261000
6522;6522;2020-02-03;49900
6523;6523;2020-02-03;90000
6524;6524;2020-02-03;192900
6525;6525;2020-02-03;185200
6526;6526;2020-02-03;145000
6527;6527;2020-02-03;72000
6528;6528;2020-02-03;65000
6529;6529;2020-02-03;151600
6530;6530;2020-02-03;145000
6531;6531;2020-02-03;147000
6532;6532;2020-02-03;129200
6533;6533;2020-02-03;207000
6534;6534;2020-02-03;639000
6535;6535;2020-02-03;525715
6536;6536;2020-02-03;725000
6537;6537;2020-02-03;75700
6538;6538;2020-02-03;671450
6539;6539;2020-02-03;546500
6540;6540;2020-02-03;220000
6541;6541;2020-02-03;578000
6542;6542;2020-02-03;364550
6543;6543;2020-02-03;535000
6544;6544;2020-02-03;429244
6545;6545;2020-02-03;517900
6546;6546;2020-02-03;468700
6547;6547;2020-02-03;340000
6548;6548;2020-02-03;345000
6549;6549;2020-02-03;237000
6550;6550;2020-02-03;195000
6551;6551;2020-02-03;105000
6552;6552;2020-02-03;179000
6553;6553;2020-02-03;138000
6554;6554;2020-02-03;285000
6555;6555;2020-02-03;192000
6556;6556;2020-02-03;585000
6557;6557;2020-02-03;187000
6558;6558;2020-02-03;200000
6559;6559;2020-02-03;173000
6560;6560;2020-02-03;168000
6561;6561;2020-02-03;388000
6562;6562;2020-02-03;330000
6563;6563;2020-02-03;267000
6564;6564;2020-02-03;246090
6565;6565;2020-02-03;160000
6566;6566;2020-02-03;168690
6567;6567;2020-02-03;165340
6568;6568;2020-02-03;225000
6569;6569;2020-02-03;234000
6570;6570;2020-02-03;344000
6571;6571;2020-02-03;110000
6572;6572;2020-02-03;129600
6573;6573;2020-02-03;456900
6574;6574;2020-02-03;585000
6575;6575;2020-02-03;230000
6576;6576;2020-02-03;480000
6577;6577;2020-02-03;69000
6578;6578;2020-02-03;445000
6579;6579;2020-02-03;75000
6580;6580;2020-02-03;306000
6581;6581;2020-02-03;226000
6582;6582;2020-02-03;214600
6583;6583;2020-02-03;108730
6584;6584;2020-02-04;152900
6585;6585;2020-02-04;152470
6586;6586;2020-02-04;57000
6587;6587;2020-02-04;181000
6588;6588;2020-02-04;61000
6589;6589;2020-02-04;37000
6590;6590;2020-02-04;115000
6591;6591;2020-02-04;124500
6592;6592;2020-02-04;211500
6593;6593;2020-02-04;70000
6594;6594;2020-02-04;142000
6595;6595;2020-02-04;78850
6596;6596;2020-02-04;73552
6597;6597;2020-02-04;150100
6598;6598;2020-02-04;375000
6599;6599;2020-02-04;77000
6600;6600;2020-02-04;190000
6601;6601;2020-02-04;280500
6602;6602;2020-02-04;89000
6603;6603;2020-02-04;63000
6604;6604;2020-02-04;184000
6605;6605;2020-02-04;178000
6606;6606;2020-02-04;205000
6607;6607;2020-02-04;265000
6608;6608;2020-02-04;88500
6609;6609;2020-02-04;163000
6610;6610;2020-02-04;34000
6611;6611;2020-02-04;87000
6612;6612;2020-02-04;39000
6613;6613;2020-02-04;88500
6614;6614;2020-02-04;108000
6615;6615;2020-02-04;109000
6616;6616;2020-02-04;99052
6617;6617;2020-02-04;40001
6618;6618;2020-02-04;125200
6619;6619;2020-02-04;35000
6620;6620;2020-02-04;185000
6621;6621;2020-02-04;74000
6622;6622;2020-02-04;23000
6623;6623;2020-02-04;155762
6624;6624;2020-02-04;58200
6625;6625;2020-02-04;53500
6626;6626;2020-02-04;154900
6627;6627;2020-02-04;235400
6628;6628;2020-02-04;172250
6629;6629;2020-02-04;160500
6630;6630;2020-02-04;466400
6631;6631;2020-02-04;905000
6632;6632;2020-02-04;168000
6633;6633;2020-02-04;157000
6634;6634;2020-02-04;144000
6635;6635;2020-02-04;60000
6636;6636;2020-02-04;143810
6637;6637;2020-02-04;158800
6638;6638;2020-02-04;182770
6639;6639;2020-02-04;96000
6640;6640;2020-02-04;145800
6641;6641;2020-02-04;97000
6642;6642;2020-02-04;231100
6643;6643;2020-02-04;90500
6644;6644;2020-02-04;214500
6645;6645;2020-02-04;112000
6646;6646;2020-02-04;122550
6647;6647;2020-02-04;73000
6648;6648;2020-02-04;186500
6649;6649;2020-02-04;113000
6650;6650;2020-02-04;103000
6651;6651;2020-02-04;294950
6652;6652;2020-02-04;192000
6653;6653;2020-02-04;111600
6654;6654;2020-02-04;111000
6655;6655;2020-02-04;87000
6656;6656;2020-02-04;121000
6657;6657;2020-02-04;129000
6658;6658;2020-02-04;110000
6659;6659;2020-02-04;146300
6660;6660;2020-02-04;29000
6661;6661;2020-02-04;46000
6662;6662;2020-02-04;148575
6663;6663;2020-02-04;332000
6664;6664;2020-02-04;24000
6665;6665;2020-02-04;93000
6666;6666;2020-02-04;167000
6667;6667;2020-02-04;176195
6668;6668;2020-02-04;85000
6669;6669;2020-02-04;70000
6670;6670;2020-02-04;210700
6671;6671;2020-02-04;124700
6672;6672;2020-02-04;100000
6673;6673;2020-02-04;50000
6674;6674;2020-02-04;59000
6675;6675;2020-02-04;117500
6676;6676;2020-02-04;368000
6677;6677;2020-02-04;192500
6678;6678;2020-02-04;98800
6679;6679;2020-02-04;120000
6680;6680;2020-02-04;271020
6681;6681;2020-02-04;28800
6682;6682;2020-02-04;147027
6683;6683;2020-02-04;479000
6684;6684;2020-02-04;774350
6685;6685;2020-02-04;340000
6686;6686;2020-02-04;355000
6687;6687;2020-02-04;634000
6688;6688;2020-02-04;127195
6689;6689;2020-02-04;134500
6690;6690;2020-02-04;169000
6691;6691;2020-02-04;254370
6692;6692;2020-02-04;277000
6693;6693;2020-02-04;252000
6694;6694;2020-02-04;634600
6695;6695;2020-02-04;302000
6696;6696;2020-02-04;374200
6697;6697;2020-02-04;1195850
6698;6698;2020-02-04;875000
6699;6699;2020-02-04;814900
6700;6700;2020-02-04;1361000
6701;6701;2020-02-04;2765000
6702;6702;2020-02-04;268000
6703;6703;2020-02-04;203600
6704;6704;2020-02-04;335600
6705;6705;2020-02-04;355500
6706;6706;2020-02-04;628900
6707;6707;2020-02-04;299500
6708;6708;2020-02-04;74000
6709;6709;2020-02-04;98800
6710;6710;2020-02-04;1024000
6711;6711;2020-02-04;507000
6712;6712;2020-02-04;591300
6713;6713;2020-02-04;614000
6714;6714;2020-02-04;187840
6715;6715;2020-02-04;315000
6716;6716;2020-02-04;130000
6717;6717;2020-02-04;45000
6718;6718;2020-02-04;80000
6719;6719;2020-02-04;104000
6720;6720;2020-02-04;339900
6721;6721;2020-02-04;164000
6722;6722;2020-02-04;410970
6723;6723;2020-02-04;448000
6724;6724;2020-02-04;209000
6725;6725;2020-02-04;478600
6726;6726;2020-02-04;265000
6727;6727;2020-02-04;115000
6728;6728;2020-02-04;623000
6729;6729;2020-02-04;494400
6730;6730;2020-02-04;208800
6731;6731;2020-02-04;284500
6732;6732;2020-02-04;280000
6733;6733;2020-02-04;414750
6734;6734;2020-02-04;190000
6735;6735;2020-02-04;229000
6736;6736;2020-02-04;173520
6737;6737;2020-02-04;59875
6738;6738;2020-02-04;190000
6739;6739;2020-02-04;141000
6740;6740;2020-02-04;465000
6741;6741;2020-02-04;630000
6742;6742;2020-02-04;76800
6743;6743;2020-02-04;114050
6744;6744;2020-02-04;85450
6745;6745;2020-02-04;155000
6746;6746;2020-02-04;138000
6747;6747;2020-02-04;112500
6748;6748;2020-02-04;115810
6749;6749;2020-02-04;30400
6750;6750;2020-02-04;355000
6751;6751;2020-02-04;131000
6752;6752;2020-02-04;77000
6753;6753;2020-02-04;161000
6754;6754;2020-02-04;164000
6755;6755;2020-02-04;84000
6756;6756;2020-02-04;143000
6757;6757;2020-02-04;70500
6758;6758;2020-02-04;105000
6759;6759;2020-02-04;503245
6760;6760;2020-02-04;144000
6761;6761;2020-02-04;485000
6762;6762;2020-02-04;493000
6763;6763;2020-02-04;315000
6764;6764;2020-02-04;295000
6765;6765;2020-02-04;247000
6766;6766;2020-02-04;685330
6767;6767;2020-02-04;325000
6768;6768;2020-02-04;490337
6769;6769;2020-02-04;480000
6770;6770;2020-02-04;167500
6771;6771;2020-02-04;339000
6772;6772;2020-02-04;140800
6773;6773;2020-02-04;401524
6774;6774;2020-02-04;236500
6775;6775;2020-02-04;179000
6776;6776;2020-02-04;223625
6777;6777;2020-02-04;149200
6778;6778;2020-02-04;220000
6779;6779;2020-02-04;135000
6780;6780;2020-02-04;140000
6781;6781;2020-02-04;153000
6782;6782;2020-02-04;410000
6783;6783;2020-02-04;104500
6784;6784;2020-02-04;311800
6785;6785;2020-02-04;339000
6786;6786;2020-02-04;215000
6787;6787;2020-02-04;589496
6788;6788;2020-02-04;295000
6789;6789;2020-02-04;405000
6790;6790;2020-02-04;242550
6791;6791;2020-02-04;245000
6792;6792;2020-02-04;172610
6793;6793;2020-02-04;324591
6794;6794;2020-02-04;305000
6795;6795;2020-02-04;205900
6796;6796;2020-02-04;171800
6797;6797;2020-02-04;316000
6798;6798;2020-02-04;170000
6799;6799;2020-02-04;156000
6800;6800;2020-02-04;217500
6801;6801;2020-02-04;248770
6802;6802;2020-02-04;206000
6803;6803;2020-02-04;198300
6804;6804;2020-02-04;239500
6805;6805;2020-02-04;280000
6806;6806;2020-02-04;100000
6807;6807;2020-02-05;62500
6808;6808;2020-02-05;31000
6809;6809;2020-02-05;68000
6810;6810;2020-02-05;352300
6811;6811;2020-02-05;90000
6812;6812;2020-02-05;75000
6813;6813;2020-02-05;220000
6814;6814;2020-02-05;190000
6815;6815;2020-02-05;265000
6816;6816;2020-02-05;107100
6817;6817;2020-02-05;64500
6818;6818;2020-02-05;95850
6819;6819;2020-02-05;250000
6820;6820;2020-02-05;228800
6821;6821;2020-02-05;1022000
6822;6822;2020-02-05;149870
6823;6823;2020-02-05;330900
6824;6824;2020-02-05;300000
6825;6825;2020-02-05;83000
6826;6826;2020-02-05;157000
6827;6827;2020-02-05;56000
6828;6828;2020-02-05;105000
6829;6829;2020-02-05;77900
6830;6830;2020-02-05;140000
6831;6831;2020-02-05;254704
6832;6832;2020-02-05;105000
6833;6833;2020-02-05;148220
6834;6834;2020-02-05;161200
6835;6835;2020-02-05;60000
6836;6836;2020-02-05;105000
6837;6837;2020-02-05;80000
6838;6838;2020-02-05;79000
6839;6839;2020-02-05;53000
6840;6840;2020-02-05;113000
6841;6841;2020-02-05;86000
6842;6842;2020-02-05;193000
6843;6843;2020-02-05;75000
6844;6844;2020-02-05;344500
6845;6845;2020-02-05;31500
6846;6846;2020-02-05;220000
6847;6847;2020-02-05;52370
6848;6848;2020-02-05;99500
6849;6849;2020-02-05;55000
6850;6850;2020-02-05;126920
6851;6851;2020-02-05;223200
6852;6852;2020-02-05;92230
6853;6853;2020-02-05;110000
6854;6854;2020-02-05;335000
6855;6855;2020-02-05;177000
6856;6856;2020-02-05;149000
6857;6857;2020-02-05;105540
6858;6858;2020-02-05;233400
6859;6859;2020-02-05;108000
6860;6860;2020-02-05;108000
6861;6861;2020-02-05;67000
6862;6862;2020-02-05;60000
6863;6863;2020-02-05;77850
6864;6864;2020-02-05;111000
6865;6865;2020-02-05;58500
6866;6866;2020-02-05;55860
6867;6867;2020-02-05;87500
6868;6868;2020-02-05;95000
6869;6869;2020-02-05;225800
6870;6870;2020-02-05;226300
6871;6871;2020-02-05;93000
6872;6872;2020-02-05;69710
6873;6873;2020-02-05;38850
6874;6874;2020-02-05;19015
6875;6875;2020-02-05;102400
6876;6876;2020-02-05;100000
6877;6877;2020-02-05;92000
6878;6878;2020-02-05;69000
6879;6879;2020-02-05;114000
6880;6880;2020-02-05;42500
6881;6881;2020-02-05;6000
6882;6882;2020-02-05;69000
6883;6883;2020-02-05;37000
6884;6884;2020-02-05;96500
6885;6885;2020-02-05;212250
6886;6886;2020-02-05;17500
6887;6887;2020-02-05;94500
6888;6888;2020-02-05;186400
6889;6889;2020-02-05;277750
6890;6890;2020-02-05;156000
6891;6891;2020-02-05;117354
6892;6892;2020-02-05;169300
6893;6893;2020-02-05;77000
6894;6894;2020-02-05;199800
6895;6895;2020-02-05;243000
6896;6896;2020-02-05;70000
6897;6897;2020-02-05;49140
6898;6898;2020-02-05;440000
6899;6899;2020-02-05;74500
6900;6900;2020-02-05;43000
6901;6901;2020-02-05;72000
6902;6902;2020-02-05;102000
6903;6903;2020-02-05;41500
6904;6904;2020-02-05;51000
6905;6905;2020-02-05;69111
6906;6906;2020-02-05;22500
6907;6907;2020-02-05;161000
6908;6908;2020-02-05;126900
6909;6909;2020-02-05;81250
6910;6910;2020-02-05;159000
6911;6911;2020-02-05;123550
6912;6912;2020-02-05;113748
6913;6913;2020-02-05;223750
6914;6914;2020-02-05;53000
6915;6915;2020-02-05;43290
6916;6916;2020-02-05;320000
6917;6917;2020-02-05;124000
6918;6918;2020-02-05;133950
6919;6919;2020-02-05;244800
6920;6920;2020-02-05;175000
6921;6921;2020-02-05;365000
6922;6922;2020-02-05;860000
6923;6923;2020-02-05;62500
6924;6924;2020-02-05;54500
6925;6925;2020-02-05;93400
6926;6926;2020-02-05;58200
6927;6927;2020-02-05;148450
6928;6928;2020-02-05;250800
6929;6929;2020-02-05;215000
6930;6930;2020-02-05;122900
6931;6931;2020-02-05;72500
6932;6932;2020-02-05;970000
6933;6933;2020-02-05;390000
6934;6934;2020-02-05;390000
6935;6935;2020-02-05;179000
6936;6936;2020-02-05;126000
6937;6937;2020-02-05;591600
6938;6938;2020-02-05;767900
6939;6939;2020-02-05;391000
6940;6940;2020-02-05;299100
6941;6941;2020-02-05;212000
6942;6942;2020-02-05;261250
6943;6943;2020-02-05;179896
6944;6944;2020-02-05;815000
6945;6945;2020-02-05;203000
6946;6946;2020-02-05;385000
6947;6947;2020-02-05;323000
6948;6948;2020-02-05;275000
6949;6949;2020-02-05;222000
6950;6950;2020-02-05;524000
6951;6951;2020-02-05;363500
6952;6952;2020-02-05;155000
6953;6953;2020-02-05;891500
6954;6954;2020-02-05;202200
6955;6955;2020-02-05;514500
6956;6956;2020-02-05;2370000
6957;6957;2020-02-05;1545000
6958;6958;2020-02-05;105000
6959;6959;2020-02-05;465800
6960;6960;2020-02-05;356000
6961;6961;2020-02-05;198000
6962;6962;2020-02-05;523007
6963;6963;2020-02-05;78000
6964;6964;2020-02-05;415900
6965;6965;2020-02-05;559000
6966;6966;2020-02-05;337200
6967;6967;2020-02-05;223299
6968;6968;2020-02-05;111000
6969;6969;2020-02-05;80000
6970;6970;2020-02-05;195000
6971;6971;2020-02-05;105000
6972;6972;2020-02-05;114000
6973;6973;2020-02-05;169812
6974;6974;2020-02-05;164000
6975;6975;2020-02-05;259100
6976;6976;2020-02-05;70000
6977;6977;2020-02-05;199990
6978;6978;2020-02-05;111000
6979;6979;2020-02-05;110000
6980;6980;2020-02-05;168000
6981;6981;2020-02-05;190000
6982;6982;2020-02-05;123500
6983;6983;2020-02-05;114000
6984;6984;2020-02-05;243350
6985;6985;2020-02-05;430000
6986;6986;2020-02-05;453143
6987;6987;2020-02-05;406500
6988;6988;2020-02-05;297760
6989;6989;2020-02-05;280000
6990;6990;2020-02-05;125000
6991;6991;2020-02-05;174700
6992;6992;2020-02-05;204786
6993;6993;2020-02-05;156500
6994;6994;2020-02-05;112170
6995;6995;2020-02-05;176000
6996;6996;2020-02-05;154350
6997;6997;2020-02-05;288000
6998;6998;2020-02-05;67500
6999;6999;2020-02-05;81500
7000;7000;2020-02-05;197700
7001;7001;2020-02-05;25000
7002;7002;2020-02-05;55000
7003;7003;2020-02-05;26100
7004;7004;2020-02-05;17500
7005;7005;2020-02-05;19500
7006;7006;2020-02-05;234000
7007;7007;2020-02-05;78000
7008;7008;2020-02-05;97000
7009;7009;2020-02-05;146088
7010;7010;2020-02-05;55000
7011;7011;2020-02-05;265000
7012;7012;2020-02-05;143600
7013;7013;2020-02-05;521000
7014;7014;2020-02-05;430000
7015;7015;2020-02-05;411000
7016;7016;2020-02-05;250000
7017;7017;2020-02-05;124000
7018;7018;2020-02-05;80000
7019;7019;2020-02-05;212000
7020;7020;2020-02-05;643000
7021;7021;2020-02-05;505000
7022;7022;2020-02-05;97225
7023;7023;2020-02-05;820000
7024;7024;2020-02-05;386500
7025;7025;2020-02-05;100000
7026;7026;2020-02-05;378000
7027;7027;2020-02-05;183823
7028;7028;2020-02-05;1628400
7029;7029;2020-02-05;420500
7030;7030;2020-02-05;244000
7031;7031;2020-02-05;642450
7032;7032;2020-02-05;488700
7033;7033;2020-02-05;272000
7034;7034;2020-02-05;175500
7035;7035;2020-02-05;216000
7036;7036;2020-02-05;370000
7037;7037;2020-02-05;840360
7038;7038;2020-02-05;203000
7039;7039;2020-02-05;188000
7040;7040;2020-02-05;187000
7041;7041;2020-02-05;105000
7042;7042;2020-02-05;645000
7043;7043;2020-02-05;305510
7044;7044;2020-02-05;345000
7045;7045;2020-02-05;96095
7046;7046;2020-02-05;191930
7047;7047;2020-02-05;93750
7048;7048;2020-02-05;96000
7049;7049;2020-02-05;285000
7050;7050;2020-02-05;161900
7051;7051;2020-02-05;292000
7052;7052;2020-02-05;240000
7053;7053;2020-02-05;487950
7054;7054;2020-02-05;428000
7055;7055;2020-02-05;192400
7056;7056;2020-02-05;530000
7057;7057;2020-02-05;180500
7058;7058;2020-02-05;92000
7059;7059;2020-02-05;87000
7060;7060;2020-02-05;188000
7061;7061;2020-02-05;76000
7062;7062;2020-02-05;247000
7063;7063;2020-02-05;180000
7064;7064;2020-02-05;290000
7065;7065;2020-02-05;175000
7066;7066;2020-02-05;134250
7067;7067;2020-02-05;168000
7068;7068;2020-02-06;475150
7069;7069;2020-02-06;220000
7070;7070;2020-02-06;37015
7071;7071;2020-02-06;39000
7072;7072;2020-02-06;52300
7073;7073;2020-02-06;240624
7074;7074;2020-02-06;194500
7075;7075;2020-02-06;181420
7076;7076;2020-02-06;361500
7077;7077;2020-02-06;74000
7078;7078;2020-02-06;310000
7079;7079;2020-02-06;162000
7080;7080;2020-02-06;169000
7081;7081;2020-02-06;157700
7082;7082;2020-02-06;78500
7083;7083;2020-02-06;107600
7084;7084;2020-02-06;138500
7085;7085;2020-02-06;417000
7086;7086;2020-02-06;151592
7087;7087;2020-02-06;116000
7088;7088;2020-02-06;280000
7089;7089;2020-02-06;207580
7090;7090;2020-02-06;76500
7091;7091;2020-02-06;202000
7092;7092;2020-02-06;39000
7093;7093;2020-02-06;133500
7094;7094;2020-02-06;134500
7095;7095;2020-02-06;182000
7096;7096;2020-02-06;109000
7097;7097;2020-02-06;115000
7098;7098;2020-02-06;71700
7099;7099;2020-02-06;68000
7100;7100;2020-02-06;58000
7101;7101;2020-02-06;120000
7102;7102;2020-02-06;725000
7103;7103;2020-02-06;306600
7104;7104;2020-02-06;150000
7105;7105;2020-02-06;340000
7106;7106;2020-02-06;88000
7107;7107;2020-02-06;250300
7108;7108;2020-02-06;41000
7109;7109;2020-02-06;255000
7110;7110;2020-02-06;124700
7111;7111;2020-02-06;72000
7112;7112;2020-02-06;147500
7113;7113;2020-02-06;95000
7114;7114;2020-02-06;275000
7115;7115;2020-02-06;162330
7116;7116;2020-02-06;180000
7117;7117;2020-02-06;144090
7118;7118;2020-02-06;109900
7119;7119;2020-02-06;235400
7120;7120;2020-02-06;131600
7121;7121;2020-02-06;204870
7122;7122;2020-02-06;215000
7123;7123;2020-02-06;115000
7124;7124;2020-02-06;159200
7125;7125;2020-02-06;207000
7126;7126;2020-02-06;280000
7127;7127;2020-02-06;138000
7128;7128;2020-02-06;102500
7129;7129;2020-02-06;253000
7130;7130;2020-02-06;199000
7131;7131;2020-02-06;217000
7132;7132;2020-02-06;202000
7133;7133;2020-02-06;325000
7134;7134;2020-02-06;261000
7135;7135;2020-02-06;40000
7136;7136;2020-02-06;112500
7137;7137;2020-02-06;447916
7138;7138;2020-02-06;43500
7139;7139;2020-02-06;62500
7140;7140;2020-02-06;82500
7141;7141;2020-02-06;160000
7142;7142;2020-02-06;126000
7143;7143;2020-02-06;129050
7144;7144;2020-02-06;35625
7145;7145;2020-02-06;68400
7146;7146;2020-02-06;128400
7147;7147;2020-02-06;189000
7148;7148;2020-02-06;134660
7149;7149;2020-02-06;122000
7150;7150;2020-02-06;89000
7151;7151;2020-02-06;80000
7152;7152;2020-02-06;52000
7153;7153;2020-02-06;61600
7154;7154;2020-02-06;66200
7155;7155;2020-02-06;145500
7156;7156;2020-02-06;114000
7157;7157;2020-02-06;111500
7158;7158;2020-02-06;88000
7159;7159;2020-02-06;113000
7160;7160;2020-02-06;87000
7161;7161;2020-02-06;105050
7162;7162;2020-02-06;51000
7163;7163;2020-02-06;40000
7164;7164;2020-02-06;114000
7165;7165;2020-02-06;42000
7166;7166;2020-02-06;189000
7167;7167;2020-02-06;52000
7168;7168;2020-02-06;46300
7169;7169;2020-02-06;221000
7170;7170;2020-02-06;120150
7171;7171;2020-02-06;36000
7172;7172;2020-02-06;47000
7173;7173;2020-02-06;22500
7174;7174;2020-02-06;103250
7175;7175;2020-02-06;250000
7176;7176;2020-02-06;135000
7177;7177;2020-02-06;270000
7178;7178;2020-02-06;312000
7179;7179;2020-02-06;533000
7180;7180;2020-02-06;132950
7181;7181;2020-02-06;205500
7182;7182;2020-02-06;200000
7183;7183;2020-02-06;247000
7184;7184;2020-02-06;164000
7185;7185;2020-02-06;98000
7186;7186;2020-02-06;377000
7187;7187;2020-02-06;148500
7188;7188;2020-02-06;163630
7189;7189;2020-02-06;49000
7190;7190;2020-02-06;121500
7191;7191;2020-02-06;184000
7192;7192;2020-02-06;163500
7193;7193;2020-02-06;509650
7194;7194;2020-02-06;130000
7195;7195;2020-02-06;985000
7196;7196;2020-02-06;508200
7197;7197;2020-02-06;614000
7198;7198;2020-02-06;276000
7199;7199;2020-02-06;4100000
7200;7200;2020-02-06;787500
7201;7201;2020-02-06;1604000
7202;7202;2020-02-06;450000
7203;7203;2020-02-06;191940
7204;7204;2020-02-06;1160000
7205;7205;2020-02-06;366100
7206;7206;2020-02-06;457300
7207;7207;2020-02-06;572500
7208;7208;2020-02-06;307000
7209;7209;2020-02-06;1160000
7210;7210;2020-02-06;385000
7211;7211;2020-02-06;341000
7212;7212;2020-02-06;105000
7213;7213;2020-02-06;214000
7214;7214;2020-02-06;647000
7215;7215;2020-02-06;499000
7216;7216;2020-02-06;328000
7217;7217;2020-02-06;473000
7218;7218;2020-02-06;325200
7219;7219;2020-02-06;414000
7220;7220;2020-02-06;405400
7221;7221;2020-02-06;849300
7222;7222;2020-02-06;311550
7223;7223;2020-02-06;675400
7224;7224;2020-02-06;207547
7225;7225;2020-02-06;2247584
7226;7226;2020-02-06;999000
7227;7227;2020-02-06;442400
7228;7228;2020-02-06;339000
7229;7229;2020-02-06;978700
7230;7230;2020-02-06;1100000
7231;7231;2020-02-06;427000
7232;7232;2020-02-06;647250
7233;7233;2020-02-06;108000
7234;7234;2020-02-06;272500
7235;7235;2020-02-06;171000
7236;7236;2020-02-06;247500
7237;7237;2020-02-06;1110000
7238;7238;2020-02-06;342000
7239;7239;2020-02-06;107000
7240;7240;2020-02-06;310500
7241;7241;2020-02-06;199000
7242;7242;2020-02-06;88000
7243;7243;2020-02-06;162000
7244;7244;2020-02-06;79900
7245;7245;2020-02-06;203000
7246;7246;2020-02-06;65000
7247;7247;2020-02-06;99000
7248;7248;2020-02-06;141000
7249;7249;2020-02-06;146330
7250;7250;2020-02-06;468000
7251;7251;2020-02-06;170000
7252;7252;2020-02-06;300000
7253;7253;2020-02-06;172900
7254;7254;2020-02-06;163300
7255;7255;2020-02-06;147380
7256;7256;2020-02-06;158400
7257;7257;2020-02-06;651500
7258;7258;2020-02-06;240020
7259;7259;2020-02-06;186620
7260;7260;2020-02-06;1150000
7261;7261;2020-02-06;70000
7262;7262;2020-02-06;197950
7263;7263;2020-02-06;84000
7264;7264;2020-02-06;219000
7265;7265;2020-02-06;164000
7266;7266;2020-02-06;258000
7267;7267;2020-02-06;120400
7268;7268;2020-02-06;69000
7269;7269;2020-02-06;131090
7270;7270;2020-02-06;81000
7271;7271;2020-02-06;130000
7272;7272;2020-02-06;45000
7273;7273;2020-02-06;106000
7274;7274;2020-02-06;43000
7275;7275;2020-02-06;173000
7276;7276;2020-02-06;102000
7277;7277;2020-02-06;139000
7278;7278;2020-02-06;208000
7279;7279;2020-02-06;114300
7280;7280;2020-02-06;139000
7281;7281;2020-02-06;198000
7282;7282;2020-02-06;97000
7283;7283;2020-02-06;111590
7284;7284;2020-02-06;60000
7285;7285;2020-02-06;127800
7286;7286;2020-02-06;535600
7287;7287;2020-02-06;148600
7288;7288;2020-02-06;457000
7289;7289;2020-02-06;152000
7290;7290;2020-02-06;87000
7291;7291;2020-02-06;205000
7292;7292;2020-02-06;115500
7293;7293;2020-02-06;307500
7294;7294;2020-02-06;237000
7295;7295;2020-02-06;560000
7296;7296;2020-02-06;321000
7297;7297;2020-02-06;435000
7298;7298;2020-02-06;591800
7299;7299;2020-02-06;319000
7300;7300;2020-02-06;281300
7301;7301;2020-02-06;135238
7302;7302;2020-02-06;685000
7303;7303;2020-02-06;533760
7304;7304;2020-02-06;600000
7305;7305;2020-02-06;210000
7306;7306;2020-02-06;420000
7307;7307;2020-02-06;220000
7308;7308;2020-02-06;186000
7309;7309;2020-02-06;776450
7310;7310;2020-02-06;140000
7311;7311;2020-02-06;378000
7312;7312;2020-02-06;559950
7313;7313;2020-02-06;376060
7314;7314;2020-02-06;390700
7315;7315;2020-02-06;451700
7316;7316;2020-02-06;890000
7317;7317;2020-02-06;761600
7318;7318;2020-02-06;499300
7319;7319;2020-02-06;394990
7320;7320;2020-02-06;318000
7321;7321;2020-02-06;110000
7322;7322;2020-02-06;469500
7323;7323;2020-02-06;297000
7324;7324;2020-02-06;85000
7325;7325;2020-02-06;89100
7326;7326;2020-02-06;76000
7327;7327;2020-02-06;236000
7328;7328;2020-02-06;185455
7329;7329;2020-02-06;103000
7330;7330;2020-02-06;24554
7331;7331;2020-02-06;336000
7332;7332;2020-02-06;386000
7333;7333;2020-02-06;216000
7334;7334;2020-02-06;295000
7335;7335;2020-02-06;365000
7336;7336;2020-02-06;250000
7337;7337;2020-02-06;80000
7338;7338;2020-02-06;231000
7339;7339;2020-02-06;164000
7340;7340;2020-02-06;114500
7341;7341;2020-02-06;220384
7342;7342;2020-02-06;900000
7343;7343;2020-02-06;137000
7344;7344;2020-02-06;207500
7345;7345;2020-02-06;151650
7346;7346;2020-02-06;237200
7347;7347;2020-02-06;172500
7348;7348;2020-02-06;206000
7349;7349;2020-02-06;236000
7350;7350;2020-02-06;179900
7351;7351;2020-02-06;179000
7352;7352;2020-02-06;418000
7353;7353;2020-02-06;156500
7354;7354;2020-02-06;535000
7355;7355;2020-02-06;52000
7356;7356;2020-02-06;86000
7357;7357;2020-02-06;400000
7358;7358;2020-02-06;448500
7359;7359;2020-02-06;389750
7360;7360;2020-02-06;197000
7361;7361;2020-02-06;144000
7362;7362;2020-02-06;76000
7363;7363;2020-02-06;134000
7364;7364;2020-02-06;133000
7365;7365;2020-02-06;249000
7366;7366;2020-02-06;254000
7367;7367;2020-02-06;157000
7368;7368;2020-02-06;123000
7369;7369;2020-02-06;179000
7370;7370;2020-02-06;129000
7371;7371;2020-02-06;175000
7372;7372;2020-02-07;164665
7373;7373;2020-02-07;55000
7374;7374;2020-02-07;143850
7375;7375;2020-02-07;428000
7376;7376;2020-02-07;290000
7377;7377;2020-02-07;41000
7378;7378;2020-02-07;63500
7379;7379;2020-02-07;43000
7380;7380;2020-02-07;88000
7381;7381;2020-02-07;64000
7382;7382;2020-02-07;62500
7383;7383;2020-02-07;53320
7384;7384;2020-02-07;159550
7385;7385;2020-02-07;296500
7386;7386;2020-02-07;315250
7387;7387;2020-02-07;210200
7388;7388;2020-02-07;273000
7389;7389;2020-02-07;585000
7390;7390;2020-02-07;118700
7391;7391;2020-02-07;119000
7392;7392;2020-02-07;120000
7393;7393;2020-02-07;104370
7394;7394;2020-02-07;127000
7395;7395;2020-02-07;504000
7396;7396;2020-02-07;80000
7397;7397;2020-02-07;45000
7398;7398;2020-02-07;92000
7399;7399;2020-02-07;415000
7400;7400;2020-02-07;151500
7401;7401;2020-02-07;257500
7402;7402;2020-02-07;208000
7403;7403;2020-02-07;106000
7404;7404;2020-02-07;135000
7405;7405;2020-02-07;277000
7406;7406;2020-02-07;58900
7407;7407;2020-02-07;128200
7408;7408;2020-02-07;105000
7409;7409;2020-02-07;80660
7410;7410;2020-02-07;15000
7411;7411;2020-02-07;163000
7412;7412;2020-02-07;73000
7413;7413;2020-02-07;61700
7414;7414;2020-02-07;84500
7415;7415;2020-02-07;110000
7416;7416;2020-02-07;630000
7417;7417;2020-02-07;270000
7418;7418;2020-02-07;374570
7419;7419;2020-02-07;480850
7420;7420;2020-02-07;133000
7421;7421;2020-02-07;218200
7422;7422;2020-02-07;86000
7423;7423;2020-02-07;123700
7424;7424;2020-02-07;201000
7425;7425;2020-02-07;199000
7426;7426;2020-02-07;235200
7427;7427;2020-02-07;152000
7428;7428;2020-02-07;68000
7429;7429;2020-02-07;157250
7430;7430;2020-02-07;135000
7431;7431;2020-02-07;410000
7432;7432;2020-02-07;85400
7433;7433;2020-02-07;209951
7434;7434;2020-02-07;140950
7435;7435;2020-02-07;118000
7436;7436;2020-02-07;87000
7437;7437;2020-02-07;86000
7438;7438;2020-02-07;240000
7439;7439;2020-02-07;119035
7440;7440;2020-02-07;148900
7441;7441;2020-02-07;234300
7442;7442;2020-02-07;102000
7443;7443;2020-02-07;69500
7444;7444;2020-02-07;177000
7445;7445;2020-02-07;132000
7446;7446;2020-02-07;365000
7447;7447;2020-02-07;82270
7448;7448;2020-02-07;122300
7449;7449;2020-02-07;545000
7450;7450;2020-02-07;83472
7451;7451;2020-02-07;258250
7452;7452;2020-02-07;134750
7453;7453;2020-02-07;282746
7454;7454;2020-02-07;287000
7455;7455;2020-02-07;169000
7456;7456;2020-02-07;150000
7457;7457;2020-02-07;137620
7458;7458;2020-02-07;124000
7459;7459;2020-02-07;211950
7460;7460;2020-02-07;135000
7461;7461;2020-02-07;123750
7462;7462;2020-02-07;138220
7463;7463;2020-02-07;42700
7464;7464;2020-02-07;175130
7465;7465;2020-02-07;228220
7466;7466;2020-02-07;300000
7467;7467;2020-02-07;158000
7468;7468;2020-02-07;108000
7469;7469;2020-02-07;98200
7470;7470;2020-02-07;119000
7471;7471;2020-02-07;179150
7472;7472;2020-02-07;302000
7473;7473;2020-02-07;86500
7474;7474;2020-02-07;43750
7475;7475;2020-02-07;183850
7476;7476;2020-02-07;115000
7477;7477;2020-02-07;180000
7478;7478;2020-02-07;166000
7479;7479;2020-02-07;122000
7480;7480;2020-02-07;115000
7481;7481;2020-02-07;121250
7482;7482;2020-02-07;142000
7483;7483;2020-02-07;161500
7484;7484;2020-02-07;430200
7485;7485;2020-02-07;105000
7486;7486;2020-02-07;110000
7487;7487;2020-02-07;595550
7488;7488;2020-02-07;135900
7489;7489;2020-02-07;273200
7490;7490;2020-02-07;55000
7491;7491;2020-02-07;83000
7492;7492;2020-02-07;405000
7493;7493;2020-02-07;67035
7494;7494;2020-02-07;51000
7495;7495;2020-02-07;92000
7496;7496;2020-02-07;204800
7497;7497;2020-02-07;116000
7498;7498;2020-02-07;132500
7499;7499;2020-02-07;78500
7500;7500;2020-02-07;146500
7501;7501;2020-02-07;113000
7502;7502;2020-02-07;67000
7503;7503;2020-02-07;158970
7504;7504;2020-02-07;157000
7505;7505;2020-02-07;42500
7506;7506;2020-02-07;62750
7507;7507;2020-02-07;55000
7508;7508;2020-02-07;158000
7509;7509;2020-02-07;152955
7510;7510;2020-02-07;83110
7511;7511;2020-02-07;349373
7512;7512;2020-02-07;285500
7513;7513;2020-02-07;86200
7514;7514;2020-02-07;78700
7515;7515;2020-02-07;221000
7516;7516;2020-02-07;73000
7517;7517;2020-02-07;130200
7518;7518;2020-02-07;14500
7519;7519;2020-02-07;173000
7520;7520;2020-02-07;30000
7521;7521;2020-02-07;48000
7522;7522;2020-02-07;204000
7523;7523;2020-02-07;28270
7524;7524;2020-02-07;86000
7525;7525;2020-02-07;66000
7526;7526;2020-02-07;77000
7527;7527;2020-02-07;201000
7528;7528;2020-02-07;130000
7529;7529;2020-02-07;98735
7530;7530;2020-02-07;91000
7531;7531;2020-02-07;100000
7532;7532;2020-02-07;112500
7533;7533;2020-02-07;73000
7534;7534;2020-02-07;43000
7535;7535;2020-02-07;115000
7536;7536;2020-02-07;224000
7537;7537;2020-02-07;69200
7538;7538;2020-02-07;143235
7539;7539;2020-02-07;214000
7540;7540;2020-02-07;128000
7541;7541;2020-02-07;70000
7542;7542;2020-02-07;80000
7543;7543;2020-02-07;127000
7544;7544;2020-02-07;132000
7545;7545;2020-02-07;60600
7546;7546;2020-02-07;11055
7547;7547;2020-02-07;180000
7548;7548;2020-02-07;135000
7549;7549;2020-02-07;249000
7550;7550;2020-02-07;132850
7551;7551;2020-02-07;120500
7552;7552;2020-02-07;40000
7553;7553;2020-02-07;292930
7554;7554;2020-02-07;238200
7555;7555;2020-02-07;620000
7556;7556;2020-02-07;240000
7557;7557;2020-02-07;3050000
7558;7558;2020-02-07;535000
7559;7559;2020-02-07;190000
7560;7560;2020-02-07;935000
7561;7561;2020-02-07;300000
7562;7562;2020-02-07;200000
7563;7563;2020-02-07;1070000
7564;7564;2020-02-07;1100000
7565;7565;2020-02-07;235000
7566;7566;2020-02-07;175000
7567;7567;2020-02-07;460000
7568;7568;2020-02-07;610000
7569;7569;2020-02-07;1233000
7570;7570;2020-02-07;4342410
7571;7571;2020-02-07;1110000
7572;7572;2020-02-07;325000
7573;7573;2020-02-07;506500
7574;7574;2020-02-07;579000
7575;7575;2020-02-07;538100
7576;7576;2020-02-07;685000
7577;7577;2020-02-07;369000
7578;7578;2020-02-07;397850
7579;7579;2020-02-07;183000
7580;7580;2020-02-07;813000
7581;7581;2020-02-07;675000
7582;7582;2020-02-07;541900
7583;7583;2020-02-07;224942
7584;7584;2020-02-07;326925
7585;7585;2020-02-07;663649
7586;7586;2020-02-07;199100
7587;7587;2020-02-07;812200
7588;7588;2020-02-07;186000
7589;7589;2020-02-07;224700
7590;7590;2020-02-07;558600
7591;7591;2020-02-07;262200
7592;7592;2020-02-07;652940
7593;7593;2020-02-07;348000
7594;7594;2020-02-07;752000
7595;7595;2020-02-07;538850
7596;7596;2020-02-07;98000
7597;7597;2020-02-07;586700
7598;7598;2020-02-07;677900
7599;7599;2020-02-07;173000
7600;7600;2020-02-07;929515
7601;7601;2020-02-07;610000
7602;7602;2020-02-07;7620000
7603;7603;2020-02-07;365000
7604;7604;2020-02-07;475000
7605;7605;2020-02-07;360250
7606;7606;2020-02-07;690150
7607;7607;2020-02-07;455000
7608;7608;2020-02-07;341750
7609;7609;2020-02-07;431250
7610;7610;2020-02-07;325833
7611;7611;2020-02-07;348500
7612;7612;2020-02-07;705000
7613;7613;2020-02-07;275200
7614;7614;2020-02-07;123000
7615;7615;2020-02-07;1605000
7616;7616;2020-02-07;324000
7617;7617;2020-02-07;297500
7618;7618;2020-02-07;392512
7619;7619;2020-02-07;160400
7620;7620;2020-02-07;123000
7621;7621;2020-02-07;475000
7622;7622;2020-02-07;201000
7623;7623;2020-02-07;73000
7624;7624;2020-02-07;138000
7625;7625;2020-02-07;138100
7626;7626;2020-02-07;82760
7627;7627;2020-02-07;102000
7628;7628;2020-02-07;172500
7629;7629;2020-02-07;345000
7630;7630;2020-02-07;237500
7631;7631;2020-02-07;4098416
7632;7632;2020-02-07;145000
7633;7633;2020-02-07;83000
7634;7634;2020-02-07;110000
7635;7635;2020-02-07;327000
7636;7636;2020-02-07;232600
7637;7637;2020-02-07;201000
7638;7638;2020-02-07;120000
7639;7639;2020-02-07;125000
7640;7640;2020-02-07;138000
7641;7641;2020-02-07;145500
7642;7642;2020-02-07;225000
7643;7643;2020-02-07;167500
7644;7644;2020-02-07;296540
7645;7645;2020-02-07;279320
7646;7646;2020-02-07;55500
7647;7647;2020-02-07;280700
7648;7648;2020-02-07;166500
7649;7649;2020-02-07;183697
7650;7650;2020-02-07;1035200
7651;7651;2020-02-07;292500
7652;7652;2020-02-07;241380
7653;7653;2020-02-07;68000
7654;7654;2020-02-07;85000
7655;7655;2020-02-07;77000
7656;7656;2020-02-07;88000
7657;7657;2020-02-07;150000
7658;7658;2020-02-07;124000
7659;7659;2020-02-07;105000
7660;7660;2020-02-07;103090
7661;7661;2020-02-07;80000
7662;7662;2020-02-07;176000
7663;7663;2020-02-07;148500
7664;7664;2020-02-07;118400
7665;7665;2020-02-07;51500
7666;7666;2020-02-07;129000
7667;7667;2020-02-07;74000
7668;7668;2020-02-07;31000
7669;7669;2020-02-07;75000
7670;7670;2020-02-07;103500
7671;7671;2020-02-07;62300
7672;7672;2020-02-07;87300
7673;7673;2020-02-07;59900
7674;7674;2020-02-07;244000
7675;7675;2020-02-07;177000
7676;7676;2020-02-07;125000
7677;7677;2020-02-07;160705
7678;7678;2020-02-07;129000
7679;7679;2020-02-07;261000
7680;7680;2020-02-07;101000
7681;7681;2020-02-07;100000
7682;7682;2020-02-07;265000
7683;7683;2020-02-07;108000
7684;7684;2020-02-07;59900
7685;7685;2020-02-07;235000
7686;7686;2020-02-07;159500
7687;7687;2020-02-07;219415
7688;7688;2020-02-07;81000
7689;7689;2020-02-07;260000
7690;7690;2020-02-07;3600000
7691;7691;2020-02-07;326000
7692;7692;2020-02-07;599050
7693;7693;2020-02-07;575656
7694;7694;2020-02-07;56000
7695;7695;2020-02-07;465643
7696;7696;2020-02-07;368000
7697;7697;2020-02-07;311000
7698;7698;2020-02-07;297500
7699;7699;2020-02-07;344900
7700;7700;2020-02-07;59000
7701;7701;2020-02-07;219500
7702;7702;2020-02-07;175000
7703;7703;2020-02-07;288750
7704;7704;2020-02-07;568056
7705;7705;2020-02-07;132000
7706;7706;2020-02-07;584750
7707;7707;2020-02-07;307400
7708;7708;2020-02-07;233000
7709;7709;2020-02-07;413000
7710;7710;2020-02-07;150000
7711;7711;2020-02-07;400000
7712;7712;2020-02-07;580000
7713;7713;2020-02-07;153000
7714;7714;2020-02-07;145383
7715;7715;2020-02-07;188900
7716;7716;2020-02-07;197000
7717;7717;2020-02-07;71000
7718;7718;2020-02-07;505000
7719;7719;2020-02-07;178200
7720;7720;2020-02-07;79400
7721;7721;2020-02-07;219000
7722;7722;2020-02-07;307000
7723;7723;2020-02-07;163390
7724;7724;2020-02-07;1300000
7725;7725;2020-02-07;309900
7726;7726;2020-02-07;172000
7727;7727;2020-02-07;295000
7728;7728;2020-02-07;190900
7729;7729;2020-02-07;79000
7730;7730;2020-02-07;295238
7731;7731;2020-02-07;206000
7732;7732;2020-02-07;259500
7733;7733;2020-02-07;275120
7734;7734;2020-02-07;186000
7735;7735;2020-02-07;117000
7736;7736;2020-02-07;215000
7737;7737;2020-02-07;540000
7738;7738;2020-02-07;129000
7739;7739;2020-02-07;165000
7740;7740;2020-02-07;438000
7741;7741;2020-02-07;270000
7742;7742;2020-02-07;244000
7743;7743;2020-02-07;152000
7744;7744;2020-02-07;132000
7745;7745;2020-02-07;296000
7746;7746;2020-02-07;115900
7747;7747;2020-02-07;355000
7748;7748;2020-02-07;236786
7749;7749;2020-02-07;139000
7750;7750;2020-02-07;165150
7751;7751;2020-02-07;228000
7752;7752;2020-02-07;234000
7753;7753;2020-02-07;156000
7754;7754;2020-02-07;256100
7755;7755;2020-02-07;129000
7756;7756;2020-02-07;281600
7757;7757;2020-02-07;445000
7758;7758;2020-02-07;129000
7759;7759;2020-02-07;42000
7760;7760;2020-02-07;109000
7761;7761;2020-02-08;67500
7762;7762;2020-02-08;54000
7763;7763;2020-02-08;192727
7764;7764;2020-02-08;170100
7765;7765;2020-02-08;150000
7766;7766;2020-02-08;65990
7767;7767;2020-02-08;76000
7768;7768;2020-02-08;74990
7769;7769;2020-02-08;89900
7770;7770;2020-02-08;62000
7771;7771;2020-02-08;136000
7772;7772;2020-02-08;52000
7773;7773;2020-02-08;44000
7774;7774;2020-02-08;290000
7775;7775;2020-02-08;33600
7776;7776;2020-02-08;45000
7777;7777;2020-02-08;41000
7778;7778;2020-02-08;63200
7779;7779;2020-02-08;125000
7780;7780;2020-02-08;22000
7781;7781;2020-02-08;299630
7782;7782;2020-02-08;212000
7783;7783;2020-02-08;1472500
7784;7784;2020-02-08;1083149
7785;7785;2020-02-08;395500
7786;7786;2020-02-08;196000
7787;7787;2020-02-08;109500
7788;7788;2020-02-08;136500
7789;7789;2020-02-08;157000
7790;7790;2020-02-08;122500
7791;7791;2020-02-08;104900
7792;7792;2020-02-08;450000
7793;7793;2020-02-08;135000
7794;7794;2020-02-08;137500
7795;7795;2020-02-08;288000
7796;7796;2020-02-08;146000
7797;7797;2020-02-10;295000
7798;7798;2020-02-10;89000
7799;7799;2020-02-10;44585
7800;7800;2020-02-10;49000
7801;7801;2020-02-10;425000
7802;7802;2020-02-10;297000
7803;7803;2020-02-10;111600
7804;7804;2020-02-10;325100
7805;7805;2020-02-10;153600
7806;7806;2020-02-10;104000
7807;7807;2020-02-10;118000
7808;7808;2020-02-10;130700
7809;7809;2020-02-10;46500
7810;7810;2020-02-10;134000
7811;7811;2020-02-10;96000
7812;7812;2020-02-10;190000
7813;7813;2020-02-10;127200
7814;7814;2020-02-10;85500
7815;7815;2020-02-10;145000
7816;7816;2020-02-10;371300
7817;7817;2020-02-10;181750
7818;7818;2020-02-10;91500
7819;7819;2020-02-10;276500
7820;7820;2020-02-10;56000
7821;7821;2020-02-10;33308
7822;7822;2020-02-10;345000
7823;7823;2020-02-10;220000
7824;7824;2020-02-10;355000
7825;7825;2020-02-10;57000
7826;7826;2020-02-10;100000
7827;7827;2020-02-10;195000
7828;7828;2020-02-10;77400
7829;7829;2020-02-10;101000
7830;7830;2020-02-10;104000
7831;7831;2020-02-10;180000
7832;7832;2020-02-10;192500
7833;7833;2020-02-10;156400
7834;7834;2020-02-10;89000
7835;7835;2020-02-10;116000
7836;7836;2020-02-10;35000
7837;7837;2020-02-10;37400
7838;7838;2020-02-10;99000
7839;7839;2020-02-10;167000
7840;7840;2020-02-10;183800
7841;7841;2020-02-10;290000
7842;7842;2020-02-10;277725
7843;7843;2020-02-10;155825
7844;7844;2020-02-10;191625
7845;7845;2020-02-10;302800
7846;7846;2020-02-10;67605
7847;7847;2020-02-10;48000
7848;7848;2020-02-10;66972
7849;7849;2020-02-10;184000
7850;7850;2020-02-10;298000
7851;7851;2020-02-10;192450
7852;7852;2020-02-10;360000
7853;7853;2020-02-10;198000
7854;7854;2020-02-10;301640
7855;7855;2020-02-10;133000
7856;7856;2020-02-10;286000
7857;7857;2020-02-10;200000
7858;7858;2020-02-10;117500
7859;7859;2020-02-10;413000
7860;7860;2020-02-10;47560
7861;7861;2020-02-10;116350
7862;7862;2020-02-10;68000
7863;7863;2020-02-10;175000
7864;7864;2020-02-10;679000
7865;7865;2020-02-10;155000
7866;7866;2020-02-10;68600
7867;7867;2020-02-10;23750
7868;7868;2020-02-10;125000
7869;7869;2020-02-10;57000
7870;7870;2020-02-10;154900
7871;7871;2020-02-10;203100
7872;7872;2020-02-10;37000
7873;7873;2020-02-10;63000
7874;7874;2020-02-10;290000
7875;7875;2020-02-10;88000
7876;7876;2020-02-10;55500
7877;7877;2020-02-10;181500
7878;7878;2020-02-10;87000
7879;7879;2020-02-10;188000
7880;7880;2020-02-10;147740
7881;7881;2020-02-10;105000
7882;7882;2020-02-10;75000
7883;7883;2020-02-10;100000
7884;7884;2020-02-10;53500
7885;7885;2020-02-10;47000
7886;7886;2020-02-10;120000
7887;7887;2020-02-10;63000
7888;7888;2020-02-10;39000
7889;7889;2020-02-10;168000
7890;7890;2020-02-10;140000
7891;7891;2020-02-10;174900
7892;7892;2020-02-10;113000
7893;7893;2020-02-10;290000
7894;7894;2020-02-10;390715
7895;7895;2020-02-10;98275
7896;7896;2020-02-10;320000
7897;7897;2020-02-10;113000
7898;7898;2020-02-10;127500
7899;7899;2020-02-10;130000
7900;7900;2020-02-10;74000
7901;7901;2020-02-10;170500
7902;7902;2020-02-10;85200
7903;7903;2020-02-10;294000
7904;7904;2020-02-10;180000
7905;7905;2020-02-10;117500
7906;7906;2020-02-10;149000
7907;7907;2020-02-10;150000
7908;7908;2020-02-10;108000
7909;7909;2020-02-10;195000
7910;7910;2020-02-10;154000
7911;7911;2020-02-10;130984
7912;7912;2020-02-10;189300
7913;7913;2020-02-10;178500
7914;7914;2020-02-10;165016
7915;7915;2020-02-10;68000
7916;7916;2020-02-10;39000
7917;7917;2020-02-10;300000
7918;7918;2020-02-10;49470
7919;7919;2020-02-10;149000
7920;7920;2020-02-10;225000
7921;7921;2020-02-10;80000
7922;7922;2020-02-10;106910
7923;7923;2020-02-10;207000
7924;7924;2020-02-10;173000
7925;7925;2020-02-10;282500
7926;7926;2020-02-10;74000
7927;7927;2020-02-10;39000
7928;7928;2020-02-10;71820
7929;7929;2020-02-10;284000
7930;7930;2020-02-10;390150
7931;7931;2020-02-10;870000
7932;7932;2020-02-10;715392
7933;7933;2020-02-10;980000
7934;7934;2020-02-10;673871
7935;7935;2020-02-10;1420000
7936;7936;2020-02-10;3604090
7937;7937;2020-02-10;1136000
7938;7938;2020-02-10;770000
7939;7939;2020-02-10;300600
7940;7940;2020-02-10;525000
7941;7941;2020-02-10;220000
7942;7942;2020-02-10;866800
7943;7943;2020-02-10;195000
7944;7944;2020-02-10;1701000
7945;7945;2020-02-10;838400
7946;7946;2020-02-10;1140600
7947;7947;2020-02-10;635500
7948;7948;2020-02-10;172000
7949;7949;2020-02-10;581200
7950;7950;2020-02-10;357150
7951;7951;2020-02-10;213000
7952;7952;2020-02-10;428100
7953;7953;2020-02-10;611000
7954;7954;2020-02-10;49500
7955;7955;2020-02-10;212000
7956;7956;2020-02-10;302100
7957;7957;2020-02-10;58000
7958;7958;2020-02-10;135000
7959;7959;2020-02-10;123500
7960;7960;2020-02-10;226000
7961;7961;2020-02-10;160000
7962;7962;2020-02-10;237375
7963;7963;2020-02-10;196750
7964;7964;2020-02-10;565000
7965;7965;2020-02-10;93000
7966;7966;2020-02-10;321620
7967;7967;2020-02-10;176500
7968;7968;2020-02-10;67000
7969;7969;2020-02-10;147400
7970;7970;2020-02-10;230000
7971;7971;2020-02-10;246784
7972;7972;2020-02-10;430000
7973;7973;2020-02-10;238000
7974;7974;2020-02-10;247500
7975;7975;2020-02-10;62000
7976;7976;2020-02-10;127500
7977;7977;2020-02-10;190000
7978;7978;2020-02-10;159280
7979;7979;2020-02-10;214286
7980;7980;2020-02-10;220749
7981;7981;2020-02-10;133500
7982;7982;2020-02-10;250300
7983;7983;2020-02-10;245000
7984;7984;2020-02-10;165500
7985;7985;2020-02-10;137000
7986;7986;2020-02-10;138300
7987;7987;2020-02-10;213400
7988;7988;2020-02-10;120500
7989;7989;2020-02-10;85990
7990;7990;2020-02-10;58000
7991;7991;2020-02-10;240100
7992;7992;2020-02-10;211300
7993;7993;2020-02-10;118000
7994;7994;2020-02-10;126000
7995;7995;2020-02-10;275000
7996;7996;2020-02-10;328000
7997;7997;2020-02-10;325290
7998;7998;2020-02-10;132450
7999;7999;2020-02-10;231000
8000;8000;2020-02-10;675000
8001;8001;2020-02-10;508000
8002;8002;2020-02-10;209000
8003;8003;2020-02-10;228300
8004;8004;2020-02-10;145000
8005;8005;2020-02-10;625400
8006;8006;2020-02-10;117000
8007;8007;2020-02-10;440000
8008;8008;2020-02-10;379910
8009;8009;2020-02-10;280000
8010;8010;2020-02-10;283840
8011;8011;2020-02-10;136240
8012;8012;2020-02-10;215000
8013;8013;2020-02-10;181000
8014;8014;2020-02-10;328000
8015;8015;2020-02-10;281000
8016;8016;2020-02-10;235850
8017;8017;2020-02-10;170000
8018;8018;2020-02-10;145000
8019;8019;2020-02-10;121785
8020;8020;2020-02-10;240000
8021;8021;2020-02-10;229900
8022;8022;2020-02-10;123000
8023;8023;2020-02-10;153000
8024;8024;2020-02-10;157000
8025;8025;2020-02-10;228000
8026;8026;2020-02-10;57000
8027;8027;2020-02-10;243000
8028;8028;2020-02-10;387000
8029;8029;2020-02-10;259000
8030;8030;2020-02-10;144000
8031;8031;2020-02-10;257000
8032;8032;2020-02-10;60714
8033;8033;2020-02-10;187000
8034;8034;2020-02-10;140000
8035;8035;2020-02-10;300000
8036;8036;2020-02-10;153000
8037;8037;2020-02-10;140000
8038;8038;2020-02-10;37000
8039;8039;2020-02-10;75500
8040;8040;2020-02-10;200000
8041;8041;2020-02-10;88000
8042;8042;2020-02-11;305500
8043;8043;2020-02-11;212862
8044;8044;2020-02-11;80000
8045;8045;2020-02-11;323000
8046;8046;2020-02-11;302500
8047;8047;2020-02-11;156000
8048;8048;2020-02-11;67991
8049;8049;2020-02-11;33609
8050;8050;2020-02-11;96300
8051;8051;2020-02-11;43560
8052;8052;2020-02-11;244000
8053;8053;2020-02-11;187440
8054;8054;2020-02-11;2220000
8055;8055;2020-02-11;152015
8056;8056;2020-02-11;420000
8057;8057;2020-02-11;72000
8058;8058;2020-02-11;50000
8059;8059;2020-02-11;343025
8060;8060;2020-02-11;19000
8061;8061;2020-02-11;280000
8062;8062;2020-02-11;317000
8063;8063;2020-02-11;300200
8064;8064;2020-02-11;143000
8065;8065;2020-02-11;55500
8066;8066;2020-02-11;169000
8067;8067;2020-02-11;347000
8068;8068;2020-02-11;107000
8069;8069;2020-02-11;68001
8070;8070;2020-02-11;30000
8071;8071;2020-02-11;180000
8072;8072;2020-02-11;76800
8073;8073;2020-02-11;189000
8074;8074;2020-02-11;137000
8075;8075;2020-02-11;118000
8076;8076;2020-02-11;302000
8077;8077;2020-02-11;30000
8078;8078;2020-02-11;105000
8079;8079;2020-02-11;109000
8080;8080;2020-02-11;178900
8081;8081;2020-02-11;60000
8082;8082;2020-02-11;200000
8083;8083;2020-02-11;248000
8084;8084;2020-02-11;78000
8085;8085;2020-02-11;52000
8086;8086;2020-02-11;53000
8087;8087;2020-02-11;86500
8088;8088;2020-02-11;107000
8089;8089;2020-02-11;132000
8090;8090;2020-02-11;230000
8091;8091;2020-02-11;85000
8092;8092;2020-02-11;290000
8093;8093;2020-02-11;110900
8094;8094;2020-02-11;132000
8095;8095;2020-02-11;235500
8096;8096;2020-02-11;204300
8097;8097;2020-02-11;206600
8098;8098;2020-02-11;129300
8099;8099;2020-02-11;149500
8100;8100;2020-02-11;460000
8101;8101;2020-02-11;195000
8102;8102;2020-02-11;79500
8103;8103;2020-02-11;223100
8104;8104;2020-02-11;49300
8105;8105;2020-02-11;81600
8106;8106;2020-02-11;96500
8107;8107;2020-02-11;89400
8108;8108;2020-02-11;298000
8109;8109;2020-02-11;62990
8110;8110;2020-02-11;94000
8111;8111;2020-02-11;328500
8112;8112;2020-02-11;185000
8113;8113;2020-02-11;151960
8114;8114;2020-02-11;102000
8115;8115;2020-02-11;152000
8116;8116;2020-02-11;371000
8117;8117;2020-02-11;178200
8118;8118;2020-02-11;393000
8119;8119;2020-02-11;285000
8120;8120;2020-02-11;255000
8121;8121;2020-02-11;295500
8122;8122;2020-02-11;106000
8123;8123;2020-02-11;290000
8124;8124;2020-02-11;220000
8125;8125;2020-02-11;110500
8126;8126;2020-02-11;50000
8127;8127;2020-02-11;27000
8128;8128;2020-02-11;139400
8129;8129;2020-02-11;106500
8130;8130;2020-02-11;126200
8131;8131;2020-02-11;96000
8132;8132;2020-02-11;53000
8133;8133;2020-02-11;81600
8134;8134;2020-02-11;200000
8135;8135;2020-02-11;26100
8136;8136;2020-02-11;48000
8137;8137;2020-02-11;660000
8138;8138;2020-02-11;167100
8139;8139;2020-02-11;85000
8140;8140;2020-02-11;106000
8141;8141;2020-02-11;160500
8142;8142;2020-02-11;92000
8143;8143;2020-02-11;78500
8144;8144;2020-02-11;99000
8145;8145;2020-02-11;136500
8146;8146;2020-02-11;219950
8147;8147;2020-02-11;178000
8148;8148;2020-02-11;143000
8149;8149;2020-02-11;117000
8150;8150;2020-02-11;164700
8151;8151;2020-02-11;269000
8152;8152;2020-02-11;207600
8153;8153;2020-02-11;70470
8154;8154;2020-02-11;540000
8155;8155;2020-02-11;1449275
8156;8156;2020-02-11;156000
8157;8157;2020-02-11;1920000
8158;8158;2020-02-11;1280000
8159;8159;2020-02-11;1333900
8160;8160;2020-02-11;439000
8161;8161;2020-02-11;457710
8162;8162;2020-02-11;985000
8163;8163;2020-02-11;723000
8164;8164;2020-02-11;148000
8165;8165;2020-02-11;416850
8166;8166;2020-02-11;108000
8167;8167;2020-02-11;444950
8168;8168;2020-02-11;602000
8169;8169;2020-02-11;969700
8170;8170;2020-02-11;225400
8171;8171;2020-02-11;303000
8172;8172;2020-02-11;184710
8173;8173;2020-02-11;99000
8174;8174;2020-02-11;103000
8175;8175;2020-02-11;180570
8176;8176;2020-02-11;283000
8177;8177;2020-02-11;150600
8178;8178;2020-02-11;151900
8179;8179;2020-02-11;267270
8180;8180;2020-02-11;317900
8181;8181;2020-02-11;149000
8182;8182;2020-02-11;211550
8183;8183;2020-02-11;150000
8184;8184;2020-02-11;236600
8185;8185;2020-02-11;194000
8186;8186;2020-02-11;173000
8187;8187;2020-02-11;208850
8188;8188;2020-02-11;399000
8189;8189;2020-02-11;219500
8190;8190;2020-02-11;120000
8191;8191;2020-02-11;147500
8192;8192;2020-02-11;165000
8193;8193;2020-02-11;220000
8194;8194;2020-02-11;191300
8195;8195;2020-02-11;223200
8196;8196;2020-02-11;270000
8197;8197;2020-02-11;179500
8198;8198;2020-02-11;217500
8199;8199;2020-02-11;295000
8200;8200;2020-02-11;165000
8201;8201;2020-02-11;190200
8202;8202;2020-02-11;113000
8203;8203;2020-02-11;345000
8204;8204;2020-02-11;375500
8205;8205;2020-02-11;267500
8206;8206;2020-02-11;183300
8207;8207;2020-02-11;71735
8208;8208;2020-02-11;218100
8209;8209;2020-02-11;71000
8210;8210;2020-02-11;173000
8211;8211;2020-02-11;69475
8212;8212;2020-02-11;108000
8213;8213;2020-02-11;205280
8214;8214;2020-02-11;61800
8215;8215;2020-02-11;144300
8216;8216;2020-02-11;44500
8217;8217;2020-02-11;32233
8218;8218;2020-02-11;156512
8219;8219;2020-02-11;41500
8220;8220;2020-02-11;108000
8221;8221;2020-02-11;163000
8222;8222;2020-02-11;100000
8223;8223;2020-02-11;111000
8224;8224;2020-02-11;165000
8225;8225;2020-02-11;74000
8226;8226;2020-02-11;234000
8227;8227;2020-02-11;199999
8228;8228;2020-02-11;190000
8229;8229;2020-02-11;285000
8230;8230;2020-02-11;183000
8231;8231;2020-02-11;245000
8232;8232;2020-02-11;145000
8233;8233;2020-02-11;800000
8234;8234;2020-02-11;396200
8235;8235;2020-02-11;470000
8236;8236;2020-02-11;278000
8237;8237;2020-02-11;385920
8238;8238;2020-02-11;442000
8239;8239;2020-02-11;489250
8240;8240;2020-02-11;290000
8241;8241;2020-02-11;120000
8242;8242;2020-02-11;169000
8243;8243;2020-02-11;425000
8244;8244;2020-02-11;180950
8245;8245;2020-02-11;302300
8246;8246;2020-02-11;237600
8247;8247;2020-02-11;102000
8248;8248;2020-02-11;290000
8249;8249;2020-02-11;248700
8250;8250;2020-02-11;264461
8251;8251;2020-02-11;164000
8252;8252;2020-02-11;372500
8253;8253;2020-02-11;263000
8254;8254;2020-02-11;270000
8255;8255;2020-02-11;183750
8256;8256;2020-02-11;222500
8257;8257;2020-02-11;113400
8258;8258;2020-02-11;266666
8259;8259;2020-02-11;150000
8260;8260;2020-02-11;431000
8261;8261;2020-02-11;80300
8262;8262;2020-02-11;271700
8263;8263;2020-02-11;387600
8264;8264;2020-02-11;118500
8265;8265;2020-02-11;260000
8266;8266;2020-02-11;237500
8267;8267;2020-02-11;157000
8268;8268;2020-02-11;320000
8269;8269;2020-02-11;304300
8270;8270;2020-02-11;56730
8271;8271;2020-02-11;90500
8272;8272;2020-02-12;167550
8273;8273;2020-02-12;50000
8274;8274;2020-02-12;132500
8275;8275;2020-02-12;292000
8276;8276;2020-02-12;133000
8277;8277;2020-02-12;81000
8278;8278;2020-02-12;201500
8279;8279;2020-02-12;150500
8280;8280;2020-02-12;62000
8281;8281;2020-02-12;
8282;8282;2020-02-12;230000
8283;8283;2020-02-12;189150
8284;8284;2020-02-12;169000
8285;8285;2020-02-12;132500
8286;8286;2020-02-12;150310
8287;8287;2020-02-12;76700
8288;8288;2020-02-12;60550
8289;8289;2020-02-12;133000
8290;8290;2020-02-12;135500
8291;8291;2020-02-12;1076000
8292;8292;2020-02-12;262580
8293;8293;2020-02-12;92000
8294;8294;2020-02-12;77000
8295;8295;2020-02-12;285000
8296;8296;2020-02-12;55000
8297;8297;2020-02-12;89000
8298;8298;2020-02-12;50000
8299;8299;2020-02-12;46000
8300;8300;2020-02-12;55900
8301;8301;2020-02-12;62900
8302;8302;2020-02-12;18000
8303;8303;2020-02-12;129000
8304;8304;2020-02-12;55000
8305;8305;2020-02-12;275000
8306;8306;2020-02-12;110000
8307;8307;2020-02-12;58200
8308;8308;2020-02-12;48000
8309;8309;2020-02-12;180000
8310;8310;2020-02-12;165000
8311;8311;2020-02-12;63000
8312;8312;2020-02-12;18000
8313;8313;2020-02-12;91650
8314;8314;2020-02-12;229000
8315;8315;2020-02-12;152000
8316;8316;2020-02-12;153000
8317;8317;2020-02-12;132000
8318;8318;2020-02-12;71000
8319;8319;2020-02-12;119000
8320;8320;2020-02-12;73000
8321;8321;2020-02-12;158620
8322;8322;2020-02-12;83000
8323;8323;2020-02-12;27000
8324;8324;2020-02-12;51500
8325;8325;2020-02-12;196800
8326;8326;2020-02-12;158000
8327;8327;2020-02-12;188000
8328;8328;2020-02-12;241000
8329;8329;2020-02-12;171500
8330;8330;2020-02-12;295530
8331;8331;2020-02-12;146850
8332;8332;2020-02-12;150000
8333;8333;2020-02-12;235000
8334;8334;2020-02-12;58019
8335;8335;2020-02-12;48500
8336;8336;2020-02-12;112600
8337;8337;2020-02-12;110000
8338;8338;2020-02-12;136580
8339;8339;2020-02-12;331000
8340;8340;2020-02-12;404900
8341;8341;2020-02-12;188000
8342;8342;2020-02-12;184250
8343;8343;2020-02-12;85000
8344;8344;2020-02-12;264000
8345;8345;2020-02-12;77050
8346;8346;2020-02-12;198648
8347;8347;2020-02-12;173000
8348;8348;2020-02-12;267140
8349;8349;2020-02-12;47500
8350;8350;2020-02-12;147000
8351;8351;2020-02-12;121000
8352;8352;2020-02-12;151668
8353;8353;2020-02-12;123800
8354;8354;2020-02-12;99800
8355;8355;2020-02-12;255000
8356;8356;2020-02-12;104500
8357;8357;2020-02-12;195500
8358;8358;2020-02-12;230000
8359;8359;2020-02-12;160000
8360;8360;2020-02-12;133300
8361;8361;2020-02-12;114000
8362;8362;2020-02-12;75000
8363;8363;2020-02-12;45000
8364;8364;2020-02-12;115000
8365;8365;2020-02-12;91500
8366;8366;2020-02-12;521750
8367;8367;2020-02-12;126400
8368;8368;2020-02-12;107300
8369;8369;2020-02-12;121500
8370;8370;2020-02-12;81000
8371;8371;2020-02-12;96000
8372;8372;2020-02-12;200500
8373;8373;2020-02-12;178600
8374;8374;2020-02-12;46000
8375;8375;2020-02-12;70500
8376;8376;2020-02-12;66740
8377;8377;2020-02-12;62000
8378;8378;2020-02-12;110850
8379;8379;2020-02-12;587500
8380;8380;2020-02-12;121000
8381;8381;2020-02-12;95000
8382;8382;2020-02-12;77900
8383;8383;2020-02-12;108000
8384;8384;2020-02-12;75050
8385;8385;2020-02-12;168000
8386;8386;2020-02-12;106000
8387;8387;2020-02-12;37000
8388;8388;2020-02-12;55000
8389;8389;2020-02-12;185000
8390;8390;2020-02-12;112800
8391;8391;2020-02-12;418970
8392;8392;2020-02-12;178000
8393;8393;2020-02-12;100000
8394;8394;2020-02-12;59000
8395;8395;2020-02-12;125000
8396;8396;2020-02-12;267810
8397;8397;2020-02-12;347000
8398;8398;2020-02-12;294500
8399;8399;2020-02-12;177500
8400;8400;2020-02-12;275000
8401;8401;2020-02-12;1066000
8402;8402;2020-02-12;262300
8403;8403;2020-02-12;545000
8404;8404;2020-02-12;430000
8405;8405;2020-02-12;260000
8406;8406;2020-02-12;2302000
8407;8407;2020-02-12;457600
8408;8408;2020-02-12;217750
8409;8409;2020-02-12;135238
8410;8410;2020-02-12;711550
8411;8411;2020-02-12;280944
8412;8412;2020-02-12;204000
8413;8413;2020-02-12;863400
8414;8414;2020-02-12;651500
8415;8415;2020-02-12;309000
8416;8416;2020-02-12;308200
8417;8417;2020-02-12;268000
8418;8418;2020-02-12;179000
8419;8419;2020-02-12;362540
8420;8420;2020-02-12;135000
8421;8421;2020-02-12;921500
8422;8422;2020-02-12;475000
8423;8423;2020-02-12;100000
8424;8424;2020-02-12;460000
8425;8425;2020-02-12;484000
8426;8426;2020-02-12;477536
8427;8427;2020-02-12;724923
8428;8428;2020-02-12;1660000
8429;8429;2020-02-12;1095000
8430;8430;2020-02-12;878250
8431;8431;2020-02-12;1266100
8432;8432;2020-02-12;310200
8433;8433;2020-02-12;2355000
8434;8434;2020-02-12;200000
8435;8435;2020-02-12;864000
8436;8436;2020-02-12;564000
8437;8437;2020-02-12;200010
8438;8438;2020-02-12;307085
8439;8439;2020-02-12;316500
8440;8440;2020-02-12;85000
8441;8441;2020-02-12;189000
8442;8442;2020-02-12;225900
8443;8443;2020-02-12;370000
8444;8444;2020-02-12;110000
8445;8445;2020-02-12;127500
8446;8446;2020-02-12;147500
8447;8447;2020-02-12;460590
8448;8448;2020-02-12;406600
8449;8449;2020-02-12;549405
8450;8450;2020-02-12;162000
8451;8451;2020-02-12;613000
8452;8452;2020-02-12;333000
8453;8453;2020-02-12;232450
8454;8454;2020-02-12;790000
8455;8455;2020-02-12;143000
8456;8456;2020-02-12;203000
8457;8457;2020-02-12;185000
8458;8458;2020-02-12;374611
8459;8459;2020-02-12;377910
8460;8460;2020-02-12;225545
8461;8461;2020-02-12;171000
8462;8462;2020-02-12;43000
8463;8463;2020-02-12;76000
8464;8464;2020-02-12;180000
8465;8465;2020-02-12;139000
8466;8466;2020-02-12;140000
8467;8467;2020-02-12;215250
8468;8468;2020-02-12;280000
8469;8469;2020-02-12;113000
8470;8470;2020-02-12;49000
8471;8471;2020-02-12;126000
8472;8472;2020-02-12;148800
8473;8473;2020-02-12;76500
8474;8474;2020-02-12;140500
8475;8475;2020-02-12;74000
8476;8476;2020-02-12;77000
8477;8477;2020-02-12;105450
8478;8478;2020-02-12;39600
8479;8479;2020-02-12;582750
8480;8480;2020-02-12;175000
8481;8481;2020-02-12;135000
8482;8482;2020-02-12;105980
8483;8483;2020-02-12;268400
8484;8484;2020-02-12;125000
8485;8485;2020-02-12;285000
8486;8486;2020-02-12;168000
8487;8487;2020-02-12;205000
8488;8488;2020-02-12;65000
8489;8489;2020-02-12;141000
8490;8490;2020-02-12;425000
8491;8491;2020-02-12;840910
8492;8492;2020-02-12;185000
8493;8493;2020-02-12;430000
8494;8494;2020-02-12;375300
8495;8495;2020-02-12;868850
8496;8496;2020-02-12;471000
8497;8497;2020-02-12;732150
8498;8498;2020-02-12;988200
8499;8499;2020-02-12;350800
8500;8500;2020-02-12;315000
8501;8501;2020-02-12;284300
8502;8502;2020-02-12;288000
8503;8503;2020-02-12;100000
8504;8504;2020-02-12;113800
8505;8505;2020-02-12;157600
8506;8506;2020-02-12;90000
8507;8507;2020-02-12;173500
8508;8508;2020-02-12;200000
8509;8509;2020-02-12;385000
8510;8510;2020-02-12;129000
8511;8511;2020-02-12;167000
8512;8512;2020-02-12;328950
8513;8513;2020-02-12;194000
8514;8514;2020-02-12;178000
8515;8515;2020-02-12;174000
8516;8516;2020-02-12;353000
8517;8517;2020-02-12;646700
8518;8518;2020-02-12;298000
8519;8519;2020-02-12;182000
8520;8520;2020-02-12;164400
8521;8521;2020-02-12;180000
8522;8522;2020-02-12;204040
8523;8523;2020-02-12;61500
8524;8524;2020-02-12;127000
8525;8525;2020-02-12;113900
8526;8526;2020-02-12;185000
8527;8527;2020-02-12;45000
8528;8528;2020-02-13;55000
8529;8529;2020-02-13;125000
8530;8530;2020-02-13;59000
8531;8531;2020-02-13;52800
8532;8532;2020-02-13;90000
8533;8533;2020-02-13;76600
8534;8534;2020-02-13;130000
8535;8535;2020-02-13;835000
8536;8536;2020-02-13;225000
8537;8537;2020-02-13;345000
8538;8538;2020-02-13;580250
8539;8539;2020-02-13;155000
8540;8540;2020-02-13;156500
8541;8541;2020-02-13;61000
8542;8542;2020-02-13;75000
8543;8543;2020-02-13;250000
8544;8544;2020-02-13;137000
8545;8545;2020-02-13;309800
8546;8546;2020-02-13;397400
8547;8547;2020-02-13;291550
8548;8548;2020-02-13;103000
8549;8549;2020-02-13;217000
8550;8550;2020-02-13;190000
8551;8551;2020-02-13;417500
8552;8552;2020-02-13;77000
8553;8553;2020-02-13;188470
8554;8554;2020-02-13;126000
8555;8555;2020-02-13;45000
8556;8556;2020-02-13;50000
8557;8557;2020-02-13;149000
8558;8558;2020-02-13;117400
8559;8559;2020-02-13;59500
8560;8560;2020-02-13;128000
8561;8561;2020-02-13;154000
8562;8562;2020-02-13;150000
8563;8563;2020-02-13;316000
8564;8564;2020-02-13;205000
8565;8565;2020-02-13;150000
8566;8566;2020-02-13;196000
8567;8567;2020-02-13;90000
8568;8568;2020-02-13;265000
8569;8569;2020-02-13;196700
8570;8570;2020-02-13;238095
8571;8571;2020-02-13;419000
8572;8572;2020-02-13;110500
8573;8573;2020-02-13;74000
8574;8574;2020-02-13;122000
8575;8575;2020-02-13;99659
8576;8576;2020-02-13;159750
8577;8577;2020-02-13;124500
8578;8578;2020-02-13;80000
8579;8579;2020-02-13;171000
8580;8580;2020-02-13;198000
8581;8581;2020-02-13;67000
8582;8582;2020-02-13;78000
8583;8583;2020-02-13;103700
8584;8584;2020-02-13;93700
8585;8585;2020-02-13;118900
8586;8586;2020-02-13;166000
8587;8587;2020-02-13;368800
8588;8588;2020-02-13;147091
8589;8589;2020-02-13;149720
8590;8590;2020-02-13;30400
8591;8591;2020-02-13;205000
8592;8592;2020-02-13;338430
8593;8593;2020-02-13;280043
8594;8594;2020-02-13;342800
8595;8595;2020-02-13;202048
8596;8596;2020-02-13;151000
8597;8597;2020-02-13;322500
8598;8598;2020-02-13;136000
8599;8599;2020-02-13;145000
8600;8600;2020-02-13;318500
8601;8601;2020-02-13;150000
8602;8602;2020-02-13;129684
8603;8603;2020-02-13;142955
8604;8604;2020-02-13;155900
8605;8605;2020-02-13;137000
8606;8606;2020-02-13;80000
8607;8607;2020-02-13;297000
8608;8608;2020-02-13;119350
8609;8609;2020-02-13;205350
8610;8610;2020-02-13;116500
8611;8611;2020-02-13;174010
8612;8612;2020-02-13;267200
8613;8613;2020-02-13;297650
8614;8614;2020-02-13;113990
8615;8615;2020-02-13;146000
8616;8616;2020-02-13;86000
8617;8617;2020-02-13;217850
8618;8618;2020-02-13;187863
8619;8619;2020-02-13;136000
8620;8620;2020-02-13;30500
8621;8621;2020-02-13;217300
8622;8622;2020-02-13;104000
8623;8623;2020-02-13;79000
8624;8624;2020-02-13;162000
8625;8625;2020-02-13;126500
8626;8626;2020-02-13;38300
8627;8627;2020-02-13;60000
8628;8628;2020-02-13;85000
8629;8629;2020-02-13;150000
8630;8630;2020-02-13;33000
8631;8631;2020-02-13;115040
8632;8632;2020-02-13;106000
8633;8633;2020-02-13;134375
8634;8634;2020-02-13;79800
8635;8635;2020-02-13;166850
8636;8636;2020-02-13;162119
8637;8637;2020-02-13;49500
8638;8638;2020-02-13;71000
8639;8639;2020-02-13;237000
8640;8640;2020-02-13;88000
8641;8641;2020-02-13;57500
8642;8642;2020-02-13;157000
8643;8643;2020-02-13;143000
8644;8644;2020-02-13;92650
8645;8645;2020-02-13;118300
8646;8646;2020-02-13;32900
8647;8647;2020-02-13;130000
8648;8648;2020-02-13;369500
8649;8649;2020-02-13;41600
8650;8650;2020-02-13;139650
8651;8651;2020-02-13;60500
8652;8652;2020-02-13;72000
8653;8653;2020-02-13;105220
8654;8654;2020-02-13;553000
8655;8655;2020-02-13;47000
8656;8656;2020-02-13;129000
8657;8657;2020-02-13;72000
8658;8658;2020-02-13;107000
8659;8659;2020-02-13;252000
8660;8660;2020-02-13;441050
8661;8661;2020-02-13;340000
8662;8662;2020-02-13;80000
8663;8663;2020-02-13;227800
8664;8664;2020-02-13;67900
8665;8665;2020-02-13;965159
8666;8666;2020-02-13;138000
8667;8667;2020-02-13;295000
8668;8668;2020-02-13;82000
8669;8669;2020-02-13;24900
8670;8670;2020-02-13;65900
8671;8671;2020-02-13;150000
8672;8672;2020-02-13;65000
8673;8673;2020-02-13;67600
8674;8674;2020-02-13;140000
8675;8675;2020-02-13;2333000
8676;8676;2020-02-13;349000
8677;8677;2020-02-13;167000
8678;8678;2020-02-13;930000
8679;8679;2020-02-13;655250
8680;8680;2020-02-13;425000
8681;8681;2020-02-13;4502585
8682;8682;2020-02-13;345000
8683;8683;2020-02-13;445000
8684;8684;2020-02-13;862000
8685;8685;2020-02-13;265650
8686;8686;2020-02-13;537000
8687;8687;2020-02-13;261100
8688;8688;2020-02-13;576000
8689;8689;2020-02-13;425000
8690;8690;2020-02-13;283200
8691;8691;2020-02-13;190000
8692;8692;2020-02-13;205000
8693;8693;2020-02-13;1050000
8694;8694;2020-02-13;469000
8695;8695;2020-02-13;332500
8696;8696;2020-02-13;280575
8697;8697;2020-02-13;1081700
8698;8698;2020-02-13;797000
8699;8699;2020-02-13;861300
8700;8700;2020-02-13;710000
8701;8701;2020-02-13;600600
8702;8702;2020-02-13;344500
8703;8703;2020-02-13;379047
8704;8704;2020-02-13;265200
8705;8705;2020-02-13;478000
8706;8706;2020-02-13;397500
8707;8707;2020-02-13;234500
8708;8708;2020-02-13;664000
8709;8709;2020-02-13;46930
8710;8710;2020-02-13;55000
8711;8711;2020-02-13;1250000
8712;8712;2020-02-13;264650
8713;8713;2020-02-13;258500
8714;8714;2020-02-13;285000
8715;8715;2020-02-13;145000
8716;8716;2020-02-13;151000
8717;8717;2020-02-13;82000
8718;8718;2020-02-13;165800
8719;8719;2020-02-13;238500
8720;8720;2020-02-13;148000
8721;8721;2020-02-13;110000
8722;8722;2020-02-13;199000
8723;8723;2020-02-13;228572
8724;8724;2020-02-13;114000
8725;8725;2020-02-13;210860
8726;8726;2020-02-13;252000
8727;8727;2020-02-13;227000
8728;8728;2020-02-13;523280
8729;8729;2020-02-13;259850
8730;8730;2020-02-13;109900
8731;8731;2020-02-13;177608
8732;8732;2020-02-13;122000
8733;8733;2020-02-13;118400
8734;8734;2020-02-13;158000
8735;8735;2020-02-13;228000
8736;8736;2020-02-13;48000
8737;8737;2020-02-13;192950
8738;8738;2020-02-13;64500
8739;8739;2020-02-13;44000
8740;8740;2020-02-13;72000
8741;8741;2020-02-13;128500
8742;8742;2020-02-13;235000
8743;8743;2020-02-13;152000
8744;8744;2020-02-13;316000
8745;8745;2020-02-13;200000
8746;8746;2020-02-13;143000
8747;8747;2020-02-13;175000
8748;8748;2020-02-13;55000
8749;8749;2020-02-13;162000
8750;8750;2020-02-13;131000
8751;8751;2020-02-13;73500
8752;8752;2020-02-13;369000
8753;8753;2020-02-13;265000
8754;8754;2020-02-13;400600
8755;8755;2020-02-13;166000
8756;8756;2020-02-13;40397
8757;8757;2020-02-13;425000
8758;8758;2020-02-13;120100
8759;8759;2020-02-13;88000
8760;8760;2020-02-13;80500
8761;8761;2020-02-13;299000
8762;8762;2020-02-13;87000
8763;8763;2020-02-13;89000
8764;8764;2020-02-13;100000
8765;8765;2020-02-13;650000
8766;8766;2020-02-13;161000
8767;8767;2020-02-13;159135
8768;8768;2020-02-13;172000
8769;8769;2020-02-13;167000
8770;8770;2020-02-13;197100
8771;8771;2020-02-13;192000
8772;8772;2020-02-13;116000
8773;8773;2020-02-13;381612
8774;8774;2020-02-13;283400
8775;8775;2020-02-13;143000
8776;8776;2020-02-13;335000
8777;8777;2020-02-13;275200
8778;8778;2020-02-13;331900
8779;8779;2020-02-13;152000
8780;8780;2020-02-13;555200
8781;8781;2020-02-13;516000
8782;8782;2020-02-13;391150
8783;8783;2020-02-13;407022
8784;8784;2020-02-13;472100
8785;8785;2020-02-13;235600
8786;8786;2020-02-13;308000
8787;8787;2020-02-13;295800
8788;8788;2020-02-13;286000
8789;8789;2020-02-13;270600
8790;8790;2020-02-13;556365
8791;8791;2020-02-13;109500
8792;8792;2020-02-13;325000
8793;8793;2020-02-13;45561
8794;8794;2020-02-13;285000
8795;8795;2020-02-13;94500
8796;8796;2020-02-13;281000
8797;8797;2020-02-13;345000
8798;8798;2020-02-13;225000
8799;8799;2020-02-13;184000
8800;8800;2020-02-13;166000
8801;8801;2020-02-13;110000
8802;8802;2020-02-13;152000
8803;8803;2020-02-13;119990
8804;8804;2020-02-13;315000
8805;8805;2020-02-13;227500
8806;8806;2020-02-13;87000
8807;8807;2020-02-13;184900
8808;8808;2020-02-13;1173000
8809;8809;2020-02-13;620500
8810;8810;2020-02-13;99613
8811;8811;2020-02-13;247000
8812;8812;2020-02-13;256476
8813;8813;2020-02-13;434500
8814;8814;2020-02-13;249000
8815;8815;2020-02-13;376320
8816;8816;2020-02-13;378900
8817;8817;2020-02-13;373348
8818;8818;2020-02-13;296900
8819;8819;2020-02-13;135000
8820;8820;2020-02-13;497000
8821;8821;2020-02-13;157000
8822;8822;2020-02-13;237500
8823;8823;2020-02-13;123000
8824;8824;2020-02-13;340000
8825;8825;2020-02-13;126068
8826;8826;2020-02-13;339000
8827;8827;2020-02-13;226911
8828;8828;2020-02-13;181340
8829;8829;2020-02-13;245000
8830;8830;2020-02-13;130000
8831;8831;2020-02-13;145000
8832;8832;2020-02-13;165010
8833;8833;2020-02-13;129500
8834;8834;2020-02-13;299980
8835;8835;2020-02-13;159900
8836;8836;2020-02-13;40000
8837;8837;2020-02-14;128460
8838;8838;2020-02-14;90500
8839;8839;2020-02-14;390000
8840;8840;2020-02-14;70000
8841;8841;2020-02-14;97000
8842;8842;2020-02-14;61500
8843;8843;2020-02-14;57000
8844;8844;2020-02-14;37000
8845;8845;2020-02-14;61400
8846;8846;2020-02-14;52500
8847;8847;2020-02-14;41500
8848;8848;2020-02-14;650000
8849;8849;2020-02-14;470315
8850;8850;2020-02-14;187140
8851;8851;2020-02-14;620000
8852;8852;2020-02-14;325000
8853;8853;2020-02-14;104000
8854;8854;2020-02-14;183000
8855;8855;2020-02-14;305000
8856;8856;2020-02-14;194460
8857;8857;2020-02-14;291230
8858;8858;2020-02-14;130940
8859;8859;2020-02-14;584000
8860;8860;2020-02-14;42500
8861;8861;2020-02-14;114500
8862;8862;2020-02-14;294000
8863;8863;2020-02-14;138000
8864;8864;2020-02-14;221500
8865;8865;2020-02-14;500000
8866;8866;2020-02-14;95000
8867;8867;2020-02-14;22000
8868;8868;2020-02-14;49000
8869;8869;2020-02-14;250000
8870;8870;2020-02-14;110000
8871;8871;2020-02-14;42000
8872;8872;2020-02-14;72000
8873;8873;2020-02-14;291500
8874;8874;2020-02-14;455000
8875;8875;2020-02-14;320430
8876;8876;2020-02-14;120133
8877;8877;2020-02-14;205000
8878;8878;2020-02-14;73129
8879;8879;2020-02-14;87000
8880;8880;2020-02-14;108000
8881;8881;2020-02-14;36000
8882;8882;2020-02-14;136000
8883;8883;2020-02-14;134000
8884;8884;2020-02-14;105500
8885;8885;2020-02-14;498400
8886;8886;2020-02-14;101000
8887;8887;2020-02-14;275000
8888;8888;2020-02-14;446700
8889;8889;2020-02-14;219000
8890;8890;2020-02-14;362200
8891;8891;2020-02-14;305000
8892;8892;2020-02-14;55990
8893;8893;2020-02-14;320400
8894;8894;2020-02-14;56500
8895;8895;2020-02-14;277400
8896;8896;2020-02-14;58000
8897;8897;2020-02-14;55000
8898;8898;2020-02-14;110000
8899;8899;2020-02-14;520000
8900;8900;2020-02-14;161000
8901;8901;2020-02-14;155000
8902;8902;2020-02-14;156000
8903;8903;2020-02-14;90250
8904;8904;2020-02-14;90800
8905;8905;2020-02-14;99012
8906;8906;2020-02-14;191300
8907;8907;2020-02-14;107640
8908;8908;2020-02-14;160200
8909;8909;2020-02-14;103300
8910;8910;2020-02-14;625000
8911;8911;2020-02-14;236160
8912;8912;2020-02-14;35000
8913;8913;2020-02-14;49500
8914;8914;2020-02-14;59000
8915;8915;2020-02-14;53700
8916;8916;2020-02-14;290000
8917;8917;2020-02-14;160000
8918;8918;2020-02-14;129200
8919;8919;2020-02-14;45000
8920;8920;2020-02-14;52960
8921;8921;2020-02-14;235000
8922;8922;2020-02-14;113000
8923;8923;2020-02-14;404000
8924;8924;2020-02-14;163030
8925;8925;2020-02-14;79000
8926;8926;2020-02-14;84500
8927;8927;2020-02-14;99000
8928;8928;2020-02-14;74500
8929;8929;2020-02-14;23470
8930;8930;2020-02-14;55500
8931;8931;2020-02-14;68750
8932;8932;2020-02-14;143000
8933;8933;2020-02-14;204920
8934;8934;2020-02-14;188577
8935;8935;2020-02-14;102920
8936;8936;2020-02-14;332500
8937;8937;2020-02-14;141790
8938;8938;2020-02-14;212861
8939;8939;2020-02-14;124300
8940;8940;2020-02-14;273750
8941;8941;2020-02-14;321200
8942;8942;2020-02-14;303200
8943;8943;2020-02-14;292050
8944;8944;2020-02-14;195500
8945;8945;2020-02-14;275000
8946;8946;2020-02-14;215600
8947;8947;2020-02-14;138860
8948;8948;2020-02-14;199650
8949;8949;2020-02-14;170000
8950;8950;2020-02-14;290000
8951;8951;2020-02-14;105284
8952;8952;2020-02-14;102276
8953;8953;2020-02-14;325710
8954;8954;2020-02-14;89820
8955;8955;2020-02-14;154000
8956;8956;2020-02-14;217000
8957;8957;2020-02-14;132000
8958;8958;2020-02-14;170000
8959;8959;2020-02-14;140000
8960;8960;2020-02-14;541500
8961;8961;2020-02-14;70000
8962;8962;2020-02-14;365000
8963;8963;2020-02-14;180900
8964;8964;2020-02-14;750000
8965;8965;2020-02-14;160000
8966;8966;2020-02-14;139272
8967;8967;2020-02-14;85000
8968;8968;2020-02-14;250600
8969;8969;2020-02-14;428200
8970;8970;2020-02-14;181270
8971;8971;2020-02-14;72500
8972;8972;2020-02-14;145000
8973;8973;2020-02-14;80000
8974;8974;2020-02-14;94000
8975;8975;2020-02-14;258000
8976;8976;2020-02-14;268400
8977;8977;2020-02-14;150100
8978;8978;2020-02-14;264000
8979;8979;2020-02-14;235000
8980;8980;2020-02-14;234000
8981;8981;2020-02-14;289600
8982;8982;2020-02-14;51500
8983;8983;2020-02-14;180000
8984;8984;2020-02-14;146231
8985;8985;2020-02-14;55000
8986;8986;2020-02-14;88000
8987;8987;2020-02-14;45000
8988;8988;2020-02-14;191000
8989;8989;2020-02-14;114070
8990;8990;2020-02-14;141240
8991;8991;2020-02-14;245000
8992;8992;2020-02-14;39000
8993;8993;2020-02-14;79000
8994;8994;2020-02-14;142000
8995;8995;2020-02-14;54000
8996;8996;2020-02-14;150000
8997;8997;2020-02-14;106000
8998;8998;2020-02-14;110000
8999;8999;2020-02-14;220000
9000;9000;2020-02-14;94000
9001;9001;2020-02-14;155000
9002;9002;2020-02-14;141000
9003;9003;2020-02-14;30000
9004;9004;2020-02-14;295000
9005;9005;2020-02-14;158000
9006;9006;2020-02-14;209000
9007;9007;2020-02-14;459056
9008;9008;2020-02-14;595000
9009;9009;2020-02-14;143100
9010;9010;2020-02-14;225000
9011;9011;2020-02-14;151000
9012;9012;2020-02-14;131202
9013;9013;2020-02-14;262400
9014;9014;2020-02-14;159800
9015;9015;2020-02-14;264475
9016;9016;2020-02-14;155000
9017;9017;2020-02-14;330000
9018;9018;2020-02-14;214000
9019;9019;2020-02-14;105000
9020;9020;2020-02-14;137000
9021;9021;2020-02-14;109000
9022;9022;2020-02-14;156000
9023;9023;2020-02-14;177110
9024;9024;2020-02-14;60600
9025;9025;2020-02-14;103000
9026;9026;2020-02-14;36000
9027;9027;2020-02-14;65000
9028;9028;2020-02-14;41000
9029;9029;2020-02-14;108392
9030;9030;2020-02-14;71000
9031;9031;2020-02-14;37000
9032;9032;2020-02-14;94000
9033;9033;2020-02-14;61845
9034;9034;2020-02-14;53000
9035;9035;2020-02-14;84500
9036;9036;2020-02-14;29000
9037;9037;2020-02-14;46000
9038;9038;2020-02-14;62500
9039;9039;2020-02-14;124500
9040;9040;2020-02-14;107435
9041;9041;2020-02-14;105000
9042;9042;2020-02-14;173500
9043;9043;2020-02-14;274000
9044;9044;2020-02-14;53127
9045;9045;2020-02-14;432000
9046;9046;2020-02-14;298000
9047;9047;2020-02-14;58000
9048;9048;2020-02-14;225000
9049;9049;2020-02-14;374000
9050;9050;2020-02-14;212000
9051;9051;2020-02-14;67425
9052;9052;2020-02-14;125000
9053;9053;2020-02-14;66000
9054;9054;2020-02-14;48000
9055;9055;2020-02-14;119000
9056;9056;2020-02-14;170000
9057;9057;2020-02-14;106200
9058;9058;2020-02-14;114000
9059;9059;2020-02-14;233000
9060;9060;2020-02-14;571050
9061;9061;2020-02-14;370780
9062;9062;2020-02-14;363000
9063;9063;2020-02-14;559000
9064;9064;2020-02-14;1110000
9065;9065;2020-02-14;225290
9066;9066;2020-02-14;187000
9067;9067;2020-02-14;60000
9068;9068;2020-02-14;119053
9069;9069;2020-02-14;54000
9070;9070;2020-02-14;54500
9071;9071;2020-02-14;94500
9072;9072;2020-02-14;35000
9073;9073;2020-02-14;141310
9074;9074;2020-02-14;410000
9075;9075;2020-02-14;74740
9076;9076;2020-02-14;581990
9077;9077;2020-02-14;670000
9078;9078;2020-02-14;599990
9079;9079;2020-02-14;326470
9080;9080;2020-02-14;153000
9081;9081;2020-02-14;418000
9082;9082;2020-02-14;605000
9083;9083;2020-02-14;303740
9084;9084;2020-02-14;482885
9085;9085;2020-02-14;691550
9086;9086;2020-02-14;452040
9087;9087;2020-02-14;1019000
9088;9088;2020-02-14;607757
9089;9089;2020-02-14;1409600
9090;9090;2020-02-14;678762
9091;9091;2020-02-14;650000
9092;9092;2020-02-14;425000
9093;9093;2020-02-14;360000
9094;9094;2020-02-14;1263000
9095;9095;2020-02-14;135000
9096;9096;2020-02-14;386400
9097;9097;2020-02-14;418500
9098;9098;2020-02-14;307700
9099;9099;2020-02-14;365217
9100;9100;2020-02-14;609600
9101;9101;2020-02-14;126000
9102;9102;2020-02-14;490000
9103;9103;2020-02-14;840000
9104;9104;2020-02-14;540350
9105;9105;2020-02-14;326700
9106;9106;2020-02-14;698000
9107;9107;2020-02-14;445650
9108;9108;2020-02-14;569000
9109;9109;2020-02-14;290700
9110;9110;2020-02-14;1128000
9111;9111;2020-02-14;256900
9112;9112;2020-02-14;1762000
9113;9113;2020-02-14;615824
9114;9114;2020-02-14;1585300
9115;9115;2020-02-14;520000
9116;9116;2020-02-14;323000
9117;9117;2020-02-14;849490
9118;9118;2020-02-14;294000
9119;9119;2020-02-14;587290
9120;9120;2020-02-14;924373
9121;9121;2020-02-14;662300
9122;9122;2020-02-14;395100
9123;9123;2020-02-14;569090
9124;9124;2020-02-14;592800
9125;9125;2020-02-14;392500
9126;9126;2020-02-14;292000
9127;9127;2020-02-14;422900
9128;9128;2020-02-14;565000
9129;9129;2020-02-14;388000
9130;9130;2020-02-14;560500
9131;9131;2020-02-14;469000
9132;9132;2020-02-14;1111300
9133;9133;2020-02-14;343000
9134;9134;2020-02-14;495000
9135;9135;2020-02-14;109000
9136;9136;2020-02-14;200600
9137;9137;2020-02-14;275000
9138;9138;2020-02-14;208000
9139;9139;2020-02-14;265000
9140;9140;2020-02-14;280000
9141;9141;2020-02-14;143000
9142;9142;2020-02-14;320000
9143;9143;2020-02-14;156000
9144;9144;2020-02-14;157873
9145;9145;2020-02-14;175000
9146;9146;2020-02-14;234000
9147;9147;2020-02-14;102000
9148;9148;2020-02-14;320530
9149;9149;2020-02-14;219650
9150;9150;2020-02-14;236500
9151;9151;2020-02-14;171360
9152;9152;2020-02-14;260000
9153;9153;2020-02-14;118000
9154;9154;2020-02-14;117000
9155;9155;2020-02-14;180000
9156;9156;2020-02-14;120000
9157;9157;2020-02-14;379000
9158;9158;2020-02-14;303000
9159;9159;2020-02-14;63000
9160;9160;2020-02-14;170000
9161;9161;2020-02-14;287271
9162;9162;2020-02-14;262800
9163;9163;2020-02-14;124000
9164;9164;2020-02-14;203520
9165;9165;2020-02-14;292000
9166;9166;2020-02-14;267000
9167;9167;2020-02-14;262000
9168;9168;2020-02-14;281000
9169;9169;2020-02-14;229000
9170;9170;2020-02-14;243800
9171;9171;2020-02-14;218000
9172;9172;2020-02-14;172000
9173;9173;2020-02-14;372000
9174;9174;2020-02-14;190000
9175;9175;2020-02-14;864000
9176;9176;2020-02-14;141000
9177;9177;2020-02-14;135000
9178;9178;2020-02-14;101890
9179;9179;2020-02-14;193800
9180;9180;2020-02-14;38500
9181;9181;2020-02-14;148000
9182;9182;2020-02-14;45000
9183;9183;2020-02-14;121420
9184;9184;2020-02-14;131500
9185;9185;2020-02-14;170550
9186;9186;2020-02-14;138000
9187;9187;2020-02-14;66000
9188;9188;2020-02-14;247000
9189;9189;2020-02-14;141550
9190;9190;2020-02-14;137000
9191;9191;2020-02-14;96000
9192;9192;2020-02-14;74045
9193;9193;2020-02-14;297700
9194;9194;2020-02-14;75000
9195;9195;2020-02-14;398570
9196;9196;2020-02-14;33000
9197;9197;2020-02-14;55000
9198;9198;2020-02-14;205500
9199;9199;2020-02-14;235372
9200;9200;2020-02-14;124000
9201;9201;2020-02-14;54400
9202;9202;2020-02-14;168839
9203;9203;2020-02-14;24000
9204;9204;2020-02-14;17000
9205;9205;2020-02-14;45500
9206;9206;2020-02-14;18500
9207;9207;2020-02-14;93000
9208;9208;2020-02-14;124000
9209;9209;2020-02-14;175000
9210;9210;2020-02-14;112500
9211;9211;2020-02-14;153750
9212;9212;2020-02-14;147450
9213;9213;2020-02-14;288900
9214;9214;2020-02-14;107000
9215;9215;2020-02-14;218000
9216;9216;2020-02-14;180410
9217;9217;2020-02-14;146000
9218;9218;2020-02-14;115000
9219;9219;2020-02-14;268000
9220;9220;2020-02-14;73000
9221;9221;2020-02-14;175500
9222;9222;2020-02-14;114480
9223;9223;2020-02-14;215000
9224;9224;2020-02-14;200000
9225;9225;2020-02-14;137000
9226;9226;2020-02-14;152000
9227;9227;2020-02-14;138000
9228;9228;2020-02-14;461160
9229;9229;2020-02-14;819000
9230;9230;2020-02-14;441900
9231;9231;2020-02-14;556900
9232;9232;2020-02-14;224649
9233;9233;2020-02-14;1080000
9234;9234;2020-02-14;139048
9235;9235;2020-02-14;410000
9236;9236;2020-02-14;200000
9237;9237;2020-02-14;69000
9238;9238;2020-02-14;242000
9239;9239;2020-02-14;737000
9240;9240;2020-02-14;296000
9241;9241;2020-02-14;430500
9242;9242;2020-02-14;265000
9243;9243;2020-02-14;133480
9244;9244;2020-02-14;269000
9245;9245;2020-02-14;202000
9246;9246;2020-02-14;269200
9247;9247;2020-02-14;313300
9248;9248;2020-02-14;454000
9249;9249;2020-02-14;159800
9250;9250;2020-02-14;197660
9251;9251;2020-02-14;105000
9252;9252;2020-02-14;185000
9253;9253;2020-02-14;881575
9254;9254;2020-02-14;462978
9255;9255;2020-02-14;515750
9256;9256;2020-02-14;148000
9257;9257;2020-02-14;587500
9258;9258;2020-02-14;273550
9259;9259;2020-02-14;290000
9260;9260;2020-02-14;212000
9261;9261;2020-02-14;150000
9262;9262;2020-02-14;167000
9263;9263;2020-02-14;148500
9264;9264;2020-02-14;179000
9265;9265;2020-02-14;595000
9266;9266;2020-02-14;306300
9267;9267;2020-02-14;111030
9268;9268;2020-02-14;227000
9269;9269;2020-02-14;435000
9270;9270;2020-02-14;360000
9271;9271;2020-02-14;132000
9272;9272;2020-02-14;349000
9273;9273;2020-02-14;430180
9274;9274;2020-02-14;199810
9275;9275;2020-02-14;96000
9276;9276;2020-02-14;172900
9277;9277;2020-02-14;212000
9278;9278;2020-02-14;270000
9279;9279;2020-02-14;57500
9280;9280;2020-02-14;133500
9281;9281;2020-02-14;256000
9282;9282;2020-02-14;237000
9283;9283;2020-02-14;135000
9284;9284;2020-02-14;177000
9285;9285;2020-02-14;105000
9286;9286;2020-02-14;135500
9287;9287;2020-02-14;358000
9288;9288;2020-02-14;230000
9289;9289;2020-02-14;74000
9290;9290;2020-02-14;152000
9291;9291;2020-02-14;124040
9292;9292;2020-02-14;85500
9293;9293;2020-02-14;67000
9294;9294;2020-02-15;62700
9295;9295;2020-02-15;43000
9296;9296;2020-02-15;135000
9297;9297;2020-02-15;116700
9298;9298;2020-02-15;300000
9299;9299;2020-02-15;84000
9300;9300;2020-02-15;95000
9301;9301;2020-02-15;155000
9302;9302;2020-02-15;72000
9303;9303;2020-02-15;109000
9304;9304;2020-02-15;55000
9305;9305;2020-02-15;200000
9306;9306;2020-02-15;139000
9307;9307;2020-02-15;96270
9308;9308;2020-02-15;234500
9309;9309;2020-02-15;34000
9310;9310;2020-02-15;114940
9311;9311;2020-02-15;70000
9312;9312;2020-02-15;63500
9313;9313;2020-02-15;130000
9314;9314;2020-02-15;29000
9315;9315;2020-02-15;79000
9316;9316;2020-02-15;465000
9317;9317;2020-02-15;41500
9318;9318;2020-02-15;68300
9319;9319;2020-02-15;42500
9320;9320;2020-02-15;154000
9321;9321;2020-02-15;80790
9322;9322;2020-02-15;181000
9323;9323;2020-02-15;215850
9324;9324;2020-02-15;100000
9325;9325;2020-02-15;71500
9326;9326;2020-02-15;213000
9327;9327;2020-02-15;179650
9328;9328;2020-02-15;66000
9329;9329;2020-02-15;156750
9330;9330;2020-02-15;98000
9331;9331;2020-02-15;147500
9332;9332;2020-02-15;135000
9333;9333;2020-02-15;133000
9334;9334;2020-02-15;190300
9335;9335;2020-02-15;256000
9336;9336;2020-02-15;225000
9337;9337;2020-02-15;168000
9338;9338;2020-02-15;142000
9339;9339;2020-02-16;106800
9340;9340;2020-02-17;215000
9341;9341;2020-02-17;506000
9342;9342;2020-02-17;189350
9343;9343;2020-02-17;37900
9344;9344;2020-02-17;63000
9345;9345;2020-02-17;19000
9346;9346;2020-02-17;69300
9347;9347;2020-02-17;340400
9348;9348;2020-02-17;262400
9349;9349;2020-02-17;343000
9350;9350;2020-02-17;146000
9351;9351;2020-02-17;118000
9352;9352;2020-02-17;297000
9353;9353;2020-02-17;274102
9354;9354;2020-02-17;409000
9355;9355;2020-02-17;194030
9356;9356;2020-02-17;111594
9357;9357;2020-02-17;82500
9358;9358;2020-02-17;80000
9359;9359;2020-02-17;135029
9360;9360;2020-02-17;138000
9361;9361;2020-02-17;126000
9362;9362;2020-02-17;75882
9363;9363;2020-02-17;542350
9364;9364;2020-02-17;137000
9365;9365;2020-02-17;248050
9366;9366;2020-02-17;199000
9367;9367;2020-02-17;32000
9368;9368;2020-02-17;174000
9369;9369;2020-02-17;69000
9370;9370;2020-02-17;80000
9371;9371;2020-02-17;57000
9372;9372;2020-02-17;149500
9373;9373;2020-02-17;72000
9374;9374;2020-02-17;298000
9375;9375;2020-02-17;256500
9376;9376;2020-02-17;200000
9377;9377;2020-02-17;232850
9378;9378;2020-02-17;234000
9379;9379;2020-02-17;263000
9380;9380;2020-02-17;146500
9381;9381;2020-02-17;104000
9382;9382;2020-02-17;269500
9383;9383;2020-02-17;135000
9384;9384;2020-02-17;87000
9385;9385;2020-02-17;40200
9386;9386;2020-02-17;135000
9387;9387;2020-02-17;210000
9388;9388;2020-02-17;266000
9389;9389;2020-02-17;89000
9390;9390;2020-02-17;112000
9391;9391;2020-02-17;42000
9392;9392;2020-02-17;127500
9393;9393;2020-02-17;62500
9394;9394;2020-02-17;129000
9395;9395;2020-02-17;77000
9396;9396;2020-02-17;52500
9397;9397;2020-02-17;180000
9398;9398;2020-02-17;71290
9399;9399;2020-02-17;81150
9400;9400;2020-02-17;172700
9401;9401;2020-02-17;215380
9402;9402;2020-02-17;128000
9403;9403;2020-02-17;243500
9404;9404;2020-02-17;207760
9405;9405;2020-02-17;159965
9406;9406;2020-02-17;113760
9407;9407;2020-02-17;303270
9408;9408;2020-02-17;143000
9409;9409;2020-02-17;155000
9410;9410;2020-02-17;340000
9411;9411;2020-02-17;72000
9412;9412;2020-02-17;237000
9413;9413;2020-02-17;106236
9414;9414;2020-02-17;160000
9415;9415;2020-02-17;114670
9416;9416;2020-02-17;190000
9417;9417;2020-02-17;76000
9418;9418;2020-02-17;317000
9419;9419;2020-02-17;54000
9420;9420;2020-02-17;150500
9421;9421;2020-02-17;157000
9422;9422;2020-02-17;114600
9423;9423;2020-02-17;73500
9424;9424;2020-02-17;234900
9425;9425;2020-02-17;38000
9426;9426;2020-02-17;103000
9427;9427;2020-02-17;60370
9428;9428;2020-02-17;222800
9429;9429;2020-02-17;293650
9430;9430;2020-02-17;129800
9431;9431;2020-02-17;94970
9432;9432;2020-02-17;122550
9433;9433;2020-02-17;37500
9434;9434;2020-02-17;39240
9435;9435;2020-02-17;142900
9436;9436;2020-02-17;95000
9437;9437;2020-02-17;51100
9438;9438;2020-02-17;54800
9439;9439;2020-02-17;121000
9440;9440;2020-02-17;48000
9441;9441;2020-02-17;525300
9442;9442;2020-02-17;149960
9443;9443;2020-02-17;170100
9444;9444;2020-02-17;156000
9445;9445;2020-02-17;140000
9446;9446;2020-02-17;115000
9447;9447;2020-02-17;89000
9448;9448;2020-02-17;390700
9449;9449;2020-02-17;92000
9450;9450;2020-02-17;124745
9451;9451;2020-02-17;50000
9452;9452;2020-02-17;124950
9453;9453;2020-02-17;91000
9454;9454;2020-02-17;112500
9455;9455;2020-02-17;40000
9456;9456;2020-02-17;104000
9457;9457;2020-02-17;52000
9458;9458;2020-02-17;157000
9459;9459;2020-02-17;50000
9460;9460;2020-02-17;130400
9461;9461;2020-02-17;267550
9462;9462;2020-02-17;95700
9463;9463;2020-02-17;534500
9464;9464;2020-02-17;190500
9465;9465;2020-02-17;133000
9466;9466;2020-02-17;98000
9467;9467;2020-02-17;96000
9468;9468;2020-02-17;99700
9469;9469;2020-02-17;347400
9470;9470;2020-02-17;160000
9471;9471;2020-02-17;120030
9472;9472;2020-02-17;193218
9473;9473;2020-02-17;166500
9474;9474;2020-02-17;107000
9475;9475;2020-02-17;393880
9476;9476;2020-02-17;78000
9477;9477;2020-02-17;225000
9478;9478;2020-02-17;105500
9479;9479;2020-02-17;270000
9480;9480;2020-02-17;429000
9481;9481;2020-02-17;130000
9482;9482;2020-02-17;605000
9483;9483;2020-02-17;437712
9484;9484;2020-02-17;427750
9485;9485;2020-02-17;695000
9486;9486;2020-02-17;1360000
9487;9487;2020-02-17;957030
9488;9488;2020-02-17;323400
9489;9489;2020-02-17;230000
9490;9490;2020-02-17;897000
9491;9491;2020-02-17;1660700
9492;9492;2020-02-17;171000
9493;9493;2020-02-17;263200
9494;9494;2020-02-17;393000
9495;9495;2020-02-17;494000
9496;9496;2020-02-17;630000
9497;9497;2020-02-17;366000
9498;9498;2020-02-17;139000
9499;9499;2020-02-17;1403850
9500;9500;2020-02-17;544000
9501;9501;2020-02-17;921845
9502;9502;2020-02-17;2670000
9503;9503;2020-02-17;244000
9504;9504;2020-02-17;803950
9505;9505;2020-02-17;156300
9506;9506;2020-02-17;394230
9507;9507;2020-02-17;111300
9508;9508;2020-02-17;754500
9509;9509;2020-02-17;710600
9510;9510;2020-02-17;177500
9511;9511;2020-02-17;169000
9512;9512;2020-02-17;584958
9513;9513;2020-02-17;202000
9514;9514;2020-02-17;83000
9515;9515;2020-02-17;212000
9516;9516;2020-02-17;128000
9517;9517;2020-02-17;88000
9518;9518;2020-02-17;255000
9519;9519;2020-02-17;237550
9520;9520;2020-02-17;227000
9521;9521;2020-02-17;180000
9522;9522;2020-02-17;147000
9523;9523;2020-02-17;259000
9524;9524;2020-02-17;349000
9525;9525;2020-02-17;362000
9526;9526;2020-02-17;153660
9527;9527;2020-02-17;124000
9528;9528;2020-02-17;218200
9529;9529;2020-02-17;184000
9530;9530;2020-02-17;305000
9531;9531;2020-02-17;332000
9532;9532;2020-02-17;211000
9533;9533;2020-02-17;205000
9534;9534;2020-02-17;92000
9535;9535;2020-02-17;270100
9536;9536;2020-02-17;215210
9537;9537;2020-02-17;275000
9538;9538;2020-02-17;226710
9539;9539;2020-02-17;125012
9540;9540;2020-02-17;118000
9541;9541;2020-02-17;343600
9542;9542;2020-02-17;174500
9543;9543;2020-02-17;122000
9544;9544;2020-02-17;146000
9545;9545;2020-02-17;225000
9546;9546;2020-02-17;72964
9547;9547;2020-02-17;270000
9548;9548;2020-02-17;135000
9549;9549;2020-02-17;179200
9550;9550;2020-02-17;45840
9551;9551;2020-02-17;78000
9552;9552;2020-02-17;81000
9553;9553;2020-02-17;35100
9554;9554;2020-02-17;125000
9555;9555;2020-02-17;120000
9556;9556;2020-02-17;40000
9557;9557;2020-02-17;355000
9558;9558;2020-02-17;79000
9559;9559;2020-02-17;102000
9560;9560;2020-02-17;235000
9561;9561;2020-02-17;129000
9562;9562;2020-02-17;365000
9563;9563;2020-02-17;172000
9564;9564;2020-02-17;180000
9565;9565;2020-02-17;160000
9566;9566;2020-02-17;69000
9567;9567;2020-02-17;150000
9568;9568;2020-02-17;97000
9569;9569;2020-02-17;304000
9570;9570;2020-02-17;210700
9571;9571;2020-02-17;252000
9572;9572;2020-02-17;235000
9573;9573;2020-02-17;279000
9574;9574;2020-02-17;559000
9575;9575;2020-02-17;585000
9576;9576;2020-02-17;377000
9577;9577;2020-02-17;334210
9578;9578;2020-02-17;388800
9579;9579;2020-02-17;310000
9580;9580;2020-02-17;222000
9581;9581;2020-02-17;436500
9582;9582;2020-02-17;703700
9583;9583;2020-02-17;379700
9584;9584;2020-02-17;292000
9585;9585;2020-02-17;265000
9586;9586;2020-02-17;560000
9587;9587;2020-02-17;95000
9588;9588;2020-02-17;179000
9589;9589;2020-02-17;144000
9590;9590;2020-02-17;332500
9591;9591;2020-02-17;420300
9592;9592;2020-02-17;154000
9593;9593;2020-02-17;236000
9594;9594;2020-02-17;465000
9595;9595;2020-02-17;480000
9596;9596;2020-02-17;52000
9597;9597;2020-02-17;202300
9598;9598;2020-02-17;191000
9599;9599;2020-02-17;244120
9600;9600;2020-02-17;165000
9601;9601;2020-02-17;155500
9602;9602;2020-02-17;176000
9603;9603;2020-02-17;166000
9604;9604;2020-02-17;535000
9605;9605;2020-02-17;209500
9606;9606;2020-02-17;161500
9607;9607;2020-02-17;132000
9608;9608;2020-02-17;110000
9609;9609;2020-02-17;178000
9610;9610;2020-02-17;155000
9611;9611;2020-02-17;200000
9612;9612;2020-02-17;228000
9613;9613;2020-02-17;290000
9614;9614;2020-02-17;280000
9615;9615;2020-02-17;295000
9616;9616;2020-02-17;175000
9617;9617;2020-02-17;190000
9618;9618;2020-02-17;128000
9619;9619;2020-02-18;129258
9620;9620;2020-02-18;430000
9621;9621;2020-02-18;465660
9622;9622;2020-02-18;30000
9623;9623;2020-02-18;102345
9624;9624;2020-02-18;165500
9625;9625;2020-02-18;119390
9626;9626;2020-02-18;376890
9627;9627;2020-02-18;127050
9628;9628;2020-02-18;157400
9629;9629;2020-02-18;300000
9630;9630;2020-02-18;103500
9631;9631;2020-02-18;240000
9632;9632;2020-02-18;95000
9633;9633;2020-02-18;111000
9634;9634;2020-02-18;284000
9635;9635;2020-02-18;94100
9636;9636;2020-02-18;114100
9637;9637;2020-02-18;215000
9638;9638;2020-02-18;288000
9639;9639;2020-02-18;49000
9640;9640;2020-02-18;125700
9641;9641;2020-02-18;58000
9642;9642;2020-02-18;204000
9643;9643;2020-02-18;311000
9644;9644;2020-02-18;78000
9645;9645;2020-02-18;132050
9646;9646;2020-02-18;134000
9647;9647;2020-02-18;269000
9648;9648;2020-02-18;175000
9649;9649;2020-02-18;169000
9650;9650;2020-02-18;218000
9651;9651;2020-02-18;74890
9652;9652;2020-02-18;84400
9653;9653;2020-02-18;175500
9654;9654;2020-02-18;49000
9655;9655;2020-02-18;37800
9656;9656;2020-02-18;56230
9657;9657;2020-02-18;39500
9658;9658;2020-02-18;74900
9659;9659;2020-02-18;108000
9660;9660;2020-02-18;91000
9661;9661;2020-02-18;73000
9662;9662;2020-02-18;166300
9663;9663;2020-02-18;103000
9664;9664;2020-02-18;47500
9665;9665;2020-02-18;63500
9666;9666;2020-02-18;157300
9667;9667;2020-02-18;270000
9668;9668;2020-02-18;315000
9669;9669;2020-02-18;274900
9670;9670;2020-02-18;263500
9671;9671;2020-02-18;149800
9672;9672;2020-02-18;180800
9673;9673;2020-02-18;67735
9674;9674;2020-02-18;180000
9675;9675;2020-02-18;167000
9676;9676;2020-02-18;294420
9677;9677;2020-02-18;268311
9678;9678;2020-02-18;147700
9679;9679;2020-02-18;109000
9680;9680;2020-02-18;164100
9681;9681;2020-02-18;189600
9682;9682;2020-02-18;142500
9683;9683;2020-02-18;77500
9684;9684;2020-02-18;301300
9685;9685;2020-02-18;209340
9686;9686;2020-02-18;50000
9687;9687;2020-02-18;41200
9688;9688;2020-02-18;188000
9689;9689;2020-02-18;55000
9690;9690;2020-02-18;350400
9691;9691;2020-02-18;65500
9692;9692;2020-02-18;15000
9693;9693;2020-02-18;101505
9694;9694;2020-02-18;208500
9695;9695;2020-02-18;98205
9696;9696;2020-02-18;64000
9697;9697;2020-02-18;261600
9698;9698;2020-02-18;45000
9699;9699;2020-02-18;105000
9700;9700;2020-02-18;44750
9701;9701;2020-02-18;75000
9702;9702;2020-02-18;123250
9703;9703;2020-02-18;259060
9704;9704;2020-02-18;135750
9705;9705;2020-02-18;140000
9706;9706;2020-02-18;330000
9707;9707;2020-02-18;215150
9708;9708;2020-02-18;126800
9709;9709;2020-02-18;31000
9710;9710;2020-02-18;25537
9711;9711;2020-02-18;83000
9712;9712;2020-02-18;110000
9713;9713;2020-02-18;75000
9714;9714;2020-02-18;85900
9715;9715;2020-02-18;90000
9716;9716;2020-02-18;113000
9717;9717;2020-02-18;30000
9718;9718;2020-02-18;92000
9719;9719;2020-02-18;52000
9720;9720;2020-02-18;118000
9721;9721;2020-02-18;175000
9722;9722;2020-02-18;233400
9723;9723;2020-02-18;150000
9724;9724;2020-02-18;43000
9725;9725;2020-02-18;172000
9726;9726;2020-02-18;80500
9727;9727;2020-02-18;162000
9728;9728;2020-02-18;355000
9729;9729;2020-02-18;237000
9730;9730;2020-02-18;1220000
9731;9731;2020-02-18;417000
9732;9732;2020-02-18;194200
9733;9733;2020-02-18;106900
9734;9734;2020-02-18;76500
9735;9735;2020-02-18;32000
9736;9736;2020-02-18;175000
9737;9737;2020-02-18;360000
9738;9738;2020-02-18;74000
9739;9739;2020-02-18;85400
9740;9740;2020-02-18;164000
9741;9741;2020-02-18;1034285
9742;9742;2020-02-18;840000
9743;9743;2020-02-18;223000
9744;9744;2020-02-18;218080
9745;9745;2020-02-18;380000
9746;9746;2020-02-18;303000
9747;9747;2020-02-18;420850
9748;9748;2020-02-18;540000
9749;9749;2020-02-18;602000
9750;9750;2020-02-18;1425000
9751;9751;2020-02-18;250000
9752;9752;2020-02-18;2250000
9753;9753;2020-02-18;639000
9754;9754;2020-02-18;141000
9755;9755;2020-02-18;686000
9756;9756;2020-02-18;233000
9757;9757;2020-02-18;477000
9758;9758;2020-02-18;233200
9759;9759;2020-02-18;347000
9760;9760;2020-02-18;193000
9761;9761;2020-02-18;161300
9762;9762;2020-02-18;156000
9763;9763;2020-02-18;488000
9764;9764;2020-02-18;227090
9765;9765;2020-02-18;370400
9766;9766;2020-02-18;588300
9767;9767;2020-02-18;1011600
9768;9768;2020-02-18;445900
9769;9769;2020-02-18;2845500
9770;9770;2020-02-18;194400
9771;9771;2020-02-18;178935
9772;9772;2020-02-18;250900
9773;9773;2020-02-18;725000
9774;9774;2020-02-18;355000
9775;9775;2020-02-18;273000
9776;9776;2020-02-18;95000
9777;9777;2020-02-18;236563
9778;9778;2020-02-18;140000
9779;9779;2020-02-18;212000
9780;9780;2020-02-18;107000
9781;9781;2020-02-18;64000
9782;9782;2020-02-18;45000
9783;9783;2020-02-18;139000
9784;9784;2020-02-18;55000
9785;9785;2020-02-18;110000
9786;9786;2020-02-18;145000
9787;9787;2020-02-18;297000
9788;9788;2020-02-18;124000
9789;9789;2020-02-18;178755
9790;9790;2020-02-18;174000
9791;9791;2020-02-18;149000
9792;9792;2020-02-18;165000
9793;9793;2020-02-18;170000
9794;9794;2020-02-18;105000
9795;9795;2020-02-18;75000
9796;9796;2020-02-18;117380
9797;9797;2020-02-18;67000
9798;9798;2020-02-18;60000
9799;9799;2020-02-18;65000
9800;9800;2020-02-18;18090
9801;9801;2020-02-18;43000
9802;9802;2020-02-18;78000
9803;9803;2020-02-18;85000
9804;9804;2020-02-18;55000
9805;9805;2020-02-18;210900
9806;9806;2020-02-18;118365
9807;9807;2020-02-18;162000
9808;9808;2020-02-18;88000
9809;9809;2020-02-18;43000
9810;9810;2020-02-18;188000
9811;9811;2020-02-18;131365
9812;9812;2020-02-18;383000
9813;9813;2020-02-18;171000
9814;9814;2020-02-18;171550
9815;9815;2020-02-18;126000
9816;9816;2020-02-18;114000
9817;9817;2020-02-18;122000
9818;9818;2020-02-18;225950
9819;9819;2020-02-18;128000
9820;9820;2020-02-18;165500
9821;9821;2020-02-18;150000
9822;9822;2020-02-18;151500
9823;9823;2020-02-18;289450
9824;9824;2020-02-18;182000
9825;9825;2020-02-18;312000
9826;9826;2020-02-18;490500
9827;9827;2020-02-18;399000
9828;9828;2020-02-18;364000
9829;9829;2020-02-18;337000
9830;9830;2020-02-18;574500
9831;9831;2020-02-18;215000
9832;9832;2020-02-18;150000
9833;9833;2020-02-18;156000
9834;9834;2020-02-18;597000
9835;9835;2020-02-18;125000
9836;9836;2020-02-18;153450
9837;9837;2020-02-18;213995
9838;9838;2020-02-18;188000
9839;9839;2020-02-18;442800
9840;9840;2020-02-18;109000
9841;9841;2020-02-18;292000
9842;9842;2020-02-18;165000
9843;9843;2020-02-18;80000
9844;9844;2020-02-18;330000
9845;9845;2020-02-18;38000
9846;9846;2020-02-18;530000
9847;9847;2020-02-18;263000
9848;9848;2020-02-18;185000
9849;9849;2020-02-18;345000
9850;9850;2020-02-18;195865
9851;9851;2020-02-18;176000
9852;9852;2020-02-18;153000
9853;9853;2020-02-18;263000
9854;9854;2020-02-18;169500
9855;9855;2020-02-18;138000
9856;9856;2020-02-18;495000
9857;9857;2020-02-18;272000
9858;9858;2020-02-18;144500
9859;9859;2020-02-18;148900
9860;9860;2020-02-18;181000
9861;9861;2020-02-18;273300
9862;9862;2020-02-18;138000
9863;9863;2020-02-18;158000
9864;9864;2020-02-18;131000
9865;9865;2020-02-18;229000
9866;9866;2020-02-18;153000
9867;9867;2020-02-18;103500
9868;9868;2020-02-18;262000
9869;9869;2020-02-18;43000
9870;9870;2020-02-19;54000
9871;9871;2020-02-19;78100
9872;9872;2020-02-19;67000
9873;9873;2020-02-19;61700
9874;9874;2020-02-19;40000
9875;9875;2020-02-19;228000
9876;9876;2020-02-19;273600
9877;9877;2020-02-19;314000
9878;9878;2020-02-19;44000
9879;9879;2020-02-19;637000
9880;9880;2020-02-19;86000
9881;9881;2020-02-19;168783
9882;9882;2020-02-19;135000
9883;9883;2020-02-19;1996150
9884;9884;2020-02-19;575000
9885;9885;2020-02-19;46000
9886;9886;2020-02-19;37500
9887;9887;2020-02-19;43500
9888;9888;2020-02-19;44500
9889;9889;2020-02-19;246450
9890;9890;2020-02-19;95000
9891;9891;2020-02-19;75000
9892;9892;2020-02-19;43800
9893;9893;2020-02-19;219600
9894;9894;2020-02-19;190000
9895;9895;2020-02-19;260000
9896;9896;2020-02-19;139700
9897;9897;2020-02-19;139000
9898;9898;2020-02-19;210000
9899;9899;2020-02-19;83000
9900;9900;2020-02-19;141950
9901;9901;2020-02-19;58000
9902;9902;2020-02-19;60000
9903;9903;2020-02-19;20000
9904;9904;2020-02-19;45000
9905;9905;2020-02-19;68000
9906;9906;2020-02-19;123700
9907;9907;2020-02-19;170000
9908;9908;2020-02-19;259000
9909;9909;2020-02-19;68000
9910;9910;2020-02-19;116800
9911;9911;2020-02-19;190000
9912;9912;2020-02-19;78800
9913;9913;2020-02-19;104670
9914;9914;2020-02-19;285700
9915;9915;2020-02-19;220000
9916;9916;2020-02-19;651700
9917;9917;2020-02-19;135000
9918;9918;2020-02-19;72705
9919;9919;2020-02-19;62000
9920;9920;2020-02-19;130500
9921;9921;2020-02-19;61000
9922;9922;2020-02-19;292250
9923;9923;2020-02-19;313982
9924;9924;2020-02-19;386240
9925;9925;2020-02-19;295075
9926;9926;2020-02-19;467850
9927;9927;2020-02-19;180000
9928;9928;2020-02-19;54000
9929;9929;2020-02-19;175500
9930;9930;2020-02-19;177000
9931;9931;2020-02-19;282500
9932;9932;2020-02-19;345900
9933;9933;2020-02-19;187550
9934;9934;2020-02-19;92650
9935;9935;2020-02-19;40000
9936;9936;2020-02-19;66200
9937;9937;2020-02-19;58000
9938;9938;2020-02-19;70000
9939;9939;2020-02-19;168000
9940;9940;2020-02-19;173000
9941;9941;2020-02-19;73000
9942;9942;2020-02-19;76000
9943;9943;2020-02-19;129452
9944;9944;2020-02-19;70000
9945;9945;2020-02-19;220000
9946;9946;2020-02-19;115000
9947;9947;2020-02-19;159000
9948;9948;2020-02-19;210000
9949;9949;2020-02-19;155000
9950;9950;2020-02-19;64000
9951;9951;2020-02-19;173110
9952;9952;2020-02-19;284500
9953;9953;2020-02-19;157900
9954;9954;2020-02-19;79400
9955;9955;2020-02-19;59000
9956;9956;2020-02-19;105100
9957;9957;2020-02-19;145000
9958;9958;2020-02-19;55000
9959;9959;2020-02-19;72000
9960;9960;2020-02-19;105650
9961;9961;2020-02-19;137680
9962;9962;2020-02-19;256604
9963;9963;2020-02-19;177990
9964;9964;2020-02-19;181400
9965;9965;2020-02-19;50000
9966;9966;2020-02-19;141200
9967;9967;2020-02-19;62000
9968;9968;2020-02-19;214250
9969;9969;2020-02-19;83177
9970;9970;2020-02-19;122000
9971;9971;2020-02-19;122000
9972;9972;2020-02-19;223500
9973;9973;2020-02-19;66900
9974;9974;2020-02-19;50698
9975;9975;2020-02-19;86000
9976;9976;2020-02-19;155300
9977;9977;2020-02-19;41700
9978;9978;2020-02-19;98000
9979;9979;2020-02-19;111000
9980;9980;2020-02-19;190270
9981;9981;2020-02-19;78000
9982;9982;2020-02-19;247700
9983;9983;2020-02-19;326400
9984;9984;2020-02-19;83000
9985;9985;2020-02-19;38510
9986;9986;2020-02-19;147000
9987;9987;2020-02-19;122180
9988;9988;2020-02-19;7600000
9989;9989;2020-02-19;614000
9990;9990;2020-02-19;375000
9991;9991;2020-02-19;263567
9992;9992;2020-02-19;298500
9993;9993;2020-02-19;452000
9994;9994;2020-02-19;315904
9995;9995;2020-02-19;1014800
9996;9996;2020-02-19;495500
9997;9997;2020-02-19;220000
9998;9998;2020-02-19;452000
9999;9999;2020-02-19;570800
10000;10000;2020-02-19;346500
10001;10001;2020-02-19;308500
10002;10002;2020-02-19;481172
10003;10003;2020-02-19;325000
10004;10004;2020-02-19;909750
10005;10005;2020-02-19;452000
10006;10006;2020-02-19;570000
10007;10007;2020-02-19;449020
10008;10008;2020-02-19;605800
10009;10009;2020-02-19;203000
10010;10010;2020-02-19;279600
10011;10011;2020-02-19;924800
10012;10012;2020-02-19;203000
10013;10013;2020-02-19;232500
10014;10014;2020-02-19;180649
10015;10015;2020-02-19;138350
10016;10016;2020-02-19;99500
10017;10017;2020-02-19;170000
10018;10018;2020-02-19;289500
10019;10019;2020-02-19;52500
10020;10020;2020-02-19;226825
10021;10021;2020-02-19;170000
10022;10022;2020-02-19;158000
10023;10023;2020-02-19;148500
10024;10024;2020-02-19;396966
10025;10025;2020-02-19;92000
10026;10026;2020-02-19;195000
10027;10027;2020-02-19;247130
10028;10028;2020-02-19;142000
10029;10029;2020-02-19;48100
10030;10030;2020-02-19;191971
10031;10031;2020-02-19;174000
10032;10032;2020-02-19;268150
10033;10033;2020-02-19;366130
10034;10034;2020-02-19;57500
10035;10035;2020-02-19;137000
10036;10036;2020-02-19;177000
10037;10037;2020-02-19;76000
10038;10038;2020-02-19;179000
10039;10039;2020-02-19;118000
10040;10040;2020-02-19;98800
10041;10041;2020-02-19;103695
10042;10042;2020-02-19;98281
10043;10043;2020-02-19;86050
10044;10044;2020-02-19;119500
10045;10045;2020-02-19;170000
10046;10046;2020-02-19;112000
10047;10047;2020-02-19;156800
10048;10048;2020-02-19;259750
10049;10049;2020-02-19;238000
10050;10050;2020-02-19;279900
10051;10051;2020-02-19;372000
10052;10052;2020-02-19;152000
10053;10053;2020-02-19;115500
10054;10054;2020-02-19;140000
10055;10055;2020-02-19;174200
10056;10056;2020-02-19;163000
10057;10057;2020-02-19;270000
10058;10058;2020-02-19;243902
10059;10059;2020-02-19;188350
10060;10060;2020-02-19;383775
10061;10061;2020-02-19;212000
10062;10062;2020-02-19;329000
10063;10063;2020-02-19;430000
10064;10064;2020-02-19;424500
10065;10065;2020-02-19;598778
10066;10066;2020-02-19;312000
10067;10067;2020-02-19;154940
10068;10068;2020-02-19;300000
10069;10069;2020-02-19;476000
10070;10070;2020-02-19;335000
10071;10071;2020-02-19;117000
10072;10072;2020-02-19;461000
10073;10073;2020-02-19;230000
10074;10074;2020-02-19;342210
10075;10075;2020-02-19;188000
10076;10076;2020-02-19;124000
10077;10077;2020-02-19;345000
10078;10078;2020-02-19;329000
10079;10079;2020-02-19;108400
10080;10080;2020-02-19;94000
10081;10081;2020-02-19;143312
10082;10082;2020-02-19;153500
10083;10083;2020-02-19;190500
10084;10084;2020-02-19;173138
10085;10085;2020-02-19;212500
10086;10086;2020-02-19;128050
10087;10087;2020-02-19;262000
10088;10088;2020-02-19;169700
10089;10089;2020-02-19;419000
10090;10090;2020-02-19;335000
10091;10091;2020-02-19;189600
10092;10092;2020-02-19;193550
10093;10093;2020-02-19;132000
10094;10094;2020-02-19;229960
10095;10095;2020-02-19;213000
10096;10096;2020-02-19;320000
10097;10097;2020-02-19;248300
10098;10098;2020-02-19;445000
10099;10099;2020-02-19;166680
10100;10100;2020-02-19;79450
10101;10101;2020-02-19;275500
10102;10102;2020-02-19;99000
10103;10103;2020-02-19;167000
10104;10104;2020-02-19;186000
10105;10105;2020-02-19;157000
10106;10106;2020-02-19;137500
10107;10107;2020-02-19;212277
10108;10108;2020-02-19;223000
10109;10109;2020-02-19;220000
10110;10110;2020-02-19;86000
10111;10111;2020-02-19;104000
10112;10112;2020-02-19;127050
10113;10113;2020-02-20;505000
10114;10114;2020-02-20;105500
10115;10115;2020-02-20;70020
10116;10116;2020-02-20;117110
10117;10117;2020-02-20;105000
10118;10118;2020-02-20;617785
10119;10119;2020-02-20;294845
10120;10120;2020-02-20;203000
10121;10121;2020-02-20;234820
10122;10122;2020-02-20;485000
10123;10123;2020-02-20;391000
10124;10124;2020-02-20;105000
10125;10125;2020-02-20;19000
10126;10126;2020-02-20;97000
10127;10127;2020-02-20;78200
10128;10128;2020-02-20;64500
10129;10129;2020-02-20;142000
10130;10130;2020-02-20;195000
10131;10131;2020-02-20;300000
10132;10132;2020-02-20;140000
10133;10133;2020-02-20;90000
10134;10134;2020-02-20;190000
10135;10135;2020-02-20;83000
10136;10136;2020-02-20;64000
10137;10137;2020-02-20;208000
10138;10138;2020-02-20;400000
10139;10139;2020-02-20;34000
10140;10140;2020-02-20;83400
10141;10141;2020-02-20;142500
10142;10142;2020-02-20;375000
10143;10143;2020-02-20;99000
10144;10144;2020-02-20;135000
10145;10145;2020-02-20;210000
10146;10146;2020-02-20;146090
10147;10147;2020-02-20;165000
10148;10148;2020-02-20;158000
10149;10149;2020-02-20;81000
10150;10150;2020-02-20;32000
10151;10151;2020-02-20;90000
10152;10152;2020-02-20;124000
10153;10153;2020-02-20;226290
10154;10154;2020-02-20;82100
10155;10155;2020-02-20;140000
10156;10156;2020-02-20;215000
10157;10157;2020-02-20;169000
10158;10158;2020-02-20;91000
10159;10159;2020-02-20;49500
10160;10160;2020-02-20;44500
10161;10161;2020-02-20;187000
10162;10162;2020-02-20;116120
10163;10163;2020-02-20;254200
10164;10164;2020-02-20;163450
10165;10165;2020-02-20;148000
10166;10166;2020-02-20;97500
10167;10167;2020-02-20;65000
10168;10168;2020-02-20;139000
10169;10169;2020-02-20;202736
10170;10170;2020-02-20;147000
10171;10171;2020-02-20;160500
10172;10172;2020-02-20;210000
10173;10173;2020-02-20;123008
10174;10174;2020-02-20;388500
10175;10175;2020-02-20;244500
10176;10176;2020-02-20;316150
10177;10177;2020-02-20;220000
10178;10178;2020-02-20;159101
10179;10179;2020-02-20;144000
10180;10180;2020-02-20;107900
10181;10181;2020-02-20;138000
10182;10182;2020-02-20;185000
10183;10183;2020-02-20;148900
10184;10184;2020-02-20;132500
10185;10185;2020-02-20;196000
10186;10186;2020-02-20;175965
10187;10187;2020-02-20;68000
10188;10188;2020-02-20;50000
10189;10189;2020-02-20;112580
10190;10190;2020-02-20;356980
10191;10191;2020-02-20;85500
10192;10192;2020-02-20;343000
10193;10193;2020-02-20;103000
10194;10194;2020-02-20;59000
10195;10195;2020-02-20;59320
10196;10196;2020-02-20;212000
10197;10197;2020-02-20;124000
10198;10198;2020-02-20;104000
10199;10199;2020-02-20;102000
10200;10200;2020-02-20;113500
10201;10201;2020-02-20;48000
10202;10202;2020-02-20;110000
10203;10203;2020-02-20;223645
10204;10204;2020-02-20;66880
10205;10205;2020-02-20;104000
10206;10206;2020-02-20;157200
10207;10207;2020-02-20;129500
10208;10208;2020-02-20;161400
10209;10209;2020-02-20;174000
10210;10210;2020-02-20;52250
10211;10211;2020-02-20;69500
10212;10212;2020-02-20;45000
10213;10213;2020-02-20;86000
10214;10214;2020-02-20;132130
10215;10215;2020-02-20;134000
10216;10216;2020-02-20;265000
10217;10217;2020-02-20;104274
10218;10218;2020-02-20;90250
10219;10219;2020-02-20;65000
10220;10220;2020-02-20;99000
10221;10221;2020-02-20;187600
10222;10222;2020-02-20;143000
10223;10223;2020-02-20;119990
10224;10224;2020-02-20;62000
10225;10225;2020-02-20;141500
10226;10226;2020-02-20;70000
10227;10227;2020-02-20;131420
10228;10228;2020-02-20;76000
10229;10229;2020-02-20;122000
10230;10230;2020-02-20;165500
10231;10231;2020-02-20;95000
10232;10232;2020-02-20;91750
10233;10233;2020-02-20;208000
10234;10234;2020-02-20;85700
10235;10235;2020-02-20;74500
10236;10236;2020-02-20;57600
10237;10237;2020-02-20;119000
10238;10238;2020-02-20;125000
10239;10239;2020-02-20;161200
10240;10240;2020-02-20;141000
10241;10241;2020-02-20;122300
10242;10242;2020-02-20;155000
10243;10243;2020-02-20;200000
10244;10244;2020-02-20;284500
10245;10245;2020-02-20;78240
10246;10246;2020-02-20;349000
10247;10247;2020-02-20;103950
10248;10248;2020-02-20;71500
10249;10249;2020-02-20;172000
10250;10250;2020-02-20;74000
10251;10251;2020-02-20;284650
10252;10252;2020-02-20;222260
10253;10253;2020-02-20;299810
10254;10254;2020-02-20;315000
10255;10255;2020-02-20;215000
10256;10256;2020-02-20;107000
10257;10257;2020-02-20;303000
10258;10258;2020-02-20;89800
10259;10259;2020-02-20;197830
10260;10260;2020-02-20;750270
10261;10261;2020-02-20;179900
10262;10262;2020-02-20;421750
10263;10263;2020-02-20;902500
10264;10264;2020-02-20;1260000
10265;10265;2020-02-20;212600
10266;10266;2020-02-20;584000
10267;10267;2020-02-20;230061
10268;10268;2020-02-20;167000
10269;10269;2020-02-20;299000
10270;10270;2020-02-20;195500
10271;10271;2020-02-20;351005
10272;10272;2020-02-20;134000
10273;10273;2020-02-20;313000
10274;10274;2020-02-20;353335
10275;10275;2020-02-20;735000
10276;10276;2020-02-20;563000
10277;10277;2020-02-20;1016550
10278;10278;2020-02-20;465400
10279;10279;2020-02-20;142000
10280;10280;2020-02-20;360500
10281;10281;2020-02-20;693800
10282;10282;2020-02-20;278500
10283;10283;2020-02-20;235000
10284;10284;2020-02-20;251500
10285;10285;2020-02-20;122000
10286;10286;2020-02-20;513500
10287;10287;2020-02-20;107000
10288;10288;2020-02-20;405000
10289;10289;2020-02-20;101700
10290;10290;2020-02-20;94000
10291;10291;2020-02-20;94000
10292;10292;2020-02-20;141000
10293;10293;2020-02-20;108000
10294;10294;2020-02-20;175000
10295;10295;2020-02-20;128000
10296;10296;2020-02-20;228000
10297;10297;2020-02-20;244000
10298;10298;2020-02-20;195000
10299;10299;2020-02-20;160000
10300;10300;2020-02-20;422000
10301;10301;2020-02-20;175000
10302;10302;2020-02-20;135024
10303;10303;2020-02-20;253100
10304;10304;2020-02-20;163000
10305;10305;2020-02-20;307000
10306;10306;2020-02-20;202000
10307;10307;2020-02-20;408000
10308;10308;2020-02-20;316750
10309;10309;2020-02-20;116500
10310;10310;2020-02-20;88500
10311;10311;2020-02-20;131000
10312;10312;2020-02-20;210000
10313;10313;2020-02-20;75000
10314;10314;2020-02-20;247000
10315;10315;2020-02-20;210000
10316;10316;2020-02-20;126500
10317;10317;2020-02-20;213150
10318;10318;2020-02-20;457500
10319;10319;2020-02-20;242000
10320;10320;2020-02-20;140000
10321;10321;2020-02-20;166000
10322;10322;2020-02-20;95000
10323;10323;2020-02-20;259000
10324;10324;2020-02-20;86000
10325;10325;2020-02-20;75000
10326;10326;2020-02-20;121500
10327;10327;2020-02-20;69500
10328;10328;2020-02-20;40000
10329;10329;2020-02-20;143500
10330;10330;2020-02-20;120000
10331;10331;2020-02-20;90000
10332;10332;2020-02-20;248000
10333;10333;2020-02-20;245500
10334;10334;2020-02-20;91000
10335;10335;2020-02-20;279000
10336;10336;2020-02-20;91000
10337;10337;2020-02-20;136500
10338;10338;2020-02-20;94000
10339;10339;2020-02-20;140000
10340;10340;2020-02-20;450000
10341;10341;2020-02-20;500000
10342;10342;2020-02-20;515440
10343;10343;2020-02-20;550000
10344;10344;2020-02-20;346850
10345;10345;2020-02-20;210000
10346;10346;2020-02-20;467000
10347;10347;2020-02-20;229500
10348;10348;2020-02-20;463400
10349;10349;2020-02-20;652000
10350;10350;2020-02-20;114000
10351;10351;2020-02-20;113000
10352;10352;2020-02-20;105000
10353;10353;2020-02-20;510000
10354;10354;2020-02-20;134000
10355;10355;2020-02-20;148000
10356;10356;2020-02-20;42000
10357;10357;2020-02-20;189000
10358;10358;2020-02-20;181000
10359;10359;2020-02-20;203750
10360;10360;2020-02-20;250000
10361;10361;2020-02-20;107368
10362;10362;2020-02-20;134700
10363;10363;2020-02-20;323000
10364;10364;2020-02-20;220095
10365;10365;2020-02-20;248000
10366;10366;2020-02-20;315000
10367;10367;2020-02-20;107000
10368;10368;2020-02-20;444000
10369;10369;2020-02-20;166500
10370;10370;2020-02-20;274000
10371;10371;2020-02-20;314554
10372;10372;2020-02-20;325000
10373;10373;2020-02-20;355000
10374;10374;2020-02-20;177000
10375;10375;2020-02-20;150000
10376;10376;2020-02-20;99900
10377;10377;2020-02-20;171000
10378;10378;2020-02-20;164000
10379;10379;2020-02-20;232000
10380;10380;2020-02-20;233000
10381;10381;2020-02-20;126000
10382;10382;2020-02-20;170000
10383;10383;2020-02-20;125000
10384;10384;2020-02-20;152295
10385;10385;2020-02-20;178500
10386;10386;2020-02-21;310000
10387;10387;2020-02-21;112900
10388;10388;2020-02-21;39500
10389;10389;2020-02-21;230000
10390;10390;2020-02-21;83000
10391;10391;2020-02-21;270200
10392;10392;2020-02-21;146200
10393;10393;2020-02-21;220000
10394;10394;2020-02-21;85000
10395;10395;2020-02-21;67200
10396;10396;2020-02-21;49000
10397;10397;2020-02-21;550000
10398;10398;2020-02-21;283000
10399;10399;2020-02-21;108000
10400;10400;2020-02-21;230000
10401;10401;2020-02-21;258000
10402;10402;2020-02-21;101800
10403;10403;2020-02-21;292500
10404;10404;2020-02-21;480000
10405;10405;2020-02-21;532500
10406;10406;2020-02-21;417145
10407;10407;2020-02-21;143730
10408;10408;2020-02-21;208000
10409;10409;2020-02-21;45000
10410;10410;2020-02-21;70000
10411;10411;2020-02-21;82650
10412;10412;2020-02-21;130750
10413;10413;2020-02-21;46000
10414;10414;2020-02-21;196000
10415;10415;2020-02-21;115790
10416;10416;2020-02-21;156300
10417;10417;2020-02-21;129000
10418;10418;2020-02-21;147000
10419;10419;2020-02-21;103000
10420;10420;2020-02-21;145000
10421;10421;2020-02-21;310500
10422;10422;2020-02-21;73000
10423;10423;2020-02-21;120000
10424;10424;2020-02-21;74000
10425;10425;2020-02-21;192000
10426;10426;2020-02-21;385000
10427;10427;2020-02-21;125000
10428;10428;2020-02-21;139000
10429;10429;2020-02-21;122000
10430;10430;2020-02-21;164000
10431;10431;2020-02-21;210627
10432;10432;2020-02-21;56000
10433;10433;2020-02-21;222700
10434;10434;2020-02-21;136000
10435;10435;2020-02-21;197000
10436;10436;2020-02-21;150000
10437;10437;2020-02-21;48000
10438;10438;2020-02-21;116000
10439;10439;2020-02-21;95000
10440;10440;2020-02-21;74990
10441;10441;2020-02-21;93000
10442;10442;2020-02-21;64700
10443;10443;2020-02-21;247200
10444;10444;2020-02-21;100500
10445;10445;2020-02-21;205000
10446;10446;2020-02-21;117600
10447;10447;2020-02-21;127260
10448;10448;2020-02-21;59000
10449;10449;2020-02-21;71600
10450;10450;2020-02-21;245250
10451;10451;2020-02-21;191210
10452;10452;2020-02-21;152250
10453;10453;2020-02-21;150000
10454;10454;2020-02-21;287500
10455;10455;2020-02-21;194000
10456;10456;2020-02-21;90000
10457;10457;2020-02-21;192685
10458;10458;2020-02-21;100900
10459;10459;2020-02-21;162250
10460;10460;2020-02-21;132264
10461;10461;2020-02-21;93000
10462;10462;2020-02-21;237000
10463;10463;2020-02-21;97613
10464;10464;2020-02-21;533550
10465;10465;2020-02-21;229500
10466;10466;2020-02-21;220000
10467;10467;2020-02-21;130750
10468;10468;2020-02-21;369440
10469;10469;2020-02-21;145800
10470;10470;2020-02-21;60500
10471;10471;2020-02-21;117100
10472;10472;2020-02-21;181000
10473;10473;2020-02-21;192600
10474;10474;2020-02-21;153170
10475;10475;2020-02-21;99000
10476;10476;2020-02-21;192000
10477;10477;2020-02-21;112000
10478;10478;2020-02-21;456000
10479;10479;2020-02-21;62900
10480;10480;2020-02-21;154800
10481;10481;2020-02-21;116650
10482;10482;2020-02-21;237000
10483;10483;2020-02-21;36000
10484;10484;2020-02-21;34000
10485;10485;2020-02-21;165000
10486;10486;2020-02-21;328240
10487;10487;2020-02-21;129212
10488;10488;2020-02-21;205000
10489;10489;2020-02-21;216300
10490;10490;2020-02-21;37000
10491;10491;2020-02-21;113160
10492;10492;2020-02-21;53890
10493;10493;2020-02-21;380000
10494;10494;2020-02-21;255000
10495;10495;2020-02-21;92000
10496;10496;2020-02-21;131125
10497;10497;2020-02-21;154000
10498;10498;2020-02-21;87500
10499;10499;2020-02-21;25000
10500;10500;2020-02-21;64000
10501;10501;2020-02-21;100000
10502;10502;2020-02-21;86300
10503;10503;2020-02-21;65500
10504;10504;2020-02-21;45000
10505;10505;2020-02-21;148000
10506;10506;2020-02-21;110000
10507;10507;2020-02-21;180000
10508;10508;2020-02-21;72000
10509;10509;2020-02-21;87000
10510;10510;2020-02-21;175000
10511;10511;2020-02-21;83070
10512;10512;2020-02-21;122200
10513;10513;2020-02-21;105069
10514;10514;2020-02-21;70000
10515;10515;2020-02-21;20000
10516;10516;2020-02-21;169900
10517;10517;2020-02-21;99000
10518;10518;2020-02-21;54390
10519;10519;2020-02-21;78000
10520;10520;2020-02-21;46500
10521;10521;2020-02-21;65000
10522;10522;2020-02-21;206000
10523;10523;2020-02-21;141500
10524;10524;2020-02-21;81500
10525;10525;2020-02-21;66500
10526;10526;2020-02-21;129000
10527;10527;2020-02-21;43000
10528;10528;2020-02-21;245000
10529;10529;2020-02-21;42000
10530;10530;2020-02-21;70000
10531;10531;2020-02-21;147750
10532;10532;2020-02-21;58000
10533;10533;2020-02-21;111000
10534;10534;2020-02-21;158600
10535;10535;2020-02-21;110200
10536;10536;2020-02-21;81056
10537;10537;2020-02-21;66500
10538;10538;2020-02-21;109000
10539;10539;2020-02-21;198000
10540;10540;2020-02-21;75000
10541;10541;2020-02-21;266800
10542;10542;2020-02-21;129000
10543;10543;2020-02-21;150000
10544;10544;2020-02-21;184750
10545;10545;2020-02-21;258000
10546;10546;2020-02-21;118000
10547;10547;2020-02-21;133000
10548;10548;2020-02-21;152490
10549;10549;2020-02-21;207950
10550;10550;2020-02-21;140000
10551;10551;2020-02-21;359000
10552;10552;2020-02-21;155000
10553;10553;2020-02-21;94500
10554;10554;2020-02-21;15001
10555;10555;2020-02-21;111400
10556;10556;2020-02-21;135020
10557;10557;2020-02-21;319250
10558;10558;2020-02-21;217720
10559;10559;2020-02-21;332500
10560;10560;2020-02-21;575000
10561;10561;2020-02-21;415000
10562;10562;2020-02-21;215000
10563;10563;2020-02-21;1224300
10564;10564;2020-02-21;950000
10565;10565;2020-02-21;840000
10566;10566;2020-02-21;471154
10567;10567;2020-02-21;228000
10568;10568;2020-02-21;606500
10569;10569;2020-02-21;346540
10570;10570;2020-02-21;275250
10571;10571;2020-02-21;155000
10572;10572;2020-02-21;591000
10573;10573;2020-02-21;364210
10574;10574;2020-02-21;312500
10575;10575;2020-02-21;454000
10576;10576;2020-02-21;1175000
10577;10577;2020-02-21;1490300
10578;10578;2020-02-21;4657000
10579;10579;2020-02-21;274650
10580;10580;2020-02-21;377300
10581;10581;2020-02-21;1165000
10582;10582;2020-02-21;283810
10583;10583;2020-02-21;188000
10584;10584;2020-02-21;124855
10585;10585;2020-02-21;230000
10586;10586;2020-02-21;101000
10587;10587;2020-02-21;255000
10588;10588;2020-02-21;509300
10589;10589;2020-02-21;911400
10590;10590;2020-02-21;697000
10591;10591;2020-02-21;230000
10592;10592;2020-02-21;568700
10593;10593;2020-02-21;141000
10594;10594;2020-02-21;256500
10595;10595;2020-02-21;341807
10596;10596;2020-02-21;639850
10597;10597;2020-02-21;77000
10598;10598;2020-02-21;115000
10599;10599;2020-02-21;122300
10600;10600;2020-02-21;72000
10601;10601;2020-02-21;38000
10602;10602;2020-02-21;90000
10603;10603;2020-02-21;175000
10604;10604;2020-02-21;207008
10605;10605;2020-02-21;195000
10606;10606;2020-02-21;88000
10607;10607;2020-02-21;125000
10608;10608;2020-02-21;280000
10609;10609;2020-02-21;200000
10610;10610;2020-02-21;219000
10611;10611;2020-02-21;260430
10612;10612;2020-02-21;150000
10613;10613;2020-02-21;87000
10614;10614;2020-02-21;255000
10615;10615;2020-02-21;182000
10616;10616;2020-02-21;146000
10617;10617;2020-02-21;83000
10618;10618;2020-02-21;108500
10619;10619;2020-02-21;85000
10620;10620;2020-02-21;136000
10621;10621;2020-02-21;142000
10622;10622;2020-02-21;158500
10623;10623;2020-02-21;248300
10624;10624;2020-02-21;331500
10625;10625;2020-02-21;300000
10626;10626;2020-02-21;244000
10627;10627;2020-02-21;270000
10628;10628;2020-02-21;315150
10629;10629;2020-02-21;83000
10630;10630;2020-02-21;135000
10631;10631;2020-02-21;204000
10632;10632;2020-02-21;285400
10633;10633;2020-02-21;87500
10634;10634;2020-02-21;197000
10635;10635;2020-02-21;131250
10636;10636;2020-02-21;154680
10637;10637;2020-02-21;255000
10638;10638;2020-02-21;398000
10639;10639;2020-02-21;651160
10640;10640;2020-02-21;223000
10641;10641;2020-02-21;58797
10642;10642;2020-02-21;352000
10643;10643;2020-02-21;219970
10644;10644;2020-02-21;176400
10645;10645;2020-02-21;320000
10646;10646;2020-02-21;85500
10647;10647;2020-02-21;118000
10648;10648;2020-02-21;181000
10649;10649;2020-02-21;334600
10650;10650;2020-02-21;147860
10651;10651;2020-02-21;199670
10652;10652;2020-02-21;190000
10653;10653;2020-02-21;384050
10654;10654;2020-02-21;372000
10655;10655;2020-02-21;133700
10656;10656;2020-02-21;130500
10657;10657;2020-02-21;32862
10658;10658;2020-02-21;98000
10659;10659;2020-02-21;261000
10660;10660;2020-02-21;234000
10661;10661;2020-02-21;193000
10662;10662;2020-02-21;111000
10663;10663;2020-02-21;78000
10664;10664;2020-02-21;91400
10665;10665;2020-02-21;270000
10666;10666;2020-02-21;308000
10667;10667;2020-02-21;236800
10668;10668;2020-02-21;93000
10669;10669;2020-02-21;239000
10670;10670;2020-02-21;59000
10671;10671;2020-02-21;75000
10672;10672;2020-02-21;158500
10673;10673;2020-02-21;77500
10674;10674;2020-02-21;200000
10675;10675;2020-02-21;205000
10676;10676;2020-02-21;146200
10677;10677;2020-02-21;235000
10678;10678;2020-02-21;190000
10679;10679;2020-02-21;309500
10680;10680;2020-02-21;267000
10681;10681;2020-02-21;164500
10682;10682;2020-02-21;130000
10683;10683;2020-02-21;153000
10684;10684;2020-02-21;410000
10685;10685;2020-02-21;430000
10686;10686;2020-02-21;280000
10687;10687;2020-02-21;828100
10688;10688;2020-02-21;294280
10689;10689;2020-02-21;240000
10690;10690;2020-02-21;399850
10691;10691;2020-02-21;1390000
10692;10692;2020-02-21;256000
10693;10693;2020-02-21;330000
10694;10694;2020-02-21;166000
10695;10695;2020-02-21;135000
10696;10696;2020-02-21;257650
10697;10697;2020-02-21;360000
10698;10698;2020-02-21;125000
10699;10699;2020-02-21;125000
10700;10700;2020-02-21;195365
10701;10701;2020-02-21;144000
10702;10702;2020-02-21;290250
10703;10703;2020-02-21;66000
10704;10704;2020-02-21;345860
10705;10705;2020-02-21;573840
10706;10706;2020-02-21;389000
10707;10707;2020-02-21;149000
10708;10708;2020-02-21;297000
10709;10709;2020-02-21;97000
10710;10710;2020-02-21;137000
10711;10711;2020-02-21;179020
10712;10712;2020-02-21;147700
10713;10713;2020-02-21;185500
10714;10714;2020-02-21;2500000
10715;10715;2020-02-21;92000
10716;10716;2020-02-21;156000
10717;10717;2020-02-21;202250
10718;10718;2020-02-21;170000
10719;10719;2020-02-21;302000
10720;10720;2020-02-21;293000
10721;10721;2020-02-21;372300
10722;10722;2020-02-21;233000
10723;10723;2020-02-21;300500
10724;10724;2020-02-21;159690
10725;10725;2020-02-21;148000
10726;10726;2020-02-21;281616
10727;10727;2020-02-21;431000
10728;10728;2020-02-21;329845
10729;10729;2020-02-21;206345
10730;10730;2020-02-21;193880
10731;10731;2020-02-21;200000
10732;10732;2020-02-21;154610
10733;10733;2020-02-21;135000
10734;10734;2020-02-21;273900
10735;10735;2020-02-21;155484
10736;10736;2020-02-21;332564
10737;10737;2020-02-21;90200
10738;10738;2020-02-21;308000
10739;10739;2020-02-21;199000
10740;10740;2020-02-21;210000
10741;10741;2020-02-21;40000
10742;10742;2020-02-21;135000
10743;10743;2020-02-21;38000
10744;10744;2020-02-22;44000
10745;10745;2020-02-22;39980
10746;10746;2020-02-22;53260
10747;10747;2020-02-22;175000
10748;10748;2020-02-22;42500
10749;10749;2020-02-22;160850
10750;10750;2020-02-22;187735
10751;10751;2020-02-22;85310
10752;10752;2020-02-22;39500
10753;10753;2020-02-22;125550
10754;10754;2020-02-22;63500
10755;10755;2020-02-22;126500
10756;10756;2020-02-22;84300
10757;10757;2020-02-22;76600
10758;10758;2020-02-22;86000
10759;10759;2020-02-22;89500
10760;10760;2020-02-22;185000
10761;10761;2020-02-22;117000
10762;10762;2020-02-23;234000
10763;10763;2020-02-24;160000
10764;10764;2020-02-24;39900
10765;10765;2020-02-24;135700
10766;10766;2020-02-24;110000
10767;10767;2020-02-24;55000
10768;10768;2020-02-24;109000
10769;10769;2020-02-24;258300
10770;10770;2020-02-24;116000
10771;10771;2020-02-24;124720
10772;10772;2020-02-24;325000
10773;10773;2020-02-24;175000
10774;10774;2020-02-24;273000
10775;10775;2020-02-24;315000
10776;10776;2020-02-24;430000
10777;10777;2020-02-24;32000
10778;10778;2020-02-24;123000
10779;10779;2020-02-24;69500
10780;10780;2020-02-24;15000
10781;10781;2020-02-24;200000
10782;10782;2020-02-24;300000
10783;10783;2020-02-24;74000
10784;10784;2020-02-24;100000
10785;10785;2020-02-24;106000
10786;10786;2020-02-24;85000
10787;10787;2020-02-24;202000
10788;10788;2020-02-24;228975
10789;10789;2020-02-24;86000
10790;10790;2020-02-24;154150
10791;10791;2020-02-24;87000
10792;10792;2020-02-24;190000
10793;10793;2020-02-24;79500
10794;10794;2020-02-24;160000
10795;10795;2020-02-24;131000
10796;10796;2020-02-24;83600
10797;10797;2020-02-24;71500
10798;10798;2020-02-24;117500
10799;10799;2020-02-24;208800
10800;10800;2020-02-24;140000
10801;10801;2020-02-24;127800
10802;10802;2020-02-24;190570
10803;10803;2020-02-24;66590
10804;10804;2020-02-24;33768
10805;10805;2020-02-24;268060
10806;10806;2020-02-24;123000
10807;10807;2020-02-24;150000
10808;10808;2020-02-24;145700
10809;10809;2020-02-24;233900
10810;10810;2020-02-24;238600
10811;10811;2020-02-24;199500
10812;10812;2020-02-24;89000
10813;10813;2020-02-24;385000
10814;10814;2020-02-24;285000
10815;10815;2020-02-24;108750
10816;10816;2020-02-24;110000
10817;10817;2020-02-24;263570
10818;10818;2020-02-24;270000
10819;10819;2020-02-24;86000
10820;10820;2020-02-24;288500
10821;10821;2020-02-24;203000
10822;10822;2020-02-24;97000
10823;10823;2020-02-24;144000
10824;10824;2020-02-24;190090
10825;10825;2020-02-24;160000
10826;10826;2020-02-24;336000
10827;10827;2020-02-24;96000
10828;10828;2020-02-24;63685
10829;10829;2020-02-24;96800
10830;10830;2020-02-24;207000
10831;10831;2020-02-24;270000
10832;10832;2020-02-24;110595
10833;10833;2020-02-24;154000
10834;10834;2020-02-24;69000
10835;10835;2020-02-24;47600
10836;10836;2020-02-24;57500
10837;10837;2020-02-24;68834
10838;10838;2020-02-24;119000
10839;10839;2020-02-24;59000
10840;10840;2020-02-24;130000
10841;10841;2020-02-24;79900
10842;10842;2020-02-24;440000
10843;10843;2020-02-24;265000
10844;10844;2020-02-24;33000
10845;10845;2020-02-24;192120
10846;10846;2020-02-24;86000
10847;10847;2020-02-24;72000
10848;10848;2020-02-24;58000
10849;10849;2020-02-24;38500
10850;10850;2020-02-24;63000
10851;10851;2020-02-24;56754
10852;10852;2020-02-24;158500
10853;10853;2020-02-24;131000
10854;10854;2020-02-24;232000
10855;10855;2020-02-24;93000
10856;10856;2020-02-24;110000
10857;10857;2020-02-24;176000
10858;10858;2020-02-24;113500
10859;10859;2020-02-24;24000
10860;10860;2020-02-24;645000
10861;10861;2020-02-24;166000
10862;10862;2020-02-24;207900
10863;10863;2020-02-24;130300
10864;10864;2020-02-24;99000
10865;10865;2020-02-24;50000
10866;10866;2020-02-24;104500
10867;10867;2020-02-24;900000
10868;10868;2020-02-24;245000
10869;10869;2020-02-24;666000
10870;10870;2020-02-24;514010
10871;10871;2020-02-24;1100000
10872;10872;2020-02-24;1928040
10873;10873;2020-02-24;312000
10874;10874;2020-02-24;2015350
10875;10875;2020-02-24;1624500
10876;10876;2020-02-24;790000
10877;10877;2020-02-24;745900
10878;10878;2020-02-24;546640
10879;10879;2020-02-24;915000
10880;10880;2020-02-24;774000
10881;10881;2020-02-24;196000
10882;10882;2020-02-24;505000
10883;10883;2020-02-24;179000
10884;10884;2020-02-24;370000
10885;10885;2020-02-24;220381
10886;10886;2020-02-24;296000
10887;10887;2020-02-24;439000
10888;10888;2020-02-24;592965
10889;10889;2020-02-24;376000
10890;10890;2020-02-24;628000
10891;10891;2020-02-24;333900
10892;10892;2020-02-24;409000
10893;10893;2020-02-24;266000
10894;10894;2020-02-24;2680000
10895;10895;2020-02-24;434700
10896;10896;2020-02-24;108300
10897;10897;2020-02-24;84000
10898;10898;2020-02-24;172380
10899;10899;2020-02-24;58000
10900;10900;2020-02-24;156000
10901;10901;2020-02-24;205000
10902;10902;2020-02-24;193800
10903;10903;2020-02-24;235000
10904;10904;2020-02-24;517410
10905;10905;2020-02-24;184000
10906;10906;2020-02-24;115000
10907;10907;2020-02-24;173000
10908;10908;2020-02-24;175000
10909;10909;2020-02-24;139000
10910;10910;2020-02-24;245000
10911;10911;2020-02-24;112000
10912;10912;2020-02-24;153000
10913;10913;2020-02-24;210000
10914;10914;2020-02-24;199300
10915;10915;2020-02-24;256900
10916;10916;2020-02-24;302850
10917;10917;2020-02-24;223000
10918;10918;2020-02-24;201000
10919;10919;2020-02-24;150000
10920;10920;2020-02-24;337000
10921;10921;2020-02-24;112500
10922;10922;2020-02-24;120000
10923;10923;2020-02-24;132000
10924;10924;2020-02-24;83000
10925;10925;2020-02-24;433000
10926;10926;2020-02-24;240000
10927;10927;2020-02-24;108000
10928;10928;2020-02-24;52500
10929;10929;2020-02-24;505000
10930;10930;2020-02-24;154830
10931;10931;2020-02-24;360000
10932;10932;2020-02-24;142000
10933;10933;2020-02-24;55000
10934;10934;2020-02-24;238643
10935;10935;2020-02-24;129000
10936;10936;2020-02-24;60800
10937;10937;2020-02-24;26500
10938;10938;2020-02-24;50600
10939;10939;2020-02-24;160000
10940;10940;2020-02-24;229800
10941;10941;2020-02-24;115000
10942;10942;2020-02-24;122500
10943;10943;2020-02-24;212550
10944;10944;2020-02-24;220000
10945;10945;2020-02-24;250200
10946;10946;2020-02-24;156950
10947;10947;2020-02-24;67000
10948;10948;2020-02-24;315828
10949;10949;2020-02-24;231200
10950;10950;2020-02-24;403200
10951;10951;2020-02-24;77500
10952;10952;2020-02-24;360525
10953;10953;2020-02-24;272000
10954;10954;2020-02-24;302300
10955;10955;2020-02-24;449275
10956;10956;2020-02-24;197000
10957;10957;2020-02-24;255600
10958;10958;2020-02-24;349715
10959;10959;2020-02-24;283509
10960;10960;2020-02-24;389000
10961;10961;2020-02-24;135700
10962;10962;2020-02-24;122122
10963;10963;2020-02-24;82500
10964;10964;2020-02-24;156750
10965;10965;2020-02-24;237000
10966;10966;2020-02-24;100000
10967;10967;2020-02-24;183500
10968;10968;2020-02-24;487000
10969;10969;2020-02-24;537000
10970;10970;2020-02-24;193000
10971;10971;2020-02-24;187000
10972;10972;2020-02-24;126500
10973;10973;2020-02-24;177000
10974;10974;2020-02-24;255000
10975;10975;2020-02-24;291600
10976;10976;2020-02-24;297500
10977;10977;2020-02-24;383500
10978;10978;2020-02-24;689700
10979;10979;2020-02-24;90000
10980;10980;2020-02-24;257875
10981;10981;2020-02-24;161000
10982;10982;2020-02-24;230000
10983;10983;2020-02-24;270000
10984;10984;2020-02-24;175000
10985;10985;2020-02-24;242000
10986;10986;2020-02-24;111340
10987;10987;2020-02-24;139000
10988;10988;2020-02-24;140670
10989;10989;2020-02-24;264630
10990;10990;2020-02-24;175470
10991;10991;2020-02-24;60000
10992;10992;2020-02-24;50000
10993;10993;2020-02-24;164000
10994;10994;2020-02-24;127300
10995;10995;2020-02-24;137000
10996;10996;2020-02-24;313600
10997;10997;2020-02-24;215000
10998;10998;2020-02-25;442100
10999;10999;2020-02-25;640000
11000;11000;2020-02-25;156580
11001;11001;2020-02-25;435000
11002;11002;2020-02-25;44000
11003;11003;2020-02-25;68730
11004;11004;2020-02-25;58000
11005;11005;2020-02-25;120250
11006;11006;2020-02-25;212253
11007;11007;2020-02-25;267500
11008;11008;2020-02-25;185500
11009;11009;2020-02-25;50000
11010;11010;2020-02-25;228710
11011;11011;2020-02-25;186000
11012;11012;2020-02-25;136500
11013;11013;2020-02-25;39500
11014;11014;2020-02-25;36900
11015;11015;2020-02-25;128250
11016;11016;2020-02-25;131625
11017;11017;2020-02-25;235000
11018;11018;2020-02-25;179000
11019;11019;2020-02-25;54000
11020;11020;2020-02-25;240000
11021;11021;2020-02-25;93000
11022;11022;2020-02-25;92000
11023;11023;2020-02-25;472600
11024;11024;2020-02-25;170000
11025;11025;2020-02-25;55000
11026;11026;2020-02-25;109250
11027;11027;2020-02-25;175000
11028;11028;2020-02-25;34000
11029;11029;2020-02-25;293000
11030;11030;2020-02-25;84000
11031;11031;2020-02-25;80000
11032;11032;2020-02-25;68000
11033;11033;2020-02-25;176000
11034;11034;2020-02-25;59000
11035;11035;2020-02-25;29000
11036;11036;2020-02-25;232000
11037;11037;2020-02-25;123440
11038;11038;2020-02-25;130000
11039;11039;2020-02-25;141800
11040;11040;2020-02-25;50000
11041;11041;2020-02-25;45800
11042;11042;2020-02-25;86200
11043;11043;2020-02-25;53000
11044;11044;2020-02-25;95000
11045;11045;2020-02-25;262500
11046;11046;2020-02-25;113950
11047;11047;2020-02-25;157117
11048;11048;2020-02-25;30000
11049;11049;2020-02-25;142000
11050;11050;2020-02-25;106900
11051;11051;2020-02-25;183750
11052;11052;2020-02-25;120600
11053;11053;2020-02-25;195500
11054;11054;2020-02-25;157150
11055;11055;2020-02-25;178220
11056;11056;2020-02-25;275000
11057;11057;2020-02-25;280730
11058;11058;2020-02-25;147500
11059;11059;2020-02-25;253000
11060;11060;2020-02-25;232900
11061;11061;2020-02-25;284000
11062;11062;2020-02-25;200000
11063;11063;2020-02-25;130580
11064;11064;2020-02-25;159000
11065;11065;2020-02-25;162000
11066;11066;2020-02-25;100000
11067;11067;2020-02-25;180000
11068;11068;2020-02-25;85000
11069;11069;2020-02-25;149635
11070;11070;2020-02-25;62700
11071;11071;2020-02-25;164549
11072;11072;2020-02-25;94000
11073;11073;2020-02-25;90000
11074;11074;2020-02-25;79900
11075;11075;2020-02-25;157500
11076;11076;2020-02-25;35150
11077;11077;2020-02-25;125000
11078;11078;2020-02-25;80000
11079;11079;2020-02-25;212840
11080;11080;2020-02-25;106000
11081;11081;2020-02-25;89500
11082;11082;2020-02-25;133300
11083;11083;2020-02-25;100500
11084;11084;2020-02-25;73650
11085;11085;2020-02-25;192800
11086;11086;2020-02-25;33000
11087;11087;2020-02-25;52500
11088;11088;2020-02-25;97500
11089;11089;2020-02-25;63800
11090;11090;2020-02-25;328300
11091;11091;2020-02-25;128700
11092;11092;2020-02-25;43600
11093;11093;2020-02-25;83500
11094;11094;2020-02-25;70000
11095;11095;2020-02-25;188000
11096;11096;2020-02-25;113000
11097;11097;2020-02-25;223400
11098;11098;2020-02-25;58000
11099;11099;2020-02-25;215000
11100;11100;2020-02-25;270250
11101;11101;2020-02-25;76000
11102;11102;2020-02-25;62500
11103;11103;2020-02-25;44000
11104;11104;2020-02-25;73500
11105;11105;2020-02-25;590000
11106;11106;2020-02-25;429000
11107;11107;2020-02-25;213000
11108;11108;2020-02-25;483340
11109;11109;2020-02-25;750000
11110;11110;2020-02-25;215000
11111;11111;2020-02-25;358000
11112;11112;2020-02-25;2150000
11113;11113;2020-02-25;383200
11114;11114;2020-02-25;358000
11115;11115;2020-02-25;184000
11116;11116;2020-02-25;1764100
11117;11117;2020-02-25;548100
11118;11118;2020-02-25;373000
11119;11119;2020-02-25;1049200
11120;11120;2020-02-25;239968
11121;11121;2020-02-25;97000
11122;11122;2020-02-25;207000
11123;11123;2020-02-25;351000
11124;11124;2020-02-25;316000
11125;11125;2020-02-25;521000
11126;11126;2020-02-25;1130000
11127;11127;2020-02-25;802000
11128;11128;2020-02-25;288500
11129;11129;2020-02-25;363000
11130;11130;2020-02-25;844265
11131;11131;2020-02-25;620000
11132;11132;2020-02-25;1298500
11133;11133;2020-02-25;264000
11134;11134;2020-02-25;468600
11135;11135;2020-02-25;204660
11136;11136;2020-02-25;194000
11137;11137;2020-02-25;479300
11138;11138;2020-02-25;610000
11139;11139;2020-02-25;888000
11140;11140;2020-02-25;775000
11141;11141;2020-02-25;179000
11142;11142;2020-02-25;407800
11143;11143;2020-02-25;131000
11144;11144;2020-02-25;200000
11145;11145;2020-02-25;413000
11146;11146;2020-02-25;103000
11147;11147;2020-02-25;224000
11148;11148;2020-02-25;113000
11149;11149;2020-02-25;235670
11150;11150;2020-02-25;148810
11151;11151;2020-02-25;160000
11152;11152;2020-02-25;172000
11153;11153;2020-02-25;114480
11154;11154;2020-02-25;187000
11155;11155;2020-02-25;175000
11156;11156;2020-02-25;198000
11157;11157;2020-02-25;347000
11158;11158;2020-02-25;533300
11159;11159;2020-02-25;112930
11160;11160;2020-02-25;68000
11161;11161;2020-02-25;133000
11162;11162;2020-02-25;110000
11163;11163;2020-02-25;725950
11164;11164;2020-02-25;91000
11165;11165;2020-02-25;245800
11166;11166;2020-02-25;133000
11167;11167;2020-02-25;68500
11168;11168;2020-02-25;54900
11169;11169;2020-02-25;53000
11170;11170;2020-02-25;191500
11171;11171;2020-02-25;143600
11172;11172;2020-02-25;64500
11173;11173;2020-02-25;103000
11174;11174;2020-02-25;125000
11175;11175;2020-02-25;215000
11176;11176;2020-02-25;128385
11177;11177;2020-02-25;156800
11178;11178;2020-02-25;116000
11179;11179;2020-02-25;146000
11180;11180;2020-02-25;223000
11181;11181;2020-02-25;182000
11182;11182;2020-02-25;118000
11183;11183;2020-02-25;89800
11184;11184;2020-02-25;75810
11185;11185;2020-02-25;26450
11186;11186;2020-02-25;66000
11187;11187;2020-02-25;94000
11188;11188;2020-02-25;131000
11189;11189;2020-02-25;60000
11190;11190;2020-02-25;81500
11191;11191;2020-02-25;108000
11192;11192;2020-02-25;110000
11193;11193;2020-02-25;75500
11194;11194;2020-02-25;169850
11195;11195;2020-02-25;194400
11196;11196;2020-02-25;133450
11197;11197;2020-02-25;225000
11198;11198;2020-02-25;218000
11199;11199;2020-02-25;250500
11200;11200;2020-02-25;339000
11201;11201;2020-02-25;133500
11202;11202;2020-02-25;161000
11203;11203;2020-02-25;590000
11204;11204;2020-02-25;259400
11205;11205;2020-02-25;207000
11206;11206;2020-02-25;252000
11207;11207;2020-02-25;601000
11208;11208;2020-02-25;630300
11209;11209;2020-02-25;1004130
11210;11210;2020-02-25;246000
11211;11211;2020-02-25;243500
11212;11212;2020-02-25;455000
11213;11213;2020-02-25;476100
11214;11214;2020-02-25;316000
11215;11215;2020-02-25;2037800
11216;11216;2020-02-25;79000
11217;11217;2020-02-25;240000
11218;11218;2020-02-25;95000
11219;11219;2020-02-25;212000
11220;11220;2020-02-25;390000
11221;11221;2020-02-25;236000
11222;11222;2020-02-25;202000
11223;11223;2020-02-25;219000
11224;11224;2020-02-25;184020
11225;11225;2020-02-25;162000
11226;11226;2020-02-25;184600
11227;11227;2020-02-25;233000
11228;11228;2020-02-25;355000
11229;11229;2020-02-25;133000
11230;11230;2020-02-25;270500
11231;11231;2020-02-25;343000
11232;11232;2020-02-25;112800
11233;11233;2020-02-25;167000
11234;11234;2020-02-25;215000
11235;11235;2020-02-25;114000
11236;11236;2020-02-25;163020
11237;11237;2020-02-25;160000
11238;11238;2020-02-25;420000
11239;11239;2020-02-25;70000
11240;11240;2020-02-26;230000
11241;11241;2020-02-26;67560
11242;11242;2020-02-26;77000
11243;11243;2020-02-26;54090
11244;11244;2020-02-26;350000
11245;11245;2020-02-26;85000
11246;11246;2020-02-26;70000
11247;11247;2020-02-26;1000000
11248;11248;2020-02-26;159000
11249;11249;2020-02-26;245000
11250;11250;2020-02-26;137000
11251;11251;2020-02-26;114000
11252;11252;2020-02-26;327000
11253;11253;2020-02-26;129450
11254;11254;2020-02-26;283500
11255;11255;2020-02-26;128000
11256;11256;2020-02-26;70500
11257;11257;2020-02-26;114000
11258;11258;2020-02-26;170000
11259;11259;2020-02-26;367000
11260;11260;2020-02-26;67400
11261;11261;2020-02-26;75800
11262;11262;2020-02-26;82650
11263;11263;2020-02-26;103000
11264;11264;2020-02-26;480000
11265;11265;2020-02-26;119350
11266;11266;2020-02-26;69000
11267;11267;2020-02-26;58000
11268;11268;2020-02-26;137850
11269;11269;2020-02-26;215000
11270;11270;2020-02-26;165000
11271;11271;2020-02-26;95500
11272;11272;2020-02-26;140000
11273;11273;2020-02-26;257000
11274;11274;2020-02-26;147000
11275;11275;2020-02-26;105000
11276;11276;2020-02-26;284500
11277;11277;2020-02-26;92000
11278;11278;2020-02-26;107500
11279;11279;2020-02-26;52000
11280;11280;2020-02-26;74000
11281;11281;2020-02-26;312000
11282;11282;2020-02-26;223800
11283;11283;2020-02-26;197200
11284;11284;2020-02-26;193000
11285;11285;2020-02-26;52300
11286;11286;2020-02-26;180000
11287;11287;2020-02-26;83500
11288;11288;2020-02-26;255000
11289;11289;2020-02-26;128250
11290;11290;2020-02-26;142000
11291;11291;2020-02-26;180500
11292;11292;2020-02-26;107000
11293;11293;2020-02-26;380613
11294;11294;2020-02-26;170000
11295;11295;2020-02-26;105000
11296;11296;2020-02-26;134050
11297;11297;2020-02-26;63585
11298;11298;2020-02-26;72400
11299;11299;2020-02-26;477000
11300;11300;2020-02-26;184800
11301;11301;2020-02-26;156700
11302;11302;2020-02-26;165000
11303;11303;2020-02-26;244000
11304;11304;2020-02-26;179000
11305;11305;2020-02-26;46500
11306;11306;2020-02-26;155000
11307;11307;2020-02-26;95500
11308;11308;2020-02-26;194000
11309;11309;2020-02-26;288400
11310;11310;2020-02-26;387900
11311;11311;2020-02-26;65030
11312;11312;2020-02-26;91000
11313;11313;2020-02-26;253000
11314;11314;2020-02-26;179425
11315;11315;2020-02-26;127500
11316;11316;2020-02-26;113280
11317;11317;2020-02-26;54000
11318;11318;2020-02-26;75700
11319;11319;2020-02-26;81000
11320;11320;2020-02-26;184800
11321;11321;2020-02-26;153370
11322;11322;2020-02-26;49000
11323;11323;2020-02-26;63500
11324;11324;2020-02-26;113000
11325;11325;2020-02-26;240000
11326;11326;2020-02-26;70500
11327;11327;2020-02-26;42000
11328;11328;2020-02-26;102000
11329;11329;2020-02-26;125000
11330;11330;2020-02-26;95000
11331;11331;2020-02-26;80280
11332;11332;2020-02-26;51560
11333;11333;2020-02-26;57000
11334;11334;2020-02-26;112000
11335;11335;2020-02-26;173500
11336;11336;2020-02-26;158000
11337;11337;2020-02-26;123000
11338;11338;2020-02-26;106500
11339;11339;2020-02-26;215500
11340;11340;2020-02-26;100000
11341;11341;2020-02-26;161510
11342;11342;2020-02-26;132400
11343;11343;2020-02-26;128000
11344;11344;2020-02-26;123700
11345;11345;2020-02-26;123000
11346;11346;2020-02-26;
11347;11347;2020-02-26;106800
11348;11348;2020-02-26;736800
11349;11349;2020-02-26;189100
11350;11350;2020-02-26;152200
11351;11351;2020-02-26;216000
11352;11352;2020-02-26;177500
11353;11353;2020-02-26;154500
11354;11354;2020-02-26;60000
11355;11355;2020-02-26;340500
11356;11356;2020-02-26;784849
11357;11357;2020-02-26;43500
11358;11358;2020-02-26;165330
11359;11359;2020-02-26;1440000
11360;11360;2020-02-26;488000
11361;11361;2020-02-26;910000
11362;11362;2020-02-26;6454000
11363;11363;2020-02-26;127000
11364;11364;2020-02-26;445000
11365;11365;2020-02-26;751000
11366;11366;2020-02-26;91000
11367;11367;2020-02-26;419300
11368;11368;2020-02-26;1000000
11369;11369;2020-02-26;820000
11370;11370;2020-02-26;396000
11371;11371;2020-02-26;95000
11372;11372;2020-02-26;943000
11373;11373;2020-02-26;1532000
11374;11374;2020-02-26;690000
11375;11375;2020-02-26;220000
11376;11376;2020-02-26;14000
11377;11377;2020-02-26;50000
11378;11378;2020-02-26;499000
11379;11379;2020-02-26;2389240
11380;11380;2020-02-26;1250000
11381;11381;2020-02-26;663000
11382;11382;2020-02-26;278900
11383;11383;2020-02-26;70000
11384;11384;2020-02-26;1739600
11385;11385;2020-02-26;412000
11386;11386;2020-02-26;738200
11387;11387;2020-02-26;520000
11388;11388;2020-02-26;345000
11389;11389;2020-02-26;662000
11390;11390;2020-02-26;195000
11391;11391;2020-02-26;626900
11392;11392;2020-02-26;730000
11393;11393;2020-02-26;1100000
11394;11394;2020-02-26;815000
11395;11395;2020-02-26;741100
11396;11396;2020-02-26;375000
11397;11397;2020-02-26;681600
11398;11398;2020-02-26;304250
11399;11399;2020-02-26;360280
11400;11400;2020-02-26;74100
11401;11401;2020-02-26;174500
11402;11402;2020-02-26;155580
11403;11403;2020-02-26;292343
11404;11404;2020-02-26;585000
11405;11405;2020-02-26;65400
11406;11406;2020-02-26;1125645
11407;11407;2020-02-26;1037100
11408;11408;2020-02-26;595000
11409;11409;2020-02-26;431975
11410;11410;2020-02-26;810000
11411;11411;2020-02-26;681920
11412;11412;2020-02-26;208000
11413;11413;2020-02-26;99400
11414;11414;2020-02-26;198800
11415;11415;2020-02-26;250000
11416;11416;2020-02-26;66000
11417;11417;2020-02-26;210000
11418;11418;2020-02-26;171000
11419;11419;2020-02-26;78000
11420;11420;2020-02-26;163000
11421;11421;2020-02-26;193300
11422;11422;2020-02-26;229900
11423;11423;2020-02-26;143000
11424;11424;2020-02-26;252900
11425;11425;2020-02-26;76000
11426;11426;2020-02-26;175000
11427;11427;2020-02-26;235900
11428;11428;2020-02-26;75000
11429;11429;2020-02-26;370476
11430;11430;2020-02-26;203000
11431;11431;2020-02-26;180000
11432;11432;2020-02-26;256100
11433;11433;2020-02-26;342000
11434;11434;2020-02-26;144900
11435;11435;2020-02-26;242700
11436;11436;2020-02-26;124000
11437;11437;2020-02-26;131000
11438;11438;2020-02-26;135000
11439;11439;2020-02-26;344000
11440;11440;2020-02-26;374640
11441;11441;2020-02-26;291262
11442;11442;2020-02-26;222000
11443;11443;2020-02-26;230200
11444;11444;2020-02-26;145000
11445;11445;2020-02-26;158700
11446;11446;2020-02-26;176000
11447;11447;2020-02-26;100000
11448;11448;2020-02-26;32000
11449;11449;2020-02-26;207000
11450;11450;2020-02-26;112000
11451;11451;2020-02-26;210800
11452;11452;2020-02-26;90830
11453;11453;2020-02-26;87000
11454;11454;2020-02-26;135000
11455;11455;2020-02-26;71000
11456;11456;2020-02-26;98500
11457;11457;2020-02-26;167000
11458;11458;2020-02-26;121800
11459;11459;2020-02-26;104000
11460;11460;2020-02-26;40500
11461;11461;2020-02-26;179999
11462;11462;2020-02-26;120000
11463;11463;2020-02-26;59000
11464;11464;2020-02-26;84200
11465;11465;2020-02-26;282000
11466;11466;2020-02-26;82000
11467;11467;2020-02-26;148050
11468;11468;2020-02-26;65000
11469;11469;2020-02-26;214830
11470;11470;2020-02-26;98000
11471;11471;2020-02-26;115000
11472;11472;2020-02-26;70000
11473;11473;2020-02-26;137000
11474;11474;2020-02-26;135000
11475;11475;2020-02-26;122000
11476;11476;2020-02-26;96500
11477;11477;2020-02-26;334000
11478;11478;2020-02-26;95000
11479;11479;2020-02-26;155000
11480;11480;2020-02-26;485000
11481;11481;2020-02-26;649700
11482;11482;2020-02-26;191000
11483;11483;2020-02-26;408000
11484;11484;2020-02-26;285000
11485;11485;2020-02-26;86000
11486;11486;2020-02-26;70000
11487;11487;2020-02-26;154974
11488;11488;2020-02-26;510000
11489;11489;2020-02-26;269100
11490;11490;2020-02-26;1284000
11491;11491;2020-02-26;470000
11492;11492;2020-02-26;205000
11493;11493;2020-02-26;664460
11494;11494;2020-02-26;293000
11495;11495;2020-02-26;402000
11496;11496;2020-02-26;609047
11497;11497;2020-02-26;589250
11498;11498;2020-02-26;521000
11499;11499;2020-02-26;450000
11500;11500;2020-02-26;489000
11501;11501;2020-02-26;223000
11502;11502;2020-02-26;227000
11503;11503;2020-02-26;329000
11504;11504;2020-02-26;250000
11505;11505;2020-02-26;240000
11506;11506;2020-02-26;281500
11507;11507;2020-02-26;179000
11508;11508;2020-02-26;790000
11509;11509;2020-02-26;100000
11510;11510;2020-02-26;93880
11511;11511;2020-02-26;75000
11512;11512;2020-02-26;400000
11513;11513;2020-02-26;184000
11514;11514;2020-02-26;273000
11515;11515;2020-02-26;95000
11516;11516;2020-02-26;135000
11517;11517;2020-02-26;
11518;11518;2020-02-26;99000
11519;11519;2020-02-26;116610
11520;11520;2020-02-26;182000
11521;11521;2020-02-26;620000
11522;11522;2020-02-26;750000
11523;11523;2020-02-26;353000
11524;11524;2020-02-26;166000
11525;11525;2020-02-26;225672
11526;11526;2020-02-26;145000
11527;11527;2020-02-26;365000
11528;11528;2020-02-26;289598
11529;11529;2020-02-26;130000
11530;11530;2020-02-26;252427
11531;11531;2020-02-26;275000
11532;11532;2020-02-26;168000
11533;11533;2020-02-26;345600
11534;11534;2020-02-26;425000
11535;11535;2020-02-26;685000
11536;11536;2020-02-26;174200
11537;11537;2020-02-26;148000
11538;11538;2020-02-26;164000
11539;11539;2020-02-26;196000
11540;11540;2020-02-26;142360
11541;11541;2020-02-26;170000
11542;11542;2020-02-26;79000
11543;11543;2020-02-26;696000
11544;11544;2020-02-26;743600
11545;11545;2020-02-26;140100
11546;11546;2020-02-26;169000
11547;11547;2020-02-26;144800
11548;11548;2020-02-26;64000
11549;11549;2020-02-26;114000
11550;11550;2020-02-26;133000
11551;11551;2020-02-26;420000
11552;11552;2020-02-26;187000
11553;11553;2020-02-26;315000
11554;11554;2020-02-26;301500
11555;11555;2020-02-26;245000
11556;11556;2020-02-26;145000
11557;11557;2020-02-26;520700
11558;11558;2020-02-26;103000
11559;11559;2020-02-27;315800
11560;11560;2020-02-27;13000
11561;11561;2020-02-27;44000
11562;11562;2020-02-27;76000
11563;11563;2020-02-27;238000
11564;11564;2020-02-27;188000
11565;11565;2020-02-27;134000
11566;11566;2020-02-27;890000
11567;11567;2020-02-27;383000
11568;11568;2020-02-27;422500
11569;11569;2020-02-27;147250
11570;11570;2020-02-27;195000
11571;11571;2020-02-27;195000
11572;11572;2020-02-27;440000
11573;11573;2020-02-27;114000
11574;11574;2020-02-27;485000
11575;11575;2020-02-27;161000
11576;11576;2020-02-27;120625
11577;11577;2020-02-27;192500
11578;11578;2020-02-27;154380
11579;11579;2020-02-27;47500
11580;11580;2020-02-27;50350
11581;11581;2020-02-27;55000
11582;11582;2020-02-27;28400
11583;11583;2020-02-27;185000
11584;11584;2020-02-27;350000
11585;11585;2020-02-27;132810
11586;11586;2020-02-27;49000
11587;11587;2020-02-27;164540
11588;11588;2020-02-27;38000
11589;11589;2020-02-27;75000
11590;11590;2020-02-27;112000
11591;11591;2020-02-27;214000
11592;11592;2020-02-27;265000
11593;11593;2020-02-27;109000
11594;11594;2020-02-27;150000
11595;11595;2020-02-27;97000
11596;11596;2020-02-27;280000
11597;11597;2020-02-27;150500
11598;11598;2020-02-27;67000
11599;11599;2020-02-27;184000
11600;11600;2020-02-27;192000
11601;11601;2020-02-27;60000
11602;11602;2020-02-27;41005
11603;11603;2020-02-27;93500
11604;11604;2020-02-27;68000
11605;11605;2020-02-27;15000
11606;11606;2020-02-27;56990
11607;11607;2020-02-27;71500
11608;11608;2020-02-27;58000
11609;11609;2020-02-27;89000
11610;11610;2020-02-27;35000
11611;11611;2020-02-27;212500
11612;11612;2020-02-27;140000
11613;11613;2020-02-27;137370
11614;11614;2020-02-27;80000
11615;11615;2020-02-27;210000
11616;11616;2020-02-27;1683000
11617;11617;2020-02-27;128000
11618;11618;2020-02-27;175000
11619;11619;2020-02-27;74300
11620;11620;2020-02-27;54500
11621;11621;2020-02-27;81900
11622;11622;2020-02-27;166000
11623;11623;2020-02-27;64000
11624;11624;2020-02-27;157000
11625;11625;2020-02-27;78224
11626;11626;2020-02-27;80100
11627;11627;2020-02-27;87000
11628;11628;2020-02-27;406850
11629;11629;2020-02-27;363280
11630;11630;2020-02-27;241860
11631;11631;2020-02-27;55575
11632;11632;2020-02-27;155000
11633;11633;2020-02-27;71000
11634;11634;2020-02-27;246300
11635;11635;2020-02-27;149500
11636;11636;2020-02-27;116280
11637;11637;2020-02-27;110280
11638;11638;2020-02-27;109100
11639;11639;2020-02-27;158000
11640;11640;2020-02-27;71800
11641;11641;2020-02-27;142000
11642;11642;2020-02-27;119000
11643;11643;2020-02-27;88000
11644;11644;2020-02-27;104000
11645;11645;2020-02-27;59000
11646;11646;2020-02-27;124000
11647;11647;2020-02-27;154000
11648;11648;2020-02-27;161792
11649;11649;2020-02-27;129150
11650;11650;2020-02-27;130000
11651;11651;2020-02-27;77500
11652;11652;2020-02-27;136600
11653;11653;2020-02-27;225000
11654;11654;2020-02-27;187400
11655;11655;2020-02-27;175229
11656;11656;2020-02-27;210000
11657;11657;2020-02-27;295000
11658;11658;2020-02-27;144700
11659;11659;2020-02-27;189000
11660;11660;2020-02-27;74000
11661;11661;2020-02-27;175000
11662;11662;2020-02-27;156700
11663;11663;2020-02-27;192950
11664;11664;2020-02-27;91560
11665;11665;2020-02-27;132500
11666;11666;2020-02-27;100000
11667;11667;2020-02-27;226800
11668;11668;2020-02-27;179000
11669;11669;2020-02-27;157000
11670;11670;2020-02-27;123000
11671;11671;2020-02-27;121900
11672;11672;2020-02-27;131700
11673;11673;2020-02-27;90000
11674;11674;2020-02-27;42000
11675;11675;2020-02-27;90000
11676;11676;2020-02-27;196100
11677;11677;2020-02-27;116700
11678;11678;2020-02-27;151400
11679;11679;2020-02-27;72500
11680;11680;2020-02-27;220000
11681;11681;2020-02-27;161350
11682;11682;2020-02-27;203000
11683;11683;2020-02-27;112500
11684;11684;2020-02-27;155500
11685;11685;2020-02-27;196974
11686;11686;2020-02-27;61600
11687;11687;2020-02-27;140000
11688;11688;2020-02-27;65500
11689;11689;2020-02-27;148000
11690;11690;2020-02-27;71500
11691;11691;2020-02-27;88400
11692;11692;2020-02-27;131000
11693;11693;2020-02-27;83000
11694;11694;2020-02-27;77434
11695;11695;2020-02-27;49000
11696;11696;2020-02-27;157500
11697;11697;2020-02-27;166900
11698;11698;2020-02-27;241500
11699;11699;2020-02-27;40000
11700;11700;2020-02-27;685570
11701;11701;2020-02-27;125220
11702;11702;2020-02-27;268000
11703;11703;2020-02-27;224000
11704;11704;2020-02-27;88000
11705;11705;2020-02-27;46500
11706;11706;2020-02-27;52000
11707;11707;2020-02-27;122500
11708;11708;2020-02-27;126000
11709;11709;2020-02-27;88000
11710;11710;2020-02-27;80000
11711;11711;2020-02-27;106000
11712;11712;2020-02-27;42170
11713;11713;2020-02-27;97000
11714;11714;2020-02-27;115000
11715;11715;2020-02-27;336900
11716;11716;2020-02-27;144500
11717;11717;2020-02-27;213170
11718;11718;2020-02-27;298350
11719;11719;2020-02-27;265950
11720;11720;2020-02-27;229000
11721;11721;2020-02-27;134960
11722;11722;2020-02-27;82200
11723;11723;2020-02-27;139000
11724;11724;2020-02-27;542000
11725;11725;2020-02-27;459000
11726;11726;2020-02-27;174000
11727;11727;2020-02-27;223500
11728;11728;2020-02-27;350000
11729;11729;2020-02-27;1225500
11730;11730;2020-02-27;1589100
11731;11731;2020-02-27;580000
11732;11732;2020-02-27;1123500
11733;11733;2020-02-27;512860
11734;11734;2020-02-27;544725
11735;11735;2020-02-27;300000
11736;11736;2020-02-27;2050000
11737;11737;2020-02-27;563000
11738;11738;2020-02-27;390000
11739;11739;2020-02-27;253000
11740;11740;2020-02-27;262000
11741;11741;2020-02-27;524700
11742;11742;2020-02-27;339100
11743;11743;2020-02-27;362620
11744;11744;2020-02-27;588450
11745;11745;2020-02-27;79000
11746;11746;2020-02-27;278000
11747;11747;2020-02-27;818000
11748;11748;2020-02-27;447378
11749;11749;2020-02-27;810000
11750;11750;2020-02-27;460600
11751;11751;2020-02-27;204000
11752;11752;2020-02-27;620000
11753;11753;2020-02-27;315200
11754;11754;2020-02-27;900000
11755;11755;2020-02-27;748000
11756;11756;2020-02-27;514000
11757;11757;2020-02-27;442300
11758;11758;2020-02-27;1439900
11759;11759;2020-02-27;525000
11760;11760;2020-02-27;2065000
11761;11761;2020-02-27;326000
11762;11762;2020-02-27;1085670
11763;11763;2020-02-27;885850
11764;11764;2020-02-27;362000
11765;11765;2020-02-27;361650
11766;11766;2020-02-27;140000
11767;11767;2020-02-27;296000
11768;11768;2020-02-27;377655
11769;11769;2020-02-27;271000
11770;11770;2020-02-27;444000
11771;11771;2020-02-27;194080
11772;11772;2020-02-27;371000
11773;11773;2020-02-27;159000
11774;11774;2020-02-27;572191
11775;11775;2020-02-27;146250
11776;11776;2020-02-27;43000
11777;11777;2020-02-27;309000
11778;11778;2020-02-27;895000
11779;11779;2020-02-27;243000
11780;11780;2020-02-27;478000
11781;11781;2020-02-27;579300
11782;11782;2020-02-27;241830
11783;11783;2020-02-27;192190
11784;11784;2020-02-27;463000
11785;11785;2020-02-27;155000
11786;11786;2020-02-27;72000
11787;11787;2020-02-27;111500
11788;11788;2020-02-27;191500
11789;11789;2020-02-27;51262
11790;11790;2020-02-27;235000
11791;11791;2020-02-27;305000
11792;11792;2020-02-27;215000
11793;11793;2020-02-27;136065
11794;11794;2020-02-27;165000
11795;11795;2020-02-27;101000
11796;11796;2020-02-27;246000
11797;11797;2020-02-27;118000
11798;11798;2020-02-27;140000
11799;11799;2020-02-27;163342
11800;11800;2020-02-27;252000
11801;11801;2020-02-27;129950
11802;11802;2020-02-27;122500
11803;11803;2020-02-27;36000
11804;11804;2020-02-27;97000
11805;11805;2020-02-27;104000
11806;11806;2020-02-27;342000
11807;11807;2020-02-27;438500
11808;11808;2020-02-27;76000
11809;11809;2020-02-27;286000
11810;11810;2020-02-27;262000
11811;11811;2020-02-27;135000
11812;11812;2020-02-27;75000
11813;11813;2020-02-27;319000
11814;11814;2020-02-27;175575
11815;11815;2020-02-27;183000
11816;11816;2020-02-27;338000
11817;11817;2020-02-27;627850
11818;11818;2020-02-27;272100
11819;11819;2020-02-27;311000
11820;11820;2020-02-27;407020
11821;11821;2020-02-27;237235
11822;11822;2020-02-27;319000
11823;11823;2020-02-27;360000
11824;11824;2020-02-27;101220
11825;11825;2020-02-27;55000
11826;11826;2020-02-27;184000
11827;11827;2020-02-27;158000
11828;11828;2020-02-27;477000
11829;11829;2020-02-27;93500
11830;11830;2020-02-27;471429
11831;11831;2020-02-27;30000
11832;11832;2020-02-27;181460
11833;11833;2020-02-27;123000
11834;11834;2020-02-27;97100
11835;11835;2020-02-27;130000
11836;11836;2020-02-27;126500
11837;11837;2020-02-27;272000
11838;11838;2020-02-27;172450
11839;11839;2020-02-27;152500
11840;11840;2020-02-27;210000
11841;11841;2020-02-27;82350
11842;11842;2020-02-27;77400
11843;11843;2020-02-27;68000
11844;11844;2020-02-27;71000
11845;11845;2020-02-27;55000
11846;11846;2020-02-27;274000
11847;11847;2020-02-27;79000
11848;11848;2020-02-27;73000
11849;11849;2020-02-27;298360
11850;11850;2020-02-27;260000
11851;11851;2020-02-27;195000
11852;11852;2020-02-27;305000
11853;11853;2020-02-27;210000
11854;11854;2020-02-27;79999
11855;11855;2020-02-27;95570
11856;11856;2020-02-27;162000
11857;11857;2020-02-27;128700
11858;11858;2020-02-27;215000
11859;11859;2020-02-27;199000
11860;11860;2020-02-27;160000
11861;11861;2020-02-27;362500
11862;11862;2020-02-27;123000
11863;11863;2020-02-27;350000
11864;11864;2020-02-27;119800
11865;11865;2020-02-27;97872
11866;11866;2020-02-27;90000
11867;11867;2020-02-27;129000
11868;11868;2020-02-27;135000
11869;11869;2020-02-27;216150
11870;11870;2020-02-27;232305
11871;11871;2020-02-27;114000
11872;11872;2020-02-27;270000
11873;11873;2020-02-27;245000
11874;11874;2020-02-27;561000
11875;11875;2020-02-27;185000
11876;11876;2020-02-27;309395
11877;11877;2020-02-27;520000
11878;11878;2020-02-27;695000
11879;11879;2020-02-27;470500
11880;11880;2020-02-27;801900
11881;11881;2020-02-27;705500
11882;11882;2020-02-27;740000
11883;11883;2020-02-27;1620000
11884;11884;2020-02-27;281000
11885;11885;2020-02-27;413000
11886;11886;2020-02-27;196000
11887;11887;2020-02-27;167000
11888;11888;2020-02-27;212000
11889;11889;2020-02-27;190000
11890;11890;2020-02-27;850000
11891;11891;2020-02-27;370000
11892;11892;2020-02-27;259000
11893;11893;2020-02-27;234000
11894;11894;2020-02-27;150000
11895;11895;2020-02-27;82000
11896;11896;2020-02-27;220000
11897;11897;2020-02-27;200000
11898;11898;2020-02-27;84000
11899;11899;2020-02-27;190000
11900;11900;2020-02-27;52500
11901;11901;2020-02-27;563600
11902;11902;2020-02-27;212000
11903;11903;2020-02-27;220000
11904;11904;2020-02-27;139000
11905;11905;2020-02-27;270000
11906;11906;2020-02-27;218000
11907;11907;2020-02-27;208589
11908;11908;2020-02-27;133000
11909;11909;2020-02-27;334500
11910;11910;2020-02-27;567000
11911;11911;2020-02-27;142000
11912;11912;2020-02-27;130500
11913;11913;2020-02-27;115000
11914;11914;2020-02-27;146000
11915;11915;2020-02-27;91094
11916;11916;2020-02-27;192000
11917;11917;2020-02-27;265000
11918;11918;2020-02-27;315000
11919;11919;2020-02-27;21000
11920;11920;2020-02-27;305000
11921;11921;2020-02-27;185000
11922;11922;2020-02-27;158000
11923;11923;2020-02-27;175000
11924;11924;2020-02-27;88000
11925;11925;2020-02-27;148257
11926;11926;2020-02-27;540000
11927;11927;2020-02-27;146000
11928;11928;2020-02-27;190775
11929;11929;2020-02-27;47500
11930;11930;2020-02-27;100943
11931;11931;2020-02-27;70000
11932;11932;2020-02-27;218000
11933;11933;2020-02-27;149000
11934;11934;2020-02-27;121359
11935;11935;2020-02-27;171000
11936;11936;2020-02-27;398000
11937;11937;2020-02-27;277000
11938;11938;2020-02-27;150319
11939;11939;2020-02-27;180000
11940;11940;2020-02-27;147500
11941;11941;2020-02-27;187500
11942;11942;2020-02-28;74000
11943;11943;2020-02-28;210000
11944;11944;2020-02-28;167000
11945;11945;2020-02-28;139130
11946;11946;2020-02-28;59500
11947;11947;2020-02-28;77000
11948;11948;2020-02-28;140150
11949;11949;2020-02-28;212000
11950;11950;2020-02-28;236030
11951;11951;2020-02-28;175800
11952;11952;2020-02-28;370000
11953;11953;2020-02-28;215000
11954;11954;2020-02-28;67000
11955;11955;2020-02-28;64000
11956;11956;2020-02-28;430000
11957;11957;2020-02-28;124910
11958;11958;2020-02-28;461000
11959;11959;2020-02-28;149450
11960;11960;2020-02-28;36000
11961;11961;2020-02-28;202500
11962;11962;2020-02-28;302500
11963;11963;2020-02-28;611284
11964;11964;2020-02-28;245000
11965;11965;2020-02-28;55000
11966;11966;2020-02-28;45600
11967;11967;2020-02-28;14000
11968;11968;2020-02-28;102000
11969;11969;2020-02-28;43520
11970;11970;2020-02-28;34200
11971;11971;2020-02-28;111400
11972;11972;2020-02-28;28000
11973;11973;2020-02-28;113000
11974;11974;2020-02-28;102221
11975;11975;2020-02-28;76765
11976;11976;2020-02-28;230850
11977;11977;2020-02-28;60000
11978;11978;2020-02-28;299000
11979;11979;2020-02-28;362075
11980;11980;2020-02-28;169000
11981;11981;2020-02-28;182000
11982;11982;2020-02-28;111000
11983;11983;2020-02-28;6500
11984;11984;2020-02-28;43000
11985;11985;2020-02-28;115000
11986;11986;2020-02-28;89000
11987;11987;2020-02-28;290000
11988;11988;2020-02-28;270000
11989;11989;2020-02-28;118500
11990;11990;2020-02-28;263400
11991;11991;2020-02-28;324000
11992;11992;2020-02-28;130000
11993;11993;2020-02-28;129000
11994;11994;2020-02-28;155000
11995;11995;2020-02-28;65000
11996;11996;2020-02-28;170000
11997;11997;2020-02-28;86000
11998;11998;2020-02-28;55000
11999;11999;2020-02-28;121900
12000;12000;2020-02-28;43000
12001;12001;2020-02-28;350000
12002;12002;2020-02-28;135500
12003;12003;2020-02-28;382500
12004;12004;2020-02-28;138000
12005;12005;2020-02-28;125500
12006;12006;2020-02-28;68500
12007;12007;2020-02-28;46000
12008;12008;2020-02-28;115000
12009;12009;2020-02-28;28000
12010;12010;2020-02-28;54950
12011;12011;2020-02-28;109500
12012;12012;2020-02-28;71500
12013;12013;2020-02-28;50000
12014;12014;2020-02-28;85900
12015;12015;2020-02-28;235700
12016;12016;2020-02-28;231500
12017;12017;2020-02-28;37000
12018;12018;2020-02-28;73000
12019;12019;2020-02-28;77580
12020;12020;2020-02-28;50830
12021;12021;2020-02-28;73000
12022;12022;2020-02-28;131500
12023;12023;2020-02-28;212250
12024;12024;2020-02-28;338880
12025;12025;2020-02-28;8000
12026;12026;2020-02-28;234650
12027;12027;2020-02-28;145655
12028;12028;2020-02-28;105500
12029;12029;2020-02-28;288500
12030;12030;2020-02-28;79800
12031;12031;2020-02-28;167200
12032;12032;2020-02-28;118000
12033;12033;2020-02-28;174700
12034;12034;2020-02-28;159000
12035;12035;2020-02-28;322247
12036;12036;2020-02-28;178500
12037;12037;2020-02-28;454000
12038;12038;2020-02-28;498000
12039;12039;2020-02-28;186300
12040;12040;2020-02-28;787000
12041;12041;2020-02-28;229500
12042;12042;2020-02-28;227185
12043;12043;2020-02-28;129022
12044;12044;2020-02-28;129000
12045;12045;2020-02-28;180000
12046;12046;2020-02-28;54459
12047;12047;2020-02-28;102151
12048;12048;2020-02-28;135000
12049;12049;2020-02-28;119200
12050;12050;2020-02-28;102600
12051;12051;2020-02-28;153500
12052;12052;2020-02-28;100000
12053;12053;2020-02-28;154800
12054;12054;2020-02-28;222850
12055;12055;2020-02-28;165000
12056;12056;2020-02-28;249850
12057;12057;2020-02-28;85940
12058;12058;2020-02-28;71400
12059;12059;2020-02-28;25800
12060;12060;2020-02-28;130000
12061;12061;2020-02-28;92000
12062;12062;2020-02-28;136000
12063;12063;2020-02-28;162800
12064;12064;2020-02-28;129500
12065;12065;2020-02-28;111900
12066;12066;2020-02-28;50000
12067;12067;2020-02-28;462000
12068;12068;2020-02-28;76375
12069;12069;2020-02-28;149000
12070;12070;2020-02-28;28095
12071;12071;2020-02-28;257000
12072;12072;2020-02-28;368000
12073;12073;2020-02-28;205900
12074;12074;2020-02-28;129750
12075;12075;2020-02-28;325000
12076;12076;2020-02-28;146000
12077;12077;2020-02-28;36000
12078;12078;2020-02-28;83000
12079;12079;2020-02-28;285000
12080;12080;2020-02-28;65000
12081;12081;2020-02-28;122500
12082;12082;2020-02-28;68000
12083;12083;2020-02-28;79000
12084;12084;2020-02-28;151000
12085;12085;2020-02-28;190000
12086;12086;2020-02-28;97000
12087;12087;2020-02-28;67340
12088;12088;2020-02-28;102000
12089;12089;2020-02-28;58000
12090;12090;2020-02-28;180000
12091;12091;2020-02-28;120000
12092;12092;2020-02-28;252120
12093;12093;2020-02-28;53500
12094;12094;2020-02-28;55000
12095;12095;2020-02-28;161500
12096;12096;2020-02-28;128700
12097;12097;2020-02-28;55300
12098;12098;2020-02-28;222600
12099;12099;2020-02-28;68125
12100;12100;2020-02-28;83000
12101;12101;2020-02-28;110133
12102;12102;2020-02-28;149500
12103;12103;2020-02-28;267000
12104;12104;2020-02-28;78000
12105;12105;2020-02-28;135000
12106;12106;2020-02-28;115000
12107;12107;2020-02-28;107430
12108;12108;2020-02-28;149900
12109;12109;2020-02-28;121000
12110;12110;2020-02-28;57500
12111;12111;2020-02-28;56280
12112;12112;2020-02-28;128000
12113;12113;2020-02-28;74310
12114;12114;2020-02-28;30000
12115;12115;2020-02-28;67000
12116;12116;2020-02-28;108900
12117;12117;2020-02-28;70000
12118;12118;2020-02-28;32500
12119;12119;2020-02-28;88000
12120;12120;2020-02-28;71000
12121;12121;2020-02-28;152850
12122;12122;2020-02-28;183000
12123;12123;2020-02-28;74000
12124;12124;2020-02-28;76640
12125;12125;2020-02-28;66000
12126;12126;2020-02-28;118900
12127;12127;2020-02-28;110700
12128;12128;2020-02-28;50510
12129;12129;2020-02-28;95000
12130;12130;2020-02-28;72300
12131;12131;2020-02-28;300038
12132;12132;2020-02-28;157500
12133;12133;2020-02-28;970000
12134;12134;2020-02-28;131000
12135;12135;2020-02-28;173400
12136;12136;2020-02-28;116000
12137;12137;2020-02-28;72500
12138;12138;2020-02-28;152000
12139;12139;2020-02-28;136000
12140;12140;2020-02-28;115200
12141;12141;2020-02-28;182655
12142;12142;2020-02-28;18000
12143;12143;2020-02-28;160000
12144;12144;2020-02-28;38500
12145;12145;2020-02-28;63000
12146;12146;2020-02-28;366300
12147;12147;2020-02-28;407750
12148;12148;2020-02-28;90000
12149;12149;2020-02-28;264500
12150;12150;2020-02-28;124000
12151;12151;2020-02-28;105500
12152;12152;2020-02-28;127000
12153;12153;2020-02-28;167050
12154;12154;2020-02-28;177000
12155;12155;2020-02-28;257300
12156;12156;2020-02-28;225000
12157;12157;2020-02-28;344600
12158;12158;2020-02-28;299000
12159;12159;2020-02-28;114010
12160;12160;2020-02-28;240295
12161;12161;2020-02-28;582500
12162;12162;2020-02-28;747200
12163;12163;2020-02-28;28000
12164;12164;2020-02-28;24500
12165;12165;2020-02-28;238700
12166;12166;2020-02-28;75000
12167;12167;2020-02-28;458100
12168;12168;2020-02-28;5600000
12169;12169;2020-02-28;528430
12170;12170;2020-02-28;289100
12171;12171;2020-02-28;185000
12172;12172;2020-02-28;359000
12173;12173;2020-02-28;210000
12174;12174;2020-02-28;950000
12175;12175;2020-02-28;386900
12176;12176;2020-02-28;493800
12177;12177;2020-02-28;3400000
12178;12178;2020-02-28;770000
12179;12179;2020-02-28;324900
12180;12180;2020-02-28;2520000
12181;12181;2020-02-28;432700
12182;12182;2020-02-28;689010
12183;12183;2020-02-28;352000
12184;12184;2020-02-28;275000
12185;12185;2020-02-28;428300
12186;12186;2020-02-28;2686000
12187;12187;2020-02-28;675000
12188;12188;2020-02-28;544000
12189;12189;2020-02-28;847500
12190;12190;2020-02-28;482500
12191;12191;2020-02-28;616869
12192;12192;2020-02-28;595000
12193;12193;2020-02-28;531700
12194;12194;2020-02-28;504000
12195;12195;2020-02-28;524800
12196;12196;2020-02-28;610700
12197;12197;2020-02-28;386500
12198;12198;2020-02-28;383000
12199;12199;2020-02-28;425000
12200;12200;2020-02-28;1195100
12201;12201;2020-02-28;165000
12202;12202;2020-02-28;1407450
12203;12203;2020-02-28;272000
12204;12204;2020-02-28;1210000
12205;12205;2020-02-28;676000
12206;12206;2020-02-28;295000
12207;12207;2020-02-28;207000
12208;12208;2020-02-28;425960
12209;12209;2020-02-28;1326300
12210;12210;2020-02-28;194300
12211;12211;2020-02-28;222600
12212;12212;2020-02-28;1224000
12213;12213;2020-02-28;420500
12214;12214;2020-02-28;371850
12215;12215;2020-02-28;429000
12216;12216;2020-02-28;431000
12217;12217;2020-02-28;610050
12218;12218;2020-02-28;110000
12219;12219;2020-02-28;440216
12220;12220;2020-02-28;170040
12221;12221;2020-02-28;755000
12222;12222;2020-02-28;400300
12223;12223;2020-02-28;162000
12224;12224;2020-02-28;173000
12225;12225;2020-02-28;433000
12226;12226;2020-02-28;809500
12227;12227;2020-02-28;1189000
12228;12228;2020-02-28;454820
12229;12229;2020-02-28;133900
12230;12230;2020-02-28;97000
12231;12231;2020-02-28;332800
12232;12232;2020-02-28;430000
12233;12233;2020-02-28;52500
12234;12234;2020-02-28;102850
12235;12235;2020-02-28;175000
12236;12236;2020-02-28;132000
12237;12237;2020-02-28;194000
12238;12238;2020-02-28;215000
12239;12239;2020-02-28;142500
12240;12240;2020-02-28;190000
12241;12241;2020-02-28;97000
12242;12242;2020-02-28;112904
12243;12243;2020-02-28;206000
12244;12244;2020-02-28;275000
12245;12245;2020-02-28;45000
12246;12246;2020-02-28;220000
12247;12247;2020-02-28;202000
12248;12248;2020-02-28;259000
12249;12249;2020-02-28;179420
12250;12250;2020-02-28;258235
12251;12251;2020-02-28;243491
12252;12252;2020-02-28;331075
12253;12253;2020-02-28;146000
12254;12254;2020-02-28;313500
12255;12255;2020-02-28;458400
12256;12256;2020-02-28;226120
12257;12257;2020-02-28;170050
12258;12258;2020-02-28;252700
12259;12259;2020-02-28;323200
12260;12260;2020-02-28;240000
12261;12261;2020-02-28;209350
12262;12262;2020-02-28;225000
12263;12263;2020-02-28;160000
12264;12264;2020-02-28;443000
12265;12265;2020-02-28;118509
12266;12266;2020-02-28;134000
12267;12267;2020-02-28;128000
12268;12268;2020-02-28;86000
12269;12269;2020-02-28;465000
12270;12270;2020-02-28;840000
12271;12271;2020-02-28;158000
12272;12272;2020-02-28;440000
12273;12273;2020-02-28;355000
12274;12274;2020-02-28;240000
12275;12275;2020-02-28;606000
12276;12276;2020-02-28;860400
12277;12277;2020-02-28;2121150
12278;12278;2020-02-28;295000
12279;12279;2020-02-28;169845
12280;12280;2020-02-28;220000
12281;12281;2020-02-28;99110
12282;12282;2020-02-28;69000
12283;12283;2020-02-28;111000
12284;12284;2020-02-28;53800
12285;12285;2020-02-28;255000
12286;12286;2020-02-28;218000
12287;12287;2020-02-28;274000
12288;12288;2020-02-28;178500
12289;12289;2020-02-28;380419
12290;12290;2020-02-28;197390
12291;12291;2020-02-28;282400
12292;12292;2020-02-28;403900
12293;12293;2020-02-28;448000
12294;12294;2020-02-28;272070
12295;12295;2020-02-28;208550
12296;12296;2020-02-28;257000
12297;12297;2020-02-28;306580
12298;12298;2020-02-28;246480
12299;12299;2020-02-28;125500
12300;12300;2020-02-28;90000
12301;12301;2020-02-28;75000
12302;12302;2020-02-28;505700
12303;12303;2020-02-28;176000
12304;12304;2020-02-28;86400
12305;12305;2020-02-28;88350
12306;12306;2020-02-28;66000
12307;12307;2020-02-28;71400
12308;12308;2020-02-28;108000
12309;12309;2020-02-28;136265
12310;12310;2020-02-28;174000
12311;12311;2020-02-28;159000
12312;12312;2020-02-28;260000
12313;12313;2020-02-28;250000
12314;12314;2020-02-28;107500
12315;12315;2020-02-28;139000
12316;12316;2020-02-28;65000
12317;12317;2020-02-28;129000
12318;12318;2020-02-28;132250
12319;12319;2020-02-28;279500
12320;12320;2020-02-28;155000
12321;12321;2020-02-28;110000
12322;12322;2020-02-28;254000
12323;12323;2020-02-28;140000
12324;12324;2020-02-28;310000
12325;12325;2020-02-28;371000
12326;12326;2020-02-28;71000
12327;12327;2020-02-28;261000
12328;12328;2020-02-28;96000
12329;12329;2020-02-28;80000
12330;12330;2020-02-28;154894
12331;12331;2020-02-28;324630
12332;12332;2020-02-28;398000
12333;12333;2020-02-28;358000
12334;12334;2020-02-28;208000
12335;12335;2020-02-28;270000
12336;12336;2020-02-28;208051
12337;12337;2020-02-28;402000
12338;12338;2020-02-28;404400
12339;12339;2020-02-28;352657
12340;12340;2020-02-28;381000
12341;12341;2020-02-28;319300
12342;12342;2020-02-28;477000
12343;12343;2020-02-28;362500
12344;12344;2020-02-28;493000
12345;12345;2020-02-28;745000
12346;12346;2020-02-28;476600
12347;12347;2020-02-28;145000
12348;12348;2020-02-28;431000
12349;12349;2020-02-28;461000
12350;12350;2020-02-28;503300
12351;12351;2020-02-28;447525
12352;12352;2020-02-28;253520
12353;12353;2020-02-28;348800
12354;12354;2020-02-28;515000
12355;12355;2020-02-28;517700
12356;12356;2020-02-28;352005
12357;12357;2020-02-28;262000
12358;12358;2020-02-28;219000
12359;12359;2020-02-28;299000
12360;12360;2020-02-28;470000
12361;12361;2020-02-28;177500
12362;12362;2020-02-28;172593
12363;12363;2020-02-28;191500
12364;12364;2020-02-28;226000
12365;12365;2020-02-28;128244
12366;12366;2020-02-28;363000
12367;12367;2020-02-28;280000
12368;12368;2020-02-28;230000
12369;12369;2020-02-28;295000
12370;12370;2020-02-28;281000
12371;12371;2020-02-28;152500
12372;12372;2020-02-28;440800
12373;12373;2020-02-28;361000
12374;12374;2020-02-28;73000
12375;12375;2020-02-28;261060
12376;12376;2020-02-28;50000
12377;12377;2020-02-28;151500
12378;12378;2020-02-28;62000
12379;12379;2020-02-28;285380
12380;12380;2020-02-28;144900
12381;12381;2020-02-28;233000
12382;12382;2020-02-28;616200
12383;12383;2020-02-28;705000
12384;12384;2020-02-28;241300
12385;12385;2020-02-28;449000
12386;12386;2020-02-28;380000
12387;12387;2020-02-28;243000
12388;12388;2020-02-28;405000
12389;12389;2020-02-28;390970
12390;12390;2020-02-28;181000
12391;12391;2020-02-28;525000
12392;12392;2020-02-28;161147
12393;12393;2020-02-28;322000
12394;12394;2020-02-28;905000
12395;12395;2020-02-28;1622700
12396;12396;2020-02-28;500450
12397;12397;2020-02-28;268500
12398;12398;2020-02-28;195000
12399;12399;2020-02-28;510000
12400;12400;2020-02-28;165000
12401;12401;2020-02-28;222000
12402;12402;2020-02-28;228000
12403;12403;2020-02-28;123000
12404;12404;2020-02-28;227500
12405;12405;2020-02-28;222500
12406;12406;2020-02-28;210000
12407;12407;2020-02-28;193000
12408;12408;2020-02-28;99900
12409;12409;2020-02-28;337303
12410;12410;2020-02-28;278000
12411;12411;2020-02-28;135450
12412;12412;2020-02-28;177000
12413;12413;2020-02-28;181000
12414;12414;2020-02-28;379000
12415;12415;2020-02-28;269000
12416;12416;2020-02-28;135281
12417;12417;2020-02-28;164000
12418;12418;2020-02-28;331000
12419;12419;2020-02-28;159000
12420;12420;2020-02-28;176300
12421;12421;2020-02-28;165000
12422;12422;2020-02-28;122500
12423;12423;2020-02-28;150000
12424;12424;2020-02-28;241000
12425;12425;2020-02-28;65000
12426;12426;2020-02-28;70000
12427;12427;2020-02-29;63500
12428;12428;2020-02-29;302200
12429;12429;2020-02-29;88000
12430;12430;2020-02-29;82500
12431;12431;2020-02-29;230000
12432;12432;2020-02-29;93000
12433;12433;2020-02-29;71000
12434;12434;2020-02-29;57500
12435;12435;2020-02-29;179000
12436;12436;2020-02-29;91058
12437;12437;2020-02-29;50000
12438;12438;2020-02-29;130450
12439;12439;2020-02-29;105000
12440;12440;2020-02-29;64000
12441;12441;2020-02-29;137000
12442;12442;2020-02-29;120000
12443;12443;2020-02-29;181855
12444;12444;2020-02-29;189500
12445;12445;2020-02-29;840000
12446;12446;2020-02-29;304900
12447;12447;2020-02-29;617550
12448;12448;2020-02-29;352800
12449;12449;2020-02-29;85000
12450;12450;2020-02-29;134000
12451;12451;2020-02-29;155000
12452;12452;2020-02-29;180000
12453;12453;2020-02-29;106300
12454;12454;2020-02-29;81500
12455;12455;2020-02-29;260000
12456;12456;2020-02-29;146950
12457;12457;2020-02-29;165000
12458;12458;2020-02-29;165000
12459;12459;2020-03-02;495000
12460;12460;2020-03-02;230000
12461;12461;2020-03-02;76280
12462;12462;2020-03-02;33000
12463;12463;2020-03-02;56900
12464;12464;2020-03-02;192650
12465;12465;2020-03-02;220000
12466;12466;2020-03-02;339500
12467;12467;2020-03-02;140000
12468;12468;2020-03-02;218000
12469;12469;2020-03-02;173000
12470;12470;2020-03-02;196600
12471;12471;2020-03-02;112200
12472;12472;2020-03-02;193000
12473;12473;2020-03-02;342000
12474;12474;2020-03-02;386000
12475;12475;2020-03-02;162000
12476;12476;2020-03-02;72000
12477;12477;2020-03-02;145000
12478;12478;2020-03-02;63000
12479;12479;2020-03-02;185600
12480;12480;2020-03-02;245000
12481;12481;2020-03-02;145000
12482;12482;2020-03-02;325350
12483;12483;2020-03-02;204000
12484;12484;2020-03-02;149000
12485;12485;2020-03-02;180000
12486;12486;2020-03-02;179600
12487;12487;2020-03-02;81350
12488;12488;2020-03-02;320000
12489;12489;2020-03-02;90000
12490;12490;2020-03-02;70000
12491;12491;2020-03-02;169000
12492;12492;2020-03-02;55000
12493;12493;2020-03-02;106512
12494;12494;2020-03-02;100000
12495;12495;2020-03-02;145000
12496;12496;2020-03-02;149000
12497;12497;2020-03-02;110000
12498;12498;2020-03-02;71000
12499;12499;2020-03-02;165000
12500;12500;2020-03-02;404500
12501;12501;2020-03-02;72500
12502;12502;2020-03-02;79500
12503;12503;2020-03-02;85000
12504;12504;2020-03-02;116000
12505;12505;2020-03-02;85000
12506;12506;2020-03-02;678000
12507;12507;2020-03-02;199000
12508;12508;2020-03-02;164000
12509;12509;2020-03-02;146500
12510;12510;2020-03-02;102230
12511;12511;2020-03-02;90500
12512;12512;2020-03-02;227811
12513;12513;2020-03-02;72000
12514;12514;2020-03-02;158800
12515;12515;2020-03-02;69000
12516;12516;2020-03-02;126000
12517;12517;2020-03-02;68000
12518;12518;2020-03-02;155000
12519;12519;2020-03-02;119000
12520;12520;2020-03-02;195000
12521;12521;2020-03-02;268400
12522;12522;2020-03-02;215000
12523;12523;2020-03-02;252500
12524;12524;2020-03-02;86000
12525;12525;2020-03-02;100500
12526;12526;2020-03-02;279000
12527;12527;2020-03-02;39590
12528;12528;2020-03-02;120400
12529;12529;2020-03-02;235000
12530;12530;2020-03-02;112000
12531;12531;2020-03-02;392800
12532;12532;2020-03-02;5000
12533;12533;2020-03-02;84000
12534;12534;2020-03-02;131780
12535;12535;2020-03-02;125000
12536;12536;2020-03-02;144000
12537;12537;2020-03-02;82500
12538;12538;2020-03-02;27000
12539;12539;2020-03-02;105500
12540;12540;2020-03-02;117000
12541;12541;2020-03-02;181133
12542;12542;2020-03-02;199000
12543;12543;2020-03-02;107000
12544;12544;2020-03-02;147000
12545;12545;2020-03-02;39000
12546;12546;2020-03-02;126400
12547;12547;2020-03-02;177000
12548;12548;2020-03-02;110000
12549;12549;2020-03-02;127600
12550;12550;2020-03-02;42500
12551;12551;2020-03-02;136500
12552;12552;2020-03-02;104510
12553;12553;2020-03-02;94000
12554;12554;2020-03-02;185000
12555;12555;2020-03-02;175000
12556;12556;2020-03-02;102050
12557;12557;2020-03-02;52000
12558;12558;2020-03-02;32392
12559;12559;2020-03-02;159900
12560;12560;2020-03-02;94000
12561;12561;2020-03-02;69000
12562;12562;2020-03-02;291300
12563;12563;2020-03-02;357000
12564;12564;2020-03-02;38600
12565;12565;2020-03-02;468000
12566;12566;2020-03-02;227550
12567;12567;2020-03-02;1265320
12568;12568;2020-03-02;171000
12569;12569;2020-03-02;297300
12570;12570;2020-03-02;1290000
12571;12571;2020-03-02;1976000
12572;12572;2020-03-02;1010000
12573;12573;2020-03-02;1014000
12574;12574;2020-03-02;733000
12575;12575;2020-03-02;86000
12576;12576;2020-03-02;417000
12577;12577;2020-03-02;200300
12578;12578;2020-03-02;883450
12579;12579;2020-03-02;110000
12580;12580;2020-03-02;1315000
12581;12581;2020-03-02;306000
12582;12582;2020-03-02;645000
12583;12583;2020-03-02;312000
12584;12584;2020-03-02;264762
12585;12585;2020-03-02;1014150
12586;12586;2020-03-02;724746
12587;12587;2020-03-02;464950
12588;12588;2020-03-02;234375
12589;12589;2020-03-02;218000
12590;12590;2020-03-02;267250
12591;12591;2020-03-02;510680
12592;12592;2020-03-02;295000
12593;12593;2020-03-02;470690
12594;12594;2020-03-02;599000
12595;12595;2020-03-02;1330000
12596;12596;2020-03-02;1950000
12597;12597;2020-03-02;1399000
12598;12598;2020-03-02;646000
12599;12599;2020-03-02;459000
12600;12600;2020-03-02;1660000
12601;12601;2020-03-02;770000
12602;12602;2020-03-02;286500
12603;12603;2020-03-02;256000
12604;12604;2020-03-02;376200
12605;12605;2020-03-02;81000
12606;12606;2020-03-02;79600
12607;12607;2020-03-02;216000
12608;12608;2020-03-02;146500
12609;12609;2020-03-02;284500
12610;12610;2020-03-02;212000
12611;12611;2020-03-02;245000
12612;12612;2020-03-02;197600
12613;12613;2020-03-02;208905
12614;12614;2020-03-02;250000
12615;12615;2020-03-02;157000
12616;12616;2020-03-02;247200
12617;12617;2020-03-02;375000
12618;12618;2020-03-02;219050
12619;12619;2020-03-02;306000
12620;12620;2020-03-02;60000
12621;12621;2020-03-02;275000
12622;12622;2020-03-02;158400
12623;12623;2020-03-02;140000
12624;12624;2020-03-02;373800
12625;12625;2020-03-02;160000
12626;12626;2020-03-02;581900
12627;12627;2020-03-02;290000
12628;12628;2020-03-02;139050
12629;12629;2020-03-02;182000
12630;12630;2020-03-02;172400
12631;12631;2020-03-02;357000
12632;12632;2020-03-02;199000
12633;12633;2020-03-02;367700
12634;12634;2020-03-02;425180
12635;12635;2020-03-02;1075650
12636;12636;2020-03-02;650000
12637;12637;2020-03-02;273000
12638;12638;2020-03-02;73000
12639;12639;2020-03-02;274000
12640;12640;2020-03-02;180500
12641;12641;2020-03-02;40000
12642;12642;2020-03-02;264000
12643;12643;2020-03-02;111000
12644;12644;2020-03-02;250000
12645;12645;2020-03-02;151000
12646;12646;2020-03-02;69000
12647;12647;2020-03-02;62700
12648;12648;2020-03-02;33000
12649;12649;2020-03-02;80830
12650;12650;2020-03-02;76000
12651;12651;2020-03-02;230000
12652;12652;2020-03-02;181000
12653;12653;2020-03-02;166000
12654;12654;2020-03-02;230000
12655;12655;2020-03-02;180000
12656;12656;2020-03-02;149000
12657;12657;2020-03-02;124000
12658;12658;2020-03-02;150000
12659;12659;2020-03-02;236158
12660;12660;2020-03-02;155500
12661;12661;2020-03-02;550000
12662;12662;2020-03-02;235000
12663;12663;2020-03-02;302000
12664;12664;2020-03-02;210000
12665;12665;2020-03-02;256700
12666;12666;2020-03-02;135000
12667;12667;2020-03-02;221000
12668;12668;2020-03-02;355500
12669;12669;2020-03-02;202803
12670;12670;2020-03-02;214285
12671;12671;2020-03-02;382000
12672;12672;2020-03-02;519390
12673;12673;2020-03-02;140200
12674;12674;2020-03-02;923700
12675;12675;2020-03-02;268750
12676;12676;2020-03-02;117700
12677;12677;2020-03-02;163500
12678;12678;2020-03-02;340000
12679;12679;2020-03-02;115000
12680;12680;2020-03-02;259000
12681;12681;2020-03-02;169000
12682;12682;2020-03-02;164500
12683;12683;2020-03-02;77979
12684;12684;2020-03-02;292000
12685;12685;2020-03-02;172500
12686;12686;2020-03-02;173000
12687;12687;2020-03-02;143000
12688;12688;2020-03-02;221000
12689;12689;2020-03-02;126168
12690;12690;2020-03-02;304000
12691;12691;2020-03-02;240000
12692;12692;2020-03-02;417860
12693;12693;2020-03-02;395000
12694;12694;2020-03-02;310000
12695;12695;2020-03-02;240000
12696;12696;2020-03-02;165550
12697;12697;2020-03-02;459800
12698;12698;2020-03-02;236000
12699;12699;2020-03-02;498000
12700;12700;2020-03-02;154000
12701;12701;2020-03-02;156600
12702;12702;2020-03-02;127500
12703;12703;2020-03-02;133500
12704;12704;2020-03-02;144000
12705;12705;2020-03-02;202000
12706;12706;2020-03-02;141500
12707;12707;2020-03-02;238000
12708;12708;2020-03-03;152000
12709;12709;2020-03-03;251500
12710;12710;2020-03-03;200000
12711;12711;2020-03-03;55000
12712;12712;2020-03-03;226750
12713;12713;2020-03-03;81860
12714;12714;2020-03-03;69450
12715;12715;2020-03-03;133250
12716;12716;2020-03-03;194000
12717;12717;2020-03-03;325000
12718;12718;2020-03-03;160000
12719;12719;2020-03-03;104500
12720;12720;2020-03-03;216910
12721;12721;2020-03-03;1755000
12722;12722;2020-03-03;156750
12723;12723;2020-03-03;57000
12724;12724;2020-03-03;85250
12725;12725;2020-03-03;98000
12726;12726;2020-03-03;255000
12727;12727;2020-03-03;145825
12728;12728;2020-03-03;512000
12729;12729;2020-03-03;60000
12730;12730;2020-03-03;37000
12731;12731;2020-03-03;142000
12732;12732;2020-03-03;110000
12733;12733;2020-03-03;59000
12734;12734;2020-03-03;77800
12735;12735;2020-03-03;67000
12736;12736;2020-03-03;159000
12737;12737;2020-03-03;280000
12738;12738;2020-03-03;100000
12739;12739;2020-03-03;153000
12740;12740;2020-03-03;175000
12741;12741;2020-03-03;219000
12742;12742;2020-03-03;122000
12743;12743;2020-03-03;390000
12744;12744;2020-03-03;190000
12745;12745;2020-03-03;238000
12746;12746;2020-03-03;119000
12747;12747;2020-03-03;54000
12748;12748;2020-03-03;135000
12749;12749;2020-03-03;52000
12750;12750;2020-03-03;136000
12751;12751;2020-03-03;88600
12752;12752;2020-03-03;125000
12753;12753;2020-03-03;69000
12754;12754;2020-03-03;72000
12755;12755;2020-03-03;87000
12756;12756;2020-03-03;34900
12757;12757;2020-03-03;163000
12758;12758;2020-03-03;22000
12759;12759;2020-03-03;155359
12760;12760;2020-03-03;81000
12761;12761;2020-03-03;100200
12762;12762;2020-03-03;67000
12763;12763;2020-03-03;135000
12764;12764;2020-03-03;455960
12765;12765;2020-03-03;270000
12766;12766;2020-03-03;111000
12767;12767;2020-03-03;94800
12768;12768;2020-03-03;173000
12769;12769;2020-03-03;177250
12770;12770;2020-03-03;245000
12771;12771;2020-03-03;167000
12772;12772;2020-03-03;72137
12773;12773;2020-03-03;80000
12774;12774;2020-03-03;10000
12775;12775;2020-03-03;123000
12776;12776;2020-03-03;354000
12777;12777;2020-03-03;259300
12778;12778;2020-03-03;142650
12779;12779;2020-03-03;53000
12780;12780;2020-03-03;87000
12781;12781;2020-03-03;256500
12782;12782;2020-03-03;38000
12783;12783;2020-03-03;180000
12784;12784;2020-03-03;66000
12785;12785;2020-03-03;177000
12786;12786;2020-03-03;105975
12787;12787;2020-03-03;15000
12788;12788;2020-03-03;130000
12789;12789;2020-03-03;135000
12790;12790;2020-03-03;113000
12791;12791;2020-03-03;60000
12792;12792;2020-03-03;57000
12793;12793;2020-03-03;142500
12794;12794;2020-03-03;91000
12795;12795;2020-03-03;156800
12796;12796;2020-03-03;196000
12797;12797;2020-03-03;122500
12798;12798;2020-03-03;78270
12799;12799;2020-03-03;205000
12800;12800;2020-03-03;280000
12801;12801;2020-03-03;44650
12802;12802;2020-03-03;36149
12803;12803;2020-03-03;46000
12804;12804;2020-03-03;360000
12805;12805;2020-03-03;175490
12806;12806;2020-03-03;87200
12807;12807;2020-03-03;180000
12808;12808;2020-03-03;918269
12809;12809;2020-03-03;956150
12810;12810;2020-03-03;266500
12811;12811;2020-03-03;136000
12812;12812;2020-03-03;1298346
12813;12813;2020-03-03;457000
12814;12814;2020-03-03;402430
12815;12815;2020-03-03;60000
12816;12816;2020-03-03;170000
12817;12817;2020-03-03;1400000
12818;12818;2020-03-03;202000
12819;12819;2020-03-03;624000
12820;12820;2020-03-03;393820
12821;12821;2020-03-03;392000
12822;12822;2020-03-03;541200
12823;12823;2020-03-03;145000
12824;12824;2020-03-03;286000
12825;12825;2020-03-03;147500
12826;12826;2020-03-03;282000
12827;12827;2020-03-03;902500
12828;12828;2020-03-03;48000
12829;12829;2020-03-03;196000
12830;12830;2020-03-03;1124000
12831;12831;2020-03-03;736000
12832;12832;2020-03-03;535000
12833;12833;2020-03-03;475727
12834;12834;2020-03-03;694110
12835;12835;2020-03-03;1494200
12836;12836;2020-03-03;921630
12837;12837;2020-03-03;2294000
12838;12838;2020-03-03;1090000
12839;12839;2020-03-03;1162000
12840;12840;2020-03-03;637000
12841;12841;2020-03-03;289500
12842;12842;2020-03-03;367000
12843;12843;2020-03-03;29000
12844;12844;2020-03-03;244900
12845;12845;2020-03-03;97000
12846;12846;2020-03-03;156000
12847;12847;2020-03-03;115000
12848;12848;2020-03-03;415000
12849;12849;2020-03-03;100000
12850;12850;2020-03-03;150000
12851;12851;2020-03-03;148000
12852;12852;2020-03-03;164500
12853;12853;2020-03-03;282000
12854;12854;2020-03-03;212000
12855;12855;2020-03-03;159200
12856;12856;2020-03-03;99400
12857;12857;2020-03-03;213500
12858;12858;2020-03-03;77500
12859;12859;2020-03-03;240000
12860;12860;2020-03-03;300000
12861;12861;2020-03-03;870000
12862;12862;2020-03-03;574600
12863;12863;2020-03-03;630000
12864;12864;2020-03-03;368000
12865;12865;2020-03-03;219000
12866;12866;2020-03-03;87750
12867;12867;2020-03-03;229000
12868;12868;2020-03-03;205000
12869;12869;2020-03-03;217000
12870;12870;2020-03-03;253000
12871;12871;2020-03-03;236000
12872;12872;2020-03-03;301000
12873;12873;2020-03-03;73500
12874;12874;2020-03-03;36560
12875;12875;2020-03-03;67780
12876;12876;2020-03-03;42000
12877;12877;2020-03-03;100000
12878;12878;2020-03-03;185000
12879;12879;2020-03-03;243000
12880;12880;2020-03-03;64000
12881;12881;2020-03-03;113000
12882;12882;2020-03-03;56500
12883;12883;2020-03-03;430000
12884;12884;2020-03-03;345000
12885;12885;2020-03-03;215000
12886;12886;2020-03-03;65000
12887;12887;2020-03-03;210700
12888;12888;2020-03-03;114000
12889;12889;2020-03-03;110000
12890;12890;2020-03-03;179000
12891;12891;2020-03-03;344000
12892;12892;2020-03-03;222805
12893;12893;2020-03-03;570000
12894;12894;2020-03-03;291000
12895;12895;2020-03-03;271150
12896;12896;2020-03-03;262500
12897;12897;2020-03-03;805000
12898;12898;2020-03-03;740650
12899;12899;2020-03-03;347500
12900;12900;2020-03-03;358000
12901;12901;2020-03-03;1306500
12902;12902;2020-03-03;342000
12903;12903;2020-03-03;503100
12904;12904;2020-03-03;266000
12905;12905;2020-03-03;255000
12906;12906;2020-03-03;596000
12907;12907;2020-03-03;483000
12908;12908;2020-03-03;56000
12909;12909;2020-03-03;87500
12910;12910;2020-03-03;120000
12911;12911;2020-03-03;156010
12912;12912;2020-03-03;229000
12913;12913;2020-03-03;532200
12914;12914;2020-03-03;140000
12915;12915;2020-03-03;120000
12916;12916;2020-03-03;132000
12917;12917;2020-03-03;184000
12918;12918;2020-03-03;202660
12919;12919;2020-03-03;299000
12920;12920;2020-03-03;400000
12921;12921;2020-03-03;585000
12922;12922;2020-03-03;166000
12923;12923;2020-03-03;169000
12924;12924;2020-03-03;220000
12925;12925;2020-03-03;161950
12926;12926;2020-03-03;193000
12927;12927;2020-03-03;118000
12928;12928;2020-03-03;157000
12929;12929;2020-03-03;236000
12930;12930;2020-03-03;70000
12931;12931;2020-03-03;237000
12932;12932;2020-03-03;215000
12933;12933;2020-03-04;232550
12934;12934;2020-03-04;90000
12935;12935;2020-03-04;30250
12936;12936;2020-03-04;160000
12937;12937;2020-03-04;413000
12938;12938;2020-03-04;98000
12939;12939;2020-03-04;285000
12940;12940;2020-03-04;70000
12941;12941;2020-03-04;484900
12942;12942;2020-03-04;486200
12943;12943;2020-03-04;357100
12944;12944;2020-03-04;72700
12945;12945;2020-03-04;306850
12946;12946;2020-03-04;305500
12947;12947;2020-03-04;234000
12948;12948;2020-03-04;162000
12949;12949;2020-03-04;175000
12950;12950;2020-03-04;83000
12951;12951;2020-03-04;152000
12952;12952;2020-03-04;295000
12953;12953;2020-03-04;93000
12954;12954;2020-03-04;120400
12955;12955;2020-03-04;390000
12956;12956;2020-03-04;90000
12957;12957;2020-03-04;64000
12958;12958;2020-03-04;564400
12959;12959;2020-03-04;174000
12960;12960;2020-03-04;47000
12961;12961;2020-03-04;97050
12962;12962;2020-03-04;255000
12963;12963;2020-03-04;132900
12964;12964;2020-03-04;160000
12965;12965;2020-03-04;101000
12966;12966;2020-03-04;144000
12967;12967;2020-03-04;407000
12968;12968;2020-03-04;615500
12969;12969;2020-03-04;215000
12970;12970;2020-03-04;69900
12971;12971;2020-03-04;43700
12972;12972;2020-03-04;152000
12973;12973;2020-03-04;90500
12974;12974;2020-03-04;80685
12975;12975;2020-03-04;56500
12976;12976;2020-03-04;375431
12977;12977;2020-03-04;54000
12978;12978;2020-03-04;74000
12979;12979;2020-03-04;69500
12980;12980;2020-03-04;386000
12981;12981;2020-03-04;361900
12982;12982;2020-03-04;173000
12983;12983;2020-03-04;63700
12984;12984;2020-03-04;55000
12985;12985;2020-03-04;156560
12986;12986;2020-03-04;83000
12987;12987;2020-03-04;194000
12988;12988;2020-03-04;245000
12989;12989;2020-03-04;250024
12990;12990;2020-03-04;91650
12991;12991;2020-03-04;140000
12992;12992;2020-03-04;61000
12993;12993;2020-03-04;173500
12994;12994;2020-03-04;126700
12995;12995;2020-03-04;72400
12996;12996;2020-03-04;65200
12997;12997;2020-03-04;120000
12998;12998;2020-03-04;127800
12999;12999;2020-03-04;170000
13000;13000;2020-03-04;40000
13001;13001;2020-03-04;152000
13002;13002;2020-03-04;236000
13003;13003;2020-03-04;127000
13004;13004;2020-03-04;174000
13005;13005;2020-03-04;99000
13006;13006;2020-03-04;144600
13007;13007;2020-03-04;117040
13008;13008;2020-03-04;114000
13009;13009;2020-03-04;39310
13010;13010;2020-03-04;187700
13011;13011;2020-03-04;226470
13012;13012;2020-03-04;181130
13013;13013;2020-03-04;214700
13014;13014;2020-03-04;113000
13015;13015;2020-03-04;285000
13016;13016;2020-03-04;159900
13017;13017;2020-03-04;67000
13018;13018;2020-03-04;284600
13019;13019;2020-03-04;543000
13020;13020;2020-03-04;700000
13021;13021;2020-03-04;628000
13022;13022;2020-03-04;2495440
13023;13023;2020-03-04;840000
13024;13024;2020-03-04;1131200
13025;13025;2020-03-04;495000
13026;13026;2020-03-04;511000
13027;13027;2020-03-04;258000
13028;13028;2020-03-04;201660
13029;13029;2020-03-04;729820
13030;13030;2020-03-04;490000
13031;13031;2020-03-04;523000
13032;13032;2020-03-04;910000
13033;13033;2020-03-04;506810
13034;13034;2020-03-04;261950
13035;13035;2020-03-04;874000
13036;13036;2020-03-04;781000
13037;13037;2020-03-04;296000
13038;13038;2020-03-04;443120
13039;13039;2020-03-04;429000
13040;13040;2020-03-04;308440
13041;13041;2020-03-04;680000
13042;13042;2020-03-04;336000
13043;13043;2020-03-04;293000
13044;13044;2020-03-04;407767
13045;13045;2020-03-04;475100
13046;13046;2020-03-04;1560000
13047;13047;2020-03-04;318620
13048;13048;2020-03-04;598200
13049;13049;2020-03-04;590000
13050;13050;2020-03-04;355000
13051;13051;2020-03-04;143000
13052;13052;2020-03-04;55000
13053;13053;2020-03-04;115500
13054;13054;2020-03-04;163500
13055;13055;2020-03-04;100000
13056;13056;2020-03-04;205000
13057;13057;2020-03-04;260000
13058;13058;2020-03-04;95000
13059;13059;2020-03-04;86000
13060;13060;2020-03-04;90000
13061;13061;2020-03-04;114000
13062;13062;2020-03-04;189000
13063;13063;2020-03-04;600000
13064;13064;2020-03-04;88500
13065;13065;2020-03-04;267500
13066;13066;2020-03-04;190000
13067;13067;2020-03-04;215000
13068;13068;2020-03-04;195000
13069;13069;2020-03-04;240000
13070;13070;2020-03-04;208500
13071;13071;2020-03-04;201500
13072;13072;2020-03-04;326900
13073;13073;2020-03-04;813945
13074;13074;2020-03-04;53800
13075;13075;2020-03-04;77000
13076;13076;2020-03-04;125000
13077;13077;2020-03-04;170000
13078;13078;2020-03-04;235000
13079;13079;2020-03-04;226000
13080;13080;2020-03-04;54000
13081;13081;2020-03-04;71500
13082;13082;2020-03-04;180000
13083;13083;2020-03-04;97000
13084;13084;2020-03-04;106000
13085;13085;2020-03-04;167000
13086;13086;2020-03-04;162000
13087;13087;2020-03-04;156000
13088;13088;2020-03-04;116000
13089;13089;2020-03-04;379000
13090;13090;2020-03-04;248700
13091;13091;2020-03-04;256000
13092;13092;2020-03-04;135000
13093;13093;2020-03-04;340000
13094;13094;2020-03-04;179140
13095;13095;2020-03-04;262151
13096;13096;2020-03-04;284000
13097;13097;2020-03-04;176000
13098;13098;2020-03-04;1643820
13099;13099;2020-03-04;194000
13100;13100;2020-03-04;506200
13101;13101;2020-03-04;390000
13102;13102;2020-03-04;280000
13103;13103;2020-03-04;490000
13104;13104;2020-03-04;66000
13105;13105;2020-03-04;35000
13106;13106;2020-03-04;149900
13107;13107;2020-03-04;165470
13108;13108;2020-03-04;236000
13109;13109;2020-03-04;174200
13110;13110;2020-03-04;384000
13111;13111;2020-03-04;98000
13112;13112;2020-03-04;257000
13113;13113;2020-03-04;228000
13114;13114;2020-03-04;104000
13115;13115;2020-03-04;89000
13116;13116;2020-03-04;125000
13117;13117;2020-03-04;60000
13118;13118;2020-03-04;200000
13119;13119;2020-03-04;282000
13120;13120;2020-03-04;199570
13121;13121;2020-03-04;76700
13122;13122;2020-03-04;246400
13123;13123;2020-03-04;140000
13124;13124;2020-03-04;370000
13125;13125;2020-03-04;298000
13126;13126;2020-03-04;137500
13127;13127;2020-03-04;185000
13128;13128;2020-03-04;64000
13129;13129;2020-03-04;398000
13130;13130;2020-03-04;485000
13131;13131;2020-03-04;244722
13132;13132;2020-03-04;99270
13133;13133;2020-03-04;181200
13134;13134;2020-03-04;237000
13135;13135;2020-03-04;205000
13136;13136;2020-03-04;149611
13137;13137;2020-03-04;148000
13138;13138;2020-03-04;298000
13139;13139;2020-03-04;170000
13140;13140;2020-03-04;140000
13141;13141;2020-03-04;179300
13142;13142;2020-03-04;339600
13143;13143;2020-03-04;160400
13144;13144;2020-03-04;125000
13145;13145;2020-03-04;127000
13146;13146;2020-03-05;389500
13147;13147;2020-03-05;192000
13148;13148;2020-03-05;365000
13149;13149;2020-03-05;158000
13150;13150;2020-03-05;168000
13151;13151;2020-03-05;90000
13152;13152;2020-03-05;175000
13153;13153;2020-03-05;79900
13154;13154;2020-03-05;205370
13155;13155;2020-03-05;190700
13156;13156;2020-03-05;680000
13157;13157;2020-03-05;88000
13158;13158;2020-03-05;272790
13159;13159;2020-03-05;150000
13160;13160;2020-03-05;82800
13161;13161;2020-03-05;173518
13162;13162;2020-03-05;89000
13163;13163;2020-03-05;95000
13164;13164;2020-03-05;155000
13165;13165;2020-03-05;217000
13166;13166;2020-03-05;95000
13167;13167;2020-03-05;260000
13168;13168;2020-03-05;257700
13169;13169;2020-03-05;66000
13170;13170;2020-03-05;80200
13171;13171;2020-03-05;80000
13172;13172;2020-03-05;137000
13173;13173;2020-03-05;210000
13174;13174;2020-03-05;70000
13175;13175;2020-03-05;159000
13176;13176;2020-03-05;103000
13177;13177;2020-03-05;181660
13178;13178;2020-03-05;48000
13179;13179;2020-03-05;173000
13180;13180;2020-03-05;140000
13181;13181;2020-03-05;94000
13182;13182;2020-03-05;364000
13183;13183;2020-03-05;224000
13184;13184;2020-03-05;197150
13185;13185;2020-03-05;78000
13186;13186;2020-03-05;40000
13187;13187;2020-03-05;19000
13188;13188;2020-03-05;148000
13189;13189;2020-03-05;56000
13190;13190;2020-03-05;201070
13191;13191;2020-03-05;433970
13192;13192;2020-03-05;50738
13193;13193;2020-03-05;197900
13194;13194;2020-03-05;463100
13195;13195;2020-03-05;270000
13196;13196;2020-03-05;193500
13197;13197;2020-03-05;132200
13198;13198;2020-03-05;82000
13199;13199;2020-03-05;84000
13200;13200;2020-03-05;201000
13201;13201;2020-03-05;77000
13202;13202;2020-03-05;68150
13203;13203;2020-03-05;218500
13204;13204;2020-03-05;195000
13205;13205;2020-03-05;62500
13206;13206;2020-03-05;117900
13207;13207;2020-03-05;160500
13208;13208;2020-03-05;90000
13209;13209;2020-03-05;194000
13210;13210;2020-03-05;125550
13211;13211;2020-03-05;304428
13212;13212;2020-03-05;153000
13213;13213;2020-03-05;92600
13214;13214;2020-03-05;85215
13215;13215;2020-03-05;119000
13216;13216;2020-03-05;126000
13217;13217;2020-03-05;260000
13218;13218;2020-03-05;152510
13219;13219;2020-03-05;288000
13220;13220;2020-03-05;83000
13221;13221;2020-03-05;116400
13222;13222;2020-03-05;646962
13223;13223;2020-03-05;113000
13224;13224;2020-03-05;67720
13225;13225;2020-03-05;67000
13226;13226;2020-03-05;81400
13227;13227;2020-03-05;91700
13228;13228;2020-03-05;96340
13229;13229;2020-03-05;55000
13230;13230;2020-03-05;232800
13231;13231;2020-03-05;270550
13232;13232;2020-03-05;216200
13233;13233;2020-03-05;149000
13234;13234;2020-03-05;371300
13235;13235;2020-03-05;121167
13236;13236;2020-03-05;20000
13237;13237;2020-03-05;95000
13238;13238;2020-03-05;34200
13239;13239;2020-03-05;180000
13240;13240;2020-03-05;333350
13241;13241;2020-03-05;272000
13242;13242;2020-03-05;265200
13243;13243;2020-03-05;520000
13244;13244;2020-03-05;242500
13245;13245;2020-03-05;953472
13246;13246;2020-03-05;440000
13247;13247;2020-03-05;365000
13248;13248;2020-03-05;153000
13249;13249;2020-03-05;3040000
13250;13250;2020-03-05;409600
13251;13251;2020-03-05;270000
13252;13252;2020-03-05;294000
13253;13253;2020-03-05;216667
13254;13254;2020-03-05;73500
13255;13255;2020-03-05;245000
13256;13256;2020-03-05;127000
13257;13257;2020-03-05;860400
13258;13258;2020-03-05;310500
13259;13259;2020-03-05;180000
13260;13260;2020-03-05;639700
13261;13261;2020-03-05;310000
13262;13262;2020-03-05;1094339
13263;13263;2020-03-05;492502
13264;13264;2020-03-05;728868
13265;13265;2020-03-05;392100
13266;13266;2020-03-05;2409950
13267;13267;2020-03-05;1478000
13268;13268;2020-03-05;324500
13269;13269;2020-03-05;395000
13270;13270;2020-03-05;477700
13271;13271;2020-03-05;580200
13272;13272;2020-03-05;1420000
13273;13273;2020-03-05;525500
13274;13274;2020-03-05;367500
13275;13275;2020-03-05;117410
13276;13276;2020-03-05;377300
13277;13277;2020-03-05;225746
13278;13278;2020-03-05;117500
13279;13279;2020-03-05;99800
13280;13280;2020-03-05;326400
13281;13281;2020-03-05;1085000
13282;13282;2020-03-05;169072
13283;13283;2020-03-05;356400
13284;13284;2020-03-05;39000
13285;13285;2020-03-05;230000
13286;13286;2020-03-05;148000
13287;13287;2020-03-05;237000
13288;13288;2020-03-05;270400
13289;13289;2020-03-05;157000
13290;13290;2020-03-05;145000
13291;13291;2020-03-05;122000
13292;13292;2020-03-05;154750
13293;13293;2020-03-05;89900
13294;13294;2020-03-05;87500
13295;13295;2020-03-05;147800
13296;13296;2020-03-05;153000
13297;13297;2020-03-05;188000
13298;13298;2020-03-05;180575
13299;13299;2020-03-05;141178
13300;13300;2020-03-05;312320
13301;13301;2020-03-05;87000
13302;13302;2020-03-05;174788
13303;13303;2020-03-05;180000
13304;13304;2020-03-05;128500
13305;13305;2020-03-05;85000
13306;13306;2020-03-05;109000
13307;13307;2020-03-05;53500
13308;13308;2020-03-05;113000
13309;13309;2020-03-05;170682
13310;13310;2020-03-05;147000
13311;13311;2020-03-05;117000
13312;13312;2020-03-05;249000
13313;13313;2020-03-05;224000
13314;13314;2020-03-05;119000
13315;13315;2020-03-05;635000
13316;13316;2020-03-05;120000
13317;13317;2020-03-05;56500
13318;13318;2020-03-05;72000
13319;13319;2020-03-05;375000
13320;13320;2020-03-05;206800
13321;13321;2020-03-05;40000
13322;13322;2020-03-05;73500
13323;13323;2020-03-05;487500
13324;13324;2020-03-05;66000
13325;13325;2020-03-05;265000
13326;13326;2020-03-05;73000
13327;13327;2020-03-05;229900
13328;13328;2020-03-05;210000
13329;13329;2020-03-05;206050
13330;13330;2020-03-05;216000
13331;13331;2020-03-05;233000
13332;13332;2020-03-05;228000
13333;13333;2020-03-05;97100
13334;13334;2020-03-05;105000
13335;13335;2020-03-05;272547
13336;13336;2020-03-05;230000
13337;13337;2020-03-05;260000
13338;13338;2020-03-05;100000
13339;13339;2020-03-05;224000
13340;13340;2020-03-05;525000
13341;13341;2020-03-05;252000
13342;13342;2020-03-05;465350
13343;13343;2020-03-05;404500
13344;13344;2020-03-05;250000
13345;13345;2020-03-05;435000
13346;13346;2020-03-05;327000
13347;13347;2020-03-05;375070
13348;13348;2020-03-05;229000
13349;13349;2020-03-05;950200
13350;13350;2020-03-05;147004
13351;13351;2020-03-05;126950
13352;13352;2020-03-05;138300
13353;13353;2020-03-05;114000
13354;13354;2020-03-05;141800
13355;13355;2020-03-05;246000
13356;13356;2020-03-05;243200
13357;13357;2020-03-05;234000
13358;13358;2020-03-05;320000
13359;13359;2020-03-05;530000
13360;13360;2020-03-05;400000
13361;13361;2020-03-05;181000
13362;13362;2020-03-05;141000
13363;13363;2020-03-05;185000
13364;13364;2020-03-05;407000
13365;13365;2020-03-05;268000
13366;13366;2020-03-05;242000
13367;13367;2020-03-05;355000
13368;13368;2020-03-05;271660
13369;13369;2020-03-05;226000
13370;13370;2020-03-05;173770
13371;13371;2020-03-05;183000
13372;13372;2020-03-05;27000
13373;13373;2020-03-05;287320
13374;13374;2020-03-05;170000
13375;13375;2020-03-05;186000
13376;13376;2020-03-05;410000
13377;13377;2020-03-05;230000
13378;13378;2020-03-05;90000
13379;13379;2020-03-05;126500
13380;13380;2020-03-05;125000
13381;13381;2020-03-06;107000
13382;13382;2020-03-06;70200
13383;13383;2020-03-06;43000
13384;13384;2020-03-06;75000
13385;13385;2020-03-06;311930
13386;13386;2020-03-06;305000
13387;13387;2020-03-06;75500
13388;13388;2020-03-06;262000
13389;13389;2020-03-06;400000
13390;13390;2020-03-06;324090
13391;13391;2020-03-06;120000
13392;13392;2020-03-06;166850
13393;13393;2020-03-06;616000
13394;13394;2020-03-06;685500
13395;13395;2020-03-06;187000
13396;13396;2020-03-06;332000
13397;13397;2020-03-06;131000
13398;13398;2020-03-06;158000
13399;13399;2020-03-06;195035
13400;13400;2020-03-06;283500
13401;13401;2020-03-06;230000
13402;13402;2020-03-06;262490
13403;13403;2020-03-06;186362
13404;13404;2020-03-06;120000
13405;13405;2020-03-06;44750
13406;13406;2020-03-06;65000
13407;13407;2020-03-06;61870
13408;13408;2020-03-06;88200
13409;13409;2020-03-06;97000
13410;13410;2020-03-06;88350
13411;13411;2020-03-06;162000
13412;13412;2020-03-06;130300
13413;13413;2020-03-06;330000
13414;13414;2020-03-06;95000
13415;13415;2020-03-06;77000
13416;13416;2020-03-06;62000
13417;13417;2020-03-06;108000
13418;13418;2020-03-06;145500
13419;13419;2020-03-06;42000
13420;13420;2020-03-06;170600
13421;13421;2020-03-06;60000
13422;13422;2020-03-06;90000
13423;13423;2020-03-06;99000
13424;13424;2020-03-06;45000
13425;13425;2020-03-06;135000
13426;13426;2020-03-06;140600
13427;13427;2020-03-06;250000
13428;13428;2020-03-06;139100
13429;13429;2020-03-06;180000
13430;13430;2020-03-06;158500
13431;13431;2020-03-06;289100
13432;13432;2020-03-06;411050
13433;13433;2020-03-06;190000
13434;13434;2020-03-06;142000
13435;13435;2020-03-06;96000
13436;13436;2020-03-06;274700
13437;13437;2020-03-06;63000
13438;13438;2020-03-06;79000
13439;13439;2020-03-06;244000
13440;13440;2020-03-06;89000
13441;13441;2020-03-06;1400000
13442;13442;2020-03-06;26000
13443;13443;2020-03-06;165000
13444;13444;2020-03-06;67310
13445;13445;2020-03-06;110000
13446;13446;2020-03-06;198500
13447;13447;2020-03-06;133000
13448;13448;2020-03-06;359000
13449;13449;2020-03-06;125000
13450;13450;2020-03-06;204750
13451;13451;2020-03-06;80000
13452;13452;2020-03-06;320000
13453;13453;2020-03-06;110000
13454;13454;2020-03-06;600000
13455;13455;2020-03-06;228800
13456;13456;2020-03-06;116100
13457;13457;2020-03-06;31000
13458;13458;2020-03-06;40500
13459;13459;2020-03-06;93150
13460;13460;2020-03-06;174150
13461;13461;2020-03-06;168000
13462;13462;2020-03-06;167050
13463;13463;2020-03-06;44444
13464;13464;2020-03-06;241700
13465;13465;2020-03-06;357800
13466;13466;2020-03-06;174900
13467;13467;2020-03-06;129320
13468;13468;2020-03-06;192065
13469;13469;2020-03-06;164700
13470;13470;2020-03-06;108800
13471;13471;2020-03-06;161250
13472;13472;2020-03-06;115180
13473;13473;2020-03-06;143850
13474;13474;2020-03-06;179800
13475;13475;2020-03-06;87500
13476;13476;2020-03-06;34000
13477;13477;2020-03-06;96000
13478;13478;2020-03-06;180000
13479;13479;2020-03-06;152000
13480;13480;2020-03-06;125000
13481;13481;2020-03-06;87990
13482;13482;2020-03-06;174000
13483;13483;2020-03-06;300000
13484;13484;2020-03-06;110990
13485;13485;2020-03-06;77000
13486;13486;2020-03-06;85000
13487;13487;2020-03-06;168500
13488;13488;2020-03-06;55000
13489;13489;2020-03-06;25500
13490;13490;2020-03-06;82500
13491;13491;2020-03-06;379000
13492;13492;2020-03-06;94500
13493;13493;2020-03-06;158642
13494;13494;2020-03-06;253500
13495;13495;2020-03-06;197070
13496;13496;2020-03-06;233000
13497;13497;2020-03-06;80000
13498;13498;2020-03-06;55688
13499;13499;2020-03-06;93500
13500;13500;2020-03-06;118000
13501;13501;2020-03-06;44000
13502;13502;2020-03-06;299500
13503;13503;2020-03-06;64000
13504;13504;2020-03-06;166000
13505;13505;2020-03-06;141915
13506;13506;2020-03-06;65268
13507;13507;2020-03-06;136000
13508;13508;2020-03-06;109150
13509;13509;2020-03-06;80500
13510;13510;2020-03-06;90700
13511;13511;2020-03-06;95000
13512;13512;2020-03-06;186004
13513;13513;2020-03-06;137800
13514;13514;2020-03-06;80000
13515;13515;2020-03-06;114500
13516;13516;2020-03-06;40000
13517;13517;2020-03-06;136000
13518;13518;2020-03-06;90000
13519;13519;2020-03-06;49000
13520;13520;2020-03-06;144000
13521;13521;2020-03-06;186000
13522;13522;2020-03-06;125000
13523;13523;2020-03-06;72000
13524;13524;2020-03-06;186000
13525;13525;2020-03-06;59000
13526;13526;2020-03-06;53000
13527;13527;2020-03-06;64000
13528;13528;2020-03-06;180000
13529;13529;2020-03-06;123800
13530;13530;2020-03-06;41500
13531;13531;2020-03-06;54000
13532;13532;2020-03-06;72000
13533;13533;2020-03-06;228000
13534;13534;2020-03-06;460000
13535;13535;2020-03-06;178000
13536;13536;2020-03-06;170000
13537;13537;2020-03-06;188000
13538;13538;2020-03-06;140140
13539;13539;2020-03-06;27000
13540;13540;2020-03-06;51990
13541;13541;2020-03-06;264400
13542;13542;2020-03-06;219845
13543;13543;2020-03-06;80000
13544;13544;2020-03-06;215000
13545;13545;2020-03-06;154020
13546;13546;2020-03-06;116000
13547;13547;2020-03-06;64000
13548;13548;2020-03-06;93500
13549;13549;2020-03-06;311000
13550;13550;2020-03-06;459000
13551;13551;2020-03-06;381350
13552;13552;2020-03-06;362000
13553;13553;2020-03-06;84000
13554;13554;2020-03-06;336000
13555;13555;2020-03-06;6000000
13556;13556;2020-03-06;1010000
13557;13557;2020-03-06;325000
13558;13558;2020-03-06;215000
13559;13559;2020-03-06;657000
13560;13560;2020-03-06;474406
13561;13561;2020-03-06;247000
13562;13562;2020-03-06;543225
13563;13563;2020-03-06;388000
13564;13564;2020-03-06;128000
13565;13565;2020-03-06;422000
13566;13566;2020-03-06;1335000
13567;13567;2020-03-06;708480
13568;13568;2020-03-06;284555
13569;13569;2020-03-06;341570
13570;13570;2020-03-06;359000
13571;13571;2020-03-06;549000
13572;13572;2020-03-06;436044
13573;13573;2020-03-06;275650
13574;13574;2020-03-06;710000
13575;13575;2020-03-06;258000
13576;13576;2020-03-06;672000
13577;13577;2020-03-06;327345
13578;13578;2020-03-06;750000
13579;13579;2020-03-06;838007
13580;13580;2020-03-06;622980
13581;13581;2020-03-06;293269
13582;13582;2020-03-06;321000
13583;13583;2020-03-06;492600
13584;13584;2020-03-06;671160
13585;13585;2020-03-06;759200
13586;13586;2020-03-06;1136200
13587;13587;2020-03-06;158000
13588;13588;2020-03-06;1035000
13589;13589;2020-03-06;393000
13590;13590;2020-03-06;137500
13591;13591;2020-03-06;559400
13592;13592;2020-03-06;3025000
13593;13593;2020-03-06;1438700
13594;13594;2020-03-06;388000
13595;13595;2020-03-06;574000
13596;13596;2020-03-06;415000
13597;13597;2020-03-06;161000
13598;13598;2020-03-06;358000
13599;13599;2020-03-06;808600
13600;13600;2020-03-06;251100
13601;13601;2020-03-06;945000
13602;13602;2020-03-06;546150
13603;13603;2020-03-06;245000
13604;13604;2020-03-06;310400
13605;13605;2020-03-06;70000
13606;13606;2020-03-06;229350
13607;13607;2020-03-06;106400
13608;13608;2020-03-06;250000
13609;13609;2020-03-06;298000
13610;13610;2020-03-06;208000
13611;13611;2020-03-06;225000
13612;13612;2020-03-06;249000
13613;13613;2020-03-06;98500
13614;13614;2020-03-06;148300
13615;13615;2020-03-06;299000
13616;13616;2020-03-06;126521
13617;13617;2020-03-06;84000
13618;13618;2020-03-06;177000
13619;13619;2020-03-06;165000
13620;13620;2020-03-06;176000
13621;13621;2020-03-06;100000
13622;13622;2020-03-06;233000
13623;13623;2020-03-06;306700
13624;13624;2020-03-06;122000
13625;13625;2020-03-06;97990
13626;13626;2020-03-06;371000
13627;13627;2020-03-06;159000
13628;13628;2020-03-06;460875
13629;13629;2020-03-06;261640
13630;13630;2020-03-06;190000
13631;13631;2020-03-06;940000
13632;13632;2020-03-06;177000
13633;13633;2020-03-06;238150
13634;13634;2020-03-06;95000
13635;13635;2020-03-06;164000
13636;13636;2020-03-06;236600
13637;13637;2020-03-06;320500
13638;13638;2020-03-06;208000
13639;13639;2020-03-06;591680
13640;13640;2020-03-06;196000
13641;13641;2020-03-06;350500
13642;13642;2020-03-06;285000
13643;13643;2020-03-06;116500
13644;13644;2020-03-06;271000
13645;13645;2020-03-06;161500
13646;13646;2020-03-06;70000
13647;13647;2020-03-06;52000
13648;13648;2020-03-06;199100
13649;13649;2020-03-06;156400
13650;13650;2020-03-06;180500
13651;13651;2020-03-06;294650
13652;13652;2020-03-06;128000
13653;13653;2020-03-06;39000
13654;13654;2020-03-06;633000
13655;13655;2020-03-06;440000
13656;13656;2020-03-06;770000
13657;13657;2020-03-06;194900
13658;13658;2020-03-06;23000
13659;13659;2020-03-06;185200
13660;13660;2020-03-06;146200
13661;13661;2020-03-06;74000
13662;13662;2020-03-06;163000
13663;13663;2020-03-06;180000
13664;13664;2020-03-06;83000
13665;13665;2020-03-06;178000
13666;13666;2020-03-06;61000
13667;13667;2020-03-06;109000
13668;13668;2020-03-06;61000
13669;13669;2020-03-06;57000
13670;13670;2020-03-06;119000
13671;13671;2020-03-06;292000
13672;13672;2020-03-06;195000
13673;13673;2020-03-06;265000
13674;13674;2020-03-06;162000
13675;13675;2020-03-06;109000
13676;13676;2020-03-06;186000
13677;13677;2020-03-06;81500
13678;13678;2020-03-06;190000
13679;13679;2020-03-06;91430
13680;13680;2020-03-06;157000
13681;13681;2020-03-06;177000
13682;13682;2020-03-06;89000
13683;13683;2020-03-06;102500
13684;13684;2020-03-06;175000
13685;13685;2020-03-06;133500
13686;13686;2020-03-06;80000
13687;13687;2020-03-06;104850
13688;13688;2020-03-06;128000
13689;13689;2020-03-06;370000
13690;13690;2020-03-06;351000
13691;13691;2020-03-06;307000
13692;13692;2020-03-06;126000
13693;13693;2020-03-06;148500
13694;13694;2020-03-06;233000
13695;13695;2020-03-06;353200
13696;13696;2020-03-06;142000
13697;13697;2020-03-06;283000
13698;13698;2020-03-06;211742
13699;13699;2020-03-06;200270
13700;13700;2020-03-06;232000
13701;13701;2020-03-06;178000
13702;13702;2020-03-06;100800
13703;13703;2020-03-06;1250000
13704;13704;2020-03-06;603000
13705;13705;2020-03-06;498000
13706;13706;2020-03-06;293000
13707;13707;2020-03-06;800000
13708;13708;2020-03-06;340000
13709;13709;2020-03-06;490000
13710;13710;2020-03-06;292000
13711;13711;2020-03-06;310000
13712;13712;2020-03-06;246100
13713;13713;2020-03-06;270000
13714;13714;2020-03-06;219750
13715;13715;2020-03-06;438000
13716;13716;2020-03-06;71000
13717;13717;2020-03-06;166000
13718;13718;2020-03-06;224000
13719;13719;2020-03-06;128000
13720;13720;2020-03-06;237500
13721;13721;2020-03-06;347700
13722;13722;2020-03-06;750000
13723;13723;2020-03-06;245220
13724;13724;2020-03-06;117000
13725;13725;2020-03-06;265000
13726;13726;2020-03-06;85083
13727;13727;2020-03-06;323587
13728;13728;2020-03-06;354000
13729;13729;2020-03-06;212000
13730;13730;2020-03-06;220000
13731;13731;2020-03-06;145500
13732;13732;2020-03-06;222270
13733;13733;2020-03-06;163000
13734;13734;2020-03-06;310000
13735;13735;2020-03-06;462000
13736;13736;2020-03-06;467000
13737;13737;2020-03-06;353700
13738;13738;2020-03-06;245000
13739;13739;2020-03-06;240000
13740;13740;2020-03-06;297350
13741;13741;2020-03-06;316000
13742;13742;2020-03-06;484650
13743;13743;2020-03-06;136000
13744;13744;2020-03-06;123000
13745;13745;2020-03-06;269000
13746;13746;2020-03-06;170000
13747;13747;2020-03-06;189000
13748;13748;2020-03-06;218000
13749;13749;2020-03-06;330000
13750;13750;2020-03-06;233000
13751;13751;2020-03-06;244350
13752;13752;2020-03-06;125000
13753;13753;2020-03-06;201000
13754;13754;2020-03-06;152000
13755;13755;2020-03-06;500000
13756;13756;2020-03-06;70000
13757;13757;2020-03-06;183500
13758;13758;2020-03-06;141500
13759;13759;2020-03-06;183000
13760;13760;2020-03-06;198000
13761;13761;2020-03-06;333000
13762;13762;2020-03-06;170000
13763;13763;2020-03-06;179500
13764;13764;2020-03-06;275000
13765;13765;2020-03-06;148590
13766;13766;2020-03-06;163500
13767;13767;2020-03-06;144000
13768;13768;2020-03-06;146226
13769;13769;2020-03-06;60000
13770;13770;2020-03-06;128000
13771;13771;2020-03-06;126000
13772;13772;2020-03-06;89000
13773;13773;2020-03-06;241600
13774;13774;2020-03-06;210500
13775;13775;2020-03-06;236000
13776;13776;2020-03-06;107000
13777;13777;2020-03-06;116595
13778;13778;2020-03-06;79000
13779;13779;2020-03-06;93000
13780;13780;2020-03-06;227000
13781;13781;2020-03-06;142000
13782;13782;2020-03-07;45000
13783;13783;2020-03-07;150980
13784;13784;2020-03-07;104000
13785;13785;2020-03-07;81050
13786;13786;2020-03-07;39000
13787;13787;2020-03-07;166900
13788;13788;2020-03-07;88000
13789;13789;2020-03-07;32000
13790;13790;2020-03-07;49000
13791;13791;2020-03-07;24000
13792;13792;2020-03-07;51500
13793;13793;2020-03-07;143500
13794;13794;2020-03-07;106700
13795;13795;2020-03-07;143500
13796;13796;2020-03-07;80190
13797;13797;2020-03-07;87000
13798;13798;2020-03-07;50500
13799;13799;2020-03-07;311480
13800;13800;2020-03-07;110650
13801;13801;2020-03-07;63000
13802;13802;2020-03-07;88000
13803;13803;2020-03-07;130000
13804;13804;2020-03-07;106300
13805;13805;2020-03-07;392800
13806;13806;2020-03-07;129000
13807;13807;2020-03-07;133000
13808;13808;2020-03-07;95000
13809;13809;2020-03-07;170000
13810;13810;2020-03-07;147000
13811;13811;2020-03-07;250000
13812;13812;2020-03-07;112000
13813;13813;2020-03-09;282000
13814;13814;2020-03-09;101000
13815;13815;2020-03-09;93090
13816;13816;2020-03-09;189840
13817;13817;2020-03-09;320000
13818;13818;2020-03-09;490000
13819;13819;2020-03-09;167000
13820;13820;2020-03-09;107000
13821;13821;2020-03-09;75000
13822;13822;2020-03-09;333000
13823;13823;2020-03-09;692000
13824;13824;2020-03-09;65000
13825;13825;2020-03-09;130000
13826;13826;2020-03-09;430000
13827;13827;2020-03-09;253000
13828;13828;2020-03-09;60000
13829;13829;2020-03-09;25000
13830;13830;2020-03-09;130250
13831;13831;2020-03-09;118950
13832;13832;2020-03-09;99000
13833;13833;2020-03-09;93000
13834;13834;2020-03-09;60000
13835;13835;2020-03-09;104147
13836;13836;2020-03-09;164000
13837;13837;2020-03-09;99000
13838;13838;2020-03-09;174000
13839;13839;2020-03-09;405100
13840;13840;2020-03-09;72000
13841;13841;2020-03-09;68500
13842;13842;2020-03-09;115000
13843;13843;2020-03-09;82422
13844;13844;2020-03-09;110000
13845;13845;2020-03-09;47500
13846;13846;2020-03-09;585000
13847;13847;2020-03-09;384000
13848;13848;2020-03-09;397950
13849;13849;2020-03-09;225300
13850;13850;2020-03-09;142000
13851;13851;2020-03-09;136750
13852;13852;2020-03-09;68000
13853;13853;2020-03-09;60000
13854;13854;2020-03-09;155000
13855;13855;2020-03-09;75000
13856;13856;2020-03-09;132000
13857;13857;2020-03-09;33500
13858;13858;2020-03-09;65000
13859;13859;2020-03-09;77000
13860;13860;2020-03-09;175000
13861;13861;2020-03-09;192440
13862;13862;2020-03-09;455000
13863;13863;2020-03-09;155500
13864;13864;2020-03-09;116080
13865;13865;2020-03-09;83500
13866;13866;2020-03-09;90000
13867;13867;2020-03-09;259400
13868;13868;2020-03-09;77000
13869;13869;2020-03-09;246500
13870;13870;2020-03-09;500240
13871;13871;2020-03-09;217900
13872;13872;2020-03-09;71000
13873;13873;2020-03-09;245700
13874;13874;2020-03-09;120692
13875;13875;2020-03-09;122000
13876;13876;2020-03-09;413350
13877;13877;2020-03-09;55170
13878;13878;2020-03-09;61960
13879;13879;2020-03-09;166000
13880;13880;2020-03-09;150000
13881;13881;2020-03-09;175000
13882;13882;2020-03-09;80450
13883;13883;2020-03-09;80000
13884;13884;2020-03-09;190000
13885;13885;2020-03-09;101700
13886;13886;2020-03-09;111550
13887;13887;2020-03-09;263500
13888;13888;2020-03-09;133000
13889;13889;2020-03-09;309000
13890;13890;2020-03-09;40000
13891;13891;2020-03-09;85000
13892;13892;2020-03-09;60200
13893;13893;2020-03-09;219000
13894;13894;2020-03-09;80000
13895;13895;2020-03-09;55500
13896;13896;2020-03-09;50000
13897;13897;2020-03-09;88000
13898;13898;2020-03-09;240000
13899;13899;2020-03-09;278873
13900;13900;2020-03-09;98763
13901;13901;2020-03-09;38500
13902;13902;2020-03-09;21500
13903;13903;2020-03-09;183700
13904;13904;2020-03-09;140000
13905;13905;2020-03-09;77300
13906;13906;2020-03-09;44000
13907;13907;2020-03-09;48000
13908;13908;2020-03-09;104500
13909;13909;2020-03-09;234000
13910;13910;2020-03-09;122000
13911;13911;2020-03-09;78000
13912;13912;2020-03-09;242000
13913;13913;2020-03-09;76000
13914;13914;2020-03-09;336217
13915;13915;2020-03-09;111000
13916;13916;2020-03-09;240000
13917;13917;2020-03-09;63220
13918;13918;2020-03-09;112500
13919;13919;2020-03-09;80000
13920;13920;2020-03-09;169000
13921;13921;2020-03-09;213000
13922;13922;2020-03-09;118500
13923;13923;2020-03-09;120176
13924;13924;2020-03-09;201000
13925;13925;2020-03-09;124000
13926;13926;2020-03-09;188785
13927;13927;2020-03-09;56500
13928;13928;2020-03-09;64000
13929;13929;2020-03-09;196031
13930;13930;2020-03-09;325000
13931;13931;2020-03-09;355000
13932;13932;2020-03-09;230000
13933;13933;2020-03-09;310000
13934;13934;2020-03-09;178000
13935;13935;2020-03-09;621300
13936;13936;2020-03-09;550000
13937;13937;2020-03-09;290800
13938;13938;2020-03-09;498000
13939;13939;2020-03-09;64000
13940;13940;2020-03-09;555000
13941;13941;2020-03-09;596000
13942;13942;2020-03-09;521700
13943;13943;2020-03-09;1480000
13944;13944;2020-03-09;1230000
13945;13945;2020-03-09;570000
13946;13946;2020-03-09;470250
13947;13947;2020-03-09;650000
13948;13948;2020-03-09;2899988
13949;13949;2020-03-09;1700000
13950;13950;2020-03-09;675000
13951;13951;2020-03-09;258320
13952;13952;2020-03-09;629000
13953;13953;2020-03-09;244400
13954;13954;2020-03-09;785300
13955;13955;2020-03-09;1350000
13956;13956;2020-03-09;755000
13957;13957;2020-03-09;406350
13958;13958;2020-03-09;215000
13959;13959;2020-03-09;168000
13960;13960;2020-03-09;286000
13961;13961;2020-03-09;238730
13962;13962;2020-03-09;167000
13963;13963;2020-03-09;662700
13964;13964;2020-03-09;284200
13965;13965;2020-03-09;598000
13966;13966;2020-03-09;800350
13967;13967;2020-03-09;976250
13968;13968;2020-03-09;296600
13969;13969;2020-03-09;202250
13970;13970;2020-03-09;503000
13971;13971;2020-03-09;264200
13972;13972;2020-03-09;469000
13973;13973;2020-03-09;109695
13974;13974;2020-03-09;259500
13975;13975;2020-03-09;492000
13976;13976;2020-03-09;415000
13977;13977;2020-03-09;520000
13978;13978;2020-03-09;194000
13979;13979;2020-03-09;94700
13980;13980;2020-03-09;212500
13981;13981;2020-03-09;30000
13982;13982;2020-03-09;168000
13983;13983;2020-03-09;109000
13984;13984;2020-03-09;229090
13985;13985;2020-03-09;394000
13986;13986;2020-03-09;74600
13987;13987;2020-03-09;190000
13988;13988;2020-03-09;289000
13989;13989;2020-03-09;329150
13990;13990;2020-03-09;132200
13991;13991;2020-03-09;129000
13992;13992;2020-03-09;173500
13993;13993;2020-03-09;170950
13994;13994;2020-03-09;322800
13995;13995;2020-03-09;845400
13996;13996;2020-03-09;178500
13997;13997;2020-03-09;264144
13998;13998;2020-03-09;122500
13999;13999;2020-03-09;128000
14000;14000;2020-03-09;154000
14001;14001;2020-03-09;350800
14002;14002;2020-03-09;285000
14003;14003;2020-03-09;179000
14004;14004;2020-03-09;126000
14005;14005;2020-03-09;38000
14006;14006;2020-03-09;185000
14007;14007;2020-03-09;92000
14008;14008;2020-03-09;169000
14009;14009;2020-03-09;129500
14010;14010;2020-03-09;156000
14011;14011;2020-03-09;286985
14012;14012;2020-03-09;92000
14013;14013;2020-03-09;515000
14014;14014;2020-03-09;63500
14015;14015;2020-03-09;143790
14016;14016;2020-03-09;158000
14017;14017;2020-03-09;171920
14018;14018;2020-03-09;198340
14019;14019;2020-03-09;89000
14020;14020;2020-03-09;280000
14021;14021;2020-03-09;57500
14022;14022;2020-03-09;61500
14023;14023;2020-03-09;112000
14024;14024;2020-03-09;211500
14025;14025;2020-03-09;91000
14026;14026;2020-03-09;222000
14027;14027;2020-03-09;135000
14028;14028;2020-03-09;245100
14029;14029;2020-03-09;485000
14030;14030;2020-03-09;237000
14031;14031;2020-03-09;215000
14032;14032;2020-03-09;226737
14033;14033;2020-03-09;187000
14034;14034;2020-03-09;165000
14035;14035;2020-03-09;485900
14036;14036;2020-03-09;205000
14037;14037;2020-03-09;530000
14038;14038;2020-03-09;350500
14039;14039;2020-03-09;1067260
14040;14040;2020-03-09;693000
14041;14041;2020-03-09;243240
14042;14042;2020-03-09;1422200
14043;14043;2020-03-09;1170000
14044;14044;2020-03-09;311650
14045;14045;2020-03-09;600845
14046;14046;2020-03-09;288800
14047;14047;2020-03-09;189100
14048;14048;2020-03-09;304762
14049;14049;2020-03-09;119000
14050;14050;2020-03-09;220000
14051;14051;2020-03-09;146000
14052;14052;2020-03-09;256270
14053;14053;2020-03-09;171000
14054;14054;2020-03-09;157000
14055;14055;2020-03-09;171000
14056;14056;2020-03-09;206000
14057;14057;2020-03-09;25000
14058;14058;2020-03-09;215000
14059;14059;2020-03-09;339000
14060;14060;2020-03-09;636980
14061;14061;2020-03-09;108413
14062;14062;2020-03-09;157926
14063;14063;2020-03-09;206000
14064;14064;2020-03-09;405500
14065;14065;2020-03-09;225000
14066;14066;2020-03-09;346650
14067;14067;2020-03-09;189000
14068;14068;2020-03-09;340000
14069;14069;2020-03-09;274000
14070;14070;2020-03-09;410000
14071;14071;2020-03-09;730500
14072;14072;2020-03-09;167000
14073;14073;2020-03-09;216100
14074;14074;2020-03-09;144000
14075;14075;2020-03-09;324900
14076;14076;2020-03-09;140000
14077;14077;2020-03-09;170000
14078;14078;2020-03-09;247600
14079;14079;2020-03-09;165000
14080;14080;2020-03-09;248200
14081;14081;2020-03-09;197200
14082;14082;2020-03-09;307000
14083;14083;2020-03-09;64900
14084;14084;2020-03-10;440000
14085;14085;2020-03-10;222450
14086;14086;2020-03-10;126000
14087;14087;2020-03-10;82500
14088;14088;2020-03-10;100789
14089;14089;2020-03-10;44000
14090;14090;2020-03-10;470000
14091;14091;2020-03-10;295000
14092;14092;2020-03-10;479000
14093;14093;2020-03-10;65500
14094;14094;2020-03-10;65000
14095;14095;2020-03-10;377600
14096;14096;2020-03-10;120200
14097;14097;2020-03-10;201000
14098;14098;2020-03-10;133000
14099;14099;2020-03-10;430000
14100;14100;2020-03-10;50000
14101;14101;2020-03-10;142000
14102;14102;2020-03-10;60000
14103;14103;2020-03-10;175511
14104;14104;2020-03-10;53500
14105;14105;2020-03-10;150620
14106;14106;2020-03-10;88740
14107;14107;2020-03-10;77000
14108;14108;2020-03-10;138000
14109;14109;2020-03-10;218000
14110;14110;2020-03-10;209000
14111;14111;2020-03-10;230000
14112;14112;2020-03-10;133080
14113;14113;2020-03-10;27000
14114;14114;2020-03-10;70000
14115;14115;2020-03-10;112000
14116;14116;2020-03-10;255000
14117;14117;2020-03-10;162500
14118;14118;2020-03-10;98190
14119;14119;2020-03-10;52000
14120;14120;2020-03-10;99000
14121;14121;2020-03-10;145000
14122;14122;2020-03-10;66000
14123;14123;2020-03-10;40000
14124;14124;2020-03-10;70000
14125;14125;2020-03-10;97000
14126;14126;2020-03-10;109000
14127;14127;2020-03-10;219500
14128;14128;2020-03-10;110000
14129;14129;2020-03-10;412650
14130;14130;2020-03-10;390600
14131;14131;2020-03-10;112000
14132;14132;2020-03-10;74000
14133;14133;2020-03-10;91500
14134;14134;2020-03-10;143000
14135;14135;2020-03-10;102200
14136;14136;2020-03-10;121000
14137;14137;2020-03-10;257795
14138;14138;2020-03-10;165000
14139;14139;2020-03-10;132500
14140;14140;2020-03-10;200000
14141;14141;2020-03-10;170050
14142;14142;2020-03-10;130000
14143;14143;2020-03-10;182500
14144;14144;2020-03-10;87600
14145;14145;2020-03-10;101000
14146;14146;2020-03-10;301000
14147;14147;2020-03-10;83999
14148;14148;2020-03-10;68000
14149;14149;2020-03-10;116704
14150;14150;2020-03-10;35000
14151;14151;2020-03-10;149000
14152;14152;2020-03-10;175750
14153;14153;2020-03-10;42000
14154;14154;2020-03-10;54200
14155;14155;2020-03-10;105000
14156;14156;2020-03-10;82800
14157;14157;2020-03-10;228000
14158;14158;2020-03-10;73500
14159;14159;2020-03-10;29000
14160;14160;2020-03-10;83800
14161;14161;2020-03-10;37140
14162;14162;2020-03-10;135000
14163;14163;2020-03-10;92998
14164;14164;2020-03-10;91000
14165;14165;2020-03-10;161694
14166;14166;2020-03-10;89000
14167;14167;2020-03-10;244700
14168;14168;2020-03-10;42000
14169;14169;2020-03-10;203000
14170;14170;2020-03-10;137000
14171;14171;2020-03-10;76460
14172;14172;2020-03-10;370000
14173;14173;2020-03-10;50000
14174;14174;2020-03-10;118000
14175;14175;2020-03-10;117500
14176;14176;2020-03-10;82000
14177;14177;2020-03-10;92500
14178;14178;2020-03-10;235100
14179;14179;2020-03-10;136000
14180;14180;2020-03-10;119300
14181;14181;2020-03-10;79000
14182;14182;2020-03-10;154000
14183;14183;2020-03-10;210150
14184;14184;2020-03-10;112000
14185;14185;2020-03-10;65000
14186;14186;2020-03-10;130130
14187;14187;2020-03-10;61240
14188;14188;2020-03-10;46500
14189;14189;2020-03-10;53750
14190;14190;2020-03-10;115000
14191;14191;2020-03-10;374200
14192;14192;2020-03-10;580000
14193;14193;2020-03-10;462600
14194;14194;2020-03-10;82500
14195;14195;2020-03-10;106000
14196;14196;2020-03-10;495000
14197;14197;2020-03-10;1265000
14198;14198;2020-03-10;743000
14199;14199;2020-03-10;1325000
14200;14200;2020-03-10;442308
14201;14201;2020-03-10;1180000
14202;14202;2020-03-10;626000
14203;14203;2020-03-10;94750
14204;14204;2020-03-10;348000
14205;14205;2020-03-10;810000
14206;14206;2020-03-10;224000
14207;14207;2020-03-10;840000
14208;14208;2020-03-10;435970
14209;14209;2020-03-10;120000
14210;14210;2020-03-10;1274000
14211;14211;2020-03-10;361000
14212;14212;2020-03-10;528000
14213;14213;2020-03-10;18000
14214;14214;2020-03-10;413293
14215;14215;2020-03-10;150200
14216;14216;2020-03-10;107100
14217;14217;2020-03-10;452380
14218;14218;2020-03-10;539700
14219;14219;2020-03-10;399993
14220;14220;2020-03-10;260000
14221;14221;2020-03-10;618000
14222;14222;2020-03-10;453500
14223;14223;2020-03-10;855010
14224;14224;2020-03-10;213500
14225;14225;2020-03-10;438000
14226;14226;2020-03-10;174500
14227;14227;2020-03-10;25000
14228;14228;2020-03-10;199000
14229;14229;2020-03-10;297000
14230;14230;2020-03-10;390000
14231;14231;2020-03-10;79000
14232;14232;2020-03-10;275000
14233;14233;2020-03-10;125000
14234;14234;2020-03-10;407000
14235;14235;2020-03-10;188500
14236;14236;2020-03-10;284000
14237;14237;2020-03-10;185700
14238;14238;2020-03-10;458250
14239;14239;2020-03-10;285000
14240;14240;2020-03-10;2000000
14241;14241;2020-03-10;204000
14242;14242;2020-03-10;186620
14243;14243;2020-03-10;339500
14244;14244;2020-03-10;122000
14245;14245;2020-03-10;177655
14246;14246;2020-03-10;80000
14247;14247;2020-03-10;115000
14248;14248;2020-03-10;170000
14249;14249;2020-03-10;194000
14250;14250;2020-03-10;42000
14251;14251;2020-03-10;141130
14252;14252;2020-03-10;169300
14253;14253;2020-03-10;133000
14254;14254;2020-03-10;230000
14255;14255;2020-03-10;449000
14256;14256;2020-03-10;255000
14257;14257;2020-03-10;145000
14258;14258;2020-03-10;203180
14259;14259;2020-03-10;71000
14260;14260;2020-03-10;101400
14261;14261;2020-03-10;46300
14262;14262;2020-03-10;13000
14263;14263;2020-03-10;86000
14264;14264;2020-03-10;59500
14265;14265;2020-03-10;81500
14266;14266;2020-03-10;87500
14267;14267;2020-03-10;133000
14268;14268;2020-03-10;164500
14269;14269;2020-03-10;194000
14270;14270;2020-03-10;34000
14271;14271;2020-03-10;179000
14272;14272;2020-03-10;68500
14273;14273;2020-03-10;212500
14274;14274;2020-03-10;113000
14275;14275;2020-03-10;93000
14276;14276;2020-03-10;175000
14277;14277;2020-03-10;140000
14278;14278;2020-03-10;127800
14279;14279;2020-03-10;219850
14280;14280;2020-03-10;244000
14281;14281;2020-03-10;385000
14282;14282;2020-03-10;205000
14283;14283;2020-03-10;1870971
14284;14284;2020-03-10;227000
14285;14285;2020-03-10;458000
14286;14286;2020-03-10;2839300
14287;14287;2020-03-10;662000
14288;14288;2020-03-10;474000
14289;14289;2020-03-10;349309
14290;14290;2020-03-10;144000
14291;14291;2020-03-10;655000
14292;14292;2020-03-10;92000
14293;14293;2020-03-10;211000
14294;14294;2020-03-10;239000
14295;14295;2020-03-10;322000
14296;14296;2020-03-10;656500
14297;14297;2020-03-10;167000
14298;14298;2020-03-10;198000
14299;14299;2020-03-10;121300
14300;14300;2020-03-10;205930
14301;14301;2020-03-10;125000
14302;14302;2020-03-10;212000
14303;14303;2020-03-10;345550
14304;14304;2020-03-10;305000
14305;14305;2020-03-10;465000
14306;14306;2020-03-10;468000
14307;14307;2020-03-10;215000
14308;14308;2020-03-10;110000
14309;14309;2020-03-10;385000
14310;14310;2020-03-10;128100
14311;14311;2020-03-10;343000
14312;14312;2020-03-10;607500
14313;14313;2020-03-10;205500
14314;14314;2020-03-10;136759
14315;14315;2020-03-10;205950
14316;14316;2020-03-10;112000
14317;14317;2020-03-10;80000
14318;14318;2020-03-11;181970
14319;14319;2020-03-11;43000
14320;14320;2020-03-11;229100
14321;14321;2020-03-11;510000
14322;14322;2020-03-11;110500
14323;14323;2020-03-11;486000
14324;14324;2020-03-11;216000
14325;14325;2020-03-11;335000
14326;14326;2020-03-11;43000
14327;14327;2020-03-11;200000
14328;14328;2020-03-11;489000
14329;14329;2020-03-11;207000
14330;14330;2020-03-11;70000
14331;14331;2020-03-11;148500
14332;14332;2020-03-11;86950
14333;14333;2020-03-11;234450
14334;14334;2020-03-11;228400
14335;14335;2020-03-11;186000
14336;14336;2020-03-11;180000
14337;14337;2020-03-11;216500
14338;14338;2020-03-11;35500
14339;14339;2020-03-11;60000
14340;14340;2020-03-11;91500
14341;14341;2020-03-11;75000
14342;14342;2020-03-11;49000
14343;14343;2020-03-11;156000
14344;14344;2020-03-11;425000
14345;14345;2020-03-11;240000
14346;14346;2020-03-11;100800
14347;14347;2020-03-11;90000
14348;14348;2020-03-11;45000
14349;14349;2020-03-11;223000
14350;14350;2020-03-11;70000
14351;14351;2020-03-11;86500
14352;14352;2020-03-11;147200
14353;14353;2020-03-11;154000
14354;14354;2020-03-11;87500
14355;14355;2020-03-11;134500
14356;14356;2020-03-11;225000
14357;14357;2020-03-11;310200
14358;14358;2020-03-11;82500
14359;14359;2020-03-11;202000
14360;14360;2020-03-11;136400
14361;14361;2020-03-11;85000
14362;14362;2020-03-11;106800
14363;14363;2020-03-11;235400
14364;14364;2020-03-11;555000
14365;14365;2020-03-11;58000
14366;14366;2020-03-11;243000
14367;14367;2020-03-11;221800
14368;14368;2020-03-11;180000
14369;14369;2020-03-11;108881
14370;14370;2020-03-11;84000
14371;14371;2020-03-11;197800
14372;14372;2020-03-11;192780
14373;14373;2020-03-11;358200
14374;14374;2020-03-11;82000
14375;14375;2020-03-11;102240
14376;14376;2020-03-11;118360
14377;14377;2020-03-11;103000
14378;14378;2020-03-11;68870
14379;14379;2020-03-11;294000
14380;14380;2020-03-11;111350
14381;14381;2020-03-11;168900
14382;14382;2020-03-11;136500
14383;14383;2020-03-11;91260
14384;14384;2020-03-11;84900
14385;14385;2020-03-11;107000
14386;14386;2020-03-11;170900
14387;14387;2020-03-11;55980
14388;14388;2020-03-11;367800
14389;14389;2020-03-11;112000
14390;14390;2020-03-11;76000
14391;14391;2020-03-11;104500
14392;14392;2020-03-11;89500
14393;14393;2020-03-11;59000
14394;14394;2020-03-11;177500
14395;14395;2020-03-11;127500
14396;14396;2020-03-11;93363
14397;14397;2020-03-11;177000
14398;14398;2020-03-11;299000
14399;14399;2020-03-11;578000
14400;14400;2020-03-11;27010
14401;14401;2020-03-11;572300
14402;14402;2020-03-11;99400
14403;14403;2020-03-11;87000
14404;14404;2020-03-11;201500
14405;14405;2020-03-11;165000
14406;14406;2020-03-11;118710
14407;14407;2020-03-11;45000
14408;14408;2020-03-11;85850
14409;14409;2020-03-11;63000
14410;14410;2020-03-11;110000
14411;14411;2020-03-11;117700
14412;14412;2020-03-11;151020
14413;14413;2020-03-11;48000
14414;14414;2020-03-11;83000
14415;14415;2020-03-11;59000
14416;14416;2020-03-11;85430
14417;14417;2020-03-11;121700
14418;14418;2020-03-11;176490
14419;14419;2020-03-11;41000
14420;14420;2020-03-11;135100
14421;14421;2020-03-11;38000
14422;14422;2020-03-11;177000
14423;14423;2020-03-11;70000
14424;14424;2020-03-11;72000
14425;14425;2020-03-11;116000
14426;14426;2020-03-11;38000
14427;14427;2020-03-11;98000
14428;14428;2020-03-11;147000
14429;14429;2020-03-11;140000
14430;14430;2020-03-11;158000
14431;14431;2020-03-11;288000
14432;14432;2020-03-11;50000
14433;14433;2020-03-11;88000
14434;14434;2020-03-11;183300
14435;14435;2020-03-11;76100
14436;14436;2020-03-11;325000
14437;14437;2020-03-11;98000
14438;14438;2020-03-11;172300
14439;14439;2020-03-11;114000
14440;14440;2020-03-11;106000
14441;14441;2020-03-11;165000
14442;14442;2020-03-11;137000
14443;14443;2020-03-11;107000
14444;14444;2020-03-11;94000
14445;14445;2020-03-11;236000
14446;14446;2020-03-11;589350
14447;14447;2020-03-11;218000
14448;14448;2020-03-11;451000
14449;14449;2020-03-11;670000
14450;14450;2020-03-11;284000
14451;14451;2020-03-11;156250
14452;14452;2020-03-11;125000
14453;14453;2020-03-11;572000
14454;14454;2020-03-11;231000
14455;14455;2020-03-11;427500
14456;14456;2020-03-11;200000
14457;14457;2020-03-11;623000
14458;14458;2020-03-11;2800000
14459;14459;2020-03-11;212500
14460;14460;2020-03-11;1400000
14461;14461;2020-03-11;98000
14462;14462;2020-03-11;178600
14463;14463;2020-03-11;128040
14464;14464;2020-03-11;485000
14465;14465;2020-03-11;165000
14466;14466;2020-03-11;317333
14467;14467;2020-03-11;1070000
14468;14468;2020-03-11;960000
14469;14469;2020-03-11;507800
14470;14470;2020-03-11;3800000
14471;14471;2020-03-11;716000
14472;14472;2020-03-11;472400
14473;14473;2020-03-11;1298800
14474;14474;2020-03-11;606030
14475;14475;2020-03-11;623700
14476;14476;2020-03-11;1790000
14477;14477;2020-03-11;273335
14478;14478;2020-03-11;650050
14479;14479;2020-03-11;1247000
14480;14480;2020-03-11;157692
14481;14481;2020-03-11;124500
14482;14482;2020-03-11;191000
14483;14483;2020-03-11;205200
14484;14484;2020-03-11;232000
14485;14485;2020-03-11;575000
14486;14486;2020-03-11;189060
14487;14487;2020-03-11;398050
14488;14488;2020-03-11;124050
14489;14489;2020-03-11;170000
14490;14490;2020-03-11;95000
14491;14491;2020-03-11;93500
14492;14492;2020-03-11;85000
14493;14493;2020-03-11;100850
14494;14494;2020-03-11;182000
14495;14495;2020-03-11;105000
14496;14496;2020-03-11;117000
14497;14497;2020-03-11;99000
14498;14498;2020-03-11;71800
14499;14499;2020-03-11;235000
14500;14500;2020-03-11;209950
14501;14501;2020-03-11;153600
14502;14502;2020-03-11;244000
14503;14503;2020-03-11;99500
14504;14504;2020-03-11;139500
14505;14505;2020-03-11;233900
14506;14506;2020-03-11;122500
14507;14507;2020-03-11;156500
14508;14508;2020-03-11;165900
14509;14509;2020-03-11;150150
14510;14510;2020-03-11;185000
14511;14511;2020-03-11;214150
14512;14512;2020-03-11;141000
14513;14513;2020-03-11;121500
14514;14514;2020-03-11;68000
14515;14515;2020-03-11;115000
14516;14516;2020-03-11;335000
14517;14517;2020-03-11;96740
14518;14518;2020-03-11;73000
14519;14519;2020-03-11;90000
14520;14520;2020-03-11;153150
14521;14521;2020-03-11;368300
14522;14522;2020-03-11;105000
14523;14523;2020-03-11;100000
14524;14524;2020-03-11;343000
14525;14525;2020-03-11;137000
14526;14526;2020-03-11;225000
14527;14527;2020-03-11;105000
14528;14528;2020-03-11;122500
14529;14529;2020-03-11;166000
14530;14530;2020-03-11;139000
14531;14531;2020-03-11;178000
14532;14532;2020-03-11;131000
14533;14533;2020-03-11;79000
14534;14534;2020-03-11;149200
14535;14535;2020-03-11;152300
14536;14536;2020-03-11;136000
14537;14537;2020-03-11;278000
14538;14538;2020-03-11;284000
14539;14539;2020-03-11;310000
14540;14540;2020-03-11;630000
14541;14541;2020-03-11;278900
14542;14542;2020-03-11;248000
14543;14543;2020-03-11;406000
14544;14544;2020-03-11;595000
14545;14545;2020-03-11;235000
14546;14546;2020-03-11;149000
14547;14547;2020-03-11;159140
14548;14548;2020-03-11;115000
14549;14549;2020-03-11;400000
14550;14550;2020-03-11;192000
14551;14551;2020-03-11;401680
14552;14552;2020-03-11;155000
14553;14553;2020-03-11;89684
14554;14554;2020-03-11;106000
14555;14555;2020-03-11;235000
14556;14556;2020-03-11;166000
14557;14557;2020-03-11;200000
14558;14558;2020-03-11;142000
14559;14559;2020-03-11;215000
14560;14560;2020-03-11;310000
14561;14561;2020-03-11;218050
14562;14562;2020-03-11;192000
14563;14563;2020-03-11;239000
14564;14564;2020-03-11;10000
14565;14565;2020-03-11;211000
14566;14566;2020-03-11;255410
14567;14567;2020-03-11;229030
14568;14568;2020-03-11;800000
14569;14569;2020-03-11;418000
14570;14570;2020-03-11;256900
14571;14571;2020-03-11;376500
14572;14572;2020-03-11;257750
14573;14573;2020-03-11;355000
14574;14574;2020-03-11;147000
14575;14575;2020-03-11;307000
14576;14576;2020-03-11;195000
14577;14577;2020-03-11;138000
14578;14578;2020-03-11;120000
14579;14579;2020-03-11;163000
14580;14580;2020-03-11;85000
14581;14581;2020-03-11;225000
14582;14582;2020-03-11;118225
14583;14583;2020-03-12;266960
14584;14584;2020-03-12;93000
14585;14585;2020-03-12;157000
14586;14586;2020-03-12;273000
14587;14587;2020-03-12;459000
14588;14588;2020-03-12;185000
14589;14589;2020-03-12;100000
14590;14590;2020-03-12;162500
14591;14591;2020-03-12;78850
14592;14592;2020-03-12;77020
14593;14593;2020-03-12;268000
14594;14594;2020-03-12;65000
14595;14595;2020-03-12;125000
14596;14596;2020-03-12;312500
14597;14597;2020-03-12;39000
14598;14598;2020-03-12;36000
14599;14599;2020-03-12;86000
14600;14600;2020-03-12;139000
14601;14601;2020-03-12;170000
14602;14602;2020-03-12;142000
14603;14603;2020-03-12;80000
14604;14604;2020-03-12;126500
14605;14605;2020-03-12;45000
14606;14606;2020-03-12;280000
14607;14607;2020-03-12;55100
14608;14608;2020-03-12;67000
14609;14609;2020-03-12;625000
14610;14610;2020-03-12;35000
14611;14611;2020-03-12;85000
14612;14612;2020-03-12;160000
14613;14613;2020-03-12;190000
14614;14614;2020-03-12;97000
14615;14615;2020-03-12;138000
14616;14616;2020-03-12;142590
14617;14617;2020-03-12;80000
14618;14618;2020-03-12;38000
14619;14619;2020-03-12;27000
14620;14620;2020-03-12;124900
14621;14621;2020-03-12;70000
14622;14622;2020-03-12;100000
14623;14623;2020-03-12;72500
14624;14624;2020-03-12;118000
14625;14625;2020-03-12;140000
14626;14626;2020-03-12;40000
14627;14627;2020-03-12;39500
14628;14628;2020-03-12;81000
14629;14629;2020-03-12;64000
14630;14630;2020-03-12;180000
14631;14631;2020-03-12;94500
14632;14632;2020-03-12;95000
14633;14633;2020-03-12;54500
14634;14634;2020-03-12;29790
14635;14635;2020-03-12;60377
14636;14636;2020-03-12;166500
14637;14637;2020-03-12;164951
14638;14638;2020-03-12;349900
14639;14639;2020-03-12;188591
14640;14640;2020-03-12;66000
14641;14641;2020-03-12;86311
14642;14642;2020-03-12;135000
14643;14643;2020-03-12;25500
14644;14644;2020-03-12;143400
14645;14645;2020-03-12;105925
14646;14646;2020-03-12;277000
14647;14647;2020-03-12;87500
14648;14648;2020-03-12;91200
14649;14649;2020-03-12;98000
14650;14650;2020-03-12;195000
14651;14651;2020-03-12;126500
14652;14652;2020-03-12;90500
14653;14653;2020-03-12;210000
14654;14654;2020-03-12;87000
14655;14655;2020-03-12;62500
14656;14656;2020-03-12;109000
14657;14657;2020-03-12;265000
14658;14658;2020-03-12;231566
14659;14659;2020-03-12;141550
14660;14660;2020-03-12;116000
14661;14661;2020-03-12;73000
14662;14662;2020-03-12;73500
14663;14663;2020-03-12;15750
14664;14664;2020-03-12;81500
14665;14665;2020-03-12;109025
14666;14666;2020-03-12;235000
14667;14667;2020-03-12;121200
14668;14668;2020-03-12;135459
14669;14669;2020-03-12;117450
14670;14670;2020-03-12;60000
14671;14671;2020-03-12;153100
14672;14672;2020-03-12;48000
14673;14673;2020-03-12;112500
14674;14674;2020-03-12;118345
14675;14675;2020-03-12;166100
14676;14676;2020-03-12;213000
14677;14677;2020-03-12;93000
14678;14678;2020-03-12;111089
14679;14679;2020-03-12;92500
14680;14680;2020-03-12;35000
14681;14681;2020-03-12;90000
14682;14682;2020-03-12;104300
14683;14683;2020-03-12;117143
14684;14684;2020-03-12;166250
14685;14685;2020-03-12;160000
14686;14686;2020-03-12;140000
14687;14687;2020-03-12;120000
14688;14688;2020-03-12;88660
14689;14689;2020-03-12;111000
14690;14690;2020-03-12;153500
14691;14691;2020-03-12;58000
14692;14692;2020-03-12;115000
14693;14693;2020-03-12;68000
14694;14694;2020-03-12;126000
14695;14695;2020-03-12;139090
14696;14696;2020-03-12;218000
14697;14697;2020-03-12;615000
14698;14698;2020-03-12;76000
14699;14699;2020-03-12;56416
14700;14700;2020-03-12;67000
14701;14701;2020-03-12;109000
14702;14702;2020-03-12;96400
14703;14703;2020-03-12;96200
14704;14704;2020-03-12;84000
14705;14705;2020-03-12;220000
14706;14706;2020-03-12;215000
14707;14707;2020-03-12;415000
14708;14708;2020-03-12;138300
14709;14709;2020-03-12;191000
14710;14710;2020-03-12;68850
14711;14711;2020-03-12;92800
14712;14712;2020-03-12;330000
14713;14713;2020-03-12;185950
14714;14714;2020-03-12;90000
14715;14715;2020-03-12;665000
14716;14716;2020-03-12;870000
14717;14717;2020-03-12;820000
14718;14718;2020-03-12;330000
14719;14719;2020-03-12;545000
14720;14720;2020-03-12;570000
14721;14721;2020-03-12;1050000
14722;14722;2020-03-12;190000
14723;14723;2020-03-12;4000000
14724;14724;2020-03-12;3275000
14725;14725;2020-03-12;225000
14726;14726;2020-03-12;270000
14727;14727;2020-03-12;401800
14728;14728;2020-03-12;333000
14729;14729;2020-03-12;367260
14730;14730;2020-03-12;322000
14731;14731;2020-03-12;335000
14732;14732;2020-03-12;1107000
14733;14733;2020-03-12;1307760
14734;14734;2020-03-12;422000
14735;14735;2020-03-12;540000
14736;14736;2020-03-12;163000
14737;14737;2020-03-12;706000
14738;14738;2020-03-12;770000
14739;14739;2020-03-12;619000
14740;14740;2020-03-12;380000
14741;14741;2020-03-12;517500
14742;14742;2020-03-12;1840000
14743;14743;2020-03-12;390000
14744;14744;2020-03-12;201000
14745;14745;2020-03-12;367000
14746;14746;2020-03-12;612850
14747;14747;2020-03-12;384000
14748;14748;2020-03-12;429500
14749;14749;2020-03-12;242000
14750;14750;2020-03-12;233000
14751;14751;2020-03-12;595000
14752;14752;2020-03-12;614000
14753;14753;2020-03-12;524750
14754;14754;2020-03-12;2020000
14755;14755;2020-03-12;707250
14756;14756;2020-03-12;577150
14757;14757;2020-03-12;406000
14758;14758;2020-03-12;539000
14759;14759;2020-03-12;290000
14760;14760;2020-03-12;1850000
14761;14761;2020-03-12;224700
14762;14762;2020-03-12;117500
14763;14763;2020-03-12;209750
14764;14764;2020-03-12;296000
14765;14765;2020-03-12;345880
14766;14766;2020-03-12;140000
14767;14767;2020-03-12;248000
14768;14768;2020-03-12;155000
14769;14769;2020-03-12;180000
14770;14770;2020-03-12;235000
14771;14771;2020-03-12;50000
14772;14772;2020-03-12;126300
14773;14773;2020-03-12;100000
14774;14774;2020-03-12;70000
14775;14775;2020-03-12;172500
14776;14776;2020-03-12;505000
14777;14777;2020-03-12;147400
14778;14778;2020-03-12;317900
14779;14779;2020-03-12;174000
14780;14780;2020-03-12;157000
14781;14781;2020-03-12;94927
14782;14782;2020-03-12;78000
14783;14783;2020-03-12;235000
14784;14784;2020-03-12;310000
14785;14785;2020-03-12;162000
14786;14786;2020-03-12;67000
14787;14787;2020-03-12;198000
14788;14788;2020-03-12;116000
14789;14789;2020-03-12;125800
14790;14790;2020-03-12;89500
14791;14791;2020-03-12;113980
14792;14792;2020-03-12;96000
14793;14793;2020-03-12;132700
14794;14794;2020-03-12;293000
14795;14795;2020-03-12;100000
14796;14796;2020-03-12;187500
14797;14797;2020-03-12;47000
14798;14798;2020-03-12;90553
14799;14799;2020-03-12;92500
14800;14800;2020-03-12;121000
14801;14801;2020-03-12;57200
14802;14802;2020-03-12;70600
14803;14803;2020-03-12;99300
14804;14804;2020-03-12;109000
14805;14805;2020-03-12;158000
14806;14806;2020-03-12;90500
14807;14807;2020-03-12;153112
14808;14808;2020-03-12;179000
14809;14809;2020-03-12;108000
14810;14810;2020-03-12;157000
14811;14811;2020-03-12;180000
14812;14812;2020-03-12;155000
14813;14813;2020-03-12;243390
14814;14814;2020-03-12;179300
14815;14815;2020-03-12;320000
14816;14816;2020-03-12;738000
14817;14817;2020-03-12;210000
14818;14818;2020-03-12;264850
14819;14819;2020-03-12;213000
14820;14820;2020-03-12;210000
14821;14821;2020-03-12;263000
14822;14822;2020-03-12;346000
14823;14823;2020-03-12;125000
14824;14824;2020-03-12;514950
14825;14825;2020-03-12;530000
14826;14826;2020-03-12;190000
14827;14827;2020-03-12;262000
14828;14828;2020-03-12;230000
14829;14829;2020-03-12;303000
14830;14830;2020-03-12;618000
14831;14831;2020-03-12;170000
14832;14832;2020-03-12;380000
14833;14833;2020-03-12;120000
14834;14834;2020-03-12;2250000
14835;14835;2020-03-12;237250
14836;14836;2020-03-12;266500
14837;14837;2020-03-12;529004
14838;14838;2020-03-12;108000
14839;14839;2020-03-12;80500
14840;14840;2020-03-12;120000
14841;14841;2020-03-12;547900
14842;14842;2020-03-12;234000
14843;14843;2020-03-12;142500
14844;14844;2020-03-12;268000
14845;14845;2020-03-12;381000
14846;14846;2020-03-12;69000
14847;14847;2020-03-12;285000
14848;14848;2020-03-12;94000
14849;14849;2020-03-12;243000
14850;14850;2020-03-12;219000
14851;14851;2020-03-12;298800
14852;14852;2020-03-12;145000
14853;14853;2020-03-12;238000
14854;14854;2020-03-12;331000
14855;14855;2020-03-12;565650
14856;14856;2020-03-12;193000
14857;14857;2020-03-12;393000
14858;14858;2020-03-12;244000
14859;14859;2020-03-12;231500
14860;14860;2020-03-12;85000
14861;14861;2020-03-12;209933
14862;14862;2020-03-12;145700
14863;14863;2020-03-12;565000
14864;14864;2020-03-12;169000
14865;14865;2020-03-12;173000
14866;14866;2020-03-12;96000
14867;14867;2020-03-12;159000
14868;14868;2020-03-12;190000
14869;14869;2020-03-12;116800
14870;14870;2020-03-12;248000
14871;14871;2020-03-12;193000
14872;14872;2020-03-12;172000
14873;14873;2020-03-12;203000
14874;14874;2020-03-12;90000
14875;14875;2020-03-12;125000
14876;14876;2020-03-12;141500
14877;14877;2020-03-12;193000
14878;14878;2020-03-12;152000
14879;14879;2020-03-12;249710
14880;14880;2020-03-13;232000
14881;14881;2020-03-13;90000
14882;14882;2020-03-13;173000
14883;14883;2020-03-13;155000
14884;14884;2020-03-13;142718
14885;14885;2020-03-13;355730
14886;14886;2020-03-13;98000
14887;14887;2020-03-13;350000
14888;14888;2020-03-13;105000
14889;14889;2020-03-13;227500
14890;14890;2020-03-13;189500
14891;14891;2020-03-13;60500
14892;14892;2020-03-13;191271
14893;14893;2020-03-13;64000
14894;14894;2020-03-13;71800
14895;14895;2020-03-13;78000
14896;14896;2020-03-13;85158
14897;14897;2020-03-13;44000
14898;14898;2020-03-13;290000
14899;14899;2020-03-13;610000
14900;14900;2020-03-13;34000
14901;14901;2020-03-13;113000
14902;14902;2020-03-13;115000
14903;14903;2020-03-13;61500
14904;14904;2020-03-13;137000
14905;14905;2020-03-13;299000
14906;14906;2020-03-13;76000
14907;14907;2020-03-13;88500
14908;14908;2020-03-13;155000
14909;14909;2020-03-13;405800
14910;14910;2020-03-13;140000
14911;14911;2020-03-13;497000
14912;14912;2020-03-13;260000
14913;14913;2020-03-13;417000
14914;14914;2020-03-13;157900
14915;14915;2020-03-13;195000
14916;14916;2020-03-13;188000
14917;14917;2020-03-13;87000
14918;14918;2020-03-13;178650
14919;14919;2020-03-13;175500
14920;14920;2020-03-13;65000
14921;14921;2020-03-13;63000
14922;14922;2020-03-13;59800
14923;14923;2020-03-13;255000
14924;14924;2020-03-13;360000
14925;14925;2020-03-13;70676
14926;14926;2020-03-13;45000
14927;14927;2020-03-13;285000
14928;14928;2020-03-13;146000
14929;14929;2020-03-13;123600
14930;14930;2020-03-13;89770
14931;14931;2020-03-13;258000
14932;14932;2020-03-13;97000
14933;14933;2020-03-13;120000
14934;14934;2020-03-13;123500
14935;14935;2020-03-13;160000
14936;14936;2020-03-13;171200
14937;14937;2020-03-13;435300
14938;14938;2020-03-13;133180
14939;14939;2020-03-13;117000
14940;14940;2020-03-13;97600
14941;14941;2020-03-13;302000
14942;14942;2020-03-13;256000
14943;14943;2020-03-13;50000
14944;14944;2020-03-13;149430
14945;14945;2020-03-13;83500
14946;14946;2020-03-13;830000
14947;14947;2020-03-13;147000
14948;14948;2020-03-13;73000
14949;14949;2020-03-13;345000
14950;14950;2020-03-13;168000
14951;14951;2020-03-13;104950
14952;14952;2020-03-13;118808
14953;14953;2020-03-13;139070
14954;14954;2020-03-13;43000
14955;14955;2020-03-13;118000
14956;14956;2020-03-13;153350
14957;14957;2020-03-13;139000
14958;14958;2020-03-13;47000
14959;14959;2020-03-13;59100
14960;14960;2020-03-13;305000
14961;14961;2020-03-13;167000
14962;14962;2020-03-13;290100
14963;14963;2020-03-13;153400
14964;14964;2020-03-13;76000
14965;14965;2020-03-13;272000
14966;14966;2020-03-13;28000
14967;14967;2020-03-13;35000
14968;14968;2020-03-13;22000
14969;14969;2020-03-13;70000
14970;14970;2020-03-13;65000
14971;14971;2020-03-13;86000
14972;14972;2020-03-13;131620
14973;14973;2020-03-13;154500
14974;14974;2020-03-13;29000
14975;14975;2020-03-13;155000
14976;14976;2020-03-13;53000
14977;14977;2020-03-13;82353
14978;14978;2020-03-13;126500
14979;14979;2020-03-13;50000
14980;14980;2020-03-13;220000
14981;14981;2020-03-13;70000
14982;14982;2020-03-13;144600
14983;14983;2020-03-13;107750
14984;14984;2020-03-13;112200
14985;14985;2020-03-13;180500
14986;14986;2020-03-13;94300
14987;14987;2020-03-13;56000
14988;14988;2020-03-13;65300
14989;14989;2020-03-13;91000
14990;14990;2020-03-13;67000
14991;14991;2020-03-13;65500
14992;14992;2020-03-13;59290
14993;14993;2020-03-13;97000
14994;14994;2020-03-13;94000
14995;14995;2020-03-13;65500
14996;14996;2020-03-13;69500
14997;14997;2020-03-13;142000
14998;14998;2020-03-13;120000
14999;14999;2020-03-13;72000
15000;15000;2020-03-13;126500
15001;15001;2020-03-13;61000
15002;15002;2020-03-13;91000
15003;15003;2020-03-13;40000
15004;15004;2020-03-13;80000
15005;15005;2020-03-13;127000
15006;15006;2020-03-13;42300
15007;15007;2020-03-13;145000
15008;15008;2020-03-13;107400
15009;15009;2020-03-13;34300
15010;15010;2020-03-13;60000
15011;15011;2020-03-13;83600
15012;15012;2020-03-13;28630
15013;15013;2020-03-13;39000
15014;15014;2020-03-13;98000
15015;15015;2020-03-13;162000
15016;15016;2020-03-13;463150
15017;15017;2020-03-13;149200
15018;15018;2020-03-13;174000
15019;15019;2020-03-13;29000
15020;15020;2020-03-13;74700
15021;15021;2020-03-13;253000
15022;15022;2020-03-13;582810
15023;15023;2020-03-13;545800
15024;15024;2020-03-13;1600000
15025;15025;2020-03-13;325100
15026;15026;2020-03-13;167700
15027;15027;2020-03-13;90000
15028;15028;2020-03-13;52000
15029;15029;2020-03-13;101700
15030;15030;2020-03-13;244550
15031;15031;2020-03-13;1420000
15032;15032;2020-03-13;260000
15033;15033;2020-03-13;1575000
15034;15034;2020-03-13;590000
15035;15035;2020-03-13;345000
15036;15036;2020-03-13;160000
15037;15037;2020-03-13;2670275
15038;15038;2020-03-13;1685800
15039;15039;2020-03-13;315000
15040;15040;2020-03-13;173000
15041;15041;2020-03-13;415425
15042;15042;2020-03-13;434850
15043;15043;2020-03-13;483225
15044;15044;2020-03-13;251532
15045;15045;2020-03-13;394000
15046;15046;2020-03-13;622950
15047;15047;2020-03-13;124000
15048;15048;2020-03-13;377250
15049;15049;2020-03-13;454800
15050;15050;2020-03-13;1040000
15051;15051;2020-03-13;185000
15052;15052;2020-03-13;895000
15053;15053;2020-03-13;1194610
15054;15054;2020-03-13;413000
15055;15055;2020-03-13;382520
15056;15056;2020-03-13;460000
15057;15057;2020-03-13;510000
15058;15058;2020-03-13;216000
15059;15059;2020-03-13;705550
15060;15060;2020-03-13;530500
15061;15061;2020-03-13;719320
15062;15062;2020-03-13;369000
15063;15063;2020-03-13;652570
15064;15064;2020-03-13;684850
15065;15065;2020-03-13;279400
15066;15066;2020-03-13;842500
15067;15067;2020-03-13;432278
15068;15068;2020-03-13;786500
15069;15069;2020-03-13;1237000
15070;15070;2020-03-13;602000
15071;15071;2020-03-13;312000
15072;15072;2020-03-13;741488
15073;15073;2020-03-13;333200
15074;15074;2020-03-13;128000
15075;15075;2020-03-13;592500
15076;15076;2020-03-13;292500
15077;15077;2020-03-13;138890
15078;15078;2020-03-13;193596
15079;15079;2020-03-13;847650
15080;15080;2020-03-13;656000
15081;15081;2020-03-13;448689
15082;15082;2020-03-13;145000
15083;15083;2020-03-13;185000
15084;15084;2020-03-13;187000
15085;15085;2020-03-13;180000
15086;15086;2020-03-13;125000
15087;15087;2020-03-13;267000
15088;15088;2020-03-13;127000
15089;15089;2020-03-13;288000
15090;15090;2020-03-13;145000
15091;15091;2020-03-13;196250
15092;15092;2020-03-13;124007
15093;15093;2020-03-13;158000
15094;15094;2020-03-13;95000
15095;15095;2020-03-13;95000
15096;15096;2020-03-13;194000
15097;15097;2020-03-13;120000
15098;15098;2020-03-13;389600
15099;15099;2020-03-13;270000
15100;15100;2020-03-13;200000
15101;15101;2020-03-13;205000
15102;15102;2020-03-13;292000
15103;15103;2020-03-13;625000
15104;15104;2020-03-13;152700
15105;15105;2020-03-13;277500
15106;15106;2020-03-13;553050
15107;15107;2020-03-13;262000
15108;15108;2020-03-13;132000
15109;15109;2020-03-13;389000
15110;15110;2020-03-13;304500
15111;15111;2020-03-13;571250
15112;15112;2020-03-13;173500
15113;15113;2020-03-13;97000
15114;15114;2020-03-13;106114
15115;15115;2020-03-13;184500
15116;15116;2020-03-13;347500
15117;15117;2020-03-13;90000
15118;15118;2020-03-13;177500
15119;15119;2020-03-13;200000
15120;15120;2020-03-13;290000
15121;15121;2020-03-13;168500
15122;15122;2020-03-13;29000
15123;15123;2020-03-13;74500
15124;15124;2020-03-13;64300
15125;15125;2020-03-13;333000
15126;15126;2020-03-13;194672
15127;15127;2020-03-13;82500
15128;15128;2020-03-13;128800
15129;15129;2020-03-13;215000
15130;15130;2020-03-13;195000
15131;15131;2020-03-13;173500
15132;15132;2020-03-13;342000
15133;15133;2020-03-13;400000
15134;15134;2020-03-13;598400
15135;15135;2020-03-13;87000
15136;15136;2020-03-13;122000
15137;15137;2020-03-13;204000
15138;15138;2020-03-13;61500
15139;15139;2020-03-13;120000
15140;15140;2020-03-13;138000
15141;15141;2020-03-13;75000
15142;15142;2020-03-13;130000
15143;15143;2020-03-13;87500
15144;15144;2020-03-13;228000
15145;15145;2020-03-13;59500
15146;15146;2020-03-13;95000
15147;15147;2020-03-13;55000
15148;15148;2020-03-13;170000
15149;15149;2020-03-13;100000
15150;15150;2020-03-13;265000
15151;15151;2020-03-13;130530
15152;15152;2020-03-13;210000
15153;15153;2020-03-13;337300
15154;15154;2020-03-13;173000
15155;15155;2020-03-13;111110
15156;15156;2020-03-13;128500
15157;15157;2020-03-13;177250
15158;15158;2020-03-13;130097
15159;15159;2020-03-13;130000
15160;15160;2020-03-13;166700
15161;15161;2020-03-13;252000
15162;15162;2020-03-13;77500
15163;15163;2020-03-13;116000
15164;15164;2020-03-13;317600
15165;15165;2020-03-13;409000
15166;15166;2020-03-13;294000
15167;15167;2020-03-13;194500
15168;15168;2020-03-13;308500
15169;15169;2020-03-13;615950
15170;15170;2020-03-13;420500
15171;15171;2020-03-13;331000
15172;15172;2020-03-13;460000
15173;15173;2020-03-13;807450
15174;15174;2020-03-13;770000
15175;15175;2020-03-13;370350
15176;15176;2020-03-13;366140
15177;15177;2020-03-13;545000
15178;15178;2020-03-13;666200
15179;15179;2020-03-13;526598
15180;15180;2020-03-13;390600
15181;15181;2020-03-13;242400
15182;15182;2020-03-13;260000
15183;15183;2020-03-13;158000
15184;15184;2020-03-13;420000
15185;15185;2020-03-13;300000
15186;15186;2020-03-13;193000
15187;15187;2020-03-13;45000
15188;15188;2020-03-13;50000
15189;15189;2020-03-13;405000
15190;15190;2020-03-13;278000
15191;15191;2020-03-13;118000
15192;15192;2020-03-13;65000
15193;15193;2020-03-13;355000
15194;15194;2020-03-13;178715
15195;15195;2020-03-13;208000
15196;15196;2020-03-13;239700
15197;15197;2020-03-13;315000
15198;15198;2020-03-13;204000
15199;15199;2020-03-13;146000
15200;15200;2020-03-13;232000
15201;15201;2020-03-13;286000
15202;15202;2020-03-13;314000
15203;15203;2020-03-13;190000
15204;15204;2020-03-13;114060
15205;15205;2020-03-13;433000
15206;15206;2020-03-13;387000
15207;15207;2020-03-13;228220
15208;15208;2020-03-13;203000
15209;15209;2020-03-13;590500
15210;15210;2020-03-13;118000
15211;15211;2020-03-13;180000
15212;15212;2020-03-13;345000
15213;15213;2020-03-13;290000
15214;15214;2020-03-13;325000
15215;15215;2020-03-13;424000
15216;15216;2020-03-13;325300
15217;15217;2020-03-13;473700
15218;15218;2020-03-13;273500
15219;15219;2020-03-13;158000
15220;15220;2020-03-13;266100
15221;15221;2020-03-13;175000
15222;15222;2020-03-13;160450
15223;15223;2020-03-13;249000
15224;15224;2020-03-13;107000
15225;15225;2020-03-13;132000
15226;15226;2020-03-13;143000
15227;15227;2020-03-13;163500
15228;15228;2020-03-13;91000
15229;15229;2020-03-13;175650
15230;15230;2020-03-13;122000
15231;15231;2020-03-14;120000
15232;15232;2020-03-14;65000
15233;15233;2020-03-14;261800
15234;15234;2020-03-14;162000
15235;15235;2020-03-14;96000
15236;15236;2020-03-14;137700
15237;15237;2020-03-14;94000
15238;15238;2020-03-14;119000
15239;15239;2020-03-14;33000
15240;15240;2020-03-14;97000
15241;15241;2020-03-14;76000
15242;15242;2020-03-14;225800
15243;15243;2020-03-14;53000
15244;15244;2020-03-14;85000
15245;15245;2020-03-14;133050
15246;15246;2020-03-14;90000
15247;15247;2020-03-14;72500
15248;15248;2020-03-14;28000
15249;15249;2020-03-14;20700
15250;15250;2020-03-14;146460
15251;15251;2020-03-14;150000
15252;15252;2020-03-14;107000
15253;15253;2020-03-14;169000
15254;15254;2020-03-14;100000
15255;15255;2020-03-14;252700
15256;15256;2020-03-14;141670
15257;15257;2020-03-14;239700
15258;15258;2020-03-14;160000
15259;15259;2020-03-16;147500
15260;15260;2020-03-16;60000
15261;15261;2020-03-16;131500
15262;15262;2020-03-16;182000
15263;15263;2020-03-16;16300
15264;15264;2020-03-16;135000
15265;15265;2020-03-16;113000
15266;15266;2020-03-16;225000
15267;15267;2020-03-16;269000
15268;15268;2020-03-16;287000
15269;15269;2020-03-16;102500
15270;15270;2020-03-16;150000
15271;15271;2020-03-16;114000
15272;15272;2020-03-16;230000
15273;15273;2020-03-16;138000
15274;15274;2020-03-16;153000
15275;15275;2020-03-16;32000
15276;15276;2020-03-16;119550
15277;15277;2020-03-16;335300
15278;15278;2020-03-16;245600
15279;15279;2020-03-16;299250
15280;15280;2020-03-16;657000
15281;15281;2020-03-16;900000
15282;15282;2020-03-16;353000
15283;15283;2020-03-16;122000
15284;15284;2020-03-16;151270
15285;15285;2020-03-16;1250000
15286;15286;2020-03-16;200000
15287;15287;2020-03-16;52470
15288;15288;2020-03-16;164000
15289;15289;2020-03-16;185000
15290;15290;2020-03-16;88000
15291;15291;2020-03-16;208650
15292;15292;2020-03-16;188000
15293;15293;2020-03-16;110000
15294;15294;2020-03-16;135000
15295;15295;2020-03-16;142000
15296;15296;2020-03-16;252600
15297;15297;2020-03-16;180000
15298;15298;2020-03-16;50000
15299;15299;2020-03-16;155000
15300;15300;2020-03-16;144450
15301;15301;2020-03-16;74000
15302;15302;2020-03-16;29500
15303;15303;2020-03-16;95000
15304;15304;2020-03-16;164000
15305;15305;2020-03-16;106542
15306;15306;2020-03-16;131100
15307;15307;2020-03-16;42000
15308;15308;2020-03-16;85000
15309;15309;2020-03-16;111630
15310;15310;2020-03-16;298000
15311;15311;2020-03-16;159500
15312;15312;2020-03-16;89000
15313;15313;2020-03-16;159000
15314;15314;2020-03-16;320000
15315;15315;2020-03-16;30000
15316;15316;2020-03-16;53000
15317;15317;2020-03-16;107400
15318;15318;2020-03-16;126660
15319;15319;2020-03-16;128000
15320;15320;2020-03-16;72000
15321;15321;2020-03-16;47000
15322;15322;2020-03-16;65400
15323;15323;2020-03-16;66000
15324;15324;2020-03-16;76400
15325;15325;2020-03-16;460000
15326;15326;2020-03-16;76700
15327;15327;2020-03-16;100000
15328;15328;2020-03-16;252000
15329;15329;2020-03-16;154300
15330;15330;2020-03-16;277500
15331;15331;2020-03-16;245000
15332;15332;2020-03-16;88000
15333;15333;2020-03-16;188400
15334;15334;2020-03-16;145370
15335;15335;2020-03-16;153000
15336;15336;2020-03-16;147000
15337;15337;2020-03-16;94000
15338;15338;2020-03-16;169600
15339;15339;2020-03-16;177500
15340;15340;2020-03-16;299600
15341;15341;2020-03-16;62300
15342;15342;2020-03-16;66000
15343;15343;2020-03-16;232750
15344;15344;2020-03-16;187000
15345;15345;2020-03-16;147300
15346;15346;2020-03-16;146000
15347;15347;2020-03-16;271000
15348;15348;2020-03-16;115520
15349;15349;2020-03-16;185000
15350;15350;2020-03-16;167300
15351;15351;2020-03-16;126475
15352;15352;2020-03-16;283800
15353;15353;2020-03-16;24000
15354;15354;2020-03-16;98000
15355;15355;2020-03-16;251790
15356;15356;2020-03-16;55000
15357;15357;2020-03-16;77500
15358;15358;2020-03-16;65000
15359;15359;2020-03-16;173000
15360;15360;2020-03-16;40500
15361;15361;2020-03-16;177800
15362;15362;2020-03-16;560000
15363;15363;2020-03-16;69471
15364;15364;2020-03-16;96800
15365;15365;2020-03-16;120000
15366;15366;2020-03-16;71560
15367;15367;2020-03-16;62000
15368;15368;2020-03-16;92000
15369;15369;2020-03-16;81500
15370;15370;2020-03-16;290000
15371;15371;2020-03-16;132370
15372;15372;2020-03-16;35000
15373;15373;2020-03-16;57000
15374;15374;2020-03-16;75000
15375;15375;2020-03-16;157500
15376;15376;2020-03-16;64000
15377;15377;2020-03-16;111400
15378;15378;2020-03-16;175000
15379;15379;2020-03-16;88360
15380;15380;2020-03-16;112000
15381;15381;2020-03-16;215500
15382;15382;2020-03-16;84000
15383;15383;2020-03-16;368000
15384;15384;2020-03-16;269500
15385;15385;2020-03-16;343000
15386;15386;2020-03-16;158000
15387;15387;2020-03-16;90500
15388;15388;2020-03-16;286800
15389;15389;2020-03-16;180000
15390;15390;2020-03-16;80000
15391;15391;2020-03-16;164000
15392;15392;2020-03-16;79000
15393;15393;2020-03-16;97000
15394;15394;2020-03-16;49500
15395;15395;2020-03-16;125000
15396;15396;2020-03-16;242500
15397;15397;2020-03-16;169000
15398;15398;2020-03-16;550000
15399;15399;2020-03-16;66900
15400;15400;2020-03-16;85000
15401;15401;2020-03-16;75000
15402;15402;2020-03-16;162000
15403;15403;2020-03-16;68000
15404;15404;2020-03-16;396650
15405;15405;2020-03-16;270800
15406;15406;2020-03-16;485300
15407;15407;2020-03-16;245500
15408;15408;2020-03-16;432870
15409;15409;2020-03-16;190000
15410;15410;2020-03-16;180000
15411;15411;2020-03-16;631780
15412;15412;2020-03-16;426045
15413;15413;2020-03-16;259740
15414;15414;2020-03-16;213500
15415;15415;2020-03-16;126000
15416;15416;2020-03-16;473000
15417;15417;2020-03-16;173000
15418;15418;2020-03-16;99640
15419;15419;2020-03-16;60000
15420;15420;2020-03-16;47000
15421;15421;2020-03-16;99000
15422;15422;2020-03-16;106250
15423;15423;2020-03-16;154780
15424;15424;2020-03-16;413750
15425;15425;2020-03-16;205300
15426;15426;2020-03-16;572115
15427;15427;2020-03-16;640000
15428;15428;2020-03-16;1444100
15429;15429;2020-03-16;3800000
15430;15430;2020-03-16;2000000
15431;15431;2020-03-16;630000
15432;15432;2020-03-16;320000
15433;15433;2020-03-16;395000
15434;15434;2020-03-16;1144150
15435;15435;2020-03-16;128250
15436;15436;2020-03-16;493650
15437;15437;2020-03-16;492500
15438;15438;2020-03-16;1291300
15439;15439;2020-03-16;442666
15440;15440;2020-03-16;1500000
15441;15441;2020-03-16;859000
15442;15442;2020-03-16;475000
15443;15443;2020-03-16;435000
15444;15444;2020-03-16;805000
15445;15445;2020-03-16;923350
15446;15446;2020-03-16;373400
15447;15447;2020-03-16;138000
15448;15448;2020-03-16;333000
15449;15449;2020-03-16;272000
15450;15450;2020-03-16;333500
15451;15451;2020-03-16;425300
15452;15452;2020-03-16;1372800
15453;15453;2020-03-16;371400
15454;15454;2020-03-16;392025
15455;15455;2020-03-16;259000
15456;15456;2020-03-16;1264500
15457;15457;2020-03-16;1252420
15458;15458;2020-03-16;285000
15459;15459;2020-03-16;247400
15460;15460;2020-03-16;516450
15461;15461;2020-03-16;3600000
15462;15462;2020-03-16;1908930
15463;15463;2020-03-16;391500
15464;15464;2020-03-16;441500
15465;15465;2020-03-16;448780
15466;15466;2020-03-16;170000
15467;15467;2020-03-16;70300
15468;15468;2020-03-16;530000
15469;15469;2020-03-16;364000
15470;15470;2020-03-16;398145
15471;15471;2020-03-16;264500
15472;15472;2020-03-16;87600
15473;15473;2020-03-16;28400
15474;15474;2020-03-16;71000
15475;15475;2020-03-16;238000
15476;15476;2020-03-16;282000
15477;15477;2020-03-16;390400
15478;15478;2020-03-16;74500
15479;15479;2020-03-16;155000
15480;15480;2020-03-16;118000
15481;15481;2020-03-16;120000
15482;15482;2020-03-16;122000
15483;15483;2020-03-16;125000
15484;15484;2020-03-16;125000
15485;15485;2020-03-16;160000
15486;15486;2020-03-16;230000
15487;15487;2020-03-16;130000
15488;15488;2020-03-16;125990
15489;15489;2020-03-16;175000
15490;15490;2020-03-16;129000
15491;15491;2020-03-16;235200
15492;15492;2020-03-16;561250
15493;15493;2020-03-16;280000
15494;15494;2020-03-16;167792
15495;15495;2020-03-16;160000
15496;15496;2020-03-16;94500
15497;15497;2020-03-16;95400
15498;15498;2020-03-16;150000
15499;15499;2020-03-16;173200
15500;15500;2020-03-16;348720
15501;15501;2020-03-16;498000
15502;15502;2020-03-16;388300
15503;15503;2020-03-16;184000
15504;15504;2020-03-16;153000
15505;15505;2020-03-16;155700
15506;15506;2020-03-16;278410
15507;15507;2020-03-16;179050
15508;15508;2020-03-16;116320
15509;15509;2020-03-16;269000
15510;15510;2020-03-16;276685
15511;15511;2020-03-16;181000
15512;15512;2020-03-16;141575
15513;15513;2020-03-16;243300
15514;15514;2020-03-16;92651
15515;15515;2020-03-16;174000
15516;15516;2020-03-16;75500
15517;15517;2020-03-16;41000
15518;15518;2020-03-16;81200
15519;15519;2020-03-16;156000
15520;15520;2020-03-16;159000
15521;15521;2020-03-16;247010
15522;15522;2020-03-16;212000
15523;15523;2020-03-16;190000
15524;15524;2020-03-16;92900
15525;15525;2020-03-16;171000
15526;15526;2020-03-16;226600
15527;15527;2020-03-16;190000
15528;15528;2020-03-16;165000
15529;15529;2020-03-16;89500
15530;15530;2020-03-16;282500
15531;15531;2020-03-16;223467
15532;15532;2020-03-16;190000
15533;15533;2020-03-16;350000
15534;15534;2020-03-16;135000
15535;15535;2020-03-16;312750
15536;15536;2020-03-16;168000
15537;15537;2020-03-16;376000
15538;15538;2020-03-16;520000
15539;15539;2020-03-16;177000
15540;15540;2020-03-16;132000
15541;15541;2020-03-16;368800
15542;15542;2020-03-16;280000
15543;15543;2020-03-16;330000
15544;15544;2020-03-16;141800
15545;15545;2020-03-16;895000
15546;15546;2020-03-16;231500
15547;15547;2020-03-16;242500
15548;15548;2020-03-16;724950
15549;15549;2020-03-16;328000
15550;15550;2020-03-16;53360
15551;15551;2020-03-16;65380
15552;15552;2020-03-16;248000
15553;15553;2020-03-16;55000
15554;15554;2020-03-16;318950
15555;15555;2020-03-16;395000
15556;15556;2020-03-16;221900
15557;15557;2020-03-16;174000
15558;15558;2020-03-16;303000
15559;15559;2020-03-16;935000
15560;15560;2020-03-16;100000
15561;15561;2020-03-16;159000
15562;15562;2020-03-16;516750
15563;15563;2020-03-16;175610
15564;15564;2020-03-16;184000
15565;15565;2020-03-16;169000
15566;15566;2020-03-16;481900
15567;15567;2020-03-16;535000
15568;15568;2020-03-16;132000
15569;15569;2020-03-16;305500
15570;15570;2020-03-16;325500
15571;15571;2020-03-16;76000
15572;15572;2020-03-16;307000
15573;15573;2020-03-16;99900
15574;15574;2020-03-17;93585
15575;15575;2020-03-17;164000
15576;15576;2020-03-17;108254
15577;15577;2020-03-17;332000
15578;15578;2020-03-17;117000
15579;15579;2020-03-17;243000
15580;15580;2020-03-17;151000
15581;15581;2020-03-17;263000
15582;15582;2020-03-17;718626
15583;15583;2020-03-17;308200
15584;15584;2020-03-17;208000
15585;15585;2020-03-17;285000
15586;15586;2020-03-17;116000
15587;15587;2020-03-17;139000
15588;15588;2020-03-17;100000
15589;15589;2020-03-17;146348
15590;15590;2020-03-17;151799
15591;15591;2020-03-17;98500
15592;15592;2020-03-17;108000
15593;15593;2020-03-17;87400
15594;15594;2020-03-17;75000
15595;15595;2020-03-17;368980
15596;15596;2020-03-17;307000
15597;15597;2020-03-17;270000
15598;15598;2020-03-17;116190
15599;15599;2020-03-17;341400
15600;15600;2020-03-17;127000
15601;15601;2020-03-17;67000
15602;15602;2020-03-17;146110
15603;15603;2020-03-17;155000
15604;15604;2020-03-17;140000
15605;15605;2020-03-17;214400
15606;15606;2020-03-17;150844
15607;15607;2020-03-17;83000
15608;15608;2020-03-17;475000
15609;15609;2020-03-17;310000
15610;15610;2020-03-17;112000
15611;15611;2020-03-17;92000
15612;15612;2020-03-17;147000
15613;15613;2020-03-17;68820
15614;15614;2020-03-17;102000
15615;15615;2020-03-17;141000
15616;15616;2020-03-17;145000
15617;15617;2020-03-17;244150
15618;15618;2020-03-17;270000
15619;15619;2020-03-17;302350
15620;15620;2020-03-17;69310
15621;15621;2020-03-17;97750
15622;15622;2020-03-17;126500
15623;15623;2020-03-17;32000
15624;15624;2020-03-17;330000
15625;15625;2020-03-17;106560
15626;15626;2020-03-17;275930
15627;15627;2020-03-17;235510
15628;15628;2020-03-17;138788
15629;15629;2020-03-17;200961
15630;15630;2020-03-17;145000
15631;15631;2020-03-17;218926
15632;15632;2020-03-17;148000
15633;15633;2020-03-17;107000
15634;15634;2020-03-17;102400
15635;15635;2020-03-17;185373
15636;15636;2020-03-17;163000
15637;15637;2020-03-17;97350
15638;15638;2020-03-17;250820
15639;15639;2020-03-17;77000
15640;15640;2020-03-17;217500
15641;15641;2020-03-17;122000
15642;15642;2020-03-17;161550
15643;15643;2020-03-17;75000
15644;15644;2020-03-17;158900
15645;15645;2020-03-17;205000
15646;15646;2020-03-17;508000
15647;15647;2020-03-17;95348
15648;15648;2020-03-17;80000
15649;15649;2020-03-17;52000
15650;15650;2020-03-17;143000
15651;15651;2020-03-17;107500
15652;15652;2020-03-17;97000
15653;15653;2020-03-17;24500
15654;15654;2020-03-17;90000
15655;15655;2020-03-17;147000
15656;15656;2020-03-17;117500
15657;15657;2020-03-17;72000
15658;15658;2020-03-17;410000
15659;15659;2020-03-17;27000
15660;15660;2020-03-17;178000
15661;15661;2020-03-17;92000
15662;15662;2020-03-17;146000
15663;15663;2020-03-17;147000
15664;15664;2020-03-17;120000
15665;15665;2020-03-17;158900
15666;15666;2020-03-17;158000
15667;15667;2020-03-17;42000
15668;15668;2020-03-17;65000
15669;15669;2020-03-17;69000
15670;15670;2020-03-17;148400
15671;15671;2020-03-17;108000
15672;15672;2020-03-17;192000
15673;15673;2020-03-17;55000
15674;15674;2020-03-17;148300
15675;15675;2020-03-17;94100
15676;15676;2020-03-17;218500
15677;15677;2020-03-17;320000
15678;15678;2020-03-17;480000
15679;15679;2020-03-17;269500
15680;15680;2020-03-17;239000
15681;15681;2020-03-17;380000
15682;15682;2020-03-17;323000
15683;15683;2020-03-17;110500
15684;15684;2020-03-17;148000
15685;15685;2020-03-17;229000
15686;15686;2020-03-17;530000
15687;15687;2020-03-17;247000
15688;15688;2020-03-17;1171875
15689;15689;2020-03-17;820000
15690;15690;2020-03-17;305000
15691;15691;2020-03-17;470000
15692;15692;2020-03-17;232000
15693;15693;2020-03-17;355000
15694;15694;2020-03-17;2664618
15695;15695;2020-03-17;167130
15696;15696;2020-03-17;783600
15697;15697;2020-03-17;945000
15698;15698;2020-03-17;774000
15699;15699;2020-03-17;749100
15700;15700;2020-03-17;524000
15701;15701;2020-03-17;465200
15702;15702;2020-03-17;525000
15703;15703;2020-03-17;243300
15704;15704;2020-03-17;170000
15705;15705;2020-03-17;378800
15706;15706;2020-03-17;450590
15707;15707;2020-03-17;785000
15708;15708;2020-03-17;348206
15709;15709;2020-03-17;183000
15710;15710;2020-03-17;157000
15711;15711;2020-03-17;200000
15712;15712;2020-03-17;176000
15713;15713;2020-03-17;194000
15714;15714;2020-03-17;164000
15715;15715;2020-03-17;200320
15716;15716;2020-03-17;132000
15717;15717;2020-03-17;223000
15718;15718;2020-03-17;140000
15719;15719;2020-03-17;223500
15720;15720;2020-03-17;250000
15721;15721;2020-03-17;127500
15722;15722;2020-03-17;280000
15723;15723;2020-03-17;290500
15724;15724;2020-03-17;154000
15725;15725;2020-03-17;197500
15726;15726;2020-03-17;582000
15727;15727;2020-03-17;320000
15728;15728;2020-03-17;113000
15729;15729;2020-03-17;200075
15730;15730;2020-03-17;120000
15731;15731;2020-03-17;55000
15732;15732;2020-03-17;224300
15733;15733;2020-03-17;400000
15734;15734;2020-03-17;98000
15735;15735;2020-03-17;91000
15736;15736;2020-03-17;207000
15737;15737;2020-03-17;278000
15738;15738;2020-03-17;55000
15739;15739;2020-03-17;285000
15740;15740;2020-03-17;147000
15741;15741;2020-03-17;110000
15742;15742;2020-03-17;107500
15743;15743;2020-03-17;164100
15744;15744;2020-03-17;170000
15745;15745;2020-03-17;60000
15746;15746;2020-03-17;112000
15747;15747;2020-03-17;220000
15748;15748;2020-03-17;318000
15749;15749;2020-03-17;374680
15750;15750;2020-03-17;148541
15751;15751;2020-03-17;386000
15752;15752;2020-03-17;271100
15753;15753;2020-03-17;264000
15754;15754;2020-03-17;210000
15755;15755;2020-03-17;90000
15756;15756;2020-03-17;312350
15757;15757;2020-03-17;750500
15758;15758;2020-03-17;160000
15759;15759;2020-03-17;238000
15760;15760;2020-03-17;1450000
15761;15761;2020-03-17;413500
15762;15762;2020-03-17;148000
15763;15763;2020-03-17;477300
15764;15764;2020-03-17;151000
15765;15765;2020-03-17;490000
15766;15766;2020-03-17;154500
15767;15767;2020-03-17;260000
15768;15768;2020-03-17;864030
15769;15769;2020-03-17;153000
15770;15770;2020-03-17;176000
15771;15771;2020-03-17;145000
15772;15772;2020-03-17;484719
15773;15773;2020-03-17;318700
15774;15774;2020-03-17;366000
15775;15775;2020-03-17;175000
15776;15776;2020-03-17;475000
15777;15777;2020-03-17;277000
15778;15778;2020-03-17;83000
15779;15779;2020-03-17;110000
15780;15780;2020-03-17;125000
15781;15781;2020-03-17;53000
15782;15782;2020-03-17;213000
15783;15783;2020-03-17;133000
15784;15784;2020-03-17;195300
15785;15785;2020-03-17;179000
15786;15786;2020-03-17;221000
15787;15787;2020-03-18;247000
15788;15788;2020-03-18;46890
15789;15789;2020-03-18;87000
15790;15790;2020-03-18;120000
15791;15791;2020-03-18;103000
15792;15792;2020-03-18;160000
15793;15793;2020-03-18;80000
15794;15794;2020-03-18;180000
15795;15795;2020-03-18;68000
15796;15796;2020-03-18;104101
15797;15797;2020-03-18;263000
15798;15798;2020-03-18;52000
15799;15799;2020-03-18;52000
15800;15800;2020-03-18;300000
15801;15801;2020-03-18;73100
15802;15802;2020-03-18;112000
15803;15803;2020-03-18;115000
15804;15804;2020-03-18;168000
15805;15805;2020-03-18;202000
15806;15806;2020-03-18;158603
15807;15807;2020-03-18;159000
15808;15808;2020-03-18;127125
15809;15809;2020-03-18;52700
15810;15810;2020-03-18;250000
15811;15811;2020-03-18;140000
15812;15812;2020-03-18;143000
15813;15813;2020-03-18;131500
15814;15814;2020-03-18;99100
15815;15815;2020-03-18;171800
15816;15816;2020-03-18;119000
15817;15817;2020-03-18;54000
15818;15818;2020-03-18;45000
15819;15819;2020-03-18;187000
15820;15820;2020-03-18;165000
15821;15821;2020-03-18;210000
15822;15822;2020-03-18;1880000
15823;15823;2020-03-18;760000
15824;15824;2020-03-18;583944
15825;15825;2020-03-18;268000
15826;15826;2020-03-18;1595000
15827;15827;2020-03-18;986860
15828;15828;2020-03-18;182450
15829;15829;2020-03-18;470000
15830;15830;2020-03-18;198000
15831;15831;2020-03-18;752950
15832;15832;2020-03-18;396000
15833;15833;2020-03-18;389000
15834;15834;2020-03-18;279000
15835;15835;2020-03-18;268000
15836;15836;2020-03-18;97000
15837;15837;2020-03-18;87000
15838;15838;2020-03-18;116000
15839;15839;2020-03-18;155750
15840;15840;2020-03-18;327000
15841;15841;2020-03-18;223200
15842;15842;2020-03-18;83500
15843;15843;2020-03-18;154891
15844;15844;2020-03-18;89550
15845;15845;2020-03-18;304400
15846;15846;2020-03-18;103000
15847;15847;2020-03-18;1486750
15848;15848;2020-03-18;385000
15849;15849;2020-03-18;190000
15850;15850;2020-03-18;126850
15851;15851;2020-03-18;250000
15852;15852;2020-03-18;199000
15853;15853;2020-03-18;174900
15854;15854;2020-03-18;139000
15855;15855;2020-03-18;323000
15856;15856;2020-03-18;151100
15857;15857;2020-03-18;151000
15858;15858;2020-03-18;348000
15859;15859;2020-03-18;70000
15860;15860;2020-03-18;400000
15861;15861;2020-03-18;146000
15862;15862;2020-03-18;150500
15863;15863;2020-03-19;70000
15864;15864;2020-03-19;98000
15865;15865;2020-03-19;358000
15866;15866;2020-03-19;330000
15867;15867;2020-03-19;310000
15868;15868;2020-03-19;480000
15869;15869;2020-03-19;80990
15870;15870;2020-03-19;310000
15871;15871;2020-03-19;98000
15872;15872;2020-03-19;60000
15873;15873;2020-03-19;300000
15874;15874;2020-03-19;79900
15875;15875;2020-03-19;101600
15876;15876;2020-03-19;294000
15877;15877;2020-03-19;90000
15878;15878;2020-03-19;396155
15879;15879;2020-03-19;48000
15880;15880;2020-03-19;290000
15881;15881;2020-03-19;136560
15882;15882;2020-03-19;292700
15883;15883;2020-03-19;110000
15884;15884;2020-03-19;49970
15885;15885;2020-03-19;57000
15886;15886;2020-03-19;194000
15887;15887;2020-03-19;81000
15888;15888;2020-03-19;133568
15889;15889;2020-03-19;25000
15890;15890;2020-03-19;46000
15891;15891;2020-03-19;140160
15892;15892;2020-03-19;192500
15893;15893;2020-03-19;92880
15894;15894;2020-03-19;269900
15895;15895;2020-03-19;41000
15896;15896;2020-03-19;150000
15897;15897;2020-03-19;171151
15898;15898;2020-03-19;102000
15899;15899;2020-03-19;155000
15900;15900;2020-03-19;131800
15901;15901;2020-03-19;53300
15902;15902;2020-03-19;94000
15903;15903;2020-03-19;556500
15904;15904;2020-03-19;148500
15905;15905;2020-03-19;415097
15906;15906;2020-03-19;1150000
15907;15907;2020-03-19;403870
15908;15908;2020-03-19;387000
15909;15909;2020-03-19;455000
15910;15910;2020-03-19;330000
15911;15911;2020-03-19;185000
15912;15912;2020-03-19;820000
15913;15913;2020-03-19;1380000
15914;15914;2020-03-19;2195000
15915;15915;2020-03-19;143518
15916;15916;2020-03-19;875000
15917;15917;2020-03-19;297825
15918;15918;2020-03-19;565217
15919;15919;2020-03-19;216100
15920;15920;2020-03-19;180500
15921;15921;2020-03-19;298000
15922;15922;2020-03-19;341500
15923;15923;2020-03-19;125500
15924;15924;2020-03-19;158000
15925;15925;2020-03-19;139000
15926;15926;2020-03-19;140368
15927;15927;2020-03-19;129000
15928;15928;2020-03-19;88200
15929;15929;2020-03-19;210450
15930;15930;2020-03-19;264000
15931;15931;2020-03-19;228850
15932;15932;2020-03-19;260000
15933;15933;2020-03-19;99000
15934;15934;2020-03-19;170400
15935;15935;2020-03-19;128000
15936;15936;2020-03-19;193780
15937;15937;2020-03-19;154000
15938;15938;2020-03-19;246000
15939;15939;2020-03-19;307000
15940;15940;2020-03-19;222600
15941;15941;2020-03-19;212000
15942;15942;2020-03-19;169500
15943;15943;2020-03-19;292100
15944;15944;2020-03-19;165000
15945;15945;2020-03-19;251000
15946;15946;2020-03-19;702000
15947;15947;2020-03-19;650000
15948;15948;2020-03-19;115000
15949;15949;2020-03-19;99000
15950;15950;2020-03-19;354000
15951;15951;2020-03-19;350000
15952;15952;2020-03-19;201054
15953;15953;2020-03-19;455185
15954;15954;2020-03-19;263750
15955;15955;2020-03-19;256606
15956;15956;2020-03-19;88000
15957;15957;2020-03-19;163000
15958;15958;2020-03-19;101600
15959;15959;2020-03-20;262500
15960;15960;2020-03-20;77000
15961;15961;2020-03-20;161000
15962;15962;2020-03-20;265000
15963;15963;2020-03-20;166070
15964;15964;2020-03-20;404070
15965;15965;2020-03-20;723000
15966;15966;2020-03-20;159000
15967;15967;2020-03-20;205000
15968;15968;2020-03-20;300000
15969;15969;2020-03-20;325000
15970;15970;2020-03-20;54500
15971;15971;2020-03-20;52725
15972;15972;2020-03-20;114000
15973;15973;2020-03-20;83000
15974;15974;2020-03-20;546475
15975;15975;2020-03-20;614730
15976;15976;2020-03-20;90000
15977;15977;2020-03-20;75000
15978;15978;2020-03-20;380000
15979;15979;2020-03-20;72000
15980;15980;2020-03-20;45000
15981;15981;2020-03-20;160000
15982;15982;2020-03-20;143500
15983;15983;2020-03-20;73000
15984;15984;2020-03-20;34000
15985;15985;2020-03-20;127000
15986;15986;2020-03-20;117600
15987;15987;2020-03-20;208700
15988;15988;2020-03-20;119970
15989;15989;2020-03-20;120000
15990;15990;2020-03-20;175000
15991;15991;2020-03-20;55110
15992;15992;2020-03-20;77685
15993;15993;2020-03-20;211000
15994;15994;2020-03-20;79500
15995;15995;2020-03-20;200850
15996;15996;2020-03-20;32034
15997;15997;2020-03-20;142000
15998;15998;2020-03-20;283412
15999;15999;2020-03-20;220500
16000;16000;2020-03-20;197550
16001;16001;2020-03-20;131618
16002;16002;2020-03-20;84750
16003;16003;2020-03-20;172000
16004;16004;2020-03-20;5000
16005;16005;2020-03-20;99000
16006;16006;2020-03-20;269370
16007;16007;2020-03-20;92700
16008;16008;2020-03-20;72600
16009;16009;2020-03-20;69000
16010;16010;2020-03-20;76500
16011;16011;2020-03-20;62600
16012;16012;2020-03-20;128500
16013;16013;2020-03-20;75510
16014;16014;2020-03-20;318000
16015;16015;2020-03-20;90000
16016;16016;2020-03-20;37500
16017;16017;2020-03-20;113500
16018;16018;2020-03-20;83000
16019;16019;2020-03-20;121200
16020;16020;2020-03-20;149500
16021;16021;2020-03-20;110500
16022;16022;2020-03-20;85645
16023;16023;2020-03-20;85900
16024;16024;2020-03-20;102500
16025;16025;2020-03-20;36500
16026;16026;2020-03-20;52500
16027;16027;2020-03-20;141550
16028;16028;2020-03-20;288200
16029;16029;2020-03-20;176610
16030;16030;2020-03-20;79400
16031;16031;2020-03-20;227000
16032;16032;2020-03-20;48070
16033;16033;2020-03-20;335000
16034;16034;2020-03-20;244800
16035;16035;2020-03-20;472220
16036;16036;2020-03-20;500000
16037;16037;2020-03-20;510500
16038;16038;2020-03-20;585000
16039;16039;2020-03-20;342000
16040;16040;2020-03-20;238000
16041;16041;2020-03-20;515000
16042;16042;2020-03-20;380000
16043;16043;2020-03-20;110000
16044;16044;2020-03-20;372000
16045;16045;2020-03-20;365000
16046;16046;2020-03-20;214000
16047;16047;2020-03-20;2205882
16048;16048;2020-03-20;138000
16049;16049;2020-03-20;1310500
16050;16050;2020-03-20;488000
16051;16051;2020-03-20;339000
16052;16052;2020-03-20;409690
16053;16053;2020-03-20;293000
16054;16054;2020-03-20;911920
16055;16055;2020-03-20;290000
16056;16056;2020-03-20;499700
16057;16057;2020-03-20;590000
16058;16058;2020-03-20;580500
16059;16059;2020-03-20;575000
16060;16060;2020-03-20;339271
16061;16061;2020-03-20;650000
16062;16062;2020-03-20;652000
16063;16063;2020-03-20;58500
16064;16064;2020-03-20;399000
16065;16065;2020-03-20;70000
16066;16066;2020-03-20;208000
16067;16067;2020-03-20;93000
16068;16068;2020-03-20;271620
16069;16069;2020-03-20;193000
16070;16070;2020-03-20;263500
16071;16071;2020-03-20;228000
16072;16072;2020-03-20;474230
16073;16073;2020-03-20;227000
16074;16074;2020-03-20;345000
16075;16075;2020-03-20;106400
16076;16076;2020-03-20;153470
16077;16077;2020-03-20;152000
16078;16078;2020-03-20;112500
16079;16079;2020-03-20;41000
16080;16080;2020-03-20;111650
16081;16081;2020-03-20;36000
16082;16082;2020-03-20;187000
16083;16083;2020-03-20;138720
16084;16084;2020-03-20;127100
16085;16085;2020-03-20;216000
16086;16086;2020-03-20;162200
16087;16087;2020-03-20;402000
16088;16088;2020-03-20;358000
16089;16089;2020-03-20;343820
16090;16090;2020-03-20;394350
16091;16091;2020-03-20;390000
16092;16092;2020-03-20;129050
16093;16093;2020-03-20;267335
16094;16094;2020-03-20;200000
16095;16095;2020-03-20;680000
16096;16096;2020-03-20;328000
16097;16097;2020-03-20;262000
16098;16098;2020-03-20;302000
16099;16099;2020-03-20;422000
16100;16100;2020-03-20;160300
16101;16101;2020-03-20;540000
16102;16102;2020-03-20;154000
16103;16103;2020-03-20;220000
16104;16104;2020-03-20;354000
16105;16105;2020-03-20;157500
16106;16106;2020-03-20;176000
16107;16107;2020-03-20;269000
16108;16108;2020-03-20;319000
16109;16109;2020-03-20;216950
16110;16110;2020-03-20;168700
16111;16111;2020-03-20;163200
16112;16112;2020-03-20;100000
16113;16113;2020-03-20;233000
16114;16114;2020-03-20;181000
16115;16115;2020-03-20;245000
16116;16116;2020-03-21;100000
16117;16117;2020-03-21;74000
16118;16118;2020-03-21;110000
16119;16119;2020-03-21;128000
16120;16120;2020-03-21;128000
16121;16121;2020-03-23;239000
16122;16122;2020-03-23;240000
16123;16123;2020-03-23;72500
16124;16124;2020-03-23;304015
16125;16125;2020-03-23;240000
16126;16126;2020-03-23;51000
16127;16127;2020-03-23;51300
16128;16128;2020-03-23;42500
16129;16129;2020-03-23;58000
16130;16130;2020-03-23;51300
16131;16131;2020-03-23;183500
16132;16132;2020-03-23;122000
16133;16133;2020-03-23;147000
16134;16134;2020-03-23;213165
16135;16135;2020-03-23;60000
16136;16136;2020-03-23;158110
16137;16137;2020-03-23;275000
16138;16138;2020-03-23;257000
16139;16139;2020-03-23;280000
16140;16140;2020-03-23;318000
16141;16141;2020-03-23;45000
16142;16142;2020-03-23;140000
16143;16143;2020-03-23;196760
16144;16144;2020-03-23;56000
16145;16145;2020-03-23;225800
16146;16146;2020-03-23;163230
16147;16147;2020-03-23;201029
16148;16148;2020-03-23;255000
16149;16149;2020-03-23;472000
16150;16150;2020-03-23;441000
16151;16151;2020-03-23;298000
16152;16152;2020-03-23;685000
16153;16153;2020-03-23;1025000
16154;16154;2020-03-23;342170
16155;16155;2020-03-23;375000
16156;16156;2020-03-23;156900
16157;16157;2020-03-23;383820
16158;16158;2020-03-23;115000
16159;16159;2020-03-23;243900
16160;16160;2020-03-23;130000
16161;16161;2020-03-23;96000
16162;16162;2020-03-23;632500
16163;16163;2020-03-23;201000
16164;16164;2020-03-23;167000
16165;16165;2020-03-23;258000
16166;16166;2020-03-23;112000
16167;16167;2020-03-23;172000
16168;16168;2020-03-23;129000
16169;16169;2020-03-23;153000
16170;16170;2020-03-23;77500
16171;16171;2020-03-23;210600
16172;16172;2020-03-23;53000
16173;16173;2020-03-23;75000
16174;16174;2020-03-23;190000
16175;16175;2020-03-23;235000
16176;16176;2020-03-23;156500
16177;16177;2020-03-23;131447
16178;16178;2020-03-23;268200
16179;16179;2020-03-23;92000
16180;16180;2020-03-23;95000
16181;16181;2020-03-23;65000
16182;16182;2020-03-23;162000
16183;16183;2020-03-23;130000
16184;16184;2020-03-23;102000
16185;16185;2020-03-24;399400
16186;16186;2020-03-24;102000
16187;16187;2020-03-24;125000
16188;16188;2020-03-24;80000
16189;16189;2020-03-24;131800
16190;16190;2020-03-24;96000
16191;16191;2020-03-24;47000
16192;16192;2020-03-24;61500
16193;16193;2020-03-24;128000
16194;16194;2020-03-24;128000
16195;16195;2020-03-24;162000
16196;16196;2020-03-24;125660
16197;16197;2020-03-24;207000
16198;16198;2020-03-24;58000
16199;16199;2020-03-24;136200
16200;16200;2020-03-24;138100
16201;16201;2020-03-24;203100
16202;16202;2020-03-24;70000
16203;16203;2020-03-24;83000
16204;16204;2020-03-24;134500
16205;16205;2020-03-24;148500
16206;16206;2020-03-24;191828
16207;16207;2020-03-24;89900
16208;16208;2020-03-24;190000
16209;16209;2020-03-24;509920
16210;16210;2020-03-24;88900
16211;16211;2020-03-24;364347
16212;16212;2020-03-24;110000
16213;16213;2020-03-24;225600
16214;16214;2020-03-24;5500000
16215;16215;2020-03-24;665000
16216;16216;2020-03-24;752700
16217;16217;2020-03-24;239176
16218;16218;2020-03-24;560000
16219;16219;2020-03-24;521250
16220;16220;2020-03-24;2920700
16221;16221;2020-03-24;153000
16222;16222;2020-03-24;1000000
16223;16223;2020-03-24;409000
16224;16224;2020-03-24;935700
16225;16225;2020-03-24;100000
16226;16226;2020-03-24;100000
16227;16227;2020-03-24;488350
16228;16228;2020-03-24;285000
16229;16229;2020-03-24;226600
16230;16230;2020-03-24;147500
16231;16231;2020-03-24;80000
16232;16232;2020-03-24;45223
16233;16233;2020-03-24;235000
16234;16234;2020-03-24;330000
16235;16235;2020-03-24;186000
16236;16236;2020-03-24;232000
16237;16237;2020-03-24;478300
16238;16238;2020-03-24;194200
16239;16239;2020-03-24;396700
16240;16240;2020-03-24;1158016
16241;16241;2020-03-24;242000
16242;16242;2020-03-24;195000
16243;16243;2020-03-24;230000
16244;16244;2020-03-25;132300
16245;16245;2020-03-25;62000
16246;16246;2020-03-25;112880
16247;16247;2020-03-25;147360
16248;16248;2020-03-25;139000
16249;16249;2020-03-25;105700
16250;16250;2020-03-25;154500
16251;16251;2020-03-25;47000
16252;16252;2020-03-25;105600
16253;16253;2020-03-25;123500
16254;16254;2020-03-25;70000
16255;16255;2020-03-25;179820
16256;16256;2020-03-25;95000
16257;16257;2020-03-25;160000
16258;16258;2020-03-25;125500
16259;16259;2020-03-25;69200
16260;16260;2020-03-25;147000
16261;16261;2020-03-25;32000
16262;16262;2020-03-25;125000
16263;16263;2020-03-25;210000
16264;16264;2020-03-25;43800
16265;16265;2020-03-25;176915
16266;16266;2020-03-25;340000
16267;16267;2020-03-25;126000
16268;16268;2020-03-25;121000
16269;16269;2020-03-25;240540
16270;16270;2020-03-25;300000
16271;16271;2020-03-25;490500
16272;16272;2020-03-25;127000
16273;16273;2020-03-25;221430
16274;16274;2020-03-25;75000
16275;16275;2020-03-25;30208
16276;16276;2020-03-25;844450
16277;16277;2020-03-25;330000
16278;16278;2020-03-25;1025350
16279;16279;2020-03-25;1682000
16280;16280;2020-03-25;2730000
16281;16281;2020-03-25;622500
16282;16282;2020-03-25;890000
16283;16283;2020-03-25;237250
16284;16284;2020-03-25;820000
16285;16285;2020-03-25;287290
16286;16286;2020-03-25;1056850
16287;16287;2020-03-25;162500
16288;16288;2020-03-25;1750000
16289;16289;2020-03-25;591000
16290;16290;2020-03-25;649000
16291;16291;2020-03-25;263520
16292;16292;2020-03-25;173000
16293;16293;2020-03-25;76000
16294;16294;2020-03-25;445000
16295;16295;2020-03-25;144000
16296;16296;2020-03-25;690500
16297;16297;2020-03-25;136500
16298;16298;2020-03-25;74750
16299;16299;2020-03-25;213000
16300;16300;2020-03-25;240000
16301;16301;2020-03-25;538900
16302;16302;2020-03-25;1351981
16303;16303;2020-03-25;290000
16304;16304;2020-03-25;131000
16305;16305;2020-03-25;151000
16306;16306;2020-03-25;224500
16307;16307;2020-03-25;217000
16308;16308;2020-03-25;91000
16309;16309;2020-03-25;56000
16310;16310;2020-03-26;271000
16311;16311;2020-03-26;26630
16312;16312;2020-03-26;240000
16313;16313;2020-03-26;202000
16314;16314;2020-03-26;251750
16315;16315;2020-03-26;141000
16316;16316;2020-03-26;101000
16317;16317;2020-03-26;147000
16318;16318;2020-03-26;74000
16319;16319;2020-03-26;133000
16320;16320;2020-03-26;40000
16321;16321;2020-03-26;78500
16322;16322;2020-03-26;157000
16323;16323;2020-03-26;100000
16324;16324;2020-03-26;64750
16325;16325;2020-03-26;48000
16326;16326;2020-03-26;108000
16327;16327;2020-03-26;47000
16328;16328;2020-03-26;219755
16329;16329;2020-03-26;150000
16330;16330;2020-03-26;85800
16331;16331;2020-03-26;157075
16332;16332;2020-03-26;136500
16333;16333;2020-03-26;82650
16334;16334;2020-03-26;214000
16335;16335;2020-03-26;158400
16336;16336;2020-03-26;179000
16337;16337;2020-03-26;413500
16338;16338;2020-03-26;347740
16339;16339;2020-03-26;146680
16340;16340;2020-03-26;153000
16341;16341;2020-03-26;150000
16342;16342;2020-03-26;218980
16343;16343;2020-03-26;365000
16344;16344;2020-03-26;217820
16345;16345;2020-03-26;147180
16346;16346;2020-03-26;1700000
16347;16347;2020-03-26;1040000
16348;16348;2020-03-26;2350000
16349;16349;2020-03-26;430000
16350;16350;2020-03-26;381000
16351;16351;2020-03-26;1045000
16352;16352;2020-03-26;498000
16353;16353;2020-03-26;684950
16354;16354;2020-03-26;296800
16355;16355;2020-03-26;867000
16356;16356;2020-03-26;1355000
16357;16357;2020-03-26;7200000
16358;16358;2020-03-26;981100
16359;16359;2020-03-26;640400
16360;16360;2020-03-26;607200
16361;16361;2020-03-26;130000
16362;16362;2020-03-26;422820
16363;16363;2020-03-26;617436
16364;16364;2020-03-26;86000
16365;16365;2020-03-26;104500
16366;16366;2020-03-26;235000
16367;16367;2020-03-26;69000
16368;16368;2020-03-26;223000
16369;16369;2020-03-26;145000
16370;16370;2020-03-26;354050
16371;16371;2020-03-26;235220
16372;16372;2020-03-26;231000
16373;16373;2020-03-26;88000
16374;16374;2020-03-26;281000
16375;16375;2020-03-26;106000
16376;16376;2020-03-26;236000
16377;16377;2020-03-26;485000
16378;16378;2020-03-26;341400
16379;16379;2020-03-26;556000
16380;16380;2020-03-26;254450
16381;16381;2020-03-26;592000
16382;16382;2020-03-26;213000
16383;16383;2020-03-26;98398
16384;16384;2020-03-26;325000
16385;16385;2020-03-26;64000
16386;16386;2020-03-27;170000
16387;16387;2020-03-27;43000
16388;16388;2020-03-27;145000
16389;16389;2020-03-27;80000
16390;16390;2020-03-27;60000
16391;16391;2020-03-27;69000
16392;16392;2020-03-27;122500
16393;16393;2020-03-27;170500
16394;16394;2020-03-27;364000
16395;16395;2020-03-27;185000
16396;16396;2020-03-27;110000
16397;16397;2020-03-27;212500
16398;16398;2020-03-27;65700
16399;16399;2020-03-27;145800
16400;16400;2020-03-27;74000
16401;16401;2020-03-27;43500
16402;16402;2020-03-27;166000
16403;16403;2020-03-27;125000
16404;16404;2020-03-27;60500
16405;16405;2020-03-27;32500
16406;16406;2020-03-27;33000
16407;16407;2020-03-27;96500
16408;16408;2020-03-27;76900
16409;16409;2020-03-27;108000
16410;16410;2020-03-27;270000
16411;16411;2020-03-27;342150
16412;16412;2020-03-27;237775
16413;16413;2020-03-27;87000
16414;16414;2020-03-27;162000
16415;16415;2020-03-27;166347
16416;16416;2020-03-27;175000
16417;16417;2020-03-27;92280
16418;16418;2020-03-27;142670
16419;16419;2020-03-27;15000
16420;16420;2020-03-27;93740
16421;16421;2020-03-27;179550
16422;16422;2020-03-27;89540
16423;16423;2020-03-27;341000
16424;16424;2020-03-27;89000
16425;16425;2020-03-27;97000
16426;16426;2020-03-27;60000
16427;16427;2020-03-27;146500
16428;16428;2020-03-27;204000
16429;16429;2020-03-27;183000
16430;16430;2020-03-27;112750
16431;16431;2020-03-27;54000
16432;16432;2020-03-27;122700
16433;16433;2020-03-27;142400
16434;16434;2020-03-27;117000
16435;16435;2020-03-27;115000
16436;16436;2020-03-27;128000
16437;16437;2020-03-27;157000
16438;16438;2020-03-27;74000
16439;16439;2020-03-27;114000
16440;16440;2020-03-27;129000
16441;16441;2020-03-27;155000
16442;16442;2020-03-27;75000
16443;16443;2020-03-27;50500
16444;16444;2020-03-27;170000
16445;16445;2020-03-27;100000
16446;16446;2020-03-27;195300
16447;16447;2020-03-27;268000
16448;16448;2020-03-27;65280
16449;16449;2020-03-27;63577
16450;16450;2020-03-27;314330
16451;16451;2020-03-27;117000
16452;16452;2020-03-27;155000
16453;16453;2020-03-27;172000
16454;16454;2020-03-27;125200
16455;16455;2020-03-27;195000
16456;16456;2020-03-27;42250
16457;16457;2020-03-27;237500
16458;16458;2020-03-27;315000
16459;16459;2020-03-27;480000
16460;16460;2020-03-27;540000
16461;16461;2020-03-27;237053
16462;16462;2020-03-27;354450
16463;16463;2020-03-27;1271320
16464;16464;2020-03-27;1104000
16465;16465;2020-03-27;1854400
16466;16466;2020-03-27;544000
16467;16467;2020-03-27;334850
16468;16468;2020-03-27;689000
16469;16469;2020-03-27;179000
16470;16470;2020-03-27;296300
16471;16471;2020-03-27;337600
16472;16472;2020-03-27;467885
16473;16473;2020-03-27;300000
16474;16474;2020-03-27;557850
16475;16475;2020-03-27;255000
16476;16476;2020-03-27;876000
16477;16477;2020-03-27;485000
16478;16478;2020-03-27;325000
16479;16479;2020-03-27;190000
16480;16480;2020-03-27;710690
16481;16481;2020-03-27;1210000
16482;16482;2020-03-27;1729500
16483;16483;2020-03-27;509000
16484;16484;2020-03-27;385000
16485;16485;2020-03-27;230000
16486;16486;2020-03-27;521516
16487;16487;2020-03-27;944300
16488;16488;2020-03-27;172000
16489;16489;2020-03-27;117000
16490;16490;2020-03-27;713360
16491;16491;2020-03-27;303000
16492;16492;2020-03-27;250750
16493;16493;2020-03-27;213000
16494;16494;2020-03-27;270000
16495;16495;2020-03-27;112000
16496;16496;2020-03-27;267000
16497;16497;2020-03-27;342997
16498;16498;2020-03-27;290500
16499;16499;2020-03-27;348050
16500;16500;2020-03-27;150300
16501;16501;2020-03-27;152000
16502;16502;2020-03-27;294200
16503;16503;2020-03-27;140000
16504;16504;2020-03-27;166100
16505;16505;2020-03-27;209001
16506;16506;2020-03-27;334300
16507;16507;2020-03-27;66000
16508;16508;2020-03-27;70225
16509;16509;2020-03-27;270000
16510;16510;2020-03-27;308000
16511;16511;2020-03-27;125000
16512;16512;2020-03-27;278500
16513;16513;2020-03-27;295000
16514;16514;2020-03-27;73000
16515;16515;2020-03-27;115000
16516;16516;2020-03-27;44000
16517;16517;2020-03-27;29000
16518;16518;2020-03-27;77600
16519;16519;2020-03-27;65800
16520;16520;2020-03-27;96700
16521;16521;2020-03-27;95000
16522;16522;2020-03-27;131000
16523;16523;2020-03-27;156000
16524;16524;2020-03-27;142300
16525;16525;2020-03-27;210135
16526;16526;2020-03-27;312000
16527;16527;2020-03-27;406000
16528;16528;2020-03-27;170000
16529;16529;2020-03-27;313000
16530;16530;2020-03-27;346500
16531;16531;2020-03-27;281000
16532;16532;2020-03-27;300000
16533;16533;2020-03-27;160000
16534;16534;2020-03-27;267000
16535;16535;2020-03-27;242600
16536;16536;2020-03-27;113000
16537;16537;2020-03-27;271450
16538;16538;2020-03-27;115000
16539;16539;2020-03-27;145000
16540;16540;2020-03-27;120000
16541;16541;2020-03-27;265000
16542;16542;2020-03-27;405460
16543;16543;2020-03-27;190000
16544;16544;2020-03-27;223000
16545;16545;2020-03-27;330000
16546;16546;2020-03-27;130000
16547;16547;2020-03-27;258000
16548;16548;2020-03-27;460500
16549;16549;2020-03-27;325000
16550;16550;2020-03-27;641000
16551;16551;2020-03-27;137600
16552;16552;2020-03-27;149600
16553;16553;2020-03-27;167000
16554;16554;2020-03-27;145350
16555;16555;2020-03-27;335723
16556;16556;2020-03-27;232000
16557;16557;2020-03-27;185000
16558;16558;2020-03-27;122000
16559;16559;2020-03-27;125000
16560;16560;2020-03-28;239100
16561;16561;2020-03-30;750000
16562;16562;2020-03-30;159348
16563;16563;2020-03-30;63000
16564;16564;2020-03-30;82000
16565;16565;2020-03-30;55005
16566;16566;2020-03-30;260000
16567;16567;2020-03-30;139500
16568;16568;2020-03-30;146400
16569;16569;2020-03-30;125000
16570;16570;2020-03-30;399000
16571;16571;2020-03-30;247500
16572;16572;2020-03-30;114000
16573;16573;2020-03-30;114220
16574;16574;2020-03-30;105000
16575;16575;2020-03-30;61600
16576;16576;2020-03-30;59579
16577;16577;2020-03-30;103000
16578;16578;2020-03-30;55000
16579;16579;2020-03-30;132660
16580;16580;2020-03-30;134000
16581;16581;2020-03-30;95000
16582;16582;2020-03-30;148000
16583;16583;2020-03-30;137000
16584;16584;2020-03-30;55000
16585;16585;2020-03-30;80000
16586;16586;2020-03-30;195000
16587;16587;2020-03-30;215050
16588;16588;2020-03-30;449300
16589;16589;2020-03-30;366300
16590;16590;2020-03-30;450000
16591;16591;2020-03-30;215000
16592;16592;2020-03-30;932400
16593;16593;2020-03-30;770000
16594;16594;2020-03-30;31000
16595;16595;2020-03-30;857600
16596;16596;2020-03-30;442000
16597;16597;2020-03-30;960000
16598;16598;2020-03-30;205500
16599;16599;2020-03-30;405000
16600;16600;2020-03-30;344700
16601;16601;2020-03-30;660000
16602;16602;2020-03-30;1048000
16603;16603;2020-03-30;190300
16604;16604;2020-03-30;105800
16605;16605;2020-03-30;299000
16606;16606;2020-03-30;116480
16607;16607;2020-03-30;72000
16608;16608;2020-03-30;230000
16609;16609;2020-03-30;235000
16610;16610;2020-03-30;397000
16611;16611;2020-03-30;548850
16612;16612;2020-03-30;214000
16613;16613;2020-03-30;145000
16614;16614;2020-03-30;132050
16615;16615;2020-03-30;88800
16616;16616;2020-03-30;195000
16617;16617;2020-03-30;194901
16618;16618;2020-03-30;24000
16619;16619;2020-03-30;165200
16620;16620;2020-03-30;219000
16621;16621;2020-03-30;226000
16622;16622;2020-03-30;212000
16623;16623;2020-03-30;537000
16624;16624;2020-03-30;197205
16625;16625;2020-03-30;225100
16626;16626;2020-03-30;322500
16627;16627;2020-03-30;216245
16628;16628;2020-03-30;248000
16629;16629;2020-03-30;78200
16630;16630;2020-03-30;142000
16631;16631;2020-03-30;334470
16632;16632;2020-03-30;77500
16633;16633;2020-03-31;164000
16634;16634;2020-03-31;114500
16635;16635;2020-03-31;47200
16636;16636;2020-03-31;96700
16637;16637;2020-03-31;345000
16638;16638;2020-03-31;76000
16639;16639;2020-03-31;235000
16640;16640;2020-03-31;494000
16641;16641;2020-03-31;92500
16642;16642;2020-03-31;798000
16643;16643;2020-03-31;250693
16644;16644;2020-03-31;78000
16645;16645;2020-03-31;61000
16646;16646;2020-03-31;415700
16647;16647;2020-03-31;114000
16648;16648;2020-03-31;72000
16649;16649;2020-03-31;71000
16650;16650;2020-03-31;41000
16651;16651;2020-03-31;147900
16652;16652;2020-03-31;84563
16653;16653;2020-03-31;20000
16654;16654;2020-03-31;126000
16655;16655;2020-03-31;220000
16656;16656;2020-03-31;312000
16657;16657;2020-03-31;107500
16658;16658;2020-03-31;72700
16659;16659;2020-03-31;97500
16660;16660;2020-03-31;128130
16661;16661;2020-03-31;651650
16662;16662;2020-03-31;37523
16663;16663;2020-03-31;520000
16664;16664;2020-03-31;119784
16665;16665;2020-03-31;34800
16666;16666;2020-03-31;174500
16667;16667;2020-03-31;132220
16668;16668;2020-03-31;163800
16669;16669;2020-03-31;211500
16670;16670;2020-03-31;122000
16671;16671;2020-03-31;141000
16672;16672;2020-03-31;311700
16673;16673;2020-03-31;127000
16674;16674;2020-03-31;77700
16675;16675;2020-03-31;37000
16676;16676;2020-03-31;31000
16677;16677;2020-03-31;154650
16678;16678;2020-03-31;118000
16679;16679;2020-03-31;112000
16680;16680;2020-03-31;333000
16681;16681;2020-03-31;140065
16682;16682;2020-03-31;269000
16683;16683;2020-03-31;74000
16684;16684;2020-03-31;154000
16685;16685;2020-03-31;134000
16686;16686;2020-03-31;155120
16687;16687;2020-03-31;47000
16688;16688;2020-03-31;97000
16689;16689;2020-03-31;65400
16690;16690;2020-03-31;89900
16691;16691;2020-03-31;59000
16692;16692;2020-03-31;75000
16693;16693;2020-03-31;58000
16694;16694;2020-03-31;106650
16695;16695;2020-03-31;109000
16696;16696;2020-03-31;585000
16697;16697;2020-03-31;1000000
16698;16698;2020-03-31;345850
16699;16699;2020-03-31;185000
16700;16700;2020-03-31;390000
16701;16701;2020-03-31;135250
16702;16702;2020-03-31;83500
16703;16703;2020-03-31;120000
16704;16704;2020-03-31;71470
16705;16705;2020-03-31;47858
16706;16706;2020-03-31;151087
16707;16707;2020-03-31;686000
16708;16708;2020-03-31;580050
16709;16709;2020-03-31;241830
16710;16710;2020-03-31;444800
16711;16711;2020-03-31;393000
16712;16712;2020-03-31;2933000
16713;16713;2020-03-31;318900
16714;16714;2020-03-31;424680
16715;16715;2020-03-31;231000
16716;16716;2020-03-31;413333
16717;16717;2020-03-31;103333
16718;16718;2020-03-31;266000
16719;16719;2020-03-31;280000
16720;16720;2020-03-31;327500
16721;16721;2020-03-31;795000
16722;16722;2020-03-31;483450
16723;16723;2020-03-31;246500
16724;16724;2020-03-31;204000
16725;16725;2020-03-31;604000
16726;16726;2020-03-31;1820000
16727;16727;2020-03-31;525000
16728;16728;2020-03-31;405000
16729;16729;2020-03-31;715500
16730;16730;2020-03-31;98000
16731;16731;2020-03-31;65000
16732;16732;2020-03-31;273000
16733;16733;2020-03-31;260000
16734;16734;2020-03-31;360000
16735;16735;2020-03-31;261000
16736;16736;2020-03-31;156700
16737;16737;2020-03-31;189000
16738;16738;2020-03-31;88000
16739;16739;2020-03-31;589760
16740;16740;2020-03-31;140000
16741;16741;2020-03-31;167000
16742;16742;2020-03-31;559000
16743;16743;2020-03-31;160000
16744;16744;2020-03-31;34500
16745;16745;2020-03-31;222500
16746;16746;2020-03-31;90000
16747;16747;2020-03-31;152000
16748;16748;2020-03-31;266000
16749;16749;2020-03-31;208000
16750;16750;2020-03-31;511500
16751;16751;2020-03-31;406000
16752;16752;2020-03-31;190700
16753;16753;2020-03-31;245400
16754;16754;2020-03-31;860100
16755;16755;2020-03-31;273000
16756;16756;2020-03-31;325600
16757;16757;2020-03-31;218760
16758;16758;2020-03-31;479400
16759;16759;2020-03-31;214500
16760;16760;2020-03-31;240000
16761;16761;2020-03-31;173000
16762;16762;2020-03-31;200000
16763;16763;2020-03-31;109000
16764;16764;2020-03-31;433000
16765;16765;2020-03-31;385000
16766;16766;2020-03-31;147000
16767;16767;2020-03-31;220970
16768;16768;2020-03-31;210000
16769;16769;2020-03-31;130000
16770;16770;2020-03-31;220000
16771;16771;2020-03-31;204750
16772;16772;2020-03-31;232000
16773;16773;2020-03-31;110500
16774;16774;2020-03-31;176000
16775;16775;2020-03-31;165000
16776;16776;2020-03-31;138032
16777;16777;2020-04-01;45000
16778;16778;2020-04-01;275000
16779;16779;2020-04-01;54000
16780;16780;2020-04-01;177269
16781;16781;2020-04-01;32000
16782;16782;2020-04-01;150000
16783;16783;2020-04-01;309580
16784;16784;2020-04-01;163000
16785;16785;2020-04-01;140000
16786;16786;2020-04-01;91000
16787;16787;2020-04-01;125000
16788;16788;2020-04-01;151000
16789;16789;2020-04-01;166000
16790;16790;2020-04-01;43660
16791;16791;2020-04-01;443000
16792;16792;2020-04-01;161000
16793;16793;2020-04-01;161500
16794;16794;2020-04-01;74000
16795;16795;2020-04-01;96280
16796;16796;2020-04-01;105000
16797;16797;2020-04-01;43550
16798;16798;2020-04-01;79000
16799;16799;2020-04-01;62400
16800;16800;2020-04-01;64400
16801;16801;2020-04-01;315950
16802;16802;2020-04-01;56100
16803;16803;2020-04-01;535160
16804;16804;2020-04-01;282000
16805;16805;2020-04-01;670000
16806;16806;2020-04-01;1507498
16807;16807;2020-04-01;3480000
16808;16808;2020-04-01;409000
16809;16809;2020-04-01;59000
16810;16810;2020-04-01;704000
16811;16811;2020-04-01;405500
16812;16812;2020-04-01;133000
16813;16813;2020-04-01;107000
16814;16814;2020-04-01;265000
16815;16815;2020-04-01;20000
16816;16816;2020-04-01;185500
16817;16817;2020-04-01;209170
16818;16818;2020-04-01;117000
16819;16819;2020-04-01;69000
16820;16820;2020-04-01;142000
16821;16821;2020-04-01;440000
16822;16822;2020-04-01;112200
16823;16823;2020-04-01;171000
16824;16824;2020-04-01;129000
16825;16825;2020-04-01;159900
16826;16826;2020-04-01;150000
16827;16827;2020-04-01;128500
16828;16828;2020-04-01;90000
16829;16829;2020-04-01;65000
16830;16830;2020-04-01;434434
16831;16831;2020-04-01;226000
16832;16832;2020-04-02;64000
16833;16833;2020-04-02;315000
16834;16834;2020-04-02;335000
16835;16835;2020-04-02;216200
16836;16836;2020-04-02;244370
16837;16837;2020-04-02;287000
16838;16838;2020-04-02;245000
16839;16839;2020-04-02;52000
16840;16840;2020-04-02;200000
16841;16841;2020-04-02;49500
16842;16842;2020-04-02;82000
16843;16843;2020-04-02;249480
16844;16844;2020-04-02;218750
16845;16845;2020-04-02;130000
16846;16846;2020-04-02;218000
16847;16847;2020-04-02;123000
16848;16848;2020-04-02;59000
16849;16849;2020-04-02;402000
16850;16850;2020-04-02;198000
16851;16851;2020-04-02;368000
16852;16852;2020-04-02;80000
16853;16853;2020-04-02;40450
16854;16854;2020-04-02;210000
16855;16855;2020-04-02;50500
16856;16856;2020-04-02;125000
16857;16857;2020-04-02;150000
16858;16858;2020-04-02;40000
16859;16859;2020-04-02;268000
16860;16860;2020-04-02;76250
16861;16861;2020-04-02;94000
16862;16862;2020-04-02;56755
16863;16863;2020-04-02;296125
16864;16864;2020-04-02;638150
16865;16865;2020-04-02;518100
16866;16866;2020-04-02;61940
16867;16867;2020-04-02;470000
16868;16868;2020-04-02;410000
16869;16869;2020-04-02;115000
16870;16870;2020-04-02;413000
16871;16871;2020-04-02;97300
16872;16872;2020-04-02;85000
16873;16873;2020-04-02;164500
16874;16874;2020-04-02;94525
16875;16875;2020-04-02;536000
16876;16876;2020-04-02;361000
16877;16877;2020-04-02;206500
16878;16878;2020-04-02;104000
16879;16879;2020-04-02;160000
16880;16880;2020-04-02;500000
16881;16881;2020-04-02;177000
16882;16882;2020-04-02;39500
16883;16883;2020-04-02;91000
16884;16884;2020-04-02;60250
16885;16885;2020-04-02;82500
16886;16886;2020-04-02;167000
16887;16887;2020-04-02;178000
16888;16888;2020-04-02;371000
16889;16889;2020-04-02;438000
16890;16890;2020-04-02;55000
16891;16891;2020-04-02;145500
16892;16892;2020-04-03;210000
16893;16893;2020-04-03;174850
16894;16894;2020-04-03;123000
16895;16895;2020-04-03;109900
16896;16896;2020-04-03;165000
16897;16897;2020-04-03;169500
16898;16898;2020-04-03;217000
16899;16899;2020-04-03;270000
16900;16900;2020-04-03;174352
16901;16901;2020-04-03;158000
16902;16902;2020-04-03;74000
16903;16903;2020-04-03;95000
16904;16904;2020-04-03;284682
16905;16905;2020-04-03;133350
16906;16906;2020-04-03;167000
16907;16907;2020-04-03;149000
16908;16908;2020-04-03;225163
16909;16909;2020-04-03;119000
16910;16910;2020-04-03;213500
16911;16911;2020-04-03;186500
16912;16912;2020-04-03;126105
16913;16913;2020-04-03;105000
16914;16914;2020-04-03;93500
16915;16915;2020-04-03;140600
16916;16916;2020-04-03;124600
16917;16917;2020-04-03;85200
16918;16918;2020-04-03;112000
16919;16919;2020-04-03;48000
16920;16920;2020-04-03;95500
16921;16921;2020-04-03;45500
16922;16922;2020-04-03;135000
16923;16923;2020-04-03;10000
16924;16924;2020-04-03;183862
16925;16925;2020-04-03;97750
16926;16926;2020-04-03;107500
16927;16927;2020-04-03;133000
16928;16928;2020-04-03;51500
16929;16929;2020-04-03;74550
16930;16930;2020-04-03;38000
16931;16931;2020-04-03;175800
16932;16932;2020-04-03;118000
16933;16933;2020-04-03;266700
16934;16934;2020-04-03;102300
16935;16935;2020-04-03;147500
16936;16936;2020-04-03;113000
16937;16937;2020-04-03;105000
16938;16938;2020-04-03;164000
16939;16939;2020-04-03;96000
16940;16940;2020-04-03;68000
16941;16941;2020-04-03;139400
16942;16942;2020-04-03;102000
16943;16943;2020-04-03;323500
16944;16944;2020-04-03;113300
16945;16945;2020-04-03;96000
16946;16946;2020-04-03;305000
16947;16947;2020-04-03;132000
16948;16948;2020-04-03;122000
16949;16949;2020-04-03;240000
16950;16950;2020-04-03;182380
16951;16951;2020-04-03;197375
16952;16952;2020-04-03;192500
16953;16953;2020-04-03;220450
16954;16954;2020-04-03;125000
16955;16955;2020-04-03;177000
16956;16956;2020-04-03;559000
16957;16957;2020-04-03;302300
16958;16958;2020-04-03;141000
16959;16959;2020-04-03;236650
16960;16960;2020-04-03;2775000
16961;16961;2020-04-03;400000
16962;16962;2020-04-03;420000
16963;16963;2020-04-03;805920
16964;16964;2020-04-03;1113050
16965;16965;2020-04-03;857369
16966;16966;2020-04-03;684250
16967;16967;2020-04-03;566700
16968;16968;2020-04-03;548420
16969;16969;2020-04-03;670000
16970;16970;2020-04-03;599000
16971;16971;2020-04-03;615000
16972;16972;2020-04-03;516400
16973;16973;2020-04-03;1134500
16974;16974;2020-04-03;1494950
16975;16975;2020-04-03;572000
16976;16976;2020-04-03;1230000
16977;16977;2020-04-03;108640
16978;16978;2020-04-03;180000
16979;16979;2020-04-03;209000
16980;16980;2020-04-03;205000
16981;16981;2020-04-03;145000
16982;16982;2020-04-03;210000
16983;16983;2020-04-03;161600
16984;16984;2020-04-03;170000
16985;16985;2020-04-03;427500
16986;16986;2020-04-03;81000
16987;16987;2020-04-03;129500
16988;16988;2020-04-03;150000
16989;16989;2020-04-03;259900
16990;16990;2020-04-03;160000
16991;16991;2020-04-03;125000
16992;16992;2020-04-03;98500
16993;16993;2020-04-03;98000
16994;16994;2020-04-03;54500
16995;16995;2020-04-03;41500
16996;16996;2020-04-03;248000
16997;16997;2020-04-03;138500
16998;16998;2020-04-03;230000
16999;16999;2020-04-03;178000
17000;17000;2020-04-03;360854
17001;17001;2020-04-03;540000
17002;17002;2020-04-03;139900
17003;17003;2020-04-03;320850
17004;17004;2020-04-03;120000
17005;17005;2020-04-03;467050
17006;17006;2020-04-03;658000
17007;17007;2020-04-03;184000
17008;17008;2020-04-03;147000
17009;17009;2020-04-03;339600
17010;17010;2020-04-03;83900
17011;17011;2020-04-03;186000
17012;17012;2020-04-03;420000
17013;17013;2020-04-03;255000
17014;17014;2020-04-03;374202
17015;17015;2020-04-03;167400
17016;17016;2020-04-03;375000
17017;17017;2020-04-03;128500
17018;17018;2020-04-03;229900
17019;17019;2020-04-04;14000
17020;17020;2020-04-04;380000
17021;17021;2020-04-04;93200
17022;17022;2020-04-04;215000
17023;17023;2020-04-06;130000
17024;17024;2020-04-06;42500
17025;17025;2020-04-06;78000
17026;17026;2020-04-06;253000
17027;17027;2020-04-06;95500
17028;17028;2020-04-06;62000
17029;17029;2020-04-06;81800
17030;17030;2020-04-06;64000
17031;17031;2020-04-06;82000
17032;17032;2020-04-06;188000
17033;17033;2020-04-06;70000
17034;17034;2020-04-06;41500
17035;17035;2020-04-06;125000
17036;17036;2020-04-06;206800
17037;17037;2020-04-06;170000
17038;17038;2020-04-06;87000
17039;17039;2020-04-06;56000
17040;17040;2020-04-06;159500
17041;17041;2020-04-06;84000
17042;17042;2020-04-06;271000
17043;17043;2020-04-06;320000
17044;17044;2020-04-06;103000
17045;17045;2020-04-06;121420
17046;17046;2020-04-06;233000
17047;17047;2020-04-06;269000
17048;17048;2020-04-06;660000
17049;17049;2020-04-06;523000
17050;17050;2020-04-06;960000
17051;17051;2020-04-06;112000
17052;17052;2020-04-06;172000
17053;17053;2020-04-06;273200
17054;17054;2020-04-06;753963
17055;17055;2020-04-06;1228300
17056;17056;2020-04-06;914000
17057;17057;2020-04-06;510000
17058;17058;2020-04-06;5550000
17059;17059;2020-04-06;1141000
17060;17060;2020-04-06;440000
17061;17061;2020-04-06;92000
17062;17062;2020-04-06;340000
17063;17063;2020-04-06;133500
17064;17064;2020-04-06;220000
17065;17065;2020-04-06;158500
17066;17066;2020-04-06;185800
17067;17067;2020-04-06;34790
17068;17068;2020-04-06;82000
17069;17069;2020-04-06;365000
17070;17070;2020-04-06;439000
17071;17071;2020-04-06;135000
17072;17072;2020-04-07;375000
17073;17073;2020-04-07;89000
17074;17074;2020-04-07;350000
17075;17075;2020-04-07;152500
17076;17076;2020-04-07;525000
17077;17077;2020-04-07;311050
17078;17078;2020-04-07;126000
17079;17079;2020-04-07;147000
17080;17080;2020-04-07;70300
17081;17081;2020-04-07;98000
17082;17082;2020-04-07;131000
17083;17083;2020-04-07;161000
17084;17084;2020-04-07;43369
17085;17085;2020-04-07;154430
17086;17086;2020-04-07;43000
17087;17087;2020-04-07;74005
17088;17088;2020-04-07;138000
17089;17089;2020-04-07;28000
17090;17090;2020-04-07;65500
17091;17091;2020-04-07;78250
17092;17092;2020-04-07;105981
17093;17093;2020-04-07;77600
17094;17094;2020-04-07;250000
17095;17095;2020-04-07;40000
17096;17096;2020-04-07;220000
17097;17097;2020-04-07;267200
17098;17098;2020-04-07;139080
17099;17099;2020-04-07;199500
17100;17100;2020-04-07;126000
17101;17101;2020-04-07;240000
17102;17102;2020-04-07;162000
17103;17103;2020-04-07;194000
17104;17104;2020-04-07;387100
17105;17105;2020-04-07;126000
17106;17106;2020-04-07;610020
17107;17107;2020-04-07;130000
17108;17108;2020-04-07;2475000
17109;17109;2020-04-07;820000
17110;17110;2020-04-07;195760
17111;17111;2020-04-07;237000
17112;17112;2020-04-07;545600
17113;17113;2020-04-07;1020000
17114;17114;2020-04-07;670000
17115;17115;2020-04-07;1259550
17116;17116;2020-04-07;147000
17117;17117;2020-04-07;136500
17118;17118;2020-04-07;113000
17119;17119;2020-04-07;93000
17120;17120;2020-04-07;160000
17121;17121;2020-04-07;172040
17122;17122;2020-04-07;75200
17123;17123;2020-04-07;80000
17124;17124;2020-04-07;65000
17125;17125;2020-04-07;27000
17126;17126;2020-04-07;155000
17127;17127;2020-04-07;154500
17128;17128;2020-04-07;274500
17129;17129;2020-04-07;289350
17130;17130;2020-04-07;1280000
17131;17131;2020-04-08;445000
17132;17132;2020-04-08;150000
17133;17133;2020-04-08;131000
17134;17134;2020-04-08;25900
17135;17135;2020-04-08;101000
17136;17136;2020-04-08;171000
17137;17137;2020-04-08;214000
17138;17138;2020-04-08;186950
17139;17139;2020-04-08;175000
17140;17140;2020-04-08;300000
17141;17141;2020-04-08;319000
17142;17142;2020-04-08;275000
17143;17143;2020-04-08;106270
17144;17144;2020-04-08;145992
17145;17145;2020-04-08;67000
17146;17146;2020-04-08;85000
17147;17147;2020-04-08;100000
17148;17148;2020-04-08;226500
17149;17149;2020-04-08;164000
17150;17150;2020-04-08;203000
17151;17151;2020-04-08;109500
17152;17152;2020-04-08;250000
17153;17153;2020-04-08;78480
17154;17154;2020-04-08;59500
17155;17155;2020-04-08;125000
17156;17156;2020-04-08;217500
17157;17157;2020-04-08;121000
17158;17158;2020-04-08;211000
17159;17159;2020-04-08;128000
17160;17160;2020-04-08;135000
17161;17161;2020-04-08;431900
17162;17162;2020-04-08;70000
17163;17163;2020-04-08;89000
17164;17164;2020-04-08;203600
17165;17165;2020-04-08;149150
17166;17166;2020-04-08;43500
17167;17167;2020-04-08;172600
17168;17168;2020-04-08;243556
17169;17169;2020-04-08;327000
17170;17170;2020-04-08;131000
17171;17171;2020-04-08;553600
17172;17172;2020-04-08;247750
17173;17173;2020-04-08;885000
17174;17174;2020-04-08;538500
17175;17175;2020-04-08;412500
17176;17176;2020-04-08;700000
17177;17177;2020-04-08;164000
17178;17178;2020-04-08;323500
17179;17179;2020-04-08;353000
17180;17180;2020-04-08;370000
17181;17181;2020-04-08;964350
17182;17182;2020-04-08;579500
17183;17183;2020-04-08;521590
17184;17184;2020-04-08;550410
17185;17185;2020-04-08;149000
17186;17186;2020-04-08;50000
17187;17187;2020-04-08;221000
17188;17188;2020-04-08;420500
17189;17189;2020-04-08;139000
17190;17190;2020-04-08;198900
17191;17191;2020-04-08;47650
17192;17192;2020-04-08;62000
17193;17193;2020-04-08;70000
17194;17194;2020-04-08;424500
17195;17195;2020-04-08;121000
17196;17196;2020-04-08;171500
17197;17197;2020-04-08;140000
17198;17198;2020-04-08;130000
17199;17199;2020-04-08;241740
17200;17200;2020-04-08;290000
17201;17201;2020-04-08;250000
17202;17202;2020-04-08;240000
17203;17203;2020-04-08;507000
17204;17204;2020-04-08;381000
17205;17205;2020-04-08;385650
17206;17206;2020-04-08;181930
17207;17207;2020-04-08;153800
17208;17208;2020-04-09;145900
17209;17209;2020-04-09;190000
17210;17210;2020-04-09;35000
17211;17211;2020-04-09;88000
17212;17212;2020-04-09;177000
17213;17213;2020-04-09;335000
17214;17214;2020-04-09;225000
17215;17215;2020-04-09;83450
17216;17216;2020-04-09;205000
17217;17217;2020-04-09;308000
17218;17218;2020-04-09;74300
17219;17219;2020-04-09;159000
17220;17220;2020-04-09;83000
17221;17221;2020-04-09;74000
17222;17222;2020-04-09;88100
17223;17223;2020-04-09;210000
17224;17224;2020-04-09;245000
17225;17225;2020-04-09;60000
17226;17226;2020-04-09;30000
17227;17227;2020-04-09;43500
17228;17228;2020-04-09;38000
17229;17229;2020-04-09;68400
17230;17230;2020-04-09;182650
17231;17231;2020-04-09;120600
17232;17232;2020-04-09;102000
17233;17233;2020-04-09;61750
17234;17234;2020-04-09;232500
17235;17235;2020-04-09;538
17236;17236;2020-04-09;215300
17237;17237;2020-04-09;100000
17238;17238;2020-04-09;80000
17239;17239;2020-04-09;127000
17240;17240;2020-04-09;50000
17241;17241;2020-04-09;35000
17242;17242;2020-04-09;66700
17243;17243;2020-04-09;285000
17244;17244;2020-04-09;353350
17245;17245;2020-04-09;46500
17246;17246;2020-04-09;102000
17247;17247;2020-04-09;246400
17248;17248;2020-04-09;82500
17249;17249;2020-04-09;1411000
17250;17250;2020-04-09;135000
17251;17251;2020-04-09;300000
17252;17252;2020-04-09;98000
17253;17253;2020-04-09;61000
17254;17254;2020-04-09;227600
17255;17255;2020-04-09;162850
17256;17256;2020-04-09;157400
17257;17257;2020-04-09;280000
17258;17258;2020-04-09;133000
17259;17259;2020-04-09;567000
17260;17260;2020-04-09;950000
17261;17261;2020-04-09;937000
17262;17262;2020-04-09;70000
17263;17263;2020-04-09;61000
17264;17264;2020-04-09;90390
17265;17265;2020-04-09;323000
17266;17266;2020-04-09;145000
17267;17267;2020-04-09;152560
17268;17268;2020-04-09;399000
17269;17269;2020-04-09;185545
17270;17270;2020-04-09;187000
17271;17271;2020-04-09;90500
17272;17272;2020-04-09;145000
17273;17273;2020-04-09;156000
17274;17274;2020-04-09;64000
17275;17275;2020-04-09;340000
17276;17276;2020-04-09;285000
17277;17277;2020-04-09;783350
17278;17278;2020-04-09;511500
17279;17279;2020-04-09;2325000
17280;17280;2020-04-09;597800
17281;17281;2020-04-09;168000
17282;17282;2020-04-09;505250
17283;17283;2020-04-09;239000
17284;17284;2020-04-09;236900
17285;17285;2020-04-09;170000
17286;17286;2020-04-09;233000
17287;17287;2020-04-09;332000
17288;17288;2020-04-09;290000
17289;17289;2020-04-10;50000
17290;17290;2020-04-10;108000
17291;17291;2020-04-10;195000
17292;17292;2020-04-10;250000
17293;17293;2020-04-10;314000
17294;17294;2020-04-10;215000
17295;17295;2020-04-10;177600
17296;17296;2020-04-10;154000
17297;17297;2020-04-10;80400
17298;17298;2020-04-10;275150
17299;17299;2020-04-10;289150
17300;17300;2020-04-10;34000
17301;17301;2020-04-10;55000
17302;17302;2020-04-10;350000
17303;17303;2020-04-10;53000
17304;17304;2020-04-10;121600
17305;17305;2020-04-10;80000
17306;17306;2020-04-10;65000
17307;17307;2020-04-10;250000
17308;17308;2020-04-10;525000
17309;17309;2020-04-10;94000
17310;17310;2020-04-10;160800
17311;17311;2020-04-10;78000
17312;17312;2020-04-10;70900
17313;17313;2020-04-10;142000
17314;17314;2020-04-10;227000
17315;17315;2020-04-10;91980
17316;17316;2020-04-10;109000
17317;17317;2020-04-10;79900
17318;17318;2020-04-10;307000
17319;17319;2020-04-10;694000
17320;17320;2020-04-10;62000
17321;17321;2020-04-10;120420
17322;17322;2020-04-10;130300
17323;17323;2020-04-10;104550
17324;17324;2020-04-10;347900
17325;17325;2020-04-10;131131
17326;17326;2020-04-10;99000
17327;17327;2020-04-10;78600
17328;17328;2020-04-10;44537
17329;17329;2020-04-10;241000
17330;17330;2020-04-10;137488
17331;17331;2020-04-10;68000
17332;17332;2020-04-10;200000
17333;17333;2020-04-10;137000
17334;17334;2020-04-10;124900
17335;17335;2020-04-10;77000
17336;17336;2020-04-10;79200
17337;17337;2020-04-10;275000
17338;17338;2020-04-10;84000
17339;17339;2020-04-10;52000
17340;17340;2020-04-10;51990
17341;17341;2020-04-10;89000
17342;17342;2020-04-10;91750
17343;17343;2020-04-10;196000
17344;17344;2020-04-10;102500
17345;17345;2020-04-10;198000
17346;17346;2020-04-10;93000
17347;17347;2020-04-10;144000
17348;17348;2020-04-10;68000
17349;17349;2020-04-10;127000
17350;17350;2020-04-10;264700
17351;17351;2020-04-10;186750
17352;17352;2020-04-10;70000
17353;17353;2020-04-10;223650
17354;17354;2020-04-10;370000
17355;17355;2020-04-10;329000
17356;17356;2020-04-10;37500
17357;17357;2020-04-10;120560
17358;17358;2020-04-10;65000
17359;17359;2020-04-10;77500
17360;17360;2020-04-10;180000
17361;17361;2020-04-10;872850
17362;17362;2020-04-10;157800
17363;17363;2020-04-10;70000
17364;17364;2020-04-10;171100
17365;17365;2020-04-10;225450
17366;17366;2020-04-10;329900
17367;17367;2020-04-10;482900
17368;17368;2020-04-10;183090
17369;17369;2020-04-10;69335
17370;17370;2020-04-10;336000
17371;17371;2020-04-10;345870
17372;17372;2020-04-10;169000
17373;17373;2020-04-10;316250
17374;17374;2020-04-10;296000
17375;17375;2020-04-10;372000
17376;17376;2020-04-10;184800
17377;17377;2020-04-10;77379
17378;17378;2020-04-10;23500
17379;17379;2020-04-10;276938
17380;17380;2020-04-10;137505
17381;17381;2020-04-10;100000
17382;17382;2020-04-10;437500
17383;17383;2020-04-10;84680
17384;17384;2020-04-10;170000
17385;17385;2020-04-10;190000
17386;17386;2020-04-10;320000
17387;17387;2020-04-10;415000
17388;17388;2020-04-10;920000
17389;17389;2020-04-10;1292500
17390;17390;2020-04-10;601500
17391;17391;2020-04-10;420507
17392;17392;2020-04-10;428000
17393;17393;2020-04-10;752000
17394;17394;2020-04-10;1335000
17395;17395;2020-04-10;1782000
17396;17396;2020-04-10;835000
17397;17397;2020-04-10;3100000
17398;17398;2020-04-10;413020
17399;17399;2020-04-10;147000
17400;17400;2020-04-10;696000
17401;17401;2020-04-10;46200
17402;17402;2020-04-10;277300
17403;17403;2020-04-10;235000
17404;17404;2020-04-10;136300
17405;17405;2020-04-10;150000
17406;17406;2020-04-10;126621
17407;17407;2020-04-10;138000
17408;17408;2020-04-10;230862
17409;17409;2020-04-10;112000
17410;17410;2020-04-10;255000
17411;17411;2020-04-10;372000
17412;17412;2020-04-10;57500
17413;17413;2020-04-10;175000
17414;17414;2020-04-10;134250
17415;17415;2020-04-10;310000
17416;17416;2020-04-10;253682
17417;17417;2020-04-10;219500
17418;17418;2020-04-10;410000
17419;17419;2020-04-10;221000
17420;17420;2020-04-10;68680
17421;17421;2020-04-10;164000
17422;17422;2020-04-10;230000
17423;17423;2020-04-10;110000
17424;17424;2020-04-10;276300
17425;17425;2020-04-10;389350
17426;17426;2020-04-10;341000
17427;17427;2020-04-10;120000
17428;17428;2020-04-10;327150
17429;17429;2020-04-10;180000
17430;17430;2020-04-10;242500
17431;17431;2020-04-10;372300
17432;17432;2020-04-10;259000
17433;17433;2020-04-10;274000
17434;17434;2020-04-10;142000
17435;17435;2020-04-10;145000
17436;17436;2020-04-10;172000
17437;17437;2020-04-10;186000
17438;17438;2020-04-10;105000
17439;17439;2020-04-11;95000
17440;17440;2020-04-11;55000
17441;17441;2020-04-11;245129
17442;17442;2020-04-11;229000
17443;17443;2020-04-14;92500
17444;17444;2020-04-14;147000
17445;17445;2020-04-14;118409
17446;17446;2020-04-14;106000
17447;17447;2020-04-14;85000
17448;17448;2020-04-14;93000
17449;17449;2020-04-14;193340
17450;17450;2020-04-14;137000
17451;17451;2020-04-14;118000
17452;17452;2020-04-14;107000
17453;17453;2020-04-14;107300
17454;17454;2020-04-14;193000
17455;17455;2020-04-14;60000
17456;17456;2020-04-14;177500
17457;17457;2020-04-14;209370
17458;17458;2020-04-14;232760
17459;17459;2020-04-14;131000
17460;17460;2020-04-14;126900
17461;17461;2020-04-14;137800
17462;17462;2020-04-14;155100
17463;17463;2020-04-14;73000
17464;17464;2020-04-14;140000
17465;17465;2020-04-14;153500
17466;17466;2020-04-14;122500
17467;17467;2020-04-14;31000
17468;17468;2020-04-14;265000
17469;17469;2020-04-14;146500
17470;17470;2020-04-14;291320
17471;17471;2020-04-14;112935
17472;17472;2020-04-14;122000
17473;17473;2020-04-14;416380
17474;17474;2020-04-14;273000
17475;17475;2020-04-14;430000
17476;17476;2020-04-14;352000
17477;17477;2020-04-14;648000
17478;17478;2020-04-14;224000
17479;17479;2020-04-14;320000
17480;17480;2020-04-14;181000
17481;17481;2020-04-14;162000
17482;17482;2020-04-14;44000
17483;17483;2020-04-14;37000
17484;17484;2020-04-14;179770
17485;17485;2020-04-14;83000
17486;17486;2020-04-14;318000
17487;17487;2020-04-14;120800
17488;17488;2020-04-14;300000
17489;17489;2020-04-14;460000
17490;17490;2020-04-14;157000
17491;17491;2020-04-14;277500
17492;17492;2020-04-14;424200
17493;17493;2020-04-14;285000
17494;17494;2020-04-14;496270
17495;17495;2020-04-14;514500
17496;17496;2020-04-14;105000
17497;17497;2020-04-14;305000
17498;17498;2020-04-14;102000
17499;17499;2020-04-15;230000
17500;17500;2020-04-15;540000
17501;17501;2020-04-15;110000
17502;17502;2020-04-15;213000
17503;17503;2020-04-15;300000
17504;17504;2020-04-15;455240
17505;17505;2020-04-15;345000
17506;17506;2020-04-15;380000
17507;17507;2020-04-15;85000
17508;17508;2020-04-15;184146
17509;17509;2020-04-15;51000
17510;17510;2020-04-15;86000
17511;17511;2020-04-15;38000
17512;17512;2020-04-15;53500
17513;17513;2020-04-15;106000
17514;17514;2020-04-15;165000
17515;17515;2020-04-15;160000
17516;17516;2020-04-15;62000
17517;17517;2020-04-15;78500
17518;17518;2020-04-15;50000
17519;17519;2020-04-15;190000
17520;17520;2020-04-15;115000
17521;17521;2020-04-15;128000
17522;17522;2020-04-15;147400
17523;17523;2020-04-15;95000
17524;17524;2020-04-15;56000
17525;17525;2020-04-15;113000
17526;17526;2020-04-15;180330
17527;17527;2020-04-15;688810
17528;17528;2020-04-15;124000
17529;17529;2020-04-15;70600
17530;17530;2020-04-15;61000
17531;17531;2020-04-15;73000
17532;17532;2020-04-15;150000
17533;17533;2020-04-15;176000
17534;17534;2020-04-15;114500
17535;17535;2020-04-15;281000
17536;17536;2020-04-15;150975
17537;17537;2020-04-15;52600
17538;17538;2020-04-15;60000
17539;17539;2020-04-15;58000
17540;17540;2020-04-15;330000
17541;17541;2020-04-15;82665
17542;17542;2020-04-15;205000
17543;17543;2020-04-15;86400
17544;17544;2020-04-15;581000
17545;17545;2020-04-15;141750
17546;17546;2020-04-15;320000
17547;17547;2020-04-15;217500
17548;17548;2020-04-15;90000
17549;17549;2020-04-15;35000
17550;17550;2020-04-15;89224
17551;17551;2020-04-15;67000
17552;17552;2020-04-15;20000
17553;17553;2020-04-15;46000
17554;17554;2020-04-15;48000
17555;17555;2020-04-15;80000
17556;17556;2020-04-15;80900
17557;17557;2020-04-15;74000
17558;17558;2020-04-15;346000
17559;17559;2020-04-15;218000
17560;17560;2020-04-15;120000
17561;17561;2020-04-15;29000
17562;17562;2020-04-15;64500
17563;17563;2020-04-15;50026
17564;17564;2020-04-15;175000
17565;17565;2020-04-15;199850
17566;17566;2020-04-15;261532
17567;17567;2020-04-15;872000
17568;17568;2020-04-15;298000
17569;17569;2020-04-15;311500
17570;17570;2020-04-15;245000
17571;17571;2020-04-15;170357
17572;17572;2020-04-15;258000
17573;17573;2020-04-15;134300
17574;17574;2020-04-15;255000
17575;17575;2020-04-15;801734
17576;17576;2020-04-15;609523
17577;17577;2020-04-15;933000
17578;17578;2020-04-15;162000
17579;17579;2020-04-15;109470
17580;17580;2020-04-15;1250000
17581;17581;2020-04-15;294000
17582;17582;2020-04-15;269064
17583;17583;2020-04-15;581000
17584;17584;2020-04-15;825000
17585;17585;2020-04-15;671300
17586;17586;2020-04-15;2611930
17587;17587;2020-04-15;993380
17588;17588;2020-04-15;790000
17589;17589;2020-04-15;572910
17590;17590;2020-04-15;237500
17591;17591;2020-04-15;255000
17592;17592;2020-04-15;92560
17593;17593;2020-04-15;173000
17594;17594;2020-04-15;205000
17595;17595;2020-04-15;40000
17596;17596;2020-04-15;192000
17597;17597;2020-04-15;233700
17598;17598;2020-04-15;201500
17599;17599;2020-04-15;645000
17600;17600;2020-04-15;127000
17601;17601;2020-04-15;87000
17602;17602;2020-04-15;150000
17603;17603;2020-04-15;70000
17604;17604;2020-04-15;124000
17605;17605;2020-04-15;90800
17606;17606;2020-04-15;63000
17607;17607;2020-04-15;90000
17608;17608;2020-04-15;40000
17609;17609;2020-04-15;99000
17610;17610;2020-04-15;155000
17611;17611;2020-04-15;136000
17612;17612;2020-04-15;170000
17613;17613;2020-04-15;165000
17614;17614;2020-04-15;439000
17615;17615;2020-04-15;864950
17616;17616;2020-04-15;292300
17617;17617;2020-04-15;95000
17618;17618;2020-04-15;185900
17619;17619;2020-04-15;137000
17620;17620;2020-04-15;142000
17621;17621;2020-04-15;295000
17622;17622;2020-04-15;65000
17623;17623;2020-04-15;239000
17624;17624;2020-04-15;424310
17625;17625;2020-04-15;171800
17626;17626;2020-04-15;117000
17627;17627;2020-04-16;98000
17628;17628;2020-04-16;208000
17629;17629;2020-04-16;181700
17630;17630;2020-04-16;60000
17631;17631;2020-04-16;319000
17632;17632;2020-04-16;255000
17633;17633;2020-04-16;29000
17634;17634;2020-04-16;130000
17635;17635;2020-04-16;167000
17636;17636;2020-04-16;185000
17637;17637;2020-04-16;87000
17638;17638;2020-04-16;94000
17639;17639;2020-04-16;50000
17640;17640;2020-04-16;305000
17641;17641;2020-04-16;84000
17642;17642;2020-04-16;101500
17643;17643;2020-04-16;93500
17644;17644;2020-04-16;69000
17645;17645;2020-04-16;75000
17646;17646;2020-04-16;275000
17647;17647;2020-04-16;62500
17648;17648;2020-04-16;56600
17649;17649;2020-04-16;101000
17650;17650;2020-04-16;77000
17651;17651;2020-04-16;79500
17652;17652;2020-04-16;75500
17653;17653;2020-04-16;64600
17654;17654;2020-04-16;29450
17655;17655;2020-04-16;115000
17656;17656;2020-04-16;82000
17657;17657;2020-04-16;61500
17658;17658;2020-04-16;122000
17659;17659;2020-04-16;103200
17660;17660;2020-04-16;230000
17661;17661;2020-04-16;215000
17662;17662;2020-04-16;107890
17663;17663;2020-04-16;46715
17664;17664;2020-04-16;183500
17665;17665;2020-04-16;88500
17666;17666;2020-04-16;234000
17667;17667;2020-04-16;307000
17668;17668;2020-04-16;149000
17669;17669;2020-04-16;240450
17670;17670;2020-04-16;136500
17671;17671;2020-04-16;143100
17672;17672;2020-04-16;364000
17673;17673;2020-04-16;153000
17674;17674;2020-04-16;288600
17675;17675;2020-04-16;295000
17676;17676;2020-04-16;642000
17677;17677;2020-04-16;93000
17678;17678;2020-04-16;380450
17679;17679;2020-04-16;179900
17680;17680;2020-04-16;826000
17681;17681;2020-04-16;317500
17682;17682;2020-04-16;582000
17683;17683;2020-04-16;360000
17684;17684;2020-04-16;1550000
17685;17685;2020-04-16;285000
17686;17686;2020-04-16;282300
17687;17687;2020-04-16;94000
17688;17688;2020-04-16;605000
17689;17689;2020-04-16;124990
17690;17690;2020-04-16;41000
17691;17691;2020-04-16;108400
17692;17692;2020-04-16;330000
17693;17693;2020-04-16;165350
17694;17694;2020-04-16;609415
17695;17695;2020-04-16;142000
17696;17696;2020-04-16;245000
17697;17697;2020-04-16;59000
17698;17698;2020-04-16;114000
17699;17699;2020-04-16;86000
17700;17700;2020-04-16;196500
17701;17701;2020-04-16;206000
17702;17702;2020-04-16;250000
17703;17703;2020-04-16;650000
17704;17704;2020-04-16;380000
17705;17705;2020-04-16;120000
17706;17706;2020-04-16;338000
17707;17707;2020-04-16;373000
17708;17708;2020-04-16;147000
17709;17709;2020-04-16;176000
17710;17710;2020-04-16;150000
17711;17711;2020-04-16;244000
17712;17712;2020-04-17;76000
17713;17713;2020-04-17;505000
17714;17714;2020-04-17;94340
17715;17715;2020-04-17;140000
17716;17716;2020-04-17;130000
17717;17717;2020-04-17;142000
17718;17718;2020-04-17;52000
17719;17719;2020-04-17;47000
17720;17720;2020-04-17;84000
17721;17721;2020-04-17;86300
17722;17722;2020-04-17;62000
17723;17723;2020-04-17;88000
17724;17724;2020-04-17;63700
17725;17725;2020-04-17;129000
17726;17726;2020-04-17;25000
17727;17727;2020-04-17;122000
17728;17728;2020-04-17;169000
17729;17729;2020-04-17;84000
17730;17730;2020-04-17;85000
17731;17731;2020-04-17;56500
17732;17732;2020-04-17;207000
17733;17733;2020-04-17;42500
17734;17734;2020-04-17;137000
17735;17735;2020-04-17;52000
17736;17736;2020-04-17;120000
17737;17737;2020-04-17;99000
17738;17738;2020-04-17;163500
17739;17739;2020-04-17;75200
17740;17740;2020-04-17;96000
17741;17741;2020-04-17;195000
17742;17742;2020-04-17;299000
17743;17743;2020-04-17;170000
17744;17744;2020-04-17;126000
17745;17745;2020-04-17;286000
17746;17746;2020-04-17;380000
17747;17747;2020-04-17;137000
17748;17748;2020-04-17;111500
17749;17749;2020-04-17;111000
17750;17750;2020-04-17;178000
17751;17751;2020-04-17;192000
17752;17752;2020-04-17;69500
17753;17753;2020-04-17;290000
17754;17754;2020-04-17;66000
17755;17755;2020-04-17;169500
17756;17756;2020-04-17;80000
17757;17757;2020-04-17;75500
17758;17758;2020-04-17;116000
17759;17759;2020-04-17;325000
17760;17760;2020-04-17;10000
17761;17761;2020-04-17;112000
17762;17762;2020-04-17;155000
17763;17763;2020-04-17;142000
17764;17764;2020-04-17;63000
17765;17765;2020-04-17;290000
17766;17766;2020-04-17;96000
17767;17767;2020-04-17;204000
17768;17768;2020-04-17;156900
17769;17769;2020-04-17;178000
17770;17770;2020-04-17;173700
17771;17771;2020-04-17;82114
17772;17772;2020-04-17;110000
17773;17773;2020-04-17;27600
17774;17774;2020-04-17;24500
17775;17775;2020-04-17;84000
17776;17776;2020-04-17;149000
17777;17777;2020-04-17;101500
17778;17778;2020-04-17;227000
17779;17779;2020-04-17;155544
17780;17780;2020-04-17;111700
17781;17781;2020-04-17;18500
17782;17782;2020-04-17;171275
17783;17783;2020-04-17;80000
17784;17784;2020-04-17;35000
17785;17785;2020-04-17;102670
17786;17786;2020-04-17;110550
17787;17787;2020-04-17;57500
17788;17788;2020-04-17;35050
17789;17789;2020-04-17;135500
17790;17790;2020-04-17;380000
17791;17791;2020-04-17;184100
17792;17792;2020-04-17;166000
17793;17793;2020-04-17;106850
17794;17794;2020-04-17;109000
17795;17795;2020-04-17;136000
17796;17796;2020-04-17;160000
17797;17797;2020-04-17;220000
17798;17798;2020-04-17;137500
17799;17799;2020-04-17;110900
17800;17800;2020-04-17;70500
17801;17801;2020-04-17;490000
17802;17802;2020-04-17;104000
17803;17803;2020-04-17;226499
17804;17804;2020-04-17;450900
17805;17805;2020-04-17;137000
17806;17806;2020-04-17;67000
17807;17807;2020-04-17;95000
17808;17808;2020-04-17;505000
17809;17809;2020-04-17;200000
17810;17810;2020-04-17;193057
17811;17811;2020-04-17;192237
17812;17812;2020-04-17;123570
17813;17813;2020-04-17;130000
17814;17814;2020-04-17;74800
17815;17815;2020-04-17;80750
17816;17816;2020-04-17;115500
17817;17817;2020-04-17;132000
17818;17818;2020-04-17;71900
17819;17819;2020-04-17;240000
17820;17820;2020-04-17;440000
17821;17821;2020-04-17;257500
17822;17822;2020-04-17;87132
17823;17823;2020-04-17;7535000
17824;17824;2020-04-17;695500
17825;17825;2020-04-17;132500
17826;17826;2020-04-17;217296
17827;17827;2020-04-17;902600
17828;17828;2020-04-17;120000
17829;17829;2020-04-17;557000
17830;17830;2020-04-17;738138
17831;17831;2020-04-17;673500
17832;17832;2020-04-17;107000
17833;17833;2020-04-17;326500
17834;17834;2020-04-17;311000
17835;17835;2020-04-17;720500
17836;17836;2020-04-17;360000
17837;17837;2020-04-17;344800
17838;17838;2020-04-17;508000
17839;17839;2020-04-17;177000
17840;17840;2020-04-17;877500
17841;17841;2020-04-17;860577
17842;17842;2020-04-17;1241050
17843;17843;2020-04-17;562600
17844;17844;2020-04-17;725970
17845;17845;2020-04-17;1056000
17846;17846;2020-04-17;305000
17847;17847;2020-04-17;880000
17848;17848;2020-04-17;345500
17849;17849;2020-04-17;433450
17850;17850;2020-04-17;442250
17851;17851;2020-04-17;755400
17852;17852;2020-04-17;83000
17853;17853;2020-04-17;91500
17854;17854;2020-04-17;40500
17855;17855;2020-04-17;105500
17856;17856;2020-04-17;94000
17857;17857;2020-04-17;120400
17858;17858;2020-04-17;84000
17859;17859;2020-04-17;91700
17860;17860;2020-04-17;189500
17861;17861;2020-04-17;405900
17862;17862;2020-04-17;145990
17863;17863;2020-04-17;146000
17864;17864;2020-04-17;180000
17865;17865;2020-04-17;290300
17866;17866;2020-04-17;279000
17867;17867;2020-04-17;134000
17868;17868;2020-04-17;272000
17869;17869;2020-04-17;149700
17870;17870;2020-04-17;203500
17871;17871;2020-04-17;114000
17872;17872;2020-04-17;167000
17873;17873;2020-04-17;249600
17874;17874;2020-04-17;233700
17875;17875;2020-04-17;280000
17876;17876;2020-04-17;55000
17877;17877;2020-04-17;253500
17878;17878;2020-04-17;190000
17879;17879;2020-04-17;154900
17880;17880;2020-04-17;400000
17881;17881;2020-04-17;105000
17882;17882;2020-04-17;93000
17883;17883;2020-04-17;32000
17884;17884;2020-04-17;73600
17885;17885;2020-04-17;145000
17886;17886;2020-04-17;32920
17887;17887;2020-04-17;195000
17888;17888;2020-04-17;159450
17889;17889;2020-04-17;103000
17890;17890;2020-04-17;76000
17891;17891;2020-04-17;215000
17892;17892;2020-04-17;265000
17893;17893;2020-04-17;734150
17894;17894;2020-04-17;450000
17895;17895;2020-04-17;161000
17896;17896;2020-04-17;270000
17897;17897;2020-04-17;219000
17898;17898;2020-04-17;94000
17899;17899;2020-04-17;245000
17900;17900;2020-04-17;235000
17901;17901;2020-04-17;257000
17902;17902;2020-04-17;233650
17903;17903;2020-04-17;142000
17904;17904;2020-04-17;201000
17905;17905;2020-04-17;117000
17906;17906;2020-04-18;40000
17907;17907;2020-04-18;272290
17908;17908;2020-04-20;103090
17909;17909;2020-04-20;39000
17910;17910;2020-04-20;313520
17911;17911;2020-04-20;383450
17912;17912;2020-04-20;108000
17913;17913;2020-04-20;53100
17914;17914;2020-04-20;125000
17915;17915;2020-04-20;130000
17916;17916;2020-04-20;246500
17917;17917;2020-04-20;97500
17918;17918;2020-04-20;368600
17919;17919;2020-04-20;93000
17920;17920;2020-04-20;135000
17921;17921;2020-04-20;80000
17922;17922;2020-04-20;60000
17923;17923;2020-04-20;120540
17924;17924;2020-04-20;37600
17925;17925;2020-04-20;90000
17926;17926;2020-04-20;162360
17927;17927;2020-04-20;508000
17928;17928;2020-04-20;143154
17929;17929;2020-04-20;123400
17930;17930;2020-04-20;202500
17931;17931;2020-04-20;237520
17932;17932;2020-04-20;19000
17933;17933;2020-04-20;322500
17934;17934;2020-04-20;172460
17935;17935;2020-04-20;100000
17936;17936;2020-04-20;210000
17937;17937;2020-04-20;85000
17938;17938;2020-04-20;110000
17939;17939;2020-04-20;88500
17940;17940;2020-04-20;182200
17941;17941;2020-04-20;166000
17942;17942;2020-04-20;75500
17943;17943;2020-04-20;205760
17944;17944;2020-04-20;146600
17945;17945;2020-04-20;255000
17946;17946;2020-04-20;229000
17947;17947;2020-04-20;38000
17948;17948;2020-04-20;610000
17949;17949;2020-04-20;115000
17950;17950;2020-04-20;709250
17951;17951;2020-04-20;213800
17952;17952;2020-04-20;604250
17953;17953;2020-04-20;790000
17954;17954;2020-04-20;590000
17955;17955;2020-04-20;415000
17956;17956;2020-04-20;179070
17957;17957;2020-04-20;302000
17958;17958;2020-04-20;168667
17959;17959;2020-04-20;621968
17960;17960;2020-04-20;329000
17961;17961;2020-04-20;82800
17962;17962;2020-04-20;180000
17963;17963;2020-04-20;76000
17964;17964;2020-04-20;112000
17965;17965;2020-04-20;175000
17966;17966;2020-04-20;66000
17967;17967;2020-04-20;249985
17968;17968;2020-04-20;270000
17969;17969;2020-04-20;284000
17970;17970;2020-04-20;123000
17971;17971;2020-04-20;66500
17972;17972;2020-04-20;123015
17973;17973;2020-04-20;87000
17974;17974;2020-04-20;167000
17975;17975;2020-04-20;182100
17976;17976;2020-04-20;150500
17977;17977;2020-04-20;201450
17978;17978;2020-04-20;485000
17979;17979;2020-04-20;303000
17980;17980;2020-04-20;134000
17981;17981;2020-04-20;285000
17982;17982;2020-04-20;260239
17983;17983;2020-04-20;252000
17984;17984;2020-04-20;170000
17985;17985;2020-04-20;245000
17986;17986;2020-04-21;138000
17987;17987;2020-04-21;70000
17988;17988;2020-04-21;267000
17989;17989;2020-04-21;103000
17990;17990;2020-04-21;123900
17991;17991;2020-04-21;59000
17992;17992;2020-04-21;53000
17993;17993;2020-04-21;85000
17994;17994;2020-04-21;89000
17995;17995;2020-04-21;30000
17996;17996;2020-04-21;195000
17997;17997;2020-04-21;74229
17998;17998;2020-04-21;165250
17999;17999;2020-04-21;65000
18000;18000;2020-04-21;608000
18001;18001;2020-04-21;84663
18002;18002;2020-04-21;56000
18003;18003;2020-04-21;126000
18004;18004;2020-04-21;140000
18005;18005;2020-04-21;240000
18006;18006;2020-04-21;237000
18007;18007;2020-04-21;38000
18008;18008;2020-04-21;132000
18009;18009;2020-04-21;197900
18010;18010;2020-04-21;115000
18011;18011;2020-04-21;374690
18012;18012;2020-04-21;130000
18013;18013;2020-04-21;282850
18014;18014;2020-04-21;134000
18015;18015;2020-04-21;314000
18016;18016;2020-04-21;115000
18017;18017;2020-04-21;93000
18018;18018;2020-04-21;211000
18019;18019;2020-04-21;88200
18020;18020;2020-04-21;192000
18021;18021;2020-04-21;110887
18022;18022;2020-04-21;19000
18023;18023;2020-04-21;82000
18024;18024;2020-04-21;74000
18025;18025;2020-04-21;122000
18026;18026;2020-04-21;90000
18027;18027;2020-04-21;161300
18028;18028;2020-04-21;151500
18029;18029;2020-04-21;67800
18030;18030;2020-04-21;107500
18031;18031;2020-04-21;129000
18032;18032;2020-04-21;92270
18033;18033;2020-04-21;96670
18034;18034;2020-04-21;290100
18035;18035;2020-04-21;600000
18036;18036;2020-04-21;482625
18037;18037;2020-04-21;750000
18038;18038;2020-04-21;1304900
18039;18039;2020-04-21;570000
18040;18040;2020-04-21;513497
18041;18041;2020-04-21;634500
18042;18042;2020-04-21;264000
18043;18043;2020-04-21;148000
18044;18044;2020-04-21;445000
18045;18045;2020-04-21;447000
18046;18046;2020-04-21;249232
18047;18047;2020-04-21;292000
18048;18048;2020-04-21;86700
18049;18049;2020-04-21;60000
18050;18050;2020-04-21;183000
18051;18051;2020-04-21;350000
18052;18052;2020-04-21;75000
18053;18053;2020-04-21;108300
18054;18054;2020-04-21;86240
18055;18055;2020-04-21;460000
18056;18056;2020-04-21;136100
18057;18057;2020-04-21;114000
18058;18058;2020-04-21;148000
18059;18059;2020-04-21;117000
18060;18060;2020-04-21;262050
18061;18061;2020-04-21;25000
18062;18062;2020-04-21;155000
18063;18063;2020-04-21;76900
18064;18064;2020-04-21;106910
18065;18065;2020-04-21;55050
18066;18066;2020-04-21;165000
18067;18067;2020-04-21;331900
18068;18068;2020-04-21;90000
18069;18069;2020-04-21;105000
18070;18070;2020-04-21;108000
18071;18071;2020-04-21;120125
18072;18072;2020-04-21;280116
18073;18073;2020-04-21;138000
18074;18074;2020-04-21;210100
18075;18075;2020-04-21;160000
18076;18076;2020-04-22;223905
18077;18077;2020-04-22;57000
18078;18078;2020-04-22;114275
18079;18079;2020-04-22;112000
18080;18080;2020-04-22;303500
18081;18081;2020-04-22;170000
18082;18082;2020-04-22;184000
18083;18083;2020-04-22;157000
18084;18084;2020-04-22;387400
18085;18085;2020-04-22;199990
18086;18086;2020-04-22;255000
18087;18087;2020-04-22;137200
18088;18088;2020-04-22;17100
18089;18089;2020-04-22;185000
18090;18090;2020-04-22;78000
18091;18091;2020-04-22;30000
18092;18092;2020-04-22;48000
18093;18093;2020-04-22;125500
18094;18094;2020-04-22;165000
18095;18095;2020-04-22;164000
18096;18096;2020-04-22;84000
18097;18097;2020-04-22;65000
18098;18098;2020-04-22;70000
18099;18099;2020-04-22;147000
18100;18100;2020-04-22;170000
18101;18101;2020-04-22;50000
18102;18102;2020-04-22;63300
18103;18103;2020-04-22;215000
18104;18104;2020-04-22;106500
18105;18105;2020-04-22;186550
18106;18106;2020-04-22;30000
18107;18107;2020-04-22;55000
18108;18108;2020-04-22;97700
18109;18109;2020-04-22;68500
18110;18110;2020-04-22;168375
18111;18111;2020-04-22;312000
18112;18112;2020-04-22;156200
18113;18113;2020-04-22;254000
18114;18114;2020-04-22;168000
18115;18115;2020-04-22;86500
18116;18116;2020-04-22;152000
18117;18117;2020-04-22;122635
18118;18118;2020-04-22;79000
18119;18119;2020-04-22;26000
18120;18120;2020-04-22;93500
18121;18121;2020-04-22;124000
18122;18122;2020-04-22;452750
18123;18123;2020-04-22;70000
18124;18124;2020-04-22;420000
18125;18125;2020-04-22;62000
18126;18126;2020-04-22;367000
18127;18127;2020-04-22;93938
18128;18128;2020-04-22;97095
18129;18129;2020-04-22;99000
18130;18130;2020-04-22;276400
18131;18131;2020-04-22;360000
18132;18132;2020-04-22;495000
18133;18133;2020-04-22;1070000
18134;18134;2020-04-22;229690
18135;18135;2020-04-22;556000
18136;18136;2020-04-22;241000
18137;18137;2020-04-22;418450
18138;18138;2020-04-22;371500
18139;18139;2020-04-22;677000
18140;18140;2020-04-22;440000
18141;18141;2020-04-22;395000
18142;18142;2020-04-22;1600000
18143;18143;2020-04-22;859100
18144;18144;2020-04-22;335500
18145;18145;2020-04-22;330000
18146;18146;2020-04-22;295630
18147;18147;2020-04-22;160000
18148;18148;2020-04-22;150000
18149;18149;2020-04-22;221000
18150;18150;2020-04-22;156716
18151;18151;2020-04-22;256000
18152;18152;2020-04-22;210000
18153;18153;2020-04-22;74500
18154;18154;2020-04-22;77000
18155;18155;2020-04-22;129280
18156;18156;2020-04-22;140000
18157;18157;2020-04-22;119000
18158;18158;2020-04-22;120000
18159;18159;2020-04-22;290230
18160;18160;2020-04-22;872000
18161;18161;2020-04-22;348300
18162;18162;2020-04-22;714000
18163;18163;2020-04-22;403950
18164;18164;2020-04-22;540000
18165;18165;2020-04-22;213130
18166;18166;2020-04-22;606500
18167;18167;2020-04-22;139000
18168;18168;2020-04-22;230961
18169;18169;2020-04-22;102000
18170;18170;2020-04-22;62000
18171;18171;2020-04-22;154000
18172;18172;2020-04-22;52000
18173;18173;2020-04-23;95000
18174;18174;2020-04-23;229000
18175;18175;2020-04-23;510000
18176;18176;2020-04-23;600000
18177;18177;2020-04-23;93000
18178;18178;2020-04-23;179000
18179;18179;2020-04-23;410000
18180;18180;2020-04-23;525000
18181;18181;2020-04-23;550000
18182;18182;2020-04-23;237000
18183;18183;2020-04-23;127000
18184;18184;2020-04-23;72000
18185;18185;2020-04-23;71000
18186;18186;2020-04-23;121000
18187;18187;2020-04-23;178900
18188;18188;2020-04-23;87000
18189;18189;2020-04-23;109300
18190;18190;2020-04-23;174000
18191;18191;2020-04-23;41500
18192;18192;2020-04-23;300000
18193;18193;2020-04-23;135000
18194;18194;2020-04-23;305000
18195;18195;2020-04-23;217000
18196;18196;2020-04-23;81000
18197;18197;2020-04-23;168000
18198;18198;2020-04-23;302500
18199;18199;2020-04-23;56000
18200;18200;2020-04-23;111570
18201;18201;2020-04-23;204000
18202;18202;2020-04-23;133500
18203;18203;2020-04-23;86040
18204;18204;2020-04-23;123000
18205;18205;2020-04-23;134000
18206;18206;2020-04-23;113000
18207;18207;2020-04-23;101940
18208;18208;2020-04-23;73000
18209;18209;2020-04-23;181000
18210;18210;2020-04-23;38500
18211;18211;2020-04-23;129210
18212;18212;2020-04-23;126000
18213;18213;2020-04-23;123000
18214;18214;2020-04-23;71000
18215;18215;2020-04-23;161500
18216;18216;2020-04-23;97000
18217;18217;2020-04-23;420000
18218;18218;2020-04-23;107000
18219;18219;2020-04-23;50000
18220;18220;2020-04-23;214000
18221;18221;2020-04-23;319000
18222;18222;2020-04-23;140000
18223;18223;2020-04-23;176600
18224;18224;2020-04-23;76000
18225;18225;2020-04-23;156000
18226;18226;2020-04-23;158000
18227;18227;2020-04-23;52000
18228;18228;2020-04-23;59000
18229;18229;2020-04-23;81000
18230;18230;2020-04-23;95000
18231;18231;2020-04-23;115000
18232;18232;2020-04-23;162300
18233;18233;2020-04-23;320000
18234;18234;2020-04-23;290000
18235;18235;2020-04-23;100000
18236;18236;2020-04-23;38000
18237;18237;2020-04-23;92500
18238;18238;2020-04-23;215000
18239;18239;2020-04-23;40140
18240;18240;2020-04-23;171000
18241;18241;2020-04-23;660000
18242;18242;2020-04-23;276300
18243;18243;2020-04-23;620000
18244;18244;2020-04-23;2378780
18245;18245;2020-04-23;332000
18246;18246;2020-04-23;600000
18247;18247;2020-04-23;839800
18248;18248;2020-04-23;170000
18249;18249;2020-04-23;257650
18250;18250;2020-04-23;532300
18251;18251;2020-04-23;150000
18252;18252;2020-04-23;265000
18253;18253;2020-04-23;333000
18254;18254;2020-04-23;755000
18255;18255;2020-04-23;869000
18256;18256;2020-04-23;781000
18257;18257;2020-04-23;146000
18258;18258;2020-04-23;65000
18259;18259;2020-04-23;78000
18260;18260;2020-04-23;169000
18261;18261;2020-04-23;205000
18262;18262;2020-04-23;650000
18263;18263;2020-04-23;142900
18264;18264;2020-04-23;190000
18265;18265;2020-04-23;203000
18266;18266;2020-04-23;185000
18267;18267;2020-04-23;174900
18268;18268;2020-04-23;151000
18269;18269;2020-04-23;72500
18270;18270;2020-04-23;125000
18271;18271;2020-04-23;58000
18272;18272;2020-04-23;134200
18273;18273;2020-04-23;368010
18274;18274;2020-04-23;173000
18275;18275;2020-04-23;230000
18276;18276;2020-04-23;465000
18277;18277;2020-04-23;158000
18278;18278;2020-04-23;164000
18279;18279;2020-04-23;290000
18280;18280;2020-04-23;223000
18281;18281;2020-04-23;219211
18282;18282;2020-04-23;73500
18283;18283;2020-04-23;220000
18284;18284;2020-04-23;110000
18285;18285;2020-04-23;242000
18286;18286;2020-04-23;180000
18287;18287;2020-04-23;220000
18288;18288;2020-04-24;289150
18289;18289;2020-04-24;155000
18290;18290;2020-04-24;129700
18291;18291;2020-04-24;395000
18292;18292;2020-04-24;162300
18293;18293;2020-04-24;120110
18294;18294;2020-04-24;218000
18295;18295;2020-04-24;85000
18296;18296;2020-04-24;94000
18297;18297;2020-04-24;168300
18298;18298;2020-04-24;132384
18299;18299;2020-04-24;135000
18300;18300;2020-04-24;87800
18301;18301;2020-04-24;30000
18302;18302;2020-04-24;192000
18303;18303;2020-04-24;128000
18304;18304;2020-04-24;85000
18305;18305;2020-04-24;120600
18306;18306;2020-04-24;61500
18307;18307;2020-04-24;220000
18308;18308;2020-04-24;37000
18309;18309;2020-04-24;125000
18310;18310;2020-04-24;107050
18311;18311;2020-04-24;176000
18312;18312;2020-04-24;108200
18313;18313;2020-04-24;92500
18314;18314;2020-04-24;100000
18315;18315;2020-04-24;280000
18316;18316;2020-04-24;132500
18317;18317;2020-04-24;280000
18318;18318;2020-04-24;59000
18319;18319;2020-04-24;110000
18320;18320;2020-04-24;52425
18321;18321;2020-04-24;119500
18322;18322;2020-04-24;158000
18323;18323;2020-04-24;257548
18324;18324;2020-04-24;155150
18325;18325;2020-04-24;273125
18326;18326;2020-04-24;232000
18327;18327;2020-04-24;125000
18328;18328;2020-04-24;88000
18329;18329;2020-04-24;51420
18330;18330;2020-04-24;228394
18331;18331;2020-04-24;105000
18332;18332;2020-04-24;88000
18333;18333;2020-04-24;329000
18334;18334;2020-04-24;80000
18335;18335;2020-04-24;100000
18336;18336;2020-04-24;170000
18337;18337;2020-04-24;156000
18338;18338;2020-04-24;73000
18339;18339;2020-04-24;100000
18340;18340;2020-04-24;68500
18341;18341;2020-04-24;110000
18342;18342;2020-04-24;146000
18343;18343;2020-04-24;95000
18344;18344;2020-04-24;240500
18345;18345;2020-04-24;192250
18346;18346;2020-04-24;58200
18347;18347;2020-04-24;98500
18348;18348;2020-04-24;44400
18349;18349;2020-04-24;92000
18350;18350;2020-04-24;95000
18351;18351;2020-04-24;255000
18352;18352;2020-04-24;85000
18353;18353;2020-04-24;39000
18354;18354;2020-04-24;262000
18355;18355;2020-04-24;47100
18356;18356;2020-04-24;229000
18357;18357;2020-04-24;203900
18358;18358;2020-04-24;103000
18359;18359;2020-04-24;127500
18360;18360;2020-04-24;66000
18361;18361;2020-04-24;89000
18362;18362;2020-04-24;55000
18363;18363;2020-04-24;53000
18364;18364;2020-04-24;160000
18365;18365;2020-04-24;131760
18366;18366;2020-04-24;56000
18367;18367;2020-04-24;87000
18368;18368;2020-04-24;75800
18369;18369;2020-04-24;245900
18370;18370;2020-04-24;60000
18371;18371;2020-04-24;161000
18372;18372;2020-04-24;45000
18373;18373;2020-04-24;88000
18374;18374;2020-04-24;81000
18375;18375;2020-04-24;130000
18376;18376;2020-04-24;132000
18377;18377;2020-04-24;170860
18378;18378;2020-04-24;119100
18379;18379;2020-04-24;89000
18380;18380;2020-04-24;415000
18381;18381;2020-04-24;111000
18382;18382;2020-04-24;133000
18383;18383;2020-04-24;145000
18384;18384;2020-04-24;198785
18385;18385;2020-04-24;126000
18386;18386;2020-04-24;167000
18387;18387;2020-04-24;38500
18388;18388;2020-04-24;33000
18389;18389;2020-04-24;93732
18390;18390;2020-04-24;170400
18391;18391;2020-04-24;379850
18392;18392;2020-04-24;169820
18393;18393;2020-04-24;285000
18394;18394;2020-04-24;109000
18395;18395;2020-04-24;155000
18396;18396;2020-04-24;151200
18397;18397;2020-04-24;142000
18398;18398;2020-04-24;259000
18399;18399;2020-04-24;195000
18400;18400;2020-04-24;286200
18401;18401;2020-04-24;242000
18402;18402;2020-04-24;510000
18403;18403;2020-04-24;716000
18404;18404;2020-04-24;53000
18405;18405;2020-04-24;333550
18406;18406;2020-04-24;84400
18407;18407;2020-04-24;383000
18408;18408;2020-04-24;571900
18409;18409;2020-04-24;343600
18410;18410;2020-04-24;150900
18411;18411;2020-04-24;96000
18412;18412;2020-04-24;211350
18413;18413;2020-04-24;18945
18414;18414;2020-04-24;18795
18415;18415;2020-04-24;14470
18416;18416;2020-04-24;174800
18417;18417;2020-04-24;260000
18418;18418;2020-04-24;160000
18419;18419;2020-04-24;475000
18420;18420;2020-04-24;916650
18421;18421;2020-04-24;349057
18422;18422;2020-04-24;740000
18423;18423;2020-04-24;267000
18424;18424;2020-04-24;3874400
18425;18425;2020-04-24;267500
18426;18426;2020-04-24;185700
18427;18427;2020-04-24;525700
18428;18428;2020-04-24;337000
18429;18429;2020-04-24;285000
18430;18430;2020-04-24;300000
18431;18431;2020-04-24;362946
18432;18432;2020-04-24;373800
18433;18433;2020-04-24;1355550
18434;18434;2020-04-24;153000
18435;18435;2020-04-24;205000
18436;18436;2020-04-24;367300
18437;18437;2020-04-24;280000
18438;18438;2020-04-24;168770
18439;18439;2020-04-24;1170000
18440;18440;2020-04-24;340000
18441;18441;2020-04-24;1055900
18442;18442;2020-04-24;210000
18443;18443;2020-04-24;485000
18444;18444;2020-04-24;611015
18445;18445;2020-04-24;123200
18446;18446;2020-04-24;289881
18447;18447;2020-04-24;435000
18448;18448;2020-04-24;115000
18449;18449;2020-04-24;125490
18450;18450;2020-04-24;125900
18451;18451;2020-04-24;46500
18452;18452;2020-04-24;154000
18453;18453;2020-04-24;43401
18454;18454;2020-04-24;134000
18455;18455;2020-04-24;342000
18456;18456;2020-04-24;103000
18457;18457;2020-04-24;128200
18458;18458;2020-04-24;90000
18459;18459;2020-04-24;58500
18460;18460;2020-04-24;175000
18461;18461;2020-04-24;84500
18462;18462;2020-04-24;273200
18463;18463;2020-04-24;303250
18464;18464;2020-04-24;100000
18465;18465;2020-04-24;182780
18466;18466;2020-04-24;299000
18467;18467;2020-04-24;77000
18468;18468;2020-04-24;162000
18469;18469;2020-04-24;125535
18470;18470;2020-04-24;239050
18471;18471;2020-04-24;130000
18472;18472;2020-04-24;105000
18473;18473;2020-04-24;60000
18474;18474;2020-04-24;98000
18475;18475;2020-04-24;105000
18476;18476;2020-04-24;208600
18477;18477;2020-04-24;165000
18478;18478;2020-04-24;124000
18479;18479;2020-04-24;349000
18480;18480;2020-04-24;118400
18481;18481;2020-04-24;184273
18482;18482;2020-04-24;119394
18483;18483;2020-04-24;
18484;18484;2020-04-24;110000
18485;18485;2020-04-24;87000
18486;18486;2020-04-24;148310
18487;18487;2020-04-24;109000
18488;18488;2020-04-24;176480
18489;18489;2020-04-24;98820
18490;18490;2020-04-24;150600
18491;18491;2020-04-24;34548
18492;18492;2020-04-24;127300
18493;18493;2020-04-24;47000
18494;18494;2020-04-24;155000
18495;18495;2020-04-24;74000
18496;18496;2020-04-24;145000
18497;18497;2020-04-24;168000
18498;18498;2020-04-24;301500
18499;18499;2020-04-24;956000
18500;18500;2020-04-24;625000
18501;18501;2020-04-24;1000000
18502;18502;2020-04-24;115000
18503;18503;2020-04-24;130000
18504;18504;2020-04-24;135000
18505;18505;2020-04-24;231200
18506;18506;2020-04-24;179900
18507;18507;2020-04-24;171000
18508;18508;2020-04-24;192465
18509;18509;2020-04-24;188950
18510;18510;2020-04-24;121000
18511;18511;2020-04-24;100000
18512;18512;2020-04-24;212000
18513;18513;2020-04-24;332350
18514;18514;2020-04-24;240000
18515;18515;2020-04-24;144000
18516;18516;2020-04-24;173000
18517;18517;2020-04-24;265023
18518;18518;2020-04-24;157000
18519;18519;2020-04-24;132000
18520;18520;2020-04-27;44000
18521;18521;2020-04-27;50740
18522;18522;2020-04-27;40000
18523;18523;2020-04-27;138500
18524;18524;2020-04-27;165000
18525;18525;2020-04-27;108500
18526;18526;2020-04-27;205000
18527;18527;2020-04-27;185500
18528;18528;2020-04-27;610000
18529;18529;2020-04-27;325000
18530;18530;2020-04-27;142000
18531;18531;2020-04-27;134000
18532;18532;2020-04-27;117600
18533;18533;2020-04-27;132000
18534;18534;2020-04-27;294000
18535;18535;2020-04-27;38000
18536;18536;2020-04-27;165000
18537;18537;2020-04-27;561000
18538;18538;2020-04-27;230500
18539;18539;2020-04-27;346000
18540;18540;2020-04-27;38500
18541;18541;2020-04-27;91000
18542;18542;2020-04-27;60200
18543;18543;2020-04-27;133600
18544;18544;2020-04-27;73150
18545;18545;2020-04-27;280650
18546;18546;2020-04-27;359300
18547;18547;2020-04-27;92800
18548;18548;2020-04-27;54185
18549;18549;2020-04-27;150000
18550;18550;2020-04-27;472000
18551;18551;2020-04-27;134800
18552;18552;2020-04-27;164000
18553;18553;2020-04-27;290000
18554;18554;2020-04-27;284000
18555;18555;2020-04-27;113400
18556;18556;2020-04-27;245900
18557;18557;2020-04-27;173700
18558;18558;2020-04-27;177800
18559;18559;2020-04-27;10000
18560;18560;2020-04-27;63450
18561;18561;2020-04-27;174000
18562;18562;2020-04-27;177000
18563;18563;2020-04-27;80000
18564;18564;2020-04-27;118500
18565;18565;2020-04-27;170000
18566;18566;2020-04-27;245000
18567;18567;2020-04-27;75000
18568;18568;2020-04-27;136000
18569;18569;2020-04-27;266150
18570;18570;2020-04-27;205200
18571;18571;2020-04-27;90000
18572;18572;2020-04-27;268000
18573;18573;2020-04-27;750000
18574;18574;2020-04-27;257000
18575;18575;2020-04-27;319000
18576;18576;2020-04-27;166185
18577;18577;2020-04-27;143200
18578;18578;2020-04-27;221590
18579;18579;2020-04-27;298760
18580;18580;2020-04-27;312000
18581;18581;2020-04-27;116000
18582;18582;2020-04-27;163500
18583;18583;2020-04-27;1480000
18584;18584;2020-04-27;1645000
18585;18585;2020-04-27;903846
18586;18586;2020-04-27;856190
18587;18587;2020-04-27;361650
18588;18588;2020-04-27;503000
18589;18589;2020-04-27;848350
18590;18590;2020-04-27;475000
18591;18591;2020-04-27;253500
18592;18592;2020-04-27;870000
18593;18593;2020-04-27;970000
18594;18594;2020-04-27;978000
18595;18595;2020-04-27;1990000
18596;18596;2020-04-27;275000
18597;18597;2020-04-27;195950
18598;18598;2020-04-27;180000
18599;18599;2020-04-27;748500
18600;18600;2020-04-27;498000
18601;18601;2020-04-27;386000
18602;18602;2020-04-27;67445
18603;18603;2020-04-27;345440
18604;18604;2020-04-27;453000
18605;18605;2020-04-27;69500
18606;18606;2020-04-27;135000
18607;18607;2020-04-27;237000
18608;18608;2020-04-27;169000
18609;18609;2020-04-27;155000
18610;18610;2020-04-27;697750
18611;18611;2020-04-27;90000
18612;18612;2020-04-27;111500
18613;18613;2020-04-27;64000
18614;18614;2020-04-27;369666
18615;18615;2020-04-27;304500
18616;18616;2020-04-27;146000
18617;18617;2020-04-27;205000
18618;18618;2020-04-27;227000
18619;18619;2020-04-27;98000
18620;18620;2020-04-27;343000
18621;18621;2020-04-27;317000
18622;18622;2020-04-27;327390
18623;18623;2020-04-27;177500
18624;18624;2020-04-27;140000
18625;18625;2020-04-27;240000
18626;18626;2020-04-27;252000
18627;18627;2020-04-27;243000
18628;18628;2020-04-27;858500
18629;18629;2020-04-27;794110
18630;18630;2020-04-27;314000
18631;18631;2020-04-27;409500
18632;18632;2020-04-27;170000
18633;18633;2020-04-28;114400
18634;18634;2020-04-28;270000
18635;18635;2020-04-28;160000
18636;18636;2020-04-28;360000
18637;18637;2020-04-28;146430
18638;18638;2020-04-28;117475
18639;18639;2020-04-28;567000
18640;18640;2020-04-28;88000
18641;18641;2020-04-28;94000
18642;18642;2020-04-28;107000
18643;18643;2020-04-28;108000
18644;18644;2020-04-28;87000
18645;18645;2020-04-28;47000
18646;18646;2020-04-28;145000
18647;18647;2020-04-28;232500
18648;18648;2020-04-28;71000
18649;18649;2020-04-28;92500
18650;18650;2020-04-28;120555
18651;18651;2020-04-28;49500
18652;18652;2020-04-28;285000
18653;18653;2020-04-28;72500
18654;18654;2020-04-28;138450
18655;18655;2020-04-28;128500
18656;18656;2020-04-28;295810
18657;18657;2020-04-28;256500
18658;18658;2020-04-28;64152
18659;18659;2020-04-28;76000
18660;18660;2020-04-28;144270
18661;18661;2020-04-28;164900
18662;18662;2020-04-28;239500
18663;18663;2020-04-28;119000
18664;18664;2020-04-28;92000
18665;18665;2020-04-28;134000
18666;18666;2020-04-28;90000
18667;18667;2020-04-28;88600
18668;18668;2020-04-28;104000
18669;18669;2020-04-28;191000
18670;18670;2020-04-28;272000
18671;18671;2020-04-28;115000
18672;18672;2020-04-28;110964
18673;18673;2020-04-28;215000
18674;18674;2020-04-28;105072
18675;18675;2020-04-28;161012
18676;18676;2020-04-28;141216
18677;18677;2020-04-28;48000
18678;18678;2020-04-28;101600
18679;18679;2020-04-28;62500
18680;18680;2020-04-28;77850
18681;18681;2020-04-28;160000
18682;18682;2020-04-28;310000
18683;18683;2020-04-28;103608
18684;18684;2020-04-28;44200
18685;18685;2020-04-28;108000
18686;18686;2020-04-28;126810
18687;18687;2020-04-28;108000
18688;18688;2020-04-28;72810
18689;18689;2020-04-28;80000
18690;18690;2020-04-28;96000
18691;18691;2020-04-28;428700
18692;18692;2020-04-28;291200
18693;18693;2020-04-28;260500
18694;18694;2020-04-28;388050
18695;18695;2020-04-28;65000
18696;18696;2020-04-28;73000
18697;18697;2020-04-28;119000
18698;18698;2020-04-28;90500
18699;18699;2020-04-28;205000
18700;18700;2020-04-28;130000
18701;18701;2020-04-28;235000
18702;18702;2020-04-28;990000
18703;18703;2020-04-28;1000000
18704;18704;2020-04-28;1260000
18705;18705;2020-04-28;555300
18706;18706;2020-04-28;354000
18707;18707;2020-04-28;168000
18708;18708;2020-04-28;708000
18709;18709;2020-04-28;1439000
18710;18710;2020-04-28;991000
18711;18711;2020-04-28;741500
18712;18712;2020-04-28;215448
18713;18713;2020-04-28;355000
18714;18714;2020-04-28;642000
18715;18715;2020-04-28;102000
18716;18716;2020-04-28;585000
18717;18717;2020-04-28;278000
18718;18718;2020-04-28;187300
18719;18719;2020-04-28;113870
18720;18720;2020-04-28;67500
18721;18721;2020-04-28;148000
18722;18722;2020-04-28;251000
18723;18723;2020-04-28;373000
18724;18724;2020-04-28;90000
18725;18725;2020-04-28;632065
18726;18726;2020-04-28;177600
18727;18727;2020-04-28;173500
18728;18728;2020-04-28;100000
18729;18729;2020-04-28;100000
18730;18730;2020-04-28;152000
18731;18731;2020-04-28;98800
18732;18732;2020-04-28;240000
18733;18733;2020-04-28;124000
18734;18734;2020-04-28;120000
18735;18735;2020-04-28;92000
18736;18736;2020-04-28;81105
18737;18737;2020-04-28;77000
18738;18738;2020-04-28;151550
18739;18739;2020-04-28;177070
18740;18740;2020-04-28;138000
18741;18741;2020-04-28;117000
18742;18742;2020-04-28;200000
18743;18743;2020-04-28;392320
18744;18744;2020-04-28;203000
18745;18745;2020-04-28;194000
18746;18746;2020-04-28;250000
18747;18747;2020-04-28;229000
18748;18748;2020-04-28;169488
18749;18749;2020-04-28;196500
18750;18750;2020-04-28;176000
18751;18751;2020-04-28;319000
18752;18752;2020-04-28;219500
18753;18753;2020-04-28;347250
18754;18754;2020-04-28;305100
18755;18755;2020-04-28;105000
18756;18756;2020-04-28;106000
18757;18757;2020-04-28;47000
18758;18758;2020-04-29;98000
18759;18759;2020-04-29;104000
18760;18760;2020-04-29;367000
18761;18761;2020-04-29;19400
18762;18762;2020-04-29;232000
18763;18763;2020-04-29;370000
18764;18764;2020-04-29;154000
18765;18765;2020-04-29;119000
18766;18766;2020-04-29;230549
18767;18767;2020-04-29;35000
18768;18768;2020-04-29;38000
18769;18769;2020-04-29;105000
18770;18770;2020-04-29;48500
18771;18771;2020-04-29;230000
18772;18772;2020-04-29;120000
18773;18773;2020-04-29;188600
18774;18774;2020-04-29;189000
18775;18775;2020-04-29;81500
18776;18776;2020-04-29;213000
18777;18777;2020-04-29;270000
18778;18778;2020-04-29;85000
18779;18779;2020-04-29;64000
18780;18780;2020-04-29;113810
18781;18781;2020-04-29;78000
18782;18782;2020-04-29;83650
18783;18783;2020-04-29;192000
18784;18784;2020-04-29;329600
18785;18785;2020-04-29;241659
18786;18786;2020-04-29;159000
18787;18787;2020-04-29;113142
18788;18788;2020-04-29;136000
18789;18789;2020-04-29;375200
18790;18790;2020-04-29;147000
18791;18791;2020-04-29;57500
18792;18792;2020-04-29;151000
18793;18793;2020-04-29;197000
18794;18794;2020-04-29;29435
18795;18795;2020-04-29;65560
18796;18796;2020-04-29;41000
18797;18797;2020-04-29;538500
18798;18798;2020-04-29;33600
18799;18799;2020-04-29;512000
18800;18800;2020-04-29;77620
18801;18801;2020-04-29;184000
18802;18802;2020-04-29;231000
18803;18803;2020-04-29;63500
18804;18804;2020-04-29;28400
18805;18805;2020-04-29;52500
18806;18806;2020-04-29;112000
18807;18807;2020-04-29;53345
18808;18808;2020-04-29;82000
18809;18809;2020-04-29;128500
18810;18810;2020-04-29;161200
18811;18811;2020-04-29;131920
18812;18812;2020-04-29;98000
18813;18813;2020-04-29;289900
18814;18814;2020-04-29;35000
18815;18815;2020-04-29;42000
18816;18816;2020-04-29;95000
18817;18817;2020-04-29;104000
18818;18818;2020-04-29;28500
18819;18819;2020-04-29;63000
18820;18820;2020-04-29;65000
18821;18821;2020-04-29;62040
18822;18822;2020-04-29;137300
18823;18823;2020-04-29;125500
18824;18824;2020-04-29;510000
18825;18825;2020-04-29;93000
18826;18826;2020-04-29;114000
18827;18827;2020-04-29;82700
18828;18828;2020-04-29;99520
18829;18829;2020-04-29;36000
18830;18830;2020-04-29;72000
18831;18831;2020-04-29;61000
18832;18832;2020-04-29;125000
18833;18833;2020-04-29;114000
18834;18834;2020-04-29;190000
18835;18835;2020-04-29;100000
18836;18836;2020-04-29;242000
18837;18837;2020-04-29;209410
18838;18838;2020-04-29;132800
18839;18839;2020-04-29;375000
18840;18840;2020-04-29;315900
18841;18841;2020-04-29;160000
18842;18842;2020-04-29;192200
18843;18843;2020-04-29;270000
18844;18844;2020-04-29;286000
18845;18845;2020-04-29;159000
18846;18846;2020-04-29;127000
18847;18847;2020-04-29;106000
18848;18848;2020-04-29;186000
18849;18849;2020-04-29;249525
18850;18850;2020-04-29;232308
18851;18851;2020-04-29;409150
18852;18852;2020-04-29;1493300
18853;18853;2020-04-29;2300000
18854;18854;2020-04-29;1246000
18855;18855;2020-04-29;802000
18856;18856;2020-04-29;730000
18857;18857;2020-04-29;442800
18858;18858;2020-04-29;260000
18859;18859;2020-04-29;716434
18860;18860;2020-04-29;89000
18861;18861;2020-04-29;105000
18862;18862;2020-04-29;816000
18863;18863;2020-04-29;370000
18864;18864;2020-04-29;550000
18865;18865;2020-04-29;278696
18866;18866;2020-04-29;440000
18867;18867;2020-04-29;630000
18868;18868;2020-04-29;1556150
18869;18869;2020-04-29;170000
18870;18870;2020-04-29;621000
18871;18871;2020-04-29;212400
18872;18872;2020-04-29;458000
18873;18873;2020-04-29;317190
18874;18874;2020-04-29;218000
18875;18875;2020-04-29;425580
18876;18876;2020-04-29;288000
18877;18877;2020-04-29;344000
18878;18878;2020-04-29;105000
18879;18879;2020-04-29;88000
18880;18880;2020-04-29;68200
18881;18881;2020-04-29;259155
18882;18882;2020-04-29;196060
18883;18883;2020-04-29;190000
18884;18884;2020-04-29;254500
18885;18885;2020-04-29;40000
18886;18886;2020-04-29;135000
18887;18887;2020-04-29;190570
18888;18888;2020-04-29;212210
18889;18889;2020-04-29;217103
18890;18890;2020-04-29;288000
18891;18891;2020-04-29;64000
18892;18892;2020-04-29;144000
18893;18893;2020-04-29;645000
18894;18894;2020-04-29;132440
18895;18895;2020-04-29;300000
18896;18896;2020-04-29;129900
18897;18897;2020-04-29;133200
18898;18898;2020-04-29;187000
18899;18899;2020-04-29;165000
18900;18900;2020-04-29;65400
18901;18901;2020-04-29;258000
18902;18902;2020-04-29;360000
18903;18903;2020-04-29;220000
18904;18904;2020-04-29;175000
18905;18905;2020-04-29;224800
18906;18906;2020-04-29;411800
18907;18907;2020-04-29;585000
18908;18908;2020-04-29;181500
18909;18909;2020-04-29;130000
18910;18910;2020-04-29;180000
18911;18911;2020-04-29;376000
18912;18912;2020-04-29;165000
18913;18913;2020-04-29;205200
18914;18914;2020-04-29;75000
18915;18915;2020-04-29;796680
18916;18916;2020-04-29;180000
18917;18917;2020-04-29;750000
18918;18918;2020-04-29;606200
18919;18919;2020-04-29;144000
18920;18920;2020-04-29;153800
18921;18921;2020-04-29;426585
18922;18922;2020-04-29;123000
18923;18923;2020-04-29;130000
18924;18924;2020-04-29;60000
18925;18925;2020-04-30;245000
18926;18926;2020-04-30;48700
18927;18927;2020-04-30;130000
18928;18928;2020-04-30;77400
18929;18929;2020-04-30;43500
18930;18930;2020-04-30;146192
18931;18931;2020-04-30;65000
18932;18932;2020-04-30;185000
18933;18933;2020-04-30;125000
18934;18934;2020-04-30;645000
18935;18935;2020-04-30;290000
18936;18936;2020-04-30;128000
18937;18937;2020-04-30;285000
18938;18938;2020-04-30;85100
18939;18939;2020-04-30;254280
18940;18940;2020-04-30;324250
18941;18941;2020-04-30;695000
18942;18942;2020-04-30;310000
18943;18943;2020-04-30;355000
18944;18944;2020-04-30;145000
18945;18945;2020-04-30;180200
18946;18946;2020-04-30;178500
18947;18947;2020-04-30;117000
18948;18948;2020-04-30;85450
18949;18949;2020-04-30;166000
18950;18950;2020-04-30;38500
18951;18951;2020-04-30;42000
18952;18952;2020-04-30;39000
18953;18953;2020-04-30;64500
18954;18954;2020-04-30;211170
18955;18955;2020-04-30;164000
18956;18956;2020-04-30;106050
18957;18957;2020-04-30;92650
18958;18958;2020-04-30;269000
18959;18959;2020-04-30;80000
18960;18960;2020-04-30;143000
18961;18961;2020-04-30;172628
18962;18962;2020-04-30;180000
18963;18963;2020-04-30;338000
18964;18964;2020-04-30;148000
18965;18965;2020-04-30;139853
18966;18966;2020-04-30;112600
18967;18967;2020-04-30;83500
18968;18968;2020-04-30;57300
18969;18969;2020-04-30;78000
18970;18970;2020-04-30;152500
18971;18971;2020-04-30;123600
18972;18972;2020-04-30;132000
18973;18973;2020-04-30;104240
18974;18974;2020-04-30;122430
18975;18975;2020-04-30;127470
18976;18976;2020-04-30;39000
18977;18977;2020-04-30;163000
18978;18978;2020-04-30;92800
18979;18979;2020-04-30;114400
18980;18980;2020-04-30;48000
18981;18981;2020-04-30;222500
18982;18982;2020-04-30;59000
18983;18983;2020-04-30;74260
18984;18984;2020-04-30;218500
18985;18985;2020-04-30;100000
18986;18986;2020-04-30;178300
18987;18987;2020-04-30;235000
18988;18988;2020-04-30;120000
18989;18989;2020-04-30;105000
18990;18990;2020-04-30;220000
18991;18991;2020-04-30;164950
18992;18992;2020-04-30;112000
18993;18993;2020-04-30;122480
18994;18994;2020-04-30;236320
18995;18995;2020-04-30;67000
18996;18996;2020-04-30;452500
18997;18997;2020-04-30;75000
18998;18998;2020-04-30;143250
18999;18999;2020-04-30;425000
19000;19000;2020-04-30;199000
19001;19001;2020-04-30;185000
19002;19002;2020-04-30;262890
19003;19003;2020-04-30;191500
19004;19004;2020-04-30;135000
19005;19005;2020-04-30;162000
19006;19006;2020-04-30;135850
19007;19007;2020-04-30;54400
19008;19008;2020-04-30;54560
19009;19009;2020-04-30;255000
19010;19010;2020-04-30;276900
19011;19011;2020-04-30;65000
19012;19012;2020-04-30;214830
19013;19013;2020-04-30;176000
19014;19014;2020-04-30;387000
19015;19015;2020-04-30;195000
19016;19016;2020-04-30;219000
19017;19017;2020-04-30;197000
19018;19018;2020-04-30;126100
19019;19019;2020-04-30;82343
19020;19020;2020-04-30;82751
19021;19021;2020-04-30;169000
19022;19022;2020-04-30;54000
19023;19023;2020-04-30;80000
19024;19024;2020-04-30;410150
19025;19025;2020-04-30;89900
19026;19026;2020-04-30;240000
19027;19027;2020-04-30;123750
19028;19028;2020-04-30;173800
19029;19029;2020-04-30;180050
19030;19030;2020-04-30;170000
19031;19031;2020-04-30;220000
19032;19032;2020-04-30;110000
19033;19033;2020-04-30;172800
19034;19034;2020-04-30;256500
19035;19035;2020-04-30;255000
19036;19036;2020-04-30;202400
19037;19037;2020-04-30;260800
19038;19038;2020-04-30;85000
19039;19039;2020-04-30;105000
19040;19040;2020-04-30;180000
19041;19041;2020-04-30;128500
19042;19042;2020-04-30;155000
19043;19043;2020-04-30;65500
19044;19044;2020-04-30;34340
19045;19045;2020-04-30;123000
19046;19046;2020-04-30;196000
19047;19047;2020-04-30;58000
19048;19048;2020-04-30;226500
19049;19049;2020-04-30;327000
19050;19050;2020-04-30;108995
19051;19051;2020-04-30;76000
19052;19052;2020-04-30;472000
19053;19053;2020-04-30;140000
19054;19054;2020-04-30;139990
19055;19055;2020-04-30;92000
19056;19056;2020-04-30;127000
19057;19057;2020-04-30;131000
19058;19058;2020-04-30;87000
19059;19059;2020-04-30;169000
19060;19060;2020-04-30;112350
19061;19061;2020-04-30;113000
19062;19062;2020-04-30;107670
19063;19063;2020-04-30;97300
19064;19064;2020-04-30;160000
19065;19065;2020-04-30;83100
19066;19066;2020-04-30;224000
19067;19067;2020-04-30;75500
19068;19068;2020-04-30;45000
19069;19069;2020-04-30;70000
19070;19070;2020-04-30;31500
19071;19071;2020-04-30;71940
19072;19072;2020-04-30;70000
19073;19073;2020-04-30;129400
19074;19074;2020-04-30;80500
19075;19075;2020-04-30;110000
19076;19076;2020-04-30;67000
19077;19077;2020-04-30;70000
19078;19078;2020-04-30;83800
19079;19079;2020-04-30;135000
19080;19080;2020-04-30;57500
19081;19081;2020-04-30;62500
19082;19082;2020-04-30;105000
19083;19083;2020-04-30;106700
19084;19084;2020-04-30;150000
19085;19085;2020-04-30;408550
19086;19086;2020-04-30;61050
19087;19087;2020-04-30;440000
19088;19088;2020-04-30;112000
19089;19089;2020-04-30;148000
19090;19090;2020-04-30;347000
19091;19091;2020-04-30;161418
19092;19092;2020-04-30;180000
19093;19093;2020-04-30;57000
19094;19094;2020-04-30;88000
19095;19095;2020-04-30;114250
19096;19096;2020-04-30;262387
19097;19097;2020-04-30;47000
19098;19098;2020-04-30;49000
19099;19099;2020-04-30;36000
19100;19100;2020-04-30;115000
19101;19101;2020-04-30;785000
19102;19102;2020-04-30;156000
19103;19103;2020-04-30;26500
19104;19104;2020-04-30;106840
19105;19105;2020-04-30;33000
19106;19106;2020-04-30;54510
19107;19107;2020-04-30;149815
19108;19108;2020-04-30;57000
19109;19109;2020-04-30;181480
19110;19110;2020-04-30;60000
19111;19111;2020-04-30;55500
19112;19112;2020-04-30;92000
19113;19113;2020-04-30;118000
19114;19114;2020-04-30;244000
19115;19115;2020-04-30;385775
19116;19116;2020-04-30;131165
19117;19117;2020-04-30;260000
19118;19118;2020-04-30;39195
19119;19119;2020-04-30;226900
19120;19120;2020-04-30;116190
19121;19121;2020-04-30;273000
19122;19122;2020-04-30;120000
19123;19123;2020-04-30;193600
19124;19124;2020-04-30;308525
19125;19125;2020-04-30;58000
19126;19126;2020-04-30;285000
19127;19127;2020-04-30;395000
19128;19128;2020-04-30;361000
19129;19129;2020-04-30;119000
19130;19130;2020-04-30;167500
19131;19131;2020-04-30;122500
19132;19132;2020-04-30;422000
19133;19133;2020-04-30;309000
19134;19134;2020-04-30;140000
19135;19135;2020-04-30;180000
19136;19136;2020-04-30;354720
19137;19137;2020-04-30;148000
19138;19138;2020-04-30;296000
19139;19139;2020-04-30;180000
19140;19140;2020-04-30;75000
19141;19141;2020-04-30;39000
19142;19142;2020-04-30;52800
19143;19143;2020-04-30;99900
19144;19144;2020-04-30;105990
19145;19145;2020-04-30;93300
19146;19146;2020-04-30;107500
19147;19147;2020-04-30;76000
19148;19148;2020-04-30;84870
19149;19149;2020-04-30;620250
19150;19150;2020-04-30;301000
19151;19151;2020-04-30;83000
19152;19152;2020-04-30;125610
19153;19153;2020-04-30;181450
19154;19154;2020-04-30;295500
19155;19155;2020-04-30;35150
19156;19156;2020-04-30;71000
19157;19157;2020-04-30;145300
19158;19158;2020-04-30;155800
19159;19159;2020-04-30;195000
19160;19160;2020-04-30;653850
19161;19161;2020-04-30;6600000
19162;19162;2020-04-30;1349100
19163;19163;2020-04-30;1750000
19164;19164;2020-04-30;950000
19165;19165;2020-04-30;383500
19166;19166;2020-04-30;336000
19167;19167;2020-04-30;190000
19168;19168;2020-04-30;507000
19169;19169;2020-04-30;472986
19170;19170;2020-04-30;350000
19171;19171;2020-04-30;1050000
19172;19172;2020-04-30;792000
19173;19173;2020-04-30;204000
19174;19174;2020-04-30;814000
19175;19175;2020-04-30;290000
19176;19176;2020-04-30;645950
19177;19177;2020-04-30;269000
19178;19178;2020-04-30;2696100
19179;19179;2020-04-30;591000
19180;19180;2020-04-30;1020000
19181;19181;2020-04-30;1273000
19182;19182;2020-04-30;1600000
19183;19183;2020-04-30;875000
19184;19184;2020-04-30;1441700
19185;19185;2020-04-30;1150000
19186;19186;2020-04-30;280000
19187;19187;2020-04-30;835000
19188;19188;2020-04-30;1321200
19189;19189;2020-04-30;1376500
19190;19190;2020-04-30;706690
19191;19191;2020-04-30;670000
19192;19192;2020-04-30;233500
19193;19193;2020-04-30;428400
19194;19194;2020-04-30;226100
19195;19195;2020-04-30;493000
19196;19196;2020-04-30;735000
19197;19197;2020-04-30;369220
19198;19198;2020-04-30;274000
19199;19199;2020-04-30;970000
19200;19200;2020-04-30;392000
19201;19201;2020-04-30;724000
19202;19202;2020-04-30;1450000
19203;19203;2020-04-30;650000
19204;19204;2020-04-30;387100
19205;19205;2020-04-30;137000
19206;19206;2020-04-30;310000
19207;19207;2020-04-30;1039000
19208;19208;2020-04-30;316900
19209;19209;2020-04-30;243841
19210;19210;2020-04-30;840000
19211;19211;2020-04-30;151000
19212;19212;2020-04-30;750000
19213;19213;2020-04-30;206000
19214;19214;2020-04-30;225000
19215;19215;2020-04-30;753000
19216;19216;2020-04-30;562740
19217;19217;2020-04-30;1832900
19218;19218;2020-04-30;4130000
19219;19219;2020-04-30;821500
19220;19220;2020-04-30;92000
19221;19221;2020-04-30;539000
19222;19222;2020-04-30;477300
19223;19223;2020-04-30;237000
19224;19224;2020-04-30;66000
19225;19225;2020-04-30;601500
19226;19226;2020-04-30;155520
19227;19227;2020-04-30;532000
19228;19228;2020-04-30;100311
19229;19229;2020-04-30;85680
19230;19230;2020-04-30;738950
19231;19231;2020-04-30;334710
19232;19232;2020-04-30;1020000
19233;19233;2020-04-30;762700
19234;19234;2020-04-30;127000
19235;19235;2020-04-30;175000
19236;19236;2020-04-30;32500
19237;19237;2020-04-30;180000
19238;19238;2020-04-30;160500
19239;19239;2020-04-30;186900
19240;19240;2020-04-30;214630
19241;19241;2020-04-30;214000
19242;19242;2020-04-30;100700
19243;19243;2020-04-30;218500
19244;19244;2020-04-30;350000
19245;19245;2020-04-30;198500
19246;19246;2020-04-30;86000
19247;19247;2020-04-30;80000
19248;19248;2020-04-30;63000
19249;19249;2020-04-30;129000
19250;19250;2020-04-30;163000
19251;19251;2020-04-30;148000
19252;19252;2020-04-30;198000
19253;19253;2020-04-30;290000
19254;19254;2020-04-30;425550
19255;19255;2020-04-30;122000
19256;19256;2020-04-30;107400
19257;19257;2020-04-30;143500
19258;19258;2020-04-30;130000
19259;19259;2020-04-30;137000
19260;19260;2020-04-30;184000
19261;19261;2020-04-30;183000
19262;19262;2020-04-30;109450
19263;19263;2020-04-30;181250
19264;19264;2020-04-30;132000
19265;19265;2020-04-30;258000
19266;19266;2020-04-30;237735
19267;19267;2020-04-30;153000
19268;19268;2020-04-30;121000
19269;19269;2020-04-30;300000
19270;19270;2020-04-30;140000
19271;19271;2020-04-30;162000
19272;19272;2020-04-30;318550
19273;19273;2020-04-30;466000
19274;19274;2020-04-30;510000
19275;19275;2020-04-30;268000
19276;19276;2020-04-30;215500
19277;19277;2020-04-30;71000
19278;19278;2020-04-30;202700
19279;19279;2020-04-30;134800
19280;19280;2020-04-30;163200
19281;19281;2020-04-30;130000
19282;19282;2020-04-30;60000
19283;19283;2020-04-30;180000
19284;19284;2020-04-30;76700
19285;19285;2020-04-30;51300
19286;19286;2020-04-30;1017500
19287;19287;2020-04-30;94500
19288;19288;2020-04-30;177000
19289;19289;2020-04-30;330100
19290;19290;2020-04-30;380000
19291;19291;2020-04-30;139500
19292;19292;2020-04-30;105000
19293;19293;2020-04-30;205000
19294;19294;2020-04-30;55000
19295;19295;2020-04-30;91000
19296;19296;2020-04-30;117000
19297;19297;2020-04-30;82000
19298;19298;2020-04-30;298770
19299;19299;2020-04-30;90000
19300;19300;2020-04-30;66000
19301;19301;2020-04-30;150000
19302;19302;2020-04-30;75000
19303;19303;2020-04-30;185250
19304;19304;2020-04-30;78000
19305;19305;2020-04-30;92000
19306;19306;2020-04-30;260500
19307;19307;2020-04-30;48015
19308;19308;2020-04-30;161000
19309;19309;2020-04-30;53700
19310;19310;2020-04-30;127050
19311;19311;2020-04-30;68500
19312;19312;2020-04-30;22500
19313;19313;2020-04-30;69200
19314;19314;2020-04-30;88000
19315;19315;2020-04-30;101000
19316;19316;2020-04-30;270000
19317;19317;2020-04-30;125000
19318;19318;2020-04-30;203000
19319;19319;2020-04-30;135000
19320;19320;2020-04-30;148560
19321;19321;2020-04-30;214236
19322;19322;2020-04-30;273260
19323;19323;2020-04-30;393600
19324;19324;2020-04-30;142000
19325;19325;2020-04-30;281000
19326;19326;2020-04-30;135000
19327;19327;2020-04-30;116500
19328;19328;2020-04-30;165000
19329;19329;2020-04-30;267000
19330;19330;2020-04-30;158000
19331;19331;2020-04-30;450000
19332;19332;2020-04-30;675000
19333;19333;2020-04-30;322000
19334;19334;2020-04-30;470390
19335;19335;2020-04-30;180000
19336;19336;2020-04-30;356155
19337;19337;2020-04-30;295000
19338;19338;2020-04-30;320000
19339;19339;2020-04-30;343300
19340;19340;2020-04-30;500000
19341;19341;2020-04-30;290000
19342;19342;2020-04-30;553500
19343;19343;2020-04-30;134134
19344;19344;2020-04-30;1099950
19345;19345;2020-04-30;510000
19346;19346;2020-04-30;345000
19347;19347;2020-04-30;135000
19348;19348;2020-04-30;130000
19349;19349;2020-04-30;168000
19350;19350;2020-04-30;347000
19351;19351;2020-04-30;235000
19352;19352;2020-04-30;232000
19353;19353;2020-04-30;238000
19354;19354;2020-04-30;198000
19355;19355;2020-04-30;160000
19356;19356;2020-04-30;164000
19357;19357;2020-04-30;177000
19358;19358;2020-04-30;280000
19359;19359;2020-04-30;197060
19360;19360;2020-04-30;254150
19361;19361;2020-04-30;126000
19362;19362;2020-04-30;185000
19363;19363;2020-04-30;257600
19364;19364;2020-04-30;230760
19365;19365;2020-04-30;125000
19366;19366;2020-04-30;108070
19367;19367;2020-04-30;286000
19368;19368;2020-04-30;239571
19369;19369;2020-04-30;172000
19370;19370;2020-04-30;135000
19371;19371;2020-04-30;240000
19372;19372;2020-04-30;198000
19373;19373;2020-04-30;255000
19374;19374;2020-04-30;174000
19375;19375;2020-04-30;158000
19376;19376;2020-04-30;200000
19377;19377;2020-04-30;143000
19378;19378;2020-04-30;255000
19379;19379;2020-04-30;216500
19380;19380;2020-04-30;390000
19381;19381;2020-04-30;278000
19382;19382;2020-04-30;107800
19383;19383;2020-04-30;180000
19384;19384;2020-04-30;90000
19385;19385;2020-04-30;110000
19386;19386;2020-04-30;260000
19387;19387;2020-04-30;210000
19388;19388;2020-05-01;165000
19389;19389;2020-05-01;493000
19390;19390;2020-05-02;212265
19391;19391;2020-05-02;625000
19392;19392;2020-05-04;34000
19393;19393;2020-05-04;87000
19394;19394;2020-05-04;765000
19395;19395;2020-05-04;
19396;19396;2020-05-04;208500
19397;19397;2020-05-04;309000
19398;19398;2020-05-04;201470
19399;19399;2020-05-04;257400
19400;19400;2020-05-04;70000
19401;19401;2020-05-04;289000
19402;19402;2020-05-04;44500
19403;19403;2020-05-04;38000
19404;19404;2020-05-04;129000
19405;19405;2020-05-04;76550
19406;19406;2020-05-04;22500
19407;19407;2020-05-04;92000
19408;19408;2020-05-04;202586
19409;19409;2020-05-04;100000
19410;19410;2020-05-04;380000
19411;19411;2020-05-04;20000
19412;19412;2020-05-04;311450
19413;19413;2020-05-04;213000
19414;19414;2020-05-04;143050
19415;19415;2020-05-04;126000
19416;19416;2020-05-04;57955
19417;19417;2020-05-04;135000
19418;19418;2020-05-04;99000
19419;19419;2020-05-04;180920
19420;19420;2020-05-04;160000
19421;19421;2020-05-04;144000
19422;19422;2020-05-04;56750
19423;19423;2020-05-04;162000
19424;19424;2020-05-04;600000
19425;19425;2020-05-04;82000
19426;19426;2020-05-04;96000
19427;19427;2020-05-04;92000
19428;19428;2020-05-04;157000
19429;19429;2020-05-04;34460
19430;19430;2020-05-04;125000
19431;19431;2020-05-04;126526
19432;19432;2020-05-04;96500
19433;19433;2020-05-04;145000
19434;19434;2020-05-04;78500
19435;19435;2020-05-04;75000
19436;19436;2020-05-04;105000
19437;19437;2020-05-04;150400
19438;19438;2020-05-04;60000
19439;19439;2020-05-04;45000
19440;19440;2020-05-04;77000
19441;19441;2020-05-04;83000
19442;19442;2020-05-04;55000
19443;19443;2020-05-04;123000
19444;19444;2020-05-04;90000
19445;19445;2020-05-04;38500
19446;19446;2020-05-04;85000
19447;19447;2020-05-04;95000
19448;19448;2020-05-04;205000
19449;19449;2020-05-04;304800
19450;19450;2020-05-04;77000
19451;19451;2020-05-04;109500
19452;19452;2020-05-04;430000
19453;19453;2020-05-04;965000
19454;19454;2020-05-04;213400
19455;19455;2020-05-04;268000
19456;19456;2020-05-04;215000
19457;19457;2020-05-04;57500
19458;19458;2020-05-04;88000
19459;19459;2020-05-04;213000
19460;19460;2020-05-04;489000
19461;19461;2020-05-04;64000
19462;19462;2020-05-04;430000
19463;19463;2020-05-04;412126
19464;19464;2020-05-04;1259000
19465;19465;2020-05-04;1550000
19466;19466;2020-05-04;190000
19467;19467;2020-05-04;538900
19468;19468;2020-05-04;408400
19469;19469;2020-05-04;627250
19470;19470;2020-05-04;640000
19471;19471;2020-05-04;353220
19472;19472;2020-05-04;384800
19473;19473;2020-05-04;810170
19474;19474;2020-05-04;440000
19475;19475;2020-05-04;1076881
19476;19476;2020-05-04;141000
19477;19477;2020-05-04;325000
19478;19478;2020-05-04;345120
19479;19479;2020-05-04;655000
19480;19480;2020-05-04;83000
19481;19481;2020-05-04;398550
19482;19482;2020-05-04;299750
19483;19483;2020-05-04;156000
19484;19484;2020-05-04;303000
19485;19485;2020-05-04;120000
19486;19486;2020-05-04;220800
19487;19487;2020-05-04;379555
19488;19488;2020-05-04;795000
19489;19489;2020-05-04;107180
19490;19490;2020-05-04;252000
19491;19491;2020-05-04;263140
19492;19492;2020-05-04;110000
19493;19493;2020-05-04;148000
19494;19494;2020-05-04;120000
19495;19495;2020-05-04;185500
19496;19496;2020-05-04;325000
19497;19497;2020-05-04;140000
19498;19498;2020-05-04;16000
19499;19499;2020-05-04;63000
19500;19500;2020-05-04;335800
19501;19501;2020-05-04;266140
19502;19502;2020-05-04;404000
19503;19503;2020-05-04;1300000
19504;19504;2020-05-04;367500
19505;19505;2020-05-04;81000
19506;19506;2020-05-04;157500
19507;19507;2020-05-04;107589
19508;19508;2020-05-04;65087
19509;19509;2020-05-04;237200
19510;19510;2020-05-04;160000
19511;19511;2020-05-04;375000
19512;19512;2020-05-04;336000
19513;19513;2020-05-04;311000
19514;19514;2020-05-04;108000
19515;19515;2020-05-04;307000
19516;19516;2020-05-04;573000
19517;19517;2020-05-04;120000
19518;19518;2020-05-04;334100
19519;19519;2020-05-05;162000
19520;19520;2020-05-05;128490
19521;19521;2020-05-05;100000
19522;19522;2020-05-05;223000
19523;19523;2020-05-05;292500
19524;19524;2020-05-05;378000
19525;19525;2020-05-05;113000
19526;19526;2020-05-05;219000
19527;19527;2020-05-05;420000
19528;19528;2020-05-05;182000
19529;19529;2020-05-05;63000
19530;19530;2020-05-05;83470
19531;19531;2020-05-05;106000
19532;19532;2020-05-05;46500
19533;19533;2020-05-05;89900
19534;19534;2020-05-05;218000
19535;19535;2020-05-05;75000
19536;19536;2020-05-05;59000
19537;19537;2020-05-05;191150
19538;19538;2020-05-05;242000
19539;19539;2020-05-05;174900
19540;19540;2020-05-05;208663
19541;19541;2020-05-05;110000
19542;19542;2020-05-05;128500
19543;19543;2020-05-05;203000
19544;19544;2020-05-05;238600
19545;19545;2020-05-05;140000
19546;19546;2020-05-05;78600
19547;19547;2020-05-05;332000
19548;19548;2020-05-05;214970
19549;19549;2020-05-05;176000
19550;19550;2020-05-05;194800
19551;19551;2020-05-05;106000
19552;19552;2020-05-05;285000
19553;19553;2020-05-05;395000
19554;19554;2020-05-05;156000
19555;19555;2020-05-05;153000
19556;19556;2020-05-05;141700
19557;19557;2020-05-05;77000
19558;19558;2020-05-05;120000
19559;19559;2020-05-05;59000
19560;19560;2020-05-05;101300
19561;19561;2020-05-05;90000
19562;19562;2020-05-05;97000
19563;19563;2020-05-05;76000
19564;19564;2020-05-05;53000
19565;19565;2020-05-05;270000
19566;19566;2020-05-05;178000
19567;19567;2020-05-05;145000
19568;19568;2020-05-05;35000
19569;19569;2020-05-05;67000
19570;19570;2020-05-05;178000
19571;19571;2020-05-05;66000
19572;19572;2020-05-05;232557
19573;19573;2020-05-05;199000
19574;19574;2020-05-05;461215
19575;19575;2020-05-05;109220
19576;19576;2020-05-05;133000
19577;19577;2020-05-05;300650
19578;19578;2020-05-05;475650
19579;19579;2020-05-05;738715
19580;19580;2020-05-05;800000
19581;19581;2020-05-05;499000
19582;19582;2020-05-05;579772
19583;19583;2020-05-05;696000
19584;19584;2020-05-05;706000
19585;19585;2020-05-05;1195300
19586;19586;2020-05-05;325000
19587;19587;2020-05-05;375280
19588;19588;2020-05-05;118000
19589;19589;2020-05-05;135000
19590;19590;2020-05-05;58000
19591;19591;2020-05-05;243950
19592;19592;2020-05-05;91800
19593;19593;2020-05-05;239000
19594;19594;2020-05-05;122000
19595;19595;2020-05-05;106000
19596;19596;2020-05-05;196000
19597;19597;2020-05-05;239000
19598;19598;2020-05-05;182700
19599;19599;2020-05-05;233500
19600;19600;2020-05-05;151500
19601;19601;2020-05-05;330000
19602;19602;2020-05-05;450000
19603;19603;2020-05-05;246000
19604;19604;2020-05-05;27500
19605;19605;2020-05-05;90000
19606;19606;2020-05-05;23000
19607;19607;2020-05-05;113250
19608;19608;2020-05-05;255000
19609;19609;2020-05-05;247000
19610;19610;2020-05-05;427100
19611;19611;2020-05-05;230000
19612;19612;2020-05-05;300000
19613;19613;2020-05-05;382670
19614;19614;2020-05-05;260000
19615;19615;2020-05-05;630000
19616;19616;2020-05-05;479800
19617;19617;2020-05-05;246000
19618;19618;2020-05-05;197000
19619;19619;2020-05-05;224000
19620;19620;2020-05-05;145000
19621;19621;2020-05-05;248800
19622;19622;2020-05-06;294000
19623;19623;2020-05-06;115000
19624;19624;2020-05-06;80900
19625;19625;2020-05-06;65000
19626;19626;2020-05-06;45500
19627;19627;2020-05-06;80000
19628;19628;2020-05-06;154000
19629;19629;2020-05-06;150000
19630;19630;2020-05-06;190450
19631;19631;2020-05-06;120560
19632;19632;2020-05-06;440000
19633;19633;2020-05-06;115000
19634;19634;2020-05-06;214000
19635;19635;2020-05-06;62000
19636;19636;2020-05-06;57500
19637;19637;2020-05-06;55000
19638;19638;2020-05-06;79000
19639;19639;2020-05-06;41000
19640;19640;2020-05-06;63000
19641;19641;2020-05-06;205000
19642;19642;2020-05-06;395000
19643;19643;2020-05-06;220000
19644;19644;2020-05-06;195000
19645;19645;2020-05-06;118500
19646;19646;2020-05-06;82000
19647;19647;2020-05-06;325000
19648;19648;2020-05-06;109500
19649;19649;2020-05-06;91020
19650;19650;2020-05-06;75000
19651;19651;2020-05-06;24000
19652;19652;2020-05-06;174500
19653;19653;2020-05-06;458700
19654;19654;2020-05-06;88000
19655;19655;2020-05-06;238000
19656;19656;2020-05-06;299200
19657;19657;2020-05-06;60000
19658;19658;2020-05-06;122000
19659;19659;2020-05-06;141000
19660;19660;2020-05-06;119000
19661;19661;2020-05-06;188000
19662;19662;2020-05-06;247500
19663;19663;2020-05-06;236945
19664;19664;2020-05-06;108000
19665;19665;2020-05-06;150000
19666;19666;2020-05-06;135000
19667;19667;2020-05-06;80000
19668;19668;2020-05-06;349500
19669;19669;2020-05-06;43500
19670;19670;2020-05-06;50000
19671;19671;2020-05-06;71000
19672;19672;2020-05-06;118750
19673;19673;2020-05-06;206000
19674;19674;2020-05-06;63200
19675;19675;2020-05-06;110000
19676;19676;2020-05-06;156750
19677;19677;2020-05-06;200000
19678;19678;2020-05-06;188000
19679;19679;2020-05-06;160000
19680;19680;2020-05-06;92000
19681;19681;2020-05-06;87000
19682;19682;2020-05-06;94000
19683;19683;2020-05-06;53000
19684;19684;2020-05-06;42500
19685;19685;2020-05-06;167305
19686;19686;2020-05-06;305000
19687;19687;2020-05-06;152000
19688;19688;2020-05-06;177200
19689;19689;2020-05-06;116900
19690;19690;2020-05-06;62500
19691;19691;2020-05-06;270917
19692;19692;2020-05-06;180500
19693;19693;2020-05-06;336500
19694;19694;2020-05-06;155000
19695;19695;2020-05-06;344452
19696;19696;2020-05-06;299500
19697;19697;2020-05-06;165000
19698;19698;2020-05-06;560000
19699;19699;2020-05-06;686000
19700;19700;2020-05-06;626656
19701;19701;2020-05-06;315000
19702;19702;2020-05-06;364385
19703;19703;2020-05-06;251000
19704;19704;2020-05-06;189000
19705;19705;2020-05-06;400000
19706;19706;2020-05-06;590680
19707;19707;2020-05-06;454825
19708;19708;2020-05-06;261000
19709;19709;2020-05-06;381810
19710;19710;2020-05-06;529000
19711;19711;2020-05-06;86000
19712;19712;2020-05-06;140000
19713;19713;2020-05-06;102000
19714;19714;2020-05-06;255500
19715;19715;2020-05-06;332500
19716;19716;2020-05-06;306165
19717;19717;2020-05-06;163500
19718;19718;2020-05-06;172632
19719;19719;2020-05-06;118000
19720;19720;2020-05-06;58000
19721;19721;2020-05-06;87000
19722;19722;2020-05-06;67365
19723;19723;2020-05-06;66000
19724;19724;2020-05-06;103000
19725;19725;2020-05-06;119100
19726;19726;2020-05-06;199000
19727;19727;2020-05-06;164400
19728;19728;2020-05-06;80000
19729;19729;2020-05-06;276980
19730;19730;2020-05-06;548050
19731;19731;2020-05-06;460755
19732;19732;2020-05-06;208330
19733;19733;2020-05-06;258355
19734;19734;2020-05-06;107541
19735;19735;2020-05-06;425000
19736;19736;2020-05-06;145145
19737;19737;2020-05-06;307000
19738;19738;2020-05-06;118000
19739;19739;2020-05-06;290000
19740;19740;2020-05-06;320500
19741;19741;2020-05-06;151000
19742;19742;2020-05-06;273000
19743;19743;2020-05-06;188000
19744;19744;2020-05-06;270220
19745;19745;2020-05-06;167000
19746;19746;2020-05-06;115000
19747;19747;2020-05-06;1600000
19748;19748;2020-05-06;320000
19749;19749;2020-05-06;215000
19750;19750;2020-05-07;188000
19751;19751;2020-05-07;483800
19752;19752;2020-05-07;185000
19753;19753;2020-05-07;51400
19754;19754;2020-05-07;29500
19755;19755;2020-05-07;97500
19756;19756;2020-05-07;138000
19757;19757;2020-05-07;502000
19758;19758;2020-05-07;149000
19759;19759;2020-05-07;302000
19760;19760;2020-05-07;47000
19761;19761;2020-05-07;90000
19762;19762;2020-05-07;36000
19763;19763;2020-05-07;62000
19764;19764;2020-05-07;138000
19765;19765;2020-05-07;106435
19766;19766;2020-05-07;42000
19767;19767;2020-05-07;215000
19768;19768;2020-05-07;95000
19769;19769;2020-05-07;172000
19770;19770;2020-05-07;90000
19771;19771;2020-05-07;125000
19772;19772;2020-05-07;47000
19773;19773;2020-05-07;98000
19774;19774;2020-05-07;36000
19775;19775;2020-05-07;77600
19776;19776;2020-05-07;65700
19777;19777;2020-05-07;119000
19778;19778;2020-05-07;132880
19779;19779;2020-05-07;205050
19780;19780;2020-05-07;86000
19781;19781;2020-05-07;125000
19782;19782;2020-05-07;55000
19783;19783;2020-05-07;137500
19784;19784;2020-05-07;81500
19785;19785;2020-05-07;209000
19786;19786;2020-05-07;132050
19787;19787;2020-05-07;96000
19788;19788;2020-05-07;63000
19789;19789;2020-05-07;269650
19790;19790;2020-05-07;142000
19791;19791;2020-05-07;365750
19792;19792;2020-05-07;95000
19793;19793;2020-05-07;387500
19794;19794;2020-05-07;170000
19795;19795;2020-05-07;342500
19796;19796;2020-05-07;155000
19797;19797;2020-05-07;263700
19798;19798;2020-05-07;128800
19799;19799;2020-05-07;53200
19800;19800;2020-05-07;52900
19801;19801;2020-05-07;64000
19802;19802;2020-05-07;125000
19803;19803;2020-05-07;78000
19804;19804;2020-05-07;200000
19805;19805;2020-05-07;103000
19806;19806;2020-05-07;125000
19807;19807;2020-05-07;192000
19808;19808;2020-05-07;339200
19809;19809;2020-05-07;201100
19810;19810;2020-05-07;122000
19811;19811;2020-05-07;110200
19812;19812;2020-05-07;205000
19813;19813;2020-05-07;38500
19814;19814;2020-05-07;15000
19815;19815;2020-05-07;272500
19816;19816;2020-05-07;94500
19817;19817;2020-05-07;17200
19818;19818;2020-05-07;34000
19819;19819;2020-05-07;152280
19820;19820;2020-05-07;49000
19821;19821;2020-05-07;524246
19822;19822;2020-05-07;72000
19823;19823;2020-05-07;162000
19824;19824;2020-05-07;170000
19825;19825;2020-05-07;230000
19826;19826;2020-05-07;170600
19827;19827;2020-05-07;171000
19828;19828;2020-05-07;71875
19829;19829;2020-05-07;45000
19830;19830;2020-05-07;73500
19831;19831;2020-05-07;120000
19832;19832;2020-05-07;52010
19833;19833;2020-05-07;99000
19834;19834;2020-05-07;42950
19835;19835;2020-05-07;245000
19836;19836;2020-05-07;60000
19837;19837;2020-05-07;281000
19838;19838;2020-05-07;95000
19839;19839;2020-05-07;114000
19840;19840;2020-05-07;262565
19841;19841;2020-05-07;270500
19842;19842;2020-05-07;130000
19843;19843;2020-05-07;77220
19844;19844;2020-05-07;95000
19845;19845;2020-05-07;85000
19846;19846;2020-05-07;79000
19847;19847;2020-05-07;100000
19848;19848;2020-05-07;104500
19849;19849;2020-05-07;143000
19850;19850;2020-05-07;138000
19851;19851;2020-05-07;63000
19852;19852;2020-05-07;57000
19853;19853;2020-05-07;49020
19854;19854;2020-05-07;73000
19855;19855;2020-05-07;572000
19856;19856;2020-05-07;174400
19857;19857;2020-05-07;139900
19858;19858;2020-05-07;390100
19859;19859;2020-05-07;160000
19860;19860;2020-05-07;115000
19861;19861;2020-05-07;235000
19862;19862;2020-05-07;234900
19863;19863;2020-05-07;354900
19864;19864;2020-05-07;231820
19865;19865;2020-05-07;318650
19866;19866;2020-05-07;250800
19867;19867;2020-05-07;199000
19868;19868;2020-05-07;245000
19869;19869;2020-05-07;65000
19870;19870;2020-05-07;92080
19871;19871;2020-05-07;100000
19872;19872;2020-05-07;120000
19873;19873;2020-05-07;463720
19874;19874;2020-05-07;457381
19875;19875;2020-05-07;102500
19876;19876;2020-05-07;160000
19877;19877;2020-05-07;350000
19878;19878;2020-05-07;376000
19879;19879;2020-05-07;665000
19880;19880;2020-05-07;515000
19881;19881;2020-05-07;381425
19882;19882;2020-05-07;520000
19883;19883;2020-05-07;309000
19884;19884;2020-05-07;115000
19885;19885;2020-05-07;210260
19886;19886;2020-05-07;321300
19887;19887;2020-05-07;255740
19888;19888;2020-05-07;336000
19889;19889;2020-05-07;180000
19890;19890;2020-05-07;177400
19891;19891;2020-05-07;125000
19892;19892;2020-05-07;444000
19893;19893;2020-05-07;506000
19894;19894;2020-05-07;895000
19895;19895;2020-05-07;412000
19896;19896;2020-05-07;483371
19897;19897;2020-05-07;1109900
19898;19898;2020-05-07;3000
19899;19899;2020-05-07;718000
19900;19900;2020-05-07;861953
19901;19901;2020-05-07;361500
19902;19902;2020-05-07;659510
19903;19903;2020-05-07;536000
19904;19904;2020-05-07;361300
19905;19905;2020-05-07;190500
19906;19906;2020-05-07;405000
19907;19907;2020-05-07;76000
19908;19908;2020-05-07;51940
19909;19909;2020-05-07;54990
19910;19910;2020-05-07;70000
19911;19911;2020-05-07;336836
19912;19912;2020-05-07;83000
19913;19913;2020-05-07;226000
19914;19914;2020-05-07;97500
19915;19915;2020-05-07;57000
19916;19916;2020-05-07;165500
19917;19917;2020-05-07;239000
19918;19918;2020-05-07;245000
19919;19919;2020-05-07;385800
19920;19920;2020-05-07;277000
19921;19921;2020-05-07;245800
19922;19922;2020-05-07;365500
19923;19923;2020-05-07;132500
19924;19924;2020-05-07;40000
19925;19925;2020-05-07;133000
19926;19926;2020-05-07;215000
19927;19927;2020-05-07;85000
19928;19928;2020-05-07;200000
19929;19929;2020-05-07;208800
19930;19930;2020-05-07;92500
19931;19931;2020-05-07;48000
19932;19932;2020-05-07;210000
19933;19933;2020-05-07;126100
19934;19934;2020-05-07;130970
19935;19935;2020-05-07;69000
19936;19936;2020-05-07;88000
19937;19937;2020-05-07;133750
19938;19938;2020-05-07;28000
19939;19939;2020-05-07;49000
19940;19940;2020-05-07;65550
19941;19941;2020-05-07;65000
19942;19942;2020-05-07;215000
19943;19943;2020-05-07;269500
19944;19944;2020-05-07;167000
19945;19945;2020-05-07;183120
19946;19946;2020-05-07;240500
19947;19947;2020-05-07;396500
19948;19948;2020-05-07;95000
19949;19949;2020-05-07;295000
19950;19950;2020-05-07;484800
19951;19951;2020-05-07;650000
19952;19952;2020-05-07;118000
19953;19953;2020-05-07;723800
19954;19954;2020-05-07;2950000
19955;19955;2020-05-07;1012500
19956;19956;2020-05-07;135000
19957;19957;2020-05-07;87500
19958;19958;2020-05-07;243000
19959;19959;2020-05-07;247800
19960;19960;2020-05-07;500000
19961;19961;2020-05-07;643000
19962;19962;2020-05-07;304000
19963;19963;2020-05-07;102400
19964;19964;2020-05-07;829500
19965;19965;2020-05-07;199000
19966;19966;2020-05-07;110000
19967;19967;2020-05-07;220000
19968;19968;2020-05-07;203000
19969;19969;2020-05-07;154000
19970;19970;2020-05-07;92000
19971;19971;2020-05-07;243300
19972;19972;2020-05-07;109612
19973;19973;2020-05-08;880000
19974;19974;2020-05-09;55000
19975;19975;2020-05-09;32250
19976;19976;2020-05-09;88000
19977;19977;2020-05-09;270000
19978;19978;2020-05-09;188438
19979;19979;2020-05-09;295000
19980;19980;2020-05-11;620000
19981;19981;2020-05-11;90000
19982;19982;2020-05-11;51300
19983;19983;2020-05-11;149500
19984;19984;2020-05-11;132500
19985;19985;2020-05-11;152000
19986;19986;2020-05-11;185150
19987;19987;2020-05-11;635000
19988;19988;2020-05-11;340000
19989;19989;2020-05-11;155550
19990;19990;2020-05-11;455000
19991;19991;2020-05-11;204900
19992;19992;2020-05-11;69250
19993;19993;2020-05-11;47500
19994;19994;2020-05-11;55230
19995;19995;2020-05-11;75000
19996;19996;2020-05-11;71750
19997;19997;2020-05-11;58900
19998;19998;2020-05-11;120000
19999;19999;2020-05-11;72200
20000;20000;2020-05-11;63000
20001;20001;2020-05-11;165000
20002;20002;2020-05-11;192000
20003;20003;2020-05-11;167000
20004;20004;2020-05-11;225500
20005;20005;2020-05-11;135000
20006;20006;2020-05-11;93300
20007;20007;2020-05-11;148000
20008;20008;2020-05-11;67900
20009;20009;2020-05-11;86000
20010;20010;2020-05-11;75500
20011;20011;2020-05-11;175000
20012;20012;2020-05-11;150800
20013;20013;2020-05-11;130000
20014;20014;2020-05-11;142200
20015;20015;2020-05-11;56500
20016;20016;2020-05-11;97500
20017;20017;2020-05-11;146000
20018;20018;2020-05-11;85000
20019;20019;2020-05-11;122900
20020;20020;2020-05-11;170000
20021;20021;2020-05-11;156000
20022;20022;2020-05-11;399000
20023;20023;2020-05-11;108500
20024;20024;2020-05-11;259100
20025;20025;2020-05-11;210000
20026;20026;2020-05-11;135250
20027;20027;2020-05-11;304000
20028;20028;2020-05-11;149000
20029;20029;2020-05-11;61000
20030;20030;2020-05-11;355000
20031;20031;2020-05-11;90500
20032;20032;2020-05-11;136000
20033;20033;2020-05-11;328571
20034;20034;2020-05-11;72000
20035;20035;2020-05-11;180388
20036;20036;2020-05-11;115500
20037;20037;2020-05-11;83000
20038;20038;2020-05-11;134480
20039;20039;2020-05-11;75100
20040;20040;2020-05-11;132000
20041;20041;2020-05-11;166800
20042;20042;2020-05-11;75500
20043;20043;2020-05-11;66000
20044;20044;2020-05-11;42000
20045;20045;2020-05-11;220000
20046;20046;2020-05-11;426000
20047;20047;2020-05-11;295000
20048;20048;2020-05-11;350000
20049;20049;2020-05-11;254700
20050;20050;2020-05-11;219000
20051;20051;2020-05-11;122000
20052;20052;2020-05-11;145000
20053;20053;2020-05-11;86000
20054;20054;2020-05-11;201265
20055;20055;2020-05-11;145800
20056;20056;2020-05-11;230000
20057;20057;2020-05-11;119000
20058;20058;2020-05-11;116500
20059;20059;2020-05-11;185000
20060;20060;2020-05-11;296000
20061;20061;2020-05-11;42000
20062;20062;2020-05-11;102500
20063;20063;2020-05-11;307000
20064;20064;2020-05-11;115000
20065;20065;2020-05-11;61500
20066;20066;2020-05-11;37000
20067;20067;2020-05-11;38000
20068;20068;2020-05-11;64000
20069;20069;2020-05-11;60500
20070;20070;2020-05-11;168000
20071;20071;2020-05-11;86000
20072;20072;2020-05-11;68000
20073;20073;2020-05-11;79000
20074;20074;2020-05-11;21000
20075;20075;2020-05-11;37000
20076;20076;2020-05-11;40500
20077;20077;2020-05-11;116000
20078;20078;2020-05-11;110000
20079;20079;2020-05-11;70000
20080;20080;2020-05-11;42000
20081;20081;2020-05-11;20000
20082;20082;2020-05-11;197500
20083;20083;2020-05-11;314000
20084;20084;2020-05-11;150000
20085;20085;2020-05-11;120000
20086;20086;2020-05-11;106000
20087;20087;2020-05-11;362000
20088;20088;2020-05-11;1025050
20089;20089;2020-05-11;429430
20090;20090;2020-05-11;265000
20091;20091;2020-05-11;205750
20092;20092;2020-05-11;226865
20093;20093;2020-05-11;81930
20094;20094;2020-05-11;115000
20095;20095;2020-05-11;244000
20096;20096;2020-05-11;62000
20097;20097;2020-05-11;86000
20098;20098;2020-05-11;95510
20099;20099;2020-05-11;565260
20100;20100;2020-05-11;168500
20101;20101;2020-05-11;370000
20102;20102;2020-05-11;123500
20103;20103;2020-05-11;2135800
20104;20104;2020-05-11;2075000
20105;20105;2020-05-11;1978000
20106;20106;2020-05-11;3490000
20107;20107;2020-05-11;418000
20108;20108;2020-05-11;827000
20109;20109;2020-05-11;364900
20110;20110;2020-05-11;117600
20111;20111;2020-05-11;1270000
20112;20112;2020-05-11;146000
20113;20113;2020-05-11;166000
20114;20114;2020-05-11;390000
20115;20115;2020-05-11;627800
20116;20116;2020-05-11;587800
20117;20117;2020-05-11;1265080
20118;20118;2020-05-11;1070000
20119;20119;2020-05-11;232500
20120;20120;2020-05-11;970000
20121;20121;2020-05-11;790300
20122;20122;2020-05-11;319200
20123;20123;2020-05-11;345000
20124;20124;2020-05-11;550000
20125;20125;2020-05-11;259300
20126;20126;2020-05-11;519000
20127;20127;2020-05-11;85000
20128;20128;2020-05-11;102000
20129;20129;2020-05-11;24000
20130;20130;2020-05-11;249000
20131;20131;2020-05-11;139900
20132;20132;2020-05-11;230000
20133;20133;2020-05-11;64500
20134;20134;2020-05-11;131500
20135;20135;2020-05-11;247500
20136;20136;2020-05-11;125000
20137;20137;2020-05-11;75000
20138;20138;2020-05-11;160000
20139;20139;2020-05-11;440000
20140;20140;2020-05-11;43500
20141;20141;2020-05-11;86000
20142;20142;2020-05-11;196500
20143;20143;2020-05-11;165500
20144;20144;2020-05-11;179000
20145;20145;2020-05-11;123000
20146;20146;2020-05-11;63000
20147;20147;2020-05-11;145000
20148;20148;2020-05-11;40000
20149;20149;2020-05-11;36000
20150;20150;2020-05-11;225055
20151;20151;2020-05-11;107000
20152;20152;2020-05-11;48000
20153;20153;2020-05-11;74000
20154;20154;2020-05-11;182000
20155;20155;2020-05-11;159000
20156;20156;2020-05-11;210750
20157;20157;2020-05-11;372000
20158;20158;2020-05-11;293918
20159;20159;2020-05-11;311500
20160;20160;2020-05-11;254000
20161;20161;2020-05-11;200000
20162;20162;2020-05-11;130000
20163;20163;2020-05-11;55000
20164;20164;2020-05-11;390000
20165;20165;2020-05-11;99257
20166;20166;2020-05-11;510000
20167;20167;2020-05-11;102000
20168;20168;2020-05-11;335000
20169;20169;2020-05-11;331010
20170;20170;2020-05-11;221600
20171;20171;2020-05-11;215630
20172;20172;2020-05-11;157500
20173;20173;2020-05-11;135500
20174;20174;2020-05-11;95500
20175;20175;2020-05-12;136000
20176;20176;2020-05-12;230000
20177;20177;2020-05-12;234810
20178;20178;2020-05-12;439785
20179;20179;2020-05-12;315000
20180;20180;2020-05-12;35000
20181;20181;2020-05-12;111300
20182;20182;2020-05-12;555000
20183;20183;2020-05-12;135000
20184;20184;2020-05-12;145500
20185;20185;2020-05-12;138500
20186;20186;2020-05-12;93000
20187;20187;2020-05-12;180000
20188;20188;2020-05-12;221770
20189;20189;2020-05-12;163000
20190;20190;2020-05-12;149570
20191;20191;2020-05-12;148000
20192;20192;2020-05-12;307500
20193;20193;2020-05-12;190000
20194;20194;2020-05-12;38000
20195;20195;2020-05-12;91000
20196;20196;2020-05-12;95000
20197;20197;2020-05-12;120000
20198;20198;2020-05-12;59800
20199;20199;2020-05-12;218900
20200;20200;2020-05-12;168650
20201;20201;2020-05-12;67153
20202;20202;2020-05-12;118500
20203;20203;2020-05-12;55000
20204;20204;2020-05-12;87000
20205;20205;2020-05-12;115000
20206;20206;2020-05-12;270000
20207;20207;2020-05-12;139900
20208;20208;2020-05-12;49000
20209;20209;2020-05-12;83000
20210;20210;2020-05-12;162500
20211;20211;2020-05-12;47300
20212;20212;2020-05-12;100000
20213;20213;2020-05-12;238000
20214;20214;2020-05-12;138500
20215;20215;2020-05-12;101000
20216;20216;2020-05-12;73900
20217;20217;2020-05-12;74000
20218;20218;2020-05-12;70000
20219;20219;2020-05-12;140220
20220;20220;2020-05-12;278000
20221;20221;2020-05-12;110000
20222;20222;2020-05-12;167000
20223;20223;2020-05-12;78500
20224;20224;2020-05-12;92740
20225;20225;2020-05-12;253440
20226;20226;2020-05-12;150500
20227;20227;2020-05-12;200000
20228;20228;2020-05-12;105500
20229;20229;2020-05-12;120340
20230;20230;2020-05-12;74400
20231;20231;2020-05-12;259052
20232;20232;2020-05-12;488561
20233;20233;2020-05-12;77000
20234;20234;2020-05-12;175000
20235;20235;2020-05-12;72000
20236;20236;2020-05-12;95250
20237;20237;2020-05-12;110000
20238;20238;2020-05-12;200573
20239;20239;2020-05-12;407500
20240;20240;2020-05-12;77000
20241;20241;2020-05-12;69945
20242;20242;2020-05-12;315000
20243;20243;2020-05-12;138342
20244;20244;2020-05-12;87700
20245;20245;2020-05-12;293000
20246;20246;2020-05-12;227127
20247;20247;2020-05-12;204000
20248;20248;2020-05-12;52500
20249;20249;2020-05-12;155050
20250;20250;2020-05-12;118850
20251;20251;2020-05-12;200000
20252;20252;2020-05-12;120075
20253;20253;2020-05-12;119500
20254;20254;2020-05-12;79000
20255;20255;2020-05-12;102500
20256;20256;2020-05-12;147000
20257;20257;2020-05-12;52000
20258;20258;2020-05-12;159000
20259;20259;2020-05-12;52500
20260;20260;2020-05-12;200000
20261;20261;2020-05-12;290000
20262;20262;2020-05-12;38000
20263;20263;2020-05-12;126000
20264;20264;2020-05-12;88000
20265;20265;2020-05-12;173000
20266;20266;2020-05-12;15000
20267;20267;2020-05-12;90650
20268;20268;2020-05-12;52500
20269;20269;2020-05-12;132000
20270;20270;2020-05-12;92682
20271;20271;2020-05-12;68800
20272;20272;2020-05-12;144000
20273;20273;2020-05-12;213800
20274;20274;2020-05-12;125000
20275;20275;2020-05-12;129948
20276;20276;2020-05-12;82000
20277;20277;2020-05-12;161000
20278;20278;2020-05-12;165424
20279;20279;2020-05-12;128000
20280;20280;2020-05-12;87000
20281;20281;2020-05-12;64550
20282;20282;2020-05-12;45000
20283;20283;2020-05-12;47000
20284;20284;2020-05-12;47000
20285;20285;2020-05-12;164480
20286;20286;2020-05-12;117000
20287;20287;2020-05-12;168000
20288;20288;2020-05-12;189617
20289;20289;2020-05-12;91500
20290;20290;2020-05-12;114700
20291;20291;2020-05-12;91850
20292;20292;2020-05-12;249000
20293;20293;2020-05-12;123100
20294;20294;2020-05-12;132700
20295;20295;2020-05-12;69500
20296;20296;2020-05-12;47500
20297;20297;2020-05-12;88500
20298;20298;2020-05-12;40000
20299;20299;2020-05-12;81650
20300;20300;2020-05-12;360000
20301;20301;2020-05-12;58900
20302;20302;2020-05-12;152000
20303;20303;2020-05-12;133000
20304;20304;2020-05-12;81000
20305;20305;2020-05-12;49000
20306;20306;2020-05-12;27500
20307;20307;2020-05-12;68000
20308;20308;2020-05-12;48500
20309;20309;2020-05-12;107450
20310;20310;2020-05-12;49000
20311;20311;2020-05-12;122070
20312;20312;2020-05-12;88400
20313;20313;2020-05-12;91000
20314;20314;2020-05-12;117300
20315;20315;2020-05-12;89000
20316;20316;2020-05-12;73500
20317;20317;2020-05-12;17500
20318;20318;2020-05-12;202500
20319;20319;2020-05-12;231800
20320;20320;2020-05-12;71680
20321;20321;2020-05-12;128500
20322;20322;2020-05-12;408550
20323;20323;2020-05-12;90000
20324;20324;2020-05-12;147000
20325;20325;2020-05-12;167700
20326;20326;2020-05-12;163000
20327;20327;2020-05-12;258555
20328;20328;2020-05-12;400200
20329;20329;2020-05-12;200000
20330;20330;2020-05-12;531000
20331;20331;2020-05-12;231500
20332;20332;2020-05-12;141000
20333;20333;2020-05-12;161000
20334;20334;2020-05-12;385000
20335;20335;2020-05-12;226750
20336;20336;2020-05-12;235000
20337;20337;2020-05-12;198000
20338;20338;2020-05-12;180360
20339;20339;2020-05-12;21900
20340;20340;2020-05-12;64500
20341;20341;2020-05-12;191500
20342;20342;2020-05-12;200000
20343;20343;2020-05-12;190800
20344;20344;2020-05-12;117726
20345;20345;2020-05-12;280300
20346;20346;2020-05-12;231200
20347;20347;2020-05-12;616550
20348;20348;2020-05-12;289500
20349;20349;2020-05-12;122000
20350;20350;2020-05-12;433430
20351;20351;2020-05-12;620000
20352;20352;2020-05-12;693000
20353;20353;2020-05-12;915000
20354;20354;2020-05-12;426000
20355;20355;2020-05-12;2299900
20356;20356;2020-05-12;256000
20357;20357;2020-05-12;209000
20358;20358;2020-05-12;394230
20359;20359;2020-05-12;650870
20360;20360;2020-05-12;395000
20361;20361;2020-05-12;225000
20362;20362;2020-05-12;460145
20363;20363;2020-05-12;410000
20364;20364;2020-05-12;820410
20365;20365;2020-05-12;428000
20366;20366;2020-05-12;360000
20367;20367;2020-05-12;250000
20368;20368;2020-05-12;935000
20369;20369;2020-05-12;3460800
20370;20370;2020-05-12;320000
20371;20371;2020-05-12;229000
20372;20372;2020-05-12;1120773
20373;20373;2020-05-12;691200
20374;20374;2020-05-12;165000
20375;20375;2020-05-12;584000
20376;20376;2020-05-12;430500
20377;20377;2020-05-12;273000
20378;20378;2020-05-12;888800
20379;20379;2020-05-12;217400
20380;20380;2020-05-12;760000
20381;20381;2020-05-12;45000
20382;20382;2020-05-12;183500
20383;20383;2020-05-12;51500
20384;20384;2020-05-12;201000
20385;20385;2020-05-12;100000
20386;20386;2020-05-12;40000
20387;20387;2020-05-12;331000
20388;20388;2020-05-12;276000
20389;20389;2020-05-12;238250
20390;20390;2020-05-12;223000
20391;20391;2020-05-12;188000
20392;20392;2020-05-12;375950
20393;20393;2020-05-12;157000
20394;20394;2020-05-12;208000
20395;20395;2020-05-12;207500
20396;20396;2020-05-12;137500
20397;20397;2020-05-12;163000
20398;20398;2020-05-12;80880
20399;20399;2020-05-12;360000
20400;20400;2020-05-12;89000
20401;20401;2020-05-12;232000
20402;20402;2020-05-12;194000
20403;20403;2020-05-12;115000
20404;20404;2020-05-12;330000
20405;20405;2020-05-12;169500
20406;20406;2020-05-12;245500
20407;20407;2020-05-12;126000
20408;20408;2020-05-12;700000
20409;20409;2020-05-12;400000
20410;20410;2020-05-12;95800
20411;20411;2020-05-12;282000
20412;20412;2020-05-12;117500
20413;20413;2020-05-12;158500
20414;20414;2020-05-12;149000
20415;20415;2020-05-12;205000
20416;20416;2020-05-12;222000
20417;20417;2020-05-12;206000
20418;20418;2020-05-12;467000
20419;20419;2020-05-12;120000
20420;20420;2020-05-12;100000
20421;20421;2020-05-12;132500
20422;20422;2020-05-12;350000
20423;20423;2020-05-12;168000
20424;20424;2020-05-12;123750
20425;20425;2020-05-12;358000
20426;20426;2020-05-12;145000
20427;20427;2020-05-12;440000
20428;20428;2020-05-12;110385
20429;20429;2020-05-12;168000
20430;20430;2020-05-12;130000
20431;20431;2020-05-12;54000
20432;20432;2020-05-12;183000
20433;20433;2020-05-12;44000
20434;20434;2020-05-12;235000
20435;20435;2020-05-12;45100
20436;20436;2020-05-12;148000
20437;20437;2020-05-12;142000
20438;20438;2020-05-12;34000
20439;20439;2020-05-12;48000
20440;20440;2020-05-12;64550
20441;20441;2020-05-12;63500
20442;20442;2020-05-12;130000
20443;20443;2020-05-12;140000
20444;20444;2020-05-12;232630
20445;20445;2020-05-12;266000
20446;20446;2020-05-12;214000
20447;20447;2020-05-12;154000
20448;20448;2020-05-12;418500
20449;20449;2020-05-12;190000
20450;20450;2020-05-12;68500
20451;20451;2020-05-12;336000
20452;20452;2020-05-12;216950
20453;20453;2020-05-12;188000
20454;20454;2020-05-12;1330000
20455;20455;2020-05-12;275000
20456;20456;2020-05-12;440000
20457;20457;2020-05-12;85000
20458;20458;2020-05-12;437100
20459;20459;2020-05-12;555000
20460;20460;2020-05-12;129000
20461;20461;2020-05-12;528000
20462;20462;2020-05-12;432000
20463;20463;2020-05-12;607046
20464;20464;2020-05-12;170000
20465;20465;2020-05-12;251610
20466;20466;2020-05-12;217000
20467;20467;2020-05-12;270300
20468;20468;2020-05-12;210000
20469;20469;2020-05-12;232000
20470;20470;2020-05-12;460000
20471;20471;2020-05-12;309000
20472;20472;2020-05-12;212500
20473;20473;2020-05-12;280000
20474;20474;2020-05-12;268932
20475;20475;2020-05-12;247000
20476;20476;2020-05-12;298000
20477;20477;2020-05-12;131500
20478;20478;2020-05-12;165000
20479;20479;2020-05-12;227000
20480;20480;2020-05-12;269000
20481;20481;2020-05-12;309000
20482;20482;2020-05-12;799670
20483;20483;2020-05-12;420000
20484;20484;2020-05-12;420000
20485;20485;2020-05-12;126700
20486;20486;2020-05-12;166000
20487;20487;2020-05-12;219000
20488;20488;2020-05-12;210000
20489;20489;2020-05-12;167000
20490;20490;2020-05-12;65000
20491;20491;2020-05-12;42500
20492;20492;2020-05-13;185000
20493;20493;2020-05-13;29900
20494;20494;2020-05-13;28500
20495;20495;2020-05-13;230000
20496;20496;2020-05-13;47000
20497;20497;2020-05-13;189000
20498;20498;2020-05-13;211800
20499;20499;2020-05-13;202000
20500;20500;2020-05-13;209000
20501;20501;2020-05-13;58000
20502;20502;2020-05-13;71000
20503;20503;2020-05-13;32000
20504;20504;2020-05-13;60000
20505;20505;2020-05-13;65475
20506;20506;2020-05-13;51800
20507;20507;2020-05-13;56000
20508;20508;2020-05-13;63790
20509;20509;2020-05-13;154900
20510;20510;2020-05-13;142000
20511;20511;2020-05-13;163000
20512;20512;2020-05-13;215000
20513;20513;2020-05-13;58000
20514;20514;2020-05-13;70000
20515;20515;2020-05-13;40000
20516;20516;2020-05-13;154000
20517;20517;2020-05-13;144600
20518;20518;2020-05-13;107000
20519;20519;2020-05-13;58500
20520;20520;2020-05-13;95000
20521;20521;2020-05-13;125000
20522;20522;2020-05-13;300000
20523;20523;2020-05-13;274750
20524;20524;2020-05-13;68140
20525;20525;2020-05-13;165000
20526;20526;2020-05-13;211000
20527;20527;2020-05-13;170280
20528;20528;2020-05-13;180000
20529;20529;2020-05-13;165000
20530;20530;2020-05-13;96500
20531;20531;2020-05-13;125000
20532;20532;2020-05-13;72000
20533;20533;2020-05-13;190000
20534;20534;2020-05-13;116416
20535;20535;2020-05-13;130180
20536;20536;2020-05-13;205000
20537;20537;2020-05-13;141500
20538;20538;2020-05-13;180650
20539;20539;2020-05-13;102000
20540;20540;2020-05-13;73500
20541;20541;2020-05-13;120000
20542;20542;2020-05-13;47990
20543;20543;2020-05-13;163000
20544;20544;2020-05-13;207000
20545;20545;2020-05-13;162500
20546;20546;2020-05-13;203000
20547;20547;2020-05-13;72750
20548;20548;2020-05-13;165000
20549;20549;2020-05-13;51000
20550;20550;2020-05-13;124700
20551;20551;2020-05-13;36000
20552;20552;2020-05-13;85000
20553;20553;2020-05-13;225030
20554;20554;2020-05-13;410000
20555;20555;2020-05-13;97500
20556;20556;2020-05-13;183500
20557;20557;2020-05-13;443000
20558;20558;2020-05-13;129000
20559;20559;2020-05-13;84000
20560;20560;2020-05-13;105600
20561;20561;2020-05-13;60000
20562;20562;2020-05-13;51000
20563;20563;2020-05-13;197000
20564;20564;2020-05-13;61800
20565;20565;2020-05-13;71000
20566;20566;2020-05-13;139000
20567;20567;2020-05-13;44200
20568;20568;2020-05-13;80590
20569;20569;2020-05-13;130000
20570;20570;2020-05-13;60000
20571;20571;2020-05-13;233000
20572;20572;2020-05-13;254900
20573;20573;2020-05-13;83200
20574;20574;2020-05-13;212000
20575;20575;2020-05-13;272000
20576;20576;2020-05-13;111300
20577;20577;2020-05-13;2200
20578;20578;2020-05-13;23500
20579;20579;2020-05-13;133750
20580;20580;2020-05-13;600000
20581;20581;2020-05-13;125000
20582;20582;2020-05-13;165000
20583;20583;2020-05-13;79500
20584;20584;2020-05-13;75000
20585;20585;2020-05-13;183000
20586;20586;2020-05-13;347000
20587;20587;2020-05-13;158500
20588;20588;2020-05-13;180400
20589;20589;2020-05-13;64800
20590;20590;2020-05-13;52250
20591;20591;2020-05-13;53000
20592;20592;2020-05-13;63700
20593;20593;2020-05-13;150106
20594;20594;2020-05-13;450000
20595;20595;2020-05-13;52500
20596;20596;2020-05-13;131500
20597;20597;2020-05-13;360600
20598;20598;2020-05-13;87450
20599;20599;2020-05-13;352000
20600;20600;2020-05-13;205000
20601;20601;2020-05-13;65000
20602;20602;2020-05-13;198250
20603;20603;2020-05-13;134000
20604;20604;2020-05-13;83500
20605;20605;2020-05-13;47350
20606;20606;2020-05-13;148500
20607;20607;2020-05-13;105550
20608;20608;2020-05-13;69000
20609;20609;2020-05-13;61500
20610;20610;2020-05-13;117000
20611;20611;2020-05-13;76900
20612;20612;2020-05-13;39000
20613;20613;2020-05-13;157520
20614;20614;2020-05-13;86500
20615;20615;2020-05-13;312000
20616;20616;2020-05-13;244000
20617;20617;2020-05-13;166650
20618;20618;2020-05-13;110600
20619;20619;2020-05-13;138000
20620;20620;2020-05-13;184370
20621;20621;2020-05-13;179900
20622;20622;2020-05-13;108000
20623;20623;2020-05-13;201510
20624;20624;2020-05-13;325215
20625;20625;2020-05-13;285000
20626;20626;2020-05-13;211000
20627;20627;2020-05-13;589950
20628;20628;2020-05-13;122500
20629;20629;2020-05-13;162000
20630;20630;2020-05-13;542000
20631;20631;2020-05-13;170000
20632;20632;2020-05-13;1037540
20633;20633;2020-05-13;175000
20634;20634;2020-05-13;192500
20635;20635;2020-05-13;125000
20636;20636;2020-05-13;444000
20637;20637;2020-05-13;222500
20638;20638;2020-05-13;65500
20639;20639;2020-05-13;33000
20640;20640;2020-05-13;56000
20641;20641;2020-05-13;139000
20642;20642;2020-05-13;90000
20643;20643;2020-05-13;90000
20644;20644;2020-05-13;178215
20645;20645;2020-05-13;304000
20646;20646;2020-05-13;179500
20647;20647;2020-05-13;37500
20648;20648;2020-05-13;1535000
20649;20649;2020-05-13;310000
20650;20650;2020-05-13;496075
20651;20651;2020-05-13;450000
20652;20652;2020-05-13;290000
20653;20653;2020-05-13;281900
20654;20654;2020-05-13;404300
20655;20655;2020-05-13;742200
20656;20656;2020-05-13;304000
20657;20657;2020-05-13;572420
20658;20658;2020-05-13;455000
20659;20659;2020-05-13;780640
20660;20660;2020-05-13;371900
20661;20661;2020-05-13;375000
20662;20662;2020-05-13;955000
20663;20663;2020-05-13;634000
20664;20664;2020-05-13;246000
20665;20665;2020-05-13;495360
20666;20666;2020-05-13;404000
20667;20667;2020-05-13;216200
20668;20668;2020-05-13;105280
20669;20669;2020-05-13;423200
20670;20670;2020-05-13;365000
20671;20671;2020-05-13;192000
20672;20672;2020-05-13;266500
20673;20673;2020-05-13;1145000
20674;20674;2020-05-13;766000
20675;20675;2020-05-13;636000
20676;20676;2020-05-13;455000
20677;20677;2020-05-13;346000
20678;20678;2020-05-13;1101100
20679;20679;2020-05-13;875000
20680;20680;2020-05-13;866000
20681;20681;2020-05-13;489600
20682;20682;2020-05-13;164850
20683;20683;2020-05-13;419850
20684;20684;2020-05-13;135790
20685;20685;2020-05-13;816000
20686;20686;2020-05-13;250000
20687;20687;2020-05-13;359250
20688;20688;2020-05-13;166440
20689;20689;2020-05-13;68000
20690;20690;2020-05-13;88000
20691;20691;2020-05-13;151000
20692;20692;2020-05-13;150450
20693;20693;2020-05-13;277000
20694;20694;2020-05-13;37000
20695;20695;2020-05-13;138000
20696;20696;2020-05-13;175000
20697;20697;2020-05-13;172000
20698;20698;2020-05-13;150000
20699;20699;2020-05-13;162000
20700;20700;2020-05-13;123500
20701;20701;2020-05-13;163000
20702;20702;2020-05-13;138000
20703;20703;2020-05-13;134715
20704;20704;2020-05-13;280000
20705;20705;2020-05-13;154000
20706;20706;2020-05-13;181600
20707;20707;2020-05-13;904730
20708;20708;2020-05-13;190000
20709;20709;2020-05-13;410758
20710;20710;2020-05-13;90000
20711;20711;2020-05-13;252750
20712;20712;2020-05-13;267000
20713;20713;2020-05-13;240000
20714;20714;2020-05-13;334000
20715;20715;2020-05-13;175000
20716;20716;2020-05-13;400000
20717;20717;2020-05-13;152500
20718;20718;2020-05-13;485000
20719;20719;2020-05-13;220000
20720;20720;2020-05-13;29100
20721;20721;2020-05-13;290000
20722;20722;2020-05-13;148000
20723;20723;2020-05-13;83500
20724;20724;2020-05-13;150860
20725;20725;2020-05-13;166000
20726;20726;2020-05-13;124500
20727;20727;2020-05-13;15445
20728;20728;2020-05-13;217000
20729;20729;2020-05-13;127700
20730;20730;2020-05-13;136000
20731;20731;2020-05-13;110500
20732;20732;2020-05-13;78000
20733;20733;2020-05-13;194230
20734;20734;2020-05-13;76000
20735;20735;2020-05-13;77800
20736;20736;2020-05-13;114000
20737;20737;2020-05-13;57000
20738;20738;2020-05-13;115000
20739;20739;2020-05-13;71400
20740;20740;2020-05-13;75000
20741;20741;2020-05-13;72500
20742;20742;2020-05-13;204000
20743;20743;2020-05-13;67500
20744;20744;2020-05-13;129000
20745;20745;2020-05-13;65500
20746;20746;2020-05-13;209500
20747;20747;2020-05-13;429500
20748;20748;2020-05-13;272000
20749;20749;2020-05-13;398000
20750;20750;2020-05-13;314000
20751;20751;2020-05-13;695000
20752;20752;2020-05-13;287120
20753;20753;2020-05-13;300000
20754;20754;2020-05-13;721700
20755;20755;2020-05-13;315000
20756;20756;2020-05-13;291400
20757;20757;2020-05-13;139600
20758;20758;2020-05-13;319000
20759;20759;2020-05-13;414200
20760;20760;2020-05-13;220000
20761;20761;2020-05-13;243810
20762;20762;2020-05-13;120000
20763;20763;2020-05-13;155000
20764;20764;2020-05-13;99000
20765;20765;2020-05-13;189000
20766;20766;2020-05-13;130000
20767;20767;2020-05-13;123000
20768;20768;2020-05-13;414300
20769;20769;2020-05-13;245900
20770;20770;2020-05-13;199000
20771;20771;2020-05-13;260000
20772;20772;2020-05-13;95000
20773;20773;2020-05-13;172000
20774;20774;2020-05-13;42041
20775;20775;2020-05-13;237500
20776;20776;2020-05-13;289000
20777;20777;2020-05-13;158000
20778;20778;2020-05-13;150000
20779;20779;2020-05-13;146500
20780;20780;2020-05-13;178600
20781;20781;2020-05-13;400000
20782;20782;2020-05-13;135000
20783;20783;2020-05-13;205230
20784;20784;2020-05-13;250000
20785;20785;2020-05-13;520000
20786;20786;2020-05-13;80000
20787;20787;2020-05-13;770000
20788;20788;2020-05-13;203000
20789;20789;2020-05-13;186000
20790;20790;2020-05-13;365000
20791;20791;2020-05-13;137730
20792;20792;2020-05-13;271000
20793;20793;2020-05-13;166650
20794;20794;2020-05-13;314000
20795;20795;2020-05-13;350800
20796;20796;2020-05-13;288300
20797;20797;2020-05-13;270000
20798;20798;2020-05-13;146000
20799;20799;2020-05-13;232000
20800;20800;2020-05-13;268000
20801;20801;2020-05-13;199000
20802;20802;2020-05-13;216000
20803;20803;2020-05-13;165000
20804;20804;2020-05-13;50000
20805;20805;2020-05-14;205000
20806;20806;2020-05-14;134000
20807;20807;2020-05-14;142500
20808;20808;2020-05-14;85000
20809;20809;2020-05-14;67340
20810;20810;2020-05-14;333200
20811;20811;2020-05-14;136350
20812;20812;2020-05-14;375000
20813;20813;2020-05-14;252000
20814;20814;2020-05-14;150000
20815;20815;2020-05-14;52000
20816;20816;2020-05-14;96500
20817;20817;2020-05-14;170000
20818;20818;2020-05-14;92000
20819;20819;2020-05-14;311436
20820;20820;2020-05-14;158000
20821;20821;2020-05-14;74400
20822;20822;2020-05-14;266000
20823;20823;2020-05-14;198200
20824;20824;2020-05-14;387000
20825;20825;2020-05-14;514000
20826;20826;2020-05-14;89000
20827;20827;2020-05-14;94000
20828;20828;2020-05-14;102000
20829;20829;2020-05-14;110000
20830;20830;2020-05-14;180500
20831;20831;2020-05-14;178000
20832;20832;2020-05-14;105000
20833;20833;2020-05-14;78000
20834;20834;2020-05-14;23000
20835;20835;2020-05-14;110000
20836;20836;2020-05-14;57000
20837;20837;2020-05-14;47000
20838;20838;2020-05-14;124040
20839;20839;2020-05-14;22370
20840;20840;2020-05-14;104990
20841;20841;2020-05-14;85000
20842;20842;2020-05-14;495000
20843;20843;2020-05-14;217500
20844;20844;2020-05-14;170000
20845;20845;2020-05-14;95000
20846;20846;2020-05-14;153000
20847;20847;2020-05-14;25000
20848;20848;2020-05-14;165000
20849;20849;2020-05-14;145000
20850;20850;2020-05-14;49000
20851;20851;2020-05-14;86000
20852;20852;2020-05-14;54000
20853;20853;2020-05-14;113070
20854;20854;2020-05-14;23000
20855;20855;2020-05-14;191911
20856;20856;2020-05-14;65000
20857;20857;2020-05-14;99500
20858;20858;2020-05-14;80000
20859;20859;2020-05-14;350000
20860;20860;2020-05-14;113000
20861;20861;2020-05-14;275000
20862;20862;2020-05-14;130000
20863;20863;2020-05-14;195000
20864;20864;2020-05-14;171000
20865;20865;2020-05-14;295000
20866;20866;2020-05-14;166500
20867;20867;2020-05-14;71500
20868;20868;2020-05-14;176550
20869;20869;2020-05-14;63100
20870;20870;2020-05-14;73770
20871;20871;2020-05-14;65000
20872;20872;2020-05-14;80000
20873;20873;2020-05-14;328760
20874;20874;2020-05-14;302150
20875;20875;2020-05-14;72000
20876;20876;2020-05-14;301800
20877;20877;2020-05-14;221800
20878;20878;2020-05-14;260000
20879;20879;2020-05-14;183000
20880;20880;2020-05-14;214530
20881;20881;2020-05-14;123300
20882;20882;2020-05-14;162300
20883;20883;2020-05-14;162330
20884;20884;2020-05-14;178500
20885;20885;2020-05-14;93000
20886;20886;2020-05-14;135000
20887;20887;2020-05-14;142000
20888;20888;2020-05-14;182000
20889;20889;2020-05-14;87000
20890;20890;2020-05-14;198000
20891;20891;2020-05-14;177200
20892;20892;2020-05-14;147850
20893;20893;2020-05-14;151500
20894;20894;2020-05-14;550500
20895;20895;2020-05-14;273100
20896;20896;2020-05-14;225000
20897;20897;2020-05-14;94000
20898;20898;2020-05-14;242000
20899;20899;2020-05-14;181000
20900;20900;2020-05-14;150818
20901;20901;2020-05-14;179000
20902;20902;2020-05-14;110000
20903;20903;2020-05-14;228000
20904;20904;2020-05-14;130000
20905;20905;2020-05-14;78000
20906;20906;2020-05-14;167400
20907;20907;2020-05-14;197675
20908;20908;2020-05-14;74100
20909;20909;2020-05-14;147300
20910;20910;2020-05-14;220000
20911;20911;2020-05-14;146000
20912;20912;2020-05-14;229000
20913;20913;2020-05-14;328189
20914;20914;2020-05-14;107000
20915;20915;2020-05-14;82000
20916;20916;2020-05-14;380000
20917;20917;2020-05-14;239000
20918;20918;2020-05-14;92000
20919;20919;2020-05-14;63500
20920;20920;2020-05-14;88600
20921;20921;2020-05-14;163000
20922;20922;2020-05-14;42750
20923;20923;2020-05-14;185350
20924;20924;2020-05-14;430622
20925;20925;2020-05-14;209000
20926;20926;2020-05-14;237000
20927;20927;2020-05-14;355500
20928;20928;2020-05-14;184000
20929;20929;2020-05-14;88360
20930;20930;2020-05-14;96350
20931;20931;2020-05-14;169000
20932;20932;2020-05-14;355000
20933;20933;2020-05-14;85000
20934;20934;2020-05-14;240500
20935;20935;2020-05-14;90150
20936;20936;2020-05-14;261900
20937;20937;2020-05-14;60000
20938;20938;2020-05-14;50000
20939;20939;2020-05-14;74000
20940;20940;2020-05-14;118000
20941;20941;2020-05-14;182000
20942;20942;2020-05-14;69000
20943;20943;2020-05-14;110000
20944;20944;2020-05-14;85000
20945;20945;2020-05-14;183500
20946;20946;2020-05-14;84050
20947;20947;2020-05-14;132600
20948;20948;2020-05-14;58000
20949;20949;2020-05-14;38000
20950;20950;2020-05-14;128700
20951;20951;2020-05-14;116500
20952;20952;2020-05-14;80000
20953;20953;2020-05-14;68000
20954;20954;2020-05-14;126900
20955;20955;2020-05-14;32200
20956;20956;2020-05-14;212000
20957;20957;2020-05-14;86000
20958;20958;2020-05-14;119600
20959;20959;2020-05-14;149000
20960;20960;2020-05-14;60000
20961;20961;2020-05-14;44000
20962;20962;2020-05-14;135000
20963;20963;2020-05-14;105000
20964;20964;2020-05-14;155000
20965;20965;2020-05-14;49500
20966;20966;2020-05-14;112500
20967;20967;2020-05-14;62400
20968;20968;2020-05-14;165900
20969;20969;2020-05-14;207500
20970;20970;2020-05-14;98000
20971;20971;2020-05-14;90500
20972;20972;2020-05-14;82000
20973;20973;2020-05-14;54500
20974;20974;2020-05-14;40000
20975;20975;2020-05-14;109000
20976;20976;2020-05-14;153000
20977;20977;2020-05-14;216350
20978;20978;2020-05-14;310630
20979;20979;2020-05-14;117700
20980;20980;2020-05-14;196000
20981;20981;2020-05-14;180000
20982;20982;2020-05-14;140000
20983;20983;2020-05-14;130600
20984;20984;2020-05-14;160750
20985;20985;2020-05-14;245000
20986;20986;2020-05-14;356150
20987;20987;2020-05-14;208200
20988;20988;2020-05-14;155700
20989;20989;2020-05-14;182000
20990;20990;2020-05-14;454565
20991;20991;2020-05-14;149000
20992;20992;2020-05-14;453000
20993;20993;2020-05-14;403400
20994;20994;2020-05-14;185000
20995;20995;2020-05-14;372000
20996;20996;2020-05-14;180000
20997;20997;2020-05-14;160000
20998;20998;2020-05-14;82000
20999;20999;2020-05-14;337000
21000;21000;2020-05-14;73732
21001;21001;2020-05-14;240450
21002;21002;2020-05-14;22000
21003;21003;2020-05-14;45000
21004;21004;2020-05-14;170000
21005;21005;2020-05-14;25000
21006;21006;2020-05-14;59900
21007;21007;2020-05-14;182740
21008;21008;2020-05-14;165095
21009;21009;2020-05-14;610800
21010;21010;2020-05-14;47100
21011;21011;2020-05-14;59500
21012;21012;2020-05-14;130000
21013;21013;2020-05-14;320000
21014;21014;2020-05-14;823200
21015;21015;2020-05-14;1750000
21016;21016;2020-05-14;1417500
21017;21017;2020-05-14;849000
21018;21018;2020-05-14;465000
21019;21019;2020-05-14;937050
21020;21020;2020-05-14;376200
21021;21021;2020-05-14;360000
21022;21022;2020-05-14;315380
21023;21023;2020-05-14;415000
21024;21024;2020-05-14;1000000
21025;21025;2020-05-14;480000
21026;21026;2020-05-14;467000
21027;21027;2020-05-14;337000
21028;21028;2020-05-14;795000
21029;21029;2020-05-14;981400
21030;21030;2020-05-14;759615
21031;21031;2020-05-14;336740
21032;21032;2020-05-14;621000
21033;21033;2020-05-14;654000
21034;21034;2020-05-14;329000
21035;21035;2020-05-14;355000
21036;21036;2020-05-14;539000
21037;21037;2020-05-14;579000
21038;21038;2020-05-14;1030400
21039;21039;2020-05-14;45000
21040;21040;2020-05-14;304850
21041;21041;2020-05-14;515000
21042;21042;2020-05-14;380000
21043;21043;2020-05-14;895000
21044;21044;2020-05-14;377000
21045;21045;2020-05-14;378870
21046;21046;2020-05-14;530700
21047;21047;2020-05-14;510000
21048;21048;2020-05-14;570500
21049;21049;2020-05-14;180000
21050;21050;2020-05-14;405000
21051;21051;2020-05-14;275500
21052;21052;2020-05-14;807600
21053;21053;2020-05-14;373540
21054;21054;2020-05-14;115000
21055;21055;2020-05-14;225000
21056;21056;2020-05-14;855100
21057;21057;2020-05-14;240000
21058;21058;2020-05-14;340300
21059;21059;2020-05-14;850000
21060;21060;2020-05-14;776000
21061;21061;2020-05-14;900000
21062;21062;2020-05-14;1197800
21063;21063;2020-05-14;1325000
21064;21064;2020-05-14;309000
21065;21065;2020-05-14;896264
21066;21066;2020-05-14;497000
21067;21067;2020-05-14;369000
21068;21068;2020-05-14;366400
21069;21069;2020-05-14;920000
21070;21070;2020-05-14;17000
21071;21071;2020-05-14;578000
21072;21072;2020-05-14;1400000
21073;21073;2020-05-14;267000
21074;21074;2020-05-14;164000
21075;21075;2020-05-14;299000
21076;21076;2020-05-14;105000
21077;21077;2020-05-14;682100
21078;21078;2020-05-14;393000
21079;21079;2020-05-14;185000
21080;21080;2020-05-14;370000
21081;21081;2020-05-14;90000
21082;21082;2020-05-14;397000
21083;21083;2020-05-14;112700
21084;21084;2020-05-14;116000
21085;21085;2020-05-14;122500
21086;21086;2020-05-14;79000
21087;21087;2020-05-14;120000
21088;21088;2020-05-14;127000
21089;21089;2020-05-14;162000
21090;21090;2020-05-14;149000
21091;21091;2020-05-14;251000
21092;21092;2020-05-14;75000
21093;21093;2020-05-14;50000
21094;21094;2020-05-14;205000
21095;21095;2020-05-14;145350
21096;21096;2020-05-14;206000
21097;21097;2020-05-14;77500
21098;21098;2020-05-14;258500
21099;21099;2020-05-14;157800
21100;21100;2020-05-14;265000
21101;21101;2020-05-14;259750
21102;21102;2020-05-14;272900
21103;21103;2020-05-14;183000
21104;21104;2020-05-14;297000
21105;21105;2020-05-14;130000
21106;21106;2020-05-14;152000
21107;21107;2020-05-14;211000
21108;21108;2020-05-14;138500
21109;21109;2020-05-14;135000
21110;21110;2020-05-14;193000
21111;21111;2020-05-14;292460
21112;21112;2020-05-14;145000
21113;21113;2020-05-14;195000
21114;21114;2020-05-14;121000
21115;21115;2020-05-14;375490
21116;21116;2020-05-14;585200
21117;21117;2020-05-14;342383
21118;21118;2020-05-14;192200
21119;21119;2020-05-14;160219
21120;21120;2020-05-14;143000
21121;21121;2020-05-14;269000
21122;21122;2020-05-14;215000
21123;21123;2020-05-14;275000
21124;21124;2020-05-14;318000
21125;21125;2020-05-14;251112
21126;21126;2020-05-14;120000
21127;21127;2020-05-14;251000
21128;21128;2020-05-14;198442
21129;21129;2020-05-14;335858
21130;21130;2020-05-14;617000
21131;21131;2020-05-14;240000
21132;21132;2020-05-14;57000
21133;21133;2020-05-14;94500
21134;21134;2020-05-14;134900
21135;21135;2020-05-14;105000
21136;21136;2020-05-14;115000
21137;21137;2020-05-14;128600
21138;21138;2020-05-14;130000
21139;21139;2020-05-14;50000
21140;21140;2020-05-14;60000
21141;21141;2020-05-14;60040
21142;21142;2020-05-14;295500
21143;21143;2020-05-14;110350
21144;21144;2020-05-14;588000
21145;21145;2020-05-14;229250
21146;21146;2020-05-14;477150
21147;21147;2020-05-14;225300
21148;21148;2020-05-14;290000
21149;21149;2020-05-14;798000
21150;21150;2020-05-14;192000
21151;21151;2020-05-14;153000
21152;21152;2020-05-14;61000
21153;21153;2020-05-14;104797
21154;21154;2020-05-14;51000
21155;21155;2020-05-14;149000
21156;21156;2020-05-14;92700
21157;21157;2020-05-14;123000
21158;21158;2020-05-14;45100
21159;21159;2020-05-14;139500
21160;21160;2020-05-14;119500
21161;21161;2020-05-14;33000
21162;21162;2020-05-14;108000
21163;21163;2020-05-14;90000
21164;21164;2020-05-14;56000
21165;21165;2020-05-14;129000
21166;21166;2020-05-14;113500
21167;21167;2020-05-14;148100
21168;21168;2020-05-14;110000
21169;21169;2020-05-14;261000
21170;21170;2020-05-14;109900
21171;21171;2020-05-14;94000
21172;21172;2020-05-14;118350
21173;21173;2020-05-14;220000
21174;21174;2020-05-14;310000
21175;21175;2020-05-14;192000
21176;21176;2020-05-14;480000
21177;21177;2020-05-14;241000
21178;21178;2020-05-14;92500
21179;21179;2020-05-14;136000
21180;21180;2020-05-14;143000
21181;21181;2020-05-14;223000
21182;21182;2020-05-14;186700
21183;21183;2020-05-14;361000
21184;21184;2020-05-14;373000
21185;21185;2020-05-14;357000
21186;21186;2020-05-14;326923
21187;21187;2020-05-14;460000
21188;21188;2020-05-14;572049
21189;21189;2020-05-14;180000
21190;21190;2020-05-14;845000
21191;21191;2020-05-14;350000
21192;21192;2020-05-14;191500
21193;21193;2020-05-14;214000
21194;21194;2020-05-14;234950
21195;21195;2020-05-14;465000
21196;21196;2020-05-14;569390
21197;21197;2020-05-14;306550
21198;21198;2020-05-14;325000
21199;21199;2020-05-14;1300000
21200;21200;2020-05-14;155000
21201;21201;2020-05-14;429500
21202;21202;2020-05-14;217600
21203;21203;2020-05-14;565910
21204;21204;2020-05-14;320000
21205;21205;2020-05-14;93855
21206;21206;2020-05-14;112000
21207;21207;2020-05-14;354000
21208;21208;2020-05-14;141000
21209;21209;2020-05-14;375000
21210;21210;2020-05-14;224500
21211;21211;2020-05-14;298000
21212;21212;2020-05-14;159000
21213;21213;2020-05-14;245000
21214;21214;2020-05-14;140000
21215;21215;2020-05-14;175000
21216;21216;2020-05-14;213000
21217;21217;2020-05-14;192000
21218;21218;2020-05-14;270000
21219;21219;2020-05-14;234021
21220;21220;2020-05-14;527000
21221;21221;2020-05-14;170000
21222;21222;2020-05-14;48000
21223;21223;2020-05-14;171000
21224;21224;2020-05-14;230000
21225;21225;2020-05-14;246000
21226;21226;2020-05-14;242000
21227;21227;2020-05-14;307000
21228;21228;2020-05-14;259680
21229;21229;2020-05-14;192000
21230;21230;2020-05-14;130500
21231;21231;2020-05-14;127700
21232;21232;2020-05-14;175000
21233;21233;2020-05-14;131000
21234;21234;2020-05-14;94000
21235;21235;2020-05-14;103000
21236;21236;2020-05-14;266775
21237;21237;2020-05-14;222000
21238;21238;2020-05-14;120000
21239;21239;2020-05-14;120000
21240;21240;2020-05-14;350000
21241;21241;2020-05-14;142000
21242;21242;2020-05-14;338000
21243;21243;2020-05-14;108000
21244;21244;2020-05-14;228000
21245;21245;2020-05-14;240000
21246;21246;2020-05-14;137000
21247;21247;2020-05-14;310000
21248;21248;2020-05-14;159000
21249;21249;2020-05-14;76500
21250;21250;2020-05-15;79370
21251;21251;2020-05-15;69800
21252;21252;2020-05-15;84800
21253;21253;2020-05-15;410000
21254;21254;2020-05-15;469000
21255;21255;2020-05-15;469820
21256;21256;2020-05-15;36000
21257;21257;2020-05-15;96000
21258;21258;2020-05-15;86000
21259;21259;2020-05-15;45000
21260;21260;2020-05-15;165000
21261;21261;2020-05-15;50000
21262;21262;2020-05-15;95000
21263;21263;2020-05-15;240000
21264;21264;2020-05-15;574200
21265;21265;2020-05-15;95000
21266;21266;2020-05-15;566000
21267;21267;2020-05-15;302000
21268;21268;2020-05-15;144000
21269;21269;2020-05-15;395000
21270;21270;2020-05-15;121700
21271;21271;2020-05-15;204700
21272;21272;2020-05-15;935000
21273;21273;2020-05-15;305344
21274;21274;2020-05-15;159500
21275;21275;2020-05-15;12000
21276;21276;2020-05-15;570000
21277;21277;2020-05-15;185000
21278;21278;2020-05-15;141000
21279;21279;2020-05-15;95000
21280;21280;2020-05-15;80000
21281;21281;2020-05-15;136500
21282;21282;2020-05-15;65000
21283;21283;2020-05-15;25000
21284;21284;2020-05-15;100500
21285;21285;2020-05-15;265000
21286;21286;2020-05-15;84010
21287;21287;2020-05-15;79865
21288;21288;2020-05-15;143660
21289;21289;2020-05-15;87505
21290;21290;2020-05-15;225000
21291;21291;2020-05-15;108500
21292;21292;2020-05-15;210000
21293;21293;2020-05-15;224850
21294;21294;2020-05-15;102420
21295;21295;2020-05-15;250000
21296;21296;2020-05-15;98500
21297;21297;2020-05-15;103000
21298;21298;2020-05-15;126000
21299;21299;2020-05-15;104500
21300;21300;2020-05-15;109800
21301;21301;2020-05-15;41200
21302;21302;2020-05-15;66000
21303;21303;2020-05-15;60000
21304;21304;2020-05-15;63320
21305;21305;2020-05-15;65000
21306;21306;2020-05-15;73000
21307;21307;2020-05-15;180000
21308;21308;2020-05-15;37950
21309;21309;2020-05-15;122000
21310;21310;2020-05-15;97000
21311;21311;2020-05-15;67500
21312;21312;2020-05-15;50000
21313;21313;2020-05-15;225000
21314;21314;2020-05-15;222695
21315;21315;2020-05-15;213500
21316;21316;2020-05-15;28990
21317;21317;2020-05-15;81600
21318;21318;2020-05-15;74300
21319;21319;2020-05-15;40500
21320;21320;2020-05-15;125000
21321;21321;2020-05-15;125000
21322;21322;2020-05-15;209440
21323;21323;2020-05-15;165770
21324;21324;2020-05-15;51585
21325;21325;2020-05-15;216450
21326;21326;2020-05-15;188000
21327;21327;2020-05-15;86400
21328;21328;2020-05-15;322200
21329;21329;2020-05-15;150540
21330;21330;2020-05-15;178250
21331;21331;2020-05-15;28600
21332;21332;2020-05-15;257373
21333;21333;2020-05-15;138589
21334;21334;2020-05-15;147500
21335;21335;2020-05-15;148925
21336;21336;2020-05-15;257053
21337;21337;2020-05-15;228200
21338;21338;2020-05-15;115500
21339;21339;2020-05-15;189700
21340;21340;2020-05-15;253700
21341;21341;2020-05-15;182000
21342;21342;2020-05-15;194000
21343;21343;2020-05-15;104000
21344;21344;2020-05-15;125000
21345;21345;2020-05-15;213000
21346;21346;2020-05-15;81350
21347;21347;2020-05-15;111900
21348;21348;2020-05-15;126450
21349;21349;2020-05-15;496000
21350;21350;2020-05-15;152200
21351;21351;2020-05-15;229000
21352;21352;2020-05-15;161500
21353;21353;2020-05-15;65000
21354;21354;2020-05-15;44455
21355;21355;2020-05-15;124000
21356;21356;2020-05-15;170000
21357;21357;2020-05-15;125000
21358;21358;2020-05-15;117950
21359;21359;2020-05-15;116000
21360;21360;2020-05-15;80400
21361;21361;2020-05-15;232300
21362;21362;2020-05-15;273750
21363;21363;2020-05-15;173000
21364;21364;2020-05-15;146000
21365;21365;2020-05-15;143000
21366;21366;2020-05-15;251000
21367;21367;2020-05-15;15000
21368;21368;2020-05-15;72500
21369;21369;2020-05-15;51000
21370;21370;2020-05-15;98000
21371;21371;2020-05-15;272000
21372;21372;2020-05-15;88500
21373;21373;2020-05-15;197700
21374;21374;2020-05-15;147000
21375;21375;2020-05-15;56000
21376;21376;2020-05-15;152000
21377;21377;2020-05-15;108000
21378;21378;2020-05-15;619800
21379;21379;2020-05-15;159000
21380;21380;2020-05-15;122000
21381;21381;2020-05-15;185500
21382;21382;2020-05-15;174650
21383;21383;2020-05-15;65000
21384;21384;2020-05-15;114935
21385;21385;2020-05-15;82000
21386;21386;2020-05-15;74500
21387;21387;2020-05-15;152830
21388;21388;2020-05-15;78000
21389;21389;2020-05-15;94000
21390;21390;2020-05-15;249500
21391;21391;2020-05-15;52000
21392;21392;2020-05-15;46500
21393;21393;2020-05-15;133150
21394;21394;2020-05-15;129500
21395;21395;2020-05-15;40000
21396;21396;2020-05-15;96300
21397;21397;2020-05-15;104800
21398;21398;2020-05-15;230000
21399;21399;2020-05-15;950000
21400;21400;2020-05-15;224000
21401;21401;2020-05-15;143500
21402;21402;2020-05-15;266000
21403;21403;2020-05-15;40000
21404;21404;2020-05-15;129488
21405;21405;2020-05-15;295000
21406;21406;2020-05-15;402000
21407;21407;2020-05-15;171000
21408;21408;2020-05-15;81000
21409;21409;2020-05-15;118300
21410;21410;2020-05-15;60000
21411;21411;2020-05-15;162806
21412;21412;2020-05-15;185000
21413;21413;2020-05-15;288600
21414;21414;2020-05-15;166900
21415;21415;2020-05-15;92000
21416;21416;2020-05-15;130000
21417;21417;2020-05-15;79000
21418;21418;2020-05-15;89938
21419;21419;2020-05-15;37500
21420;21420;2020-05-15;60590
21421;21421;2020-05-15;72700
21422;21422;2020-05-15;90000
21423;21423;2020-05-15;38000
21424;21424;2020-05-15;126000
21425;21425;2020-05-15;158000
21426;21426;2020-05-15;48000
21427;21427;2020-05-15;42500
21428;21428;2020-05-15;27000
21429;21429;2020-05-15;190400
21430;21430;2020-05-15;159000
21431;21431;2020-05-15;61000
21432;21432;2020-05-15;130000
21433;21433;2020-05-15;79000
21434;21434;2020-05-15;189500
21435;21435;2020-05-15;78000
21436;21436;2020-05-15;42500
21437;21437;2020-05-15;44500
21438;21438;2020-05-15;69200
21439;21439;2020-05-15;68000
21440;21440;2020-05-15;108500
21441;21441;2020-05-15;56500
21442;21442;2020-05-15;87000
21443;21443;2020-05-15;139000
21444;21444;2020-05-15;116270
21445;21445;2020-05-15;55600
21446;21446;2020-05-15;65000
21447;21447;2020-05-15;191000
21448;21448;2020-05-15;105357
21449;21449;2020-05-15;80200
21450;21450;2020-05-15;216000
21451;21451;2020-05-15;35000
21452;21452;2020-05-15;102000
21453;21453;2020-05-15;127050
21454;21454;2020-05-15;78000
21455;21455;2020-05-15;273500
21456;21456;2020-05-15;398750
21457;21457;2020-05-15;162080
21458;21458;2020-05-15;218000
21459;21459;2020-05-15;276000
21460;21460;2020-05-15;156162
21461;21461;2020-05-15;63100
21462;21462;2020-05-15;65500
21463;21463;2020-05-15;95000
21464;21464;2020-05-15;112500
21465;21465;2020-05-15;235000
21466;21466;2020-05-15;466000
21467;21467;2020-05-15;146470
21468;21468;2020-05-15;117880
21469;21469;2020-05-15;135000
21470;21470;2020-05-15;127000
21471;21471;2020-05-15;105000
21472;21472;2020-05-15;163000
21473;21473;2020-05-15;83000
21474;21474;2020-05-15;99200
21475;21475;2020-05-15;82500
21476;21476;2020-05-15;167000
21477;21477;2020-05-15;104500
21478;21478;2020-05-15;217040
21479;21479;2020-05-15;207600
21480;21480;2020-05-15;53300
21481;21481;2020-05-15;83000
21482;21482;2020-05-15;85650
21483;21483;2020-05-15;99800
21484;21484;2020-05-15;99200
21485;21485;2020-05-15;116600
21486;21486;2020-05-15;292000
21487;21487;2020-05-15;95000
21488;21488;2020-05-15;175000
21489;21489;2020-05-15;152000
21490;21490;2020-05-15;109030
21491;21491;2020-05-15;145000
21492;21492;2020-05-15;164000
21493;21493;2020-05-15;134000
21494;21494;2020-05-15;177195
21495;21495;2020-05-15;214900
21496;21496;2020-05-15;136000
21497;21497;2020-05-15;197900
21498;21498;2020-05-15;134800
21499;21499;2020-05-15;98880
21500;21500;2020-05-15;349540
21501;21501;2020-05-15;108000
21502;21502;2020-05-15;245000
21503;21503;2020-05-15;184115
21504;21504;2020-05-15;510000
21505;21505;2020-05-15;158000
21506;21506;2020-05-15;128000
21507;21507;2020-05-15;2072500
21508;21508;2020-05-15;190000
21509;21509;2020-05-15;361400
21510;21510;2020-05-15;187000
21511;21511;2020-05-15;488000
21512;21512;2020-05-15;249300
21513;21513;2020-05-15;183800
21514;21514;2020-05-15;458700
21515;21515;2020-05-15;366600
21516;21516;2020-05-15;287000
21517;21517;2020-05-15;1320000
21518;21518;2020-05-15;547100
21519;21519;2020-05-15;254000
21520;21520;2020-05-15;315000
21521;21521;2020-05-15;62000
21522;21522;2020-05-15;48500
21523;21523;2020-05-15;240000
21524;21524;2020-05-15;84000
21525;21525;2020-05-15;71500
21526;21526;2020-05-15;90000
21527;21527;2020-05-15;91500
21528;21528;2020-05-15;278000
21529;21529;2020-05-15;480000
21530;21530;2020-05-15;420000
21531;21531;2020-05-15;555000
21532;21532;2020-05-15;278920
21533;21533;2020-05-15;192000
21534;21534;2020-05-15;249640
21535;21535;2020-05-15;62000
21536;21536;2020-05-15;287700
21537;21537;2020-05-15;52015
21538;21538;2020-05-15;192500
21539;21539;2020-05-15;256440
21540;21540;2020-05-15;1300000
21541;21541;2020-05-15;89000
21542;21542;2020-05-15;322750
21543;21543;2020-05-15;480000
21544;21544;2020-05-15;374000
21545;21545;2020-05-15;520000
21546;21546;2020-05-15;1000000
21547;21547;2020-05-15;240000
21548;21548;2020-05-15;3202000
21549;21549;2020-05-15;950000
21550;21550;2020-05-15;735560
21551;21551;2020-05-15;615000
21552;21552;2020-05-15;484000
21553;21553;2020-05-15;2060000
21554;21554;2020-05-15;550000
21555;21555;2020-05-15;549400
21556;21556;2020-05-15;1445000
21557;21557;2020-05-15;598000
21558;21558;2020-05-15;1290000
21559;21559;2020-05-15;335016
21560;21560;2020-05-15;700500
21561;21561;2020-05-15;574211
21562;21562;2020-05-15;684000
21563;21563;2020-05-15;697300
21564;21564;2020-05-15;479000
21565;21565;2020-05-15;785000
21566;21566;2020-05-15;161200
21567;21567;2020-05-15;240000
21568;21568;2020-05-15;470300
21569;21569;2020-05-15;344000
21570;21570;2020-05-15;146360
21571;21571;2020-05-15;855000
21572;21572;2020-05-15;199000
21573;21573;2020-05-15;696000
21574;21574;2020-05-15;1210000
21575;21575;2020-05-15;426000
21576;21576;2020-05-15;147475
21577;21577;2020-05-15;839900
21578;21578;2020-05-15;178000
21579;21579;2020-05-15;234150
21580;21580;2020-05-15;524100
21581;21581;2020-05-15;103500
21582;21582;2020-05-15;650000
21583;21583;2020-05-15;750000
21584;21584;2020-05-15;496000
21585;21585;2020-05-15;646000
21586;21586;2020-05-15;480000
21587;21587;2020-05-15;284000
21588;21588;2020-05-15;300000
21589;21589;2020-05-15;450000
21590;21590;2020-05-15;591000
21591;21591;2020-05-15;490000
21592;21592;2020-05-15;409500
21593;21593;2020-05-15;725000
21594;21594;2020-05-15;170000
21595;21595;2020-05-15;173000
21596;21596;2020-05-15;358000
21597;21597;2020-05-15;122500
21598;21598;2020-05-15;668000
21599;21599;2020-05-15;266000
21600;21600;2020-05-15;189350
21601;21601;2020-05-15;157540
21602;21602;2020-05-15;406500
21603;21603;2020-05-15;168000
21604;21604;2020-05-15;1320000
21605;21605;2020-05-15;707300
21606;21606;2020-05-15;423000
21607;21607;2020-05-15;281300
21608;21608;2020-05-15;500850
21609;21609;2020-05-15;1250000
21610;21610;2020-05-15;501500
21611;21611;2020-05-15;1204500
21612;21612;2020-05-15;623000
21613;21613;2020-05-15;241800
21614;21614;2020-05-15;298000
21615;21615;2020-05-15;446300
21616;21616;2020-05-15;756100
21617;21617;2020-05-15;450000
21618;21618;2020-05-15;134000
21619;21619;2020-05-15;660000
21620;21620;2020-05-15;695400
21621;21621;2020-05-15;367700
21622;21622;2020-05-15;285000
21623;21623;2020-05-15;705000
21624;21624;2020-05-15;257950
21625;21625;2020-05-15;591700
21626;21626;2020-05-15;1120000
21627;21627;2020-05-15;478200
21628;21628;2020-05-15;558560
21629;21629;2020-05-15;479638
21630;21630;2020-05-15;157000
21631;21631;2020-05-15;294611
21632;21632;2020-05-15;414500
21633;21633;2020-05-15;97000
21634;21634;2020-05-15;258500
21635;21635;2020-05-15;202000
21636;21636;2020-05-15;410000
21637;21637;2020-05-15;343000
21638;21638;2020-05-15;346620
21639;21639;2020-05-15;618300
21640;21640;2020-05-15;375710
21641;21641;2020-05-15;414350
21642;21642;2020-05-15;640000
21643;21643;2020-05-15;517100
21644;21644;2020-05-15;291500
21645;21645;2020-05-15;169800
21646;21646;2020-05-15;657770
21647;21647;2020-05-15;369600
21648;21648;2020-05-15;189000
21649;21649;2020-05-15;63000
21650;21650;2020-05-15;58000
21651;21651;2020-05-15;147000
21652;21652;2020-05-15;195000
21653;21653;2020-05-15;128450
21654;21654;2020-05-15;124000
21655;21655;2020-05-15;93000
21656;21656;2020-05-15;82000
21657;21657;2020-05-15;55000
21658;21658;2020-05-15;49000
21659;21659;2020-05-15;149660
21660;21660;2020-05-15;112000
21661;21661;2020-05-15;235670
21662;21662;2020-05-15;180850
21663;21663;2020-05-15;178436
21664;21664;2020-05-15;128063
21665;21665;2020-05-15;100000
21666;21666;2020-05-15;241300
21667;21667;2020-05-15;123000
21668;21668;2020-05-15;243000
21669;21669;2020-05-15;382000
21670;21670;2020-05-15;213000
21671;21671;2020-05-15;153000
21672;21672;2020-05-15;186631
21673;21673;2020-05-15;218000
21674;21674;2020-05-15;185000
21675;21675;2020-05-15;140000
21676;21676;2020-05-15;456500
21677;21677;2020-05-15;112500
21678;21678;2020-05-15;185350
21679;21679;2020-05-15;252000
21680;21680;2020-05-15;196000
21681;21681;2020-05-15;155000
21682;21682;2020-05-15;148000
21683;21683;2020-05-15;178055
21684;21684;2020-05-15;199000
21685;21685;2020-05-15;155790
21686;21686;2020-05-15;184000
21687;21687;2020-05-15;324000
21688;21688;2020-05-15;142000
21689;21689;2020-05-15;260000
21690;21690;2020-05-15;354250
21691;21691;2020-05-15;75000
21692;21692;2020-05-15;324000
21693;21693;2020-05-15;255000
21694;21694;2020-05-15;349000
21695;21695;2020-05-15;145000
21696;21696;2020-05-15;239300
21697;21697;2020-05-15;117500
21698;21698;2020-05-15;214000
21699;21699;2020-05-15;474000
21700;21700;2020-05-15;127900
21701;21701;2020-05-15;290370
21702;21702;2020-05-15;166000
21703;21703;2020-05-15;170000
21704;21704;2020-05-15;155000
21705;21705;2020-05-15;273400
21706;21706;2020-05-15;151000
21707;21707;2020-05-15;1024450
21708;21708;2020-05-15;370000
21709;21709;2020-05-15;472520
21710;21710;2020-05-15;139000
21711;21711;2020-05-15;155000
21712;21712;2020-05-15;115000
21713;21713;2020-05-15;315500
21714;21714;2020-05-15;216150
21715;21715;2020-05-15;155000
21716;21716;2020-05-15;82500
21717;21717;2020-05-15;185000
21718;21718;2020-05-15;176800
21719;21719;2020-05-15;299420
21720;21720;2020-05-15;363510
21721;21721;2020-05-15;31300
21722;21722;2020-05-15;790000
21723;21723;2020-05-15;55000
21724;21724;2020-05-15;158000
21725;21725;2020-05-15;93000
21726;21726;2020-05-15;223000
21727;21727;2020-05-15;230951
21728;21728;2020-05-15;88200
21729;21729;2020-05-15;66000
21730;21730;2020-05-15;17200
21731;21731;2020-05-15;270000
21732;21732;2020-05-15;162000
21733;21733;2020-05-15;128000
21734;21734;2020-05-15;340000
21735;21735;2020-05-15;139000
21736;21736;2020-05-15;56000
21737;21737;2020-05-15;188000
21738;21738;2020-05-15;84000
21739;21739;2020-05-15;140000
21740;21740;2020-05-15;125000
21741;21741;2020-05-15;50000
21742;21742;2020-05-15;147000
21743;21743;2020-05-15;128426
21744;21744;2020-05-15;53000
21745;21745;2020-05-15;147000
21746;21746;2020-05-15;151900
21747;21747;2020-05-15;63400
21748;21748;2020-05-15;150000
21749;21749;2020-05-15;120000
21750;21750;2020-05-15;165000
21751;21751;2020-05-15;44800
21752;21752;2020-05-15;64000
21753;21753;2020-05-15;87500
21754;21754;2020-05-15;43000
21755;21755;2020-05-15;97500
21756;21756;2020-05-15;73000
21757;21757;2020-05-15;184500
21758;21758;2020-05-15;163500
21759;21759;2020-05-15;87000
21760;21760;2020-05-15;100000
21761;21761;2020-05-15;180850
21762;21762;2020-05-15;285000
21763;21763;2020-05-15;105500
21764;21764;2020-05-15;225000
21765;21765;2020-05-15;136000
21766;21766;2020-05-15;265140
21767;21767;2020-05-15;70000
21768;21768;2020-05-15;315000
21769;21769;2020-05-15;91600
21770;21770;2020-05-15;82500
21771;21771;2020-05-15;178000
21772;21772;2020-05-15;320000
21773;21773;2020-05-15;128000
21774;21774;2020-05-15;197000
21775;21775;2020-05-15;157000
21776;21776;2020-05-15;628020
21777;21777;2020-05-15;127184
21778;21778;2020-05-15;350000
21779;21779;2020-05-15;106000
21780;21780;2020-05-15;322000
21781;21781;2020-05-15;126500
21782;21782;2020-05-15;240800
21783;21783;2020-05-15;596400
21784;21784;2020-05-15;298000
21785;21785;2020-05-15;300242
21786;21786;2020-05-15;524450
21787;21787;2020-05-15;545000
21788;21788;2020-05-15;546000
21789;21789;2020-05-15;617675
21790;21790;2020-05-15;153000
21791;21791;2020-05-15;1470000
21792;21792;2020-05-15;566150
21793;21793;2020-05-15;127500
21794;21794;2020-05-15;273890
21795;21795;2020-05-15;630000
21796;21796;2020-05-15;346000
21797;21797;2020-05-15;843000
21798;21798;2020-05-15;274780
21799;21799;2020-05-15;193000
21800;21800;2020-05-15;185000
21801;21801;2020-05-15;587500
21802;21802;2020-05-15;920000
21803;21803;2020-05-15;619900
21804;21804;2020-05-15;300000
21805;21805;2020-05-15;264000
21806;21806;2020-05-15;240000
21807;21807;2020-05-15;163000
21808;21808;2020-05-15;189990
21809;21809;2020-05-15;260000
21810;21810;2020-05-15;135000
21811;21811;2020-05-15;183000
21812;21812;2020-05-15;325000
21813;21813;2020-05-15;482000
21814;21814;2020-05-15;80000
21815;21815;2020-05-15;200800
21816;21816;2020-05-15;176000
21817;21817;2020-05-15;320000
21818;21818;2020-05-15;151000
21819;21819;2020-05-15;280000
21820;21820;2020-05-15;186500
21821;21821;2020-05-15;115000
21822;21822;2020-05-15;470000
21823;21823;2020-05-15;368000
21824;21824;2020-05-15;145000
21825;21825;2020-05-15;166000
21826;21826;2020-05-15;103000
21827;21827;2020-05-15;185000
21828;21828;2020-05-15;127000
21829;21829;2020-05-15;287000
21830;21830;2020-05-15;183300
21831;21831;2020-05-15;142360
21832;21832;2020-05-15;106300
21833;21833;2020-05-15;259000
21834;21834;2020-05-15;339500
21835;21835;2020-05-15;386000
21836;21836;2020-05-15;200000
21837;21837;2020-05-15;242000
21838;21838;2020-05-15;225000
21839;21839;2020-05-15;222000
21840;21840;2020-05-15;212000
21841;21841;2020-05-15;175000
21842;21842;2020-05-15;159900
21843;21843;2020-05-15;145000
21844;21844;2020-05-15;625000
21845;21845;2020-05-15;603800
21846;21846;2020-05-15;252000
21847;21847;2020-05-15;806300
21848;21848;2020-05-15;256000
21849;21849;2020-05-15;244900
21850;21850;2020-05-15;197000
21851;21851;2020-05-15;227000
21852;21852;2020-05-15;221000
21853;21853;2020-05-15;247950
21854;21854;2020-05-15;194226
21855;21855;2020-05-15;245000
21856;21856;2020-05-15;167400
21857;21857;2020-05-15;283500
21858;21858;2020-05-15;181000
21859;21859;2020-05-15;135000
21860;21860;2020-05-15;176000
21861;21861;2020-05-15;368000
21862;21862;2020-05-15;167000
21863;21863;2020-05-15;183000
21864;21864;2020-05-15;277950
21865;21865;2020-05-15;199000
21866;21866;2020-05-15;112000
21867;21867;2020-05-15;170000
21868;21868;2020-05-15;168000
21869;21869;2020-05-15;105000
21870;21870;2020-05-15;144000
21871;21871;2020-05-15;147900
21872;21872;2020-05-15;67450
21873;21873;2020-05-16;41500
21874;21874;2020-05-16;172200
21875;21875;2020-05-16;35000
21876;21876;2020-05-16;32000
21877;21877;2020-05-16;91000
21878;21878;2020-05-16;143820
21879;21879;2020-05-16;153000
21880;21880;2020-05-16;282000
21881;21881;2020-05-16;260000
21882;21882;2020-05-16;76725
21883;21883;2020-05-16;203160
21884;21884;2020-05-16;113500
21885;21885;2020-05-16;77550
21886;21886;2020-05-16;33000
21887;21887;2020-05-16;180650
21888;21888;2020-05-16;590000
21889;21889;2020-05-16;182000
21890;21890;2020-05-16;113600
21891;21891;2020-05-16;64000
21892;21892;2020-05-16;1150000
21893;21893;2020-05-16;208500
21894;21894;2020-05-16;76500
21895;21895;2020-05-16;47000
21896;21896;2020-05-16;145000
21897;21897;2020-05-16;102000
21898;21898;2020-05-16;88000
21899;21899;2020-05-16;65000
21900;21900;2020-05-16;212200
21901;21901;2020-05-16;354000
21902;21902;2020-05-16;1440000
21903;21903;2020-05-16;760000
21904;21904;2020-05-16;78500
21905;21905;2020-05-16;89500
21906;21906;2020-05-16;76500
21907;21907;2020-05-16;72692
21908;21908;2020-05-16;48680
21909;21909;2020-05-16;206000
21910;21910;2020-05-16;140000
21911;21911;2020-05-16;240000
21912;21912;2020-05-16;174000
21913;21913;2020-05-18;54120
21914;21914;2020-05-18;65000
21915;21915;2020-05-18;161000
21916;21916;2020-05-18;84000
21917;21917;2020-05-18;64500
21918;21918;2020-05-18;126000
21919;21919;2020-05-18;81200
21920;21920;2020-05-18;36100
21921;21921;2020-05-18;274000
21922;21922;2020-05-18;237000
21923;21923;2020-05-18;187000
21924;21924;2020-05-18;289000
21925;21925;2020-05-18;48000
21926;21926;2020-05-18;158000
21927;21927;2020-05-18;337000
21928;21928;2020-05-18;156250
21929;21929;2020-05-18;136205
21930;21930;2020-05-18;435000
21931;21931;2020-05-18;375550
21932;21932;2020-05-18;454100
21933;21933;2020-05-18;162300
21934;21934;2020-05-18;730832
21935;21935;2020-05-18;36500
21936;21936;2020-05-18;151900
21937;21937;2020-05-18;118000
21938;21938;2020-05-18;58000
21939;21939;2020-05-18;126350
21940;21940;2020-05-18;85000
21941;21941;2020-05-18;108050
21942;21942;2020-05-18;11000
21943;21943;2020-05-18;46500
21944;21944;2020-05-18;56137
21945;21945;2020-05-18;247000
21946;21946;2020-05-18;153000
21947;21947;2020-05-18;65500
21948;21948;2020-05-18;225000
21949;21949;2020-05-18;215000
21950;21950;2020-05-18;102500
21951;21951;2020-05-18;65000
21952;21952;2020-05-18;20600
21953;21953;2020-05-18;32000
21954;21954;2020-05-18;49500
21955;21955;2020-05-18;40000
21956;21956;2020-05-18;83000
21957;21957;2020-05-18;80000
21958;21958;2020-05-18;201200
21959;21959;2020-05-18;195500
21960;21960;2020-05-18;280000
21961;21961;2020-05-18;130200
21962;21962;2020-05-18;91000
21963;21963;2020-05-18;119500
21964;21964;2020-05-18;70000
21965;21965;2020-05-18;540360
21966;21966;2020-05-18;164290
21967;21967;2020-05-18;196000
21968;21968;2020-05-18;97660
21969;21969;2020-05-18;125950
21970;21970;2020-05-18;94500
21971;21971;2020-05-18;70000
21972;21972;2020-05-18;190000
21973;21973;2020-05-18;281000
21974;21974;2020-05-18;138600
21975;21975;2020-05-18;146600
21976;21976;2020-05-18;211000
21977;21977;2020-05-18;111900
21978;21978;2020-05-18;260000
21979;21979;2020-05-18;130528
21980;21980;2020-05-18;295590
21981;21981;2020-05-18;141300
21982;21982;2020-05-18;128000
21983;21983;2020-05-18;51000
21984;21984;2020-05-18;208900
21985;21985;2020-05-18;225200
21986;21986;2020-05-18;132000
21987;21987;2020-05-18;233450
21988;21988;2020-05-18;463970
21989;21989;2020-05-18;225800
21990;21990;2020-05-18;463700
21991;21991;2020-05-18;248900
21992;21992;2020-05-18;600000
21993;21993;2020-05-18;77500
21994;21994;2020-05-18;210420
21995;21995;2020-05-18;80000
21996;21996;2020-05-18;164000
21997;21997;2020-05-18;112700
21998;21998;2020-05-18;203400
21999;21999;2020-05-18;76500
22000;22000;2020-05-18;48500
22001;22001;2020-05-18;110000
22002;22002;2020-05-18;119300
22003;22003;2020-05-18;180000
22004;22004;2020-05-18;115000
22005;22005;2020-05-18;140000
22006;22006;2020-05-18;144500
22007;22007;2020-05-18;69000
22008;22008;2020-05-18;201000
22009;22009;2020-05-18;385000
22010;22010;2020-05-18;37700
22011;22011;2020-05-18;726700
22012;22012;2020-05-18;243304
22013;22013;2020-05-18;430000
22014;22014;2020-05-18;207500
22015;22015;2020-05-18;152600
22016;22016;2020-05-18;267750
22017;22017;2020-05-18;74500
22018;22018;2020-05-18;141750
22019;22019;2020-05-18;457900
22020;22020;2020-05-18;225850
22021;22021;2020-05-18;160510
22022;22022;2020-05-18;218550
22023;22023;2020-05-18;52000
22024;22024;2020-05-18;228000
22025;22025;2020-05-18;160000
22026;22026;2020-05-18;325000
22027;22027;2020-05-18;102000
22028;22028;2020-05-18;114950
22029;22029;2020-05-18;101000
22030;22030;2020-05-18;227000
22031;22031;2020-05-18;160000
22032;22032;2020-05-18;62000
22033;22033;2020-05-18;73530
22034;22034;2020-05-18;238000
22035;22035;2020-05-18;153000
22036;22036;2020-05-18;370000
22037;22037;2020-05-18;136000
22038;22038;2020-05-18;142100
22039;22039;2020-05-18;111545
22040;22040;2020-05-18;285000
22041;22041;2020-05-18;567000
22042;22042;2020-05-18;549000
22043;22043;2020-05-18;315000
22044;22044;2020-05-18;254850
22045;22045;2020-05-18;226000
22046;22046;2020-05-18;148500
22047;22047;2020-05-18;84000
22048;22048;2020-05-18;142000
22049;22049;2020-05-18;72000
22050;22050;2020-05-18;54900
22051;22051;2020-05-18;67000
22052;22052;2020-05-18;82250
22053;22053;2020-05-18;49500
22054;22054;2020-05-18;134500
22055;22055;2020-05-18;64130
22056;22056;2020-05-18;165450
22057;22057;2020-05-18;79000
22058;22058;2020-05-18;120200
22059;22059;2020-05-18;75000
22060;22060;2020-05-18;103326
22061;22061;2020-05-18;157500
22062;22062;2020-05-18;47500
22063;22063;2020-05-18;161700
22064;22064;2020-05-18;54000
22065;22065;2020-05-18;23000
22066;22066;2020-05-18;158750
22067;22067;2020-05-18;74500
22068;22068;2020-05-18;119000
22069;22069;2020-05-18;169350
22070;22070;2020-05-18;267000
22071;22071;2020-05-18;228750
22072;22072;2020-05-18;93020
22073;22073;2020-05-18;216000
22074;22074;2020-05-18;51000
22075;22075;2020-05-18;149000
22076;22076;2020-05-18;95000
22077;22077;2020-05-18;56000
22078;22078;2020-05-18;178550
22079;22079;2020-05-18;137000
22080;22080;2020-05-18;76000
22081;22081;2020-05-18;45000
22082;22082;2020-05-18;63280
22083;22083;2020-05-18;87000
22084;22084;2020-05-18;121000
22085;22085;2020-05-18;313000
22086;22086;2020-05-18;22000
22087;22087;2020-05-18;76500
22088;22088;2020-05-18;57400
22089;22089;2020-05-18;56100
22090;22090;2020-05-18;69830
22091;22091;2020-05-18;185000
22092;22092;2020-05-18;276990
22093;22093;2020-05-18;130000
22094;22094;2020-05-18;193850
22095;22095;2020-05-18;133600
22096;22096;2020-05-18;324950
22097;22097;2020-05-18;118500
22098;22098;2020-05-18;596600
22099;22099;2020-05-18;137300
22100;22100;2020-05-18;218700
22101;22101;2020-05-18;545810
22102;22102;2020-05-18;103000
22103;22103;2020-05-18;105000
22104;22104;2020-05-18;164850
22105;22105;2020-05-18;133100
22106;22106;2020-05-18;177300
22107;22107;2020-05-18;449780
22108;22108;2020-05-18;238400
22109;22109;2020-05-18;143400
22110;22110;2020-05-18;468500
22111;22111;2020-05-18;199100
22112;22112;2020-05-18;269000
22113;22113;2020-05-18;225000
22114;22114;2020-05-18;165000
22115;22115;2020-05-18;213900
22116;22116;2020-05-18;520000
22117;22117;2020-05-18;453700
22118;22118;2020-05-18;865500
22119;22119;2020-05-18;702000
22120;22120;2020-05-18;436000
22121;22121;2020-05-18;80000
22122;22122;2020-05-18;227550
22123;22123;2020-05-18;310000
22124;22124;2020-05-18;324700
22125;22125;2020-05-18;199280
22126;22126;2020-05-18;138420
22127;22127;2020-05-18;133120
22128;22128;2020-05-18;110000
22129;22129;2020-05-18;128000
22130;22130;2020-05-18;192000
22131;22131;2020-05-18;313600
22132;22132;2020-05-18;200000
22133;22133;2020-05-18;285723
22134;22134;2020-05-18;83000
22135;22135;2020-05-18;45500
22136;22136;2020-05-18;259000
22137;22137;2020-05-18;67900
22138;22138;2020-05-18;338600
22139;22139;2020-05-18;151000
22140;22140;2020-05-18;60520
22141;22141;2020-05-18;86300
22142;22142;2020-05-18;385550
22143;22143;2020-05-18;2550000
22144;22144;2020-05-18;890000
22145;22145;2020-05-18;385000
22146;22146;2020-05-18;1260000
22147;22147;2020-05-18;295000
22148;22148;2020-05-18;523500
22149;22149;2020-05-18;310000
22150;22150;2020-05-18;2098764
22151;22151;2020-05-18;220000
22152;22152;2020-05-18;1590000
22153;22153;2020-05-18;1005000
22154;22154;2020-05-18;494000
22155;22155;2020-05-18;379000
22156;22156;2020-05-18;159870
22157;22157;2020-05-18;660000
22158;22158;2020-05-18;585000
22159;22159;2020-05-18;361850
22160;22160;2020-05-18;918900
22161;22161;2020-05-18;940500
22162;22162;2020-05-18;379020
22163;22163;2020-05-18;632000
22164;22164;2020-05-18;383337
22165;22165;2020-05-18;515000
22166;22166;2020-05-18;227000
22167;22167;2020-05-18;318000
22168;22168;2020-05-18;475000
22169;22169;2020-05-18;199500
22170;22170;2020-05-18;147000
22171;22171;2020-05-18;470000
22172;22172;2020-05-18;771600
22173;22173;2020-05-18;282000
22174;22174;2020-05-18;525000
22175;22175;2020-05-18;489400
22176;22176;2020-05-18;476000
22177;22177;2020-05-18;640000
22178;22178;2020-05-18;87000
22179;22179;2020-05-18;700000
22180;22180;2020-05-18;1530000
22181;22181;2020-05-18;570000
22182;22182;2020-05-18;382500
22183;22183;2020-05-18;503000
22184;22184;2020-05-18;1200000
22185;22185;2020-05-18;849000
22186;22186;2020-05-18;323000
22187;22187;2020-05-18;460000
22188;22188;2020-05-18;743200
22189;22189;2020-05-18;591550
22190;22190;2020-05-18;1189120
22191;22191;2020-05-18;130625
22192;22192;2020-05-18;548600
22193;22193;2020-05-18;800000
22194;22194;2020-05-18;278000
22195;22195;2020-05-18;425000
22196;22196;2020-05-18;376000
22197;22197;2020-05-18;246000
22198;22198;2020-05-18;680000
22199;22199;2020-05-18;189000
22200;22200;2020-05-18;455000
22201;22201;2020-05-18;259587
22202;22202;2020-05-18;241064
22203;22203;2020-05-18;216000
22204;22204;2020-05-18;425000
22205;22205;2020-05-18;795000
22206;22206;2020-05-18;223000
22207;22207;2020-05-18;365000
22208;22208;2020-05-18;548000
22209;22209;2020-05-18;307000
22210;22210;2020-05-18;245000
22211;22211;2020-05-18;73000
22212;22212;2020-05-18;281690
22213;22213;2020-05-18;107000
22214;22214;2020-05-18;200000
22215;22215;2020-05-18;216000
22216;22216;2020-05-18;132400
22217;22217;2020-05-18;127000
22218;22218;2020-05-18;122000
22219;22219;2020-05-18;90600
22220;22220;2020-05-18;68000
22221;22221;2020-05-18;283000
22222;22222;2020-05-18;139000
22223;22223;2020-05-18;155000
22224;22224;2020-05-18;231000
22225;22225;2020-05-18;162100
22226;22226;2020-05-18;330000
22227;22227;2020-05-18;228000
22228;22228;2020-05-18;175000
22229;22229;2020-05-18;164000
22230;22230;2020-05-18;257000
22231;22231;2020-05-18;44500
22232;22232;2020-05-18;140000
22233;22233;2020-05-18;305000
22234;22234;2020-05-18;368300
22235;22235;2020-05-18;230000
22236;22236;2020-05-18;197000
22237;22237;2020-05-18;291000
22238;22238;2020-05-18;103500
22239;22239;2020-05-18;90000
22240;22240;2020-05-18;238000
22241;22241;2020-05-18;290000
22242;22242;2020-05-18;267000
22243;22243;2020-05-18;174000
22244;22244;2020-05-18;749028
22245;22245;2020-05-18;540750
22246;22246;2020-05-18;266350
22247;22247;2020-05-18;147560
22248;22248;2020-05-18;320000
22249;22249;2020-05-18;137000
22250;22250;2020-05-18;110000
22251;22251;2020-05-18;104000
22252;22252;2020-05-18;98500
22253;22253;2020-05-18;700000
22254;22254;2020-05-18;179000
22255;22255;2020-05-18;137857
22256;22256;2020-05-18;133600
22257;22257;2020-05-18;346500
22258;22258;2020-05-18;261000
22259;22259;2020-05-18;157000
22260;22260;2020-05-18;297759
22261;22261;2020-05-18;245000
22262;22262;2020-05-18;339067
22263;22263;2020-05-18;95950
22264;22264;2020-05-18;63500
22265;22265;2020-05-18;92100
22266;22266;2020-05-18;36000
22267;22267;2020-05-18;147500
22268;22268;2020-05-18;220000
22269;22269;2020-05-18;141000
22270;22270;2020-05-18;84000
22271;22271;2020-05-18;190000
22272;22272;2020-05-18;169000
22273;22273;2020-05-18;131570
22274;22274;2020-05-18;110000
22275;22275;2020-05-18;85000
22276;22276;2020-05-18;272000
22277;22277;2020-05-18;86000
22278;22278;2020-05-18;133000
22279;22279;2020-05-18;42000
22280;22280;2020-05-18;86500
22281;22281;2020-05-18;141950
22282;22282;2020-05-18;128500
22283;22283;2020-05-18;94000
22284;22284;2020-05-18;133570
22285;22285;2020-05-18;94000
22286;22286;2020-05-18;180000
22287;22287;2020-05-18;75000
22288;22288;2020-05-18;57000
22289;22289;2020-05-18;165700
22290;22290;2020-05-18;118000
22291;22291;2020-05-18;238300
22292;22292;2020-05-18;70000
22293;22293;2020-05-18;164000
22294;22294;2020-05-18;293000
22295;22295;2020-05-18;92000
22296;22296;2020-05-18;155000
22297;22297;2020-05-18;242000
22298;22298;2020-05-18;204000
22299;22299;2020-05-18;134900
22300;22300;2020-05-18;333000
22301;22301;2020-05-18;177650
22302;22302;2020-05-18;243000
22303;22303;2020-05-18;155000
22304;22304;2020-05-18;159000
22305;22305;2020-05-18;147000
22306;22306;2020-05-18;174000
22307;22307;2020-05-18;247750
22308;22308;2020-05-18;255000
22309;22309;2020-05-18;328290
22310;22310;2020-05-18;278600
22311;22311;2020-05-18;131868
22312;22312;2020-05-18;185500
22313;22313;2020-05-18;165000
22314;22314;2020-05-18;280000
22315;22315;2020-05-18;478600
22316;22316;2020-05-18;698750
22317;22317;2020-05-18;445000
22318;22318;2020-05-18;263700
22319;22319;2020-05-18;1795200
22320;22320;2020-05-18;1025000
22321;22321;2020-05-18;589000
22322;22322;2020-05-18;446010
22323;22323;2020-05-18;370500
22324;22324;2020-05-18;129000
22325;22325;2020-05-18;110000
22326;22326;2020-05-18;158000
22327;22327;2020-05-18;511500
22328;22328;2020-05-18;339900
22329;22329;2020-05-18;198000
22330;22330;2020-05-18;196000
22331;22331;2020-05-18;140000
22332;22332;2020-05-18;410946
22333;22333;2020-05-18;229000
22334;22334;2020-05-18;265000
22335;22335;2020-05-18;791000
22336;22336;2020-05-18;339300
22337;22337;2020-05-18;255000
22338;22338;2020-05-18;172000
22339;22339;2020-05-18;200000
22340;22340;2020-05-18;218000
22341;22341;2020-05-18;288000
22342;22342;2020-05-18;329000
22343;22343;2020-05-18;265000
22344;22344;2020-05-18;186000
22345;22345;2020-05-18;415010
22346;22346;2020-05-18;210350
22347;22347;2020-05-18;587700
22348;22348;2020-05-18;202000
22349;22349;2020-05-18;429850
22350;22350;2020-05-18;604600
22351;22351;2020-05-18;557240
22352;22352;2020-05-18;535000
22353;22353;2020-05-18;140000
22354;22354;2020-05-18;193000
22355;22355;2020-05-18;267500
22356;22356;2020-05-18;227000
22357;22357;2020-05-18;192638
22358;22358;2020-05-18;142000
22359;22359;2020-05-18;277000
22360;22360;2020-05-18;174800
22361;22361;2020-05-18;160000
22362;22362;2020-05-18;175640
22363;22363;2020-05-18;151000
22364;22364;2020-05-18;75000
22365;22365;2020-05-18;306000
22366;22366;2020-05-18;199000
22367;22367;2020-05-18;547350
22368;22368;2020-05-18;163700
22369;22369;2020-05-18;130000
22370;22370;2020-05-18;139000
22371;22371;2020-05-18;174000
22372;22372;2020-05-18;180500
22373;22373;2020-05-18;78000
22374;22374;2020-05-18;206000
22375;22375;2020-05-18;122000
22376;22376;2020-05-18;140000
22377;22377;2020-05-18;133500
22378;22378;2020-05-18;59500
22379;22379;2020-05-18;180515
22380;22380;2020-05-19;513350
22381;22381;2020-05-19;116500
22382;22382;2020-05-19;324050
22383;22383;2020-05-19;55000
22384;22384;2020-05-19;87000
22385;22385;2020-05-19;142500
22386;22386;2020-05-19;199000
22387;22387;2020-05-19;205000
22388;22388;2020-05-19;225000
22389;22389;2020-05-19;165000
22390;22390;2020-05-19;363000
22391;22391;2020-05-19;178525
22392;22392;2020-05-19;279000
22393;22393;2020-05-19;82000
22394;22394;2020-05-19;228000
22395;22395;2020-05-19;201400
22396;22396;2020-05-19;188000
22397;22397;2020-05-19;88550
22398;22398;2020-05-19;51500
22399;22399;2020-05-19;287000
22400;22400;2020-05-19;91500
22401;22401;2020-05-19;65000
22402;22402;2020-05-19;65000
22403;22403;2020-05-19;57100
22404;22404;2020-05-19;125000
22405;22405;2020-05-19;40450
22406;22406;2020-05-19;298590
22407;22407;2020-05-19;96500
22408;22408;2020-05-19;88000
22409;22409;2020-05-19;117000
22410;22410;2020-05-19;120200
22411;22411;2020-05-19;350000
22412;22412;2020-05-19;45000
22413;22413;2020-05-19;110000
22414;22414;2020-05-19;90000
22415;22415;2020-05-19;28000
22416;22416;2020-05-19;160000
22417;22417;2020-05-19;111300
22418;22418;2020-05-19;142600
22419;22419;2020-05-19;110000
22420;22420;2020-05-19;185080
22421;22421;2020-05-19;135000
22422;22422;2020-05-19;139000
22423;22423;2020-05-19;65000
22424;22424;2020-05-19;165000
22425;22425;2020-05-19;131750
22426;22426;2020-05-19;53000
22427;22427;2020-05-19;170000
22428;22428;2020-05-19;127700
22429;22429;2020-05-19;65000
22430;22430;2020-05-19;131400
22431;22431;2020-05-19;152000
22432;22432;2020-05-19;473000
22433;22433;2020-05-19;60000
22434;22434;2020-05-19;248460
22435;22435;2020-05-19;330000
22436;22436;2020-05-19;389615
22437;22437;2020-05-19;63000
22438;22438;2020-05-19;133190
22439;22439;2020-05-19;86000
22440;22440;2020-05-19;111200
22441;22441;2020-05-19;156650
22442;22442;2020-05-19;106900
22443;22443;2020-05-19;107000
22444;22444;2020-05-19;262000
22445;22445;2020-05-19;220000
22446;22446;2020-05-19;430000
22447;22447;2020-05-19;90800
22448;22448;2020-05-19;180000
22449;22449;2020-05-19;155000
22450;22450;2020-05-19;118310
22451;22451;2020-05-19;159000
22452;22452;2020-05-19;102564
22453;22453;2020-05-19;432600
22454;22454;2020-05-19;245000
22455;22455;2020-05-19;120000
22456;22456;2020-05-19;315000
22457;22457;2020-05-19;312800
22458;22458;2020-05-19;136022
22459;22459;2020-05-19;174000
22460;22460;2020-05-19;124876
22461;22461;2020-05-19;355000
22462;22462;2020-05-19;66500
22463;22463;2020-05-19;167000
22464;22464;2020-05-19;84500
22465;22465;2020-05-19;107000
22466;22466;2020-05-19;91000
22467;22467;2020-05-19;102000
22468;22468;2020-05-19;63000
22469;22469;2020-05-19;90000
22470;22470;2020-05-19;165000
22471;22471;2020-05-19;177000
22472;22472;2020-05-19;131500
22473;22473;2020-05-19;182000
22474;22474;2020-05-19;88000
22475;22475;2020-05-19;103000
22476;22476;2020-05-19;51956
22477;22477;2020-05-19;123000
22478;22478;2020-05-19;116500
22479;22479;2020-05-19;67866
22480;22480;2020-05-19;229000
22481;22481;2020-05-19;185000
22482;22482;2020-05-19;94000
22483;22483;2020-05-19;115000
22484;22484;2020-05-19;159350
22485;22485;2020-05-19;155000
22486;22486;2020-05-19;153000
22487;22487;2020-05-19;52500
22488;22488;2020-05-19;124500
22489;22489;2020-05-19;58000
22490;22490;2020-05-19;80000
22491;22491;2020-05-19;270000
22492;22492;2020-05-19;82000
22493;22493;2020-05-19;135000
22494;22494;2020-05-19;35000
22495;22495;2020-05-19;120000
22496;22496;2020-05-19;77483
22497;22497;2020-05-19;49500
22498;22498;2020-05-19;111000
22499;22499;2020-05-19;132600
22500;22500;2020-05-19;80000
22501;22501;2020-05-19;245000
22502;22502;2020-05-19;185000
22503;22503;2020-05-19;95000
22504;22504;2020-05-19;160000
22505;22505;2020-05-19;120400
22506;22506;2020-05-19;270000
22507;22507;2020-05-19;197517
22508;22508;2020-05-19;94145
22509;22509;2020-05-19;87000
22510;22510;2020-05-19;236486
22511;22511;2020-05-19;147000
22512;22512;2020-05-19;204250
22513;22513;2020-05-19;178000
22514;22514;2020-05-19;138300
22515;22515;2020-05-19;166000
22516;22516;2020-05-19;229500
22517;22517;2020-05-19;396200
22518;22518;2020-05-19;122000
22519;22519;2020-05-19;211000
22520;22520;2020-05-19;39600
22521;22521;2020-05-19;127000
22522;22522;2020-05-19;111200
22523;22523;2020-05-19;131915
22524;22524;2020-05-19;68000
22525;22525;2020-05-19;64000
22526;22526;2020-05-19;86000
22527;22527;2020-05-19;170000
22528;22528;2020-05-19;310000
22529;22529;2020-05-19;125000
22530;22530;2020-05-19;79500
22531;22531;2020-05-19;98000
22532;22532;2020-05-19;103000
22533;22533;2020-05-19;321280
22534;22534;2020-05-19;105350
22535;22535;2020-05-19;193000
22536;22536;2020-05-19;62000
22537;22537;2020-05-19;24000
22538;22538;2020-05-19;132610
22539;22539;2020-05-19;87500
22540;22540;2020-05-19;142500
22541;22541;2020-05-19;80000
22542;22542;2020-05-19;70300
22543;22543;2020-05-19;120000
22544;22544;2020-05-19;113000
22545;22545;2020-05-19;140000
22546;22546;2020-05-19;132000
22547;22547;2020-05-19;104000
22548;22548;2020-05-19;64000
22549;22549;2020-05-19;53000
22550;22550;2020-05-19;115000
22551;22551;2020-05-19;260000
22552;22552;2020-05-19;483145
22553;22553;2020-05-19;110000
22554;22554;2020-05-19;281000
22555;22555;2020-05-19;124500
22556;22556;2020-05-19;157000
22557;22557;2020-05-19;232000
22558;22558;2020-05-19;115000
22559;22559;2020-05-19;264600
22560;22560;2020-05-19;113870
22561;22561;2020-05-19;73700
22562;22562;2020-05-19;30000
22563;22563;2020-05-19;88000
22564;22564;2020-05-19;406850
22565;22565;2020-05-19;161200
22566;22566;2020-05-19;280000
22567;22567;2020-05-19;190000
22568;22568;2020-05-19;188000
22569;22569;2020-05-19;209000
22570;22570;2020-05-19;107000
22571;22571;2020-05-19;80000
22572;22572;2020-05-19;142000
22573;22573;2020-05-19;190500
22574;22574;2020-05-19;199000
22575;22575;2020-05-19;229655
22576;22576;2020-05-19;210000
22577;22577;2020-05-19;615000
22578;22578;2020-05-19;1011280
22579;22579;2020-05-19;250000
22580;22580;2020-05-19;420000
22581;22581;2020-05-19;167500
22582;22582;2020-05-19;355000
22583;22583;2020-05-19;267100
22584;22584;2020-05-19;122500
22585;22585;2020-05-19;214350
22586;22586;2020-05-19;200220
22587;22587;2020-05-19;350000
22588;22588;2020-05-19;219890
22589;22589;2020-05-19;30000
22590;22590;2020-05-19;155500
22591;22591;2020-05-19;69500
22592;22592;2020-05-19;53500
22593;22593;2020-05-19;122000
22594;22594;2020-05-19;155000
22595;22595;2020-05-19;298000
22596;22596;2020-05-19;317200
22597;22597;2020-05-19;216000
22598;22598;2020-05-19;155000
22599;22599;2020-05-19;160000
22600;22600;2020-05-19;556000
22601;22601;2020-05-19;350000
22602;22602;2020-05-19;1310000
22603;22603;2020-05-19;252700
22604;22604;2020-05-19;80000
22605;22605;2020-05-19;1625000
22606;22606;2020-05-19;840000
22607;22607;2020-05-19;1040000
22608;22608;2020-05-19;1433350
22609;22609;2020-05-19;396200
22610;22610;2020-05-19;1500000
22611;22611;2020-05-19;1780000
22612;22612;2020-05-19;561905
22613;22613;2020-05-19;494344
22614;22614;2020-05-19;580000
22615;22615;2020-05-19;155000
22616;22616;2020-05-19;495068
22617;22617;2020-05-19;850000
22618;22618;2020-05-19;590289
22619;22619;2020-05-19;735000
22620;22620;2020-05-19;481955
22621;22621;2020-05-19;420238
22622;22622;2020-05-19;563000
22623;22623;2020-05-19;229000
22624;22624;2020-05-19;244900
22625;22625;2020-05-19;550700
22626;22626;2020-05-19;352500
22627;22627;2020-05-19;260000
22628;22628;2020-05-19;605000
22629;22629;2020-05-19;765000
22630;22630;2020-05-19;930000
22631;22631;2020-05-19;352000
22632;22632;2020-05-19;247620
22633;22633;2020-05-19;420000
22634;22634;2020-05-19;547000
22635;22635;2020-05-19;515000
22636;22636;2020-05-19;335000
22637;22637;2020-05-19;200500
22638;22638;2020-05-19;453480
22639;22639;2020-05-19;190000
22640;22640;2020-05-19;708200
22641;22641;2020-05-19;155000
22642;22642;2020-05-19;936000
22643;22643;2020-05-19;1320000
22644;22644;2020-05-19;385011
22645;22645;2020-05-19;1303000
22646;22646;2020-05-19;371000
22647;22647;2020-05-19;792000
22648;22648;2020-05-19;1032000
22649;22649;2020-05-19;1670000
22650;22650;2020-05-19;1552000
22651;22651;2020-05-19;1766550
22652;22652;2020-05-19;1504000
22653;22653;2020-05-19;765125
22654;22654;2020-05-19;239800
22655;22655;2020-05-19;369500
22656;22656;2020-05-19;396000
22657;22657;2020-05-19;320960
22658;22658;2020-05-19;242000
22659;22659;2020-05-19;850000
22660;22660;2020-05-19;663900
22661;22661;2020-05-19;308600
22662;22662;2020-05-19;690000
22663;22663;2020-05-19;204000
22664;22664;2020-05-19;526300
22665;22665;2020-05-19;272000
22666;22666;2020-05-19;348380
22667;22667;2020-05-19;301933
22668;22668;2020-05-19;103000
22669;22669;2020-05-19;289000
22670;22670;2020-05-19;254000
22671;22671;2020-05-19;966346
22672;22672;2020-05-19;353000
22673;22673;2020-05-19;246000
22674;22674;2020-05-19;275110
22675;22675;2020-05-19;775000
22676;22676;2020-05-19;640000
22677;22677;2020-05-19;160000
22678;22678;2020-05-19;93500
22679;22679;2020-05-19;75000
22680;22680;2020-05-19;57200
22681;22681;2020-05-19;89000
22682;22682;2020-05-19;82000
22683;22683;2020-05-19;235600
22684;22684;2020-05-19;194470
22685;22685;2020-05-19;248000
22686;22686;2020-05-19;52000
22687;22687;2020-05-19;90000
22688;22688;2020-05-19;236000
22689;22689;2020-05-19;157000
22690;22690;2020-05-19;126400
22691;22691;2020-05-19;199000
22692;22692;2020-05-19;150500
22693;22693;2020-05-19;248450
22694;22694;2020-05-19;138000
22695;22695;2020-05-19;229000
22696;22696;2020-05-19;137000
22697;22697;2020-05-19;167000
22698;22698;2020-05-19;180000
22699;22699;2020-05-19;315000
22700;22700;2020-05-19;332250
22701;22701;2020-05-19;350000
22702;22702;2020-05-19;245604
22703;22703;2020-05-19;417000
22704;22704;2020-05-19;454650
22705;22705;2020-05-19;132000
22706;22706;2020-05-19;206000
22707;22707;2020-05-19;166700
22708;22708;2020-05-19;171500
22709;22709;2020-05-19;180000
22710;22710;2020-05-19;227000
22711;22711;2020-05-19;147000
22712;22712;2020-05-19;205000
22713;22713;2020-05-19;192000
22714;22714;2020-05-19;260000
22715;22715;2020-05-19;304200
22716;22716;2020-05-19;315000
22717;22717;2020-05-19;135000
22718;22718;2020-05-19;255000
22719;22719;2020-05-19;132000
22720;22720;2020-05-19;109000
22721;22721;2020-05-19;100000
22722;22722;2020-05-19;85000
22723;22723;2020-05-19;184000
22724;22724;2020-05-19;330000
22725;22725;2020-05-19;254700
22726;22726;2020-05-19;124500
22727;22727;2020-05-19;64000
22728;22728;2020-05-19;162000
22729;22729;2020-05-19;138700
22730;22730;2020-05-19;94000
22731;22731;2020-05-19;434800
22732;22732;2020-05-19;287000
22733;22733;2020-05-19;89000
22734;22734;2020-05-19;124000
22735;22735;2020-05-19;314000
22736;22736;2020-05-19;230000
22737;22737;2020-05-19;366800
22738;22738;2020-05-19;307500
22739;22739;2020-05-19;102000
22740;22740;2020-05-19;179000
22741;22741;2020-05-19;142500
22742;22742;2020-05-19;91940
22743;22743;2020-05-19;81000
22744;22744;2020-05-19;542500
22745;22745;2020-05-19;102500
22746;22746;2020-05-19;345000
22747;22747;2020-05-19;140000
22748;22748;2020-05-19;44000
22749;22749;2020-05-19;84250
22750;22750;2020-05-19;94000
22751;22751;2020-05-19;130000
22752;22752;2020-05-19;95000
22753;22753;2020-05-19;89450
22754;22754;2020-05-19;45000
22755;22755;2020-05-19;75000
22756;22756;2020-05-19;66000
22757;22757;2020-05-19;114000
22758;22758;2020-05-19;44500
22759;22759;2020-05-19;48500
22760;22760;2020-05-19;66000
22761;22761;2020-05-19;75000
22762;22762;2020-05-19;110000
22763;22763;2020-05-19;123000
22764;22764;2020-05-19;117700
22765;22765;2020-05-19;105000
22766;22766;2020-05-19;89000
22767;22767;2020-05-19;129000
22768;22768;2020-05-19;77000
22769;22769;2020-05-19;182000
22770;22770;2020-05-19;455101
22771;22771;2020-05-19;160000
22772;22772;2020-05-19;417000
22773;22773;2020-05-19;245000
22774;22774;2020-05-19;304000
22775;22775;2020-05-19;255000
22776;22776;2020-05-19;743850
22777;22777;2020-05-19;173000
22778;22778;2020-05-19;320000
22779;22779;2020-05-19;687450
22780;22780;2020-05-19;255000
22781;22781;2020-05-19;409000
22782;22782;2020-05-19;497608
22783;22783;2020-05-19;1260780
22784;22784;2020-05-19;669900
22785;22785;2020-05-19;1550000
22786;22786;2020-05-19;299000
22787;22787;2020-05-19;307000
22788;22788;2020-05-19;469000
22789;22789;2020-05-19;168000
22790;22790;2020-05-19;937450
22791;22791;2020-05-19;380000
22792;22792;2020-05-19;90000
22793;22793;2020-05-19;200500
22794;22794;2020-05-19;160000
22795;22795;2020-05-19;139000
22796;22796;2020-05-19;150000
22797;22797;2020-05-19;174000
22798;22798;2020-05-19;252000
22799;22799;2020-05-19;185000
22800;22800;2020-05-19;102000
22801;22801;2020-05-19;143000
22802;22802;2020-05-19;112500
22803;22803;2020-05-19;211800
22804;22804;2020-05-19;188678
22805;22805;2020-05-19;269000
22806;22806;2020-05-19;50000
22807;22807;2020-05-19;670000
22808;22808;2020-05-19;229990
22809;22809;2020-05-19;420000
22810;22810;2020-05-19;480000
22811;22811;2020-05-19;233570
22812;22812;2020-05-19;264000
22813;22813;2020-05-19;130000
22814;22814;2020-05-19;296000
22815;22815;2020-05-19;820000
22816;22816;2020-05-19;202000
22817;22817;2020-05-19;203000
22818;22818;2020-05-19;344800
22819;22819;2020-05-19;480300
22820;22820;2020-05-19;366000
22821;22821;2020-05-19;350000
22822;22822;2020-05-19;260000
22823;22823;2020-05-19;115000
22824;22824;2020-05-19;273000
22825;22825;2020-05-19;141870
22826;22826;2020-05-19;106000
22827;22827;2020-05-19;211700
22828;22828;2020-05-19;200000
22829;22829;2020-05-19;215632
22830;22830;2020-05-19;165000
22831;22831;2020-05-19;390000
22832;22832;2020-05-19;252000
22833;22833;2020-05-19;150700
22834;22834;2020-05-19;140605
22835;22835;2020-05-19;210800
22836;22836;2020-05-19;136000
22837;22837;2020-05-19;106500
22838;22838;2020-05-20;170000
22839;22839;2020-05-20;82500
22840;22840;2020-05-20;282600
22841;22841;2020-05-20;35723
22842;22842;2020-05-20;67500
22843;22843;2020-05-20;61000
22844;22844;2020-05-20;28350
22845;22845;2020-05-20;142000
22846;22846;2020-05-20;297000
22847;22847;2020-05-20;180000
22848;22848;2020-05-20;120000
22849;22849;2020-05-20;297000
22850;22850;2020-05-20;130000
22851;22851;2020-05-20;225187
22852;22852;2020-05-20;114500
22853;22853;2020-05-20;560000
22854;22854;2020-05-20;196100
22855;22855;2020-05-20;159200
22856;22856;2020-05-20;321175
22857;22857;2020-05-20;193700
22858;22858;2020-05-20;539280
22859;22859;2020-05-20;144000
22860;22860;2020-05-20;180740
22861;22861;2020-05-20;505000
22862;22862;2020-05-20;213000
22863;22863;2020-05-20;350710
22864;22864;2020-05-20;148000
22865;22865;2020-05-20;250000
22866;22866;2020-05-20;500000
22867;22867;2020-05-20;137000
22868;22868;2020-05-20;300000
22869;22869;2020-05-20;148000
22870;22870;2020-05-20;195000
22871;22871;2020-05-20;85000
22872;22872;2020-05-20;40000
22873;22873;2020-05-20;161400
22874;22874;2020-05-20;39000
22875;22875;2020-05-20;62000
22876;22876;2020-05-20;53000
22877;22877;2020-05-20;114000
22878;22878;2020-05-20;34282
22879;22879;2020-05-20;217550
22880;22880;2020-05-20;228000
22881;22881;2020-05-20;63000
22882;22882;2020-05-20;59580
22883;22883;2020-05-20;73000
22884;22884;2020-05-20;75770
22885;22885;2020-05-20;290000
22886;22886;2020-05-20;117100
22887;22887;2020-05-20;116100
22888;22888;2020-05-20;270000
22889;22889;2020-05-20;103000
22890;22890;2020-05-20;100000
22891;22891;2020-05-20;280000
22892;22892;2020-05-20;73395
22893;22893;2020-05-20;77000
22894;22894;2020-05-20;239100
22895;22895;2020-05-20;30000
22896;22896;2020-05-20;54500
22897;22897;2020-05-20;55000
22898;22898;2020-05-20;50000
22899;22899;2020-05-20;115500
22900;22900;2020-05-20;155000
22901;22901;2020-05-20;68000
22902;22902;2020-05-20;187000
22903;22903;2020-05-20;65000
22904;22904;2020-05-20;53200
22905;22905;2020-05-20;28000
22906;22906;2020-05-20;163500
22907;22907;2020-05-20;95500
22908;22908;2020-05-20;131000
22909;22909;2020-05-20;193615
22910;22910;2020-05-20;69000
22911;22911;2020-05-20;59000
22912;22912;2020-05-20;113000
22913;22913;2020-05-20;175000
22914;22914;2020-05-20;143000
22915;22915;2020-05-20;41000
22916;22916;2020-05-20;123000
22917;22917;2020-05-20;245000
22918;22918;2020-05-20;123500
22919;22919;2020-05-20;75000
22920;22920;2020-05-20;195000
22921;22921;2020-05-20;279461
22922;22922;2020-05-20;62000
22923;22923;2020-05-20;125000
22924;22924;2020-05-20;60895
22925;22925;2020-05-20;108000
22926;22926;2020-05-20;128900
22927;22927;2020-05-20;272000
22928;22928;2020-05-20;725000
22929;22929;2020-05-20;163930
22930;22930;2020-05-20;184900
22931;22931;2020-05-20;232405
22932;22932;2020-05-20;173000
22933;22933;2020-05-20;119800
22934;22934;2020-05-20;246800
22935;22935;2020-05-20;435000
22936;22936;2020-05-20;115800
22937;22937;2020-05-20;127000
22938;22938;2020-05-20;198350
22939;22939;2020-05-20;232000
22940;22940;2020-05-20;62500
22941;22941;2020-05-20;111700
22942;22942;2020-05-20;101550
22943;22943;2020-05-20;167000
22944;22944;2020-05-20;116300
22945;22945;2020-05-20;110000
22946;22946;2020-05-20;104120
22947;22947;2020-05-20;205000
22948;22948;2020-05-20;216350
22949;22949;2020-05-20;207000
22950;22950;2020-05-20;447000
22951;22951;2020-05-20;228673
22952;22952;2020-05-20;125500
22953;22953;2020-05-20;241000
22954;22954;2020-05-20;110600
22955;22955;2020-05-20;87130
22956;22956;2020-05-20;105000
22957;22957;2020-05-20;206000
22958;22958;2020-05-20;188300
22959;22959;2020-05-20;282000
22960;22960;2020-05-20;143400
22961;22961;2020-05-20;238300
22962;22962;2020-05-20;320000
22963;22963;2020-05-20;146000
22964;22964;2020-05-20;220000
22965;22965;2020-05-20;61500
22966;22966;2020-05-20;69000
22967;22967;2020-05-20;9000
22968;22968;2020-05-20;138000
22969;22969;2020-05-20;192000
22970;22970;2020-05-20;43333
22971;22971;2020-05-20;119845
22972;22972;2020-05-20;129000
22973;22973;2020-05-20;200000
22974;22974;2020-05-20;243000
22975;22975;2020-05-20;77100
22976;22976;2020-05-20;382000
22977;22977;2020-05-20;229500
22978;22978;2020-05-20;130000
22979;22979;2020-05-20;216420
22980;22980;2020-05-20;121700
22981;22981;2020-05-20;161000
22982;22982;2020-05-20;44000
22983;22983;2020-05-20;81000
22984;22984;2020-05-20;107400
22985;22985;2020-05-20;82000
22986;22986;2020-05-20;136000
22987;22987;2020-05-20;101000
22988;22988;2020-05-20;158000
22989;22989;2020-05-20;126200
22990;22990;2020-05-20;73000
22991;22991;2020-05-20;255550
22992;22992;2020-05-20;207000
22993;22993;2020-05-20;252000
22994;22994;2020-05-20;244000
22995;22995;2020-05-20;308100
22996;22996;2020-05-20;61000
22997;22997;2020-05-20;67800
22998;22998;2020-05-20;130000
22999;22999;2020-05-20;238400
23000;23000;2020-05-20;136000
23001;23001;2020-05-20;150000
23002;23002;2020-05-20;88500
23003;23003;2020-05-20;105000
23004;23004;2020-05-20;167000
23005;23005;2020-05-20;125000
23006;23006;2020-05-20;46550
23007;23007;2020-05-20;101500
23008;23008;2020-05-20;72000
23009;23009;2020-05-20;43850
23010;23010;2020-05-20;29500
23011;23011;2020-05-20;62500
23012;23012;2020-05-20;170000
23013;23013;2020-05-20;18000
23014;23014;2020-05-20;216000
23015;23015;2020-05-20;94000
23016;23016;2020-05-20;195000
23017;23017;2020-05-20;400000
23018;23018;2020-05-20;290000
23019;23019;2020-05-20;800000
23020;23020;2020-05-20;229000
23021;23021;2020-05-20;317000
23022;23022;2020-05-20;250000
23023;23023;2020-05-20;1608880
23024;23024;2020-05-20;232000
23025;23025;2020-05-20;185500
23026;23026;2020-05-20;70921
23027;23027;2020-05-20;375000
23028;23028;2020-05-20;165110
23029;23029;2020-05-20;139500
23030;23030;2020-05-20;142000
23031;23031;2020-05-20;138900
23032;23032;2020-05-20;133100
23033;23033;2020-05-20;235000
23034;23034;2020-05-20;86512
23035;23035;2020-05-20;88500
23036;23036;2020-05-20;235000
23037;23037;2020-05-20;165000
23038;23038;2020-05-20;73000
23039;23039;2020-05-20;126300
23040;23040;2020-05-20;51000
23041;23041;2020-05-20;102505
23042;23042;2020-05-20;166000
23043;23043;2020-05-20;89500
23044;23044;2020-05-20;51000
23045;23045;2020-05-20;73000
23046;23046;2020-05-20;680000
23047;23047;2020-05-20;150530
23048;23048;2020-05-20;108030
23049;23049;2020-05-20;158880
23050;23050;2020-05-20;99300
23051;23051;2020-05-20;45000
23052;23052;2020-05-20;65000
23053;23053;2020-05-20;155940
23054;23054;2020-05-20;122350
23055;23055;2020-05-20;133170
23056;23056;2020-05-20;63930
23057;23057;2020-05-20;90600
23058;23058;2020-05-20;205000
23059;23059;2020-05-20;46000
23060;23060;2020-05-20;31500
23061;23061;2020-05-20;125000
23062;23062;2020-05-20;143500
23063;23063;2020-05-20;226740
23064;23064;2020-05-20;157000
23065;23065;2020-05-20;109680
23066;23066;2020-05-20;97000
23067;23067;2020-05-20;77000
23068;23068;2020-05-20;116000
23069;23069;2020-05-20;122000
23070;23070;2020-05-20;65000
23071;23071;2020-05-20;165000
23072;23072;2020-05-20;138000
23073;23073;2020-05-20;74000
23074;23074;2020-05-20;110000
23075;23075;2020-05-20;260000
23076;23076;2020-05-20;105000
23077;23077;2020-05-20;160200
23078;23078;2020-05-20;98000
23079;23079;2020-05-20;60000
23080;23080;2020-05-20;219000
23081;23081;2020-05-20;94000
23082;23082;2020-05-20;133900
23083;23083;2020-05-20;209300
23084;23084;2020-05-20;139900
23085;23085;2020-05-20;125500
23086;23086;2020-05-20;178000
23087;23087;2020-05-20;268070
23088;23088;2020-05-20;33000
23089;23089;2020-05-20;141000
23090;23090;2020-05-20;77000
23091;23091;2020-05-20;125000
23092;23092;2020-05-20;43500
23093;23093;2020-05-20;360000
23094;23094;2020-05-20;136000
23095;23095;2020-05-20;58000
23096;23096;2020-05-20;88000
23097;23097;2020-05-20;130000
23098;23098;2020-05-20;84200
23099;23099;2020-05-20;93000
23100;23100;2020-05-20;160000
23101;23101;2020-05-20;81000
23102;23102;2020-05-20;104500
23103;23103;2020-05-20;78500
23104;23104;2020-05-20;71000
23105;23105;2020-05-20;68900
23106;23106;2020-05-20;99000
23107;23107;2020-05-20;39000
23108;23108;2020-05-20;103000
23109;23109;2020-05-20;72000
23110;23110;2020-05-20;49800
23111;23111;2020-05-20;84340
23112;23112;2020-05-20;65610
23113;23113;2020-05-20;78000
23114;23114;2020-05-20;68000
23115;23115;2020-05-20;101240
23116;23116;2020-05-20;82000
23117;23117;2020-05-20;85000
23118;23118;2020-05-20;89000
23119;23119;2020-05-20;98000
23120;23120;2020-05-20;143000
23121;23121;2020-05-20;105000
23122;23122;2020-05-20;365200
23123;23123;2020-05-20;283100
23124;23124;2020-05-20;228350
23125;23125;2020-05-20;136500
23126;23126;2020-05-20;200000
23127;23127;2020-05-20;235000
23128;23128;2020-05-20;235000
23129;23129;2020-05-20;158000
23130;23130;2020-05-20;224000
23131;23131;2020-05-20;150300
23132;23132;2020-05-20;219500
23133;23133;2020-05-20;380750
23134;23134;2020-05-20;360500
23135;23135;2020-05-20;112000
23136;23136;2020-05-20;211200
23137;23137;2020-05-20;214620
23138;23138;2020-05-20;321650
23139;23139;2020-05-20;252600
23140;23140;2020-05-20;413800
23141;23141;2020-05-20;207564
23142;23142;2020-05-20;491000
23143;23143;2020-05-20;342650
23144;23144;2020-05-20;345000
23145;23145;2020-05-20;314750
23146;23146;2020-05-20;342470
23147;23147;2020-05-20;129000
23148;23148;2020-05-20;199000
23149;23149;2020-05-20;262500
23150;23150;2020-05-20;287500
23151;23151;2020-05-20;75750
23152;23152;2020-05-20;204500
23153;23153;2020-05-20;188000
23154;23154;2020-05-20;139000
23155;23155;2020-05-20;159912
23156;23156;2020-05-20;127550
23157;23157;2020-05-20;76000
23158;23158;2020-05-20;86500
23159;23159;2020-05-20;17000
23160;23160;2020-05-20;64500
23161;23161;2020-05-20;130000
23162;23162;2020-05-20;125000
23163;23163;2020-05-20;79130
23164;23164;2020-05-20;238474
23165;23165;2020-05-20;254000
23166;23166;2020-05-20;239800
23167;23167;2020-05-20;136000
23168;23168;2020-05-20;563300
23169;23169;2020-05-20;152170
23170;23170;2020-05-20;132500
23171;23171;2020-05-20;447180
23172;23172;2020-05-20;126000
23173;23173;2020-05-20;224000
23174;23174;2020-05-20;222425
23175;23175;2020-05-20;178100
23176;23176;2020-05-20;61870
23177;23177;2020-05-20;72750
23178;23178;2020-05-20;1400000
23179;23179;2020-05-20;340000
23180;23180;2020-05-20;1333000
23181;23181;2020-05-20;1105300
23182;23182;2020-05-20;675000
23183;23183;2020-05-20;420000
23184;23184;2020-05-20;237000
23185;23185;2020-05-20;906000
23186;23186;2020-05-20;121000
23187;23187;2020-05-20;150000
23188;23188;2020-05-20;2500000
23189;23189;2020-05-20;395000
23190;23190;2020-05-20;524130
23191;23191;2020-05-20;268000
23192;23192;2020-05-20;1375000
23193;23193;2020-05-20;861600
23194;23194;2020-05-20;965000
23195;23195;2020-05-20;555000
23196;23196;2020-05-20;344200
23197;23197;2020-05-20;395000
23198;23198;2020-05-20;3031250
23199;23199;2020-05-20;280000
23200;23200;2020-05-20;275000
23201;23201;2020-05-20;1805000
23202;23202;2020-05-20;1587039
23203;23203;2020-05-20;125000
23204;23204;2020-05-20;2580000
23205;23205;2020-05-20;471600
23206;23206;2020-05-20;995000
23207;23207;2020-05-20;400000
23208;23208;2020-05-20;235000
23209;23209;2020-05-20;365000
23210;23210;2020-05-20;831800
23211;23211;2020-05-20;1249000
23212;23212;2020-05-20;425280
23213;23213;2020-05-20;159000
23214;23214;2020-05-20;1160000
23215;23215;2020-05-20;510000
23216;23216;2020-05-20;2700000
23217;23217;2020-05-20;648263
23218;23218;2020-05-20;318000
23219;23219;2020-05-20;341750
23220;23220;2020-05-20;186000
23221;23221;2020-05-20;2000000
23222;23222;2020-05-20;403000
23223;23223;2020-05-20;266500
23224;23224;2020-05-20;596000
23225;23225;2020-05-20;442550
23226;23226;2020-05-20;930000
23227;23227;2020-05-20;335000
23228;23228;2020-05-20;230000
23229;23229;2020-05-20;374000
23230;23230;2020-05-20;465000
23231;23231;2020-05-20;187000
23232;23232;2020-05-20;579060
23233;23233;2020-05-20;456000
23234;23234;2020-05-20;267000
23235;23235;2020-05-20;2731707
23236;23236;2020-05-20;720000
23237;23237;2020-05-20;390250
23238;23238;2020-05-20;576923
23239;23239;2020-05-20;282300
23240;23240;2020-05-20;433700
23241;23241;2020-05-20;546000
23242;23242;2020-05-20;398000
23243;23243;2020-05-20;644750
23244;23244;2020-05-20;222920
23245;23245;2020-05-20;309000
23246;23246;2020-05-20;538000
23247;23247;2020-05-20;175750
23248;23248;2020-05-20;148800
23249;23249;2020-05-20;593555
23250;23250;2020-05-20;105000
23251;23251;2020-05-20;1624908
23252;23252;2020-05-20;1190000
23253;23253;2020-05-20;4150000
23254;23254;2020-05-20;2700000
23255;23255;2020-05-20;1980000
23256;23256;2020-05-20;1263500
23257;23257;2020-05-20;405000
23258;23258;2020-05-20;300000
23259;23259;2020-05-20;3000000
23260;23260;2020-05-20;422000
23261;23261;2020-05-20;350250
23262;23262;2020-05-20;113660
23263;23263;2020-05-20;361045
23264;23264;2020-05-20;693325
23265;23265;2020-05-20;925000
23266;23266;2020-05-20;216992
23267;23267;2020-05-20;359000
23268;23268;2020-05-20;302000
23269;23269;2020-05-20;232027
23270;23270;2020-05-20;915600
23271;23271;2020-05-20;109000
23272;23272;2020-05-20;395000
23273;23273;2020-05-20;242000
23274;23274;2020-05-20;595250
23275;23275;2020-05-20;355750
23276;23276;2020-05-20;220000
23277;23277;2020-05-20;541000
23278;23278;2020-05-20;632075
23279;23279;2020-05-20;538700
23280;23280;2020-05-20;344982
23281;23281;2020-05-20;510000
23282;23282;2020-05-20;37100
23283;23283;2020-05-20;142000
23284;23284;2020-05-20;468950
23285;23285;2020-05-20;58000
23286;23286;2020-05-20;62500
23287;23287;2020-05-20;204930
23288;23288;2020-05-20;177000
23289;23289;2020-05-20;144000
23290;23290;2020-05-20;285000
23291;23291;2020-05-20;96000
23292;23292;2020-05-20;135000
23293;23293;2020-05-20;577100
23294;23294;2020-05-20;274000
23295;23295;2020-05-20;505000
23296;23296;2020-05-20;55000
23297;23297;2020-05-20;185000
23298;23298;2020-05-20;217000
23299;23299;2020-05-20;136000
23300;23300;2020-05-20;154300
23301;23301;2020-05-20;134000
23302;23302;2020-05-20;206000
23303;23303;2020-05-20;355500
23304;23304;2020-05-20;328000
23305;23305;2020-05-20;106000
23306;23306;2020-05-20;131357
23307;23307;2020-05-20;171720
23308;23308;2020-05-20;152000
23309;23309;2020-05-20;180000
23310;23310;2020-05-20;277500
23311;23311;2020-05-20;207000
23312;23312;2020-05-20;88000
23313;23313;2020-05-20;559000
23314;23314;2020-05-20;629000
23315;23315;2020-05-20;135000
23316;23316;2020-05-20;145000
23317;23317;2020-05-20;232000
23318;23318;2020-05-20;116000
23319;23319;2020-05-20;168000
23320;23320;2020-05-20;352380
23321;23321;2020-05-20;79000
23322;23322;2020-05-20;432350
23323;23323;2020-05-20;190000
23324;23324;2020-05-20;208000
23325;23325;2020-05-20;324000
23326;23326;2020-05-20;248000
23327;23327;2020-05-20;163000
23328;23328;2020-05-20;118000
23329;23329;2020-05-20;189739
23330;23330;2020-05-20;312600
23331;23331;2020-05-20;494100
23332;23332;2020-05-20;307000
23333;23333;2020-05-20;122000
23334;23334;2020-05-20;709021
23335;23335;2020-05-20;420000
23336;23336;2020-05-20;185000
23337;23337;2020-05-20;100000
23338;23338;2020-05-20;39854
23339;23339;2020-05-20;69100
23340;23340;2020-05-20;66000
23341;23341;2020-05-20;74000
23342;23342;2020-05-20;150000
23343;23343;2020-05-20;178493
23344;23344;2020-05-20;159600
23345;23345;2020-05-20;158889
23346;23346;2020-05-20;130000
23347;23347;2020-05-20;65000
23348;23348;2020-05-20;276000
23349;23349;2020-05-20;373200
23350;23350;2020-05-20;82980
23351;23351;2020-05-20;270000
23352;23352;2020-05-20;171150
23353;23353;2020-05-20;106000
23354;23354;2020-05-20;136000
23355;23355;2020-05-20;157250
23356;23356;2020-05-20;131000
23357;23357;2020-05-20;201000
23358;23358;2020-05-20;207000
23359;23359;2020-05-20;158000
23360;23360;2020-05-20;107000
23361;23361;2020-05-20;171000
23362;23362;2020-05-20;124450
23363;23363;2020-05-20;52000
23364;23364;2020-05-20;143000
23365;23365;2020-05-20;76000
23366;23366;2020-05-20;165000
23367;23367;2020-05-20;175000
23368;23368;2020-05-20;240000
23369;23369;2020-05-20;27000
23370;23370;2020-05-20;190000
23371;23371;2020-05-20;82800
23372;23372;2020-05-20;118000
23373;23373;2020-05-20;83600
23374;23374;2020-05-20;186370
23375;23375;2020-05-20;117500
23376;23376;2020-05-20;92559
23377;23377;2020-05-20;112000
23378;23378;2020-05-20;226300
23379;23379;2020-05-20;90000
23380;23380;2020-05-20;76400
23381;23381;2020-05-20;74000
23382;23382;2020-05-20;155000
23383;23383;2020-05-20;105000
23384;23384;2020-05-20;87000
23385;23385;2020-05-20;137000
23386;23386;2020-05-20;32000
23387;23387;2020-05-20;109000
23388;23388;2020-05-20;226000
23389;23389;2020-05-20;86000
23390;23390;2020-05-20;255000
23391;23391;2020-05-20;200000
23392;23392;2020-05-20;300262
23393;23393;2020-05-20;138000
23394;23394;2020-05-20;115000
23395;23395;2020-05-20;568000
23396;23396;2020-05-20;217000
23397;23397;2020-05-20;138000
23398;23398;2020-05-20;83100
23399;23399;2020-05-20;226800
23400;23400;2020-05-20;333000
23401;23401;2020-05-20;92000
23402;23402;2020-05-20;163000
23403;23403;2020-05-20;169000
23404;23404;2020-05-20;154000
23405;23405;2020-05-20;123000
23406;23406;2020-05-20;292000
23407;23407;2020-05-20;166000
23408;23408;2020-05-20;177000
23409;23409;2020-05-20;170000
23410;23410;2020-05-20;346500
23411;23411;2020-05-20;162000
23412;23412;2020-05-20;302000
23413;23413;2020-05-20;260100
23414;23414;2020-05-20;985000
23415;23415;2020-05-20;390000
23416;23416;2020-05-20;316000
23417;23417;2020-05-20;384473
23418;23418;2020-05-20;425000
23419;23419;2020-05-20;344350
23420;23420;2020-05-20;447360
23421;23421;2020-05-20;525000
23422;23422;2020-05-20;563000
23423;23423;2020-05-20;629889
23424;23424;2020-05-20;227000
23425;23425;2020-05-20;239000
23426;23426;2020-05-20;144000
23427;23427;2020-05-20;197000
23428;23428;2020-05-20;260000
23429;23429;2020-05-20;306795
23430;23430;2020-05-20;264500
23431;23431;2020-05-20;215000
23432;23432;2020-05-20;244000
23433;23433;2020-05-20;610000
23434;23434;2020-05-20;740000
23435;23435;2020-05-20;482600
23436;23436;2020-05-20;208000
23437;23437;2020-05-20;542801
23438;23438;2020-05-20;935000
23439;23439;2020-05-20;446200
23440;23440;2020-05-20;231000
23441;23441;2020-05-20;123000
23442;23442;2020-05-20;160000
23443;23443;2020-05-20;250000
23444;23444;2020-05-20;162000
23445;23445;2020-05-20;180000
23446;23446;2020-05-20;420000
23447;23447;2020-05-20;577000
23448;23448;2020-05-20;149000
23449;23449;2020-05-20;345000
23450;23450;2020-05-20;162600
23451;23451;2020-05-20;215000
23452;23452;2020-05-20;299000
23453;23453;2020-05-20;179800
23454;23454;2020-05-20;249020
23455;23455;2020-05-20;100000
23456;23456;2020-05-20;242500
23457;23457;2020-05-20;545000
23458;23458;2020-05-20;139000
23459;23459;2020-05-20;179000
23460;23460;2020-05-20;186750
23461;23461;2020-05-20;850000
23462;23462;2020-05-20;216000
23463;23463;2020-05-20;150000
23464;23464;2020-05-20;168000
23465;23465;2020-05-20;425000
23466;23466;2020-05-20;345000
23467;23467;2020-05-20;446220
23468;23468;2020-05-20;158100
23469;23469;2020-05-20;346800
23470;23470;2020-05-20;123000
23471;23471;2020-05-20;173000
23472;23472;2020-05-20;75000
23473;23473;2020-05-20;449000
23474;23474;2020-05-20;373000
23475;23475;2020-05-20;272000
23476;23476;2020-05-20;220000
23477;23477;2020-05-20;230000
23478;23478;2020-05-20;156800
23479;23479;2020-05-20;140000
23480;23480;2020-05-20;244500
23481;23481;2020-05-20;70000
23482;23482;2020-05-20;545000
23483;23483;2020-05-20;208790
23484;23484;2020-05-20;388000
23485;23485;2020-05-20;174000
23486;23486;2020-05-20;140000
23487;23487;2020-05-20;530000
23488;23488;2020-05-20;200000
23489;23489;2020-05-20;207515
23490;23490;2020-05-20;945000
23491;23491;2020-05-20;830000
23492;23492;2020-05-20;95000
23493;23493;2020-05-20;314000
23494;23494;2020-05-20;88000
23495;23495;2020-05-20;190500
23496;23496;2020-05-20;143400
23497;23497;2020-05-20;135500
23498;23498;2020-05-20;108000
23499;23499;2020-05-20;185000
23500;23500;2020-05-20;75200
23501;23501;2020-05-20;136000
23502;23502;2020-05-20;394950
23503;23503;2020-05-20;223500
23504;23504;2020-05-20;161000
23505;23505;2020-05-20;105500
23506;23506;2020-05-20;275000
23507;23507;2020-05-20;152000
23508;23508;2020-05-20;368250
23509;23509;2020-05-20;283000
23510;23510;2020-05-20;100000
23511;23511;2020-05-20;184000
23512;23512;2020-05-20;273860
23513;23513;2020-05-20;143000
23514;23514;2020-05-20;184000
23515;23515;2020-05-20;149000
23516;23516;2020-05-20;113000
23517;23517;2020-05-20;167100
23518;23518;2020-05-20;227250
23519;23519;2020-05-20;138000
23520;23520;2020-05-20;140000
23521;23521;2020-05-20;214000
23522;23522;2020-05-20;147000
23523;23523;2020-05-20;115000
23524;23524;2020-05-20;329700
23525;23525;2020-05-20;60600
23526;23526;2020-05-21;117000
23527;23527;2020-05-21;104000
23528;23528;2020-05-21;131000
23529;23529;2020-05-21;170000
23530;23530;2020-05-21;246000
23531;23531;2020-05-21;160000
23532;23532;2020-05-21;163000
23533;23533;2020-05-22;145100
23534;23534;2020-05-22;44000
23535;23535;2020-05-22;46780
23536;23536;2020-05-22;232180
23537;23537;2020-05-22;78900
23538;23538;2020-05-22;153000
23539;23539;2020-05-22;324000
23540;23540;2020-05-22;81000
23541;23541;2020-05-22;95000
23542;23542;2020-05-22;77580
23543;23543;2020-05-22;79000
23544;23544;2020-05-22;57000
23545;23545;2020-05-22;97000
23546;23546;2020-05-22;63000
23547;23547;2020-05-22;148000
23548;23548;2020-05-22;28500
23549;23549;2020-05-22;185000
23550;23550;2020-05-22;82500
23551;23551;2020-05-22;453000
23552;23552;2020-05-22;43000
23553;23553;2020-05-22;118000
23554;23554;2020-05-22;121800
23555;23555;2020-05-22;39000
23556;23556;2020-05-22;251000
23557;23557;2020-05-22;168000
23558;23558;2020-05-22;78000
23559;23559;2020-05-22;147000
23560;23560;2020-05-22;73400
23561;23561;2020-05-22;38440
23562;23562;2020-05-22;274200
23563;23563;2020-05-22;180460
23564;23564;2020-05-22;169000
23565;23565;2020-05-22;140000
23566;23566;2020-05-22;20000
23567;23567;2020-05-22;159000
23568;23568;2020-05-22;68700
23569;23569;2020-05-22;102650
23570;23570;2020-05-22;118000
23571;23571;2020-05-22;93400
23572;23572;2020-05-22;135000
23573;23573;2020-05-22;110000
23574;23574;2020-05-22;183880
23575;23575;2020-05-22;297000
23576;23576;2020-05-22;371300
23577;23577;2020-05-22;139900
23578;23578;2020-05-22;87200
23579;23579;2020-05-22;100000
23580;23580;2020-05-22;96000
23581;23581;2020-05-22;140000
23582;23582;2020-05-22;81995
23583;23583;2020-05-22;91500
23584;23584;2020-05-22;43962
23585;23585;2020-05-22;80000
23586;23586;2020-05-22;43000
23587;23587;2020-05-22;190000
23588;23588;2020-05-22;54400
23589;23589;2020-05-22;338820
23590;23590;2020-05-22;217200
23591;23591;2020-05-22;70050
23592;23592;2020-05-22;75350
23593;23593;2020-05-22;174000
23594;23594;2020-05-22;51000
23595;23595;2020-05-22;35000
23596;23596;2020-05-22;155500
23597;23597;2020-05-22;96000
23598;23598;2020-05-22;146970
23599;23599;2020-05-22;184990
23600;23600;2020-05-22;193090
23601;23601;2020-05-22;188000
23602;23602;2020-05-22;130500
23603;23603;2020-05-22;44750
23604;23604;2020-05-22;95000
23605;23605;2020-05-22;47155
23606;23606;2020-05-22;80000
23607;23607;2020-05-22;130000
23608;23608;2020-05-22;142730
23609;23609;2020-05-22;62000
23610;23610;2020-05-22;81000
23611;23611;2020-05-22;103000
23612;23612;2020-05-22;41350
23613;23613;2020-05-22;127500
23614;23614;2020-05-22;160200
23615;23615;2020-05-22;138000
23616;23616;2020-05-22;102804
23617;23617;2020-05-22;112340
23618;23618;2020-05-22;109000
23619;23619;2020-05-22;370000
23620;23620;2020-05-22;99500
23621;23621;2020-05-22;98500
23622;23622;2020-05-22;315000
23623;23623;2020-05-22;28500
23624;23624;2020-05-22;132100
23625;23625;2020-05-22;57700
23626;23626;2020-05-22;222300
23627;23627;2020-05-22;104500
23628;23628;2020-05-22;94000
23629;23629;2020-05-22;125000
23630;23630;2020-05-22;73100
23631;23631;2020-05-22;119000
23632;23632;2020-05-22;113000
23633;23633;2020-05-22;167500
23634;23634;2020-05-22;147500
23635;23635;2020-05-22;79200
23636;23636;2020-05-22;138000
23637;23637;2020-05-22;170000
23638;23638;2020-05-22;178350
23639;23639;2020-05-22;153000
23640;23640;2020-05-22;82000
23641;23641;2020-05-22;95000
23642;23642;2020-05-22;107140
23643;23643;2020-05-22;240550
23644;23644;2020-05-22;55000
23645;23645;2020-05-22;68900
23646;23646;2020-05-22;101500
23647;23647;2020-05-22;58850
23648;23648;2020-05-22;125500
23649;23649;2020-05-22;128700
23650;23650;2020-05-22;39355
23651;23651;2020-05-22;250000
23652;23652;2020-05-22;151960
23653;23653;2020-05-22;119442
23654;23654;2020-05-22;47000
23655;23655;2020-05-22;50000
23656;23656;2020-05-22;127000
23657;23657;2020-05-22;235000
23658;23658;2020-05-22;325900
23659;23659;2020-05-22;490000
23660;23660;2020-05-22;245000
23661;23661;2020-05-22;217000
23662;23662;2020-05-22;380500
23663;23663;2020-05-22;109020
23664;23664;2020-05-22;325020
23665;23665;2020-05-22;243150
23666;23666;2020-05-22;169000
23667;23667;2020-05-22;519000
23668;23668;2020-05-22;577265
23669;23669;2020-05-22;245100
23670;23670;2020-05-22;274000
23671;23671;2020-05-22;282000
23672;23672;2020-05-22;416100
23673;23673;2020-05-22;221000
23674;23674;2020-05-22;240000
23675;23675;2020-05-22;120700
23676;23676;2020-05-22;152500
23677;23677;2020-05-22;436533
23678;23678;2020-05-22;178000
23679;23679;2020-05-22;320000
23680;23680;2020-05-22;430900
23681;23681;2020-05-22;121620
23682;23682;2020-05-22;711500
23683;23683;2020-05-22;450000
23684;23684;2020-05-22;518000
23685;23685;2020-05-22;281420
23686;23686;2020-05-22;400270
23687;23687;2020-05-22;434000
23688;23688;2020-05-22;2550000
23689;23689;2020-05-22;257400
23690;23690;2020-05-22;357630
23691;23691;2020-05-22;140000
23692;23692;2020-05-22;200200
23693;23693;2020-05-22;197000
23694;23694;2020-05-22;169000
23695;23695;2020-05-22;997000
23696;23696;2020-05-22;423000
23697;23697;2020-05-22;619255
23698;23698;2020-05-22;760180
23699;23699;2020-05-22;417000
23700;23700;2020-05-22;308850
23701;23701;2020-05-22;840500
23702;23702;2020-05-22;1043540
23703;23703;2020-05-22;111500
23704;23704;2020-05-22;825000
23705;23705;2020-05-22;330000
23706;23706;2020-05-22;235000
23707;23707;2020-05-22;500000
23708;23708;2020-05-22;320000
23709;23709;2020-05-22;152000
23710;23710;2020-05-22;160000
23711;23711;2020-05-22;508500
23712;23712;2020-05-22;858750
23713;23713;2020-05-22;883200
23714;23714;2020-05-22;1766990
23715;23715;2020-05-22;233209
23716;23716;2020-05-22;332350
23717;23717;2020-05-22;238000
23718;23718;2020-05-22;704000
23719;23719;2020-05-22;452300
23720;23720;2020-05-22;290000
23721;23721;2020-05-22;844000
23722;23722;2020-05-22;283100
23723;23723;2020-05-22;53000
23724;23724;2020-05-22;40000
23725;23725;2020-05-22;134500
23726;23726;2020-05-22;44500
23727;23727;2020-05-22;385000
23728;23728;2020-05-22;146000
23729;23729;2020-05-22;145000
23730;23730;2020-05-22;135000
23731;23731;2020-05-22;189000
23732;23732;2020-05-22;160000
23733;23733;2020-05-22;358000
23734;23734;2020-05-22;105000
23735;23735;2020-05-22;292700
23736;23736;2020-05-22;211000
23737;23737;2020-05-22;265000
23738;23738;2020-05-22;405000
23739;23739;2020-05-22;85000
23740;23740;2020-05-22;101000
23741;23741;2020-05-22;60000
23742;23742;2020-05-22;65000
23743;23743;2020-05-22;239900
23744;23744;2020-05-22;216000
23745;23745;2020-05-22;126500
23746;23746;2020-05-22;150000
23747;23747;2020-05-22;261000
23748;23748;2020-05-22;296000
23749;23749;2020-05-22;305000
23750;23750;2020-05-22;205000
23751;23751;2020-05-22;219500
23752;23752;2020-05-22;240000
23753;23753;2020-05-22;200000
23754;23754;2020-05-22;293000
23755;23755;2020-05-22;245000
23756;23756;2020-05-22;470000
23757;23757;2020-05-22;155000
23758;23758;2020-05-22;170000
23759;23759;2020-05-22;380000
23760;23760;2020-05-22;175500
23761;23761;2020-05-22;234500
23762;23762;2020-05-22;96000
23763;23763;2020-05-22;268200
23764;23764;2020-05-22;100000
23765;23765;2020-05-22;100000
23766;23766;2020-05-22;110305
23767;23767;2020-05-22;56000
23768;23768;2020-05-22;442550
23769;23769;2020-05-22;175000
23770;23770;2020-05-22;195000
23771;23771;2020-05-22;150000
23772;23772;2020-05-22;147000
23773;23773;2020-05-22;226000
23774;23774;2020-05-22;97000
23775;23775;2020-05-22;62000
23776;23776;2020-05-22;113000
23777;23777;2020-05-22;150000
23778;23778;2020-05-22;54100
23779;23779;2020-05-22;41000
23780;23780;2020-05-22;205300
23781;23781;2020-05-22;149500
23782;23782;2020-05-22;65500
23783;23783;2020-05-22;75500
23784;23784;2020-05-22;39000
23785;23785;2020-05-22;170000
23786;23786;2020-05-22;90500
23787;23787;2020-05-22;119100
23788;23788;2020-05-22;209000
23789;23789;2020-05-22;189000
23790;23790;2020-05-22;192500
23791;23791;2020-05-22;47000
23792;23792;2020-05-22;133800
23793;23793;2020-05-22;180000
23794;23794;2020-05-22;169500
23795;23795;2020-05-22;133500
23796;23796;2020-05-22;115000
23797;23797;2020-05-22;105000
23798;23798;2020-05-22;109000
23799;23799;2020-05-22;64000
23800;23800;2020-05-22;230500
23801;23801;2020-05-22;250000
23802;23802;2020-05-22;95000
23803;23803;2020-05-22;86500
23804;23804;2020-05-22;240000
23805;23805;2020-05-22;246900
23806;23806;2020-05-22;122000
23807;23807;2020-05-22;155000
23808;23808;2020-05-22;130000
23809;23809;2020-05-22;80500
23810;23810;2020-05-22;189000
23811;23811;2020-05-22;98000
23812;23812;2020-05-22;149000
23813;23813;2020-05-22;405000
23814;23814;2020-05-22;130000
23815;23815;2020-05-22;531000
23816;23816;2020-05-22;647320
23817;23817;2020-05-22;147010
23818;23818;2020-05-22;792970
23819;23819;2020-05-22;494000
23820;23820;2020-05-22;549000
23821;23821;2020-05-22;290000
23822;23822;2020-05-22;184762
23823;23823;2020-05-22;426000
23824;23824;2020-05-22;235000
23825;23825;2020-05-22;165000
23826;23826;2020-05-22;146000
23827;23827;2020-05-22;169000
23828;23828;2020-05-22;230000
23829;23829;2020-05-22;221110
23830;23830;2020-05-22;84000
23831;23831;2020-05-22;93000
23832;23832;2020-05-22;369000
23833;23833;2020-05-22;140000
23834;23834;2020-05-22;135000
23835;23835;2020-05-22;277370
23836;23836;2020-05-22;75000
23837;23837;2020-05-22;126000
23838;23838;2020-05-22;164000
23839;23839;2020-05-22;430000
23840;23840;2020-05-22;176360
23841;23841;2020-05-22;230000
23842;23842;2020-05-22;176000
23843;23843;2020-05-22;348700
23844;23844;2020-05-22;325000
23845;23845;2020-05-22;345000
23846;23846;2020-05-22;105000
23847;23847;2020-05-22;275000
23848;23848;2020-05-22;234370
23849;23849;2020-05-22;86618
23850;23850;2020-05-22;218250
23851;23851;2020-05-22;192500
23852;23852;2020-05-22;181000
23853;23853;2020-05-22;150000
23854;23854;2020-05-22;168000
23855;23855;2020-05-22;435000
23856;23856;2020-05-22;600000
23857;23857;2020-05-22;212200
23858;23858;2020-05-22;154500
23859;23859;2020-05-22;255000
23860;23860;2020-05-22;189000
23861;23861;2020-05-22;113000
23862;23862;2020-05-22;186000
23863;23863;2020-05-22;190000
23864;23864;2020-05-22;175908
23865;23865;2020-05-22;299750
23866;23866;2020-05-22;187000
23867;23867;2020-05-22;196500
23868;23868;2020-05-22;238000
23869;23869;2020-05-22;140000
23870;23870;2020-05-22;221000
23871;23871;2020-05-22;279700
23872;23872;2020-05-22;105000
23873;23873;2020-05-22;155000
23874;23874;2020-05-22;123000
23875;23875;2020-05-22;277000
23876;23876;2020-05-22;208000
23877;23877;2020-05-22;275500
23878;23878;2020-05-22;114500
23879;23879;2020-05-22;238000
23880;23880;2020-05-22;148700
23881;23881;2020-05-22;53000
23882;23882;2020-05-23;188470
23883;23883;2020-05-23;79000
23884;23884;2020-05-23;65000
23885;23885;2020-05-23;50000
23886;23886;2020-05-23;100000
23887;23887;2020-05-23;260000
23888;23888;2020-05-23;132500
23889;23889;2020-05-23;107000
23890;23890;2020-05-23;43500
23891;23891;2020-05-23;107000
23892;23892;2020-05-23;39000
23893;23893;2020-05-23;10000
23894;23894;2020-05-23;75000
23895;23895;2020-05-23;305000
23896;23896;2020-05-23;65000
23897;23897;2020-05-23;123000
23898;23898;2020-05-23;72000
23899;23899;2020-05-23;302300
23900;23900;2020-05-23;89000
23901;23901;2020-05-23;67500
23902;23902;2020-05-23;140000
23903;23903;2020-05-23;93000
23904;23904;2020-05-23;505000
23905;23905;2020-05-23;810500
23906;23906;2020-05-23;245000
23907;23907;2020-05-23;164000
23908;23908;2020-05-23;120000
23909;23909;2020-05-23;150000
23910;23910;2020-05-23;96500
23911;23911;2020-05-23;124150
23912;23912;2020-05-23;216600
23913;23913;2020-05-25;56500
23914;23914;2020-05-25;153500
23915;23915;2020-05-25;100000
23916;23916;2020-05-25;360000
23917;23917;2020-05-25;129000
23918;23918;2020-05-25;811500
23919;23919;2020-05-25;261400
23920;23920;2020-05-25;100000
23921;23921;2020-05-25;108500
23922;23922;2020-05-25;167000
23923;23923;2020-05-25;660000
23924;23924;2020-05-25;163000
23925;23925;2020-05-25;809000
23926;23926;2020-05-25;261250
23927;23927;2020-05-25;212700
23928;23928;2020-05-25;370545
23929;23929;2020-05-25;575000
23930;23930;2020-05-25;309000
23931;23931;2020-05-25;135000
23932;23932;2020-05-25;381300
23933;23933;2020-05-25;79000
23934;23934;2020-05-25;330000
23935;23935;2020-05-25;79000
23936;23936;2020-05-25;74000
23937;23937;2020-05-25;62500
23938;23938;2020-05-25;36000
23939;23939;2020-05-25;44915
23940;23940;2020-05-25;46000
23941;23941;2020-05-25;385360
23942;23942;2020-05-25;58000
23943;23943;2020-05-25;226500
23944;23944;2020-05-25;139000
23945;23945;2020-05-25;88000
23946;23946;2020-05-25;191300
23947;23947;2020-05-25;222300
23948;23948;2020-05-25;71500
23949;23949;2020-05-25;217000
23950;23950;2020-05-25;118000
23951;23951;2020-05-25;77000
23952;23952;2020-05-25;45529
23953;23953;2020-05-25;101000
23954;23954;2020-05-25;74000
23955;23955;2020-05-25;119000
23956;23956;2020-05-25;174800
23957;23957;2020-05-25;44900
23958;23958;2020-05-25;225021
23959;23959;2020-05-25;64500
23960;23960;2020-05-25;85000
23961;23961;2020-05-25;403950
23962;23962;2020-05-25;189500
23963;23963;2020-05-25;172000
23964;23964;2020-05-25;135000
23965;23965;2020-05-25;144000
23966;23966;2020-05-25;120000
23967;23967;2020-05-25;155150
23968;23968;2020-05-25;266050
23969;23969;2020-05-25;570000
23970;23970;2020-05-25;598250
23971;23971;2020-05-25;463000
23972;23972;2020-05-25;265000
23973;23973;2020-05-25;135000
23974;23974;2020-05-25;242010
23975;23975;2020-05-25;117000
23976;23976;2020-05-25;585000
23977;23977;2020-05-25;344400
23978;23978;2020-05-25;1176150
23979;23979;2020-05-25;615000
23980;23980;2020-05-25;350950
23981;23981;2020-05-25;140000
23982;23982;2020-05-25;130000
23983;23983;2020-05-25;169000
23984;23984;2020-05-25;224000
23985;23985;2020-05-25;125000
23986;23986;2020-05-25;139000
23987;23987;2020-05-25;152500
23988;23988;2020-05-25;92000
23989;23989;2020-05-25;81000
23990;23990;2020-05-25;152030
23991;23991;2020-05-25;378000
23992;23992;2020-05-25;63000
23993;23993;2020-05-25;88000
23994;23994;2020-05-25;76600
23995;23995;2020-05-25;94440
23996;23996;2020-05-25;64940
23997;23997;2020-05-25;91340
23998;23998;2020-05-25;88000
23999;23999;2020-05-25;207155
24000;24000;2020-05-25;140000
24001;24001;2020-05-25;72000
24002;24002;2020-05-25;123150
24003;24003;2020-05-25;210000
24004;24004;2020-05-25;51750
24005;24005;2020-05-25;129700
24006;24006;2020-05-25;275000
24007;24007;2020-05-25;149400
24008;24008;2020-05-25;75000
24009;24009;2020-05-25;154500
24010;24010;2020-05-25;139500
24011;24011;2020-05-25;57650
24012;24012;2020-05-25;247820
24013;24013;2020-05-25;245800
24014;24014;2020-05-25;143000
24015;24015;2020-05-25;182500
24016;24016;2020-05-25;167250
24017;24017;2020-05-25;77000
24018;24018;2020-05-25;56000
24019;24019;2020-05-25;425000
24020;24020;2020-05-25;247550
24021;24021;2020-05-25;65700
24022;24022;2020-05-25;66500
24023;24023;2020-05-25;83000
24024;24024;2020-05-25;36300
24025;24025;2020-05-25;85600
24026;24026;2020-05-25;215000
24027;24027;2020-05-25;132514
24028;24028;2020-05-25;85500
24029;24029;2020-05-25;68500
24030;24030;2020-05-25;168500
24031;24031;2020-05-25;84000
24032;24032;2020-05-25;91500
24033;24033;2020-05-25;69000
24034;24034;2020-05-25;80750
24035;24035;2020-05-25;36500
24036;24036;2020-05-25;20500
24037;24037;2020-05-25;285000
24038;24038;2020-05-25;40000
24039;24039;2020-05-25;287900
24040;24040;2020-05-25;205888
24041;24041;2020-05-25;227500
24042;24042;2020-05-25;230000
24043;24043;2020-05-25;99900
24044;24044;2020-05-25;240000
24045;24045;2020-05-25;178471
24046;24046;2020-05-25;131060
24047;24047;2020-05-25;117000
24048;24048;2020-05-25;58000
24049;24049;2020-05-25;67700
24050;24050;2020-05-25;28000
24051;24051;2020-05-25;100000
24052;24052;2020-05-25;47000
24053;24053;2020-05-25;192000
24054;24054;2020-05-25;80000
24055;24055;2020-05-25;82700
24056;24056;2020-05-25;77000
24057;24057;2020-05-25;127000
24058;24058;2020-05-25;58500
24059;24059;2020-05-25;111300
24060;24060;2020-05-25;122000
24061;24061;2020-05-25;70000
24062;24062;2020-05-25;207900
24063;24063;2020-05-25;113500
24064;24064;2020-05-25;71000
24065;24065;2020-05-25;209000
24066;24066;2020-05-25;117000
24067;24067;2020-05-25;76000
24068;24068;2020-05-25;86000
24069;24069;2020-05-25;145000
24070;24070;2020-05-25;58000
24071;24071;2020-05-25;222250
24072;24072;2020-05-25;367243
24073;24073;2020-05-25;138050
24074;24074;2020-05-25;100090
24075;24075;2020-05-25;95100
24076;24076;2020-05-25;153000
24077;24077;2020-05-25;171990
24078;24078;2020-05-25;220000
24079;24079;2020-05-25;116000
24080;24080;2020-05-25;154000
24081;24081;2020-05-25;56500
24082;24082;2020-05-25;54000
24083;24083;2020-05-25;60000
24084;24084;2020-05-25;117000
24085;24085;2020-05-25;199000
24086;24086;2020-05-25;85000
24087;24087;2020-05-25;91000
24088;24088;2020-05-25;47000
24089;24089;2020-05-25;85000
24090;24090;2020-05-25;69500
24091;24091;2020-05-25;55500
24092;24092;2020-05-25;110000
24093;24093;2020-05-25;61460
24094;24094;2020-05-25;118250
24095;24095;2020-05-25;74670
24096;24096;2020-05-25;40000
24097;24097;2020-05-25;108500
24098;24098;2020-05-25;377500
24099;24099;2020-05-25;188700
24100;24100;2020-05-25;137800
24101;24101;2020-05-25;270145
24102;24102;2020-05-25;204900
24103;24103;2020-05-25;185000
24104;24104;2020-05-25;415000
24105;24105;2020-05-25;216400
24106;24106;2020-05-25;108040
24107;24107;2020-05-25;76250
24108;24108;2020-05-25;390000
24109;24109;2020-05-25;120150
24110;24110;2020-05-25;390000
24111;24111;2020-05-25;320850
24112;24112;2020-05-25;261000
24113;24113;2020-05-25;309100
24114;24114;2020-05-25;402500
24115;24115;2020-05-25;182500
24116;24116;2020-05-25;398000
24117;24117;2020-05-25;370000
24118;24118;2020-05-25;330000
24119;24119;2020-05-25;340000
24120;24120;2020-05-25;307660
24121;24121;2020-05-25;204000
24122;24122;2020-05-25;690000
24123;24123;2020-05-25;112000
24124;24124;2020-05-25;418000
24125;24125;2020-05-25;55000
24126;24126;2020-05-25;167500
24127;24127;2020-05-25;160240
24128;24128;2020-05-25;254600
24129;24129;2020-05-25;227314
24130;24130;2020-05-25;247000
24131;24131;2020-05-25;455000
24132;24132;2020-05-25;700000
24133;24133;2020-05-25;220000
24134;24134;2020-05-25;529000
24135;24135;2020-05-25;660000
24136;24136;2020-05-25;328000
24137;24137;2020-05-25;650000
24138;24138;2020-05-25;112000
24139;24139;2020-05-25;1370000
24140;24140;2020-05-25;703250
24141;24141;2020-05-25;331660
24142;24142;2020-05-25;1800000
24143;24143;2020-05-25;430000
24144;24144;2020-05-25;470000
24145;24145;2020-05-25;343450
24146;24146;2020-05-25;605000
24147;24147;2020-05-25;487845
24148;24148;2020-05-25;205000
24149;24149;2020-05-25;445450
24150;24150;2020-05-25;690000
24151;24151;2020-05-25;945000
24152;24152;2020-05-25;990000
24153;24153;2020-05-25;605000
24154;24154;2020-05-25;171764
24155;24155;2020-05-25;338235
24156;24156;2020-05-25;409500
24157;24157;2020-05-25;1170000
24158;24158;2020-05-25;660000
24159;24159;2020-05-25;139000
24160;24160;2020-05-25;436711
24161;24161;2020-05-25;255000
24162;24162;2020-05-25;519000
24163;24163;2020-05-25;689000
24164;24164;2020-05-25;1041490
24165;24165;2020-05-25;649066
24166;24166;2020-05-25;182280
24167;24167;2020-05-25;1013650
24168;24168;2020-05-25;530000
24169;24169;2020-05-25;1585000
24170;24170;2020-05-25;305490
24171;24171;2020-05-25;879500
24172;24172;2020-05-25;575000
24173;24173;2020-05-25;496300
24174;24174;2020-05-25;361000
24175;24175;2020-05-25;1630050
24176;24176;2020-05-25;644900
24177;24177;2020-05-25;493000
24178;24178;2020-05-25;477904
24179;24179;2020-05-25;435800
24180;24180;2020-05-25;399000
24181;24181;2020-05-25;1055000
24182;24182;2020-05-25;453420
24183;24183;2020-05-25;229000
24184;24184;2020-05-25;311350
24185;24185;2020-05-25;391000
24186;24186;2020-05-25;545000
24187;24187;2020-05-25;610000
24188;24188;2020-05-25;272800
24189;24189;2020-05-25;225312
24190;24190;2020-05-25;285000
24191;24191;2020-05-25;418000
24192;24192;2020-05-25;537720
24193;24193;2020-05-25;197000
24194;24194;2020-05-25;2285900
24195;24195;2020-05-25;358841
24196;24196;2020-05-25;55000
24197;24197;2020-05-25;45000
24198;24198;2020-05-25;44000
24199;24199;2020-05-25;136000
24200;24200;2020-05-25;118000
24201;24201;2020-05-25;67500
24202;24202;2020-05-25;82600
24203;24203;2020-05-25;139800
24204;24204;2020-05-25;62500
24205;24205;2020-05-25;114000
24206;24206;2020-05-25;182000
24207;24207;2020-05-25;261000
24208;24208;2020-05-25;287950
24209;24209;2020-05-25;218000
24210;24210;2020-05-25;119000
24211;24211;2020-05-25;132000
24212;24212;2020-05-25;177471
24213;24213;2020-05-25;201000
24214;24214;2020-05-25;211600
24215;24215;2020-05-25;117500
24216;24216;2020-05-25;172000
24217;24217;2020-05-25;238750
24218;24218;2020-05-25;85000
24219;24219;2020-05-25;299000
24220;24220;2020-05-25;141000
24221;24221;2020-05-25;45800
24222;24222;2020-05-25;185500
24223;24223;2020-05-25;180200
24224;24224;2020-05-25;286500
24225;24225;2020-05-25;182305
24226;24226;2020-05-25;110000
24227;24227;2020-05-25;108000
24228;24228;2020-05-25;231978
24229;24229;2020-05-25;140000
24230;24230;2020-05-25;229450
24231;24231;2020-05-25;159000
24232;24232;2020-05-25;256000
24233;24233;2020-05-25;700000
24234;24234;2020-05-25;174690
24235;24235;2020-05-25;242000
24236;24236;2020-05-25;170000
24237;24237;2020-05-25;171000
24238;24238;2020-05-25;337000
24239;24239;2020-05-25;875000
24240;24240;2020-05-25;549500
24241;24241;2020-05-25;81900
24242;24242;2020-05-25;70000
24243;24243;2020-05-25;235000
24244;24244;2020-05-25;145150
24245;24245;2020-05-25;250000
24246;24246;2020-05-25;356990
24247;24247;2020-05-25;132900
24248;24248;2020-05-25;102000
24249;24249;2020-05-25;208000
24250;24250;2020-05-25;135000
24251;24251;2020-05-25;228200
24252;24252;2020-05-25;70000
24253;24253;2020-05-25;165000
24254;24254;2020-05-25;92500
24255;24255;2020-05-25;205000
24256;24256;2020-05-25;109350
24257;24257;2020-05-25;123500
24258;24258;2020-05-25;70000
24259;24259;2020-05-25;194800
24260;24260;2020-05-25;124200
24261;24261;2020-05-25;215000
24262;24262;2020-05-25;105000
24263;24263;2020-05-25;120000
24264;24264;2020-05-25;120000
24265;24265;2020-05-25;66500
24266;24266;2020-05-25;45000
24267;24267;2020-05-25;56000
24268;24268;2020-05-25;136000
24269;24269;2020-05-25;259000
24270;24270;2020-05-25;236000
24271;24271;2020-05-25;390000
24272;24272;2020-05-25;231000
24273;24273;2020-05-25;166000
24274;24274;2020-05-25;69000
24275;24275;2020-05-25;341700
24276;24276;2020-05-25;72000
24277;24277;2020-05-25;237700
24278;24278;2020-05-25;458000
24279;24279;2020-05-25;222000
24280;24280;2020-05-25;216500
24281;24281;2020-05-25;133000
24282;24282;2020-05-25;245000
24283;24283;2020-05-25;210628
24284;24284;2020-05-25;270000
24285;24285;2020-05-25;168500
24286;24286;2020-05-25;161440
24287;24287;2020-05-25;157400
24288;24288;2020-05-25;212000
24289;24289;2020-05-25;543400
24290;24290;2020-05-25;311200
24291;24291;2020-05-25;283700
24292;24292;2020-05-25;354000
24293;24293;2020-05-25;285000
24294;24294;2020-05-25;322740
24295;24295;2020-05-25;160000
24296;24296;2020-05-25;385000
24297;24297;2020-05-25;480000
24298;24298;2020-05-25;385000
24299;24299;2020-05-25;436000
24300;24300;2020-05-25;210000
24301;24301;2020-05-25;1185000
24302;24302;2020-05-25;160000
24303;24303;2020-05-25;444655
24304;24304;2020-05-25;331900
24305;24305;2020-05-25;352010
24306;24306;2020-05-25;235000
24307;24307;2020-05-25;310000
24308;24308;2020-05-25;220000
24309;24309;2020-05-25;240000
24310;24310;2020-05-25;92000
24311;24311;2020-05-25;340000
24312;24312;2020-05-25;207000
24313;24313;2020-05-25;330264
24314;24314;2020-05-25;111000
24315;24315;2020-05-25;310000
24316;24316;2020-05-25;252500
24317;24317;2020-05-25;180000
24318;24318;2020-05-25;344550
24319;24319;2020-05-25;127000
24320;24320;2020-05-25;273000
24321;24321;2020-05-25;306000
24322;24322;2020-05-25;197000
24323;24323;2020-05-25;147000
24324;24324;2020-05-25;390409
24325;24325;2020-05-25;375000
24326;24326;2020-05-25;217000
24327;24327;2020-05-25;447000
24328;24328;2020-05-25;507500
24329;24329;2020-05-25;262000
24330;24330;2020-05-25;120000
24331;24331;2020-05-25;204000
24332;24332;2020-05-25;350000
24333;24333;2020-05-25;198000
24334;24334;2020-05-25;280000
24335;24335;2020-05-25;186473
24336;24336;2020-05-25;526000
24337;24337;2020-05-25;605000
24338;24338;2020-05-25;341740
24339;24339;2020-05-25;173000
24340;24340;2020-05-25;290000
24341;24341;2020-05-25;280000
24342;24342;2020-05-25;330000
24343;24343;2020-05-25;120000
24344;24344;2020-05-25;150000
24345;24345;2020-05-25;524500
24346;24346;2020-05-25;148000
24347;24347;2020-05-25;260000
24348;24348;2020-05-25;220000
24349;24349;2020-05-25;130000
24350;24350;2020-05-25;580000
24351;24351;2020-05-25;349200
24352;24352;2020-05-25;610000
24353;24353;2020-05-25;302580
24354;24354;2020-05-25;299000
24355;24355;2020-05-25;255000
24356;24356;2020-05-25;112736
24357;24357;2020-05-25;200000
24358;24358;2020-05-25;166000
24359;24359;2020-05-25;113000
24360;24360;2020-05-25;208000
24361;24361;2020-05-25;196000
24362;24362;2020-05-25;520000
24363;24363;2020-05-25;180000
24364;24364;2020-05-25;312000
24365;24365;2020-05-25;192000
24366;24366;2020-05-25;130000
24367;24367;2020-05-25;128000
24368;24368;2020-05-25;217000
24369;24369;2020-05-26;27000
24370;24370;2020-05-26;81500
24371;24371;2020-05-26;20000
24372;24372;2020-05-26;25650
24373;24373;2020-05-26;113000
24374;24374;2020-05-26;64050
24375;24375;2020-05-26;153240
24376;24376;2020-05-26;150000
24377;24377;2020-05-26;334000
24378;24378;2020-05-26;198500
24379;24379;2020-05-26;8000
24380;24380;2020-05-26;285000
24381;24381;2020-05-26;235000
24382;24382;2020-05-26;125000
24383;24383;2020-05-26;121000
24384;24384;2020-05-26;177000
24385;24385;2020-05-26;74000
24386;24386;2020-05-26;232800
24387;24387;2020-05-26;71000
24388;24388;2020-05-26;197000
24389;24389;2020-05-26;96500
24390;24390;2020-05-26;345000
24391;24391;2020-05-26;68000
24392;24392;2020-05-26;139050
24393;24393;2020-05-26;282000
24394;24394;2020-05-26;65000
24395;24395;2020-05-26;65000
24396;24396;2020-05-26;85000
24397;24397;2020-05-26;49000
24398;24398;2020-05-26;175000
24399;24399;2020-05-26;46000
24400;24400;2020-05-26;169000
24401;24401;2020-05-26;78650
24402;24402;2020-05-26;61910
24403;24403;2020-05-26;183000
24404;24404;2020-05-26;161850
24405;24405;2020-05-26;52000
24406;24406;2020-05-26;122250
24407;24407;2020-05-26;81000
24408;24408;2020-05-26;40000
24409;24409;2020-05-26;126500
24410;24410;2020-05-26;152000
24411;24411;2020-05-26;146000
24412;24412;2020-05-26;168020
24413;24413;2020-05-26;166500
24414;24414;2020-05-26;71000
24415;24415;2020-05-26;82000
24416;24416;2020-05-26;50100
24417;24417;2020-05-26;49450
24418;24418;2020-05-26;93000
24419;24419;2020-05-26;57000
24420;24420;2020-05-26;120230
24421;24421;2020-05-26;60000
24422;24422;2020-05-26;180000
24423;24423;2020-05-26;146750
24424;24424;2020-05-26;152000
24425;24425;2020-05-26;71000
24426;24426;2020-05-26;221000
24427;24427;2020-05-26;75000
24428;24428;2020-05-26;170800
24429;24429;2020-05-26;43000
24430;24430;2020-05-26;65000
24431;24431;2020-05-26;152000
24432;24432;2020-05-26;123000
24433;24433;2020-05-26;150000
24434;24434;2020-05-26;37000
24435;24435;2020-05-26;66000
24436;24436;2020-05-26;249000
24437;24437;2020-05-26;192500
24438;24438;2020-05-26;140000
24439;24439;2020-05-26;95200
24440;24440;2020-05-26;143000
24441;24441;2020-05-26;224000
24442;24442;2020-05-26;81000
24443;24443;2020-05-26;141300
24444;24444;2020-05-26;217650
24445;24445;2020-05-26;35000
24446;24446;2020-05-26;50000
24447;24447;2020-05-26;147000
24448;24448;2020-05-26;460000
24449;24449;2020-05-26;152750
24450;24450;2020-05-26;210000
24451;24451;2020-05-26;154000
24452;24452;2020-05-26;282800
24453;24453;2020-05-26;283000
24454;24454;2020-05-26;474180
24455;24455;2020-05-26;444000
24456;24456;2020-05-26;493441
24457;24457;2020-05-26;334400
24458;24458;2020-05-26;225000
24459;24459;2020-05-26;128500
24460;24460;2020-05-26;65000
24461;24461;2020-05-26;129870
24462;24462;2020-05-26;86000
24463;24463;2020-05-26;263000
24464;24464;2020-05-26;210000
24465;24465;2020-05-26;470000
24466;24466;2020-05-26;940000
24467;24467;2020-05-26;132000
24468;24468;2020-05-26;104000
24469;24469;2020-05-26;43000
24470;24470;2020-05-26;62000
24471;24471;2020-05-26;154155
24472;24472;2020-05-26;255000
24473;24473;2020-05-26;182000
24474;24474;2020-05-26;158000
24475;24475;2020-05-26;531500
24476;24476;2020-05-26;74550
24477;24477;2020-05-26;258000
24478;24478;2020-05-26;165000
24479;24479;2020-05-26;65000
24480;24480;2020-05-26;85000
24481;24481;2020-05-26;75000
24482;24482;2020-05-26;175000
24483;24483;2020-05-26;138000
24484;24484;2020-05-26;264600
24485;24485;2020-05-26;103000
24486;24486;2020-05-26;272000
24487;24487;2020-05-26;162300
24488;24488;2020-05-26;103180
24489;24489;2020-05-26;217770
24490;24490;2020-05-26;50000
24491;24491;2020-05-26;30680
24492;24492;2020-05-26;129000
24493;24493;2020-05-26;270000
24494;24494;2020-05-26;475750
24495;24495;2020-05-26;79800
24496;24496;2020-05-26;34500
24497;24497;2020-05-26;44500
24498;24498;2020-05-26;42000
24499;24499;2020-05-26;40500
24500;24500;2020-05-26;61821
24501;24501;2020-05-26;46600
24502;24502;2020-05-26;77500
24503;24503;2020-05-26;74100
24504;24504;2020-05-26;38000
24505;24505;2020-05-26;92000
24506;24506;2020-05-26;49000
24507;24507;2020-05-26;182200
24508;24508;2020-05-26;188000
24509;24509;2020-05-26;73000
24510;24510;2020-05-26;135400
24511;24511;2020-05-26;363523
24512;24512;2020-05-26;740000
24513;24513;2020-05-26;183700
24514;24514;2020-05-26;300300
24515;24515;2020-05-26;59000
24516;24516;2020-05-26;193500
24517;24517;2020-05-26;186000
24518;24518;2020-05-26;103300
24519;24519;2020-05-26;59000
24520;24520;2020-05-26;132500
24521;24521;2020-05-26;89500
24522;24522;2020-05-26;54500
24523;24523;2020-05-26;222000
24524;24524;2020-05-26;109000
24525;24525;2020-05-26;247000
24526;24526;2020-05-26;89055
24527;24527;2020-05-26;247500
24528;24528;2020-05-26;96000
24529;24529;2020-05-26;434972
24530;24530;2020-05-26;82000
24531;24531;2020-05-26;68500
24532;24532;2020-05-26;77500
24533;24533;2020-05-26;96560
24534;24534;2020-05-26;35000
24535;24535;2020-05-26;140000
24536;24536;2020-05-26;120000
24537;24537;2020-05-26;93000
24538;24538;2020-05-26;250000
24539;24539;2020-05-26;121420
24540;24540;2020-05-26;229000
24541;24541;2020-05-26;121000
24542;24542;2020-05-26;92500
24543;24543;2020-05-26;101605
24544;24544;2020-05-26;105500
24545;24545;2020-05-26;25000
24546;24546;2020-05-26;92000
24547;24547;2020-05-26;172000
24548;24548;2020-05-26;186000
24549;24549;2020-05-26;122000
24550;24550;2020-05-26;105000
24551;24551;2020-05-26;78000
24552;24552;2020-05-26;167000
24553;24553;2020-05-26;58000
24554;24554;2020-05-26;57000
24555;24555;2020-05-26;71500
24556;24556;2020-05-26;50300
24557;24557;2020-05-26;158000
24558;24558;2020-05-26;102600
24559;24559;2020-05-26;58000
24560;24560;2020-05-26;85000
24561;24561;2020-05-26;130100
24562;24562;2020-05-26;213900
24563;24563;2020-05-26;234000
24564;24564;2020-05-26;166200
24565;24565;2020-05-26;340000
24566;24566;2020-05-26;255000
24567;24567;2020-05-26;68800
24568;24568;2020-05-26;74500
24569;24569;2020-05-26;141500
24570;24570;2020-05-26;134170
24571;24571;2020-05-26;78100
24572;24572;2020-05-26;80000
24573;24573;2020-05-26;368300
24574;24574;2020-05-26;348090
24575;24575;2020-05-26;386600
24576;24576;2020-05-26;477150
24577;24577;2020-05-26;492564
24578;24578;2020-05-26;362675
24579;24579;2020-05-26;149000
24580;24580;2020-05-26;351000
24581;24581;2020-05-26;334000
24582;24582;2020-05-26;466000
24583;24583;2020-05-26;228416
24584;24584;2020-05-26;165000
24585;24585;2020-05-26;350000
24586;24586;2020-05-26;148500
24587;24587;2020-05-26;417000
24588;24588;2020-05-26;148000
24589;24589;2020-05-26;203180
24590;24590;2020-05-26;223500
24591;24591;2020-05-26;275000
24592;24592;2020-05-26;59000
24593;24593;2020-05-26;156500
24594;24594;2020-05-26;430000
24595;24595;2020-05-26;120000
24596;24596;2020-05-26;1089600
24597;24597;2020-05-26;310000
24598;24598;2020-05-26;579500
24599;24599;2020-05-26;895000
24600;24600;2020-05-26;489000
24601;24601;2020-05-26;375000
24602;24602;2020-05-26;515000
24603;24603;2020-05-26;800000
24604;24604;2020-05-26;185000
24605;24605;2020-05-26;728500
24606;24606;2020-05-26;1389094
24607;24607;2020-05-26;215000
24608;24608;2020-05-26;205000
24609;24609;2020-05-26;815000
24610;24610;2020-05-26;793350
24611;24611;2020-05-26;679000
24612;24612;2020-05-26;495000
24613;24613;2020-05-26;442000
24614;24614;2020-05-26;595000
24615;24615;2020-05-26;359450
24616;24616;2020-05-26;411000
24617;24617;2020-05-26;277000
24618;24618;2020-05-26;636250
24619;24619;2020-05-26;157500
24620;24620;2020-05-26;762000
24621;24621;2020-05-26;584900
24622;24622;2020-05-26;321000
24623;24623;2020-05-26;375000
24624;24624;2020-05-26;352300
24625;24625;2020-05-26;230000
24626;24626;2020-05-26;374500
24627;24627;2020-05-26;504717
24628;24628;2020-05-26;690000
24629;24629;2020-05-26;441500
24630;24630;2020-05-26;770000
24631;24631;2020-05-26;855000
24632;24632;2020-05-26;365000
24633;24633;2020-05-26;649000
24634;24634;2020-05-26;164000
24635;24635;2020-05-26;332480
24636;24636;2020-05-26;820000
24637;24637;2020-05-26;343300
24638;24638;2020-05-26;279000
24639;24639;2020-05-26;2534100
24640;24640;2020-05-26;494000
24641;24641;2020-05-26;450950
24642;24642;2020-05-26;505000
24643;24643;2020-05-26;780000
24644;24644;2020-05-26;950910
24645;24645;2020-05-26;750000
24646;24646;2020-05-26;588882
24647;24647;2020-05-26;72000
24648;24648;2020-05-26;98000
24649;24649;2020-05-26;256800
24650;24650;2020-05-26;381000
24651;24651;2020-05-26;514000
24652;24652;2020-05-26;132000
24653;24653;2020-05-26;308000
24654;24654;2020-05-26;248000
24655;24655;2020-05-26;515000
24656;24656;2020-05-26;105000
24657;24657;2020-05-26;343040
24658;24658;2020-05-26;476000
24659;24659;2020-05-26;40000
24660;24660;2020-05-26;75500
24661;24661;2020-05-26;36500
24662;24662;2020-05-26;68500
24663;24663;2020-05-26;152000
24664;24664;2020-05-26;135000
24665;24665;2020-05-26;126080
24666;24666;2020-05-26;106900
24667;24667;2020-05-26;89000
24668;24668;2020-05-26;129290
24669;24669;2020-05-26;143000
24670;24670;2020-05-26;235000
24671;24671;2020-05-26;175000
24672;24672;2020-05-26;194000
24673;24673;2020-05-26;117000
24674;24674;2020-05-26;209000
24675;24675;2020-05-26;205000
24676;24676;2020-05-26;106000
24677;24677;2020-05-26;105500
24678;24678;2020-05-26;154000
24679;24679;2020-05-26;120000
24680;24680;2020-05-26;141500
24681;24681;2020-05-26;196000
24682;24682;2020-05-26;139000
24683;24683;2020-05-26;119422
24684;24684;2020-05-26;194000
24685;24685;2020-05-26;385000
24686;24686;2020-05-26;551250
24687;24687;2020-05-26;314000
24688;24688;2020-05-26;238500
24689;24689;2020-05-26;301680
24690;24690;2020-05-26;581030
24691;24691;2020-05-26;95000
24692;24692;2020-05-26;232000
24693;24693;2020-05-26;457000
24694;24694;2020-05-26;105000
24695;24695;2020-05-26;232800
24696;24696;2020-05-26;63200
24697;24697;2020-05-26;619900
24698;24698;2020-05-26;180000
24699;24699;2020-05-26;270000
24700;24700;2020-05-26;82000
24701;24701;2020-05-26;191000
24702;24702;2020-05-26;124000
24703;24703;2020-05-26;54000
24704;24704;2020-05-26;142380
24705;24705;2020-05-26;144000
24706;24706;2020-05-26;127000
24707;24707;2020-05-26;109000
24708;24708;2020-05-26;46000
24709;24709;2020-05-26;595000
24710;24710;2020-05-26;104000
24711;24711;2020-05-26;40000
24712;24712;2020-05-26;88600
24713;24713;2020-05-26;163100
24714;24714;2020-05-26;180000
24715;24715;2020-05-26;120000
24716;24716;2020-05-26;208000
24717;24717;2020-05-26;200000
24718;24718;2020-05-26;114800
24719;24719;2020-05-26;74000
24720;24720;2020-05-26;305000
24721;24721;2020-05-26;139500
24722;24722;2020-05-26;101100
24723;24723;2020-05-26;97500
24724;24724;2020-05-26;530000
24725;24725;2020-05-26;130000
24726;24726;2020-05-26;169300
24727;24727;2020-05-26;25000
24728;24728;2020-05-26;151000
24729;24729;2020-05-26;63000
24730;24730;2020-05-26;141000
24731;24731;2020-05-26;56000
24732;24732;2020-05-26;63000
24733;24733;2020-05-26;89000
24734;24734;2020-05-26;171695
24735;24735;2020-05-26;73000
24736;24736;2020-05-26;93000
24737;24737;2020-05-26;128000
24738;24738;2020-05-26;165000
24739;24739;2020-05-26;140000
24740;24740;2020-05-26;126000
24741;24741;2020-05-26;375000
24742;24742;2020-05-26;259000
24743;24743;2020-05-26;185000
24744;24744;2020-05-26;132000
24745;24745;2020-05-26;165000
24746;24746;2020-05-26;95000
24747;24747;2020-05-26;208000
24748;24748;2020-05-26;400000
24749;24749;2020-05-26;168000
24750;24750;2020-05-26;180000
24751;24751;2020-05-26;88000
24752;24752;2020-05-26;167000
24753;24753;2020-05-26;265000
24754;24754;2020-05-26;320000
24755;24755;2020-05-26;259314
24756;24756;2020-05-26;1138000
24757;24757;2020-05-26;552000
24758;24758;2020-05-26;275000
24759;24759;2020-05-26;720000
24760;24760;2020-05-26;510000
24761;24761;2020-05-26;819000
24762;24762;2020-05-26;247932
24763;24763;2020-05-26;654800
24764;24764;2020-05-26;210000
24765;24765;2020-05-26;2589600
24766;24766;2020-05-26;505000
24767;24767;2020-05-26;456750
24768;24768;2020-05-26;45000
24769;24769;2020-05-26;98000
24770;24770;2020-05-26;475000
24771;24771;2020-05-26;87000
24772;24772;2020-05-26;172000
24773;24773;2020-05-26;91791
24774;24774;2020-05-26;124000
24775;24775;2020-05-26;281000
24776;24776;2020-05-26;187000
24777;24777;2020-05-26;90000
24778;24778;2020-05-26;305000
24779;24779;2020-05-26;200000
24780;24780;2020-05-26;115000
24781;24781;2020-05-26;145000
24782;24782;2020-05-26;183000
24783;24783;2020-05-26;122800
24784;24784;2020-05-26;198500
24785;24785;2020-05-26;143000
24786;24786;2020-05-26;93000
24787;24787;2020-05-26;495800
24788;24788;2020-05-26;202000
24789;24789;2020-05-26;190000
24790;24790;2020-05-26;170000
24791;24791;2020-05-26;290000
24792;24792;2020-05-26;125000
24793;24793;2020-05-26;260000
24794;24794;2020-05-26;406000
24795;24795;2020-05-26;262000
24796;24796;2020-05-26;414600
24797;24797;2020-05-26;137000
24798;24798;2020-05-26;259600
24799;24799;2020-05-26;232000
24800;24800;2020-05-26;450000
24801;24801;2020-05-26;125000
24802;24802;2020-05-26;274441
24803;24803;2020-05-26;390000
24804;24804;2020-05-26;247200
24805;24805;2020-05-26;232100
24806;24806;2020-05-26;142000
24807;24807;2020-05-26;572500
24808;24808;2020-05-26;180000
24809;24809;2020-05-26;273000
24810;24810;2020-05-26;207000
24811;24811;2020-05-26;121000
24812;24812;2020-05-26;230000
24813;24813;2020-05-26;94050
24814;24814;2020-05-26;180720
24815;24815;2020-05-26;147000
24816;24816;2020-05-26;359000
24817;24817;2020-05-26;181000
24818;24818;2020-05-26;265000
24819;24819;2020-05-26;178000
24820;24820;2020-05-26;136000
24821;24821;2020-05-26;239000
24822;24822;2020-05-26;86500
24823;24823;2020-05-26;105000
24824;24824;2020-05-26;113000
24825;24825;2020-05-26;48000
24826;24826;2020-05-26;68940
24827;24827;2020-05-27;95000
24828;24828;2020-05-27;105000
24829;24829;2020-05-27;46937
24830;24830;2020-05-27;170250
24831;24831;2020-05-27;330000
24832;24832;2020-05-27;145000
24833;24833;2020-05-27;60000
24834;24834;2020-05-27;170000
24835;24835;2020-05-27;136000
24836;24836;2020-05-27;235600
24837;24837;2020-05-27;452000
24838;24838;2020-05-27;138000
24839;24839;2020-05-27;349200
24840;24840;2020-05-27;155000
24841;24841;2020-05-27;87000
24842;24842;2020-05-27;540400
24843;24843;2020-05-27;85300
24844;24844;2020-05-27;37800
24845;24845;2020-05-27;73500
24846;24846;2020-05-27;396500
24847;24847;2020-05-27;126000
24848;24848;2020-05-27;107000
24849;24849;2020-05-27;73500
24850;24850;2020-05-27;68000
24851;24851;2020-05-27;75000
24852;24852;2020-05-27;155000
24853;24853;2020-05-27;46000
24854;24854;2020-05-27;31000
24855;24855;2020-05-27;55500
24856;24856;2020-05-27;39000
24857;24857;2020-05-27;98000
24858;24858;2020-05-27;100500
24859;24859;2020-05-27;48000
24860;24860;2020-05-27;250300
24861;24861;2020-05-27;122400
24862;24862;2020-05-27;57000
24863;24863;2020-05-27;121500
24864;24864;2020-05-27;77000
24865;24865;2020-05-27;106000
24866;24866;2020-05-27;165000
24867;24867;2020-05-27;74000
24868;24868;2020-05-27;163000
24869;24869;2020-05-27;218800
24870;24870;2020-05-27;98950
24871;24871;2020-05-27;110000
24872;24872;2020-05-27;195000
24873;24873;2020-05-27;290000
24874;24874;2020-05-27;350000
24875;24875;2020-05-27;151000
24876;24876;2020-05-27;289490
24877;24877;2020-05-27;158500
24878;24878;2020-05-27;50000
24879;24879;2020-05-27;274000
24880;24880;2020-05-27;195355
24881;24881;2020-05-27;132500
24882;24882;2020-05-27;157410
24883;24883;2020-05-27;148300
24884;24884;2020-05-27;324923
24885;24885;2020-05-27;110185
24886;24886;2020-05-27;155340
24887;24887;2020-05-27;59500
24888;24888;2020-05-27;151074
24889;24889;2020-05-27;174000
24890;24890;2020-05-27;586625
24891;24891;2020-05-27;138000
24892;24892;2020-05-27;394000
24893;24893;2020-05-27;307000
24894;24894;2020-05-27;201700
24895;24895;2020-05-27;70000
24896;24896;2020-05-27;270000
24897;24897;2020-05-27;66000
24898;24898;2020-05-27;157000
24899;24899;2020-05-27;314400
24900;24900;2020-05-27;140000
24901;24901;2020-05-27;132509
24902;24902;2020-05-27;220000
24903;24903;2020-05-27;54401
24904;24904;2020-05-27;83000
24905;24905;2020-05-27;89498
24906;24906;2020-05-27;626000
24907;24907;2020-05-27;298000
24908;24908;2020-05-27;290000
24909;24909;2020-05-27;545205
24910;24910;2020-05-27;82250
24911;24911;2020-05-27;83000
24912;24912;2020-05-27;90000
24913;24913;2020-05-27;230000
24914;24914;2020-05-27;181000
24915;24915;2020-05-27;80500
24916;24916;2020-05-27;54000
24917;24917;2020-05-27;234610
24918;24918;2020-05-27;130000
24919;24919;2020-05-27;120000
24920;24920;2020-05-27;148000
24921;24921;2020-05-27;121000
24922;24922;2020-05-27;304000
24923;24923;2020-05-27;444600
24924;24924;2020-05-27;80000
24925;24925;2020-05-27;175000
24926;24926;2020-05-27;175050
24927;24927;2020-05-27;92370
24928;24928;2020-05-27;84000
24929;24929;2020-05-27;55000
24930;24930;2020-05-27;60986
24931;24931;2020-05-27;73250
24932;24932;2020-05-27;61200
24933;24933;2020-05-27;138000
24934;24934;2020-05-27;28500
24935;24935;2020-05-27;52250
24936;24936;2020-05-27;162000
24937;24937;2020-05-27;136900
24938;24938;2020-05-27;245000
24939;24939;2020-05-27;78000
24940;24940;2020-05-27;253000
24941;24941;2020-05-27;94000
24942;24942;2020-05-27;212000
24943;24943;2020-05-27;225000
24944;24944;2020-05-27;140600
24945;24945;2020-05-27;102500
24946;24946;2020-05-27;105000
24947;24947;2020-05-27;73000
24948;24948;2020-05-27;130500
24949;24949;2020-05-27;32500
24950;24950;2020-05-27;85550
24951;24951;2020-05-27;100000
24952;24952;2020-05-27;77200
24953;24953;2020-05-27;73000
24954;24954;2020-05-27;88000
24955;24955;2020-05-27;77000
24956;24956;2020-05-27;142000
24957;24957;2020-05-27;115000
24958;24958;2020-05-27;67000
24959;24959;2020-05-27;227000
24960;24960;2020-05-27;76000
24961;24961;2020-05-27;167000
24962;24962;2020-05-27;58900
24963;24963;2020-05-27;121000
24964;24964;2020-05-27;121050
24965;24965;2020-05-27;32000
24966;24966;2020-05-27;139000
24967;24967;2020-05-27;190000
24968;24968;2020-05-27;32000
24969;24969;2020-05-27;64000
24970;24970;2020-05-27;147000
24971;24971;2020-05-27;158000
24972;24972;2020-05-27;190000
24973;24973;2020-05-27;136571
24974;24974;2020-05-27;106660
24975;24975;2020-05-27;85000
24976;24976;2020-05-27;132000
24977;24977;2020-05-27;99500
24978;24978;2020-05-27;167150
24979;24979;2020-05-27;1055100
24980;24980;2020-05-27;108000
24981;24981;2020-05-27;150700
24982;24982;2020-05-27;82000
24983;24983;2020-05-27;212000
24984;24984;2020-05-27;115000
24985;24985;2020-05-27;109000
24986;24986;2020-05-27;159350
24987;24987;2020-05-27;135000
24988;24988;2020-05-27;113200
24989;24989;2020-05-27;28000
24990;24990;2020-05-27;54500
24991;24991;2020-05-27;80000
24992;24992;2020-05-27;125000
24993;24993;2020-05-27;240000
24994;24994;2020-05-27;188840
24995;24995;2020-05-27;66000
24996;24996;2020-05-27;174800
24997;24997;2020-05-27;217500
24998;24998;2020-05-27;151500
24999;24999;2020-05-27;338000
25000;25000;2020-05-27;490000
25001;25001;2020-05-27;239800
25002;25002;2020-05-27;218500
25003;25003;2020-05-27;285900
25004;25004;2020-05-27;188770
25005;25005;2020-05-27;395420
25006;25006;2020-05-27;179000
25007;25007;2020-05-27;160000
25008;25008;2020-05-27;72500
25009;25009;2020-05-27;171000
25010;25010;2020-05-27;173000
25011;25011;2020-05-27;78300
25012;25012;2020-05-27;457000
25013;25013;2020-05-27;300700
25014;25014;2020-05-27;716000
25015;25015;2020-05-27;45000
25016;25016;2020-05-27;187500
25017;25017;2020-05-27;146760
25018;25018;2020-05-27;1100000
25019;25019;2020-05-27;550000
25020;25020;2020-05-27;1111150
25021;25021;2020-05-27;1530000
25022;25022;2020-05-27;365000
25023;25023;2020-05-27;1622400
25024;25024;2020-05-27;565000
25025;25025;2020-05-27;305000
25026;25026;2020-05-27;700000
25027;25027;2020-05-27;880000
25028;25028;2020-05-27;940000
25029;25029;2020-05-27;200000
25030;25030;2020-05-27;364000
25031;25031;2020-05-27;790000
25032;25032;2020-05-27;1300000
25033;25033;2020-05-27;166000
25034;25034;2020-05-27;775000
25035;25035;2020-05-27;383820
25036;25036;2020-05-27;436210
25037;25037;2020-05-27;183000
25038;25038;2020-05-27;447355
25039;25039;2020-05-27;880000
25040;25040;2020-05-27;1087500
25041;25041;2020-05-27;270000
25042;25042;2020-05-27;644500
25043;25043;2020-05-27;180000
25044;25044;2020-05-27;180375
25045;25045;2020-05-27;186000
25046;25046;2020-05-27;526000
25047;25047;2020-05-27;405520
25048;25048;2020-05-27;152250
25049;25049;2020-05-27;427350
25050;25050;2020-05-27;140000
25051;25051;2020-05-27;339000
25052;25052;2020-05-27;849000
25053;25053;2020-05-27;341000
25054;25054;2020-05-27;505000
25055;25055;2020-05-27;619200
25056;25056;2020-05-27;615000
25057;25057;2020-05-27;872500
25058;25058;2020-05-27;236000
25059;25059;2020-05-27;340000
25060;25060;2020-05-27;3140000
25061;25061;2020-05-27;777600
25062;25062;2020-05-27;404000
25063;25063;2020-05-27;480000
25064;25064;2020-05-27;532381
25065;25065;2020-05-27;634000
25066;25066;2020-05-27;215000
25067;25067;2020-05-27;625000
25068;25068;2020-05-27;330750
25069;25069;2020-05-27;279000
25070;25070;2020-05-27;442000
25071;25071;2020-05-27;1070000
25072;25072;2020-05-27;180600
25073;25073;2020-05-27;418620
25074;25074;2020-05-27;669000
25075;25075;2020-05-27;328500
25076;25076;2020-05-27;109000
25077;25077;2020-05-27;336000
25078;25078;2020-05-27;431900
25079;25079;2020-05-27;360000
25080;25080;2020-05-27;256000
25081;25081;2020-05-27;620000
25082;25082;2020-05-27;242500
25083;25083;2020-05-27;140000
25084;25084;2020-05-27;228000
25085;25085;2020-05-27;309150
25086;25086;2020-05-27;72000
25087;25087;2020-05-27;449000
25088;25088;2020-05-27;96000
25089;25089;2020-05-27;72500
25090;25090;2020-05-27;142500
25091;25091;2020-05-27;139000
25092;25092;2020-05-27;55000
25093;25093;2020-05-27;97000
25094;25094;2020-05-27;86000
25095;25095;2020-05-27;323500
25096;25096;2020-05-27;160000
25097;25097;2020-05-27;216619
25098;25098;2020-05-27;257000
25099;25099;2020-05-27;190000
25100;25100;2020-05-27;288000
25101;25101;2020-05-27;137500
25102;25102;2020-05-27;92500
25103;25103;2020-05-27;273000
25104;25104;2020-05-27;111000
25105;25105;2020-05-27;112700
25106;25106;2020-05-27;219000
25107;25107;2020-05-27;80000
25108;25108;2020-05-27;76000
25109;25109;2020-05-27;233000
25110;25110;2020-05-27;100000
25111;25111;2020-05-27;166400
25112;25112;2020-05-27;491200
25113;25113;2020-05-27;176900
25114;25114;2020-05-27;179000
25115;25115;2020-05-27;117500
25116;25116;2020-05-27;292000
25117;25117;2020-05-27;464050
25118;25118;2020-05-27;180000
25119;25119;2020-05-27;175000
25120;25120;2020-05-27;310000
25121;25121;2020-05-27;355880
25122;25122;2020-05-27;200000
25123;25123;2020-05-27;178000
25124;25124;2020-05-27;88064
25125;25125;2020-05-27;396000
25126;25126;2020-05-27;323000
25127;25127;2020-05-27;246000
25128;25128;2020-05-27;391300
25129;25129;2020-05-27;123000
25130;25130;2020-05-27;450000
25131;25131;2020-05-27;442750
25132;25132;2020-05-27;224000
25133;25133;2020-05-27;178500
25134;25134;2020-05-27;142000
25135;25135;2020-05-27;85000
25136;25136;2020-05-27;390000
25137;25137;2020-05-27;66500
25138;25138;2020-05-27;38000
25139;25139;2020-05-27;183000
25140;25140;2020-05-27;347500
25141;25141;2020-05-27;387000
25142;25142;2020-05-27;68000
25143;25143;2020-05-27;332500
25144;25144;2020-05-27;113000
25145;25145;2020-05-27;147000
25146;25146;2020-05-27;114600
25147;25147;2020-05-27;60000
25148;25148;2020-05-27;152000
25149;25149;2020-05-27;66000
25150;25150;2020-05-27;75000
25151;25151;2020-05-27;86000
25152;25152;2020-05-27;220000
25153;25153;2020-05-27;60860
25154;25154;2020-05-27;500400
25155;25155;2020-05-27;65000
25156;25156;2020-05-27;334300
25157;25157;2020-05-27;190500
25158;25158;2020-05-27;289000
25159;25159;2020-05-27;275400
25160;25160;2020-05-27;150000
25161;25161;2020-05-27;120000
25162;25162;2020-05-27;96000
25163;25163;2020-05-27;131500
25164;25164;2020-05-27;228775
25165;25165;2020-05-27;80000
25166;25166;2020-05-27;106400
25167;25167;2020-05-27;111000
25168;25168;2020-05-27;296000
25169;25169;2020-05-27;120000
25170;25170;2020-05-27;209000
25171;25171;2020-05-27;187530
25172;25172;2020-05-27;102600
25173;25173;2020-05-27;160000
25174;25174;2020-05-27;149000
25175;25175;2020-05-27;185700
25176;25176;2020-05-27;280000
25177;25177;2020-05-27;328950
25178;25178;2020-05-27;318760
25179;25179;2020-05-27;60600
25180;25180;2020-05-27;417800
25181;25181;2020-05-27;564000
25182;25182;2020-05-27;225000
25183;25183;2020-05-27;240000
25184;25184;2020-05-27;225476
25185;25185;2020-05-27;235000
25186;25186;2020-05-27;286500
25187;25187;2020-05-27;495000
25188;25188;2020-05-27;270000
25189;25189;2020-05-27;190000
25190;25190;2020-05-27;715000
25191;25191;2020-05-27;367000
25192;25192;2020-05-27;1014493
25193;25193;2020-05-27;413600
25194;25194;2020-05-27;2410000
25195;25195;2020-05-27;919700
25196;25196;2020-05-27;800000
25197;25197;2020-05-27;443172
25198;25198;2020-05-27;109875
25199;25199;2020-05-27;311500
25200;25200;2020-05-27;332480
25201;25201;2020-05-27;222600
25202;25202;2020-05-27;650000
25203;25203;2020-05-27;143000
25204;25204;2020-05-27;180000
25205;25205;2020-05-27;212000
25206;25206;2020-05-27;352000
25207;25207;2020-05-27;163405
25208;25208;2020-05-27;247000
25209;25209;2020-05-27;165000
25210;25210;2020-05-27;295000
25211;25211;2020-05-27;240000
25212;25212;2020-05-27;152000
25213;25213;2020-05-27;220000
25214;25214;2020-05-27;145000
25215;25215;2020-05-27;35000
25216;25216;2020-05-27;129000
25217;25217;2020-05-27;138000
25218;25218;2020-05-27;387500
25219;25219;2020-05-27;279500
25220;25220;2020-05-27;182000
25221;25221;2020-05-27;224000
25222;25222;2020-05-27;440000
25223;25223;2020-05-27;153000
25224;25224;2020-05-27;599000
25225;25225;2020-05-27;566500
25226;25226;2020-05-27;160000
25227;25227;2020-05-27;460800
25228;25228;2020-05-27;179000
25229;25229;2020-05-27;179500
25230;25230;2020-05-27;180000
25231;25231;2020-05-27;194500
25232;25232;2020-05-27;235000
25233;25233;2020-05-27;140260
25234;25234;2020-05-27;120000
25235;25235;2020-05-27;230000
25236;25236;2020-05-27;455300
25237;25237;2020-05-27;470000
25238;25238;2020-05-27;435000
25239;25239;2020-05-27;368000
25240;25240;2020-05-27;470000
25241;25241;2020-05-27;482200
25242;25242;2020-05-27;190300
25243;25243;2020-05-27;156458
25244;25244;2020-05-27;690000
25245;25245;2020-05-27;245000
25246;25246;2020-05-27;227000
25247;25247;2020-05-27;159000
25248;25248;2020-05-27;187000
25249;25249;2020-05-27;80315
25250;25250;2020-05-27;140540
25251;25251;2020-05-27;183674
25252;25252;2020-05-27;191835
25253;25253;2020-05-27;155000
25254;25254;2020-05-27;65000
25255;25255;2020-05-27;173000
25256;25256;2020-05-27;260000
25257;25257;2020-05-27;123625
25258;25258;2020-05-27;90000
25259;25259;2020-05-27;170620
25260;25260;2020-05-27;250000
25261;25261;2020-05-27;216000
25262;25262;2020-05-27;352000
25263;25263;2020-05-27;201400
25264;25264;2020-05-27;272000
25265;25265;2020-05-27;135000
25266;25266;2020-05-27;158000
25267;25267;2020-05-27;113000
25268;25268;2020-05-27;168200
25269;25269;2020-05-27;185000
25270;25270;2020-05-28;87000
25271;25271;2020-05-28;27000
25272;25272;2020-05-28;41000
25273;25273;2020-05-28;80000
25274;25274;2020-05-28;125000
25275;25275;2020-05-28;107871
25276;25276;2020-05-28;45500
25277;25277;2020-05-28;85000
25278;25278;2020-05-28;175000
25279;25279;2020-05-28;152000
25280;25280;2020-05-28;475000
25281;25281;2020-05-28;128000
25282;25282;2020-05-28;288000
25283;25283;2020-05-28;127500
25284;25284;2020-05-28;165000
25285;25285;2020-05-28;81300
25286;25286;2020-05-28;167500
25287;25287;2020-05-28;422000
25288;25288;2020-05-28;83000
25289;25289;2020-05-28;136000
25290;25290;2020-05-28;60000
25291;25291;2020-05-28;210000
25292;25292;2020-05-28;145000
25293;25293;2020-05-28;97000
25294;25294;2020-05-28;79000
25295;25295;2020-05-28;84700
25296;25296;2020-05-28;43500
25297;25297;2020-05-28;115000
25298;25298;2020-05-28;180000
25299;25299;2020-05-28;49000
25300;25300;2020-05-28;119000
25301;25301;2020-05-28;48500
25302;25302;2020-05-28;102000
25303;25303;2020-05-28;120000
25304;25304;2020-05-28;224000
25305;25305;2020-05-28;77000
25306;25306;2020-05-28;87000
25307;25307;2020-05-28;66000
25308;25308;2020-05-28;92000
25309;25309;2020-05-28;290000
25310;25310;2020-05-28;65500
25311;25311;2020-05-28;173200
25312;25312;2020-05-28;185000
25313;25313;2020-05-28;60000
25314;25314;2020-05-28;34000
25315;25315;2020-05-28;71000
25316;25316;2020-05-28;33000
25317;25317;2020-05-28;52500
25318;25318;2020-05-28;243000
25319;25319;2020-05-28;32000
25320;25320;2020-05-28;151841
25321;25321;2020-05-28;73000
25322;25322;2020-05-28;70000
25323;25323;2020-05-28;90000
25324;25324;2020-05-28;110000
25325;25325;2020-05-28;134750
25326;25326;2020-05-28;132100
25327;25327;2020-05-28;45500
25328;25328;2020-05-28;98000
25329;25329;2020-05-28;126000
25330;25330;2020-05-28;84000
25331;25331;2020-05-28;58000
25332;25332;2020-05-28;37000
25333;25333;2020-05-28;82000
25334;25334;2020-05-28;68000
25335;25335;2020-05-28;47000
25336;25336;2020-05-28;104000
25337;25337;2020-05-28;34020
25338;25338;2020-05-28;278000
25339;25339;2020-05-28;170000
25340;25340;2020-05-28;205000
25341;25341;2020-05-28;249400
25342;25342;2020-05-28;285000
25343;25343;2020-05-28;208355
25344;25344;2020-05-28;138000
25345;25345;2020-05-28;254500
25346;25346;2020-05-28;159650
25347;25347;2020-05-28;122000
25348;25348;2020-05-28;68500
25349;25349;2020-05-28;70000
25350;25350;2020-05-28;15000
25351;25351;2020-05-28;204410
25352;25352;2020-05-28;270000
25353;25353;2020-05-28;130000
25354;25354;2020-05-28;332000
25355;25355;2020-05-28;122000
25356;25356;2020-05-28;198075
25357;25357;2020-05-28;253000
25358;25358;2020-05-28;247500
25359;25359;2020-05-28;671000
25360;25360;2020-05-28;107000
25361;25361;2020-05-28;181000
25362;25362;2020-05-28;389000
25363;25363;2020-05-28;236000
25364;25364;2020-05-28;224900
25365;25365;2020-05-28;195000
25366;25366;2020-05-28;255000
25367;25367;2020-05-28;210480
25368;25368;2020-05-28;138004
25369;25369;2020-05-28;152000
25370;25370;2020-05-28;138000
25371;25371;2020-05-28;193400
25372;25372;2020-05-28;104500
25373;25373;2020-05-28;241000
25374;25374;2020-05-28;91345
25375;25375;2020-05-28;204604
25376;25376;2020-05-28;140000
25377;25377;2020-05-28;60501
25378;25378;2020-05-28;68000
25379;25379;2020-05-28;58500
25380;25380;2020-05-28;107000
25381;25381;2020-05-28;83500
25382;25382;2020-05-28;149900
25383;25383;2020-05-28;76000
25384;25384;2020-05-28;185000
25385;25385;2020-05-28;166520
25386;25386;2020-05-28;323263
25387;25387;2020-05-28;92000
25388;25388;2020-05-28;148000
25389;25389;2020-05-28;83000
25390;25390;2020-05-28;63000
25391;25391;2020-05-28;187000
25392;25392;2020-05-28;134200
25393;25393;2020-05-28;143700
25394;25394;2020-05-28;82600
25395;25395;2020-05-28;209000
25396;25396;2020-05-28;434000
25397;25397;2020-05-28;88000
25398;25398;2020-05-28;170400
25399;25399;2020-05-28;364500
25400;25400;2020-05-28;124000
25401;25401;2020-05-28;33500
25402;25402;2020-05-28;50800
25403;25403;2020-05-28;141500
25404;25404;2020-05-28;125000
25405;25405;2020-05-28;345000
25406;25406;2020-05-28;320000
25407;25407;2020-05-28;75000
25408;25408;2020-05-28;42000
25409;25409;2020-05-28;106000
25410;25410;2020-05-28;171000
25411;25411;2020-05-28;130500
25412;25412;2020-05-28;120000
25413;25413;2020-05-28;215000
25414;25414;2020-05-28;125000
25415;25415;2020-05-28;155000
25416;25416;2020-05-28;42000
25417;25417;2020-05-28;112000
25418;25418;2020-05-28;119500
25419;25419;2020-05-28;256000
25420;25420;2020-05-28;102800
25421;25421;2020-05-28;96432
25422;25422;2020-05-28;82925
25423;25423;2020-05-28;96000
25424;25424;2020-05-28;55000
25425;25425;2020-05-28;68000
25426;25426;2020-05-28;216500
25427;25427;2020-05-28;479500
25428;25428;2020-05-28;141000
25429;25429;2020-05-28;84000
25430;25430;2020-05-28;117810
25431;25431;2020-05-28;172720
25432;25432;2020-05-28;235500
25433;25433;2020-05-28;177000
25434;25434;2020-05-28;317000
25435;25435;2020-05-28;170000
25436;25436;2020-05-28;181000
25437;25437;2020-05-28;140200
25438;25438;2020-05-28;103500
25439;25439;2020-05-28;42000
25440;25440;2020-05-28;154000
25441;25441;2020-05-28;158000
25442;25442;2020-05-28;58000
25443;25443;2020-05-28;66000
25444;25444;2020-05-28;160000
25445;25445;2020-05-28;64000
25446;25446;2020-05-28;192000
25447;25447;2020-05-28;98000
25448;25448;2020-05-28;125000
25449;25449;2020-05-28;93000
25450;25450;2020-05-28;66000
25451;25451;2020-05-28;169000
25452;25452;2020-05-28;176000
25453;25453;2020-05-28;130800
25454;25454;2020-05-28;63000
25455;25455;2020-05-28;173900
25456;25456;2020-05-28;100000
25457;25457;2020-05-28;59000
25458;25458;2020-05-28;57000
25459;25459;2020-05-28;82000
25460;25460;2020-05-28;93000
25461;25461;2020-05-28;155000
25462;25462;2020-05-28;79000
25463;25463;2020-05-28;124000
25464;25464;2020-05-28;118000
25465;25465;2020-05-28;31200
25466;25466;2020-05-28;21000
25467;25467;2020-05-28;58300
25468;25468;2020-05-28;164190
25469;25469;2020-05-28;139000
25470;25470;2020-05-28;281700
25471;25471;2020-05-28;193500
25472;25472;2020-05-28;214900
25473;25473;2020-05-28;83000
25474;25474;2020-05-28;87500
25475;25475;2020-05-28;147000
25476;25476;2020-05-28;62000
25477;25477;2020-05-28;118980
25478;25478;2020-05-28;64500
25479;25479;2020-05-28;262000
25480;25480;2020-05-28;151000
25481;25481;2020-05-28;95000
25482;25482;2020-05-28;71800
25483;25483;2020-05-28;123000
25484;25484;2020-05-28;75000
25485;25485;2020-05-28;272400
25486;25486;2020-05-28;132500
25487;25487;2020-05-28;40608
25488;25488;2020-05-28;124000
25489;25489;2020-05-28;155900
25490;25490;2020-05-28;280650
25491;25491;2020-05-28;304900
25492;25492;2020-05-28;401800
25493;25493;2020-05-28;90750
25494;25494;2020-05-28;274000
25495;25495;2020-05-28;280500
25496;25496;2020-05-28;24500
25497;25497;2020-05-28;97100
25498;25498;2020-05-28;128550
25499;25499;2020-05-28;290870
25500;25500;2020-05-28;435431
25501;25501;2020-05-28;192140
25502;25502;2020-05-28;155100
25503;25503;2020-05-28;460000
25504;25504;2020-05-28;420000
25505;25505;2020-05-28;242000
25506;25506;2020-05-28;270000
25507;25507;2020-05-28;305600
25508;25508;2020-05-28;147500
25509;25509;2020-05-28;257000
25510;25510;2020-05-28;240000
25511;25511;2020-05-28;184000
25512;25512;2020-05-28;142700
25513;25513;2020-05-28;74000
25514;25514;2020-05-28;60700
25515;25515;2020-05-28;48000
25516;25516;2020-05-28;44250
25517;25517;2020-05-28;37000
25518;25518;2020-05-28;196000
25519;25519;2020-05-28;112000
25520;25520;2020-05-28;237300
25521;25521;2020-05-28;286500
25522;25522;2020-05-28;750000
25523;25523;2020-05-28;349900
25524;25524;2020-05-28;890105
25525;25525;2020-05-28;770000
25526;25526;2020-05-28;730000
25527;25527;2020-05-28;30000
25528;25528;2020-05-28;462470
25529;25529;2020-05-28;1342850
25530;25530;2020-05-28;147000
25531;25531;2020-05-28;150000
25532;25532;2020-05-28;480000
25533;25533;2020-05-28;740000
25534;25534;2020-05-28;4050000
25535;25535;2020-05-28;805000
25536;25536;2020-05-28;210000
25537;25537;2020-05-28;535000
25538;25538;2020-05-28;1120000
25539;25539;2020-05-28;208200
25540;25540;2020-05-28;320000
25541;25541;2020-05-28;1580000
25542;25542;2020-05-28;230000
25543;25543;2020-05-28;197380
25544;25544;2020-05-28;283000
25545;25545;2020-05-28;690000
25546;25546;2020-05-28;105000
25547;25547;2020-05-28;285500
25548;25548;2020-05-28;242685
25549;25549;2020-05-28;721154
25550;25550;2020-05-28;209800
25551;25551;2020-05-28;474000
25552;25552;2020-05-28;369000
25553;25553;2020-05-28;192000
25554;25554;2020-05-28;70000
25555;25555;2020-05-28;538500
25556;25556;2020-05-28;185000
25557;25557;2020-05-28;147000
25558;25558;2020-05-28;182000
25559;25559;2020-05-28;710000
25560;25560;2020-05-28;88506
25561;25561;2020-05-28;170000
25562;25562;2020-05-28;449000
25563;25563;2020-05-28;609400
25564;25564;2020-05-28;369857
25565;25565;2020-05-28;418000
25566;25566;2020-05-28;329000
25567;25567;2020-05-28;2500000
25568;25568;2020-05-28;950000
25569;25569;2020-05-28;1190000
25570;25570;2020-05-28;649260
25571;25571;2020-05-28;385000
25572;25572;2020-05-28;761120
25573;25573;2020-05-28;88500
25574;25574;2020-05-28;198000
25575;25575;2020-05-28;1074850
25576;25576;2020-05-28;408000
25577;25577;2020-05-28;1025000
25578;25578;2020-05-28;1402000
25579;25579;2020-05-28;300000
25580;25580;2020-05-28;585000
25581;25581;2020-05-28;3925000
25582;25582;2020-05-28;2367100
25583;25583;2020-05-28;399000
25584;25584;2020-05-28;950000
25585;25585;2020-05-28;620000
25586;25586;2020-05-28;1003200
25587;25587;2020-05-28;995000
25588;25588;2020-05-28;307000
25589;25589;2020-05-28;398000
25590;25590;2020-05-28;380690
25591;25591;2020-05-28;254350
25592;25592;2020-05-28;255000
25593;25593;2020-05-28;570000
25594;25594;2020-05-28;345000
25595;25595;2020-05-28;357500
25596;25596;2020-05-28;349800
25597;25597;2020-05-28;315000
25598;25598;2020-05-28;278620
25599;25599;2020-05-28;335000
25600;25600;2020-05-28;175000
25601;25601;2020-05-28;165000
25602;25602;2020-05-28;625000
25603;25603;2020-05-28;815000
25604;25604;2020-05-28;364000
25605;25605;2020-05-28;330900
25606;25606;2020-05-28;516200
25607;25607;2020-05-28;125000
25608;25608;2020-05-28;299600
25609;25609;2020-05-28;192000
25610;25610;2020-05-28;29450
25611;25611;2020-05-28;120000
25612;25612;2020-05-28;65000
25613;25613;2020-05-28;26000
25614;25614;2020-05-28;136000
25615;25615;2020-05-28;190850
25616;25616;2020-05-28;144000
25617;25617;2020-05-28;132500
25618;25618;2020-05-28;292000
25619;25619;2020-05-28;238000
25620;25620;2020-05-28;76500
25621;25621;2020-05-28;164725
25622;25622;2020-05-28;310000
25623;25623;2020-05-28;153500
25624;25624;2020-05-28;245000
25625;25625;2020-05-28;144000
25626;25626;2020-05-28;110000
25627;25627;2020-05-28;257143
25628;25628;2020-05-28;110000
25629;25629;2020-05-28;92500
25630;25630;2020-05-28;262000
25631;25631;2020-05-28;229600
25632;25632;2020-05-28;218000
25633;25633;2020-05-28;172000
25634;25634;2020-05-28;269900
25635;25635;2020-05-28;192500
25636;25636;2020-05-28;170000
25637;25637;2020-05-28;136000
25638;25638;2020-05-28;163000
25639;25639;2020-05-28;67500
25640;25640;2020-05-28;221450
25641;25641;2020-05-28;200000
25642;25642;2020-05-28;207000
25643;25643;2020-05-28;1159420
25644;25644;2020-05-28;410570
25645;25645;2020-05-28;110000
25646;25646;2020-05-28;154000
25647;25647;2020-05-28;422700
25648;25648;2020-05-28;394000
25649;25649;2020-05-28;59000
25650;25650;2020-05-28;444500
25651;25651;2020-05-28;95000
25652;25652;2020-05-28;463800
25653;25653;2020-05-28;37493
25654;25654;2020-05-28;339120
25655;25655;2020-05-28;67200
25656;25656;2020-05-28;185000
25657;25657;2020-05-28;81400
25658;25658;2020-05-28;272000
25659;25659;2020-05-28;212650
25660;25660;2020-05-28;179000
25661;25661;2020-05-28;75000
25662;25662;2020-05-28;127300
25663;25663;2020-05-28;247000
25664;25664;2020-05-28;775350
25665;25665;2020-05-28;196500
25666;25666;2020-05-28;285000
25667;25667;2020-05-28;430000
25668;25668;2020-05-28;297000
25669;25669;2020-05-28;53000
25670;25670;2020-05-28;59000
25671;25671;2020-05-28;154585
25672;25672;2020-05-28;85000
25673;25673;2020-05-28;139480
25674;25674;2020-05-28;229000
25675;25675;2020-05-28;295000
25676;25676;2020-05-28;233000
25677;25677;2020-05-28;385500
25678;25678;2020-05-28;260000
25679;25679;2020-05-28;148800
25680;25680;2020-05-28;73500
25681;25681;2020-05-28;100000
25682;25682;2020-05-28;138600
25683;25683;2020-05-28;109900
25684;25684;2020-05-28;148000
25685;25685;2020-05-28;300000
25686;25686;2020-05-28;118800
25687;25687;2020-05-28;149000
25688;25688;2020-05-28;115000
25689;25689;2020-05-28;330000
25690;25690;2020-05-28;307050
25691;25691;2020-05-28;59000
25692;25692;2020-05-28;235500
25693;25693;2020-05-28;68500
25694;25694;2020-05-28;101000
25695;25695;2020-05-28;284000
25696;25696;2020-05-28;456000
25697;25697;2020-05-28;270800
25698;25698;2020-05-28;99000
25699;25699;2020-05-28;95000
25700;25700;2020-05-28;293390
25701;25701;2020-05-28;205000
25702;25702;2020-05-28;71400
25703;25703;2020-05-28;79500
25704;25704;2020-05-28;58388
25705;25705;2020-05-28;38000
25706;25706;2020-05-28;46000
25707;25707;2020-05-28;52000
25708;25708;2020-05-28;124500
25709;25709;2020-05-28;306000
25710;25710;2020-05-28;80000
25711;25711;2020-05-28;175975
25712;25712;2020-05-28;215000
25713;25713;2020-05-28;104000
25714;25714;2020-05-28;127000
25715;25715;2020-05-28;201000
25716;25716;2020-05-28;85700
25717;25717;2020-05-28;312000
25718;25718;2020-05-28;161000
25719;25719;2020-05-28;151100
25720;25720;2020-05-28;145000
25721;25721;2020-05-28;68500
25722;25722;2020-05-28;220000
25723;25723;2020-05-28;349665
25724;25724;2020-05-28;316000
25725;25725;2020-05-28;225000
25726;25726;2020-05-28;245200
25727;25727;2020-05-28;268000
25728;25728;2020-05-28;520000
25729;25729;2020-05-28;640000
25730;25730;2020-05-28;211500
25731;25731;2020-05-28;220000
25732;25732;2020-05-28;617000
25733;25733;2020-05-28;490980
25734;25734;2020-05-28;367800
25735;25735;2020-05-28;795000
25736;25736;2020-05-28;3370000
25737;25737;2020-05-28;2655000
25738;25738;2020-05-28;195000
25739;25739;2020-05-28;169500
25740;25740;2020-05-28;279700
25741;25741;2020-05-28;198500
25742;25742;2020-05-28;120500
25743;25743;2020-05-28;107000
25744;25744;2020-05-28;215000
25745;25745;2020-05-28;150150
25746;25746;2020-05-28;276000
25747;25747;2020-05-28;395000
25748;25748;2020-05-28;99500
25749;25749;2020-05-28;121000
25750;25750;2020-05-28;308000
25751;25751;2020-05-28;242500
25752;25752;2020-05-28;290000
25753;25753;2020-05-28;62500
25754;25754;2020-05-28;211200
25755;25755;2020-05-28;80000
25756;25756;2020-05-28;86000
25757;25757;2020-05-28;170000
25758;25758;2020-05-28;232000
25759;25759;2020-05-28;86000
25760;25760;2020-05-28;180000
25761;25761;2020-05-28;363000
25762;25762;2020-05-28;481900
25763;25763;2020-05-28;185000
25764;25764;2020-05-28;262000
25765;25765;2020-05-28;210000
25766;25766;2020-05-28;231000
25767;25767;2020-05-28;151100
25768;25768;2020-05-28;280000
25769;25769;2020-05-28;250100
25770;25770;2020-05-28;137500
25771;25771;2020-05-28;161577
25772;25772;2020-05-28;159000
25773;25773;2020-05-28;207200
25774;25774;2020-05-28;469000
25775;25775;2020-05-28;177650
25776;25776;2020-05-28;177000
25777;25777;2020-05-28;275000
25778;25778;2020-05-28;130000
25779;25779;2020-05-28;208380
25780;25780;2020-05-28;375000
25781;25781;2020-05-28;120000
25782;25782;2020-05-28;300000
25783;25783;2020-05-28;159505
25784;25784;2020-05-28;495000
25785;25785;2020-05-28;158000
25786;25786;2020-05-28;455000
25787;25787;2020-05-28;440000
25788;25788;2020-05-28;349000
25789;25789;2020-05-28;360000
25790;25790;2020-05-28;510000
25791;25791;2020-05-28;298260
25792;25792;2020-05-28;325000
25793;25793;2020-05-28;369350
25794;25794;2020-05-28;466400
25795;25795;2020-05-28;110000
25796;25796;2020-05-28;236000
25797;25797;2020-05-28;237802
25798;25798;2020-05-28;269000
25799;25799;2020-05-28;145000
25800;25800;2020-05-28;200000
25801;25801;2020-05-28;125000
25802;25802;2020-05-28;167000
25803;25803;2020-05-28;230000
25804;25804;2020-05-28;149650
25805;25805;2020-05-28;227450
25806;25806;2020-05-28;250000
25807;25807;2020-05-28;130000
25808;25808;2020-05-28;186300
25809;25809;2020-05-28;197100
25810;25810;2020-05-28;152500
25811;25811;2020-05-28;210000
25812;25812;2020-05-28;123000
25813;25813;2020-05-28;188000
25814;25814;2020-05-28;285000
25815;25815;2020-05-28;173000
25816;25816;2020-05-28;255000
25817;25817;2020-05-28;183000
25818;25818;2020-05-28;195000
25819;25819;2020-05-29;371550
25820;25820;2020-05-29;193700
25821;25821;2020-05-29;151000
25822;25822;2020-05-29;137000
25823;25823;2020-05-29;55500
25824;25824;2020-05-29;63000
25825;25825;2020-05-29;45710
25826;25826;2020-05-29;55500
25827;25827;2020-05-29;60000
25828;25828;2020-05-29;59800
25829;25829;2020-05-29;148000
25830;25830;2020-05-29;23000
25831;25831;2020-05-29;65500
25832;25832;2020-05-29;39000
25833;25833;2020-05-29;383800
25834;25834;2020-05-29;96000
25835;25835;2020-05-29;527000
25836;25836;2020-05-29;202000
25837;25837;2020-05-29;282000
25838;25838;2020-05-29;173000
25839;25839;2020-05-29;292000
25840;25840;2020-05-29;117500
25841;25841;2020-05-29;387000
25842;25842;2020-05-29;140000
25843;25843;2020-05-29;165000
25844;25844;2020-05-29;90000
25845;25845;2020-05-29;172000
25846;25846;2020-05-29;150000
25847;25847;2020-05-29;122500
25848;25848;2020-05-29;563000
25849;25849;2020-05-29;810000
25850;25850;2020-05-29;148750
25851;25851;2020-05-29;66000
25852;25852;2020-05-29;317000
25853;25853;2020-05-29;52000
25854;25854;2020-05-29;770500
25855;25855;2020-05-29;100000
25856;25856;2020-05-29;67000
25857;25857;2020-05-29;120000
25858;25858;2020-05-29;130000
25859;25859;2020-05-29;3000
25860;25860;2020-05-29;617000
25861;25861;2020-05-29;123500
25862;25862;2020-05-29;53000
25863;25863;2020-05-29;147000
25864;25864;2020-05-29;135000
25865;25865;2020-05-29;105000
25866;25866;2020-05-29;53070
25867;25867;2020-05-29;49000
25868;25868;2020-05-29;82000
25869;25869;2020-05-29;132000
25870;25870;2020-05-29;54000
25871;25871;2020-05-29;39000
25872;25872;2020-05-29;68000
25873;25873;2020-05-29;90000
25874;25874;2020-05-29;78860
25875;25875;2020-05-29;59000
25876;25876;2020-05-29;55000
25877;25877;2020-05-29;127800
25878;25878;2020-05-29;136520
25879;25879;2020-05-29;118000
25880;25880;2020-05-29;63150
25881;25881;2020-05-29;145000
25882;25882;2020-05-29;800000
25883;25883;2020-05-29;235000
25884;25884;2020-05-29;73909
25885;25885;2020-05-29;100000
25886;25886;2020-05-29;186900
25887;25887;2020-05-29;140000
25888;25888;2020-05-29;153000
25889;25889;2020-05-29;285000
25890;25890;2020-05-29;93957
25891;25891;2020-05-29;90000
25892;25892;2020-05-29;61000
25893;25893;2020-05-29;116000
25894;25894;2020-05-29;88000
25895;25895;2020-05-29;202230
25896;25896;2020-05-29;120000
25897;25897;2020-05-29;115000
25898;25898;2020-05-29;95500
25899;25899;2020-05-29;84000
25900;25900;2020-05-29;181000
25901;25901;2020-05-29;70000
25902;25902;2020-05-29;74500
25903;25903;2020-05-29;122000
25904;25904;2020-05-29;113000
25905;25905;2020-05-29;57000
25906;25906;2020-05-29;60400
25907;25907;2020-05-29;63000
25908;25908;2020-05-29;430000
25909;25909;2020-05-29;41500
25910;25910;2020-05-29;32000
25911;25911;2020-05-29;112605
25912;25912;2020-05-29;105000
25913;25913;2020-05-29;49000
25914;25914;2020-05-29;80900
25915;25915;2020-05-29;128000
25916;25916;2020-05-29;126940
25917;25917;2020-05-29;59000
25918;25918;2020-05-29;146950
25919;25919;2020-05-29;137000
25920;25920;2020-05-29;80000
25921;25921;2020-05-29;49000
25922;25922;2020-05-29;30500
25923;25923;2020-05-29;195000
25924;25924;2020-05-29;186800
25925;25925;2020-05-29;79062
25926;25926;2020-05-29;97000
25927;25927;2020-05-29;90000
25928;25928;2020-05-29;69500
25929;25929;2020-05-29;66500
25930;25930;2020-05-29;51000
25931;25931;2020-05-29;60000
25932;25932;2020-05-29;63000
25933;25933;2020-05-29;92000
25934;25934;2020-05-29;31000
25935;25935;2020-05-29;137000
25936;25936;2020-05-29;115000
25937;25937;2020-05-29;172000
25938;25938;2020-05-29;80000
25939;25939;2020-05-29;195000
25940;25940;2020-05-29;82000
25941;25941;2020-05-29;150700
25942;25942;2020-05-29;107000
25943;25943;2020-05-29;67860
25944;25944;2020-05-29;295000
25945;25945;2020-05-29;62000
25946;25946;2020-05-29;152000
25947;25947;2020-05-29;84000
25948;25948;2020-05-29;161500
25949;25949;2020-05-29;58500
25950;25950;2020-05-29;349000
25951;25951;2020-05-29;251220
25952;25952;2020-05-29;104000
25953;25953;2020-05-29;240000
25954;25954;2020-05-29;68000
25955;25955;2020-05-29;98225
25956;25956;2020-05-29;116000
25957;25957;2020-05-29;248700
25958;25958;2020-05-29;55000
25959;25959;2020-05-29;143500
25960;25960;2020-05-29;230000
25961;25961;2020-05-29;246000
25962;25962;2020-05-29;228000
25963;25963;2020-05-29;282000
25964;25964;2020-05-29;293600
25965;25965;2020-05-29;156200
25966;25966;2020-05-29;163000
25967;25967;2020-05-29;563000
25968;25968;2020-05-29;212000
25969;25969;2020-05-29;303585
25970;25970;2020-05-29;307500
25971;25971;2020-05-29;419000
25972;25972;2020-05-29;247000
25973;25973;2020-05-29;261000
25974;25974;2020-05-29;155000
25975;25975;2020-05-29;190000
25976;25976;2020-05-29;272300
25977;25977;2020-05-29;94787
25978;25978;2020-05-29;100000
25979;25979;2020-05-29;165861
25980;25980;2020-05-29;115000
25981;25981;2020-05-29;713810
25982;25982;2020-05-29;1096150
25983;25983;2020-05-29;110000
25984;25984;2020-05-29;170000
25985;25985;2020-05-29;225000
25986;25986;2020-05-29;100000
25987;25987;2020-05-29;115700
25988;25988;2020-05-29;195130
25989;25989;2020-05-29;184500
25990;25990;2020-05-29;85500
25991;25991;2020-05-29;118000
25992;25992;2020-05-29;39000
25993;25993;2020-05-29;47000
25994;25994;2020-05-29;116220
25995;25995;2020-05-29;81000
25996;25996;2020-05-29;127000
25997;25997;2020-05-29;380000
25998;25998;2020-05-29;108700
25999;25999;2020-05-29;287000
26000;26000;2020-05-29;62000
26001;26001;2020-05-29;40000
26002;26002;2020-05-29;122400
26003;26003;2020-05-29;319800
26004;26004;2020-05-29;153000
26005;26005;2020-05-29;190000
26006;26006;2020-05-29;52000
26007;26007;2020-05-29;163000
26008;26008;2020-05-29;199000
26009;26009;2020-05-29;272000
26010;26010;2020-05-29;115000
26011;26011;2020-05-29;242500
26012;26012;2020-05-29;162000
26013;26013;2020-05-29;98000
26014;26014;2020-05-29;122500
26015;26015;2020-05-29;129290
26016;26016;2020-05-29;54800
26017;26017;2020-05-29;170000
26018;26018;2020-05-29;125000
26019;26019;2020-05-29;170000
26020;26020;2020-05-29;45000
26021;26021;2020-05-29;87500
26022;26022;2020-05-29;98500
26023;26023;2020-05-29;130000
26024;26024;2020-05-29;205000
26025;26025;2020-05-29;79000
26026;26026;2020-05-29;85500
26027;26027;2020-05-29;190750
26028;26028;2020-05-29;149000
26029;26029;2020-05-29;332500
26030;26030;2020-05-29;92000
26031;26031;2020-05-29;367000
26032;26032;2020-05-29;50350
26033;26033;2020-05-29;112300
26034;26034;2020-05-29;82500
26035;26035;2020-05-29;28500
26036;26036;2020-05-29;54600
26037;26037;2020-05-29;71500
26038;26038;2020-05-29;199000
26039;26039;2020-05-29;212150
26040;26040;2020-05-29;75000
26041;26041;2020-05-29;123870
26042;26042;2020-05-29;59200
26043;26043;2020-05-29;83000
26044;26044;2020-05-29;35000
26045;26045;2020-05-29;15500
26046;26046;2020-05-29;56000
26047;26047;2020-05-29;76000
26048;26048;2020-05-29;41000
26049;26049;2020-05-29;129000
26050;26050;2020-05-29;36000
26051;26051;2020-05-29;100800
26052;26052;2020-05-29;110000
26053;26053;2020-05-29;65820
26054;26054;2020-05-29;160000
26055;26055;2020-05-29;271000
26056;26056;2020-05-29;152700
26057;26057;2020-05-29;404000
26058;26058;2020-05-29;88000
26059;26059;2020-05-29;365000
26060;26060;2020-05-29;167085
26061;26061;2020-05-29;98900
26062;26062;2020-05-29;98020
26063;26063;2020-05-29;97295
26064;26064;2020-05-29;63000
26065;26065;2020-05-29;85000
26066;26066;2020-05-29;189599
26067;26067;2020-05-29;210000
26068;26068;2020-05-29;96450
26069;26069;2020-05-29;329000
26070;26070;2020-05-29;148000
26071;26071;2020-05-29;132000
26072;26072;2020-05-29;121000
26073;26073;2020-05-29;104000
26074;26074;2020-05-29;93000
26075;26075;2020-05-29;100000
26076;26076;2020-05-29;181000
26077;26077;2020-05-29;195000
26078;26078;2020-05-29;35000
26079;26079;2020-05-29;63000
26080;26080;2020-05-29;249100
26081;26081;2020-05-29;71000
26082;26082;2020-05-29;76280
26083;26083;2020-05-29;93000
26084;26084;2020-05-29;128000
26085;26085;2020-05-29;76900
26086;26086;2020-05-29;153000
26087;26087;2020-05-29;16991
26088;26088;2020-05-29;101770
26089;26089;2020-05-29;17500
26090;26090;2020-05-29;60000
26091;26091;2020-05-29;184700
26092;26092;2020-05-29;81000
26093;26093;2020-05-29;122350
26094;26094;2020-05-29;110000
26095;26095;2020-05-29;42000
26096;26096;2020-05-29;63500
26097;26097;2020-05-29;42000
26098;26098;2020-05-29;184000
26099;26099;2020-05-29;157717
26100;26100;2020-05-29;47500
26101;26101;2020-05-29;53500
26102;26102;2020-05-29;59265
26103;26103;2020-05-29;139000
26104;26104;2020-05-29;102000
26105;26105;2020-05-29;115000
26106;26106;2020-05-29;31000
26107;26107;2020-05-29;47000
26108;26108;2020-05-29;110000
26109;26109;2020-05-29;99640
26110;26110;2020-05-29;45000
26111;26111;2020-05-29;54000
26112;26112;2020-05-29;93500
26113;26113;2020-05-29;890000
26114;26114;2020-05-29;150000
26115;26115;2020-05-29;229000
26116;26116;2020-05-29;85000
26117;26117;2020-05-29;84000
26118;26118;2020-05-29;97000
26119;26119;2020-05-29;67000
26120;26120;2020-05-29;61500
26121;26121;2020-05-29;115000
26122;26122;2020-05-29;97500
26123;26123;2020-05-29;145000
26124;26124;2020-05-29;107000
26125;26125;2020-05-29;56000
26126;26126;2020-05-29;84000
26127;26127;2020-05-29;91000
26128;26128;2020-05-29;107000
26129;26129;2020-05-29;207000
26130;26130;2020-05-29;484800
26131;26131;2020-05-29;169000
26132;26132;2020-05-29;120280
26133;26133;2020-05-29;128500
26134;26134;2020-05-29;226150
26135;26135;2020-05-29;135500
26136;26136;2020-05-29;232750
26137;26137;2020-05-29;69500
26138;26138;2020-05-29;73200
26139;26139;2020-05-29;85000
26140;26140;2020-05-29;68000
26141;26141;2020-05-29;367550
26142;26142;2020-05-29;93000
26143;26143;2020-05-29;193000
26144;26144;2020-05-29;101000
26145;26145;2020-05-29;85000
26146;26146;2020-05-29;287590
26147;26147;2020-05-29;139000
26148;26148;2020-05-29;95000
26149;26149;2020-05-29;215000
26150;26150;2020-05-29;107000
26151;26151;2020-05-29;83000
26152;26152;2020-05-29;35000
26153;26153;2020-05-29;55000
26154;26154;2020-05-29;221000
26155;26155;2020-05-29;139500
26156;26156;2020-05-29;356000
26157;26157;2020-05-29;53000
26158;26158;2020-05-29;261000
26159;26159;2020-05-29;116000
26160;26160;2020-05-29;74000
26161;26161;2020-05-29;265000
26162;26162;2020-05-29;147000
26163;26163;2020-05-29;184340
26164;26164;2020-05-29;168000
26165;26165;2020-05-29;70000
26166;26166;2020-05-29;63000
26167;26167;2020-05-29;49000
26168;26168;2020-05-29;41885
26169;26169;2020-05-29;48000
26170;26170;2020-05-29;210865
26171;26171;2020-05-29;155000
26172;26172;2020-05-29;100000
26173;26173;2020-05-29;54000
26174;26174;2020-05-29;95000
26175;26175;2020-05-29;154000
26176;26176;2020-05-29;116500
26177;26177;2020-05-29;41690
26178;26178;2020-05-29;62000
26179;26179;2020-05-29;65500
26180;26180;2020-05-29;84000
26181;26181;2020-05-29;48000
26182;26182;2020-05-29;139100
26183;26183;2020-05-29;145850
26184;26184;2020-05-29;214000
26185;26185;2020-05-29;218000
26186;26186;2020-05-29;83660
26187;26187;2020-05-29;138000
26188;26188;2020-05-29;145000
26189;26189;2020-05-29;216500
26190;26190;2020-05-29;30000
26191;26191;2020-05-29;175000
26192;26192;2020-05-29;342000
26193;26193;2020-05-29;221200
26194;26194;2020-05-29;252900
26195;26195;2020-05-29;134500
26196;26196;2020-05-29;197280
26197;26197;2020-05-29;314900
26198;26198;2020-05-29;135000
26199;26199;2020-05-29;642300
26200;26200;2020-05-29;187835
26201;26201;2020-05-29;440000
26202;26202;2020-05-29;106000
26203;26203;2020-05-29;91200
26204;26204;2020-05-29;100000
26205;26205;2020-05-29;180000
26206;26206;2020-05-29;145050
26207;26207;2020-05-29;170000
26208;26208;2020-05-29;202000
26209;26209;2020-05-29;175000
26210;26210;2020-05-29;140000
26211;26211;2020-05-29;275000
26212;26212;2020-05-29;674380
26213;26213;2020-05-29;185436
26214;26214;2020-05-29;969550
26215;26215;2020-05-29;220000
26216;26216;2020-05-29;170100
26217;26217;2020-05-29;351900
26218;26218;2020-05-29;160500
26219;26219;2020-05-29;426430
26220;26220;2020-05-29;385000
26221;26221;2020-05-29;511700
26222;26222;2020-05-29;532000
26223;26223;2020-05-29;366500
26224;26224;2020-05-29;830000
26225;26225;2020-05-29;231000
26226;26226;2020-05-29;169000
26227;26227;2020-05-29;194000
26228;26228;2020-05-29;107000
26229;26229;2020-05-29;93000
26230;26230;2020-05-29;469000
26231;26231;2020-05-29;323500
26232;26232;2020-05-29;21500
26233;26233;2020-05-29;53000
26234;26234;2020-05-29;123500
26235;26235;2020-05-29;75000
26236;26236;2020-05-29;213400
26237;26237;2020-05-29;320000
26238;26238;2020-05-29;265000
26239;26239;2020-05-29;263000
26240;26240;2020-05-29;218670
26241;26241;2020-05-29;102000
26242;26242;2020-05-29;175000
26243;26243;2020-05-29;1848000
26244;26244;2020-05-29;583000
26245;26245;2020-05-29;1160000
26246;26246;2020-05-29;800000
26247;26247;2020-05-29;208000
26248;26248;2020-05-29;915000
26249;26249;2020-05-29;655000
26250;26250;2020-05-29;199000
26251;26251;2020-05-29;480500
26252;26252;2020-05-29;465500
26253;26253;2020-05-29;743200
26254;26254;2020-05-29;242000
26255;26255;2020-05-29;387000
26256;26256;2020-05-29;1500000
26257;26257;2020-05-29;550000
26258;26258;2020-05-29;688800
26259;26259;2020-05-29;2600000
26260;26260;2020-05-29;908000
26261;26261;2020-05-29;182000
26262;26262;2020-05-29;175000
26263;26263;2020-05-29;350000
26264;26264;2020-05-29;180000
26265;26265;2020-05-29;555000
26266;26266;2020-05-29;194400
26267;26267;2020-05-29;115000
26268;26268;2020-05-29;685290
26269;26269;2020-05-29;170500
26270;26270;2020-05-29;295000
26271;26271;2020-05-29;160880
26272;26272;2020-05-29;328800
26273;26273;2020-05-29;525000
26274;26274;2020-05-29;685000
26275;26275;2020-05-29;122100
26276;26276;2020-05-29;630000
26277;26277;2020-05-29;249000
26278;26278;2020-05-29;293000
26279;26279;2020-05-29;285000
26280;26280;2020-05-29;450000
26281;26281;2020-05-29;462700
26282;26282;2020-05-29;1036000
26283;26283;2020-05-29;295000
26284;26284;2020-05-29;507000
26285;26285;2020-05-29;260000
26286;26286;2020-05-29;365000
26287;26287;2020-05-29;724150
26288;26288;2020-05-29;379000
26289;26289;2020-05-29;545000
26290;26290;2020-05-29;450000
26291;26291;2020-05-29;491000
26292;26292;2020-05-29;250000
26293;26293;2020-05-29;515000
26294;26294;2020-05-29;178800
26295;26295;2020-05-29;534000
26296;26296;2020-05-29;327000
26297;26297;2020-05-29;352200
26298;26298;2020-05-29;155452
26299;26299;2020-05-29;347000
26300;26300;2020-05-29;322000
26301;26301;2020-05-29;332300
26302;26302;2020-05-29;750000
26303;26303;2020-05-29;570788
26304;26304;2020-05-29;298000
26305;26305;2020-05-29;275000
26306;26306;2020-05-29;230000
26307;26307;2020-05-29;752500
26308;26308;2020-05-29;515000
26309;26309;2020-05-29;1060000
26310;26310;2020-05-29;816000
26311;26311;2020-05-29;595000
26312;26312;2020-05-29;330000
26313;26313;2020-05-29;1960000
26314;26314;2020-05-29;1848000
26315;26315;2020-05-29;1349500
26316;26316;2020-05-29;617800
26317;26317;2020-05-29;502000
26318;26318;2020-05-29;190000
26319;26319;2020-05-29;823050
26320;26320;2020-05-29;1220000
26321;26321;2020-05-29;1120000
26322;26322;2020-05-29;1635000
26323;26323;2020-05-29;1705000
26324;26324;2020-05-29;565000
26325;26325;2020-05-29;548000
26326;26326;2020-05-29;580000
26327;26327;2020-05-29;414000
26328;26328;2020-05-29;717900
26329;26329;2020-05-29;279000
26330;26330;2020-05-29;435000
26331;26331;2020-05-29;2090100
26332;26332;2020-05-29;275000
26333;26333;2020-05-29;611000
26334;26334;2020-05-29;601000
26335;26335;2020-05-29;458250
26336;26336;2020-05-29;1155000
26337;26337;2020-05-29;507900
26338;26338;2020-05-29;298000
26339;26339;2020-05-29;826250
26340;26340;2020-05-29;351605
26341;26341;2020-05-29;269000
26342;26342;2020-05-29;437900
26343;26343;2020-05-29;552381
26344;26344;2020-05-29;575000
26345;26345;2020-05-29;710000
26346;26346;2020-05-29;221900
26347;26347;2020-05-29;840000
26348;26348;2020-05-29;337000
26349;26349;2020-05-29;467000
26350;26350;2020-05-29;192000
26351;26351;2020-05-29;588000
26352;26352;2020-05-29;382000
26353;26353;2020-05-29;617880
26354;26354;2020-05-29;393600
26355;26355;2020-05-29;439000
26356;26356;2020-05-29;120000
26357;26357;2020-05-29;195000
26358;26358;2020-05-29;238000
26359;26359;2020-05-29;490000
26360;26360;2020-05-29;470000
26361;26361;2020-05-29;335000
26362;26362;2020-05-29;385000
26363;26363;2020-05-29;300500
26364;26364;2020-05-29;834938
26365;26365;2020-05-29;394000
26366;26366;2020-05-29;155000
26367;26367;2020-05-29;418500
26368;26368;2020-05-29;217000
26369;26369;2020-05-29;443000
26370;26370;2020-05-29;1100000
26371;26371;2020-05-29;350000
26372;26372;2020-05-29;633383
26373;26373;2020-05-29;374000
26374;26374;2020-05-29;586745
26375;26375;2020-05-29;105000
26376;26376;2020-05-29;118000
26377;26377;2020-05-29;50000
26378;26378;2020-05-29;199000
26379;26379;2020-05-29;83000
26380;26380;2020-05-29;134000
26381;26381;2020-05-29;253500
26382;26382;2020-05-29;288000
26383;26383;2020-05-29;52000
26384;26384;2020-05-29;114000
26385;26385;2020-05-29;43200
26386;26386;2020-05-29;65980
26387;26387;2020-05-29;168000
26388;26388;2020-05-29;121800
26389;26389;2020-05-29;71650
26390;26390;2020-05-29;115000
26391;26391;2020-05-29;220000
26392;26392;2020-05-29;208000
26393;26393;2020-05-29;260000
26394;26394;2020-05-29;405000
26395;26395;2020-05-29;189000
26396;26396;2020-05-29;154000
26397;26397;2020-05-29;149900
26398;26398;2020-05-29;167000
26399;26399;2020-05-29;160000
26400;26400;2020-05-29;130000
26401;26401;2020-05-29;254830
26402;26402;2020-05-29;72000
26403;26403;2020-05-29;102000
26404;26404;2020-05-29;225000
26405;26405;2020-05-29;215000
26406;26406;2020-05-29;156000
26407;26407;2020-05-29;350000
26408;26408;2020-05-29;310000
26409;26409;2020-05-29;143000
26410;26410;2020-05-29;132000
26411;26411;2020-05-29;334000
26412;26412;2020-05-29;115000
26413;26413;2020-05-29;307000
26414;26414;2020-05-29;189000
26415;26415;2020-05-29;270000
26416;26416;2020-05-29;257000
26417;26417;2020-05-29;470000
26418;26418;2020-05-29;309000
26419;26419;2020-05-29;137000
26420;26420;2020-05-29;186500
26421;26421;2020-05-29;218940
26422;26422;2020-05-29;191000
26423;26423;2020-05-29;178000
26424;26424;2020-05-29;109000
26425;26425;2020-05-29;197000
26426;26426;2020-05-29;114000
26427;26427;2020-05-29;109257
26428;26428;2020-05-29;198000
26429;26429;2020-05-29;355000
26430;26430;2020-05-29;173000
26431;26431;2020-05-29;277000
26432;26432;2020-05-29;181000
26433;26433;2020-05-29;599500
26434;26434;2020-05-29;159000
26435;26435;2020-05-29;763700
26436;26436;2020-05-29;250000
26437;26437;2020-05-29;261200
26438;26438;2020-05-29;142000
26439;26439;2020-05-29;220000
26440;26440;2020-05-29;238500
26441;26441;2020-05-29;463000
26442;26442;2020-05-29;120000
26443;26443;2020-05-29;384480
26444;26444;2020-05-29;416700
26445;26445;2020-05-29;95000
26446;26446;2020-05-29;185000
26447;26447;2020-05-29;330000
26448;26448;2020-05-29;334000
26449;26449;2020-05-29;397310
26450;26450;2020-05-29;220630
26451;26451;2020-05-29;69000
26452;26452;2020-05-29;158000
26453;26453;2020-05-29;274700
26454;26454;2020-05-29;111802
26455;26455;2020-05-29;435000
26456;26456;2020-05-29;143250
26457;26457;2020-05-29;140400
26458;26458;2020-05-29;142000
26459;26459;2020-05-29;176000
26460;26460;2020-05-29;239000
26461;26461;2020-05-29;150000
26462;26462;2020-05-29;167000
26463;26463;2020-05-29;145550
26464;26464;2020-05-29;167500
26465;26465;2020-05-29;279360
26466;26466;2020-05-29;290000
26467;26467;2020-05-29;380000
26468;26468;2020-05-29;289000
26469;26469;2020-05-29;310000
26470;26470;2020-05-29;360000
26471;26471;2020-05-29;229000
26472;26472;2020-05-29;315000
26473;26473;2020-05-29;93850
26474;26474;2020-05-29;77000
26475;26475;2020-05-29;63000
26476;26476;2020-05-29;56500
26477;26477;2020-05-29;80000
26478;26478;2020-05-29;26000
26479;26479;2020-05-29;195000
26480;26480;2020-05-29;122750
26481;26481;2020-05-29;137000
26482;26482;2020-05-29;185000
26483;26483;2020-05-29;65000
26484;26484;2020-05-29;88000
26485;26485;2020-05-29;124000
26486;26486;2020-05-29;70000
26487;26487;2020-05-29;540000
26488;26488;2020-05-29;76500
26489;26489;2020-05-29;120000
26490;26490;2020-05-29;160000
26491;26491;2020-05-29;153000
26492;26492;2020-05-29;259000
26493;26493;2020-05-29;233000
26494;26494;2020-05-29;141500
26495;26495;2020-05-29;213000
26496;26496;2020-05-29;94000
26497;26497;2020-05-29;263000
26498;26498;2020-05-29;294500
26499;26499;2020-05-29;314000
26500;26500;2020-05-29;92500
26501;26501;2020-05-29;92000
26502;26502;2020-05-29;64500
26503;26503;2020-05-29;111000
26504;26504;2020-05-29;157000
26505;26505;2020-05-29;415000
26506;26506;2020-05-29;108000
26507;26507;2020-05-29;164000
26508;26508;2020-05-29;143000
26509;26509;2020-05-29;92000
26510;26510;2020-05-29;31000
26511;26511;2020-05-29;81700
26512;26512;2020-05-29;52300
26513;26513;2020-05-29;77400
26514;26514;2020-05-29;74000
26515;26515;2020-05-29;55500
26516;26516;2020-05-29;87000
26517;26517;2020-05-29;50000
26518;26518;2020-05-29;97000
26519;26519;2020-05-29;224500
26520;26520;2020-05-29;106470
26521;26521;2020-05-29;68000
26522;26522;2020-05-29;79900
26523;26523;2020-05-29;85000
26524;26524;2020-05-29;110000
26525;26525;2020-05-29;335000
26526;26526;2020-05-29;242550
26527;26527;2020-05-29;137600
26528;26528;2020-05-29;127000
26529;26529;2020-05-29;120000
26530;26530;2020-05-29;133300
26531;26531;2020-05-29;85000
26532;26532;2020-05-29;135000
26533;26533;2020-05-29;78000
26534;26534;2020-05-29;126500
26535;26535;2020-05-29;180000
26536;26536;2020-05-29;138000
26537;26537;2020-05-29;116000
26538;26538;2020-05-29;80000
26539;26539;2020-05-29;185000
26540;26540;2020-05-29;363700
26541;26541;2020-05-29;147000
26542;26542;2020-05-29;182000
26543;26543;2020-05-29;168000
26544;26544;2020-05-29;503600
26545;26545;2020-05-29;153000
26546;26546;2020-05-29;173000
26547;26547;2020-05-29;333400
26548;26548;2020-05-29;186990
26549;26549;2020-05-29;177000
26550;26550;2020-05-29;143000
26551;26551;2020-05-29;209000
26552;26552;2020-05-29;225000
26553;26553;2020-05-29;131000
26554;26554;2020-05-29;113500
26555;26555;2020-05-29;304130
26556;26556;2020-05-29;260000
26557;26557;2020-05-29;300000
26558;26558;2020-05-29;396000
26559;26559;2020-05-29;334800
26560;26560;2020-05-29;371000
26561;26561;2020-05-29;251300
26562;26562;2020-05-29;151500
26563;26563;2020-05-29;202117
26564;26564;2020-05-29;276055
26565;26565;2020-05-29;964000
26566;26566;2020-05-29;341000
26567;26567;2020-05-29;540000
26568;26568;2020-05-29;494000
26569;26569;2020-05-29;663500
26570;26570;2020-05-29;542500
26571;26571;2020-05-29;354700
26572;26572;2020-05-29;185321
26573;26573;2020-05-29;290000
26574;26574;2020-05-29;219310
26575;26575;2020-05-29;73800
26576;26576;2020-05-29;350000
26577;26577;2020-05-29;1096620
26578;26578;2020-05-29;897600
26579;26579;2020-05-29;1080000
26580;26580;2020-05-29;270000
26581;26581;2020-05-29;1516000
26582;26582;2020-05-29;568000
26583;26583;2020-05-29;265000
26584;26584;2020-05-29;415000
26585;26585;2020-05-29;365000
26586;26586;2020-05-29;307000
26587;26587;2020-05-29;105000
26588;26588;2020-05-29;531160
26589;26589;2020-05-29;280000
26590;26590;2020-05-29;217000
26591;26591;2020-05-29;505000
26592;26592;2020-05-29;145000
26593;26593;2020-05-29;173000
26594;26594;2020-05-29;190000
26595;26595;2020-05-29;80000
26596;26596;2020-05-29;138600
26597;26597;2020-05-29;118000
26598;26598;2020-05-29;550000
26599;26599;2020-05-29;183962
26600;26600;2020-05-29;228000
26601;26601;2020-05-29;177000
26602;26602;2020-05-29;250000
26603;26603;2020-05-29;175000
26604;26604;2020-05-29;330000
26605;26605;2020-05-29;118000
26606;26606;2020-05-29;233100
26607;26607;2020-05-29;327990
26608;26608;2020-05-29;90000
26609;26609;2020-05-29;248000
26610;26610;2020-05-29;280000
26611;26611;2020-05-29;180000
26612;26612;2020-05-29;240000
26613;26613;2020-05-29;110000
26614;26614;2020-05-29;380000
26615;26615;2020-05-29;150000
26616;26616;2020-05-29;193000
26617;26617;2020-05-29;194000
26618;26618;2020-05-29;413250
26619;26619;2020-05-29;267000
26620;26620;2020-05-29;269280
26621;26621;2020-05-29;183500
26622;26622;2020-05-29;152000
26623;26623;2020-05-29;249000
26624;26624;2020-05-29;197000
26625;26625;2020-05-29;165000
26626;26626;2020-05-29;197000
26627;26627;2020-05-29;352500
26628;26628;2020-05-29;89000
26629;26629;2020-05-29;299000
26630;26630;2020-05-29;190000
26631;26631;2020-05-29;252000
26632;26632;2020-05-29;170000
26633;26633;2020-05-29;258000
26634;26634;2020-05-29;515300
26635;26635;2020-05-29;197000
26636;26636;2020-05-29;362000
26637;26637;2020-05-29;164000
26638;26638;2020-05-29;223000
26639;26639;2020-05-29;171900
26640;26640;2020-05-29;530000
26641;26641;2020-05-29;398000
26642;26642;2020-05-29;302100
26643;26643;2020-05-29;824000
26644;26644;2020-05-29;160000
26645;26645;2020-05-29;174000
26646;26646;2020-05-29;163000
26647;26647;2020-05-29;262290
26648;26648;2020-05-29;270800
26649;26649;2020-05-29;196080
26650;26650;2020-05-29;298000
26651;26651;2020-05-29;268000
26652;26652;2020-05-29;120000
26653;26653;2020-05-29;90000
26654;26654;2020-05-29;352000
26655;26655;2020-05-29;849000
26656;26656;2020-05-29;241000
26657;26657;2020-05-29;192000
26658;26658;2020-05-29;1160000
26659;26659;2020-05-29;204550
26660;26660;2020-05-29;204000
26661;26661;2020-05-29;235000
26662;26662;2020-05-29;182000
26663;26663;2020-05-29;155000
26664;26664;2020-05-29;132000
26665;26665;2020-05-29;100000
26666;26666;2020-05-29;166000
26667;26667;2020-05-29;269000
26668;26668;2020-05-29;120000
26669;26669;2020-05-29;206000
26670;26670;2020-05-29;290000
26671;26671;2020-05-29;256500
26672;26672;2020-05-29;161856
26673;26673;2020-05-29;157000
26674;26674;2020-05-29;385400
26675;26675;2020-05-29;180000
26676;26676;2020-05-29;182520
26677;26677;2020-05-29;130000
26678;26678;2020-05-29;254000
26679;26679;2020-05-29;217000
26680;26680;2020-05-29;118000
26681;26681;2020-05-29;126000
26682;26682;2020-05-29;222000
26683;26683;2020-05-29;355000
26684;26684;2020-05-29;205000
26685;26685;2020-05-29;120000
26686;26686;2020-05-29;199000
26687;26687;2020-05-29;104000
26688;26688;2020-05-29;363000
26689;26689;2020-05-29;240000
26690;26690;2020-05-29;105000
26691;26691;2020-05-29;117000
26692;26692;2020-05-29;217300
26693;26693;2020-05-29;115000
26694;26694;2020-05-29;98000
26695;26695;2020-05-29;285000
26696;26696;2020-05-29;110000
26697;26697;2020-05-29;155000
26698;26698;2020-05-29;126000
26699;26699;2020-05-29;149000
26700;26700;2020-05-29;72000
26701;26701;2020-05-29;605060
26702;26702;2020-05-29;180000
26703;26703;2020-05-30;44500
26704;26704;2020-05-30;35500
26705;26705;2020-05-30;187000
26706;26706;2020-05-30;75000
26707;26707;2020-05-30;100000
26708;26708;2020-05-30;250000
26709;26709;2020-05-30;64000
26710;26710;2020-05-30;61500
26711;26711;2020-05-30;55000
26712;26712;2020-05-30;100000
26713;26713;2020-05-30;191000
26714;26714;2020-05-30;134000
26715;26715;2020-05-30;57000
26716;26716;2020-05-30;83400
26717;26717;2020-05-30;93000
26718;26718;2020-05-30;115000
26719;26719;2020-05-30;118000
26720;26720;2020-05-30;215000
26721;26721;2020-05-30;70000
26722;26722;2020-05-30;58000
26723;26723;2020-05-30;53500
26724;26724;2020-05-30;73500
26725;26725;2020-05-30;
26726;26726;2020-05-30;24000
26727;26727;2020-05-30;189000
26728;26728;2020-05-30;45000
26729;26729;2020-05-30;145000
26730;26730;2020-05-30;160000
26731;26731;2020-05-30;25000
26732;26732;2020-05-30;27900
26733;26733;2020-05-30;100000
26734;26734;2020-05-30;620225
26735;26735;2020-05-30;240000
26736;26736;2020-05-30;95000
26737;26737;2020-05-30;174000
26738;26738;2020-05-30;322000
26739;26739;2020-05-30;96000
26740;26740;2020-05-30;382850
26741;26741;2020-05-30;140000
26742;26742;2020-05-30;33000
26743;26743;2020-05-30;129000
26744;26744;2020-05-30;160000
26745;26745;2020-05-30;115050
26746;26746;2020-06-01;275000
26747;26747;2020-06-01;118000
26748;26748;2020-06-01;180000
26749;26749;2020-06-01;38200
26750;26750;2020-06-01;79000
26751;26751;2020-06-01;52000
26752;26752;2020-06-01;182500
26753;26753;2020-06-01;75000
26754;26754;2020-06-01;83258
26755;26755;2020-06-01;138300
26756;26756;2020-06-01;36000
26757;26757;2020-06-01;43030
26758;26758;2020-06-01;41000
26759;26759;2020-06-01;146900
26760;26760;2020-06-01;157000
26761;26761;2020-06-01;81000
26762;26762;2020-06-01;48000
26763;26763;2020-06-01;106000
26764;26764;2020-06-01;123500
26765;26765;2020-06-01;115000
26766;26766;2020-06-01;287000
26767;26767;2020-06-01;432000
26768;26768;2020-06-01;414550
26769;26769;2020-06-01;1289100
26770;26770;2020-06-01;662000
26771;26771;2020-06-01;389650
26772;26772;2020-06-01;905000
26773;26773;2020-06-01;227000
26774;26774;2020-06-01;207000
26775;26775;2020-06-01;177650
26776;26776;2020-06-01;153000
26777;26777;2020-06-01;92000
26778;26778;2020-06-01;114961
26779;26779;2020-06-01;283950
26780;26780;2020-06-01;70000
26781;26781;2020-06-01;241000
26782;26782;2020-06-01;352600
26783;26783;2020-06-01;228000
26784;26784;2020-06-01;325000
26785;26785;2020-06-01;330000
26786;26786;2020-06-01;464500
26787;26787;2020-06-01;644660
26788;26788;2020-06-01;148000
26789;26789;2020-06-01;225000
26790;26790;2020-06-01;597000
26791;26791;2020-06-01;348490
26792;26792;2020-06-01;190000
26793;26793;2020-06-01;178000
26794;26794;2020-06-01;130000
26795;26795;2020-06-02;83000
26796;26796;2020-06-02;471810
26797;26797;2020-06-02;125000
26798;26798;2020-06-02;450000
26799;26799;2020-06-02;225000
26800;26800;2020-06-02;49700
26801;26801;2020-06-02;185750
26802;26802;2020-06-02;119100
26803;26803;2020-06-02;123500
26804;26804;2020-06-02;342000
26805;26805;2020-06-02;110000
26806;26806;2020-06-02;464500
26807;26807;2020-06-02;129000
26808;26808;2020-06-02;114000
26809;26809;2020-06-02;1000000
26810;26810;2020-06-02;350000
26811;26811;2020-06-02;335000
26812;26812;2020-06-02;72500
26813;26813;2020-06-02;190000
26814;26814;2020-06-02;84000
26815;26815;2020-06-02;144000
26816;26816;2020-06-02;94700
26817;26817;2020-06-02;90000
26818;26818;2020-06-02;70000
26819;26819;2020-06-02;167500
26820;26820;2020-06-02;245000
26821;26821;2020-06-02;60000
26822;26822;2020-06-02;91000
26823;26823;2020-06-02;72500
26824;26824;2020-06-02;78000
26825;26825;2020-06-02;246000
26826;26826;2020-06-02;65000
26827;26827;2020-06-02;181000
26828;26828;2020-06-02;156000
26829;26829;2020-06-02;156000
26830;26830;2020-06-02;75800
26831;26831;2020-06-02;98000
26832;26832;2020-06-02;137950
26833;26833;2020-06-02;170000
26834;26834;2020-06-02;139000
26835;26835;2020-06-02;180000
26836;26836;2020-06-02;263800
26837;26837;2020-06-02;530000
26838;26838;2020-06-02;147000
26839;26839;2020-06-02;209245
26840;26840;2020-06-02;241187
26841;26841;2020-06-02;120000
26842;26842;2020-06-02;119550
26843;26843;2020-06-02;101000
26844;26844;2020-06-02;124000
26845;26845;2020-06-02;137900
26846;26846;2020-06-02;290000
26847;26847;2020-06-02;235336
26848;26848;2020-06-02;172000
26849;26849;2020-06-02;55700
26850;26850;2020-06-02;270000
26851;26851;2020-06-02;170200
26852;26852;2020-06-02;110000
26853;26853;2020-06-02;155000
26854;26854;2020-06-02;75000
26855;26855;2020-06-02;134750
26856;26856;2020-06-02;301040
26857;26857;2020-06-02;118200
26858;26858;2020-06-02;272000
26859;26859;2020-06-02;85000
26860;26860;2020-06-02;62180
26861;26861;2020-06-02;135000
26862;26862;2020-06-02;82000
26863;26863;2020-06-02;118500
26864;26864;2020-06-02;601000
26865;26865;2020-06-02;108000
26866;26866;2020-06-02;400305
26867;26867;2020-06-02;138900
26868;26868;2020-06-02;153500
26869;26869;2020-06-02;220000
26870;26870;2020-06-02;192550
26871;26871;2020-06-02;158000
26872;26872;2020-06-02;60000
26873;26873;2020-06-02;163000
26874;26874;2020-06-02;212000
26875;26875;2020-06-02;194750
26876;26876;2020-06-02;154000
26877;26877;2020-06-02;371000
26878;26878;2020-06-02;157000
26879;26879;2020-06-02;118000
26880;26880;2020-06-02;172400
26881;26881;2020-06-02;211000
26882;26882;2020-06-02;92000
26883;26883;2020-06-02;101000
26884;26884;2020-06-02;206000
26885;26885;2020-06-02;65000
26886;26886;2020-06-02;133000
26887;26887;2020-06-02;295000
26888;26888;2020-06-02;23000
26889;26889;2020-06-02;52000
26890;26890;2020-06-02;20000
26891;26891;2020-06-02;114400
26892;26892;2020-06-02;72000
26893;26893;2020-06-02;202120
26894;26894;2020-06-02;102000
26895;26895;2020-06-02;105010
26896;26896;2020-06-02;247850
26897;26897;2020-06-02;186000
26898;26898;2020-06-02;261500
26899;26899;2020-06-02;185000
26900;26900;2020-06-02;230000
26901;26901;2020-06-02;510000
26902;26902;2020-06-02;77000
26903;26903;2020-06-02;115100
26904;26904;2020-06-02;123000
26905;26905;2020-06-02;73000
26906;26906;2020-06-02;73000
26907;26907;2020-06-02;56000
26908;26908;2020-06-02;155500
26909;26909;2020-06-02;56000
26910;26910;2020-06-02;54900
26911;26911;2020-06-02;109000
26912;26912;2020-06-02;75000
26913;26913;2020-06-02;105000
26914;26914;2020-06-02;78000
26915;26915;2020-06-02;117000
26916;26916;2020-06-02;245560
26917;26917;2020-06-02;92900
26918;26918;2020-06-02;269750
26919;26919;2020-06-02;38000
26920;26920;2020-06-02;87700
26921;26921;2020-06-02;60000
26922;26922;2020-06-02;98000
26923;26923;2020-06-02;156000
26924;26924;2020-06-02;99100
26925;26925;2020-06-02;97000
26926;26926;2020-06-02;122953
26927;26927;2020-06-02;165000
26928;26928;2020-06-02;243000
26929;26929;2020-06-02;55000
26930;26930;2020-06-02;59000
26931;26931;2020-06-02;109795
26932;26932;2020-06-02;147000
26933;26933;2020-06-02;165000
26934;26934;2020-06-02;48000
26935;26935;2020-06-02;76000
26936;26936;2020-06-02;58000
26937;26937;2020-06-02;54000
26938;26938;2020-06-02;232500
26939;26939;2020-06-02;225000
26940;26940;2020-06-02;524640
26941;26941;2020-06-02;171700
26942;26942;2020-06-02;77000
26943;26943;2020-06-02;140000
26944;26944;2020-06-02;259600
26945;26945;2020-06-02;164000
26946;26946;2020-06-02;157450
26947;26947;2020-06-02;64000
26948;26948;2020-06-02;203900
26949;26949;2020-06-02;215000
26950;26950;2020-06-02;172250
26951;26951;2020-06-02;344850
26952;26952;2020-06-02;217000
26953;26953;2020-06-02;238900
26954;26954;2020-06-02;390500
26955;26955;2020-06-02;232000
26956;26956;2020-06-02;450000
26957;26957;2020-06-02;226000
26958;26958;2020-06-02;140000
26959;26959;2020-06-02;253000
26960;26960;2020-06-02;300800
26961;26961;2020-06-02;148400
26962;26962;2020-06-02;23000
26963;26963;2020-06-02;63500
26964;26964;2020-06-02;1033240
26965;26965;2020-06-02;455000
26966;26966;2020-06-02;173000
26967;26967;2020-06-02;2020000
26968;26968;2020-06-02;277322
26969;26969;2020-06-02;2003000
26970;26970;2020-06-02;432600
26971;26971;2020-06-02;1245000
26972;26972;2020-06-02;1964000
26973;26973;2020-06-02;1382518
26974;26974;2020-06-02;604240
26975;26975;2020-06-02;707900
26976;26976;2020-06-02;1050000
26977;26977;2020-06-02;525175
26978;26978;2020-06-02;440000
26979;26979;2020-06-02;492700
26980;26980;2020-06-02;855000
26981;26981;2020-06-02;356000
26982;26982;2020-06-02;187000
26983;26983;2020-06-02;134000
26984;26984;2020-06-02;488115
26985;26985;2020-06-02;318250
26986;26986;2020-06-02;342000
26987;26987;2020-06-02;598520
26988;26988;2020-06-02;647450
26989;26989;2020-06-02;217700
26990;26990;2020-06-02;560000
26991;26991;2020-06-02;905000
26992;26992;2020-06-02;614000
26993;26993;2020-06-02;400000
26994;26994;2020-06-02;169450
26995;26995;2020-06-02;1105750
26996;26996;2020-06-02;194000
26997;26997;2020-06-02;475500
26998;26998;2020-06-02;494750
26999;26999;2020-06-02;290090
27000;27000;2020-06-02;1550000
27001;27001;2020-06-02;1298950
27002;27002;2020-06-02;992700
27003;27003;2020-06-02;215000
27004;27004;2020-06-02;810000
27005;27005;2020-06-02;137000
27006;27006;2020-06-02;697300
27007;27007;2020-06-02;310000
27008;27008;2020-06-02;930050
27009;27009;2020-06-02;322724
27010;27010;2020-06-02;356098
27011;27011;2020-06-02;173000
27012;27012;2020-06-02;388000
27013;27013;2020-06-02;428000
27014;27014;2020-06-02;150500
27015;27015;2020-06-02;306500
27016;27016;2020-06-02;456150
27017;27017;2020-06-02;778800
27018;27018;2020-06-02;665000
27019;27019;2020-06-02;504500
27020;27020;2020-06-02;731800
27021;27021;2020-06-02;486500
27022;27022;2020-06-02;246100
27023;27023;2020-06-02;128500
27024;27024;2020-06-02;435000
27025;27025;2020-06-02;215000
27026;27026;2020-06-02;128000
27027;27027;2020-06-02;437800
27028;27028;2020-06-02;881000
27029;27029;2020-06-02;440000
27030;27030;2020-06-02;271000
27031;27031;2020-06-02;319000
27032;27032;2020-06-02;67500
27033;27033;2020-06-02;55000
27034;27034;2020-06-02;46000
27035;27035;2020-06-02;68000
27036;27036;2020-06-02;186000
27037;27037;2020-06-02;230000
27038;27038;2020-06-02;208600
27039;27039;2020-06-02;177000
27040;27040;2020-06-02;199000
27041;27041;2020-06-02;230000
27042;27042;2020-06-02;260000
27043;27043;2020-06-02;115000
27044;27044;2020-06-02;255000
27045;27045;2020-06-02;47000
27046;27046;2020-06-02;159000
27047;27047;2020-06-02;40000
27048;27048;2020-06-02;153000
27049;27049;2020-06-02;233000
27050;27050;2020-06-02;250000
27051;27051;2020-06-02;225000
27052;27052;2020-06-02;208000
27053;27053;2020-06-02;126150
27054;27054;2020-06-02;167400
27055;27055;2020-06-02;198000
27056;27056;2020-06-02;375000
27057;27057;2020-06-02;193000
27058;27058;2020-06-02;140000
27059;27059;2020-06-02;177000
27060;27060;2020-06-02;120000
27061;27061;2020-06-02;160000
27062;27062;2020-06-02;183000
27063;27063;2020-06-02;338300
27064;27064;2020-06-02;135000
27065;27065;2020-06-02;162000
27066;27066;2020-06-02;165000
27067;27067;2020-06-02;162000
27068;27068;2020-06-02;200000
27069;27069;2020-06-02;210000
27070;27070;2020-06-02;192000
27071;27071;2020-06-02;100000
27072;27072;2020-06-02;259764
27073;27073;2020-06-02;178000
27074;27074;2020-06-02;252000
27075;27075;2020-06-02;235900
27076;27076;2020-06-02;159500
27077;27077;2020-06-02;150000
27078;27078;2020-06-02;59700
27079;27079;2020-06-02;365000
27080;27080;2020-06-02;118000
27081;27081;2020-06-02;156000
27082;27082;2020-06-02;221450
27083;27083;2020-06-02;433160
27084;27084;2020-06-02;253100
27085;27085;2020-06-02;1200700
27086;27086;2020-06-02;387100
27087;27087;2020-06-02;115000
27088;27088;2020-06-02;377600
27089;27089;2020-06-02;29000
27090;27090;2020-06-02;199000
27091;27091;2020-06-02;130000
27092;27092;2020-06-02;110000
27093;27093;2020-06-02;147000
27094;27094;2020-06-02;215000
27095;27095;2020-06-02;145000
27096;27096;2020-06-02;43700
27097;27097;2020-06-02;80000
27098;27098;2020-06-02;160650
27099;27099;2020-06-02;45000
27100;27100;2020-06-02;154000
27101;27101;2020-06-02;19000
27102;27102;2020-06-02;41000
27103;27103;2020-06-02;59000
27104;27104;2020-06-02;103000
27105;27105;2020-06-02;102000
27106;27106;2020-06-02;50000
27107;27107;2020-06-02;198000
27108;27108;2020-06-02;270000
27109;27109;2020-06-02;228000
27110;27110;2020-06-02;153000
27111;27111;2020-06-02;74000
27112;27112;2020-06-02;107000
27113;27113;2020-06-02;255960
27114;27114;2020-06-02;402100
27115;27115;2020-06-02;279000
27116;27116;2020-06-02;211000
27117;27117;2020-06-02;757050
27118;27118;2020-06-02;300000
27119;27119;2020-06-02;265000
27120;27120;2020-06-02;461000
27121;27121;2020-06-02;418500
27122;27122;2020-06-02;1027500
27123;27123;2020-06-02;1634000
27124;27124;2020-06-02;280000
27125;27125;2020-06-02;735000
27126;27126;2020-06-02;335000
27127;27127;2020-06-02;255000
27128;27128;2020-06-02;1465750
27129;27129;2020-06-02;427850
27130;27130;2020-06-02;357000
27131;27131;2020-06-02;636580
27132;27132;2020-06-02;249000
27133;27133;2020-06-02;528750
27134;27134;2020-06-02;405000
27135;27135;2020-06-02;295670
27136;27136;2020-06-02;161450
27137;27137;2020-06-02;125000
27138;27138;2020-06-02;130000
27139;27139;2020-06-02;247800
27140;27140;2020-06-02;342000
27141;27141;2020-06-02;135179
27142;27142;2020-06-02;171000
27143;27143;2020-06-02;277500
27144;27144;2020-06-02;118000
27145;27145;2020-06-02;319900
27146;27146;2020-06-02;245000
27147;27147;2020-06-02;87500
27148;27148;2020-06-02;140000
27149;27149;2020-06-02;116000
27150;27150;2020-06-02;255000
27151;27151;2020-06-02;251300
27152;27152;2020-06-02;232200
27153;27153;2020-06-02;257500
27154;27154;2020-06-02;590000
27155;27155;2020-06-02;147000
27156;27156;2020-06-02;113000
27157;27157;2020-06-02;172000
27158;27158;2020-06-02;118363
27159;27159;2020-06-02;270000
27160;27160;2020-06-02;205000
27161;27161;2020-06-02;140000
27162;27162;2020-06-02;118000
27163;27163;2020-06-02;452000
27164;27164;2020-06-02;349200
27165;27165;2020-06-02;312850
27166;27166;2020-06-02;670000
27167;27167;2020-06-02;190000
27168;27168;2020-06-02;200000
27169;27169;2020-06-02;575000
27170;27170;2020-06-02;147000
27171;27171;2020-06-02;302600
27172;27172;2020-06-02;224800
27173;27173;2020-06-02;797000
27174;27174;2020-06-02;111000
27175;27175;2020-06-02;128400
27176;27176;2020-06-02;345000
27177;27177;2020-06-02;195000
27178;27178;2020-06-02;202000
27179;27179;2020-06-02;223000
27180;27180;2020-06-02;190000
27181;27181;2020-06-02;163000
27182;27182;2020-06-02;189800
27183;27183;2020-06-03;32500
27184;27184;2020-06-03;30500
27185;27185;2020-06-03;62000
27186;27186;2020-06-03;206000
27187;27187;2020-06-03;125000
27188;27188;2020-06-03;149000
27189;27189;2020-06-03;67000
27190;27190;2020-06-03;63300
27191;27191;2020-06-03;84200
27192;27192;2020-06-03;475000
27193;27193;2020-06-03;238000
27194;27194;2020-06-03;215200
27195;27195;2020-06-03;860000
27196;27196;2020-06-03;175000
27197;27197;2020-06-03;350000
27198;27198;2020-06-03;180000
27199;27199;2020-06-03;64000
27200;27200;2020-06-03;100000
27201;27201;2020-06-03;44750
27202;27202;2020-06-03;55000
27203;27203;2020-06-03;52000
27204;27204;2020-06-03;120850
27205;27205;2020-06-03;149950
27206;27206;2020-06-03;110000
27207;27207;2020-06-03;69300
27208;27208;2020-06-03;113500
27209;27209;2020-06-03;114350
27210;27210;2020-06-03;45500
27211;27211;2020-06-03;100000
27212;27212;2020-06-03;106096
27213;27213;2020-06-03;123000
27214;27214;2020-06-03;92230
27215;27215;2020-06-03;67000
27216;27216;2020-06-03;96000
27217;27217;2020-06-03;74000
27218;27218;2020-06-03;103830
27219;27219;2020-06-03;46500
27220;27220;2020-06-03;129000
27221;27221;2020-06-03;105000
27222;27222;2020-06-03;128000
27223;27223;2020-06-03;84000
27224;27224;2020-06-03;200000
27225;27225;2020-06-03;215000
27226;27226;2020-06-03;121600
27227;27227;2020-06-03;95000
27228;27228;2020-06-03;323000
27229;27229;2020-06-03;114570
27230;27230;2020-06-03;175000
27231;27231;2020-06-03;486340
27232;27232;2020-06-03;163123
27233;27233;2020-06-03;138000
27234;27234;2020-06-03;277050
27235;27235;2020-06-03;336000
27236;27236;2020-06-03;289808
27237;27237;2020-06-03;135055
27238;27238;2020-06-03;168000
27239;27239;2020-06-03;120000
27240;27240;2020-06-03;143000
27241;27241;2020-06-03;165000
27242;27242;2020-06-03;146700
27243;27243;2020-06-03;130000
27244;27244;2020-06-03;275000
27245;27245;2020-06-03;87990
27246;27246;2020-06-03;146000
27247;27247;2020-06-03;185000
27248;27248;2020-06-03;182500
27249;27249;2020-06-03;243750
27250;27250;2020-06-03;180000
27251;27251;2020-06-03;350000
27252;27252;2020-06-03;162540
27253;27253;2020-06-03;160000
27254;27254;2020-06-03;93000
27255;27255;2020-06-03;300000
27256;27256;2020-06-03;85000
27257;27257;2020-06-03;262000
27258;27258;2020-06-03;82000
27259;27259;2020-06-03;86000
27260;27260;2020-06-03;89335
27261;27261;2020-06-03;140500
27262;27262;2020-06-03;213097
27263;27263;2020-06-03;145000
27264;27264;2020-06-03;75000
27265;27265;2020-06-03;66000
27266;27266;2020-06-03;52500
27267;27267;2020-06-03;43000
27268;27268;2020-06-03;334000
27269;27269;2020-06-03;155000
27270;27270;2020-06-03;233050
27271;27271;2020-06-03;130000
27272;27272;2020-06-03;50000
27273;27273;2020-06-03;66100
27274;27274;2020-06-03;53000
27275;27275;2020-06-03;30000
27276;27276;2020-06-03;88350
27277;27277;2020-06-03;157000
27278;27278;2020-06-03;100000
27279;27279;2020-06-03;241000
27280;27280;2020-06-03;204400
27281;27281;2020-06-03;190000
27282;27282;2020-06-03;75500
27283;27283;2020-06-03;65000
27284;27284;2020-06-03;64000
27285;27285;2020-06-03;109500
27286;27286;2020-06-03;71500
27287;27287;2020-06-03;90700
27288;27288;2020-06-03;102500
27289;27289;2020-06-03;111665
27290;27290;2020-06-03;98000
27291;27291;2020-06-03;122650
27292;27292;2020-06-03;70580
27293;27293;2020-06-03;150000
27294;27294;2020-06-03;91500
27295;27295;2020-06-03;80000
27296;27296;2020-06-03;160500
27297;27297;2020-06-03;136010
27298;27298;2020-06-03;94000
27299;27299;2020-06-03;216000
27300;27300;2020-06-03;119000
27301;27301;2020-06-03;265000
27302;27302;2020-06-03;126000
27303;27303;2020-06-03;72000
27304;27304;2020-06-03;100700
27305;27305;2020-06-03;132000
27306;27306;2020-06-03;16400
27307;27307;2020-06-03;53000
27308;27308;2020-06-03;60000
27309;27309;2020-06-03;65500
27310;27310;2020-06-03;100000
27311;27311;2020-06-03;125000
27312;27312;2020-06-03;189000
27313;27313;2020-06-03;221500
27314;27314;2020-06-03;210000
27315;27315;2020-06-03;387000
27316;27316;2020-06-03;429000
27317;27317;2020-06-03;346000
27318;27318;2020-06-03;431700
27319;27319;2020-06-03;255000
27320;27320;2020-06-03;29000
27321;27321;2020-06-03;87000
27322;27322;2020-06-03;80000
27323;27323;2020-06-03;102500
27324;27324;2020-06-03;36000
27325;27325;2020-06-03;123000
27326;27326;2020-06-03;46284
27327;27327;2020-06-03;308800
27328;27328;2020-06-03;348000
27329;27329;2020-06-03;180500
27330;27330;2020-06-03;265000
27331;27331;2020-06-03;230000
27332;27332;2020-06-03;210000
27333;27333;2020-06-03;323000
27334;27334;2020-06-03;400000
27335;27335;2020-06-03;260000
27336;27336;2020-06-03;423815
27337;27337;2020-06-03;285000
27338;27338;2020-06-03;1487000
27339;27339;2020-06-03;330000
27340;27340;2020-06-03;1724500
27341;27341;2020-06-03;587650
27342;27342;2020-06-03;319295
27343;27343;2020-06-03;220370
27344;27344;2020-06-03;347100
27345;27345;2020-06-03;198600
27346;27346;2020-06-03;185000
27347;27347;2020-06-03;165000
27348;27348;2020-06-03;433300
27349;27349;2020-06-03;140000
27350;27350;2020-06-03;303000
27351;27351;2020-06-03;465000
27352;27352;2020-06-03;980000
27353;27353;2020-06-03;403694
27354;27354;2020-06-03;435000
27355;27355;2020-06-03;319000
27356;27356;2020-06-03;439100
27357;27357;2020-06-03;1450000
27358;27358;2020-06-03;860000
27359;27359;2020-06-03;1610000
27360;27360;2020-06-03;897700
27361;27361;2020-06-03;308500
27362;27362;2020-06-03;534600
27363;27363;2020-06-03;535300
27364;27364;2020-06-03;426000
27365;27365;2020-06-03;336950
27366;27366;2020-06-03;242200
27367;27367;2020-06-03;110000
27368;27368;2020-06-03;527500
27369;27369;2020-06-03;318000
27370;27370;2020-06-03;267000
27371;27371;2020-06-03;172000
27372;27372;2020-06-03;395000
27373;27373;2020-06-03;780000
27374;27374;2020-06-03;491500
27375;27375;2020-06-03;1189100
27376;27376;2020-06-03;91000
27377;27377;2020-06-03;171000
27378;27378;2020-06-03;56500
27379;27379;2020-06-03;70000
27380;27380;2020-06-03;80900
27381;27381;2020-06-03;53000
27382;27382;2020-06-03;161200
27383;27383;2020-06-03;143000
27384;27384;2020-06-03;157000
27385;27385;2020-06-03;165000
27386;27386;2020-06-03;150000
27387;27387;2020-06-03;60000
27388;27388;2020-06-03;165094
27389;27389;2020-06-03;286200
27390;27390;2020-06-03;76500
27391;27391;2020-06-03;50500
27392;27392;2020-06-03;175000
27393;27393;2020-06-03;195000
27394;27394;2020-06-03;197000
27395;27395;2020-06-03;316000
27396;27396;2020-06-03;731000
27397;27397;2020-06-03;314000
27398;27398;2020-06-03;220950
27399;27399;2020-06-03;78000
27400;27400;2020-06-03;237000
27401;27401;2020-06-03;180000
27402;27402;2020-06-03;450000
27403;27403;2020-06-03;72000
27404;27404;2020-06-03;95000
27405;27405;2020-06-03;135500
27406;27406;2020-06-03;210150
27407;27407;2020-06-03;200000
27408;27408;2020-06-03;161800
27409;27409;2020-06-03;135000
27410;27410;2020-06-03;52480
27411;27411;2020-06-03;146600
27412;27412;2020-06-03;241200
27413;27413;2020-06-03;92380
27414;27414;2020-06-03;242000
27415;27415;2020-06-03;351550
27416;27416;2020-06-03;104870
27417;27417;2020-06-03;422000
27418;27418;2020-06-03;115700
27419;27419;2020-06-03;206000
27420;27420;2020-06-03;100000
27421;27421;2020-06-03;154000
27422;27422;2020-06-03;73850
27423;27423;2020-06-03;165800
27424;27424;2020-06-03;103600
27425;27425;2020-06-03;77850
27426;27426;2020-06-03;72000
27427;27427;2020-06-03;112500
27428;27428;2020-06-03;80000
27429;27429;2020-06-03;145000
27430;27430;2020-06-03;129970
27431;27431;2020-06-03;106000
27432;27432;2020-06-03;84000
27433;27433;2020-06-03;314000
27434;27434;2020-06-03;292000
27435;27435;2020-06-03;135000
27436;27436;2020-06-03;169500
27437;27437;2020-06-03;158450
27438;27438;2020-06-03;211500
27439;27439;2020-06-03;530000
27440;27440;2020-06-03;262000
27441;27441;2020-06-03;733000
27442;27442;2020-06-03;220730
27443;27443;2020-06-03;322500
27444;27444;2020-06-03;486360
27445;27445;2020-06-03;330000
27446;27446;2020-06-03;776270
27447;27447;2020-06-03;675000
27448;27448;2020-06-03;179300
27449;27449;2020-06-03;50500
27450;27450;2020-06-03;309000
27451;27451;2020-06-03;303000
27452;27452;2020-06-03;182500
27453;27453;2020-06-03;103000
27454;27454;2020-06-03;172000
27455;27455;2020-06-03;132500
27456;27456;2020-06-03;114000
27457;27457;2020-06-03;88000
27458;27458;2020-06-03;125000
27459;27459;2020-06-03;102000
27460;27460;2020-06-03;114400
27461;27461;2020-06-03;179000
27462;27462;2020-06-03;105000
27463;27463;2020-06-03;262270
27464;27464;2020-06-03;290570
27465;27465;2020-06-03;277000
27466;27466;2020-06-03;300000
27467;27467;2020-06-03;579060
27468;27468;2020-06-03;105000
27469;27469;2020-06-03;410000
27470;27470;2020-06-03;340000
27471;27471;2020-06-03;139500
27472;27472;2020-06-03;379000
27473;27473;2020-06-03;195000
27474;27474;2020-06-03;160500
27475;27475;2020-06-03;275000
27476;27476;2020-06-03;383000
27477;27477;2020-06-03;235000
27478;27478;2020-06-03;165000
27479;27479;2020-06-03;177000
27480;27480;2020-06-03;480000
27481;27481;2020-06-03;182400
27482;27482;2020-06-03;514500
27483;27483;2020-06-03;190000
27484;27484;2020-06-03;231000
27485;27485;2020-06-03;92000
27486;27486;2020-06-03;162750
27487;27487;2020-06-03;260000
27488;27488;2020-06-03;125000
27489;27489;2020-06-03;170000
27490;27490;2020-06-03;339182
27491;27491;2020-06-03;225200
27492;27492;2020-06-03;182300
27493;27493;2020-06-03;346500
27494;27494;2020-06-03;370000
27495;27495;2020-06-03;138000
27496;27496;2020-06-03;147000
27497;27497;2020-06-03;230000
27498;27498;2020-06-03;160000
27499;27499;2020-06-03;235000
27500;27500;2020-06-04;243000
27501;27501;2020-06-04;100000
27502;27502;2020-06-04;100000
27503;27503;2020-06-04;44000
27504;27504;2020-06-04;33000
27505;27505;2020-06-04;189500
27506;27506;2020-06-04;41000
27507;27507;2020-06-04;272600
27508;27508;2020-06-04;352960
27509;27509;2020-06-04;780000
27510;27510;2020-06-04;131600
27511;27511;2020-06-04;48600
27512;27512;2020-06-04;119000
27513;27513;2020-06-04;130000
27514;27514;2020-06-04;127000
27515;27515;2020-06-04;105000
27516;27516;2020-06-04;300000
27517;27517;2020-06-04;62500
27518;27518;2020-06-04;51000
27519;27519;2020-06-04;50000
27520;27520;2020-06-04;136000
27521;27521;2020-06-04;86000
27522;27522;2020-06-04;73300
27523;27523;2020-06-04;39000
27524;27524;2020-06-04;64000
27525;27525;2020-06-04;245000
27526;27526;2020-06-04;76000
27527;27527;2020-06-04;337410
27528;27528;2020-06-04;200000
27529;27529;2020-06-04;157000
27530;27530;2020-06-04;115000
27531;27531;2020-06-04;65000
27532;27532;2020-06-04;235000
27533;27533;2020-06-04;100000
27534;27534;2020-06-04;191500
27535;27535;2020-06-04;35000
27536;27536;2020-06-04;130000
27537;27537;2020-06-04;72800
27538;27538;2020-06-04;108100
27539;27539;2020-06-04;66000
27540;27540;2020-06-04;91400
27541;27541;2020-06-04;197750
27542;27542;2020-06-04;114600
27543;27543;2020-06-04;98500
27544;27544;2020-06-04;193000
27545;27545;2020-06-04;173750
27546;27546;2020-06-04;85000
27547;27547;2020-06-04;87000
27548;27548;2020-06-04;80000
27549;27549;2020-06-04;70000
27550;27550;2020-06-04;133000
27551;27551;2020-06-04;68000
27552;27552;2020-06-04;106000
27553;27553;2020-06-04;119500
27554;27554;2020-06-04;218050
27555;27555;2020-06-04;44000
27556;27556;2020-06-04;167900
27557;27557;2020-06-04;122670
27558;27558;2020-06-04;32000
27559;27559;2020-06-04;229000
27560;27560;2020-06-04;166150
27561;27561;2020-06-04;158100
27562;27562;2020-06-04;190075
27563;27563;2020-06-04;192000
27564;27564;2020-06-04;183000
27565;27565;2020-06-04;100000
27566;27566;2020-06-04;368500
27567;27567;2020-06-04;450000
27568;27568;2020-06-04;415833
27569;27569;2020-06-04;246000
27570;27570;2020-06-04;205000
27571;27571;2020-06-04;105000
27572;27572;2020-06-04;182000
27573;27573;2020-06-04;82000
27574;27574;2020-06-04;249000
27575;27575;2020-06-04;160194
27576;27576;2020-06-04;84650
27577;27577;2020-06-04;61000
27578;27578;2020-06-04;200000
27579;27579;2020-06-04;110000
27580;27580;2020-06-04;167200
27581;27581;2020-06-04;149000
27582;27582;2020-06-04;55000
27583;27583;2020-06-04;79000
27584;27584;2020-06-04;118000
27585;27585;2020-06-04;130000
27586;27586;2020-06-04;84000
27587;27587;2020-06-04;49300
27588;27588;2020-06-04;108470
27589;27589;2020-06-04;62700
27590;27590;2020-06-04;84000
27591;27591;2020-06-04;125000
27592;27592;2020-06-04;121800
27593;27593;2020-06-04;169000
27594;27594;2020-06-04;250000
27595;27595;2020-06-04;89000
27596;27596;2020-06-04;65000
27597;27597;2020-06-04;187000
27598;27598;2020-06-04;60500
27599;27599;2020-06-04;106000
27600;27600;2020-06-04;49500
27601;27601;2020-06-04;165000
27602;27602;2020-06-04;37000
27603;27603;2020-06-04;54500
27604;27604;2020-06-04;49500
27605;27605;2020-06-04;31000
27606;27606;2020-06-04;96500
27607;27607;2020-06-04;157000
27608;27608;2020-06-04;51500
27609;27609;2020-06-04;69000
27610;27610;2020-06-04;31725
27611;27611;2020-06-04;91160
27612;27612;2020-06-04;59300
27613;27613;2020-06-04;102500
27614;27614;2020-06-04;104000
27615;27615;2020-06-04;138050
27616;27616;2020-06-04;61000
27617;27617;2020-06-04;56500
27618;27618;2020-06-04;86000
27619;27619;2020-06-04;130500
27620;27620;2020-06-04;150000
27621;27621;2020-06-04;133000
27622;27622;2020-06-04;125000
27623;27623;2020-06-04;92900
27624;27624;2020-06-04;93500
27625;27625;2020-06-04;100000
27626;27626;2020-06-04;90000
27627;27627;2020-06-04;140000
27628;27628;2020-06-04;100000
27629;27629;2020-06-04;6000
27630;27630;2020-06-04;357965
27631;27631;2020-06-04;9500
27632;27632;2020-06-04;52600
27633;27633;2020-06-04;318250
27634;27634;2020-06-04;90000
27635;27635;2020-06-04;30000
27636;27636;2020-06-04;162000
27637;27637;2020-06-04;192660
27638;27638;2020-06-04;308000
27639;27639;2020-06-04;255545
27640;27640;2020-06-04;387600
27641;27641;2020-06-04;181820
27642;27642;2020-06-04;100000
27643;27643;2020-06-04;170000
27644;27644;2020-06-04;112000
27645;27645;2020-06-04;189900
27646;27646;2020-06-04;65000
27647;27647;2020-06-04;485325
27648;27648;2020-06-04;295000
27649;27649;2020-06-04;306000
27650;27650;2020-06-04;255000
27651;27651;2020-06-04;170000
27652;27652;2020-06-04;800000
27653;27653;2020-06-04;184000
27654;27654;2020-06-04;99250
27655;27655;2020-06-04;357000
27656;27656;2020-06-04;232625
27657;27657;2020-06-04;1630000
27658;27658;2020-06-04;2703385
27659;27659;2020-06-04;298000
27660;27660;2020-06-04;285000
27661;27661;2020-06-04;870000
27662;27662;2020-06-04;1600000
27663;27663;2020-06-04;1809950
27664;27664;2020-06-04;300000
27665;27665;2020-06-04;425000
27666;27666;2020-06-04;769000
27667;27667;2020-06-04;215000
27668;27668;2020-06-04;200000
27669;27669;2020-06-04;600000
27670;27670;2020-06-04;448000
27671;27671;2020-06-04;603113
27672;27672;2020-06-04;472000
27673;27673;2020-06-04;795000
27674;27674;2020-06-04;286000
27675;27675;2020-06-04;142656
27676;27676;2020-06-04;740000
27677;27677;2020-06-04;350000
27678;27678;2020-06-04;227000
27679;27679;2020-06-04;475000
27680;27680;2020-06-04;258000
27681;27681;2020-06-04;835000
27682;27682;2020-06-04;6500000
27683;27683;2020-06-04;551594
27684;27684;2020-06-04;1074850
27685;27685;2020-06-04;127400
27686;27686;2020-06-04;255550
27687;27687;2020-06-04;380000
27688;27688;2020-06-04;1020000
27689;27689;2020-06-04;379000
27690;27690;2020-06-04;453000
27691;27691;2020-06-04;159000
27692;27692;2020-06-04;468000
27693;27693;2020-06-04;148000
27694;27694;2020-06-04;1300000
27695;27695;2020-06-04;285000
27696;27696;2020-06-04;235000
27697;27697;2020-06-04;88000
27698;27698;2020-06-04;240000
27699;27699;2020-06-04;190000
27700;27700;2020-06-04;281500
27701;27701;2020-06-04;169000
27702;27702;2020-06-04;272700
27703;27703;2020-06-04;322000
27704;27704;2020-06-04;310000
27705;27705;2020-06-04;242500
27706;27706;2020-06-04;414000
27707;27707;2020-06-04;415200
27708;27708;2020-06-04;499000
27709;27709;2020-06-04;875000
27710;27710;2020-06-04;345800
27711;27711;2020-06-04;186000
27712;27712;2020-06-04;47000
27713;27713;2020-06-04;54000
27714;27714;2020-06-04;56818
27715;27715;2020-06-04;52281
27716;27716;2020-06-04;54340
27717;27717;2020-06-04;53768
27718;27718;2020-06-04;68000
27719;27719;2020-06-04;238000
27720;27720;2020-06-04;230000
27721;27721;2020-06-04;72000
27722;27722;2020-06-04;116000
27723;27723;2020-06-04;123000
27724;27724;2020-06-04;125000
27725;27725;2020-06-04;205000
27726;27726;2020-06-04;194000
27727;27727;2020-06-04;105000
27728;27728;2020-06-04;215000
27729;27729;2020-06-04;179700
27730;27730;2020-06-04;340000
27731;27731;2020-06-04;317000
27732;27732;2020-06-04;102080
27733;27733;2020-06-04;291000
27734;27734;2020-06-04;260000
27735;27735;2020-06-04;158654
27736;27736;2020-06-04;146000
27737;27737;2020-06-04;178000
27738;27738;2020-06-04;248900
27739;27739;2020-06-04;782100
27740;27740;2020-06-04;139500
27741;27741;2020-06-04;283000
27742;27742;2020-06-04;150000
27743;27743;2020-06-04;111000
27744;27744;2020-06-04;175000
27745;27745;2020-06-04;106000
27746;27746;2020-06-04;84000
27747;27747;2020-06-04;244000
27748;27748;2020-06-04;233000
27749;27749;2020-06-04;100000
27750;27750;2020-06-04;108500
27751;27751;2020-06-04;197400
27752;27752;2020-06-04;281600
27753;27753;2020-06-04;308350
27754;27754;2020-06-04;262750
27755;27755;2020-06-04;784500
27756;27756;2020-06-04;111000
27757;27757;2020-06-04;34000
27758;27758;2020-06-04;208860
27759;27759;2020-06-04;65500
27760;27760;2020-06-04;108000
27761;27761;2020-06-04;18000
27762;27762;2020-06-04;290000
27763;27763;2020-06-04;25000
27764;27764;2020-06-04;115000
27765;27765;2020-06-04;226900
27766;27766;2020-06-04;130000
27767;27767;2020-06-04;299000
27768;27768;2020-06-04;80000
27769;27769;2020-06-04;124550
27770;27770;2020-06-04;175000
27771;27771;2020-06-04;108000
27772;27772;2020-06-04;138000
27773;27773;2020-06-04;186000
27774;27774;2020-06-04;74000
27775;27775;2020-06-04;64500
27776;27776;2020-06-04;81000
27777;27777;2020-06-04;160000
27778;27778;2020-06-04;140060
27779;27779;2020-06-04;40700
27780;27780;2020-06-04;28000
27781;27781;2020-06-04;150000
27782;27782;2020-06-04;277000
27783;27783;2020-06-04;275000
27784;27784;2020-06-04;140500
27785;27785;2020-06-04;187000
27786;27786;2020-06-04;151000
27787;27787;2020-06-04;248730
27788;27788;2020-06-04;127000
27789;27789;2020-06-04;299800
27790;27790;2020-06-04;123725
27791;27791;2020-06-04;152000
27792;27792;2020-06-04;31000
27793;27793;2020-06-04;189000
27794;27794;2020-06-04;62500
27795;27795;2020-06-04;91000
27796;27796;2020-06-04;131000
27797;27797;2020-06-04;195000
27798;27798;2020-06-04;205000
27799;27799;2020-06-04;72000
27800;27800;2020-06-04;100000
27801;27801;2020-06-04;448000
27802;27802;2020-06-04;121900
27803;27803;2020-06-04;159000
27804;27804;2020-06-04;129320
27805;27805;2020-06-04;270000
27806;27806;2020-06-04;290500
27807;27807;2020-06-04;212300
27808;27808;2020-06-04;574300
27809;27809;2020-06-04;228500
27810;27810;2020-06-04;325000
27811;27811;2020-06-04;363000
27812;27812;2020-06-04;339500
27813;27813;2020-06-04;500000
27814;27814;2020-06-04;445000
27815;27815;2020-06-04;170000
27816;27816;2020-06-04;294000
27817;27817;2020-06-04;380000
27818;27818;2020-06-04;158000
27819;27819;2020-06-04;270000
27820;27820;2020-06-04;156240
27821;27821;2020-06-04;833000
27822;27822;2020-06-04;342000
27823;27823;2020-06-04;380000
27824;27824;2020-06-04;1190000
27825;27825;2020-06-04;198400
27826;27826;2020-06-04;883560
27827;27827;2020-06-04;150000
27828;27828;2020-06-04;148263
27829;27829;2020-06-04;185000
27830;27830;2020-06-04;110200
27831;27831;2020-06-04;60000
27832;27832;2020-06-04;115900
27833;27833;2020-06-04;157000
27834;27834;2020-06-04;94100
27835;27835;2020-06-04;104000
27836;27836;2020-06-04;299920
27837;27837;2020-06-04;438550
27838;27838;2020-06-04;66500
27839;27839;2020-06-04;195000
27840;27840;2020-06-04;249035
27841;27841;2020-06-04;144500
27842;27842;2020-06-04;214000
27843;27843;2020-06-04;179000
27844;27844;2020-06-04;350000
27845;27845;2020-06-04;117700
27846;27846;2020-06-04;330282
27847;27847;2020-06-04;143000
27848;27848;2020-06-04;169000
27849;27849;2020-06-04;730000
27850;27850;2020-06-04;293020
27851;27851;2020-06-04;206900
27852;27852;2020-06-04;146500
27853;27853;2020-06-04;80874
27854;27854;2020-06-04;198000
27855;27855;2020-06-04;455520
27856;27856;2020-06-04;117000
27857;27857;2020-06-04;128000
27858;27858;2020-06-04;84500
27859;27859;2020-06-04;103000
27860;27860;2020-06-04;208000
27861;27861;2020-06-04;174010
27862;27862;2020-06-04;183000
27863;27863;2020-06-04;172000
27864;27864;2020-06-04;189500
27865;27865;2020-06-04;167000
27866;27866;2020-06-04;201000
27867;27867;2020-06-04;195000
27868;27868;2020-06-04;165000
27869;27869;2020-06-04;448000
27870;27870;2020-06-04;160000
27871;27871;2020-06-04;248000
27872;27872;2020-06-04;156000
27873;27873;2020-06-04;175000
27874;27874;2020-06-04;170000
27875;27875;2020-06-05;75000
27876;27876;2020-06-05;47500
27877;27877;2020-06-05;70000
27878;27878;2020-06-05;63000
27879;27879;2020-06-05;220000
27880;27880;2020-06-05;55000
27881;27881;2020-06-05;181000
27882;27882;2020-06-05;212000
27883;27883;2020-06-05;136000
27884;27884;2020-06-05;190000
27885;27885;2020-06-05;1050000
27886;27886;2020-06-05;63500
27887;27887;2020-06-05;250000
27888;27888;2020-06-05;390000
27889;27889;2020-06-05;138800
27890;27890;2020-06-05;102700
27891;27891;2020-06-05;675000
27892;27892;2020-06-05;293000
27893;27893;2020-06-05;142400
27894;27894;2020-06-05;137000
27895;27895;2020-06-05;202000
27896;27896;2020-06-05;425000
27897;27897;2020-06-05;214765
27898;27898;2020-06-05;50000
27899;27899;2020-06-05;67000
27900;27900;2020-06-05;67500
27901;27901;2020-06-05;118000
27902;27902;2020-06-05;58000
27903;27903;2020-06-05;52500
27904;27904;2020-06-05;75000
27905;27905;2020-06-05;105000
27906;27906;2020-06-05;85000
27907;27907;2020-06-05;90898
27908;27908;2020-06-05;136000
27909;27909;2020-06-05;104500
27910;27910;2020-06-05;155370
27911;27911;2020-06-05;
27912;27912;2020-06-05;80000
27913;27913;2020-06-05;79700
27914;27914;2020-06-05;58000
27915;27915;2020-06-05;40000
27916;27916;2020-06-05;53000
27917;27917;2020-06-05;62000
27918;27918;2020-06-05;76000
27919;27919;2020-06-05;154650
27920;27920;2020-06-05;179000
27921;27921;2020-06-05;126500
27922;27922;2020-06-05;217000
27923;27923;2020-06-05;64750
27924;27924;2020-06-05;87000
27925;27925;2020-06-05;73000
27926;27926;2020-06-05;188500
27927;27927;2020-06-05;63060
27928;27928;2020-06-05;88350
27929;27929;2020-06-05;222950
27930;27930;2020-06-05;64000
27931;27931;2020-06-05;572000
27932;27932;2020-06-05;51500
27933;27933;2020-06-05;106000
27934;27934;2020-06-05;142000
27935;27935;2020-06-05;60000
27936;27936;2020-06-05;93500
27937;27937;2020-06-05;157000
27938;27938;2020-06-05;207500
27939;27939;2020-06-05;75229
27940;27940;2020-06-05;91000
27941;27941;2020-06-05;222500
27942;27942;2020-06-05;400000
27943;27943;2020-06-05;223000
27944;27944;2020-06-05;591000
27945;27945;2020-06-05;128000
27946;27946;2020-06-05;70800
27947;27947;2020-06-05;162500
27948;27948;2020-06-05;87303
27949;27949;2020-06-05;55000
27950;27950;2020-06-05;147048
27951;27951;2020-06-05;279000
27952;27952;2020-06-05;56000
27953;27953;2020-06-05;83600
27954;27954;2020-06-05;144400
27955;27955;2020-06-05;95000
27956;27956;2020-06-05;86903
27957;27957;2020-06-05;254500
27958;27958;2020-06-05;67000
27959;27959;2020-06-05;72400
27960;27960;2020-06-05;125000
27961;27961;2020-06-05;227500
27962;27962;2020-06-05;52000
27963;27963;2020-06-05;85000
27964;27964;2020-06-05;341900
27965;27965;2020-06-05;190000
27966;27966;2020-06-05;126530
27967;27967;2020-06-05;63700
27968;27968;2020-06-05;107500
27969;27969;2020-06-05;153500
27970;27970;2020-06-05;85000
27971;27971;2020-06-05;133000
27972;27972;2020-06-05;132000
27973;27973;2020-06-05;92423
27974;27974;2020-06-05;240000
27975;27975;2020-06-05;108490
27976;27976;2020-06-05;85000
27977;27977;2020-06-05;110000
27978;27978;2020-06-05;124000
27979;27979;2020-06-05;140000
27980;27980;2020-06-05;48600
27981;27981;2020-06-05;76000
27982;27982;2020-06-05;95500
27983;27983;2020-06-05;56000
27984;27984;2020-06-05;105000
27985;27985;2020-06-05;230700
27986;27986;2020-06-05;132050
27987;27987;2020-06-05;69000
27988;27988;2020-06-05;149900
27989;27989;2020-06-05;156900
27990;27990;2020-06-05;90000
27991;27991;2020-06-05;89000
27992;27992;2020-06-05;130892
27993;27993;2020-06-05;56000
27994;27994;2020-06-05;29400
27995;27995;2020-06-05;71900
27996;27996;2020-06-05;44500
27997;27997;2020-06-05;34500
27998;27998;2020-06-05;132000
27999;27999;2020-06-05;152000
28000;28000;2020-06-05;125000
28001;28001;2020-06-05;82000
28002;28002;2020-06-05;97240
28003;28003;2020-06-05;186500
28004;28004;2020-06-05;58000
28005;28005;2020-06-05;415000
28006;28006;2020-06-05;190000
28007;28007;2020-06-05;190000
28008;28008;2020-06-05;360000
28009;28009;2020-06-05;130000
28010;28010;2020-06-05;135000
28011;28011;2020-06-05;404000
28012;28012;2020-06-05;95000
28013;28013;2020-06-05;84000
28014;28014;2020-06-05;97600
28015;28015;2020-06-05;136250
28016;28016;2020-06-05;76900
28017;28017;2020-06-05;180000
28018;28018;2020-06-05;168000
28019;28019;2020-06-05;124000
28020;28020;2020-06-05;34515
28021;28021;2020-06-05;220000
28022;28022;2020-06-05;80000
28023;28023;2020-06-05;53050
28024;28024;2020-06-05;195300
28025;28025;2020-06-05;133000
28026;28026;2020-06-05;26000
28027;28027;2020-06-05;160000
28028;28028;2020-06-05;45000
28029;28029;2020-06-05;33000
28030;28030;2020-06-05;242000
28031;28031;2020-06-05;160000
28032;28032;2020-06-05;150500
28033;28033;2020-06-05;60000
28034;28034;2020-06-05;107800
28035;28035;2020-06-05;52000
28036;28036;2020-06-05;100000
28037;28037;2020-06-05;117000
28038;28038;2020-06-05;129740
28039;28039;2020-06-05;102000
28040;28040;2020-06-05;55500
28041;28041;2020-06-05;62700
28042;28042;2020-06-05;135000
28043;28043;2020-06-05;205000
28044;28044;2020-06-05;213000
28045;28045;2020-06-05;83000
28046;28046;2020-06-05;200500
28047;28047;2020-06-05;146500
28048;28048;2020-06-05;145500
28049;28049;2020-06-05;101450
28050;28050;2020-06-05;259000
28051;28051;2020-06-05;58290
28052;28052;2020-06-05;238585
28053;28053;2020-06-05;177500
28054;28054;2020-06-05;54000
28055;28055;2020-06-05;68200
28056;28056;2020-06-05;75000
28057;28057;2020-06-05;49000
28058;28058;2020-06-05;82000
28059;28059;2020-06-05;66043
28060;28060;2020-06-05;75000
28061;28061;2020-06-05;106000
28062;28062;2020-06-05;101000
28063;28063;2020-06-05;47000
28064;28064;2020-06-05;133000
28065;28065;2020-06-05;62500
28066;28066;2020-06-05;73000
28067;28067;2020-06-05;69000
28068;28068;2020-06-05;57726
28069;28069;2020-06-05;325500
28070;28070;2020-06-05;76500
28071;28071;2020-06-05;267000
28072;28072;2020-06-05;97650
28073;28073;2020-06-05;98770
28074;28074;2020-06-05;145450
28075;28075;2020-06-05;138000
28076;28076;2020-06-05;140000
28077;28077;2020-06-05;419800
28078;28078;2020-06-05;210160
28079;28079;2020-06-05;136500
28080;28080;2020-06-05;369090
28081;28081;2020-06-05;155000
28082;28082;2020-06-05;534000
28083;28083;2020-06-05;175400
28084;28084;2020-06-05;200000
28085;28085;2020-06-05;259000
28086;28086;2020-06-05;109250
28087;28087;2020-06-05;130750
28088;28088;2020-06-05;177000
28089;28089;2020-06-05;170000
28090;28090;2020-06-05;293500
28091;28091;2020-06-05;250000
28092;28092;2020-06-05;577700
28093;28093;2020-06-05;487500
28094;28094;2020-06-05;210000
28095;28095;2020-06-05;412900
28096;28096;2020-06-05;395000
28097;28097;2020-06-05;135000
28098;28098;2020-06-05;171900
28099;28099;2020-06-05;346500
28100;28100;2020-06-05;274200
28101;28101;2020-06-05;206000
28102;28102;2020-06-05;182351
28103;28103;2020-06-05;130000
28104;28104;2020-06-05;48300
28105;28105;2020-06-05;120000
28106;28106;2020-06-05;116000
28107;28107;2020-06-05;56000
28108;28108;2020-06-05;120000
28109;28109;2020-06-05;10000
28110;28110;2020-06-05;838910
28111;28111;2020-06-05;101080
28112;28112;2020-06-05;330210
28113;28113;2020-06-05;815000
28114;28114;2020-06-05;610000
28115;28115;2020-06-05;1340000
28116;28116;2020-06-05;2100000
28117;28117;2020-06-05;15000
28118;28118;2020-06-05;257040
28119;28119;2020-06-05;340000
28120;28120;2020-06-05;89500
28121;28121;2020-06-05;307000
28122;28122;2020-06-05;560000
28123;28123;2020-06-05;230650
28124;28124;2020-06-05;463000
28125;28125;2020-06-05;269000
28126;28126;2020-06-05;300000
28127;28127;2020-06-05;498000
28128;28128;2020-06-05;331000
28129;28129;2020-06-05;130000
28130;28130;2020-06-05;478900
28131;28131;2020-06-05;259500
28132;28132;2020-06-05;605000
28133;28133;2020-06-05;986000
28134;28134;2020-06-05;1000000
28135;28135;2020-06-05;607000
28136;28136;2020-06-05;1930000
28137;28137;2020-06-05;141500
28138;28138;2020-06-05;295000
28139;28139;2020-06-05;147100
28140;28140;2020-06-05;600000
28141;28141;2020-06-05;940000
28142;28142;2020-06-05;410000
28143;28143;2020-06-05;261905
28144;28144;2020-06-05;374750
28145;28145;2020-06-05;191500
28146;28146;2020-06-05;1570000
28147;28147;2020-06-05;1290000
28148;28148;2020-06-05;823450
28149;28149;2020-06-05;1110000
28150;28150;2020-06-05;2275000
28151;28151;2020-06-05;130000
28152;28152;2020-06-05;466800
28153;28153;2020-06-05;465000
28154;28154;2020-06-05;259200
28155;28155;2020-06-05;759000
28156;28156;2020-06-05;724000
28157;28157;2020-06-05;208000
28158;28158;2020-06-05;152000
28159;28159;2020-06-05;495000
28160;28160;2020-06-05;875250
28161;28161;2020-06-05;797300
28162;28162;2020-06-05;380000
28163;28163;2020-06-05;246700
28164;28164;2020-06-05;357000
28165;28165;2020-06-05;183000
28166;28166;2020-06-05;610755
28167;28167;2020-06-05;205000
28168;28168;2020-06-05;257000
28169;28169;2020-06-05;465000
28170;28170;2020-06-05;172000
28171;28171;2020-06-05;504292
28172;28172;2020-06-05;525000
28173;28173;2020-06-05;320000
28174;28174;2020-06-05;800000
28175;28175;2020-06-05;770000
28176;28176;2020-06-05;470000
28177;28177;2020-06-05;72500
28178;28178;2020-06-05;246100
28179;28179;2020-06-05;53200
28180;28180;2020-06-05;64000
28181;28181;2020-06-05;166500
28182;28182;2020-06-05;392500
28183;28183;2020-06-05;60000
28184;28184;2020-06-05;145000
28185;28185;2020-06-05;266000
28186;28186;2020-06-05;405000
28187;28187;2020-06-05;176020
28188;28188;2020-06-05;155900
28189;28189;2020-06-05;181600
28190;28190;2020-06-05;249600
28191;28191;2020-06-05;182000
28192;28192;2020-06-05;297000
28193;28193;2020-06-05;82000
28194;28194;2020-06-05;90000
28195;28195;2020-06-05;112750
28196;28196;2020-06-05;68000
28197;28197;2020-06-05;179000
28198;28198;2020-06-05;180000
28199;28199;2020-06-05;180000
28200;28200;2020-06-05;403200
28201;28201;2020-06-05;199000
28202;28202;2020-06-05;143000
28203;28203;2020-06-05;140000
28204;28204;2020-06-05;180500
28205;28205;2020-06-05;307000
28206;28206;2020-06-05;101500
28207;28207;2020-06-05;202000
28208;28208;2020-06-05;117500
28209;28209;2020-06-05;154000
28210;28210;2020-06-05;220000
28211;28211;2020-06-05;157000
28212;28212;2020-06-05;80000
28213;28213;2020-06-05;262000
28214;28214;2020-06-05;188000
28215;28215;2020-06-05;282536
28216;28216;2020-06-05;557000
28217;28217;2020-06-05;96000
28218;28218;2020-06-05;157000
28219;28219;2020-06-05;149000
28220;28220;2020-06-05;355000
28221;28221;2020-06-05;164000
28222;28222;2020-06-05;171920
28223;28223;2020-06-05;460000
28224;28224;2020-06-05;177000
28225;28225;2020-06-05;274000
28226;28226;2020-06-05;235500
28227;28227;2020-06-05;302000
28228;28228;2020-06-05;417720
28229;28229;2020-06-05;296000
28230;28230;2020-06-05;274350
28231;28231;2020-06-05;246400
28232;28232;2020-06-05;326500
28233;28233;2020-06-05;172000
28234;28234;2020-06-05;541650
28235;28235;2020-06-05;208000
28236;28236;2020-06-05;605000
28237;28237;2020-06-05;99000
28238;28238;2020-06-05;145000
28239;28239;2020-06-05;257500
28240;28240;2020-06-05;245000
28241;28241;2020-06-05;581000
28242;28242;2020-06-05;290000
28243;28243;2020-06-05;57500
28244;28244;2020-06-05;165000
28245;28245;2020-06-05;189000
28246;28246;2020-06-05;140950
28247;28247;2020-06-05;56000
28248;28248;2020-06-05;51210
28249;28249;2020-06-05;99220
28250;28250;2020-06-05;158500
28251;28251;2020-06-05;155500
28252;28252;2020-06-05;200650
28253;28253;2020-06-05;203000
28254;28254;2020-06-05;278000
28255;28255;2020-06-05;175000
28256;28256;2020-06-05;46000
28257;28257;2020-06-05;155000
28258;28258;2020-06-05;122000
28259;28259;2020-06-05;184000
28260;28260;2020-06-05;48000
28261;28261;2020-06-05;252628
28262;28262;2020-06-05;77000
28263;28263;2020-06-05;131680
28264;28264;2020-06-05;49000
28265;28265;2020-06-05;248000
28266;28266;2020-06-05;165000
28267;28267;2020-06-05;80830
28268;28268;2020-06-05;29010
28269;28269;2020-06-05;46000
28270;28270;2020-06-05;36000
28271;28271;2020-06-05;47000
28272;28272;2020-06-05;130000
28273;28273;2020-06-05;155000
28274;28274;2020-06-05;155000
28275;28275;2020-06-05;175000
28276;28276;2020-06-05;139350
28277;28277;2020-06-05;292000
28278;28278;2020-06-05;274500
28279;28279;2020-06-05;102000
28280;28280;2020-06-05;239000
28281;28281;2020-06-05;120000
28282;28282;2020-06-05;154850
28283;28283;2020-06-05;235000
28284;28284;2020-06-05;258000
28285;28285;2020-06-05;494000
28286;28286;2020-06-05;424500
28287;28287;2020-06-05;225000
28288;28288;2020-06-05;185000
28289;28289;2020-06-05;389300
28290;28290;2020-06-05;315000
28291;28291;2020-06-05;319000
28292;28292;2020-06-05;419000
28293;28293;2020-06-05;121030
28294;28294;2020-06-05;970000
28295;28295;2020-06-05;408900
28296;28296;2020-06-05;195000
28297;28297;2020-06-05;490800
28298;28298;2020-06-05;218005
28299;28299;2020-06-05;310000
28300;28300;2020-06-05;460000
28301;28301;2020-06-05;406300
28302;28302;2020-06-05;1220000
28303;28303;2020-06-05;390825
28304;28304;2020-06-05;327488
28305;28305;2020-06-05;230000
28306;28306;2020-06-05;200000
28307;28307;2020-06-05;590000
28308;28308;2020-06-05;287500
28309;28309;2020-06-05;170000
28310;28310;2020-06-05;172000
28311;28311;2020-06-05;770000
28312;28312;2020-06-05;148000
28313;28313;2020-06-05;120000
28314;28314;2020-06-05;192500
28315;28315;2020-06-05;174000
28316;28316;2020-06-05;299900
28317;28317;2020-06-05;147000
28318;28318;2020-06-05;149000
28319;28319;2020-06-05;658627
28320;28320;2020-06-05;114000
28321;28321;2020-06-05;153000
28322;28322;2020-06-05;390000
28323;28323;2020-06-05;122500
28324;28324;2020-06-05;208840
28325;28325;2020-06-05;115000
28326;28326;2020-06-05;120000
28327;28327;2020-06-05;134000
28328;28328;2020-06-05;230900
28329;28329;2020-06-05;162000
28330;28330;2020-06-05;240000
28331;28331;2020-06-05;395000
28332;28332;2020-06-05;218000
28333;28333;2020-06-05;141500
28334;28334;2020-06-05;179816
28335;28335;2020-06-05;78000
28336;28336;2020-06-05;327500
28337;28337;2020-06-05;520000
28338;28338;2020-06-05;232000
28339;28339;2020-06-05;173000
28340;28340;2020-06-05;390600
28341;28341;2020-06-05;225000
28342;28342;2020-06-05;346000
28343;28343;2020-06-05;415000
28344;28344;2020-06-05;105000
28345;28345;2020-06-05;175000
28346;28346;2020-06-05;340000
28347;28347;2020-06-05;57000
28348;28348;2020-06-05;335000
28349;28349;2020-06-05;476000
28350;28350;2020-06-05;542770
28351;28351;2020-06-05;208000
28352;28352;2020-06-05;233000
28353;28353;2020-06-05;212820
28354;28354;2020-06-05;193000
28355;28355;2020-06-05;124000
28356;28356;2020-06-05;105000
28357;28357;2020-06-05;68700
28358;28358;2020-06-05;189000
28359;28359;2020-06-05;115000
28360;28360;2020-06-05;172600
28361;28361;2020-06-05;182500
28362;28362;2020-06-05;135000
28363;28363;2020-06-05;150000
28364;28364;2020-06-05;230000
28365;28365;2020-06-05;91000
28366;28366;2020-06-05;136000
28367;28367;2020-06-05;280000
28368;28368;2020-06-05;127000
28369;28369;2020-06-05;299000
28370;28370;2020-06-05;229000
28371;28371;2020-06-05;156950
28372;28372;2020-06-05;280000
28373;28373;2020-06-05;149900
28374;28374;2020-06-05;126000
28375;28375;2020-06-05;109000
28376;28376;2020-06-05;148000
28377;28377;2020-06-05;225000
28378;28378;2020-06-05;128000
28379;28379;2020-06-05;229730
28380;28380;2020-06-05;195000
28381;28381;2020-06-05;235000
28382;28382;2020-06-05;270500
28383;28383;2020-06-05;65000
28384;28384;2020-06-06;20140
28385;28385;2020-06-06;78500
28386;28386;2020-06-06;33000
28387;28387;2020-06-06;152600
28388;28388;2020-06-06;66500
28389;28389;2020-06-06;69000
28390;28390;2020-06-06;34500
28391;28391;2020-06-06;50000
28392;28392;2020-06-06;90000
28393;28393;2020-06-06;84000
28394;28394;2020-06-06;90000
28395;28395;2020-06-06;206000
28396;28396;2020-06-06;67500
28397;28397;2020-06-06;145000
28398;28398;2020-06-06;38000
28399;28399;2020-06-06;62000
28400;28400;2020-06-06;127500
28401;28401;2020-06-06;60000
28402;28402;2020-06-06;59500
28403;28403;2020-06-06;169000
28404;28404;2020-06-06;145300
28405;28405;2020-06-06;245450
28406;28406;2020-06-06;70000
28407;28407;2020-06-06;105000
28408;28408;2020-06-06;58000
28409;28409;2020-06-06;75000
28410;28410;2020-06-06;9000
28411;28411;2020-06-06;186500
28412;28412;2020-06-06;167000
28413;28413;2020-06-06;480750
28414;28414;2020-06-06;122000
28415;28415;2020-06-06;112000
28416;28416;2020-06-06;33000
28417;28417;2020-06-06;135000
28418;28418;2020-06-06;69000
28419;28419;2020-06-06;181000
28420;28420;2020-06-06;68000
28421;28421;2020-06-06;115000
28422;28422;2020-06-06;139900
28423;28423;2020-06-06;379000
28424;28424;2020-06-06;117000
28425;28425;2020-06-07;22600
28426;28426;2020-06-07;131550
28427;28427;2020-06-08;43000
28428;28428;2020-06-08;85000
28429;28429;2020-06-08;75000
28430;28430;2020-06-08;278800
28431;28431;2020-06-08;89000
28432;28432;2020-06-08;120000
28433;28433;2020-06-08;130000
28434;28434;2020-06-08;179000
28435;28435;2020-06-08;274000
28436;28436;2020-06-08;186600
28437;28437;2020-06-08;214000
28438;28438;2020-06-08;105000
28439;28439;2020-06-08;183950
28440;28440;2020-06-08;394000
28441;28441;2020-06-08;103000
28442;28442;2020-06-08;78000
28443;28443;2020-06-08;56100
28444;28444;2020-06-08;210800
28445;28445;2020-06-08;89000
28446;28446;2020-06-08;96150
28447;28447;2020-06-08;410000
28448;28448;2020-06-08;116000
28449;28449;2020-06-08;352760
28450;28450;2020-06-08;230000
28451;28451;2020-06-08;117800
28452;28452;2020-06-08;85000
28453;28453;2020-06-08;161800
28454;28454;2020-06-08;77600
28455;28455;2020-06-08;254000
28456;28456;2020-06-08;58000
28457;28457;2020-06-08;320000
28458;28458;2020-06-08;114850
28459;28459;2020-06-08;79000
28460;28460;2020-06-08;113905
28461;28461;2020-06-08;41550
28462;28462;2020-06-08;98000
28463;28463;2020-06-08;141238
28464;28464;2020-06-08;135000
28465;28465;2020-06-08;118800
28466;28466;2020-06-08;145800
28467;28467;2020-06-08;104240
28468;28468;2020-06-08;55000
28469;28469;2020-06-08;69473
28470;28470;2020-06-08;153750
28471;28471;2020-06-08;148500
28472;28472;2020-06-08;87400
28473;28473;2020-06-08;140000
28474;28474;2020-06-08;54000
28475;28475;2020-06-08;42000
28476;28476;2020-06-08;117000
28477;28477;2020-06-08;75113
28478;28478;2020-06-08;66240
28479;28479;2020-06-08;136600
28480;28480;2020-06-08;93190
28481;28481;2020-06-08;80913
28482;28482;2020-06-08;117500
28483;28483;2020-06-08;68000
28484;28484;2020-06-08;40850
28485;28485;2020-06-08;88350
28486;28486;2020-06-08;400000
28487;28487;2020-06-08;25000
28488;28488;2020-06-08;196000
28489;28489;2020-06-08;69000
28490;28490;2020-06-08;104000
28491;28491;2020-06-08;441000
28492;28492;2020-06-08;95000
28493;28493;2020-06-08;480000
28494;28494;2020-06-08;89500
28495;28495;2020-06-08;88100
28496;28496;2020-06-08;74530
28497;28497;2020-06-08;378000
28498;28498;2020-06-08;135500
28499;28499;2020-06-08;34000
28500;28500;2020-06-08;49010
28501;28501;2020-06-08;28000
28502;28502;2020-06-08;40000
28503;28503;2020-06-08;124500
28504;28504;2020-06-08;83500
28505;28505;2020-06-08;79249
28506;28506;2020-06-08;138500
28507;28507;2020-06-08;144990
28508;28508;2020-06-08;120000
28509;28509;2020-06-08;150490
28510;28510;2020-06-08;138000
28511;28511;2020-06-08;79000
28512;28512;2020-06-08;27500
28513;28513;2020-06-08;105000
28514;28514;2020-06-08;33300
28515;28515;2020-06-08;104930
28516;28516;2020-06-08;63500
28517;28517;2020-06-08;153000
28518;28518;2020-06-08;160000
28519;28519;2020-06-08;129952
28520;28520;2020-06-08;129000
28521;28521;2020-06-08;145000
28522;28522;2020-06-08;91500
28523;28523;2020-06-08;60000
28524;28524;2020-06-08;565000
28525;28525;2020-06-08;145500
28526;28526;2020-06-08;360000
28527;28527;2020-06-08;131000
28528;28528;2020-06-08;135000
28529;28529;2020-06-08;47500
28530;28530;2020-06-08;27000
28531;28531;2020-06-08;71407
28532;28532;2020-06-08;110000
28533;28533;2020-06-08;138000
28534;28534;2020-06-08;112900
28535;28535;2020-06-08;256400
28536;28536;2020-06-08;126100
28537;28537;2020-06-08;248000
28538;28538;2020-06-08;310000
28539;28539;2020-06-08;617000
28540;28540;2020-06-08;325975
28541;28541;2020-06-08;1156500
28542;28542;2020-06-08;173000
28543;28543;2020-06-08;342500
28544;28544;2020-06-08;147000
28545;28545;2020-06-08;123000
28546;28546;2020-06-08;66000
28547;28547;2020-06-08;80800
28548;28548;2020-06-08;136000
28549;28549;2020-06-08;62290
28550;28550;2020-06-08;100000
28551;28551;2020-06-08;199000
28552;28552;2020-06-08;216745
28553;28553;2020-06-08;76000
28554;28554;2020-06-08;179500
28555;28555;2020-06-08;331650
28556;28556;2020-06-08;199000
28557;28557;2020-06-08;240000
28558;28558;2020-06-08;227000
28559;28559;2020-06-08;230000
28560;28560;2020-06-08;1168000
28561;28561;2020-06-08;460000
28562;28562;2020-06-08;223000
28563;28563;2020-06-08;825000
28564;28564;2020-06-08;650000
28565;28565;2020-06-08;29700
28566;28566;2020-06-08;621475
28567;28567;2020-06-08;607000
28568;28568;2020-06-08;1230000
28569;28569;2020-06-08;560000
28570;28570;2020-06-08;373880
28571;28571;2020-06-08;1470000
28572;28572;2020-06-08;860000
28573;28573;2020-06-08;815000
28574;28574;2020-06-08;202000
28575;28575;2020-06-08;205000
28576;28576;2020-06-08;390000
28577;28577;2020-06-08;274000
28578;28578;2020-06-08;334000
28579;28579;2020-06-08;492999
28580;28580;2020-06-08;785400
28581;28581;2020-06-08;582960
28582;28582;2020-06-08;270000
28583;28583;2020-06-08;475650
28584;28584;2020-06-08;160000
28585;28585;2020-06-08;315000
28586;28586;2020-06-08;129980
28587;28587;2020-06-08;62850
28588;28588;2020-06-08;91000
28589;28589;2020-06-08;115000
28590;28590;2020-06-08;236000
28591;28591;2020-06-08;150000
28592;28592;2020-06-08;79000
28593;28593;2020-06-08;278000
28594;28594;2020-06-08;174500
28595;28595;2020-06-08;112000
28596;28596;2020-06-08;246500
28597;28597;2020-06-08;155000
28598;28598;2020-06-08;460000
28599;28599;2020-06-08;244000
28600;28600;2020-06-08;342500
28601;28601;2020-06-08;124690
28602;28602;2020-06-08;124000
28603;28603;2020-06-08;240000
28604;28604;2020-06-08;195200
28605;28605;2020-06-08;195000
28606;28606;2020-06-08;312000
28607;28607;2020-06-08;124000
28608;28608;2020-06-08;300000
28609;28609;2020-06-08;257000
28610;28610;2020-06-08;132000
28611;28611;2020-06-08;130000
28612;28612;2020-06-08;250000
28613;28613;2020-06-08;237500
28614;28614;2020-06-08;277800
28615;28615;2020-06-08;242000
28616;28616;2020-06-08;36000
28617;28617;2020-06-08;57100
28618;28618;2020-06-08;110000
28619;28619;2020-06-08;162200
28620;28620;2020-06-08;147400
28621;28621;2020-06-08;108000
28622;28622;2020-06-08;14000
28623;28623;2020-06-08;45000
28624;28624;2020-06-08;243750
28625;28625;2020-06-08;250014
28626;28626;2020-06-08;233000
28627;28627;2020-06-08;83000
28628;28628;2020-06-08;161000
28629;28629;2020-06-08;59000
28630;28630;2020-06-08;118000
28631;28631;2020-06-08;55000
28632;28632;2020-06-08;148200
28633;28633;2020-06-08;30000
28634;28634;2020-06-08;39500
28635;28635;2020-06-08;150000
28636;28636;2020-06-08;276500
28637;28637;2020-06-08;190000
28638;28638;2020-06-08;215000
28639;28639;2020-06-08;77000
28640;28640;2020-06-08;148223
28641;28641;2020-06-08;140000
28642;28642;2020-06-08;215000
28643;28643;2020-06-08;215000
28644;28644;2020-06-08;240000
28645;28645;2020-06-08;174115
28646;28646;2020-06-08;332200
28647;28647;2020-06-08;700600
28648;28648;2020-06-08;432300
28649;28649;2020-06-08;400000
28650;28650;2020-06-08;309179
28651;28651;2020-06-08;1055405
28652;28652;2020-06-08;569000
28653;28653;2020-06-08;510000
28654;28654;2020-06-08;747300
28655;28655;2020-06-08;190000
28656;28656;2020-06-08;248000
28657;28657;2020-06-08;534000
28658;28658;2020-06-08;859000
28659;28659;2020-06-08;475000
28660;28660;2020-06-08;225000
28661;28661;2020-06-08;450480
28662;28662;2020-06-08;240000
28663;28663;2020-06-08;630000
28664;28664;2020-06-08;273000
28665;28665;2020-06-08;306500
28666;28666;2020-06-08;190900
28667;28667;2020-06-08;115000
28668;28668;2020-06-08;687770
28669;28669;2020-06-08;214000
28670;28670;2020-06-08;175500
28671;28671;2020-06-08;465000
28672;28672;2020-06-08;230000
28673;28673;2020-06-08;332000
28674;28674;2020-06-08;252500
28675;28675;2020-06-08;178000
28676;28676;2020-06-08;280000
28677;28677;2020-06-08;405420
28678;28678;2020-06-08;391110
28679;28679;2020-06-08;223250
28680;28680;2020-06-08;213000
28681;28681;2020-06-08;255000
28682;28682;2020-06-08;177900
28683;28683;2020-06-08;195000
28684;28684;2020-06-08;132100
28685;28685;2020-06-08;137000
28686;28686;2020-06-08;219438
28687;28687;2020-06-08;159000
28688;28688;2020-06-08;119000
28689;28689;2020-06-08;134000
28690;28690;2020-06-08;175000
28691;28691;2020-06-08;220000
28692;28692;2020-06-08;257500
28693;28693;2020-06-08;43200
28694;28694;2020-06-08;350000
28695;28695;2020-06-09;148586
28696;28696;2020-06-09;26500
28697;28697;2020-06-09;144000
28698;28698;2020-06-09;102010
28699;28699;2020-06-09;130000
28700;28700;2020-06-09;129600
28701;28701;2020-06-09;196000
28702;28702;2020-06-09;84112
28703;28703;2020-06-09;166500
28704;28704;2020-06-09;219990
28705;28705;2020-06-09;295000
28706;28706;2020-06-09;95000
28707;28707;2020-06-09;30000
28708;28708;2020-06-09;65500
28709;28709;2020-06-09;349118
28710;28710;2020-06-09;81950
28711;28711;2020-06-09;47000
28712;28712;2020-06-09;142620
28713;28713;2020-06-09;156000
28714;28714;2020-06-09;138000
28715;28715;2020-06-09;83000
28716;28716;2020-06-09;64300
28717;28717;2020-06-09;135800
28718;28718;2020-06-09;150000
28719;28719;2020-06-09;66000
28720;28720;2020-06-09;119900
28721;28721;2020-06-09;135000
28722;28722;2020-06-09;135000
28723;28723;2020-06-09;209000
28724;28724;2020-06-09;119670
28725;28725;2020-06-09;309000
28726;28726;2020-06-09;142000
28727;28727;2020-06-09;144000
28728;28728;2020-06-09;46100
28729;28729;2020-06-09;109700
28730;28730;2020-06-09;60000
28731;28731;2020-06-09;216210
28732;28732;2020-06-09;125000
28733;28733;2020-06-09;79600
28734;28734;2020-06-09;96300
28735;28735;2020-06-09;88000
28736;28736;2020-06-09;40000
28737;28737;2020-06-09;161000
28738;28738;2020-06-09;327500
28739;28739;2020-06-09;243700
28740;28740;2020-06-09;90480
28741;28741;2020-06-09;215000
28742;28742;2020-06-09;167000
28743;28743;2020-06-09;185700
28744;28744;2020-06-09;79689
28745;28745;2020-06-09;146200
28746;28746;2020-06-09;119712
28747;28747;2020-06-09;79600
28748;28748;2020-06-09;74000
28749;28749;2020-06-09;150000
28750;28750;2020-06-09;90000
28751;28751;2020-06-09;503500
28752;28752;2020-06-09;207700
28753;28753;2020-06-09;55000
28754;28754;2020-06-09;106000
28755;28755;2020-06-09;135000
28756;28756;2020-06-09;100000
28757;28757;2020-06-09;138250
28758;28758;2020-06-09;191650
28759;28759;2020-06-09;74100
28760;28760;2020-06-09;79000
28761;28761;2020-06-09;95000
28762;28762;2020-06-09;40000
28763;28763;2020-06-09;88500
28764;28764;2020-06-09;482500
28765;28765;2020-06-09;174570
28766;28766;2020-06-09;213200
28767;28767;2020-06-09;151000
28768;28768;2020-06-09;75000
28769;28769;2020-06-09;94400
28770;28770;2020-06-09;43000
28771;28771;2020-06-09;42000
28772;28772;2020-06-09;75000
28773;28773;2020-06-09;116000
28774;28774;2020-06-09;59500
28775;28775;2020-06-09;120000
28776;28776;2020-06-09;53500
28777;28777;2020-06-09;126200
28778;28778;2020-06-09;41800
28779;28779;2020-06-09;135000
28780;28780;2020-06-09;159000
28781;28781;2020-06-09;419600
28782;28782;2020-06-09;187100
28783;28783;2020-06-09;127500
28784;28784;2020-06-09;74000
28785;28785;2020-06-09;37000
28786;28786;2020-06-09;229000
28787;28787;2020-06-09;131000
28788;28788;2020-06-09;50000
28789;28789;2020-06-09;55000
28790;28790;2020-06-09;292000
28791;28791;2020-06-09;230000
28792;28792;2020-06-09;135600
28793;28793;2020-06-09;212000
28794;28794;2020-06-09;90450
28795;28795;2020-06-09;135920
28796;28796;2020-06-09;219000
28797;28797;2020-06-09;355400
28798;28798;2020-06-09;182000
28799;28799;2020-06-09;161050
28800;28800;2020-06-09;309000
28801;28801;2020-06-09;373300
28802;28802;2020-06-09;544500
28803;28803;2020-06-09;352000
28804;28804;2020-06-09;1020000
28805;28805;2020-06-09;295000
28806;28806;2020-06-09;105000
28807;28807;2020-06-09;350000
28808;28808;2020-06-09;342550
28809;28809;2020-06-09;85000
28810;28810;2020-06-09;231150
28811;28811;2020-06-09;129000
28812;28812;2020-06-09;182000
28813;28813;2020-06-09;128140
28814;28814;2020-06-09;224000
28815;28815;2020-06-09;230000
28816;28816;2020-06-09;97500
28817;28817;2020-06-09;239900
28818;28818;2020-06-09;814955
28819;28819;2020-06-09;560740
28820;28820;2020-06-09;290000
28821;28821;2020-06-09;600000
28822;28822;2020-06-09;388000
28823;28823;2020-06-09;350000
28824;28824;2020-06-09;333200
28825;28825;2020-06-09;154000
28826;28826;2020-06-09;445000
28827;28827;2020-06-09;965000
28828;28828;2020-06-09;160000
28829;28829;2020-06-09;115000
28830;28830;2020-06-09;289750
28831;28831;2020-06-09;819100
28832;28832;2020-06-09;565000
28833;28833;2020-06-09;742100
28834;28834;2020-06-09;1075000
28835;28835;2020-06-09;1018500
28836;28836;2020-06-09;1046000
28837;28837;2020-06-09;1191100
28838;28838;2020-06-09;375000
28839;28839;2020-06-09;149000
28840;28840;2020-06-09;454000
28841;28841;2020-06-09;163000
28842;28842;2020-06-09;457000
28843;28843;2020-06-09;160050
28844;28844;2020-06-09;843000
28845;28845;2020-06-09;950000
28846;28846;2020-06-09;347000
28847;28847;2020-06-09;165000
28848;28848;2020-06-09;299000
28849;28849;2020-06-09;380010
28850;28850;2020-06-09;1300000
28851;28851;2020-06-09;630000
28852;28852;2020-06-09;368000
28853;28853;2020-06-09;147250
28854;28854;2020-06-09;143000
28855;28855;2020-06-09;66500
28856;28856;2020-06-09;39000
28857;28857;2020-06-09;242550
28858;28858;2020-06-09;255000
28859;28859;2020-06-09;250000
28860;28860;2020-06-09;120000
28861;28861;2020-06-09;138580
28862;28862;2020-06-09;115500
28863;28863;2020-06-09;160000
28864;28864;2020-06-09;125500
28865;28865;2020-06-09;135500
28866;28866;2020-06-09;111300
28867;28867;2020-06-09;189000
28868;28868;2020-06-09;138100
28869;28869;2020-06-09;145000
28870;28870;2020-06-09;230000
28871;28871;2020-06-09;115000
28872;28872;2020-06-09;320000
28873;28873;2020-06-09;170000
28874;28874;2020-06-09;152000
28875;28875;2020-06-09;199000
28876;28876;2020-06-09;120000
28877;28877;2020-06-09;125000
28878;28878;2020-06-09;395000
28879;28879;2020-06-09;233000
28880;28880;2020-06-09;125000
28881;28881;2020-06-09;220000
28882;28882;2020-06-09;89000
28883;28883;2020-06-09;425900
28884;28884;2020-06-09;117516
28885;28885;2020-06-09;98000
28886;28886;2020-06-09;196452
28887;28887;2020-06-09;86736
28888;28888;2020-06-09;190500
28889;28889;2020-06-09;192560
28890;28890;2020-06-09;819575
28891;28891;2020-06-09;97000
28892;28892;2020-06-09;100000
28893;28893;2020-06-09;145000
28894;28894;2020-06-09;139000
28895;28895;2020-06-09;140000
28896;28896;2020-06-09;204300
28897;28897;2020-06-09;205000
28898;28898;2020-06-09;243000
28899;28899;2020-06-09;180000
28900;28900;2020-06-09;96507
28901;28901;2020-06-09;208250
28902;28902;2020-06-09;77450
28903;28903;2020-06-09;128500
28904;28904;2020-06-09;205650
28905;28905;2020-06-09;232000
28906;28906;2020-06-09;155000
28907;28907;2020-06-09;89000
28908;28908;2020-06-09;365000
28909;28909;2020-06-09;82250
28910;28910;2020-06-09;225440
28911;28911;2020-06-09;85000
28912;28912;2020-06-09;165000
28913;28913;2020-06-09;59000
28914;28914;2020-06-09;52654
28915;28915;2020-06-09;42000
28916;28916;2020-06-09;52420
28917;28917;2020-06-09;66000
28918;28918;2020-06-09;168000
28919;28919;2020-06-09;139000
28920;28920;2020-06-09;133000
28921;28921;2020-06-09;160000
28922;28922;2020-06-09;88000
28923;28923;2020-06-09;260000
28924;28924;2020-06-09;139100
28925;28925;2020-06-09;72000
28926;28926;2020-06-09;167800
28927;28927;2020-06-09;146460
28928;28928;2020-06-09;236950
28929;28929;2020-06-09;115000
28930;28930;2020-06-09;235000
28931;28931;2020-06-09;45000
28932;28932;2020-06-09;245700
28933;28933;2020-06-09;332270
28934;28934;2020-06-09;153000
28935;28935;2020-06-09;818700
28936;28936;2020-06-09;443000
28937;28937;2020-06-09;138000
28938;28938;2020-06-09;325000
28939;28939;2020-06-09;569500
28940;28940;2020-06-09;326000
28941;28941;2020-06-09;260000
28942;28942;2020-06-09;60000
28943;28943;2020-06-09;143000
28944;28944;2020-06-09;212000
28945;28945;2020-06-09;229000
28946;28946;2020-06-09;132000
28947;28947;2020-06-09;219500
28948;28948;2020-06-09;201000
28949;28949;2020-06-09;117500
28950;28950;2020-06-09;555502
28951;28951;2020-06-09;133500
28952;28952;2020-06-09;249000
28953;28953;2020-06-09;183000
28954;28954;2020-06-09;126000
28955;28955;2020-06-09;154000
28956;28956;2020-06-09;345000
28957;28957;2020-06-09;165000
28958;28958;2020-06-09;178000
28959;28959;2020-06-09;180000
28960;28960;2020-06-09;260000
28961;28961;2020-06-09;260000
28962;28962;2020-06-09;299000
28963;28963;2020-06-09;
28964;28964;2020-06-09;126000
28965;28965;2020-06-09;259000
28966;28966;2020-06-09;260000
28967;28967;2020-06-09;103175
28968;28968;2020-06-09;490000
28969;28969;2020-06-09;185000
28970;28970;2020-06-09;140000
28971;28971;2020-06-09;222500
28972;28972;2020-06-09;166000
28973;28973;2020-06-09;240000
28974;28974;2020-06-09;216000
28975;28975;2020-06-09;546900
28976;28976;2020-06-09;165000
28977;28977;2020-06-09;172000
28978;28978;2020-06-09;150000
28979;28979;2020-06-09;150000
28980;28980;2020-06-09;96000
28981;28981;2020-06-09;121000
28982;28982;2020-06-09;200000
28983;28983;2020-06-09;137000
28984;28984;2020-06-09;76000
28985;28985;2020-06-10;67000
28986;28986;2020-06-10;53000
28987;28987;2020-06-10;140000
28988;28988;2020-06-10;134300
28989;28989;2020-06-10;225500
28990;28990;2020-06-10;233400
28991;28991;2020-06-10;100000
28992;28992;2020-06-10;260000
28993;28993;2020-06-10;370000
28994;28994;2020-06-10;240000
28995;28995;2020-06-10;90500
28996;28996;2020-06-10;294975
28997;28997;2020-06-10;203300
28998;28998;2020-06-10;102800
28999;28999;2020-06-10;65500
29000;29000;2020-06-10;219400
29001;29001;2020-06-10;133000
29002;29002;2020-06-10;342500
29003;29003;2020-06-10;365000
29004;29004;2020-06-10;120000
29005;29005;2020-06-10;66000
29006;29006;2020-06-10;99500
29007;29007;2020-06-10;101500
29008;29008;2020-06-10;31000
29009;29009;2020-06-10;74260
29010;29010;2020-06-10;220000
29011;29011;2020-06-10;67500
29012;29012;2020-06-10;169000
29013;29013;2020-06-10;89905
29014;29014;2020-06-10;58850
29015;29015;2020-06-10;170000
29016;29016;2020-06-10;102900
29017;29017;2020-06-10;251000
29018;29018;2020-06-10;90000
29019;29019;2020-06-10;157500
29020;29020;2020-06-10;344190
29021;29021;2020-06-10;141000
29022;29022;2020-06-10;305000
29023;29023;2020-06-10;185000
29024;29024;2020-06-10;190000
29025;29025;2020-06-10;74000
29026;29026;2020-06-10;94700
29027;29027;2020-06-10;340641
29028;29028;2020-06-10;80100
29029;29029;2020-06-10;113200
29030;29030;2020-06-10;221870
29031;29031;2020-06-10;191947
29032;29032;2020-06-10;167000
29033;29033;2020-06-10;255000
29034;29034;2020-06-10;94000
29035;29035;2020-06-10;100000
29036;29036;2020-06-10;70000
29037;29037;2020-06-10;220000
29038;29038;2020-06-10;158000
29039;29039;2020-06-10;250000
29040;29040;2020-06-10;148000
29041;29041;2020-06-10;458000
29042;29042;2020-06-10;117000
29043;29043;2020-06-10;105000
29044;29044;2020-06-10;229300
29045;29045;2020-06-10;145575
29046;29046;2020-06-10;160000
29047;29047;2020-06-10;255000
29048;29048;2020-06-10;150000
29049;29049;2020-06-10;119000
29050;29050;2020-06-10;67500
29051;29051;2020-06-10;101750
29052;29052;2020-06-10;108500
29053;29053;2020-06-10;154914
29054;29054;2020-06-10;91020
29055;29055;2020-06-10;72000
29056;29056;2020-06-10;293000
29057;29057;2020-06-10;313700
29058;29058;2020-06-10;182000
29059;29059;2020-06-10;59500
29060;29060;2020-06-10;78000
29061;29061;2020-06-10;65000
29062;29062;2020-06-10;180500
29063;29063;2020-06-10;153000
29064;29064;2020-06-10;149150
29065;29065;2020-06-10;62000
29066;29066;2020-06-10;378480
29067;29067;2020-06-10;336000
29068;29068;2020-06-10;127800
29069;29069;2020-06-10;81859
29070;29070;2020-06-10;95200
29071;29071;2020-06-10;242654
29072;29072;2020-06-10;36780
29073;29073;2020-06-10;50500
29074;29074;2020-06-10;62000
29075;29075;2020-06-10;90000
29076;29076;2020-06-10;123500
29077;29077;2020-06-10;142000
29078;29078;2020-06-10;140000
29079;29079;2020-06-10;106900
29080;29080;2020-06-10;203750
29081;29081;2020-06-10;66500
29082;29082;2020-06-10;57000
29083;29083;2020-06-10;160500
29084;29084;2020-06-10;203000
29085;29085;2020-06-10;214300
29086;29086;2020-06-10;213430
29087;29087;2020-06-10;156000
29088;29088;2020-06-10;165000
29089;29089;2020-06-10;127000
29090;29090;2020-06-10;177000
29091;29091;2020-06-10;128000
29092;29092;2020-06-10;121980
29093;29093;2020-06-10;210000
29094;29094;2020-06-10;115000
29095;29095;2020-06-10;97000
29096;29096;2020-06-10;66000
29097;29097;2020-06-10;56000
29098;29098;2020-06-10;85000
29099;29099;2020-06-10;46000
29100;29100;2020-06-10;110000
29101;29101;2020-06-10;82000
29102;29102;2020-06-10;155000
29103;29103;2020-06-10;32900
29104;29104;2020-06-10;166500
29105;29105;2020-06-10;73400
29106;29106;2020-06-10;96500
29107;29107;2020-06-10;36000
29108;29108;2020-06-10;73000
29109;29109;2020-06-10;138500
29110;29110;2020-06-10;110000
29111;29111;2020-06-10;345000
29112;29112;2020-06-10;155000
29113;29113;2020-06-10;102600
29114;29114;2020-06-10;135000
29115;29115;2020-06-10;244000
29116;29116;2020-06-10;135000
29117;29117;2020-06-10;164000
29118;29118;2020-06-10;177500
29119;29119;2020-06-10;165000
29120;29120;2020-06-10;117000
29121;29121;2020-06-10;351000
29122;29122;2020-06-10;259000
29123;29123;2020-06-10;277500
29124;29124;2020-06-10;371500
29125;29125;2020-06-10;115480
29126;29126;2020-06-10;134000
29127;29127;2020-06-10;95000
29128;29128;2020-06-10;26000
29129;29129;2020-06-10;46500
29130;29130;2020-06-10;85000
29131;29131;2020-06-10;111000
29132;29132;2020-06-10;138000
29133;29133;2020-06-10;103000
29134;29134;2020-06-10;78000
29135;29135;2020-06-10;790000
29136;29136;2020-06-10;165000
29137;29137;2020-06-10;500000
29138;29138;2020-06-10;359020
29139;29139;2020-06-10;1520000
29140;29140;2020-06-10;1150000
29141;29141;2020-06-10;224742
29142;29142;2020-06-10;790250
29143;29143;2020-06-10;210000
29144;29144;2020-06-10;44000
29145;29145;2020-06-10;948320
29146;29146;2020-06-10;454000
29147;29147;2020-06-10;275000
29148;29148;2020-06-10;389500
29149;29149;2020-06-10;453300
29150;29150;2020-06-10;750000
29151;29151;2020-06-10;420000
29152;29152;2020-06-10;397750
29153;29153;2020-06-10;548000
29154;29154;2020-06-10;372000
29155;29155;2020-06-10;430000
29156;29156;2020-06-10;1400880
29157;29157;2020-06-10;530000
29158;29158;2020-06-10;844800
29159;29159;2020-06-10;568000
29160;29160;2020-06-10;4520000
29161;29161;2020-06-10;2042802
29162;29162;2020-06-10;806650
29163;29163;2020-06-10;250000
29164;29164;2020-06-10;702950
29165;29165;2020-06-10;611190
29166;29166;2020-06-10;125000
29167;29167;2020-06-10;360000
29168;29168;2020-06-10;892500
29169;29169;2020-06-10;148650
29170;29170;2020-06-10;420000
29171;29171;2020-06-10;520000
29172;29172;2020-06-10;650000
29173;29173;2020-06-10;356000
29174;29174;2020-06-10;190000
29175;29175;2020-06-10;282000
29176;29176;2020-06-10;560000
29177;29177;2020-06-10;161200
29178;29178;2020-06-10;115000
29179;29179;2020-06-10;115500
29180;29180;2020-06-10;107000
29181;29181;2020-06-10;130000
29182;29182;2020-06-10;75000
29183;29183;2020-06-10;135200
29184;29184;2020-06-10;130000
29185;29185;2020-06-10;25000
29186;29186;2020-06-10;179000
29187;29187;2020-06-10;170000
29188;29188;2020-06-10;145000
29189;29189;2020-06-10;188000
29190;29190;2020-06-10;108000
29191;29191;2020-06-10;94700
29192;29192;2020-06-10;168000
29193;29193;2020-06-10;150000
29194;29194;2020-06-10;199000
29195;29195;2020-06-10;210000
29196;29196;2020-06-10;224000
29197;29197;2020-06-10;145000
29198;29198;2020-06-10;190700
29199;29199;2020-06-10;260000
29200;29200;2020-06-10;292000
29201;29201;2020-06-10;646050
29202;29202;2020-06-10;110000
29203;29203;2020-06-10;265000
29204;29204;2020-06-10;418000
29205;29205;2020-06-10;150000
29206;29206;2020-06-10;179500
29207;29207;2020-06-10;200400
29208;29208;2020-06-10;246500
29209;29209;2020-06-10;166500
29210;29210;2020-06-10;177850
29211;29211;2020-06-10;115000
29212;29212;2020-06-10;245000
29213;29213;2020-06-10;202615
29214;29214;2020-06-10;220000
29215;29215;2020-06-10;151000
29216;29216;2020-06-10;145990
29217;29217;2020-06-10;186000
29218;29218;2020-06-10;129000
29219;29219;2020-06-10;130000
29220;29220;2020-06-10;138000
29221;29221;2020-06-10;122000
29222;29222;2020-06-10;29000
29223;29223;2020-06-10;91000
29224;29224;2020-06-10;141000
29225;29225;2020-06-10;138000
29226;29226;2020-06-10;130000
29227;29227;2020-06-10;118500
29228;29228;2020-06-10;86000
29229;29229;2020-06-10;97200
29230;29230;2020-06-10;122000
29231;29231;2020-06-10;152000
29232;29232;2020-06-10;149000
29233;29233;2020-06-10;128000
29234;29234;2020-06-10;205000
29235;29235;2020-06-10;245000
29236;29236;2020-06-10;225000
29237;29237;2020-06-10;290800
29238;29238;2020-06-10;119000
29239;29239;2020-06-10;103500
29240;29240;2020-06-10;192000
29241;29241;2020-06-10;205000
29242;29242;2020-06-10;562500
29243;29243;2020-06-10;153000
29244;29244;2020-06-10;275800
29245;29245;2020-06-10;370000
29246;29246;2020-06-10;625900
29247;29247;2020-06-10;220000
29248;29248;2020-06-10;351000
29249;29249;2020-06-10;150000
29250;29250;2020-06-10;261000
29251;29251;2020-06-10;332000
29252;29252;2020-06-10;294000
29253;29253;2020-06-10;497580
29254;29254;2020-06-10;177650
29255;29255;2020-06-10;545000
29256;29256;2020-06-10;125000
29257;29257;2020-06-10;222500
29258;29258;2020-06-10;223570
29259;29259;2020-06-10;140000
29260;29260;2020-06-10;425000
29261;29261;2020-06-10;139000
29262;29262;2020-06-10;144000
29263;29263;2020-06-10;279170
29264;29264;2020-06-10;272000
29265;29265;2020-06-10;735000
29266;29266;2020-06-10;347000
29267;29267;2020-06-10;165000
29268;29268;2020-06-10;349000
29269;29269;2020-06-10;355000
29270;29270;2020-06-10;235000
29271;29271;2020-06-10;102000
29272;29272;2020-06-10;505000
29273;29273;2020-06-10;272000
29274;29274;2020-06-10;160000
29275;29275;2020-06-10;523000
29276;29276;2020-06-10;323000
29277;29277;2020-06-10;365000
29278;29278;2020-06-10;204000
29279;29279;2020-06-10;261000
29280;29280;2020-06-10;283000
29281;29281;2020-06-10;244500
29282;29282;2020-06-10;1170000
29283;29283;2020-06-10;63000
29284;29284;2020-06-10;72300
29285;29285;2020-06-10;251380
29286;29286;2020-06-10;154000
29287;29287;2020-06-10;258000
29288;29288;2020-06-10;188000
29289;29289;2020-06-10;193300
29290;29290;2020-06-10;221000
29291;29291;2020-06-10;188000
29292;29292;2020-06-10;160000
29293;29293;2020-06-10;75000
29294;29294;2020-06-10;159000
29295;29295;2020-06-10;150000
29296;29296;2020-06-10;112500
29297;29297;2020-06-10;145000
29298;29298;2020-06-10;264000
29299;29299;2020-06-11;220470
29300;29300;2020-06-11;54000
29301;29301;2020-06-11;95000
29302;29302;2020-06-11;272000
29303;29303;2020-06-11;140000
29304;29304;2020-06-11;112000
29305;29305;2020-06-11;439200
29306;29306;2020-06-11;113300
29307;29307;2020-06-11;169600
29308;29308;2020-06-11;189400
29309;29309;2020-06-11;113000
29310;29310;2020-06-11;147700
29311;29311;2020-06-11;479108
29312;29312;2020-06-11;89000
29313;29313;2020-06-11;52000
29314;29314;2020-06-11;204000
29315;29315;2020-06-11;142000
29316;29316;2020-06-11;57500
29317;29317;2020-06-11;70000
29318;29318;2020-06-11;200000
29319;29319;2020-06-11;375500
29320;29320;2020-06-11;81000
29321;29321;2020-06-11;47000
29322;29322;2020-06-11;132850
29323;29323;2020-06-11;55000
29324;29324;2020-06-11;41500
29325;29325;2020-06-11;53900
29326;29326;2020-06-11;177000
29327;29327;2020-06-11;84000
29328;29328;2020-06-11;120000
29329;29329;2020-06-11;77000
29330;29330;2020-06-11;51000
29331;29331;2020-06-11;118500
29332;29332;2020-06-11;82720
29333;29333;2020-06-11;141000
29334;29334;2020-06-11;207000
29335;29335;2020-06-11;111250
29336;29336;2020-06-11;209850
29337;29337;2020-06-11;93000
29338;29338;2020-06-11;263000
29339;29339;2020-06-11;230000
29340;29340;2020-06-11;144500
29341;29341;2020-06-11;396000
29342;29342;2020-06-11;926500
29343;29343;2020-06-11;124000
29344;29344;2020-06-11;144250
29345;29345;2020-06-11;118600
29346;29346;2020-06-11;152000
29347;29347;2020-06-11;173000
29348;29348;2020-06-11;50000
29349;29349;2020-06-11;205801
29350;29350;2020-06-11;91000
29351;29351;2020-06-11;92984
29352;29352;2020-06-11;45000
29353;29353;2020-06-11;109880
29354;29354;2020-06-11;80000
29355;29355;2020-06-11;433620
29356;29356;2020-06-11;58000
29357;29357;2020-06-11;107000
29358;29358;2020-06-11;87000
29359;29359;2020-06-11;120000
29360;29360;2020-06-11;124000
29361;29361;2020-06-11;142300
29362;29362;2020-06-11;61500
29363;29363;2020-06-11;51000
29364;29364;2020-06-11;109000
29365;29365;2020-06-11;109000
29366;29366;2020-06-11;140000
29367;29367;2020-06-11;39000
29368;29368;2020-06-11;124000
29369;29369;2020-06-11;190000
29370;29370;2020-06-11;73515
29371;29371;2020-06-11;81837
29372;29372;2020-06-11;148000
29373;29373;2020-06-11;194000
29374;29374;2020-06-11;196000
29375;29375;2020-06-11;206000
29376;29376;2020-06-11;103000
29377;29377;2020-06-11;77800
29378;29378;2020-06-11;198000
29379;29379;2020-06-11;221600
29380;29380;2020-06-11;227000
29381;29381;2020-06-11;230500
29382;29382;2020-06-11;106000
29383;29383;2020-06-11;86500
29384;29384;2020-06-11;59000
29385;29385;2020-06-11;197800
29386;29386;2020-06-11;58000
29387;29387;2020-06-11;82000
29388;29388;2020-06-11;174000
29389;29389;2020-06-11;166250
29390;29390;2020-06-11;110500
29391;29391;2020-06-11;57295
29392;29392;2020-06-11;170050
29393;29393;2020-06-11;83000
29394;29394;2020-06-11;152500
29395;29395;2020-06-11;362300
29396;29396;2020-06-11;122000
29397;29397;2020-06-11;56700
29398;29398;2020-06-11;81000
29399;29399;2020-06-11;103770
29400;29400;2020-06-11;150000
29401;29401;2020-06-11;60000
29402;29402;2020-06-11;64500
29403;29403;2020-06-11;38000
29404;29404;2020-06-11;173000
29405;29405;2020-06-11;65000
29406;29406;2020-06-11;40500
29407;29407;2020-06-11;88400
29408;29408;2020-06-11;75000
29409;29409;2020-06-11;96370
29410;29410;2020-06-11;132000
29411;29411;2020-06-11;165000
29412;29412;2020-06-11;156100
29413;29413;2020-06-11;128000
29414;29414;2020-06-11;130000
29415;29415;2020-06-11;155000
29416;29416;2020-06-11;330000
29417;29417;2020-06-11;330200
29418;29418;2020-06-11;185000
29419;29419;2020-06-11;290000
29420;29420;2020-06-11;295900
29421;29421;2020-06-11;210260
29422;29422;2020-06-11;90000
29423;29423;2020-06-11;87000
29424;29424;2020-06-11;184078
29425;29425;2020-06-11;279750
29426;29426;2020-06-11;720000
29427;29427;2020-06-11;433000
29428;29428;2020-06-11;235200
29429;29429;2020-06-11;130000
29430;29430;2020-06-11;315000
29431;29431;2020-06-11;1063000
29432;29432;2020-06-11;600000
29433;29433;2020-06-11;288600
29434;29434;2020-06-11;436000
29435;29435;2020-06-11;292500
29436;29436;2020-06-11;460653
29437;29437;2020-06-11;245960
29438;29438;2020-06-11;350960
29439;29439;2020-06-11;730000
29440;29440;2020-06-11;392142
29441;29441;2020-06-11;884000
29442;29442;2020-06-11;153100
29443;29443;2020-06-11;640000
29444;29444;2020-06-11;300000
29445;29445;2020-06-11;148000
29446;29446;2020-06-11;943590
29447;29447;2020-06-11;150000
29448;29448;2020-06-11;1750000
29449;29449;2020-06-11;1170000
29450;29450;2020-06-11;1085000
29451;29451;2020-06-11;520000
29452;29452;2020-06-11;175000
29453;29453;2020-06-11;1465000
29454;29454;2020-06-11;2000000
29455;29455;2020-06-11;220800
29456;29456;2020-06-11;95000
29457;29457;2020-06-11;260000
29458;29458;2020-06-11;395250
29459;29459;2020-06-11;373000
29460;29460;2020-06-11;431950
29461;29461;2020-06-11;564500
29462;29462;2020-06-11;371550
29463;29463;2020-06-11;196800
29464;29464;2020-06-11;282000
29465;29465;2020-06-11;288000
29466;29466;2020-06-11;429900
29467;29467;2020-06-11;263770
29468;29468;2020-06-11;221130
29469;29469;2020-06-11;247750
29470;29470;2020-06-11;319037
29471;29471;2020-06-11;309500
29472;29472;2020-06-11;289000
29473;29473;2020-06-11;192000
29474;29474;2020-06-11;436000
29475;29475;2020-06-11;87500
29476;29476;2020-06-11;42500
29477;29477;2020-06-11;275500
29478;29478;2020-06-11;93000
29479;29479;2020-06-11;99105
29480;29480;2020-06-11;165000
29481;29481;2020-06-11;112500
29482;29482;2020-06-11;195000
29483;29483;2020-06-11;147000
29484;29484;2020-06-11;187000
29485;29485;2020-06-11;170000
29486;29486;2020-06-11;170000
29487;29487;2020-06-11;172000
29488;29488;2020-06-11;80000
29489;29489;2020-06-11;35000
29490;29490;2020-06-11;152700
29491;29491;2020-06-11;490000
29492;29492;2020-06-11;130000
29493;29493;2020-06-11;138000
29494;29494;2020-06-11;214000
29495;29495;2020-06-11;315000
29496;29496;2020-06-11;228500
29497;29497;2020-06-11;317760
29498;29498;2020-06-11;235000
29499;29499;2020-06-11;189950
29500;29500;2020-06-11;139780
29501;29501;2020-06-11;86000
29502;29502;2020-06-11;220000
29503;29503;2020-06-11;763434
29504;29504;2020-06-11;300000
29505;29505;2020-06-11;418000
29506;29506;2020-06-11;54500
29507;29507;2020-06-11;48500
29508;29508;2020-06-11;167630
29509;29509;2020-06-11;117000
29510;29510;2020-06-11;258000
29511;29511;2020-06-11;110750
29512;29512;2020-06-11;31500
29513;29513;2020-06-11;199000
29514;29514;2020-06-11;163500
29515;29515;2020-06-11;154150
29516;29516;2020-06-11;305000
29517;29517;2020-06-11;98000
29518;29518;2020-06-11;110000
29519;29519;2020-06-11;126000
29520;29520;2020-06-11;455000
29521;29521;2020-06-11;160000
29522;29522;2020-06-11;375000
29523;29523;2020-06-11;93000
29524;29524;2020-06-11;99000
29525;29525;2020-06-11;82000
29526;29526;2020-06-11;101000
29527;29527;2020-06-11;94095
29528;29528;2020-06-11;75000
29529;29529;2020-06-11;68000
29530;29530;2020-06-11;199000
29531;29531;2020-06-11;106000
29532;29532;2020-06-11;160000
29533;29533;2020-06-11;155000
29534;29534;2020-06-11;255800
29535;29535;2020-06-11;134500
29536;29536;2020-06-11;170000
29537;29537;2020-06-11;117000
29538;29538;2020-06-11;189150
29539;29539;2020-06-11;364000
29540;29540;2020-06-11;375000
29541;29541;2020-06-11;333340
29542;29542;2020-06-11;598500
29543;29543;2020-06-11;167390
29544;29544;2020-06-11;605000
29545;29545;2020-06-11;330000
29546;29546;2020-06-11;115000
29547;29547;2020-06-11;166000
29548;29548;2020-06-11;160000
29549;29549;2020-06-11;116000
29550;29550;2020-06-11;74565
29551;29551;2020-06-11;210000
29552;29552;2020-06-11;255000
29553;29553;2020-06-11;
29554;29554;2020-06-11;93000
29555;29555;2020-06-11;162000
29556;29556;2020-06-11;231000
29557;29557;2020-06-11;115000
29558;29558;2020-06-11;300000
29559;29559;2020-06-11;300850
29560;29560;2020-06-11;151000
29561;29561;2020-06-11;315000
29562;29562;2020-06-11;180000
29563;29563;2020-06-11;328000
29564;29564;2020-06-11;394000
29565;29565;2020-06-11;206000
29566;29566;2020-06-11;217000
29567;29567;2020-06-11;150000
29568;29568;2020-06-11;351000
29569;29569;2020-06-11;247000
29570;29570;2020-06-11;221000
29571;29571;2020-06-11;157440
29572;29572;2020-06-11;265000
29573;29573;2020-06-11;132370
29574;29574;2020-06-11;267000
29575;29575;2020-06-11;107000
29576;29576;2020-06-11;51000
29577;29577;2020-06-11;210000
29578;29578;2020-06-11;160316
29579;29579;2020-06-11;148000
29580;29580;2020-06-11;227300
29581;29581;2020-06-11;198500
29582;29582;2020-06-11;310000
29583;29583;2020-06-11;162000
29584;29584;2020-06-11;196000
29585;29585;2020-06-11;129000
29586;29586;2020-06-11;125000
29587;29587;2020-06-12;130000
29588;29588;2020-06-12;44600
29589;29589;2020-06-12;110000
29590;29590;2020-06-12;369010
29591;29591;2020-06-12;208000
29592;29592;2020-06-12;197000
29593;29593;2020-06-12;450000
29594;29594;2020-06-12;1264185
29595;29595;2020-06-12;365580
29596;29596;2020-06-12;314000
29597;29597;2020-06-12;565000
29598;29598;2020-06-12;153000
29599;29599;2020-06-12;339000
29600;29600;2020-06-12;1100000
29601;29601;2020-06-12;240550
29602;29602;2020-06-12;229000
29603;29603;2020-06-12;106764
29604;29604;2020-06-12;210000
29605;29605;2020-06-12;110000
29606;29606;2020-06-12;85000
29607;29607;2020-06-12;75050
29608;29608;2020-06-12;79500
29609;29609;2020-06-12;219000
29610;29610;2020-06-12;102600
29611;29611;2020-06-12;54000
29612;29612;2020-06-12;65000
29613;29613;2020-06-12;540000
29614;29614;2020-06-12;105000
29615;29615;2020-06-12;146500
29616;29616;2020-06-12;59000
29617;29617;2020-06-12;105000
29618;29618;2020-06-12;106000
29619;29619;2020-06-12;75000
29620;29620;2020-06-12;91000
29621;29621;2020-06-12;39000
29622;29622;2020-06-12;260000
29623;29623;2020-06-12;155000
29624;29624;2020-06-12;54500
29625;29625;2020-06-12;86135
29626;29626;2020-06-12;68550
29627;29627;2020-06-12;139430
29628;29628;2020-06-12;49000
29629;29629;2020-06-12;117200
29630;29630;2020-06-12;90000
29631;29631;2020-06-12;64000
29632;29632;2020-06-12;209700
29633;29633;2020-06-12;37000
29634;29634;2020-06-12;64750
29635;29635;2020-06-12;93000
29636;29636;2020-06-12;87000
29637;29637;2020-06-12;149800
29638;29638;2020-06-12;359000
29639;29639;2020-06-12;265000
29640;29640;2020-06-12;124000
29641;29641;2020-06-12;162020
29642;29642;2020-06-12;82000
29643;29643;2020-06-12;165000
29644;29644;2020-06-12;130000
29645;29645;2020-06-12;115000
29646;29646;2020-06-12;245000
29647;29647;2020-06-12;153846
29648;29648;2020-06-12;224700
29649;29649;2020-06-12;184000
29650;29650;2020-06-12;399950
29651;29651;2020-06-12;186000
29652;29652;2020-06-12;160050
29653;29653;2020-06-12;231000
29654;29654;2020-06-12;118000
29655;29655;2020-06-12;107500
29656;29656;2020-06-12;572500
29657;29657;2020-06-12;140000
29658;29658;2020-06-12;158000
29659;29659;2020-06-12;174200
29660;29660;2020-06-12;135000
29661;29661;2020-06-12;210000
29662;29662;2020-06-12;57995
29663;29663;2020-06-12;84000
29664;29664;2020-06-12;71000
29665;29665;2020-06-12;805230
29666;29666;2020-06-12;40000
29667;29667;2020-06-12;200250
29668;29668;2020-06-12;270000
29669;29669;2020-06-12;76000
29670;29670;2020-06-12;170000
29671;29671;2020-06-12;124010
29672;29672;2020-06-12;147500
29673;29673;2020-06-12;62880
29674;29674;2020-06-12;41500
29675;29675;2020-06-12;108000
29676;29676;2020-06-12;55000
29677;29677;2020-06-12;74000
29678;29678;2020-06-12;115000
29679;29679;2020-06-12;89500
29680;29680;2020-06-12;61000
29681;29681;2020-06-12;137000
29682;29682;2020-06-12;205000
29683;29683;2020-06-12;120000
29684;29684;2020-06-12;214310
29685;29685;2020-06-12;140000
29686;29686;2020-06-12;209006
29687;29687;2020-06-12;109060
29688;29688;2020-06-12;165800
29689;29689;2020-06-12;181500
29690;29690;2020-06-12;56000
29691;29691;2020-06-12;41000
29692;29692;2020-06-12;75900
29693;29693;2020-06-12;125250
29694;29694;2020-06-12;126350
29695;29695;2020-06-12;243000
29696;29696;2020-06-12;192000
29697;29697;2020-06-12;706500
29698;29698;2020-06-12;235000
29699;29699;2020-06-12;90300
29700;29700;2020-06-12;44650
29701;29701;2020-06-12;101000
29702;29702;2020-06-12;102000
29703;29703;2020-06-12;63800
29704;29704;2020-06-12;127000
29705;29705;2020-06-12;87500
29706;29706;2020-06-12;108880
29707;29707;2020-06-12;146000
29708;29708;2020-06-12;180000
29709;29709;2020-06-12;67000
29710;29710;2020-06-12;125000
29711;29711;2020-06-12;60000
29712;29712;2020-06-12;185000
29713;29713;2020-06-12;102500
29714;29714;2020-06-12;280000
29715;29715;2020-06-12;85500
29716;29716;2020-06-12;136000
29717;29717;2020-06-12;499000
29718;29718;2020-06-12;363000
29719;29719;2020-06-12;148200
29720;29720;2020-06-12;148000
29721;29721;2020-06-12;372500
29722;29722;2020-06-12;120000
29723;29723;2020-06-12;
29724;29724;2020-06-12;116500
29725;29725;2020-06-12;230000
29726;29726;2020-06-12;70000
29727;29727;2020-06-12;105000
29728;29728;2020-06-12;220000
29729;29729;2020-06-12;182000
29730;29730;2020-06-12;96500
29731;29731;2020-06-12;54500
29732;29732;2020-06-12;125000
29733;29733;2020-06-12;230000
29734;29734;2020-06-12;75000
29735;29735;2020-06-12;115000
29736;29736;2020-06-12;146600
29737;29737;2020-06-12;136200
29738;29738;2020-06-12;85650
29739;29739;2020-06-12;97800
29740;29740;2020-06-12;90300
29741;29741;2020-06-12;80000
29742;29742;2020-06-12;183350
29743;29743;2020-06-12;196000
29744;29744;2020-06-12;78500
29745;29745;2020-06-12;200000
29746;29746;2020-06-12;77500
29747;29747;2020-06-12;155000
29748;29748;2020-06-12;133000
29749;29749;2020-06-12;58900
29750;29750;2020-06-12;70000
29751;29751;2020-06-12;450000
29752;29752;2020-06-12;320950
29753;29753;2020-06-12;138500
29754;29754;2020-06-12;69000
29755;29755;2020-06-12;183900
29756;29756;2020-06-12;254000
29757;29757;2020-06-12;65000
29758;29758;2020-06-12;71000
29759;29759;2020-06-12;196100
29760;29760;2020-06-12;168000
29761;29761;2020-06-12;170000
29762;29762;2020-06-12;160000
29763;29763;2020-06-12;182000
29764;29764;2020-06-12;96000
29765;29765;2020-06-12;54000
29766;29766;2020-06-12;53000
29767;29767;2020-06-12;94000
29768;29768;2020-06-12;67000
29769;29769;2020-06-12;43000
29770;29770;2020-06-12;146000
29771;29771;2020-06-12;105500
29772;29772;2020-06-12;56000
29773;29773;2020-06-12;213710
29774;29774;2020-06-12;520000
29775;29775;2020-06-12;533300
29776;29776;2020-06-12;205000
29777;29777;2020-06-12;179000
29778;29778;2020-06-12;125000
29779;29779;2020-06-12;112500
29780;29780;2020-06-12;54000
29781;29781;2020-06-12;55000
29782;29782;2020-06-12;169500
29783;29783;2020-06-12;79050
29784;29784;2020-06-12;85000
29785;29785;2020-06-12;102500
29786;29786;2020-06-12;205000
29787;29787;2020-06-12;515000
29788;29788;2020-06-12;715500
29789;29789;2020-06-12;550000
29790;29790;2020-06-12;110000
29791;29791;2020-06-12;272000
29792;29792;2020-06-12;285550
29793;29793;2020-06-12;120000
29794;29794;2020-06-12;82000
29795;29795;2020-06-12;86000
29796;29796;2020-06-12;114000
29797;29797;2020-06-12;155000
29798;29798;2020-06-12;19000
29799;29799;2020-06-12;57000
29800;29800;2020-06-12;310000
29801;29801;2020-06-12;911750
29802;29802;2020-06-12;158200
29803;29803;2020-06-12;280000
29804;29804;2020-06-12;570000
29805;29805;2020-06-12;312500
29806;29806;2020-06-12;1500000
29807;29807;2020-06-12;485000
29808;29808;2020-06-12;405000
29809;29809;2020-06-12;758324
29810;29810;2020-06-12;2250000
29811;29811;2020-06-12;499400
29812;29812;2020-06-12;202000
29813;29813;2020-06-12;475000
29814;29814;2020-06-12;184000
29815;29815;2020-06-12;839700
29816;29816;2020-06-12;633600
29817;29817;2020-06-12;1190000
29818;29818;2020-06-12;370000
29819;29819;2020-06-12;510000
29820;29820;2020-06-12;160000
29821;29821;2020-06-12;260000
29822;29822;2020-06-12;601000
29823;29823;2020-06-12;362000
29824;29824;2020-06-12;150000
29825;29825;2020-06-12;389000
29826;29826;2020-06-12;296000
29827;29827;2020-06-12;950000
29828;29828;2020-06-12;522650
29829;29829;2020-06-12;267000
29830;29830;2020-06-12;340000
29831;29831;2020-06-12;220000
29832;29832;2020-06-12;550000
29833;29833;2020-06-12;797400
29834;29834;2020-06-12;460500
29835;29835;2020-06-12;286150
29836;29836;2020-06-12;870000
29837;29837;2020-06-12;624500
29838;29838;2020-06-12;540000
29839;29839;2020-06-12;2731000
29840;29840;2020-06-12;2640000
29841;29841;2020-06-12;363000
29842;29842;2020-06-12;1435000
29843;29843;2020-06-12;273000
29844;29844;2020-06-12;220500
29845;29845;2020-06-12;1114400
29846;29846;2020-06-12;210000
29847;29847;2020-06-12;558500
29848;29848;2020-06-12;616700
29849;29849;2020-06-12;807500
29850;29850;2020-06-12;310000
29851;29851;2020-06-12;264000
29852;29852;2020-06-12;338000
29853;29853;2020-06-12;472000
29854;29854;2020-06-12;159000
29855;29855;2020-06-12;531000
29856;29856;2020-06-12;67000
29857;29857;2020-06-12;219000
29858;29858;2020-06-12;332500
29859;29859;2020-06-12;170000
29860;29860;2020-06-12;550000
29861;29861;2020-06-12;330000
29862;29862;2020-06-12;580000
29863;29863;2020-06-12;230000
29864;29864;2020-06-12;435000
29865;29865;2020-06-12;280000
29866;29866;2020-06-12;103500
29867;29867;2020-06-12;185000
29868;29868;2020-06-12;117000
29869;29869;2020-06-12;202500
29870;29870;2020-06-12;227000
29871;29871;2020-06-12;180000
29872;29872;2020-06-12;142000
29873;29873;2020-06-12;126900
29874;29874;2020-06-12;334350
29875;29875;2020-06-12;285000
29876;29876;2020-06-12;145000
29877;29877;2020-06-12;154000
29878;29878;2020-06-12;151000
29879;29879;2020-06-12;231375
29880;29880;2020-06-12;250000
29881;29881;2020-06-12;185000
29882;29882;2020-06-12;184900
29883;29883;2020-06-12;420000
29884;29884;2020-06-12;355500
29885;29885;2020-06-12;240700
29886;29886;2020-06-12;271900
29887;29887;2020-06-12;129000
29888;29888;2020-06-12;206000
29889;29889;2020-06-12;61000
29890;29890;2020-06-12;110000
29891;29891;2020-06-12;223000
29892;29892;2020-06-12;187900
29893;29893;2020-06-12;295000
29894;29894;2020-06-12;286000
29895;29895;2020-06-12;180000
29896;29896;2020-06-12;403870
29897;29897;2020-06-12;342000
29898;29898;2020-06-12;430000
29899;29899;2020-06-12;65000
29900;29900;2020-06-12;63000
29901;29901;2020-06-12;120000
29902;29902;2020-06-12;159000
29903;29903;2020-06-12;347500
29904;29904;2020-06-12;195000
29905;29905;2020-06-12;166550
29906;29906;2020-06-12;408100
29907;29907;2020-06-12;119000
29908;29908;2020-06-12;232800
29909;29909;2020-06-12;308879
29910;29910;2020-06-12;69800
29911;29911;2020-06-12;70000
29912;29912;2020-06-12;112000
29913;29913;2020-06-12;65500
29914;29914;2020-06-12;68100
29915;29915;2020-06-12;65400
29916;29916;2020-06-12;105000
29917;29917;2020-06-12;55000
29918;29918;2020-06-12;37000
29919;29919;2020-06-12;41400
29920;29920;2020-06-12;28900
29921;29921;2020-06-12;192900
29922;29922;2020-06-12;45000
29923;29923;2020-06-12;95000
29924;29924;2020-06-12;101000
29925;29925;2020-06-12;161000
29926;29926;2020-06-12;133500
29927;29927;2020-06-12;84000
29928;29928;2020-06-12;120000
29929;29929;2020-06-12;38000
29930;29930;2020-06-12;121500
29931;29931;2020-06-12;55000
29932;29932;2020-06-12;28600
29933;29933;2020-06-12;30000
29934;29934;2020-06-12;62400
29935;29935;2020-06-12;230000
29936;29936;2020-06-12;183000
29937;29937;2020-06-12;335000
29938;29938;2020-06-12;165385
29939;29939;2020-06-12;162000
29940;29940;2020-06-12;114430
29941;29941;2020-06-12;169000
29942;29942;2020-06-12;137000
29943;29943;2020-06-12;126000
29944;29944;2020-06-12;287100
29945;29945;2020-06-12;355000
29946;29946;2020-06-12;138000
29947;29947;2020-06-12;110000
29948;29948;2020-06-12;129000
29949;29949;2020-06-12;160000
29950;29950;2020-06-12;144000
29951;29951;2020-06-12;223000
29952;29952;2020-06-12;184000
29953;29953;2020-06-12;175000
29954;29954;2020-06-12;120000
29955;29955;2020-06-12;150000
29956;29956;2020-06-12;249800
29957;29957;2020-06-12;267500
29958;29958;2020-06-12;141500
29959;29959;2020-06-12;300000
29960;29960;2020-06-12;376700
29961;29961;2020-06-12;228000
29962;29962;2020-06-12;368000
29963;29963;2020-06-12;235000
29964;29964;2020-06-12;315000
29965;29965;2020-06-12;304150
29966;29966;2020-06-12;195000
29967;29967;2020-06-12;213550
29968;29968;2020-06-12;2335000
29969;29969;2020-06-12;423650
29970;29970;2020-06-12;230000
29971;29971;2020-06-12;295000
29972;29972;2020-06-12;535000
29973;29973;2020-06-12;138000
29974;29974;2020-06-12;252000
29975;29975;2020-06-12;975000
29976;29976;2020-06-12;175000
29977;29977;2020-06-12;197000
29978;29978;2020-06-12;60000
29979;29979;2020-06-12;186520
29980;29980;2020-06-12;160000
29981;29981;2020-06-12;171000
29982;29982;2020-06-12;140000
29983;29983;2020-06-12;277000
29984;29984;2020-06-12;307430
29985;29985;2020-06-12;164000
29986;29986;2020-06-12;82000
29987;29987;2020-06-12;135000
29988;29988;2020-06-12;133300
29989;29989;2020-06-12;226900
29990;29990;2020-06-12;387500
29991;29991;2020-06-12;275000
29992;29992;2020-06-12;289000
29993;29993;2020-06-12;197883
29994;29994;2020-06-12;273000
29995;29995;2020-06-12;242718
29996;29996;2020-06-12;300971
29997;29997;2020-06-12;187650
29998;29998;2020-06-12;355000
29999;29999;2020-06-12;249000
30000;30000;2020-06-12;279500
30001;30001;2020-06-12;345000
30002;30002;2020-06-12;315000
30003;30003;2020-06-12;337700
30004;30004;2020-06-12;215000
30005;30005;2020-06-12;369000
30006;30006;2020-06-12;605000
30007;30007;2020-06-12;248000
30008;30008;2020-06-12;640000
30009;30009;2020-06-12;360500
30010;30010;2020-06-12;245000
30011;30011;2020-06-12;251000
30012;30012;2020-06-12;144231
30013;30013;2020-06-12;465000
30014;30014;2020-06-12;195260
30015;30015;2020-06-12;135000
30016;30016;2020-06-12;516800
30017;30017;2020-06-12;332900
30018;30018;2020-06-12;163000
30019;30019;2020-06-12;136000
30020;30020;2020-06-12;126500
30021;30021;2020-06-12;182000
30022;30022;2020-06-12;162612
30023;30023;2020-06-12;108000
30024;30024;2020-06-12;202000
30025;30025;2020-06-12;119000
30026;30026;2020-06-12;146500
30027;30027;2020-06-12;164000
30028;30028;2020-06-12;76000
30029;30029;2020-06-12;172000
30030;30030;2020-06-12;110000
30031;30031;2020-06-12;242071
30032;30032;2020-06-12;165500
30033;30033;2020-06-12;130000
30034;30034;2020-06-12;315200
30035;30035;2020-06-12;135500
30036;30036;2020-06-12;237000
30037;30037;2020-06-12;105000
30038;30038;2020-06-12;135000
30039;30039;2020-06-12;310000
30040;30040;2020-06-12;221950
30041;30041;2020-06-12;115000
30042;30042;2020-06-12;135000
30043;30043;2020-06-12;119000
30044;30044;2020-06-12;65000
30045;30045;2020-06-12;400000
30046;30046;2020-06-12;87000
30047;30047;2020-06-12;127000
30048;30048;2020-06-12;86000
30049;30049;2020-06-13;83000
30050;30050;2020-06-13;320000
30051;30051;2020-06-13;189000
30052;30052;2020-06-13;81500
30053;30053;2020-06-13;101800
30054;30054;2020-06-13;71300
30055;30055;2020-06-13;75500
30056;30056;2020-06-13;94600
30057;30057;2020-06-13;105000
30058;30058;2020-06-13;135000
30059;30059;2020-06-13;176500
30060;30060;2020-06-13;100000
30061;30061;2020-06-13;33000
30062;30062;2020-06-13;237500
30063;30063;2020-06-13;114400
30064;30064;2020-06-13;119000
30065;30065;2020-06-13;124000
30066;30066;2020-06-13;139000
30067;30067;2020-06-13;595000
30068;30068;2020-06-13;57000
30069;30069;2020-06-13;33000
30070;30070;2020-06-13;73800
30071;30071;2020-06-13;82000
30072;30072;2020-06-13;53000
30073;30073;2020-06-13;66600
30074;30074;2020-06-13;47700
30075;30075;2020-06-13;2055000
30076;30076;2020-06-13;183000
30077;30077;2020-06-13;65000
30078;30078;2020-06-13;100000
30079;30079;2020-06-13;100000
30080;30080;2020-06-13;210000
30081;30081;2020-06-13;62500
30082;30082;2020-06-13;96000
30083;30083;2020-06-13;160000
30084;30084;2020-06-13;48860
30085;30085;2020-06-13;80500
30086;30086;2020-06-13;40000
30087;30087;2020-06-13;49200
30088;30088;2020-06-13;193000
30089;30089;2020-06-13;320000
30090;30090;2020-06-15;117000
30091;30091;2020-06-15;75000
30092;30092;2020-06-15;202000
30093;30093;2020-06-15;39000
30094;30094;2020-06-15;51500
30095;30095;2020-06-15;190000
30096;30096;2020-06-15;153000
30097;30097;2020-06-15;115000
30098;30098;2020-06-15;138000
30099;30099;2020-06-15;210000
30100;30100;2020-06-15;155350
30101;30101;2020-06-15;230300
30102;30102;2020-06-15;148900
30103;30103;2020-06-15;52000
30104;30104;2020-06-15;132480
30105;30105;2020-06-15;259000
30106;30106;2020-06-15;143000
30107;30107;2020-06-15;225000
30108;30108;2020-06-15;233000
30109;30109;2020-06-15;184414
30110;30110;2020-06-15;111000
30111;30111;2020-06-15;90950
30112;30112;2020-06-15;22000
30113;30113;2020-06-15;95400
30114;30114;2020-06-15;103000
30115;30115;2020-06-15;126750
30116;30116;2020-06-15;106000
30117;30117;2020-06-15;50000
30118;30118;2020-06-15;43025
30119;30119;2020-06-15;57700
30120;30120;2020-06-15;149000
30121;30121;2020-06-15;55000
30122;30122;2020-06-15;65000
30123;30123;2020-06-15;120000
30124;30124;2020-06-15;109945
30125;30125;2020-06-15;45000
30126;30126;2020-06-15;117500
30127;30127;2020-06-15;85000
30128;30128;2020-06-15;114000
30129;30129;2020-06-15;34000
30130;30130;2020-06-15;130000
30131;30131;2020-06-15;259250
30132;30132;2020-06-15;210000
30133;30133;2020-06-15;1731387
30134;30134;2020-06-15;166500
30135;30135;2020-06-15;109000
30136;30136;2020-06-15;69000
30137;30137;2020-06-15;67000
30138;30138;2020-06-15;90000
30139;30139;2020-06-15;122000
30140;30140;2020-06-15;157000
30141;30141;2020-06-15;235000
30142;30142;2020-06-15;350000
30143;30143;2020-06-15;322989
30144;30144;2020-06-15;270700
30145;30145;2020-06-15;120000
30146;30146;2020-06-15;380000
30147;30147;2020-06-15;249900
30148;30148;2020-06-15;721000
30149;30149;2020-06-15;242600
30150;30150;2020-06-15;317450
30151;30151;2020-06-15;228400
30152;30152;2020-06-15;130000
30153;30153;2020-06-15;286000
30154;30154;2020-06-15;91500
30155;30155;2020-06-15;249513
30156;30156;2020-06-15;63173
30157;30157;2020-06-15;73500
30158;30158;2020-06-15;65000
30159;30159;2020-06-15;160850
30160;30160;2020-06-15;103000
30161;30161;2020-06-15;256868
30162;30162;2020-06-15;156300
30163;30163;2020-06-15;248130
30164;30164;2020-06-15;85000
30165;30165;2020-06-15;84000
30166;30166;2020-06-15;147000
30167;30167;2020-06-15;173000
30168;30168;2020-06-15;195000
30169;30169;2020-06-15;168000
30170;30170;2020-06-15;380000
30171;30171;2020-06-15;166000
30172;30172;2020-06-15;262700
30173;30173;2020-06-15;143500
30174;30174;2020-06-15;181360
30175;30175;2020-06-15;68770
30176;30176;2020-06-15;210500
30177;30177;2020-06-15;112000
30178;30178;2020-06-15;125000
30179;30179;2020-06-15;142000
30180;30180;2020-06-15;200000
30181;30181;2020-06-15;65000
30182;30182;2020-06-15;162000
30183;30183;2020-06-15;425000
30184;30184;2020-06-15;420605
30185;30185;2020-06-15;68200
30186;30186;2020-06-15;142500
30187;30187;2020-06-15;287238
30188;30188;2020-06-15;190000
30189;30189;2020-06-15;147500
30190;30190;2020-06-15;94000
30191;30191;2020-06-15;109000
30192;30192;2020-06-15;148000
30193;30193;2020-06-15;139900
30194;30194;2020-06-15;72000
30195;30195;2020-06-15;115000
30196;30196;2020-06-15;120500
30197;30197;2020-06-15;162850
30198;30198;2020-06-15;102500
30199;30199;2020-06-15;123000
30200;30200;2020-06-15;139550
30201;30201;2020-06-15;80000
30202;30202;2020-06-15;105000
30203;30203;2020-06-15;180000
30204;30204;2020-06-15;88500
30205;30205;2020-06-15;53000
30206;30206;2020-06-15;61000
30207;30207;2020-06-15;99000
30208;30208;2020-06-15;169550
30209;30209;2020-06-15;400000
30210;30210;2020-06-15;177000
30211;30211;2020-06-15;88000
30212;30212;2020-06-15;315000
30213;30213;2020-06-15;68000
30214;30214;2020-06-15;60500
30215;30215;2020-06-15;143000
30216;30216;2020-06-15;227000
30217;30217;2020-06-15;152200
30218;30218;2020-06-15;410000
30219;30219;2020-06-15;47500
30220;30220;2020-06-15;107500
30221;30221;2020-06-15;120000
30222;30222;2020-06-15;46000
30223;30223;2020-06-15;277000
30224;30224;2020-06-15;195000
30225;30225;2020-06-15;89600
30226;30226;2020-06-15;204800
30227;30227;2020-06-15;67000
30228;30228;2020-06-15;58000
30229;30229;2020-06-15;116000
30230;30230;2020-06-15;105010
30231;30231;2020-06-15;30000
30232;30232;2020-06-15;267180
30233;30233;2020-06-15;104000
30234;30234;2020-06-15;96000
30235;30235;2020-06-15;242000
30236;30236;2020-06-15;63000
30237;30237;2020-06-15;246770
30238;30238;2020-06-15;485000
30239;30239;2020-06-15;169325
30240;30240;2020-06-15;401000
30241;30241;2020-06-15;288000
30242;30242;2020-06-15;207000
30243;30243;2020-06-15;264000
30244;30244;2020-06-15;617200
30245;30245;2020-06-15;64670
30246;30246;2020-06-15;642400
30247;30247;2020-06-15;75000
30248;30248;2020-06-15;135000
30249;30249;2020-06-15;65000
30250;30250;2020-06-15;89000
30251;30251;2020-06-15;41500
30252;30252;2020-06-15;139000
30253;30253;2020-06-15;245000
30254;30254;2020-06-15;195000
30255;30255;2020-06-15;87700
30256;30256;2020-06-15;561000
30257;30257;2020-06-15;3100000
30258;30258;2020-06-15;740000
30259;30259;2020-06-15;750000
30260;30260;2020-06-15;729900
30261;30261;2020-06-15;1727000
30262;30262;2020-06-15;518300
30263;30263;2020-06-15;360000
30264;30264;2020-06-15;737800
30265;30265;2020-06-15;4000000
30266;30266;2020-06-15;1487500
30267;30267;2020-06-15;274000
30268;30268;2020-06-15;600000
30269;30269;2020-06-15;626200
30270;30270;2020-06-15;117000
30271;30271;2020-06-15;786300
30272;30272;2020-06-15;299000
30273;30273;2020-06-15;444000
30274;30274;2020-06-15;550000
30275;30275;2020-06-15;571400
30276;30276;2020-06-15;350000
30277;30277;2020-06-15;585000
30278;30278;2020-06-15;525000
30279;30279;2020-06-15;197000
30280;30280;2020-06-15;430000
30281;30281;2020-06-15;400000
30282;30282;2020-06-15;215000
30283;30283;2020-06-15;578000
30284;30284;2020-06-15;1805000
30285;30285;2020-06-15;2210210
30286;30286;2020-06-15;1169550
30287;30287;2020-06-15;431900
30288;30288;2020-06-15;1766380
30289;30289;2020-06-15;1000000
30290;30290;2020-06-15;227100
30291;30291;2020-06-15;1181450
30292;30292;2020-06-15;480000
30293;30293;2020-06-15;927184
30294;30294;2020-06-15;1205000
30295;30295;2020-06-15;256260
30296;30296;2020-06-15;561500
30297;30297;2020-06-15;168000
30298;30298;2020-06-15;632000
30299;30299;2020-06-15;660000
30300;30300;2020-06-15;1900000
30301;30301;2020-06-15;338000
30302;30302;2020-06-15;195000
30303;30303;2020-06-15;150000
30304;30304;2020-06-15;184000
30305;30305;2020-06-15;380000
30306;30306;2020-06-15;445000
30307;30307;2020-06-15;450000
30308;30308;2020-06-15;250400
30309;30309;2020-06-15;655000
30310;30310;2020-06-15;680000
30311;30311;2020-06-15;66000
30312;30312;2020-06-15;67000
30313;30313;2020-06-15;215000
30314;30314;2020-06-15;271500
30315;30315;2020-06-15;68000
30316;30316;2020-06-15;141420
30317;30317;2020-06-15;205000
30318;30318;2020-06-15;137000
30319;30319;2020-06-15;270000
30320;30320;2020-06-15;213000
30321;30321;2020-06-15;58000
30322;30322;2020-06-15;420600
30323;30323;2020-06-15;112000
30324;30324;2020-06-15;158000
30325;30325;2020-06-15;114000
30326;30326;2020-06-15;117000
30327;30327;2020-06-15;197500
30328;30328;2020-06-15;243000
30329;30329;2020-06-15;500000
30330;30330;2020-06-15;687000
30331;30331;2020-06-15;541350
30332;30332;2020-06-15;171875
30333;30333;2020-06-15;342030
30334;30334;2020-06-15;434000
30335;30335;2020-06-15;133190
30336;30336;2020-06-15;175133
30337;30337;2020-06-15;233000
30338;30338;2020-06-15;116500
30339;30339;2020-06-15;140000
30340;30340;2020-06-15;268420
30341;30341;2020-06-15;159000
30342;30342;2020-06-15;460000
30343;30343;2020-06-15;174000
30344;30344;2020-06-15;151500
30345;30345;2020-06-15;109500
30346;30346;2020-06-15;180000
30347;30347;2020-06-15;408000
30348;30348;2020-06-15;569000
30349;30349;2020-06-15;648500
30350;30350;2020-06-15;240000
30351;30351;2020-06-15;215000
30352;30352;2020-06-15;559000
30353;30353;2020-06-15;168500
30354;30354;2020-06-15;114000
30355;30355;2020-06-15;1312960
30356;30356;2020-06-15;213140
30357;30357;2020-06-15;40000
30358;30358;2020-06-15;385000
30359;30359;2020-06-15;95000
30360;30360;2020-06-15;220000
30361;30361;2020-06-15;127000
30362;30362;2020-06-15;156000
30363;30363;2020-06-15;110000
30364;30364;2020-06-15;77020
30365;30365;2020-06-15;535000
30366;30366;2020-06-15;146150
30367;30367;2020-06-15;105000
30368;30368;2020-06-15;148000
30369;30369;2020-06-15;82000
30370;30370;2020-06-15;200000
30371;30371;2020-06-15;78000
30372;30372;2020-06-15;29200
30373;30373;2020-06-15;52000
30374;30374;2020-06-15;145000
30375;30375;2020-06-15;90000
30376;30376;2020-06-15;184000
30377;30377;2020-06-15;101000
30378;30378;2020-06-15;190000
30379;30379;2020-06-15;150000
30380;30380;2020-06-15;89000
30381;30381;2020-06-15;641000
30382;30382;2020-06-15;405000
30383;30383;2020-06-15;152500
30384;30384;2020-06-15;85000
30385;30385;2020-06-15;259000
30386;30386;2020-06-15;125000
30387;30387;2020-06-15;260000
30388;30388;2020-06-15;425000
30389;30389;2020-06-15;238000
30390;30390;2020-06-15;123500
30391;30391;2020-06-15;220000
30392;30392;2020-06-15;599000
30393;30393;2020-06-15;425000
30394;30394;2020-06-15;170000
30395;30395;2020-06-15;699000
30396;30396;2020-06-15;324900
30397;30397;2020-06-15;294410
30398;30398;2020-06-15;1597460
30399;30399;2020-06-15;190000
30400;30400;2020-06-15;408168
30401;30401;2020-06-15;344000
30402;30402;2020-06-15;218500
30403;30403;2020-06-15;199470
30404;30404;2020-06-15;65000
30405;30405;2020-06-15;100000
30406;30406;2020-06-15;245000
30407;30407;2020-06-15;583000
30408;30408;2020-06-15;168000
30409;30409;2020-06-15;185000
30410;30410;2020-06-15;163000
30411;30411;2020-06-15;195000
30412;30412;2020-06-15;236740
30413;30413;2020-06-15;158500
30414;30414;2020-06-15;225000
30415;30415;2020-06-15;140000
30416;30416;2020-06-15;123800
30417;30417;2020-06-15;147000
30418;30418;2020-06-15;195000
30419;30419;2020-06-15;115000
30420;30420;2020-06-15;295000
30421;30421;2020-06-15;240000
30422;30422;2020-06-15;380000
30423;30423;2020-06-15;72000
30424;30424;2020-06-15;170000
30425;30425;2020-06-15;541500
30426;30426;2020-06-15;129000
30427;30427;2020-06-15;323500
30428;30428;2020-06-15;192000
30429;30429;2020-06-15;168728
30430;30430;2020-06-15;175000
30431;30431;2020-06-15;387650
30432;30432;2020-06-15;508000
30433;30433;2020-06-15;378625
30434;30434;2020-06-15;227000
30435;30435;2020-06-15;126000
30436;30436;2020-06-15;110000
30437;30437;2020-06-15;265000
30438;30438;2020-06-15;152824
30439;30439;2020-06-15;307400
30440;30440;2020-06-15;240770
30441;30441;2020-06-15;132000
30442;30442;2020-06-15;244000
30443;30443;2020-06-15;520000
30444;30444;2020-06-15;106935
30445;30445;2020-06-15;159877
30446;30446;2020-06-15;475000
30447;30447;2020-06-15;201000
30448;30448;2020-06-15;127000
30449;30449;2020-06-15;205000
30450;30450;2020-06-15;132000
30451;30451;2020-06-15;87500
30452;30452;2020-06-15;247000
30453;30453;2020-06-15;120000
30454;30454;2020-06-15;146900
30455;30455;2020-06-15;354000
30456;30456;2020-06-15;137000
30457;30457;2020-06-15;264000
30458;30458;2020-06-15;103000
30459;30459;2020-06-15;324000
30460;30460;2020-06-15;293000
30461;30461;2020-06-15;85500
30462;30462;2020-06-15;151000
30463;30463;2020-06-15;173650
30464;30464;2020-06-15;166000
30465;30465;2020-06-15;225000
30466;30466;2020-06-15;120000
30467;30467;2020-06-16;55000
30468;30468;2020-06-16;106000
30469;30469;2020-06-16;330000
30470;30470;2020-06-16;330000
30471;30471;2020-06-16;282000
30472;30472;2020-06-16;245000
30473;30473;2020-06-16;73000
30474;30474;2020-06-16;167960
30475;30475;2020-06-16;285000
30476;30476;2020-06-16;72550
30477;30477;2020-06-16;70000
30478;30478;2020-06-16;134350
30479;30479;2020-06-16;137000
30480;30480;2020-06-16;138000
30481;30481;2020-06-16;168000
30482;30482;2020-06-16;100000
30483;30483;2020-06-16;142600
30484;30484;2020-06-16;153000
30485;30485;2020-06-16;42000
30486;30486;2020-06-16;125000
30487;30487;2020-06-16;60900
30488;30488;2020-06-16;212000
30489;30489;2020-06-16;64000
30490;30490;2020-06-16;38950
30491;30491;2020-06-16;89000
30492;30492;2020-06-16;243000
30493;30493;2020-06-16;87725
30494;30494;2020-06-16;185000
30495;30495;2020-06-16;194000
30496;30496;2020-06-16;236150
30497;30497;2020-06-16;110500
30498;30498;2020-06-16;189000
30499;30499;2020-06-16;98900
30500;30500;2020-06-16;38000
30501;30501;2020-06-16;238000
30502;30502;2020-06-16;469950
30503;30503;2020-06-16;340000
30504;30504;2020-06-16;177000
30505;30505;2020-06-16;157500
30506;30506;2020-06-16;46000
30507;30507;2020-06-16;50000
30508;30508;2020-06-16;230000
30509;30509;2020-06-16;183500
30510;30510;2020-06-16;186000
30511;30511;2020-06-16;110000
30512;30512;2020-06-16;128000
30513;30513;2020-06-16;81800
30514;30514;2020-06-16;115000
30515;30515;2020-06-16;48862
30516;30516;2020-06-16;128250
30517;30517;2020-06-16;74000
30518;30518;2020-06-16;146300
30519;30519;2020-06-16;55000
30520;30520;2020-06-16;146000
30521;30521;2020-06-16;277000
30522;30522;2020-06-16;81000
30523;30523;2020-06-16;71000
30524;30524;2020-06-16;457326
30525;30525;2020-06-16;186900
30526;30526;2020-06-16;223675
30527;30527;2020-06-16;45000
30528;30528;2020-06-16;65750
30529;30529;2020-06-16;61800
30530;30530;2020-06-16;138486
30531;30531;2020-06-16;240000
30532;30532;2020-06-16;120000
30533;30533;2020-06-16;29490
30534;30534;2020-06-16;218000
30535;30535;2020-06-16;164000
30536;30536;2020-06-16;173000
30537;30537;2020-06-16;120000
30538;30538;2020-06-16;97200
30539;30539;2020-06-16;127000
30540;30540;2020-06-16;97400
30541;30541;2020-06-16;12000
30542;30542;2020-06-16;119000
30543;30543;2020-06-16;104118
30544;30544;2020-06-16;34500
30545;30545;2020-06-16;225000
30546;30546;2020-06-16;87500
30547;30547;2020-06-16;94000
30548;30548;2020-06-16;49000
30549;30549;2020-06-16;106000
30550;30550;2020-06-16;58000
30551;30551;2020-06-16;147500
30552;30552;2020-06-16;350000
30553;30553;2020-06-16;62000
30554;30554;2020-06-16;60000
30555;30555;2020-06-16;48000
30556;30556;2020-06-16;118000
30557;30557;2020-06-16;35000
30558;30558;2020-06-16;193000
30559;30559;2020-06-16;227500
30560;30560;2020-06-16;62000
30561;30561;2020-06-16;64000
30562;30562;2020-06-16;35000
30563;30563;2020-06-16;42000
30564;30564;2020-06-16;61500
30565;30565;2020-06-16;175000
30566;30566;2020-06-16;42560
30567;30567;2020-06-16;174020
30568;30568;2020-06-16;157000
30569;30569;2020-06-16;285000
30570;30570;2020-06-16;50000
30571;30571;2020-06-16;80000
30572;30572;2020-06-16;115000
30573;30573;2020-06-16;227640
30574;30574;2020-06-16;161000
30575;30575;2020-06-16;95390
30576;30576;2020-06-16;194000
30577;30577;2020-06-16;92000
30578;30578;2020-06-16;116000
30579;30579;2020-06-16;59500
30580;30580;2020-06-16;122000
30581;30581;2020-06-16;390000
30582;30582;2020-06-16;163629
30583;30583;2020-06-16;735000
30584;30584;2020-06-16;634000
30585;30585;2020-06-16;1870000
30586;30586;2020-06-16;800000
30587;30587;2020-06-16;795000
30588;30588;2020-06-16;1400000
30589;30589;2020-06-16;109000
30590;30590;2020-06-16;1588800
30591;30591;2020-06-16;88000
30592;30592;2020-06-16;492800
30593;30593;2020-06-16;405400
30594;30594;2020-06-16;170000
30595;30595;2020-06-16;636723
30596;30596;2020-06-16;421000
30597;30597;2020-06-16;120000
30598;30598;2020-06-16;1340700
30599;30599;2020-06-16;567100
30600;30600;2020-06-16;260000
30601;30601;2020-06-16;448000
30602;30602;2020-06-16;540470
30603;30603;2020-06-16;9000000
30604;30604;2020-06-16;431480
30605;30605;2020-06-16;2100000
30606;30606;2020-06-16;420000
30607;30607;2020-06-16;1600000
30608;30608;2020-06-16;107500
30609;30609;2020-06-16;323900
30610;30610;2020-06-16;230000
30611;30611;2020-06-16;455000
30612;30612;2020-06-16;1240000
30613;30613;2020-06-16;63950
30614;30614;2020-06-16;580010
30615;30615;2020-06-16;114990
30616;30616;2020-06-16;356190
30617;30617;2020-06-16;665000
30618;30618;2020-06-16;485000
30619;30619;2020-06-16;599000
30620;30620;2020-06-16;701000
30621;30621;2020-06-16;95000
30622;30622;2020-06-16;134000
30623;30623;2020-06-16;100000
30624;30624;2020-06-16;63000
30625;30625;2020-06-16;78800
30626;30626;2020-06-16;92000
30627;30627;2020-06-16;106000
30628;30628;2020-06-16;112000
30629;30629;2020-06-16;210000
30630;30630;2020-06-16;301750
30631;30631;2020-06-16;80000
30632;30632;2020-06-16;76000
30633;30633;2020-06-16;137500
30634;30634;2020-06-16;166000
30635;30635;2020-06-16;314000
30636;30636;2020-06-16;245000
30637;30637;2020-06-16;190000
30638;30638;2020-06-16;126000
30639;30639;2020-06-16;155000
30640;30640;2020-06-16;189000
30641;30641;2020-06-16;217500
30642;30642;2020-06-16;218000
30643;30643;2020-06-16;252500
30644;30644;2020-06-16;105000
30645;30645;2020-06-16;154000
30646;30646;2020-06-16;212000
30647;30647;2020-06-16;132489
30648;30648;2020-06-16;121000
30649;30649;2020-06-16;199000
30650;30650;2020-06-16;350000
30651;30651;2020-06-16;339900
30652;30652;2020-06-16;189953
30653;30653;2020-06-16;518010
30654;30654;2020-06-16;165000
30655;30655;2020-06-16;585320
30656;30656;2020-06-16;230000
30657;30657;2020-06-16;100725
30658;30658;2020-06-16;225070
30659;30659;2020-06-16;340000
30660;30660;2020-06-16;900000
30661;30661;2020-06-16;113000
30662;30662;2020-06-16;100000
30663;30663;2020-06-16;155000
30664;30664;2020-06-16;56000
30665;30665;2020-06-16;100000
30666;30666;2020-06-16;332000
30667;30667;2020-06-16;225000
30668;30668;2020-06-16;165000
30669;30669;2020-06-16;70000
30670;30670;2020-06-16;304500
30671;30671;2020-06-16;152000
30672;30672;2020-06-16;280000
30673;30673;2020-06-16;287000
30674;30674;2020-06-16;200000
30675;30675;2020-06-16;248000
30676;30676;2020-06-16;806700
30677;30677;2020-06-16;314000
30678;30678;2020-06-16;227884
30679;30679;2020-06-16;353600
30680;30680;2020-06-16;195000
30681;30681;2020-06-16;115000
30682;30682;2020-06-16;220000
30683;30683;2020-06-16;180000
30684;30684;2020-06-16;155500
30685;30685;2020-06-16;336500
30686;30686;2020-06-16;170000
30687;30687;2020-06-16;242600
30688;30688;2020-06-16;255000
30689;30689;2020-06-16;57000
30690;30690;2020-06-16;178000
30691;30691;2020-06-16;428000
30692;30692;2020-06-16;167300
30693;30693;2020-06-16;205000
30694;30694;2020-06-16;1002500
30695;30695;2020-06-16;177000
30696;30696;2020-06-16;215000
30697;30697;2020-06-16;254000
30698;30698;2020-06-16;145000
30699;30699;2020-06-16;465000
30700;30700;2020-06-16;438800
30701;30701;2020-06-16;495050
30702;30702;2020-06-16;186000
30703;30703;2020-06-16;360000
30704;30704;2020-06-16;90000
30705;30705;2020-06-16;796350
30706;30706;2020-06-16;180100
30707;30707;2020-06-16;145000
30708;30708;2020-06-16;388000
30709;30709;2020-06-16;285000
30710;30710;2020-06-16;140000
30711;30711;2020-06-16;390000
30712;30712;2020-06-16;116460
30713;30713;2020-06-16;120000
30714;30714;2020-06-16;92000
30715;30715;2020-06-16;70000
30716;30716;2020-06-16;125000
30717;30717;2020-06-16;171000
30718;30718;2020-06-16;174000
30719;30719;2020-06-16;191900
30720;30720;2020-06-16;85000
30721;30721;2020-06-16;136000
30722;30722;2020-06-16;247000
30723;30723;2020-06-16;194900
30724;30724;2020-06-16;141000
30725;30725;2020-06-16;128000
30726;30726;2020-06-16;147540
30727;30727;2020-06-17;595600
30728;30728;2020-06-17;64000
30729;30729;2020-06-17;145000
30730;30730;2020-06-17;200000
30731;30731;2020-06-17;395000
30732;30732;2020-06-17;140000
30733;30733;2020-06-17;1582542
30734;30734;2020-06-17;346000
30735;30735;2020-06-17;432500
30736;30736;2020-06-17;81000
30737;30737;2020-06-17;277000
30738;30738;2020-06-17;57500
30739;30739;2020-06-17;85500
30740;30740;2020-06-17;106000
30741;30741;2020-06-17;85000
30742;30742;2020-06-17;96000
30743;30743;2020-06-17;53000
30744;30744;2020-06-17;33700
30745;30745;2020-06-17;76250
30746;30746;2020-06-17;67000
30747;30747;2020-06-17;155000
30748;30748;2020-06-17;176191
30749;30749;2020-06-17;63000
30750;30750;2020-06-17;74500
30751;30751;2020-06-17;136000
30752;30752;2020-06-17;409500
30753;30753;2020-06-17;490800
30754;30754;2020-06-17;186600
30755;30755;2020-06-17;50000
30756;30756;2020-06-17;97000
30757;30757;2020-06-17;97000
30758;30758;2020-06-17;149675
30759;30759;2020-06-17;121000
30760;30760;2020-06-17;91660
30761;30761;2020-06-17;312500
30762;30762;2020-06-17;187000
30763;30763;2020-06-17;260000
30764;30764;2020-06-17;215000
30765;30765;2020-06-17;73444
30766;30766;2020-06-17;108072
30767;30767;2020-06-17;117000
30768;30768;2020-06-17;99950
30769;30769;2020-06-17;74800
30770;30770;2020-06-17;209800
30771;30771;2020-06-17;194000
30772;30772;2020-06-17;120000
30773;30773;2020-06-17;191550
30774;30774;2020-06-17;304000
30775;30775;2020-06-17;26000
30776;30776;2020-06-17;97400
30777;30777;2020-06-17;151000
30778;30778;2020-06-17;91000
30779;30779;2020-06-17;114200
30780;30780;2020-06-17;125000
30781;30781;2020-06-17;326570
30782;30782;2020-06-17;189050
30783;30783;2020-06-17;70000
30784;30784;2020-06-17;95000
30785;30785;2020-06-17;127500
30786;30786;2020-06-17;110000
30787;30787;2020-06-17;32500
30788;30788;2020-06-17;211000
30789;30789;2020-06-17;151200
30790;30790;2020-06-17;97000
30791;30791;2020-06-17;140000
30792;30792;2020-06-17;110000
30793;30793;2020-06-17;139000
30794;30794;2020-06-17;138500
30795;30795;2020-06-17;229000
30796;30796;2020-06-17;148088
30797;30797;2020-06-17;86400
30798;30798;2020-06-17;75000
30799;30799;2020-06-17;76200
30800;30800;2020-06-17;185000
30801;30801;2020-06-17;95500
30802;30802;2020-06-17;69000
30803;30803;2020-06-17;113250
30804;30804;2020-06-17;20000
30805;30805;2020-06-17;18000
30806;30806;2020-06-17;66000
30807;30807;2020-06-17;330000
30808;30808;2020-06-17;59000
30809;30809;2020-06-17;125000
30810;30810;2020-06-17;146400
30811;30811;2020-06-17;127600
30812;30812;2020-06-17;273600
30813;30813;2020-06-17;60000
30814;30814;2020-06-17;278500
30815;30815;2020-06-17;116500
30816;30816;2020-06-17;56000
30817;30817;2020-06-17;146140
30818;30818;2020-06-17;181500
30819;30819;2020-06-17;110000
30820;30820;2020-06-17;86000
30821;30821;2020-06-17;135000
30822;30822;2020-06-17;35000
30823;30823;2020-06-17;115500
30824;30824;2020-06-17;92200
30825;30825;2020-06-17;115000
30826;30826;2020-06-17;98500
30827;30827;2020-06-17;115000
30828;30828;2020-06-17;148000
30829;30829;2020-06-17;62100
30830;30830;2020-06-17;50000
30831;30831;2020-06-17;56000
30832;30832;2020-06-17;52000
30833;30833;2020-06-17;92000
30834;30834;2020-06-17;440165
30835;30835;2020-06-17;344400
30836;30836;2020-06-17;219000
30837;30837;2020-06-17;645000
30838;30838;2020-06-17;125000
30839;30839;2020-06-17;43500
30840;30840;2020-06-17;80000
30841;30841;2020-06-17;52000
30842;30842;2020-06-17;89000
30843;30843;2020-06-17;249000
30844;30844;2020-06-17;104000
30845;30845;2020-06-17;154000
30846;30846;2020-06-17;325000
30847;30847;2020-06-17;131400
30848;30848;2020-06-17;850000
30849;30849;2020-06-17;145000
30850;30850;2020-06-17;264500
30851;30851;2020-06-17;3200000
30852;30852;2020-06-17;339500
30853;30853;2020-06-17;593750
30854;30854;2020-06-17;83000
30855;30855;2020-06-17;270000
30856;30856;2020-06-17;1441000
30857;30857;2020-06-17;2758900
30858;30858;2020-06-17;298150
30859;30859;2020-06-17;1090000
30860;30860;2020-06-17;351875
30861;30861;2020-06-17;122000
30862;30862;2020-06-17;202500
30863;30863;2020-06-17;555000
30864;30864;2020-06-17;620000
30865;30865;2020-06-17;140975
30866;30866;2020-06-17;450000
30867;30867;2020-06-17;427000
30868;30868;2020-06-17;665000
30869;30869;2020-06-17;315000
30870;30870;2020-06-17;543000
30871;30871;2020-06-17;982500
30872;30872;2020-06-17;997000
30873;30873;2020-06-17;314600
30874;30874;2020-06-17;650000
30875;30875;2020-06-17;695000
30876;30876;2020-06-17;385000
30877;30877;2020-06-17;412908
30878;30878;2020-06-17;346000
30879;30879;2020-06-17;810000
30880;30880;2020-06-17;406500
30881;30881;2020-06-17;348000
30882;30882;2020-06-17;482500
30883;30883;2020-06-17;320000
30884;30884;2020-06-17;219000
30885;30885;2020-06-17;484000
30886;30886;2020-06-17;704000
30887;30887;2020-06-17;48000
30888;30888;2020-06-17;260000
30889;30889;2020-06-17;81750
30890;30890;2020-06-17;160000
30891;30891;2020-06-17;253000
30892;30892;2020-06-17;120000
30893;30893;2020-06-17;138000
30894;30894;2020-06-17;243800
30895;30895;2020-06-17;122000
30896;30896;2020-06-17;180000
30897;30897;2020-06-17;130200
30898;30898;2020-06-17;125000
30899;30899;2020-06-17;176500
30900;30900;2020-06-17;495000
30901;30901;2020-06-17;85000
30902;30902;2020-06-17;235000
30903;30903;2020-06-17;185000
30904;30904;2020-06-17;158000
30905;30905;2020-06-17;380200
30906;30906;2020-06-17;364000
30907;30907;2020-06-17;156900
30908;30908;2020-06-17;207750
30909;30909;2020-06-17;147500
30910;30910;2020-06-17;138000
30911;30911;2020-06-17;622500
30912;30912;2020-06-17;180000
30913;30913;2020-06-17;248000
30914;30914;2020-06-17;110000
30915;30915;2020-06-17;125000
30916;30916;2020-06-17;110000
30917;30917;2020-06-17;167000
30918;30918;2020-06-17;247700
30919;30919;2020-06-17;31000
30920;30920;2020-06-17;129450
30921;30921;2020-06-17;55000
30922;30922;2020-06-17;95000
30923;30923;2020-06-17;130000
30924;30924;2020-06-17;127000
30925;30925;2020-06-17;70000
30926;30926;2020-06-17;81900
30927;30927;2020-06-17;135000
30928;30928;2020-06-17;33000
30929;30929;2020-06-17;62000
30930;30930;2020-06-17;185350
30931;30931;2020-06-17;150000
30932;30932;2020-06-17;275000
30933;30933;2020-06-17;76000
30934;30934;2020-06-17;200000
30935;30935;2020-06-17;340000
30936;30936;2020-06-17;159900
30937;30937;2020-06-17;171200
30938;30938;2020-06-17;156000
30939;30939;2020-06-17;110000
30940;30940;2020-06-17;139000
30941;30941;2020-06-17;173000
30942;30942;2020-06-17;142000
30943;30943;2020-06-17;357800
30944;30944;2020-06-17;535000
30945;30945;2020-06-17;195000
30946;30946;2020-06-17;120000
30947;30947;2020-06-17;234900
30948;30948;2020-06-17;169500
30949;30949;2020-06-17;283500
30950;30950;2020-06-17;383000
30951;30951;2020-06-17;418662
30952;30952;2020-06-17;169000
30953;30953;2020-06-17;656800
30954;30954;2020-06-17;160850
30955;30955;2020-06-17;218000
30956;30956;2020-06-17;128000
30957;30957;2020-06-17;35000
30958;30958;2020-06-17;232000
30959;30959;2020-06-17;136000
30960;30960;2020-06-17;150000
30961;30961;2020-06-17;360000
30962;30962;2020-06-17;350000
30963;30963;2020-06-17;290610
30964;30964;2020-06-17;327000
30965;30965;2020-06-17;190000
30966;30966;2020-06-17;775710
30967;30967;2020-06-17;380000
30968;30968;2020-06-17;310760
30969;30969;2020-06-17;197270
30970;30970;2020-06-17;390000
30971;30971;2020-06-17;159000
30972;30972;2020-06-17;223600
30973;30973;2020-06-17;322000
30974;30974;2020-06-17;334000
30975;30975;2020-06-17;337600
30976;30976;2020-06-17;194000
30977;30977;2020-06-17;183000
30978;30978;2020-06-17;221000
30979;30979;2020-06-17;105900
30980;30980;2020-06-17;165000
30981;30981;2020-06-17;103000
30982;30982;2020-06-17;149000
30983;30983;2020-06-17;155000
30984;30984;2020-06-17;250750
30985;30985;2020-06-17;180000
30986;30986;2020-06-17;279000
30987;30987;2020-06-17;155000
30988;30988;2020-06-17;126980
30989;30989;2020-06-17;178000
30990;30990;2020-06-17;110000
30991;30991;2020-06-17;155000
30992;30992;2020-06-17;122000
30993;30993;2020-06-17;136000
30994;30994;2020-06-17;108000
30995;30995;2020-06-18;169000
30996;30996;2020-06-18;41000
30997;30997;2020-06-18;300000
30998;30998;2020-06-18;775300
30999;30999;2020-06-18;135000
31000;31000;2020-06-18;242000
31001;31001;2020-06-18;117000
31002;31002;2020-06-18;147500
31003;31003;2020-06-18;383000
31004;31004;2020-06-18;123000
31005;31005;2020-06-18;20000
31006;31006;2020-06-18;35000
31007;31007;2020-06-18;30000
31008;31008;2020-06-18;56000
31009;31009;2020-06-18;130000
31010;31010;2020-06-18;509500
31011;31011;2020-06-18;40000
31012;31012;2020-06-18;90000
31013;31013;2020-06-18;79900
31014;31014;2020-06-18;97000
31015;31015;2020-06-18;53000
31016;31016;2020-06-18;110000
31017;31017;2020-06-18;105000
31018;31018;2020-06-18;187900
31019;31019;2020-06-18;30000
31020;31020;2020-06-18;90000
31021;31021;2020-06-18;55000
31022;31022;2020-06-18;61500
31023;31023;2020-06-18;100000
31024;31024;2020-06-18;123000
31025;31025;2020-06-18;139800
31026;31026;2020-06-18;140000
31027;31027;2020-06-18;160000
31028;31028;2020-06-18;247000
31029;31029;2020-06-18;157800
31030;31030;2020-06-18;627420
31031;31031;2020-06-18;285000
31032;31032;2020-06-18;314000
31033;31033;2020-06-18;189000
31034;31034;2020-06-18;129000
31035;31035;2020-06-18;154000
31036;31036;2020-06-18;145000
31037;31037;2020-06-18;114000
31038;31038;2020-06-18;205400
31039;31039;2020-06-18;140000
31040;31040;2020-06-18;130000
31041;31041;2020-06-18;109700
31042;31042;2020-06-18;123148
31043;31043;2020-06-18;56522
31044;31044;2020-06-18;148800
31045;31045;2020-06-18;153500
31046;31046;2020-06-18;116900
31047;31047;2020-06-18;160000
31048;31048;2020-06-18;380000
31049;31049;2020-06-18;196223
31050;31050;2020-06-18;125000
31051;31051;2020-06-18;180000
31052;31052;2020-06-18;24500
31053;31053;2020-06-18;262000
31054;31054;2020-06-18;61000
31055;31055;2020-06-18;264500
31056;31056;2020-06-18;66000
31057;31057;2020-06-18;85000
31058;31058;2020-06-18;97000
31059;31059;2020-06-18;124200
31060;31060;2020-06-18;99045
31061;31061;2020-06-18;93500
31062;31062;2020-06-18;64000
31063;31063;2020-06-18;143500
31064;31064;2020-06-18;141000
31065;31065;2020-06-18;94274
31066;31066;2020-06-18;111950
31067;31067;2020-06-18;64000
31068;31068;2020-06-18;59000
31069;31069;2020-06-18;268000
31070;31070;2020-06-18;85000
31071;31071;2020-06-18;71960
31072;31072;2020-06-18;127131
31073;31073;2020-06-18;240000
31074;31074;2020-06-18;136000
31075;31075;2020-06-18;294805
31076;31076;2020-06-18;196000
31077;31077;2020-06-18;32500
31078;31078;2020-06-18;52500
31079;31079;2020-06-18;132000
31080;31080;2020-06-18;75750
31081;31081;2020-06-18;51000
31082;31082;2020-06-18;42000
31083;31083;2020-06-18;43000
31084;31084;2020-06-18;42000
31085;31085;2020-06-18;195000
31086;31086;2020-06-18;100000
31087;31087;2020-06-18;125000
31088;31088;2020-06-18;80100
31089;31089;2020-06-18;84500
31090;31090;2020-06-18;87000
31091;31091;2020-06-18;79000
31092;31092;2020-06-18;242700
31093;31093;2020-06-18;163500
31094;31094;2020-06-18;112000
31095;31095;2020-06-18;91700
31096;31096;2020-06-18;190000
31097;31097;2020-06-18;18000
31098;31098;2020-06-18;87000
31099;31099;2020-06-18;197000
31100;31100;2020-06-18;314840
31101;31101;2020-06-18;199000
31102;31102;2020-06-18;130000
31103;31103;2020-06-18;84000
31104;31104;2020-06-18;58500
31105;31105;2020-06-18;137500
31106;31106;2020-06-18;78000
31107;31107;2020-06-18;186000
31108;31108;2020-06-18;321500
31109;31109;2020-06-18;256150
31110;31110;2020-06-18;340600
31111;31111;2020-06-18;130000
31112;31112;2020-06-18;160000
31113;31113;2020-06-18;101650
31114;31114;2020-06-18;268100
31115;31115;2020-06-18;500000
31116;31116;2020-06-18;490000
31117;31117;2020-06-18;77979
31118;31118;2020-06-18;193540
31119;31119;2020-06-18;205000
31120;31120;2020-06-18;50000
31121;31121;2020-06-18;47050
31122;31122;2020-06-18;36300
31123;31123;2020-06-18;183000
31124;31124;2020-06-18;768490
31125;31125;2020-06-18;745000
31126;31126;2020-06-18;20000
31127;31127;2020-06-18;460000
31128;31128;2020-06-18;495000
31129;31129;2020-06-18;300000
31130;31130;2020-06-18;859250
31131;31131;2020-06-18;768200
31132;31132;2020-06-18;744860
31133;31133;2020-06-18;248000
31134;31134;2020-06-18;722970
31135;31135;2020-06-18;610000
31136;31136;2020-06-18;609500
31137;31137;2020-06-18;238000
31138;31138;2020-06-18;421440
31139;31139;2020-06-18;217000
31140;31140;2020-06-18;346000
31141;31141;2020-06-18;869820
31142;31142;2020-06-18;
31143;31143;2020-06-18;615000
31144;31144;2020-06-18;121030
31145;31145;2020-06-18;225000
31146;31146;2020-06-18;288000
31147;31147;2020-06-18;180500
31148;31148;2020-06-18;125000
31149;31149;2020-06-18;100000
31150;31150;2020-06-18;950000
31151;31151;2020-06-18;332500
31152;31152;2020-06-18;1560000
31153;31153;2020-06-18;1900000
31154;31154;2020-06-18;530000
31155;31155;2020-06-18;1147300
31156;31156;2020-06-18;106400
31157;31157;2020-06-18;1174700
31158;31158;2020-06-18;130000
31159;31159;2020-06-18;333000
31160;31160;2020-06-18;680950
31161;31161;2020-06-18;100000
31162;31162;2020-06-18;140000
31163;31163;2020-06-18;360400
31164;31164;2020-06-18;228000
31165;31165;2020-06-18;234000
31166;31166;2020-06-18;405000
31167;31167;2020-06-18;228000
31168;31168;2020-06-18;212000
31169;31169;2020-06-18;352450
31170;31170;2020-06-18;165000
31171;31171;2020-06-18;595000
31172;31172;2020-06-18;205000
31173;31173;2020-06-18;45000
31174;31174;2020-06-18;60000
31175;31175;2020-06-18;44000
31176;31176;2020-06-18;68000
31177;31177;2020-06-18;64000
31178;31178;2020-06-18;99000
31179;31179;2020-06-18;315000
31180;31180;2020-06-18;92500
31181;31181;2020-06-18;93000
31182;31182;2020-06-18;165000
31183;31183;2020-06-18;77300
31184;31184;2020-06-18;238000
31185;31185;2020-06-18;220000
31186;31186;2020-06-18;138000
31187;31187;2020-06-18;76000
31188;31188;2020-06-18;255000
31189;31189;2020-06-18;282000
31190;31190;2020-06-18;143500
31191;31191;2020-06-18;197000
31192;31192;2020-06-18;75000
31193;31193;2020-06-18;303240
31194;31194;2020-06-18;175120
31195;31195;2020-06-18;610000
31196;31196;2020-06-18;75000
31197;31197;2020-06-18;180000
31198;31198;2020-06-18;138000
31199;31199;2020-06-18;162000
31200;31200;2020-06-18;183700
31201;31201;2020-06-18;1289550
31202;31202;2020-06-18;212500
31203;31203;2020-06-18;50000
31204;31204;2020-06-18;55000
31205;31205;2020-06-18;125050
31206;31206;2020-06-18;300000
31207;31207;2020-06-18;145000
31208;31208;2020-06-18;224000
31209;31209;2020-06-18;107250
31210;31210;2020-06-18;289978
31211;31211;2020-06-18;85000
31212;31212;2020-06-18;215000
31213;31213;2020-06-18;215000
31214;31214;2020-06-18;95000
31215;31215;2020-06-18;48000
31216;31216;2020-06-18;179000
31217;31217;2020-06-18;131000
31218;31218;2020-06-18;53500
31219;31219;2020-06-18;269000
31220;31220;2020-06-18;106000
31221;31221;2020-06-18;102000
31222;31222;2020-06-18;45000
31223;31223;2020-06-18;103500
31224;31224;2020-06-18;33000
31225;31225;2020-06-18;101500
31226;31226;2020-06-18;255000
31227;31227;2020-06-18;100000
31228;31228;2020-06-18;174000
31229;31229;2020-06-18;285000
31230;31230;2020-06-18;239000
31231;31231;2020-06-18;101500
31232;31232;2020-06-18;65000
31233;31233;2020-06-18;105000
31234;31234;2020-06-18;112000
31235;31235;2020-06-18;280500
31236;31236;2020-06-18;99000
31237;31237;2020-06-18;100500
31238;31238;2020-06-18;385000
31239;31239;2020-06-18;309000
31240;31240;2020-06-18;198000
31241;31241;2020-06-18;62500
31242;31242;2020-06-18;355000
31243;31243;2020-06-18;826951
31244;31244;2020-06-18;290000
31245;31245;2020-06-18;507500
31246;31246;2020-06-18;205000
31247;31247;2020-06-18;415000
31248;31248;2020-06-18;959500
31249;31249;2020-06-18;130000
31250;31250;2020-06-18;399700
31251;31251;2020-06-18;109529
31252;31252;2020-06-18;488000
31253;31253;2020-06-18;210000
31254;31254;2020-06-18;178000
31255;31255;2020-06-18;265000
31256;31256;2020-06-18;240000
31257;31257;2020-06-18;160000
31258;31258;2020-06-18;108000
31259;31259;2020-06-18;337000
31260;31260;2020-06-18;280000
31261;31261;2020-06-18;66000
31262;31262;2020-06-18;162000
31263;31263;2020-06-18;220600
31264;31264;2020-06-18;319000
31265;31265;2020-06-18;373075
31266;31266;2020-06-18;479610
31267;31267;2020-06-18;198600
31268;31268;2020-06-18;205000
31269;31269;2020-06-18;66294
31270;31270;2020-06-18;230000
31271;31271;2020-06-18;277000
31272;31272;2020-06-18;142500
31273;31273;2020-06-18;122000
31274;31274;2020-06-18;332000
31275;31275;2020-06-18;182000
31276;31276;2020-06-18;413000
31277;31277;2020-06-18;328200
31278;31278;2020-06-18;380000
31279;31279;2020-06-18;86200
31280;31280;2020-06-18;110200
31281;31281;2020-06-18;120000
31282;31282;2020-06-18;180000
31283;31283;2020-06-18;189500
31284;31284;2020-06-18;384000
31285;31285;2020-06-18;280000
31286;31286;2020-06-18;296120
31287;31287;2020-06-18;235000
31288;31288;2020-06-18;333800
31289;31289;2020-06-18;81000
31290;31290;2020-06-18;159900
31291;31291;2020-06-18;205000
31292;31292;2020-06-18;220000
31293;31293;2020-06-18;202000
31294;31294;2020-06-18;205000
31295;31295;2020-06-18;180000
31296;31296;2020-06-18;80000
31297;31297;2020-06-18;213000
31298;31298;2020-06-18;120000
31299;31299;2020-06-18;94000
31300;31300;2020-06-18;70500
31301;31301;2020-06-18;220040
31302;31302;2020-06-18;120000
31303;31303;2020-06-18;140000
31304;31304;2020-06-19;68700
31305;31305;2020-06-19;179000
31306;31306;2020-06-19;180000
31307;31307;2020-06-19;225000
31308;31308;2020-06-19;450000
31309;31309;2020-06-19;122000
31310;31310;2020-06-19;105000
31311;31311;2020-06-19;82500
31312;31312;2020-06-19;176000
31313;31313;2020-06-19;59000
31314;31314;2020-06-19;145000
31315;31315;2020-06-19;900000
31316;31316;2020-06-19;145000
31317;31317;2020-06-19;65000
31318;31318;2020-06-19;49000
31319;31319;2020-06-19;44000
31320;31320;2020-06-19;125500
31321;31321;2020-06-19;90000
31322;31322;2020-06-19;99000
31323;31323;2020-06-19;20000
31324;31324;2020-06-19;100000
31325;31325;2020-06-19;129000
31326;31326;2020-06-19;72970
31327;31327;2020-06-19;60900
31328;31328;2020-06-19;170000
31329;31329;2020-06-19;161000
31330;31330;2020-06-19;235000
31331;31331;2020-06-19;67000
31332;31332;2020-06-19;94612
31333;31333;2020-06-19;121825
31334;31334;2020-06-19;73000
31335;31335;2020-06-19;59000
31336;31336;2020-06-19;102600
31337;31337;2020-06-19;52500
31338;31338;2020-06-19;182630
31339;31339;2020-06-19;109000
31340;31340;2020-06-19;99900
31341;31341;2020-06-19;35000
31342;31342;2020-06-19;103500
31343;31343;2020-06-19;27000
31344;31344;2020-06-19;185000
31345;31345;2020-06-19;40000
31346;31346;2020-06-19;95171
31347;31347;2020-06-19;121000
31348;31348;2020-06-19;156000
31349;31349;2020-06-19;110200
31350;31350;2020-06-19;277700
31351;31351;2020-06-19;118000
31352;31352;2020-06-19;169000
31353;31353;2020-06-19;132890
31354;31354;2020-06-19;199000
31355;31355;2020-06-19;193290
31356;31356;2020-06-19;66500
31357;31357;2020-06-19;128250
31358;31358;2020-06-19;236050
31359;31359;2020-06-19;245000
31360;31360;2020-06-19;184701
31361;31361;2020-06-19;490000
31362;31362;2020-06-19;91000
31363;31363;2020-06-19;117000
31364;31364;2020-06-19;180000
31365;31365;2020-06-19;191000
31366;31366;2020-06-19;97000
31367;31367;2020-06-19;105000
31368;31368;2020-06-19;161809
31369;31369;2020-06-19;281750
31370;31370;2020-06-19;120750
31371;31371;2020-06-19;63000
31372;31372;2020-06-19;181000
31373;31373;2020-06-19;125500
31374;31374;2020-06-19;195000
31375;31375;2020-06-19;316950
31376;31376;2020-06-19;300300
31377;31377;2020-06-19;75000
31378;31378;2020-06-19;254000
31379;31379;2020-06-19;147000
31380;31380;2020-06-19;219000
31381;31381;2020-06-19;193000
31382;31382;2020-06-19;57000
31383;31383;2020-06-19;158000
31384;31384;2020-06-19;205000
31385;31385;2020-06-19;150000
31386;31386;2020-06-19;90000
31387;31387;2020-06-19;208750
31388;31388;2020-06-19;170500
31389;31389;2020-06-19;111000
31390;31390;2020-06-19;85000
31391;31391;2020-06-19;90000
31392;31392;2020-06-19;85000
31393;31393;2020-06-19;141231
31394;31394;2020-06-19;210000
31395;31395;2020-06-19;85000
31396;31396;2020-06-19;64000
31397;31397;2020-06-19;30280
31398;31398;2020-06-19;135000
31399;31399;2020-06-19;118700
31400;31400;2020-06-19;169960
31401;31401;2020-06-19;90000
31402;31402;2020-06-19;95000
31403;31403;2020-06-19;119000
31404;31404;2020-06-19;37000
31405;31405;2020-06-19;810000
31406;31406;2020-06-19;272700
31407;31407;2020-06-19;128800
31408;31408;2020-06-19;82224
31409;31409;2020-06-19;145000
31410;31410;2020-06-19;154000
31411;31411;2020-06-19;129000
31412;31412;2020-06-19;177500
31413;31413;2020-06-19;171428
31414;31414;2020-06-19;270000
31415;31415;2020-06-19;176995
31416;31416;2020-06-19;291000
31417;31417;2020-06-19;175000
31418;31418;2020-06-19;140000
31419;31419;2020-06-19;25000
31420;31420;2020-06-19;78000
31421;31421;2020-06-19;47000
31422;31422;2020-06-19;168250
31423;31423;2020-06-19;89000
31424;31424;2020-06-19;128800
31425;31425;2020-06-19;97750
31426;31426;2020-06-19;45000
31427;31427;2020-06-19;64000
31428;31428;2020-06-19;60000
31429;31429;2020-06-19;66200
31430;31430;2020-06-19;160000
31431;31431;2020-06-19;197500
31432;31432;2020-06-19;79500
31433;31433;2020-06-19;94700
31434;31434;2020-06-19;100000
31435;31435;2020-06-19;30000
31436;31436;2020-06-19;102600
31437;31437;2020-06-19;106000
31438;31438;2020-06-19;144926
31439;31439;2020-06-19;60000
31440;31440;2020-06-19;100000
31441;31441;2020-06-19;88000
31442;31442;2020-06-19;101000
31443;31443;2020-06-19;50000
31444;31444;2020-06-19;170500
31445;31445;2020-06-19;324900
31446;31446;2020-06-19;485000
31447;31447;2020-06-19;55000
31448;31448;2020-06-19;203000
31449;31449;2020-06-19;55600
31450;31450;2020-06-19;59500
31451;31451;2020-06-19;275000
31452;31452;2020-06-19;115000
31453;31453;2020-06-19;102500
31454;31454;2020-06-19;210000
31455;31455;2020-06-19;111500
31456;31456;2020-06-19;107000
31457;31457;2020-06-19;92000
31458;31458;2020-06-19;141460
31459;31459;2020-06-19;41000
31460;31460;2020-06-19;70000
31461;31461;2020-06-19;73000
31462;31462;2020-06-19;89300
31463;31463;2020-06-19;113590
31464;31464;2020-06-19;71000
31465;31465;2020-06-19;250000
31466;31466;2020-06-19;151500
31467;31467;2020-06-19;276400
31468;31468;2020-06-19;72000
31469;31469;2020-06-19;62200
31470;31470;2020-06-19;182000
31471;31471;2020-06-19;270000
31472;31472;2020-06-19;139000
31473;31473;2020-06-19;298000
31474;31474;2020-06-19;132240
31475;31475;2020-06-19;60000
31476;31476;2020-06-19;143200
31477;31477;2020-06-19;345300
31478;31478;2020-06-19;350000
31479;31479;2020-06-19;299500
31480;31480;2020-06-19;170000
31481;31481;2020-06-19;137500
31482;31482;2020-06-19;332000
31483;31483;2020-06-19;45000
31484;31484;2020-06-19;52500
31485;31485;2020-06-19;29000
31486;31486;2020-06-19;192930
31487;31487;2020-06-19;256485
31488;31488;2020-06-19;278059
31489;31489;2020-06-19;143000
31490;31490;2020-06-19;661040
31491;31491;2020-06-19;106290
31492;31492;2020-06-19;307700
31493;31493;2020-06-19;451000
31494;31494;2020-06-19;448000
31495;31495;2020-06-19;370000
31496;31496;2020-06-19;700000
31497;31497;2020-06-19;847112
31498;31498;2020-06-19;675500
31499;31499;2020-06-19;45000
31500;31500;2020-06-19;126830
31501;31501;2020-06-19;486210
31502;31502;2020-06-19;543847
31503;31503;2020-06-19;298260
31504;31504;2020-06-19;303500
31505;31505;2020-06-19;1129000
31506;31506;2020-06-19;620000
31507;31507;2020-06-19;180000
31508;31508;2020-06-19;281000
31509;31509;2020-06-19;125000
31510;31510;2020-06-19;840000
31511;31511;2020-06-19;892500
31512;31512;2020-06-19;1230000
31513;31513;2020-06-19;745000
31514;31514;2020-06-19;482000
31515;31515;2020-06-19;2375000
31516;31516;2020-06-19;147500
31517;31517;2020-06-19;745000
31518;31518;2020-06-19;150000
31519;31519;2020-06-19;370000
31520;31520;2020-06-19;185000
31521;31521;2020-06-19;567000
31522;31522;2020-06-19;577000
31523;31523;2020-06-19;475000
31524;31524;2020-06-19;450000
31525;31525;2020-06-19;300000
31526;31526;2020-06-19;640000
31527;31527;2020-06-19;496000
31528;31528;2020-06-19;400000
31529;31529;2020-06-19;450300
31530;31530;2020-06-19;525000
31531;31531;2020-06-19;435200
31532;31532;2020-06-19;575300
31533;31533;2020-06-19;637000
31534;31534;2020-06-19;206700
31535;31535;2020-06-19;119000
31536;31536;2020-06-19;35000
31537;31537;2020-06-19;72000
31538;31538;2020-06-19;126000
31539;31539;2020-06-19;142000
31540;31540;2020-06-19;167000
31541;31541;2020-06-19;128000
31542;31542;2020-06-19;260000
31543;31543;2020-06-19;142450
31544;31544;2020-06-19;160750
31545;31545;2020-06-19;150000
31546;31546;2020-06-19;97130
31547;31547;2020-06-19;105000
31548;31548;2020-06-19;39000
31549;31549;2020-06-19;216000
31550;31550;2020-06-19;106000
31551;31551;2020-06-19;70000
31552;31552;2020-06-19;210000
31553;31553;2020-06-19;804000
31554;31554;2020-06-19;202000
31555;31555;2020-06-19;147000
31556;31556;2020-06-19;92000
31557;31557;2020-06-19;333000
31558;31558;2020-06-19;238400
31559;31559;2020-06-19;195190
31560;31560;2020-06-19;310000
31561;31561;2020-06-19;150000
31562;31562;2020-06-19;273300
31563;31563;2020-06-19;675000
31564;31564;2020-06-19;120000
31565;31565;2020-06-19;131000
31566;31566;2020-06-19;231900
31567;31567;2020-06-19;510000
31568;31568;2020-06-19;427100
31569;31569;2020-06-19;316000
31570;31570;2020-06-19;290000
31571;31571;2020-06-19;372000
31572;31572;2020-06-19;382500
31573;31573;2020-06-19;154000
31574;31574;2020-06-19;185620
31575;31575;2020-06-19;101000
31576;31576;2020-06-19;5000
31577;31577;2020-06-19;195000
31578;31578;2020-06-19;309750
31579;31579;2020-06-19;134000
31580;31580;2020-06-19;96000
31581;31581;2020-06-19;98500
31582;31582;2020-06-19;59265
31583;31583;2020-06-19;212500
31584;31584;2020-06-19;30800
31585;31585;2020-06-19;114000
31586;31586;2020-06-19;68500
31587;31587;2020-06-19;163000
31588;31588;2020-06-19;115000
31589;31589;2020-06-19;122000
31590;31590;2020-06-19;158000
31591;31591;2020-06-19;45000
31592;31592;2020-06-19;84500
31593;31593;2020-06-19;53500
31594;31594;2020-06-19;175000
31595;31595;2020-06-19;53000
31596;31596;2020-06-19;59000
31597;31597;2020-06-19;173000
31598;31598;2020-06-19;27000
31599;31599;2020-06-19;144500
31600;31600;2020-06-19;147000
31601;31601;2020-06-19;316000
31602;31602;2020-06-19;115000
31603;31603;2020-06-19;93500
31604;31604;2020-06-19;89610
31605;31605;2020-06-19;335000
31606;31606;2020-06-19;217500
31607;31607;2020-06-19;116000
31608;31608;2020-06-19;270000
31609;31609;2020-06-19;188000
31610;31610;2020-06-19;111300
31611;31611;2020-06-19;205000
31612;31612;2020-06-19;189000
31613;31613;2020-06-19;204000
31614;31614;2020-06-19;120000
31615;31615;2020-06-19;250000
31616;31616;2020-06-19;140300
31617;31617;2020-06-19;156000
31618;31618;2020-06-19;217000
31619;31619;2020-06-19;349000
31620;31620;2020-06-19;412000
31621;31621;2020-06-19;220000
31622;31622;2020-06-19;409200
31623;31623;2020-06-19;419510
31624;31624;2020-06-19;385000
31625;31625;2020-06-19;1643570
31626;31626;2020-06-19;1088650
31627;31627;2020-06-19;2524710
31628;31628;2020-06-19;720000
31629;31629;2020-06-19;1073500
31630;31630;2020-06-19;264000
31631;31631;2020-06-19;249050
31632;31632;2020-06-19;166000
31633;31633;2020-06-19;440000
31634;31634;2020-06-19;221000
31635;31635;2020-06-19;170000
31636;31636;2020-06-19;258000
31637;31637;2020-06-19;103900
31638;31638;2020-06-19;185000
31639;31639;2020-06-19;187000
31640;31640;2020-06-19;137000
31641;31641;2020-06-19;176000
31642;31642;2020-06-19;303500
31643;31643;2020-06-19;137000
31644;31644;2020-06-19;222000
31645;31645;2020-06-19;169000
31646;31646;2020-06-19;425000
31647;31647;2020-06-19;246000
31648;31648;2020-06-19;225000
31649;31649;2020-06-19;210000
31650;31650;2020-06-19;230000
31651;31651;2020-06-19;237000
31652;31652;2020-06-19;209000
31653;31653;2020-06-19;375000
31654;31654;2020-06-19;122000
31655;31655;2020-06-19;360000
31656;31656;2020-06-19;136000
31657;31657;2020-06-19;132000
31658;31658;2020-06-19;450000
31659;31659;2020-06-19;180000
31660;31660;2020-06-19;262000
31661;31661;2020-06-19;540000
31662;31662;2020-06-19;549000
31663;31663;2020-06-19;182000
31664;31664;2020-06-19;450000
31665;31665;2020-06-19;148393
31666;31666;2020-06-19;160000
31667;31667;2020-06-19;413000
31668;31668;2020-06-19;478900
31669;31669;2020-06-19;130800
31670;31670;2020-06-19;157290
31671;31671;2020-06-19;208000
31672;31672;2020-06-19;308000
31673;31673;2020-06-19;156480
31674;31674;2020-06-19;180500
31675;31675;2020-06-19;242500
31676;31676;2020-06-19;198000
31677;31677;2020-06-19;175500
31678;31678;2020-06-19;177000
31679;31679;2020-06-19;123800
31680;31680;2020-06-19;238000
31681;31681;2020-06-19;150300
31682;31682;2020-06-19;174500
31683;31683;2020-06-19;153750
31684;31684;2020-06-19;275000
31685;31685;2020-06-19;102300
31686;31686;2020-06-19;125000
31687;31687;2020-06-19;244000
31688;31688;2020-06-19;95000
31689;31689;2020-06-19;84000
31690;31690;2020-06-19;160000
31691;31691;2020-06-20;56000
31692;31692;2020-06-20;385000
31693;31693;2020-06-20;22000
31694;31694;2020-06-20;270000
31695;31695;2020-06-20;255000
31696;31696;2020-06-20;115400
31697;31697;2020-06-20;99000
31698;31698;2020-06-20;172000
31699;31699;2020-06-20;100500
31700;31700;2020-06-20;
31701;31701;2020-06-20;74000
31702;31702;2020-06-20;40000
31703;31703;2020-06-20;81000
31704;31704;2020-06-20;100000
31705;31705;2020-06-20;38000
31706;31706;2020-06-20;46750
31707;31707;2020-06-20;73000
31708;31708;2020-06-20;84000
31709;31709;2020-06-20;186000
31710;31710;2020-06-20;30000
31711;31711;2020-06-20;694000
31712;31712;2020-06-20;460000
31713;31713;2020-06-20;128000
31714;31714;2020-06-20;149000
31715;31715;2020-06-20;187000
31716;31716;2020-06-20;214000
31717;31717;2020-06-20;65000
31718;31718;2020-06-20;32804
31719;31719;2020-06-20;135000
31720;31720;2020-06-22;202100
31721;31721;2020-06-22;285000
31722;31722;2020-06-22;60450
31723;31723;2020-06-22;290000
31724;31724;2020-06-22;205358
31725;31725;2020-06-22;145750
31726;31726;2020-06-22;263500
31727;31727;2020-06-22;67000
31728;31728;2020-06-22;175000
31729;31729;2020-06-22;56100
31730;31730;2020-06-22;76000
31731;31731;2020-06-22;22000
31732;31732;2020-06-22;55000
31733;31733;2020-06-22;120000
31734;31734;2020-06-22;235000
31735;31735;2020-06-22;118700
31736;31736;2020-06-22;83000
31737;31737;2020-06-22;112000
31738;31738;2020-06-22;166000
31739;31739;2020-06-22;72000
31740;31740;2020-06-22;47000
31741;31741;2020-06-22;80000
31742;31742;2020-06-22;14700
31743;31743;2020-06-22;191400
31744;31744;2020-06-22;63000
31745;31745;2020-06-22;53500
31746;31746;2020-06-22;69050
31747;31747;2020-06-22;78000
31748;31748;2020-06-22;325000
31749;31749;2020-06-22;174000
31750;31750;2020-06-22;400000
31751;31751;2020-06-22;247000
31752;31752;2020-06-22;257000
31753;31753;2020-06-22;143450
31754;31754;2020-06-22;345657
31755;31755;2020-06-22;158000
31756;31756;2020-06-22;185000
31757;31757;2020-06-22;285308
31758;31758;2020-06-22;226000
31759;31759;2020-06-22;81731
31760;31760;2020-06-22;166000
31761;31761;2020-06-22;135200
31762;31762;2020-06-22;89100
31763;31763;2020-06-22;115000
31764;31764;2020-06-22;134000
31765;31765;2020-06-22;172000
31766;31766;2020-06-22;254588
31767;31767;2020-06-22;165000
31768;31768;2020-06-22;98000
31769;31769;2020-06-22;56000
31770;31770;2020-06-22;100000
31771;31771;2020-06-22;217090
31772;31772;2020-06-22;99000
31773;31773;2020-06-22;62000
31774;31774;2020-06-22;44000
31775;31775;2020-06-22;52000
31776;31776;2020-06-22;148500
31777;31777;2020-06-22;194000
31778;31778;2020-06-22;310000
31779;31779;2020-06-22;257300
31780;31780;2020-06-22;150250
31781;31781;2020-06-22;192000
31782;31782;2020-06-22;50000
31783;31783;2020-06-22;44900
31784;31784;2020-06-22;82000
31785;31785;2020-06-22;38500
31786;31786;2020-06-22;55000
31787;31787;2020-06-22;52000
31788;31788;2020-06-22;71500
31789;31789;2020-06-22;208000
31790;31790;2020-06-22;126000
31791;31791;2020-06-22;50000
31792;31792;2020-06-22;102500
31793;31793;2020-06-22;196500
31794;31794;2020-06-22;210000
31795;31795;2020-06-22;97650
31796;31796;2020-06-22;177309
31797;31797;2020-06-22;42000
31798;31798;2020-06-22;82000
31799;31799;2020-06-22;240000
31800;31800;2020-06-22;104700
31801;31801;2020-06-22;119500
31802;31802;2020-06-22;169400
31803;31803;2020-06-22;77550
31804;31804;2020-06-22;93000
31805;31805;2020-06-22;132000
31806;31806;2020-06-22;55000
31807;31807;2020-06-22;57000
31808;31808;2020-06-22;65000
31809;31809;2020-06-22;149985
31810;31810;2020-06-22;169100
31811;31811;2020-06-22;253900
31812;31812;2020-06-22;251500
31813;31813;2020-06-22;198500
31814;31814;2020-06-22;58300
31815;31815;2020-06-22;90000
31816;31816;2020-06-22;572000
31817;31817;2020-06-22;750000
31818;31818;2020-06-22;303000
31819;31819;2020-06-22;270100
31820;31820;2020-06-22;1200000
31821;31821;2020-06-22;1800000
31822;31822;2020-06-22;3923276
31823;31823;2020-06-22;1200000
31824;31824;2020-06-22;1280000
31825;31825;2020-06-22;670000
31826;31826;2020-06-22;417107
31827;31827;2020-06-22;695000
31828;31828;2020-06-22;298000
31829;31829;2020-06-22;428900
31830;31830;2020-06-22;323570
31831;31831;2020-06-22;123350
31832;31832;2020-06-22;140000
31833;31833;2020-06-22;324245
31834;31834;2020-06-22;725000
31835;31835;2020-06-22;920163
31836;31836;2020-06-22;2690000
31837;31837;2020-06-22;416805
31838;31838;2020-06-22;2050000
31839;31839;2020-06-22;1356300
31840;31840;2020-06-22;1057000
31841;31841;2020-06-22;326000
31842;31842;2020-06-22;280000
31843;31843;2020-06-22;409000
31844;31844;2020-06-22;313000
31845;31845;2020-06-22;495000
31846;31846;2020-06-22;174730
31847;31847;2020-06-22;939000
31848;31848;2020-06-22;444700
31849;31849;2020-06-22;270000
31850;31850;2020-06-22;615000
31851;31851;2020-06-22;880000
31852;31852;2020-06-22;430000
31853;31853;2020-06-22;451850
31854;31854;2020-06-22;167000
31855;31855;2020-06-22;130000
31856;31856;2020-06-22;131500
31857;31857;2020-06-22;159500
31858;31858;2020-06-22;130600
31859;31859;2020-06-22;174000
31860;31860;2020-06-22;309000
31861;31861;2020-06-22;258500
31862;31862;2020-06-22;96000
31863;31863;2020-06-22;83000
31864;31864;2020-06-22;124100
31865;31865;2020-06-22;102000
31866;31866;2020-06-22;185000
31867;31867;2020-06-22;267000
31868;31868;2020-06-22;246340
31869;31869;2020-06-22;55000
31870;31870;2020-06-22;127000
31871;31871;2020-06-22;188000
31872;31872;2020-06-22;226500
31873;31873;2020-06-22;127800
31874;31874;2020-06-22;229000
31875;31875;2020-06-22;126000
31876;31876;2020-06-22;279000
31877;31877;2020-06-22;198000
31878;31878;2020-06-22;330000
31879;31879;2020-06-22;217000
31880;31880;2020-06-22;236000
31881;31881;2020-06-22;62000
31882;31882;2020-06-22;135140
31883;31883;2020-06-22;17000
31884;31884;2020-06-22;89390
31885;31885;2020-06-22;121000
31886;31886;2020-06-22;79860
31887;31887;2020-06-22;121950
31888;31888;2020-06-22;310000
31889;31889;2020-06-22;130380
31890;31890;2020-06-22;34000
31891;31891;2020-06-22;76000
31892;31892;2020-06-22;168000
31893;31893;2020-06-22;36000
31894;31894;2020-06-22;32000
31895;31895;2020-06-22;51000
31896;31896;2020-06-22;125000
31897;31897;2020-06-22;37000
31898;31898;2020-06-22;114000
31899;31899;2020-06-22;179000
31900;31900;2020-06-22;79000
31901;31901;2020-06-22;112000
31902;31902;2020-06-22;93000
31903;31903;2020-06-22;177500
31904;31904;2020-06-22;330000
31905;31905;2020-06-22;120000
31906;31906;2020-06-22;285000
31907;31907;2020-06-22;473000
31908;31908;2020-06-22;253400
31909;31909;2020-06-22;590000
31910;31910;2020-06-22;378350
31911;31911;2020-06-22;835000
31912;31912;2020-06-22;444320
31913;31913;2020-06-22;140000
31914;31914;2020-06-22;282000
31915;31915;2020-06-22;207000
31916;31916;2020-06-22;255000
31917;31917;2020-06-22;450000
31918;31918;2020-06-22;263000
31919;31919;2020-06-22;273680
31920;31920;2020-06-22;185500
31921;31921;2020-06-22;183000
31922;31922;2020-06-22;120000
31923;31923;2020-06-22;110000
31924;31924;2020-06-22;70000
31925;31925;2020-06-22;200000
31926;31926;2020-06-22;195000
31927;31927;2020-06-22;249000
31928;31928;2020-06-22;221000
31929;31929;2020-06-22;285000
31930;31930;2020-06-22;233850
31931;31931;2020-06-22;131000
31932;31932;2020-06-22;163000
31933;31933;2020-06-22;698250
31934;31934;2020-06-22;118609
31935;31935;2020-06-22;160000
31936;31936;2020-06-22;247144
31937;31937;2020-06-22;768000
31938;31938;2020-06-22;168000
31939;31939;2020-06-22;131000
31940;31940;2020-06-22;108400
31941;31941;2020-06-22;235000
31942;31942;2020-06-22;105000
31943;31943;2020-06-22;237000
31944;31944;2020-06-22;140000
31945;31945;2020-06-22;213000
31946;31946;2020-06-22;185000
31947;31947;2020-06-22;123000
31948;31948;2020-06-22;245000
31949;31949;2020-06-22;75000
31950;31950;2020-06-22;138000
31951;31951;2020-06-22;95000
31952;31952;2020-06-22;137140
31953;31953;2020-06-22;49000
31954;31954;2020-06-23;35500
31955;31955;2020-06-23;135000
31956;31956;2020-06-23;19800
31957;31957;2020-06-23;30000
31958;31958;2020-06-23;19000
31959;31959;2020-06-23;150000
31960;31960;2020-06-23;285000
31961;31961;2020-06-23;102000
31962;31962;2020-06-23;98000
31963;31963;2020-06-23;96000
31964;31964;2020-06-23;230000
31965;31965;2020-06-23;348345
31966;31966;2020-06-23;60000
31967;31967;2020-06-23;47600
31968;31968;2020-06-23;37000
31969;31969;2020-06-23;111000
31970;31970;2020-06-23;245000
31971;31971;2020-06-23;140000
31972;31972;2020-06-23;70000
31973;31973;2020-06-23;70000
31974;31974;2020-06-23;89700
31975;31975;2020-06-23;6000
31976;31976;2020-06-23;130000
31977;31977;2020-06-23;64500
31978;31978;2020-06-23;334850
31979;31979;2020-06-23;79000
31980;31980;2020-06-23;77260
31981;31981;2020-06-23;86650
31982;31982;2020-06-23;77500
31983;31983;2020-06-23;590000
31984;31984;2020-06-23;124000
31985;31985;2020-06-23;110365
31986;31986;2020-06-23;132755
31987;31987;2020-06-23;323850
31988;31988;2020-06-23;179000
31989;31989;2020-06-23;320000
31990;31990;2020-06-23;346668
31991;31991;2020-06-23;235000
31992;31992;2020-06-23;221500
31993;31993;2020-06-23;179000
31994;31994;2020-06-23;363400
31995;31995;2020-06-23;173000
31996;31996;2020-06-23;100887
31997;31997;2020-06-23;226400
31998;31998;2020-06-23;71000
31999;31999;2020-06-23;140000
32000;32000;2020-06-23;112000
32001;32001;2020-06-23;180000
32002;32002;2020-06-23;130000
32003;32003;2020-06-23;126500
32004;32004;2020-06-23;235000
32005;32005;2020-06-23;289000
32006;32006;2020-06-23;317275
32007;32007;2020-06-23;233000
32008;32008;2020-06-23;260000
32009;32009;2020-06-23;218000
32010;32010;2020-06-23;130000
32011;32011;2020-06-23;132000
32012;32012;2020-06-23;533500
32013;32013;2020-06-23;115000
32014;32014;2020-06-23;78000
32015;32015;2020-06-23;186000
32016;32016;2020-06-23;109500
32017;32017;2020-06-23;55000
32018;32018;2020-06-23;60175
32019;32019;2020-06-23;67000
32020;32020;2020-06-23;114200
32021;32021;2020-06-23;232770
32022;32022;2020-06-23;40000
32023;32023;2020-06-23;115600
32024;32024;2020-06-23;58000
32025;32025;2020-06-23;103000
32026;32026;2020-06-23;485500
32027;32027;2020-06-23;176000
32028;32028;2020-06-23;168500
32029;32029;2020-06-23;172000
32030;32030;2020-06-23;95600
32031;32031;2020-06-23;158491
32032;32032;2020-06-23;286500
32033;32033;2020-06-23;214000
32034;32034;2020-06-23;84800
32035;32035;2020-06-23;42000
32036;32036;2020-06-23;44500
32037;32037;2020-06-23;105000
32038;32038;2020-06-23;145000
32039;32039;2020-06-23;104000
32040;32040;2020-06-23;230000
32041;32041;2020-06-23;65000
32042;32042;2020-06-23;139060
32043;32043;2020-06-23;48500
32044;32044;2020-06-23;90000
32045;32045;2020-06-23;155000
32046;32046;2020-06-23;77000
32047;32047;2020-06-23;102000
32048;32048;2020-06-23;105000
32049;32049;2020-06-23;151000
32050;32050;2020-06-23;45000
32051;32051;2020-06-23;80000
32052;32052;2020-06-23;116000
32053;32053;2020-06-23;213000
32054;32054;2020-06-23;169845
32055;32055;2020-06-23;480000
32056;32056;2020-06-23;206000
32057;32057;2020-06-23;26500
32058;32058;2020-06-23;151100
32059;32059;2020-06-23;290000
32060;32060;2020-06-23;30000
32061;32061;2020-06-23;530000
32062;32062;2020-06-23;91000
32063;32063;2020-06-23;504650
32064;32064;2020-06-23;180000
32065;32065;2020-06-23;293500
32066;32066;2020-06-23;241800
32067;32067;2020-06-23;121000
32068;32068;2020-06-23;408770
32069;32069;2020-06-23;50000
32070;32070;2020-06-23;64000
32071;32071;2020-06-23;230000
32072;32072;2020-06-23;514000
32073;32073;2020-06-23;703100
32074;32074;2020-06-23;1090000
32075;32075;2020-06-23;120000
32076;32076;2020-06-23;345300
32077;32077;2020-06-23;798822
32078;32078;2020-06-23;259350
32079;32079;2020-06-23;279000
32080;32080;2020-06-23;533040
32081;32081;2020-06-23;597000
32082;32082;2020-06-23;630000
32083;32083;2020-06-23;777000
32084;32084;2020-06-23;550000
32085;32085;2020-06-23;265000
32086;32086;2020-06-23;360000
32087;32087;2020-06-23;385000
32088;32088;2020-06-23;315000
32089;32089;2020-06-23;980000
32090;32090;2020-06-23;168950
32091;32091;2020-06-23;293350
32092;32092;2020-06-23;84000
32093;32093;2020-06-23;350000
32094;32094;2020-06-23;923300
32095;32095;2020-06-23;265385
32096;32096;2020-06-23;400000
32097;32097;2020-06-23;220000
32098;32098;2020-06-23;648620
32099;32099;2020-06-23;74000
32100;32100;2020-06-23;54200
32101;32101;2020-06-23;139000
32102;32102;2020-06-23;109900
32103;32103;2020-06-23;55000
32104;32104;2020-06-23;113400
32105;32105;2020-06-23;118500
32106;32106;2020-06-23;114000
32107;32107;2020-06-23;82000
32108;32108;2020-06-23;107000
32109;32109;2020-06-23;127000
32110;32110;2020-06-23;335000
32111;32111;2020-06-23;191000
32112;32112;2020-06-23;134900
32113;32113;2020-06-23;177600
32114;32114;2020-06-23;177000
32115;32115;2020-06-23;170000
32116;32116;2020-06-23;265000
32117;32117;2020-06-23;259000
32118;32118;2020-06-23;101000
32119;32119;2020-06-23;200000
32120;32120;2020-06-23;138000
32121;32121;2020-06-23;625000
32122;32122;2020-06-23;125000
32123;32123;2020-06-23;623200
32124;32124;2020-06-23;79000
32125;32125;2020-06-23;612000
32126;32126;2020-06-23;514100
32127;32127;2020-06-23;157500
32128;32128;2020-06-23;105000
32129;32129;2020-06-23;83500
32130;32130;2020-06-23;240000
32131;32131;2020-06-23;185000
32132;32132;2020-06-23;345000
32133;32133;2020-06-23;2187120
32134;32134;2020-06-23;65000
32135;32135;2020-06-23;424300
32136;32136;2020-06-23;95000
32137;32137;2020-06-23;87000
32138;32138;2020-06-23;233000
32139;32139;2020-06-23;72500
32140;32140;2020-06-23;70000
32141;32141;2020-06-23;34000
32142;32142;2020-06-23;111000
32143;32143;2020-06-23;194000
32144;32144;2020-06-23;50000
32145;32145;2020-06-23;128000
32146;32146;2020-06-23;167000
32147;32147;2020-06-23;179000
32148;32148;2020-06-23;168000
32149;32149;2020-06-23;240000
32150;32150;2020-06-23;185100
32151;32151;2020-06-23;120000
32152;32152;2020-06-23;110000
32153;32153;2020-06-23;165000
32154;32154;2020-06-23;197010
32155;32155;2020-06-23;138000
32156;32156;2020-06-23;147000
32157;32157;2020-06-23;481900
32158;32158;2020-06-23;350000
32159;32159;2020-06-23;279000
32160;32160;2020-06-23;320000
32161;32161;2020-06-23;390000
32162;32162;2020-06-23;395000
32163;32163;2020-06-23;285000
32164;32164;2020-06-23;349333
32165;32165;2020-06-23;380000
32166;32166;2020-06-23;34000
32167;32167;2020-06-23;128000
32168;32168;2020-06-23;149000
32169;32169;2020-06-23;192271
32170;32170;2020-06-23;85000
32171;32171;2020-06-23;54191
32172;32172;2020-06-23;215000
32173;32173;2020-06-23;225000
32174;32174;2020-06-23;109230
32175;32175;2020-06-23;52000
32176;32176;2020-06-23;20000
32177;32177;2020-06-23;484231
32178;32178;2020-06-23;250000
32179;32179;2020-06-23;307000
32180;32180;2020-06-23;185000
32181;32181;2020-06-23;522000
32182;32182;2020-06-23;197000
32183;32183;2020-06-23;109500
32184;32184;2020-06-23;505000
32185;32185;2020-06-23;286600
32186;32186;2020-06-23;230000
32187;32187;2020-06-23;398000
32188;32188;2020-06-23;257000
32189;32189;2020-06-23;180000
32190;32190;2020-06-23;468147
32191;32191;2020-06-23;24000
32192;32192;2020-06-23;742300
32193;32193;2020-06-23;725000
32194;32194;2020-06-23;585000
32195;32195;2020-06-23;213500
32196;32196;2020-06-23;150000
32197;32197;2020-06-23;190000
32198;32198;2020-06-23;180000
32199;32199;2020-06-23;259303
32200;32200;2020-06-23;438400
32201;32201;2020-06-23;519400
32202;32202;2020-06-23;224000
32203;32203;2020-06-23;206000
32204;32204;2020-06-23;147960
32205;32205;2020-06-23;140000
32206;32206;2020-06-23;170000
32207;32207;2020-06-23;85000
32208;32208;2020-06-23;159500
32209;32209;2020-06-23;124500
32210;32210;2020-06-23;255000
32211;32211;2020-06-23;230000
32212;32212;2020-06-23;266500
32213;32213;2020-06-23;329000
32214;32214;2020-06-23;136000
32215;32215;2020-06-23;102600
32216;32216;2020-06-23;126900
32217;32217;2020-06-23;155000
32218;32218;2020-06-23;155000
32219;32219;2020-06-23;215000
32220;32220;2020-06-23;189000
32221;32221;2020-06-23;121000
32222;32222;2020-06-23;133000
32223;32223;2020-06-23;250000
32224;32224;2020-06-23;150000
32225;32225;2020-06-24;55000
32226;32226;2020-06-24;365000
32227;32227;2020-06-24;85700
32228;32228;2020-06-24;215000
32229;32229;2020-06-24;24000
32230;32230;2020-06-24;60790
32231;32231;2020-06-24;105900
32232;32232;2020-06-24;270900
32233;32233;2020-06-24;67000
32234;32234;2020-06-24;195970
32235;32235;2020-06-24;61000
32236;32236;2020-06-24;108000
32237;32237;2020-06-24;35000
32238;32238;2020-06-24;85000
32239;32239;2020-06-24;188430
32240;32240;2020-06-24;31100
32241;32241;2020-06-24;67000
32242;32242;2020-06-24;128300
32243;32243;2020-06-24;215945
32244;32244;2020-06-24;295000
32245;32245;2020-06-24;76000
32246;32246;2020-06-24;97000
32247;32247;2020-06-24;211960
32248;32248;2020-06-24;360000
32249;32249;2020-06-24;655800
32250;32250;2020-06-24;234000
32251;32251;2020-06-24;132650
32252;32252;2020-06-24;168000
32253;32253;2020-06-24;164000
32254;32254;2020-06-24;216000
32255;32255;2020-06-24;357730
32256;32256;2020-06-24;106000
32257;32257;2020-06-24;354000
32258;32258;2020-06-24;440640
32259;32259;2020-06-24;126000
32260;32260;2020-06-24;92000
32261;32261;2020-06-24;273100
32262;32262;2020-06-24;297000
32263;32263;2020-06-24;80000
32264;32264;2020-06-24;89000
32265;32265;2020-06-24;126000
32266;32266;2020-06-24;163000
32267;32267;2020-06-24;384800
32268;32268;2020-06-24;280000
32269;32269;2020-06-24;275000
32270;32270;2020-06-24;160000
32271;32271;2020-06-24;136280
32272;32272;2020-06-24;150000
32273;32273;2020-06-24;125000
32274;32274;2020-06-24;268386
32275;32275;2020-06-24;420000
32276;32276;2020-06-24;114500
32277;32277;2020-06-24;152000
32278;32278;2020-06-24;47000
32279;32279;2020-06-24;57800
32280;32280;2020-06-24;113800
32281;32281;2020-06-24;150000
32282;32282;2020-06-24;65000
32283;32283;2020-06-24;47000
32284;32284;2020-06-24;58600
32285;32285;2020-06-24;33000
32286;32286;2020-06-24;60000
32287;32287;2020-06-24;170000
32288;32288;2020-06-24;277900
32289;32289;2020-06-24;115000
32290;32290;2020-06-24;340000
32291;32291;2020-06-24;285000
32292;32292;2020-06-24;180000
32293;32293;2020-06-24;104275
32294;32294;2020-06-24;70000
32295;32295;2020-06-24;62500
32296;32296;2020-06-24;130000
32297;32297;2020-06-24;16000
32298;32298;2020-06-24;85000
32299;32299;2020-06-24;49000
32300;32300;2020-06-24;170000
32301;32301;2020-06-24;78000
32302;32302;2020-06-24;75000
32303;32303;2020-06-24;39000
32304;32304;2020-06-24;116000
32305;32305;2020-06-24;25000
32306;32306;2020-06-24;107000
32307;32307;2020-06-24;160000
32308;32308;2020-06-24;123500
32309;32309;2020-06-24;323754
32310;32310;2020-06-24;272200
32311;32311;2020-06-24;255000
32312;32312;2020-06-24;116000
32313;32313;2020-06-24;84000
32314;32314;2020-06-24;100000
32315;32315;2020-06-24;65000
32316;32316;2020-06-24;96500
32317;32317;2020-06-24;153470
32318;32318;2020-06-24;52500
32319;32319;2020-06-24;545670
32320;32320;2020-06-24;103000
32321;32321;2020-06-24;219000
32322;32322;2020-06-24;216000
32323;32323;2020-06-24;100000
32324;32324;2020-06-24;220000
32325;32325;2020-06-24;146800
32326;32326;2020-06-24;247870
32327;32327;2020-06-24;212400
32328;32328;2020-06-24;985800
32329;32329;2020-06-24;80000
32330;32330;2020-06-24;519920
32331;32331;2020-06-24;25000
32332;32332;2020-06-24;21000
32333;32333;2020-06-24;19000
32334;32334;2020-06-24;106700
32335;32335;2020-06-24;77850
32336;32336;2020-06-24;105000
32337;32337;2020-06-24;248487
32338;32338;2020-06-24;194880
32339;32339;2020-06-24;165620
32340;32340;2020-06-24;302000
32341;32341;2020-06-24;300000
32342;32342;2020-06-24;772700
32343;32343;2020-06-24;435000
32344;32344;2020-06-24;257000
32345;32345;2020-06-24;1185000
32346;32346;2020-06-24;1000000
32347;32347;2020-06-24;277000
32348;32348;2020-06-24;330000
32349;32349;2020-06-24;60000
32350;32350;2020-06-24;400000
32351;32351;2020-06-24;887000
32352;32352;2020-06-24;238000
32353;32353;2020-06-24;600000
32354;32354;2020-06-24;215000
32355;32355;2020-06-24;270000
32356;32356;2020-06-24;431880
32357;32357;2020-06-24;805000
32358;32358;2020-06-24;1821745
32359;32359;2020-06-24;1040000
32360;32360;2020-06-24;1510000
32361;32361;2020-06-24;75200
32362;32362;2020-06-24;78000
32363;32363;2020-06-24;250000
32364;32364;2020-06-24;127000
32365;32365;2020-06-24;560000
32366;32366;2020-06-24;209000
32367;32367;2020-06-24;573000
32368;32368;2020-06-24;300000
32369;32369;2020-06-24;506600
32370;32370;2020-06-24;730000
32371;32371;2020-06-24;627000
32372;32372;2020-06-24;260000
32373;32373;2020-06-24;321000
32374;32374;2020-06-24;210000
32375;32375;2020-06-24;55000
32376;32376;2020-06-24;90000
32377;32377;2020-06-24;265000
32378;32378;2020-06-24;36000
32379;32379;2020-06-24;70000
32380;32380;2020-06-24;179000
32381;32381;2020-06-24;115000
32382;32382;2020-06-24;294000
32383;32383;2020-06-24;93000
32384;32384;2020-06-24;350000
32385;32385;2020-06-24;109000
32386;32386;2020-06-24;145000
32387;32387;2020-06-24;825000
32388;32388;2020-06-24;257300
32389;32389;2020-06-24;130000
32390;32390;2020-06-24;115000
32391;32391;2020-06-24;191000
32392;32392;2020-06-24;203000
32393;32393;2020-06-24;110000
32394;32394;2020-06-24;19000
32395;32395;2020-06-24;73500
32396;32396;2020-06-24;310000
32397;32397;2020-06-24;119100
32398;32398;2020-06-24;75500
32399;32399;2020-06-24;205000
32400;32400;2020-06-24;158000
32401;32401;2020-06-24;300100
32402;32402;2020-06-24;273250
32403;32403;2020-06-24;410000
32404;32404;2020-06-24;105000
32405;32405;2020-06-24;159000
32406;32406;2020-06-24;177069
32407;32407;2020-06-24;89500
32408;32408;2020-06-24;37000
32409;32409;2020-06-24;110000
32410;32410;2020-06-24;48000
32411;32411;2020-06-24;45100
32412;32412;2020-06-24;115000
32413;32413;2020-06-24;130000
32414;32414;2020-06-24;70000
32415;32415;2020-06-24;33900
32416;32416;2020-06-24;121000
32417;32417;2020-06-24;43000
32418;32418;2020-06-24;125000
32419;32419;2020-06-24;235000
32420;32420;2020-06-24;110000
32421;32421;2020-06-24;80000
32422;32422;2020-06-24;170000
32423;32423;2020-06-24;334000
32424;32424;2020-06-24;109000
32425;32425;2020-06-24;240000
32426;32426;2020-06-24;259400
32427;32427;2020-06-24;705700
32428;32428;2020-06-24;409318
32429;32429;2020-06-24;313000
32430;32430;2020-06-24;220100
32431;32431;2020-06-24;424000
32432;32432;2020-06-24;120000
32433;32433;2020-06-24;178000
32434;32434;2020-06-24;175000
32435;32435;2020-06-24;791500
32436;32436;2020-06-24;135000
32437;32437;2020-06-24;84000
32438;32438;2020-06-24;78288
32439;32439;2020-06-24;95320
32440;32440;2020-06-24;408500
32441;32441;2020-06-24;824400
32442;32442;2020-06-24;160000
32443;32443;2020-06-24;168400
32444;32444;2020-06-24;355000
32445;32445;2020-06-24;130000
32446;32446;2020-06-24;223000
32447;32447;2020-06-24;114000
32448;32448;2020-06-24;108000
32449;32449;2020-06-24;220000
32450;32450;2020-06-24;233000
32451;32451;2020-06-24;163100
32452;32452;2020-06-24;130000
32453;32453;2020-06-24;230000
32454;32454;2020-06-24;158500
32455;32455;2020-06-24;185000
32456;32456;2020-06-24;266300
32457;32457;2020-06-24;241290
32458;32458;2020-06-24;309000
32459;32459;2020-06-24;165000
32460;32460;2020-06-24;243000
32461;32461;2020-06-24;295000
32462;32462;2020-06-24;330000
32463;32463;2020-06-24;367300
32464;32464;2020-06-24;125000
32465;32465;2020-06-24;289000
32466;32466;2020-06-24;200300
32467;32467;2020-06-24;124000
32468;32468;2020-06-24;295240
32469;32469;2020-06-24;415000
32470;32470;2020-06-24;245000
32471;32471;2020-06-24;79000
32472;32472;2020-06-24;70000
32473;32473;2020-06-24;299900
32474;32474;2020-06-24;262000
32475;32475;2020-06-24;365000
32476;32476;2020-06-24;154000
32477;32477;2020-06-24;172000
32478;32478;2020-06-24;182000
32479;32479;2020-06-24;215000
32480;32480;2020-06-24;145000
32481;32481;2020-06-24;269500
32482;32482;2020-06-24;220000
32483;32483;2020-06-24;120000
32484;32484;2020-06-25;32500
32485;32485;2020-06-25;45375
32486;32486;2020-06-25;385000
32487;32487;2020-06-25;185000
32488;32488;2020-06-25;275000
32489;32489;2020-06-25;205000
32490;32490;2020-06-25;166000
32491;32491;2020-06-25;190000
32492;32492;2020-06-25;29500
32493;32493;2020-06-25;85500
32494;32494;2020-06-25;235000
32495;32495;2020-06-25;335000
32496;32496;2020-06-25;218000
32497;32497;2020-06-25;63000
32498;32498;2020-06-25;102630
32499;32499;2020-06-25;59000
32500;32500;2020-06-25;192000
32501;32501;2020-06-25;162000
32502;32502;2020-06-25;270000
32503;32503;2020-06-25;48000
32504;32504;2020-06-25;
32505;32505;2020-06-25;36000
32506;32506;2020-06-25;146300
32507;32507;2020-06-25;343000
32508;32508;2020-06-25;55000
32509;32509;2020-06-25;21000
32510;32510;2020-06-25;50000
32511;32511;2020-06-25;120000
32512;32512;2020-06-25;218000
32513;32513;2020-06-25;40000
32514;32514;2020-06-25;254650
32515;32515;2020-06-25;236000
32516;32516;2020-06-25;159500
32517;32517;2020-06-25;34000
32518;32518;2020-06-25;24100
32519;32519;2020-06-25;60000
32520;32520;2020-06-25;223000
32521;32521;2020-06-25;173000
32522;32522;2020-06-25;122752
32523;32523;2020-06-25;138000
32524;32524;2020-06-25;51000
32525;32525;2020-06-25;160377
32526;32526;2020-06-25;168900
32527;32527;2020-06-25;85000
32528;32528;2020-06-25;162962
32529;32529;2020-06-25;185960
32530;32530;2020-06-25;255321
32531;32531;2020-06-25;119500
32532;32532;2020-06-25;164180
32533;32533;2020-06-25;334700
32534;32534;2020-06-25;179500
32535;32535;2020-06-25;285200
32536;32536;2020-06-25;143000
32537;32537;2020-06-25;85000
32538;32538;2020-06-25;38854
32539;32539;2020-06-25;233000
32540;32540;2020-06-25;84700
32541;32541;2020-06-25;114500
32542;32542;2020-06-25;75000
32543;32543;2020-06-25;155000
32544;32544;2020-06-25;167000
32545;32545;2020-06-25;348200
32546;32546;2020-06-25;188000
32547;32547;2020-06-25;158000
32548;32548;2020-06-25;70000
32549;32549;2020-06-25;84000
32550;32550;2020-06-25;207305
32551;32551;2020-06-25;76000
32552;32552;2020-06-25;76741
32553;32553;2020-06-25;1157369
32554;32554;2020-06-25;161400
32555;32555;2020-06-25;68000
32556;32556;2020-06-25;58000
32557;32557;2020-06-25;43500
32558;32558;2020-06-25;130000
32559;32559;2020-06-25;73000
32560;32560;2020-06-25;146000
32561;32561;2020-06-25;54000
32562;32562;2020-06-25;180000
32563;32563;2020-06-25;107900
32564;32564;2020-06-25;119375
32565;32565;2020-06-25;103239
32566;32566;2020-06-25;288000
32567;32567;2020-06-25;297422
32568;32568;2020-06-25;238000
32569;32569;2020-06-25;76000
32570;32570;2020-06-25;118000
32571;32571;2020-06-25;55000
32572;32572;2020-06-25;140000
32573;32573;2020-06-25;165000
32574;32574;2020-06-25;105450
32575;32575;2020-06-25;90000
32576;32576;2020-06-25;131000
32577;32577;2020-06-25;114000
32578;32578;2020-06-25;57000
32579;32579;2020-06-25;45000
32580;32580;2020-06-25;34500
32581;32581;2020-06-25;27000
32582;32582;2020-06-25;39470
32583;32583;2020-06-25;155000
32584;32584;2020-06-25;67000
32585;32585;2020-06-25;52000
32586;32586;2020-06-25;55000
32587;32587;2020-06-25;78500
32588;32588;2020-06-25;60200
32589;32589;2020-06-25;76000
32590;32590;2020-06-25;57500
32591;32591;2020-06-25;228000
32592;32592;2020-06-25;48000
32593;32593;2020-06-25;290000
32594;32594;2020-06-25;118000
32595;32595;2020-06-25;90000
32596;32596;2020-06-25;133000
32597;32597;2020-06-25;83000
32598;32598;2020-06-25;155000
32599;32599;2020-06-25;160010
32600;32600;2020-06-25;163500
32601;32601;2020-06-25;237000
32602;32602;2020-06-25;135000
32603;32603;2020-06-25;117500
32604;32604;2020-06-25;48000
32605;32605;2020-06-25;257000
32606;32606;2020-06-25;69780
32607;32607;2020-06-25;110000
32608;32608;2020-06-25;121000
32609;32609;2020-06-25;112000
32610;32610;2020-06-25;138000
32611;32611;2020-06-25;102000
32612;32612;2020-06-25;259000
32613;32613;2020-06-25;46000
32614;32614;2020-06-25;90000
32615;32615;2020-06-25;57000
32616;32616;2020-06-25;131000
32617;32617;2020-06-25;70000
32618;32618;2020-06-25;100000
32619;32619;2020-06-25;230800
32620;32620;2020-06-25;158480
32621;32621;2020-06-25;155000
32622;32622;2020-06-25;131000
32623;32623;2020-06-25;265045
32624;32624;2020-06-25;164500
32625;32625;2020-06-25;257000
32626;32626;2020-06-25;195000
32627;32627;2020-06-25;115296
32628;32628;2020-06-25;210000
32629;32629;2020-06-25;194500
32630;32630;2020-06-25;49500
32631;32631;2020-06-25;113000
32632;32632;2020-06-25;46000
32633;32633;2020-06-25;55000
32634;32634;2020-06-25;161000
32635;32635;2020-06-25;218000
32636;32636;2020-06-25;315000
32637;32637;2020-06-25;225000
32638;32638;2020-06-25;132000
32639;32639;2020-06-25;289800
32640;32640;2020-06-25;935000
32641;32641;2020-06-25;507715
32642;32642;2020-06-25;650000
32643;32643;2020-06-25;849000
32644;32644;2020-06-25;165000
32645;32645;2020-06-25;725000
32646;32646;2020-06-25;420000
32647;32647;2020-06-25;570000
32648;32648;2020-06-25;177000
32649;32649;2020-06-25;1685000
32650;32650;2020-06-25;1608000
32651;32651;2020-06-25;350000
32652;32652;2020-06-25;595000
32653;32653;2020-06-25;116000
32654;32654;2020-06-25;845000
32655;32655;2020-06-25;680000
32656;32656;2020-06-25;210000
32657;32657;2020-06-25;400000
32658;32658;2020-06-25;338000
32659;32659;2020-06-25;359000
32660;32660;2020-06-25;960000
32661;32661;2020-06-25;466000
32662;32662;2020-06-25;278000
32663;32663;2020-06-25;350000
32664;32664;2020-06-25;528000
32665;32665;2020-06-25;1350000
32666;32666;2020-06-25;1702500
32667;32667;2020-06-25;1407000
32668;32668;2020-06-25;1100000
32669;32669;2020-06-25;426000
32670;32670;2020-06-25;1837100
32671;32671;2020-06-25;814600
32672;32672;2020-06-25;195000
32673;32673;2020-06-25;630000
32674;32674;2020-06-25;1244200
32675;32675;2020-06-25;685375
32676;32676;2020-06-25;223400
32677;32677;2020-06-25;290000
32678;32678;2020-06-25;260000
32679;32679;2020-06-25;505475
32680;32680;2020-06-25;372000
32681;32681;2020-06-25;225600
32682;32682;2020-06-25;59280
32683;32683;2020-06-25;284000
32684;32684;2020-06-25;1743600
32685;32685;2020-06-25;350000
32686;32686;2020-06-25;287000
32687;32687;2020-06-25;385000
32688;32688;2020-06-25;600000
32689;32689;2020-06-25;303500
32690;32690;2020-06-25;272000
32691;32691;2020-06-25;230500
32692;32692;2020-06-25;110000
32693;32693;2020-06-25;380000
32694;32694;2020-06-25;132430
32695;32695;2020-06-25;242000
32696;32696;2020-06-25;29000
32697;32697;2020-06-25;71500
32698;32698;2020-06-25;99500
32699;32699;2020-06-25;162000
32700;32700;2020-06-25;207000
32701;32701;2020-06-25;245000
32702;32702;2020-06-25;217900
32703;32703;2020-06-25;115000
32704;32704;2020-06-25;303000
32705;32705;2020-06-25;189000
32706;32706;2020-06-25;284000
32707;32707;2020-06-25;255000
32708;32708;2020-06-25;189000
32709;32709;2020-06-25;129000
32710;32710;2020-06-25;156800
32711;32711;2020-06-25;495000
32712;32712;2020-06-25;380000
32713;32713;2020-06-25;169370
32714;32714;2020-06-25;126000
32715;32715;2020-06-25;138620
32716;32716;2020-06-25;318240
32717;32717;2020-06-25;630000
32718;32718;2020-06-25;223000
32719;32719;2020-06-25;168500
32720;32720;2020-06-25;135000
32721;32721;2020-06-25;437000
32722;32722;2020-06-25;164625
32723;32723;2020-06-25;210000
32724;32724;2020-06-25;328800
32725;32725;2020-06-25;302000
32726;32726;2020-06-25;166000
32727;32727;2020-06-25;250000
32728;32728;2020-06-25;80000
32729;32729;2020-06-25;213000
32730;32730;2020-06-25;105000
32731;32731;2020-06-25;315000
32732;32732;2020-06-25;260000
32733;32733;2020-06-25;104500
32734;32734;2020-06-25;135000
32735;32735;2020-06-25;39000
32736;32736;2020-06-25;110000
32737;32737;2020-06-25;260000
32738;32738;2020-06-25;93000
32739;32739;2020-06-25;283000
32740;32740;2020-06-25;206000
32741;32741;2020-06-25;242400
32742;32742;2020-06-25;158000
32743;32743;2020-06-25;322700
32744;32744;2020-06-25;190000
32745;32745;2020-06-25;292000
32746;32746;2020-06-25;200000
32747;32747;2020-06-25;130000
32748;32748;2020-06-25;142180
32749;32749;2020-06-25;124000
32750;32750;2020-06-25;67060
32751;32751;2020-06-25;46500
32752;32752;2020-06-25;63000
32753;32753;2020-06-25;53500
32754;32754;2020-06-25;60000
32755;32755;2020-06-25;83500
32756;32756;2020-06-25;105800
32757;32757;2020-06-25;149000
32758;32758;2020-06-25;384000
32759;32759;2020-06-25;60100
32760;32760;2020-06-25;125000
32761;32761;2020-06-25;45000
32762;32762;2020-06-25;320000
32763;32763;2020-06-25;125000
32764;32764;2020-06-25;82000
32765;32765;2020-06-25;111000
32766;32766;2020-06-25;160000
32767;32767;2020-06-25;192500
32768;32768;2020-06-25;264000
32769;32769;2020-06-25;158000
32770;32770;2020-06-25;106754
32771;32771;2020-06-25;202000
32772;32772;2020-06-25;125000
32773;32773;2020-06-25;187000
32774;32774;2020-06-25;289000
32775;32775;2020-06-25;66500
32776;32776;2020-06-25;186000
32777;32777;2020-06-25;215000
32778;32778;2020-06-25;284850
32779;32779;2020-06-25;473000
32780;32780;2020-06-25;232000
32781;32781;2020-06-25;313000
32782;32782;2020-06-25;204000
32783;32783;2020-06-25;960000
32784;32784;2020-06-25;275000
32785;32785;2020-06-25;588550
32786;32786;2020-06-25;405000
32787;32787;2020-06-25;285000
32788;32788;2020-06-25;305000
32789;32789;2020-06-25;390000
32790;32790;2020-06-25;178000
32791;32791;2020-06-25;113000
32792;32792;2020-06-25;171500
32793;32793;2020-06-25;155000
32794;32794;2020-06-25;170000
32795;32795;2020-06-25;156900
32796;32796;2020-06-25;283900
32797;32797;2020-06-25;800000
32798;32798;2020-06-25;350000
32799;32799;2020-06-25;178000
32800;32800;2020-06-25;65000
32801;32801;2020-06-25;135000
32802;32802;2020-06-25;283000
32803;32803;2020-06-25;455000
32804;32804;2020-06-25;238000
32805;32805;2020-06-25;198000
32806;32806;2020-06-25;222572
32807;32807;2020-06-25;869500
32808;32808;2020-06-25;235000
32809;32809;2020-06-25;212000
32810;32810;2020-06-25;294000
32811;32811;2020-06-25;237000
32812;32812;2020-06-25;435000
32813;32813;2020-06-25;287000
32814;32814;2020-06-25;387490
32815;32815;2020-06-25;340000
32816;32816;2020-06-25;25000
32817;32817;2020-06-25;765000
32818;32818;2020-06-25;270750
32819;32819;2020-06-25;179230
32820;32820;2020-06-25;205000
32821;32821;2020-06-25;305000
32822;32822;2020-06-25;95000
32823;32823;2020-06-25;479450
32824;32824;2020-06-25;275000
32825;32825;2020-06-25;258000
32826;32826;2020-06-25;530500
32827;32827;2020-06-25;185000
32828;32828;2020-06-25;154400
32829;32829;2020-06-25;100000
32830;32830;2020-06-25;425000
32831;32831;2020-06-25;275000
32832;32832;2020-06-25;369000
32833;32833;2020-06-25;60000
32834;32834;2020-06-25;269000
32835;32835;2020-06-25;355000
32836;32836;2020-06-25;145000
32837;32837;2020-06-25;200000
32838;32838;2020-06-25;89994
32839;32839;2020-06-25;102006
32840;32840;2020-06-25;143000
32841;32841;2020-06-25;142000
32842;32842;2020-06-25;93000
32843;32843;2020-06-26;225000
32844;32844;2020-06-26;35000
32845;32845;2020-06-26;57500
32846;32846;2020-06-26;25000
32847;32847;2020-06-26;141500
32848;32848;2020-06-26;21000
32849;32849;2020-06-26;201942
32850;32850;2020-06-26;1190000
32851;32851;2020-06-26;107000
32852;32852;2020-06-26;78000
32853;32853;2020-06-26;112000
32854;32854;2020-06-26;401470
32855;32855;2020-06-26;169000
32856;32856;2020-06-26;137700
32857;32857;2020-06-26;132000
32858;32858;2020-06-26;233050
32859;32859;2020-06-26;450000
32860;32860;2020-06-26;480000
32861;32861;2020-06-26;63000
32862;32862;2020-06-26;75000
32863;32863;2020-06-26;58000
32864;32864;2020-06-26;85650
32865;32865;2020-06-26;92000
32866;32866;2020-06-26;157530
32867;32867;2020-06-26;755000
32868;32868;2020-06-26;40000
32869;32869;2020-06-26;170000
32870;32870;2020-06-26;39500
32871;32871;2020-06-26;30000
32872;32872;2020-06-26;274100
32873;32873;2020-06-26;143500
32874;32874;2020-06-26;68000
32875;32875;2020-06-26;120001
32876;32876;2020-06-26;38000
32877;32877;2020-06-26;45000
32878;32878;2020-06-26;139600
32879;32879;2020-06-26;90000
32880;32880;2020-06-26;75000
32881;32881;2020-06-26;123810
32882;32882;2020-06-26;106000
32883;32883;2020-06-26;97000
32884;32884;2020-06-26;202000
32885;32885;2020-06-26;165000
32886;32886;2020-06-26;142500
32887;32887;2020-06-26;19941
32888;32888;2020-06-26;25000
32889;32889;2020-06-26;240500
32890;32890;2020-06-26;38000
32891;32891;2020-06-26;254900
32892;32892;2020-06-26;60000
32893;32893;2020-06-26;60000
32894;32894;2020-06-26;131500
32895;32895;2020-06-26;316484
32896;32896;2020-06-26;228300
32897;32897;2020-06-26;418000
32898;32898;2020-06-26;168000
32899;32899;2020-06-26;154000
32900;32900;2020-06-26;218400
32901;32901;2020-06-26;119000
32902;32902;2020-06-26;368540
32903;32903;2020-06-26;175750
32904;32904;2020-06-26;138100
32905;32905;2020-06-26;70000
32906;32906;2020-06-26;120500
32907;32907;2020-06-26;258550
32908;32908;2020-06-26;213800
32909;32909;2020-06-26;199550
32910;32910;2020-06-26;127760
32911;32911;2020-06-26;335000
32912;32912;2020-06-26;87000
32913;32913;2020-06-26;142000
32914;32914;2020-06-26;104000
32915;32915;2020-06-26;202000
32916;32916;2020-06-26;145500
32917;32917;2020-06-26;63500
32918;32918;2020-06-26;166000
32919;32919;2020-06-26;425000
32920;32920;2020-06-26;165500
32921;32921;2020-06-26;225000
32922;32922;2020-06-26;56000
32923;32923;2020-06-26;142950
32924;32924;2020-06-26;55500
32925;32925;2020-06-26;42500
32926;32926;2020-06-26;75000
32927;32927;2020-06-26;204550
32928;32928;2020-06-26;165000
32929;32929;2020-06-26;155745
32930;32930;2020-06-26;80000
32931;32931;2020-06-26;68000
32932;32932;2020-06-26;24000
32933;32933;2020-06-26;79000
32934;32934;2020-06-26;35000
32935;32935;2020-06-26;45000
32936;32936;2020-06-26;241000
32937;32937;2020-06-26;125000
32938;32938;2020-06-26;120000
32939;32939;2020-06-26;202174
32940;32940;2020-06-26;182000
32941;32941;2020-06-26;155000
32942;32942;2020-06-26;195000
32943;32943;2020-06-26;124000
32944;32944;2020-06-26;213300
32945;32945;2020-06-26;135000
32946;32946;2020-06-26;93000
32947;32947;2020-06-26;205000
32948;32948;2020-06-26;150000
32949;32949;2020-06-26;92000
32950;32950;2020-06-26;67890
32951;32951;2020-06-26;110000
32952;32952;2020-06-26;59900
32953;32953;2020-06-26;85000
32954;32954;2020-06-26;50000
32955;32955;2020-06-26;30000
32956;32956;2020-06-26;261000
32957;32957;2020-06-26;47500
32958;32958;2020-06-26;29000
32959;32959;2020-06-26;50000
32960;32960;2020-06-26;194000
32961;32961;2020-06-26;74000
32962;32962;2020-06-26;405000
32963;32963;2020-06-26;100000
32964;32964;2020-06-26;40000
32965;32965;2020-06-26;41500
32966;32966;2020-06-26;66000
32967;32967;2020-06-26;89000
32968;32968;2020-06-26;149700
32969;32969;2020-06-26;102000
32970;32970;2020-06-26;87900
32971;32971;2020-06-26;85000
32972;32972;2020-06-26;155000
32973;32973;2020-06-26;171400
32974;32974;2020-06-26;40900
32975;32975;2020-06-26;41000
32976;32976;2020-06-26;164500
32977;32977;2020-06-26;32500
32978;32978;2020-06-26;63500
32979;32979;2020-06-26;308000
32980;32980;2020-06-26;365000
32981;32981;2020-06-26;141400
32982;32982;2020-06-26;120500
32983;32983;2020-06-26;158500
32984;32984;2020-06-26;38000
32985;32985;2020-06-26;78500
32986;32986;2020-06-26;335000
32987;32987;2020-06-26;118000
32988;32988;2020-06-26;70000
32989;32989;2020-06-26;282000
32990;32990;2020-06-26;131000
32991;32991;2020-06-26;87500
32992;32992;2020-06-26;105000
32993;32993;2020-06-26;331000
32994;32994;2020-06-26;70000
32995;32995;2020-06-26;130950
32996;32996;2020-06-26;52000
32997;32997;2020-06-26;135000
32998;32998;2020-06-26;45000
32999;32999;2020-06-26;540000
33000;33000;2020-06-26;164000
33001;33001;2020-06-26;321600
33002;33002;2020-06-26;383670
33003;33003;2020-06-26;76000
33004;33004;2020-06-26;89000
33005;33005;2020-06-26;195000
33006;33006;2020-06-26;69000
33007;33007;2020-06-26;105000
33008;33008;2020-06-26;339000
33009;33009;2020-06-26;370000
33010;33010;2020-06-26;395400
33011;33011;2020-06-26;412920
33012;33012;2020-06-26;275000
33013;33013;2020-06-26;190000
33014;33014;2020-06-26;327000
33015;33015;2020-06-26;36000
33016;33016;2020-06-26;30500
33017;33017;2020-06-26;32000
33018;33018;2020-06-26;380000
33019;33019;2020-06-26;68000
33020;33020;2020-06-26;107500
33021;33021;2020-06-26;506350
33022;33022;2020-06-26;170000
33023;33023;2020-06-26;150000
33024;33024;2020-06-26;194900
33025;33025;2020-06-26;205000
33026;33026;2020-06-26;68990
33027;33027;2020-06-26;250000
33028;33028;2020-06-26;365000
33029;33029;2020-06-26;500000
33030;33030;2020-06-26;1024000
33031;33031;2020-06-26;214100
33032;33032;2020-06-26;338000
33033;33033;2020-06-26;496300
33034;33034;2020-06-26;234070
33035;33035;2020-06-26;209500
33036;33036;2020-06-26;75000
33037;33037;2020-06-26;820000
33038;33038;2020-06-26;431040
33039;33039;2020-06-26;255800
33040;33040;2020-06-26;570000
33041;33041;2020-06-26;877470
33042;33042;2020-06-26;169475
33043;33043;2020-06-26;232800
33044;33044;2020-06-26;220000
33045;33045;2020-06-26;416000
33046;33046;2020-06-26;147619
33047;33047;2020-06-26;595000
33048;33048;2020-06-26;358500
33049;33049;2020-06-26;680000
33050;33050;2020-06-26;580000
33051;33051;2020-06-26;1800000
33052;33052;2020-06-26;838000
33053;33053;2020-06-26;243000
33054;33054;2020-06-26;310000
33055;33055;2020-06-26;420000
33056;33056;2020-06-26;400000
33057;33057;2020-06-26;127000
33058;33058;2020-06-26;155000
33059;33059;2020-06-26;445000
33060;33060;2020-06-26;470000
33061;33061;2020-06-26;185000
33062;33062;2020-06-26;915000
33063;33063;2020-06-26;720000
33064;33064;2020-06-26;645000
33065;33065;2020-06-26;355100
33066;33066;2020-06-26;390000
33067;33067;2020-06-26;510000
33068;33068;2020-06-26;247000
33069;33069;2020-06-26;1350000
33070;33070;2020-06-26;629000
33071;33071;2020-06-26;482000
33072;33072;2020-06-26;600000
33073;33073;2020-06-26;345230
33074;33074;2020-06-26;181000
33075;33075;2020-06-26;63000
33076;33076;2020-06-26;52624
33077;33077;2020-06-26;111998
33078;33078;2020-06-26;53196
33079;33079;2020-06-26;215000
33080;33080;2020-06-26;169000
33081;33081;2020-06-26;210000
33082;33082;2020-06-26;133476
33083;33083;2020-06-26;172000
33084;33084;2020-06-26;145000
33085;33085;2020-06-26;105000
33086;33086;2020-06-26;297000
33087;33087;2020-06-26;178000
33088;33088;2020-06-26;139000
33089;33089;2020-06-26;136500
33090;33090;2020-06-26;60000
33091;33091;2020-06-26;69900
33092;33092;2020-06-26;290000
33093;33093;2020-06-26;419000
33094;33094;2020-06-26;128000
33095;33095;2020-06-26;200250
33096;33096;2020-06-26;175000
33097;33097;2020-06-26;209000
33098;33098;2020-06-26;230000
33099;33099;2020-06-26;258950
33100;33100;2020-06-26;162000
33101;33101;2020-06-26;141000
33102;33102;2020-06-26;155000
33103;33103;2020-06-26;285000
33104;33104;2020-06-26;354900
33105;33105;2020-06-26;183700
33106;33106;2020-06-26;520000
33107;33107;2020-06-26;451000
33108;33108;2020-06-26;661600
33109;33109;2020-06-26;172000
33110;33110;2020-06-26;260780
33111;33111;2020-06-26;265000
33112;33112;2020-06-26;154863
33113;33113;2020-06-26;114000
33114;33114;2020-06-26;447820
33115;33115;2020-06-26;189550
33116;33116;2020-06-26;104000
33117;33117;2020-06-26;350000
33118;33118;2020-06-26;311000
33119;33119;2020-06-26;222255
33120;33120;2020-06-26;195000
33121;33121;2020-06-26;212000
33122;33122;2020-06-26;706500
33123;33123;2020-06-26;1004000
33124;33124;2020-06-26;209050
33125;33125;2020-06-26;200000
33126;33126;2020-06-26;245950
33127;33127;2020-06-26;63550
33128;33128;2020-06-26;185000
33129;33129;2020-06-26;207000
33130;33130;2020-06-26;390000
33131;33131;2020-06-26;135800
33132;33132;2020-06-26;379400
33133;33133;2020-06-26;127000
33134;33134;2020-06-26;170000
33135;33135;2020-06-26;335000
33136;33136;2020-06-26;169000
33137;33137;2020-06-26;170000
33138;33138;2020-06-26;178800
33139;33139;2020-06-26;161000
33140;33140;2020-06-26;465000
33141;33141;2020-06-26;253000
33142;33142;2020-06-26;140000
33143;33143;2020-06-26;250000
33144;33144;2020-06-26;234800
33145;33145;2020-06-26;65000
33146;33146;2020-06-26;45000
33147;33147;2020-06-26;272000
33148;33148;2020-06-26;379800
33149;33149;2020-06-26;102000
33150;33150;2020-06-26;116000
33151;33151;2020-06-26;191000
33152;33152;2020-06-26;90000
33153;33153;2020-06-26;112000
33154;33154;2020-06-26;51000
33155;33155;2020-06-26;144000
33156;33156;2020-06-26;56811
33157;33157;2020-06-26;65000
33158;33158;2020-06-26;190000
33159;33159;2020-06-26;201400
33160;33160;2020-06-26;165000
33161;33161;2020-06-26;25000
33162;33162;2020-06-26;73000
33163;33163;2020-06-26;187000
33164;33164;2020-06-26;133000
33165;33165;2020-06-26;225000
33166;33166;2020-06-26;310500
33167;33167;2020-06-26;430000
33168;33168;2020-06-26;157000
33169;33169;2020-06-26;103000
33170;33170;2020-06-26;222000
33171;33171;2020-06-26;133000
33172;33172;2020-06-26;140000
33173;33173;2020-06-26;243000
33174;33174;2020-06-26;229000
33175;33175;2020-06-26;288250
33176;33176;2020-06-26;151800
33177;33177;2020-06-26;380366
33178;33178;2020-06-26;180000
33179;33179;2020-06-26;369000
33180;33180;2020-06-26;145000
33181;33181;2020-06-26;202000
33182;33182;2020-06-26;2700000
33183;33183;2020-06-26;487000
33184;33184;2020-06-26;338000
33185;33185;2020-06-26;518000
33186;33186;2020-06-26;415000
33187;33187;2020-06-26;120000
33188;33188;2020-06-26;345000
33189;33189;2020-06-26;266000
33190;33190;2020-06-26;200000
33191;33191;2020-06-26;230000
33192;33192;2020-06-26;1036820
33193;33193;2020-06-26;777000
33194;33194;2020-06-26;528000
33195;33195;2020-06-26;632500
33196;33196;2020-06-26;445000
33197;33197;2020-06-26;222000
33198;33198;2020-06-26;170000
33199;33199;2020-06-26;322000
33200;33200;2020-06-26;365000
33201;33201;2020-06-26;145000
33202;33202;2020-06-26;98000
33203;33203;2020-06-26;96000
33204;33204;2020-06-26;90000
33205;33205;2020-06-26;170000
33206;33206;2020-06-26;182400
33207;33207;2020-06-26;352500
33208;33208;2020-06-26;55000
33209;33209;2020-06-26;192000
33210;33210;2020-06-26;354000
33211;33211;2020-06-26;583000
33212;33212;2020-06-26;330000
33213;33213;2020-06-26;135000
33214;33214;2020-06-26;168000
33215;33215;2020-06-26;161000
33216;33216;2020-06-26;299000
33217;33217;2020-06-26;296550
33218;33218;2020-06-26;225000
33219;33219;2020-06-26;170000
33220;33220;2020-06-26;291000
33221;33221;2020-06-26;317400
33222;33222;2020-06-26;595000
33223;33223;2020-06-26;830000
33224;33224;2020-06-26;217000
33225;33225;2020-06-26;146600
33226;33226;2020-06-26;225000
33227;33227;2020-06-26;152000
33228;33228;2020-06-26;155000
33229;33229;2020-06-26;280000
33230;33230;2020-06-26;164919
33231;33231;2020-06-26;235000
33232;33232;2020-06-26;470000
33233;33233;2020-06-26;399000
33234;33234;2020-06-26;210000
33235;33235;2020-06-26;330000
33236;33236;2020-06-26;410000
33237;33237;2020-06-26;162000
33238;33238;2020-06-26;120000
33239;33239;2020-06-26;139000
33240;33240;2020-06-26;279500
33241;33241;2020-06-26;276500
33242;33242;2020-06-26;430000
33243;33243;2020-06-26;135000
33244;33244;2020-06-26;193000
33245;33245;2020-06-26;165000
33246;33246;2020-06-26;322000
33247;33247;2020-06-26;347000
33248;33248;2020-06-26;170000
33249;33249;2020-06-26;169000
33250;33250;2020-06-26;484270
33251;33251;2020-06-26;175000
33252;33252;2020-06-26;253000
33253;33253;2020-06-26;155000
33254;33254;2020-06-26;184000
33255;33255;2020-06-26;224500
33256;33256;2020-06-26;94000
33257;33257;2020-06-26;228500
33258;33258;2020-06-26;249000
33259;33259;2020-06-26;169800
33260;33260;2020-06-26;226590
33261;33261;2020-06-26;187000
33262;33262;2020-06-26;220500
33263;33263;2020-06-26;220750
33264;33264;2020-06-26;124000
33265;33265;2020-06-26;214000
33266;33266;2020-06-26;132000
33267;33267;2020-06-26;122930
33268;33268;2020-06-26;133000
33269;33269;2020-06-26;141000
33270;33270;2020-06-26;185000
33271;33271;2020-06-26;247000
33272;33272;2020-06-26;180000
33273;33273;2020-06-26;181200
33274;33274;2020-06-26;123000
33275;33275;2020-06-26;40000
33276;33276;2020-06-26;95700
33277;33277;2020-06-26;202000
33278;33278;2020-06-26;182000
33279;33279;2020-06-26;117000
33280;33280;2020-06-26;235000
33281;33281;2020-06-26;162000
33282;33282;2020-06-26;162000
33283;33283;2020-06-26;130000
33284;33284;2020-06-26;98000
33285;33285;2020-06-27;110000
33286;33286;2020-06-27;12500
33287;33287;2020-06-27;48000
33288;33288;2020-06-27;60000
33289;33289;2020-06-27;79000
33290;33290;2020-06-27;150000
33291;33291;2020-06-27;246000
33292;33292;2020-06-27;175000
33293;33293;2020-06-27;92000
33294;33294;2020-06-27;931800
33295;33295;2020-06-27;625000
33296;33296;2020-06-27;590000
33297;33297;2020-06-27;179670
33298;33298;2020-06-27;105000
33299;33299;2020-06-27;207500
33300;33300;2020-06-27;421150
33301;33301;2020-06-27;45000
33302;33302;2020-06-27;59500
33303;33303;2020-06-27;159000
33304;33304;2020-06-27;139000
33305;33305;2020-06-27;153000
33306;33306;2020-06-27;160000
33307;33307;2020-06-29;55800
33308;33308;2020-06-29;76000
33309;33309;2020-06-29;90250
33310;33310;2020-06-29;130000
33311;33311;2020-06-29;120000
33312;33312;2020-06-29;665000
33313;33313;2020-06-29;99551
33314;33314;2020-06-29;179900
33315;33315;2020-06-29;145000
33316;33316;2020-06-29;80000
33317;33317;2020-06-29;90000
33318;33318;2020-06-29;54000
33319;33319;2020-06-29;42000
33320;33320;2020-06-29;92600
33321;33321;2020-06-29;71000
33322;33322;2020-06-29;105000
33323;33323;2020-06-29;52000
33324;33324;2020-06-29;72000
33325;33325;2020-06-29;42000
33326;33326;2020-06-29;108000
33327;33327;2020-06-29;68000
33328;33328;2020-06-29;75000
33329;33329;2020-06-29;155000
33330;33330;2020-06-29;25000
33331;33331;2020-06-29;113180
33332;33332;2020-06-29;198000
33333;33333;2020-06-29;309800
33334;33334;2020-06-29;158000
33335;33335;2020-06-29;35000
33336;33336;2020-06-29;65750
33337;33337;2020-06-29;52000
33338;33338;2020-06-29;104500
33339;33339;2020-06-29;40000
33340;33340;2020-06-29;75000
33341;33341;2020-06-29;106000
33342;33342;2020-06-29;85000
33343;33343;2020-06-29;240000
33344;33344;2020-06-29;40000
33345;33345;2020-06-29;107510
33346;33346;2020-06-29;166300
33347;33347;2020-06-29;200000
33348;33348;2020-06-29;120700
33349;33349;2020-06-29;242462
33350;33350;2020-06-29;333000
33351;33351;2020-06-29;398500
33352;33352;2020-06-29;78500
33353;33353;2020-06-29;170000
33354;33354;2020-06-29;92000
33355;33355;2020-06-29;138000
33356;33356;2020-06-29;210000
33357;33357;2020-06-29;250000
33358;33358;2020-06-29;213000
33359;33359;2020-06-29;218000
33360;33360;2020-06-29;81000
33361;33361;2020-06-29;40000
33362;33362;2020-06-29;152000
33363;33363;2020-06-29;50100
33364;33364;2020-06-29;120700
33365;33365;2020-06-29;85500
33366;33366;2020-06-29;99400
33367;33367;2020-06-29;105000
33368;33368;2020-06-29;120000
33369;33369;2020-06-29;125820
33370;33370;2020-06-29;42000
33371;33371;2020-06-29;73850
33372;33372;2020-06-29;190100
33373;33373;2020-06-29;38450
33374;33374;2020-06-29;74000
33375;33375;2020-06-29;732100
33376;33376;2020-06-29;76406
33377;33377;2020-06-29;315000
33378;33378;2020-06-29;69000
33379;33379;2020-06-29;240385
33380;33380;2020-06-29;339850
33381;33381;2020-06-29;72560
33382;33382;2020-06-29;159000
33383;33383;2020-06-29;52000
33384;33384;2020-06-29;94000
33385;33385;2020-06-29;114000
33386;33386;2020-06-29;18000
33387;33387;2020-06-29;130000
33388;33388;2020-06-29;225000
33389;33389;2020-06-29;160450
33390;33390;2020-06-29;160000
33391;33391;2020-06-29;80000
33392;33392;2020-06-29;135000
33393;33393;2020-06-29;210000
33394;33394;2020-06-29;403885
33395;33395;2020-06-29;265000
33396;33396;2020-06-29;130000
33397;33397;2020-06-29;282000
33398;33398;2020-06-29;80000
33399;33399;2020-06-29;91000
33400;33400;2020-06-29;24000
33401;33401;2020-06-29;65000
33402;33402;2020-06-29;85000
33403;33403;2020-06-29;200000
33404;33404;2020-06-29;22500
33405;33405;2020-06-29;74000
33406;33406;2020-06-29;63800
33407;33407;2020-06-29;99000
33408;33408;2020-06-29;75500
33409;33409;2020-06-29;75000
33410;33410;2020-06-29;217200
33411;33411;2020-06-29;91600
33412;33412;2020-06-29;66000
33413;33413;2020-06-29;81000
33414;33414;2020-06-29;61000
33415;33415;2020-06-29;61320
33416;33416;2020-06-29;195000
33417;33417;2020-06-29;433202
33418;33418;2020-06-29;127500
33419;33419;2020-06-29;260200
33420;33420;2020-06-29;289500
33421;33421;2020-06-29;72000
33422;33422;2020-06-29;220000
33423;33423;2020-06-29;230000
33424;33424;2020-06-29;162000
33425;33425;2020-06-29;192100
33426;33426;2020-06-29;87950
33427;33427;2020-06-29;145600
33428;33428;2020-06-29;248000
33429;33429;2020-06-29;54900
33430;33430;2020-06-29;110000
33431;33431;2020-06-29;103000
33432;33432;2020-06-29;39000
33433;33433;2020-06-29;422000
33434;33434;2020-06-29;540000
33435;33435;2020-06-29;209900
33436;33436;2020-06-29;285600
33437;33437;2020-06-29;1003650
33438;33438;2020-06-29;246785
33439;33439;2020-06-29;375000
33440;33440;2020-06-29;140000
33441;33441;2020-06-29;210000
33442;33442;2020-06-29;125000
33443;33443;2020-06-29;93000
33444;33444;2020-06-29;33000
33445;33445;2020-06-29;62500
33446;33446;2020-06-29;56000
33447;33447;2020-06-29;190310
33448;33448;2020-06-29;210000
33449;33449;2020-06-29;147400
33450;33450;2020-06-29;330000
33451;33451;2020-06-29;288950
33452;33452;2020-06-29;320000
33453;33453;2020-06-29;425000
33454;33454;2020-06-29;363808
33455;33455;2020-06-29;590000
33456;33456;2020-06-29;535000
33457;33457;2020-06-29;851300
33458;33458;2020-06-29;1360000
33459;33459;2020-06-29;764000
33460;33460;2020-06-29;1560000
33461;33461;2020-06-29;208550
33462;33462;2020-06-29;522577
33463;33463;2020-06-29;1517000
33464;33464;2020-06-29;199230
33465;33465;2020-06-29;210000
33466;33466;2020-06-29;246000
33467;33467;2020-06-29;237000
33468;33468;2020-06-29;415980
33469;33469;2020-06-29;460000
33470;33470;2020-06-29;820000
33471;33471;2020-06-29;475250
33472;33472;2020-06-29;306707
33473;33473;2020-06-29;441000
33474;33474;2020-06-29;2233000
33475;33475;2020-06-29;350000
33476;33476;2020-06-29;2200000
33477;33477;2020-06-29;415000
33478;33478;2020-06-29;729700
33479;33479;2020-06-29;1660000
33480;33480;2020-06-29;301000
33481;33481;2020-06-29;640000
33482;33482;2020-06-29;320000
33483;33483;2020-06-29;471520
33484;33484;2020-06-29;1353000
33485;33485;2020-06-29;191000
33486;33486;2020-06-29;390000
33487;33487;2020-06-29;740700
33488;33488;2020-06-29;168650
33489;33489;2020-06-29;700000
33490;33490;2020-06-29;120000
33491;33491;2020-06-29;715711
33492;33492;2020-06-29;899000
33493;33493;2020-06-29;430000
33494;33494;2020-06-29;687000
33495;33495;2020-06-29;413000
33496;33496;2020-06-29;862700
33497;33497;2020-06-29;348800
33498;33498;2020-06-29;295000
33499;33499;2020-06-29;86000
33500;33500;2020-06-29;529250
33501;33501;2020-06-29;672580
33502;33502;2020-06-29;578000
33503;33503;2020-06-29;238000
33504;33504;2020-06-29;288900
33505;33505;2020-06-29;255000
33506;33506;2020-06-29;373000
33507;33507;2020-06-29;94000
33508;33508;2020-06-29;103000
33509;33509;2020-06-29;86020
33510;33510;2020-06-29;70000
33511;33511;2020-06-29;172000
33512;33512;2020-06-29;195000
33513;33513;2020-06-29;248560
33514;33514;2020-06-29;240000
33515;33515;2020-06-29;165000
33516;33516;2020-06-29;231000
33517;33517;2020-06-29;128000
33518;33518;2020-06-29;100000
33519;33519;2020-06-29;285000
33520;33520;2020-06-29;160000
33521;33521;2020-06-29;125000
33522;33522;2020-06-29;164000
33523;33523;2020-06-29;780000
33524;33524;2020-06-29;288950
33525;33525;2020-06-29;117000
33526;33526;2020-06-29;380000
33527;33527;2020-06-29;90000
33528;33528;2020-06-29;350000
33529;33529;2020-06-29;231500
33530;33530;2020-06-29;80900
33531;33531;2020-06-29;227000
33532;33532;2020-06-29;310000
33533;33533;2020-06-29;351527
33534;33534;2020-06-29;261391
33535;33535;2020-06-29;165000
33536;33536;2020-06-29;140000
33537;33537;2020-06-29;101000
33538;33538;2020-06-29;258500
33539;33539;2020-06-29;180500
33540;33540;2020-06-29;112000
33541;33541;2020-06-29;104400
33542;33542;2020-06-29;35000
33543;33543;2020-06-29;63000
33544;33544;2020-06-29;17000
33545;33545;2020-06-29;342000
33546;33546;2020-06-29;145400
33547;33547;2020-06-29;157470
33548;33548;2020-06-29;153500
33549;33549;2020-06-29;165000
33550;33550;2020-06-29;254680
33551;33551;2020-06-29;124950
33552;33552;2020-06-29;221900
33553;33553;2020-06-29;200000
33554;33554;2020-06-29;347350
33555;33555;2020-06-29;167000
33556;33556;2020-06-29;262000
33557;33557;2020-06-29;248000
33558;33558;2020-06-29;75500
33559;33559;2020-06-29;201850
33560;33560;2020-06-29;269950
33561;33561;2020-06-29;93000
33562;33562;2020-06-29;66760
33563;33563;2020-06-29;154000
33564;33564;2020-06-29;93200
33565;33565;2020-06-29;139000
33566;33566;2020-06-29;156000
33567;33567;2020-06-29;50000
33568;33568;2020-06-29;49000
33569;33569;2020-06-29;135000
33570;33570;2020-06-29;117300
33571;33571;2020-06-29;78500
33572;33572;2020-06-29;183000
33573;33573;2020-06-29;148250
33574;33574;2020-06-29;323500
33575;33575;2020-06-29;137000
33576;33576;2020-06-29;73750
33577;33577;2020-06-29;160000
33578;33578;2020-06-29;40000
33579;33579;2020-06-29;82500
33580;33580;2020-06-29;232000
33581;33581;2020-06-29;338000
33582;33582;2020-06-29;207000
33583;33583;2020-06-29;171000
33584;33584;2020-06-29;189000
33585;33585;2020-06-29;161000
33586;33586;2020-06-29;105000
33587;33587;2020-06-29;189000
33588;33588;2020-06-29;135000
33589;33589;2020-06-29;112000
33590;33590;2020-06-29;193000
33591;33591;2020-06-29;150000
33592;33592;2020-06-29;305060
33593;33593;2020-06-29;235125
33594;33594;2020-06-29;96000
33595;33595;2020-06-29;98700
33596;33596;2020-06-29;229900
33597;33597;2020-06-29;315450
33598;33598;2020-06-29;352000
33599;33599;2020-06-29;192300
33600;33600;2020-06-29;1100000
33601;33601;2020-06-29;517400
33602;33602;2020-06-29;1080000
33603;33603;2020-06-29;317000
33604;33604;2020-06-29;546500
33605;33605;2020-06-29;245000
33606;33606;2020-06-29;50000
33607;33607;2020-06-29;355000
33608;33608;2020-06-29;374000
33609;33609;2020-06-29;427660
33610;33610;2020-06-29;116000
33611;33611;2020-06-29;179850
33612;33612;2020-06-29;150000
33613;33613;2020-06-29;80000
33614;33614;2020-06-29;229000
33615;33615;2020-06-29;350000
33616;33616;2020-06-29;210000
33617;33617;2020-06-29;225000
33618;33618;2020-06-29;89620
33619;33619;2020-06-29;80000
33620;33620;2020-06-29;135000
33621;33621;2020-06-29;126000
33622;33622;2020-06-29;542850
33623;33623;2020-06-29;116266
33624;33624;2020-06-29;267000
33625;33625;2020-06-29;229500
33626;33626;2020-06-29;212500
33627;33627;2020-06-29;136500
33628;33628;2020-06-29;175000
33629;33629;2020-06-29;216000
33630;33630;2020-06-29;385000
33631;33631;2020-06-29;289000
33632;33632;2020-06-29;186000
33633;33633;2020-06-29;279000
33634;33634;2020-06-29;204000
33635;33635;2020-06-29;434000
33636;33636;2020-06-29;160000
33637;33637;2020-06-29;290000
33638;33638;2020-06-29;400000
33639;33639;2020-06-29;485000
33640;33640;2020-06-29;124000
33641;33641;2020-06-29;303800
33642;33642;2020-06-29;321000
33643;33643;2020-06-29;319000
33644;33644;2020-06-29;380000
33645;33645;2020-06-29;142450
33646;33646;2020-06-29;425000
33647;33647;2020-06-29;220000
33648;33648;2020-06-29;346750
33649;33649;2020-06-29;350000
33650;33650;2020-06-29;283000
33651;33651;2020-06-29;270845
33652;33652;2020-06-29;90000
33653;33653;2020-06-29;200000
33654;33654;2020-06-29;385000
33655;33655;2020-06-29;190600
33656;33656;2020-06-29;285000
33657;33657;2020-06-29;153000
33658;33658;2020-06-29;92000
33659;33659;2020-06-29;339000
33660;33660;2020-06-29;188000
33661;33661;2020-06-29;270000
33662;33662;2020-06-29;124000
33663;33663;2020-06-29;198000
33664;33664;2020-06-29;252000
33665;33665;2020-06-29;299000
33666;33666;2020-06-29;190000
33667;33667;2020-06-29;133000
33668;33668;2020-06-29;163900
33669;33669;2020-06-29;153500
33670;33670;2020-06-29;67000
33671;33671;2020-06-29;295000
33672;33672;2020-06-29;157000
33673;33673;2020-06-29;118000
33674;33674;2020-06-29;226000
33675;33675;2020-06-29;235000
33676;33676;2020-06-29;218000
33677;33677;2020-06-29;95500
33678;33678;2020-06-29;158000
33679;33679;2020-06-29;110000
33680;33680;2020-06-29;45000
33681;33681;2020-06-29;99000
33682;33682;2020-06-30;29500
33683;33683;2020-06-30;36000
33684;33684;2020-06-30;135000
33685;33685;2020-06-30;90000
33686;33686;2020-06-30;64600
33687;33687;2020-06-30;425000
33688;33688;2020-06-30;970000
33689;33689;2020-06-30;328300
33690;33690;2020-06-30;445100
33691;33691;2020-06-30;54000
33692;33692;2020-06-30;750000
33693;33693;2020-06-30;34000
33694;33694;2020-06-30;88000
33695;33695;2020-06-30;65000
33696;33696;2020-06-30;66500
33697;33697;2020-06-30;259000
33698;33698;2020-06-30;83000
33699;33699;2020-06-30;55000
33700;33700;2020-06-30;73000
33701;33701;2020-06-30;158000
33702;33702;2020-06-30;185000
33703;33703;2020-06-30;98000
33704;33704;2020-06-30;51000
33705;33705;2020-06-30;115000
33706;33706;2020-06-30;225000
33707;33707;2020-06-30;24850
33708;33708;2020-06-30;110000
33709;33709;2020-06-30;62000
33710;33710;2020-06-30;189000
33711;33711;2020-06-30;271850
33712;33712;2020-06-30;123000
33713;33713;2020-06-30;186000
33714;33714;2020-06-30;143500
33715;33715;2020-06-30;90700
33716;33716;2020-06-30;82500
33717;33717;2020-06-30;54440
33718;33718;2020-06-30;75000
33719;33719;2020-06-30;29000
33720;33720;2020-06-30;198000
33721;33721;2020-06-30;123000
33722;33722;2020-06-30;113000
33723;33723;2020-06-30;203310
33724;33724;2020-06-30;245000
33725;33725;2020-06-30;143000
33726;33726;2020-06-30;272150
33727;33727;2020-06-30;363050
33728;33728;2020-06-30;233600
33729;33729;2020-06-30;137500
33730;33730;2020-06-30;124700
33731;33731;2020-06-30;83120
33732;33732;2020-06-30;257700
33733;33733;2020-06-30;249000
33734;33734;2020-06-30;239450
33735;33735;2020-06-30;213000
33736;33736;2020-06-30;221800
33737;33737;2020-06-30;75000
33738;33738;2020-06-30;203000
33739;33739;2020-06-30;370000
33740;33740;2020-06-30;115000
33741;33741;2020-06-30;97400
33742;33742;2020-06-30;221552
33743;33743;2020-06-30;177500
33744;33744;2020-06-30;870000
33745;33745;2020-06-30;63000
33746;33746;2020-06-30;102972
33747;33747;2020-06-30;94310
33748;33748;2020-06-30;100000
33749;33749;2020-06-30;79000
33750;33750;2020-06-30;192000
33751;33751;2020-06-30;116000
33752;33752;2020-06-30;70000
33753;33753;2020-06-30;77200
33754;33754;2020-06-30;131320
33755;33755;2020-06-30;163000
33756;33756;2020-06-30;219800
33757;33757;2020-06-30;257000
33758;33758;2020-06-30;50000
33759;33759;2020-06-30;114000
33760;33760;2020-06-30;81000
33761;33761;2020-06-30;205000
33762;33762;2020-06-30;150300
33763;33763;2020-06-30;150000
33764;33764;2020-06-30;88000
33765;33765;2020-06-30;6500
33766;33766;2020-06-30;82000
33767;33767;2020-06-30;140000
33768;33768;2020-06-30;41000
33769;33769;2020-06-30;235000
33770;33770;2020-06-30;34000
33771;33771;2020-06-30;235000
33772;33772;2020-06-30;530000
33773;33773;2020-06-30;113000
33774;33774;2020-06-30;287000
33775;33775;2020-06-30;99000
33776;33776;2020-06-30;179500
33777;33777;2020-06-30;300000
33778;33778;2020-06-30;60000
33779;33779;2020-06-30;73000
33780;33780;2020-06-30;105000
33781;33781;2020-06-30;280000
33782;33782;2020-06-30;146000
33783;33783;2020-06-30;70000
33784;33784;2020-06-30;158000
33785;33785;2020-06-30;164000
33786;33786;2020-06-30;166862
33787;33787;2020-06-30;175000
33788;33788;2020-06-30;59000
33789;33789;2020-06-30;140500
33790;33790;2020-06-30;100000
33791;33791;2020-06-30;66500
33792;33792;2020-06-30;160000
33793;33793;2020-06-30;96900
33794;33794;2020-06-30;120000
33795;33795;2020-06-30;78500
33796;33796;2020-06-30;64000
33797;33797;2020-06-30;170000
33798;33798;2020-06-30;72000
33799;33799;2020-06-30;148000
33800;33800;2020-06-30;67000
33801;33801;2020-06-30;78000
33802;33802;2020-06-30;129500
33803;33803;2020-06-30;85000
33804;33804;2020-06-30;374000
33805;33805;2020-06-30;156000
33806;33806;2020-06-30;90700
33807;33807;2020-06-30;122600
33808;33808;2020-06-30;62000
33809;33809;2020-06-30;110240
33810;33810;2020-06-30;138000
33811;33811;2020-06-30;79500
33812;33812;2020-06-30;1940000
33813;33813;2020-06-30;279750
33814;33814;2020-06-30;76000
33815;33815;2020-06-30;125000
33816;33816;2020-06-30;167000
33817;33817;2020-06-30;108000
33818;33818;2020-06-30;69400
33819;33819;2020-06-30;104000
33820;33820;2020-06-30;45000
33821;33821;2020-06-30;50000
33822;33822;2020-06-30;529500
33823;33823;2020-06-30;63000
33824;33824;2020-06-30;115000
33825;33825;2020-06-30;63000
33826;33826;2020-06-30;65000
33827;33827;2020-06-30;55000
33828;33828;2020-06-30;135000
33829;33829;2020-06-30;108000
33830;33830;2020-06-30;90000
33831;33831;2020-06-30;35000
33832;33832;2020-06-30;364000
33833;33833;2020-06-30;120000
33834;33834;2020-06-30;210000
33835;33835;2020-06-30;148000
33836;33836;2020-06-30;187000
33837;33837;2020-06-30;172720
33838;33838;2020-06-30;221000
33839;33839;2020-06-30;403000
33840;33840;2020-06-30;321500
33841;33841;2020-06-30;282907
33842;33842;2020-06-30;690000
33843;33843;2020-06-30;195010
33844;33844;2020-06-30;320000
33845;33845;2020-06-30;405250
33846;33846;2020-06-30;130000
33847;33847;2020-06-30;419150
33848;33848;2020-06-30;220000
33849;33849;2020-06-30;180000
33850;33850;2020-06-30;376400
33851;33851;2020-06-30;155000
33852;33852;2020-06-30;64000
33853;33853;2020-06-30;21600
33854;33854;2020-06-30;65600
33855;33855;2020-06-30;85000
33856;33856;2020-06-30;495900
33857;33857;2020-06-30;212605
33858;33858;2020-06-30;223000
33859;33859;2020-06-30;2203720
33860;33860;2020-06-30;420000
33861;33861;2020-06-30;650000
33862;33862;2020-06-30;1226200
33863;33863;2020-06-30;640000
33864;33864;2020-06-30;480450
33865;33865;2020-06-30;375000
33866;33866;2020-06-30;945000
33867;33867;2020-06-30;183264
33868;33868;2020-06-30;458000
33869;33869;2020-06-30;726000
33870;33870;2020-06-30;1290000
33871;33871;2020-06-30;232215
33872;33872;2020-06-30;975000
33873;33873;2020-06-30;630000
33874;33874;2020-06-30;1385300
33875;33875;2020-06-30;330000
33876;33876;2020-06-30;177900
33877;33877;2020-06-30;720000
33878;33878;2020-06-30;500000
33879;33879;2020-06-30;146708
33880;33880;2020-06-30;206500
33881;33881;2020-06-30;160000
33882;33882;2020-06-30;420000
33883;33883;2020-06-30;352400
33884;33884;2020-06-30;80000
33885;33885;2020-06-30;223000
33886;33886;2020-06-30;561000
33887;33887;2020-06-30;706720
33888;33888;2020-06-30;940000
33889;33889;2020-06-30;330000
33890;33890;2020-06-30;3142400
33891;33891;2020-06-30;275500
33892;33892;2020-06-30;480000
33893;33893;2020-06-30;620000
33894;33894;2020-06-30;618450
33895;33895;2020-06-30;412846
33896;33896;2020-06-30;210000
33897;33897;2020-06-30;527450
33898;33898;2020-06-30;305000
33899;33899;2020-06-30;526660
33900;33900;2020-06-30;214000
33901;33901;2020-06-30;560114
33902;33902;2020-06-30;182000
33903;33903;2020-06-30;694000
33904;33904;2020-06-30;610329
33905;33905;2020-06-30;283000
33906;33906;2020-06-30;616000
33907;33907;2020-06-30;780000
33908;33908;2020-06-30;425000
33909;33909;2020-06-30;1199850
33910;33910;2020-06-30;160000
33911;33911;2020-06-30;760000
33912;33912;2020-06-30;390000
33913;33913;2020-06-30;840000
33914;33914;2020-06-30;282000
33915;33915;2020-06-30;240000
33916;33916;2020-06-30;2088000
33917;33917;2020-06-30;2122400
33918;33918;2020-06-30;2390000
33919;33919;2020-06-30;255000
33920;33920;2020-06-30;635000
33921;33921;2020-06-30;448500
33922;33922;2020-06-30;424000
33923;33923;2020-06-30;316280
33924;33924;2020-06-30;928000
33925;33925;2020-06-30;186500
33926;33926;2020-06-30;179000
33927;33927;2020-06-30;152312
33928;33928;2020-06-30;635300
33929;33929;2020-06-30;265000
33930;33930;2020-06-30;402800
33931;33931;2020-06-30;98000
33932;33932;2020-06-30;136000
33933;33933;2020-06-30;485000
33934;33934;2020-06-30;195000
33935;33935;2020-06-30;835000
33936;33936;2020-06-30;405800
33937;33937;2020-06-30;375000
33938;33938;2020-06-30;445000
33939;33939;2020-06-30;1195000
33940;33940;2020-06-30;275000
33941;33941;2020-06-30;745200
33942;33942;2020-06-30;213000
33943;33943;2020-06-30;425324
33944;33944;2020-06-30;130000
33945;33945;2020-06-30;74000
33946;33946;2020-06-30;115000
33947;33947;2020-06-30;107500
33948;33948;2020-06-30;115000
33949;33949;2020-06-30;112000
33950;33950;2020-06-30;170000
33951;33951;2020-06-30;258200
33952;33952;2020-06-30;80000
33953;33953;2020-06-30;247000
33954;33954;2020-06-30;178500
33955;33955;2020-06-30;251000
33956;33956;2020-06-30;232000
33957;33957;2020-06-30;130000
33958;33958;2020-06-30;85000
33959;33959;2020-06-30;180000
33960;33960;2020-06-30;276950
33961;33961;2020-06-30;271855
33962;33962;2020-06-30;170000
33963;33963;2020-06-30;103000
33964;33964;2020-06-30;129000
33965;33965;2020-06-30;220000
33966;33966;2020-06-30;190000
33967;33967;2020-06-30;219000
33968;33968;2020-06-30;190000
33969;33969;2020-06-30;304645
33970;33970;2020-06-30;250000
33971;33971;2020-06-30;147000
33972;33972;2020-06-30;307200
33973;33973;2020-06-30;330000
33974;33974;2020-06-30;806860
33975;33975;2020-06-30;390400
33976;33976;2020-06-30;630000
33977;33977;2020-06-30;166000
33978;33978;2020-06-30;95000
33979;33979;2020-06-30;160000
33980;33980;2020-06-30;281300
33981;33981;2020-06-30;342000
33982;33982;2020-06-30;480000
33983;33983;2020-06-30;252300
33984;33984;2020-06-30;231275
33985;33985;2020-06-30;264100
33986;33986;2020-06-30;75000
33987;33987;2020-06-30;166000
33988;33988;2020-06-30;200000
33989;33989;2020-06-30;209000
33990;33990;2020-06-30;1020000
33991;33991;2020-06-30;692000
33992;33992;2020-06-30;181000
33993;33993;2020-06-30;235000
33994;33994;2020-06-30;154600
33995;33995;2020-06-30;150000
33996;33996;2020-06-30;80000
33997;33997;2020-06-30;340000
33998;33998;2020-06-30;129000
33999;33999;2020-06-30;312000
34000;34000;2020-06-30;127500
34001;34001;2020-06-30;203000
34002;34002;2020-06-30;78000
34003;34003;2020-06-30;420000
34004;34004;2020-06-30;237220
34005;34005;2020-06-30;275650
34006;34006;2020-06-30;200000
34007;34007;2020-06-30;180100
34008;34008;2020-06-30;126850
34009;34009;2020-06-30;304300
34010;34010;2020-06-30;140000
34011;34011;2020-06-30;
34012;34012;2020-06-30;135000
34013;34013;2020-06-30;350000
34014;34014;2020-06-30;96500
34015;34015;2020-06-30;52500
34016;34016;2020-06-30;95000
34017;34017;2020-06-30;80000
34018;34018;2020-06-30;114200
34019;34019;2020-06-30;75000
34020;34020;2020-06-30;70000
34021;34021;2020-06-30;172440
34022;34022;2020-06-30;114500
34023;34023;2020-06-30;526000
34024;34024;2020-06-30;68000
34025;34025;2020-06-30;57000
34026;34026;2020-06-30;126000
34027;34027;2020-06-30;62000
34028;34028;2020-06-30;79900
34029;34029;2020-06-30;423000
34030;34030;2020-06-30;80000
34031;34031;2020-06-30;86400
34032;34032;2020-06-30;263000
34033;34033;2020-06-30;58444
34034;34034;2020-06-30;134000
34035;34035;2020-06-30;158500
34036;34036;2020-06-30;154000
34037;34037;2020-06-30;165000
34038;34038;2020-06-30;175000
34039;34039;2020-06-30;116000
34040;34040;2020-06-30;380000
34041;34041;2020-06-30;84500
34042;34042;2020-06-30;110000
34043;34043;2020-06-30;299000
34044;34044;2020-06-30;140340
34045;34045;2020-06-30;165000
34046;34046;2020-06-30;252000
34047;34047;2020-06-30;130000
34048;34048;2020-06-30;342000
34049;34049;2020-06-30;175000
34050;34050;2020-06-30;195000
34051;34051;2020-06-30;172000
34052;34052;2020-06-30;200000
34053;34053;2020-06-30;85000
34054;34054;2020-06-30;220000
34055;34055;2020-06-30;293300
34056;34056;2020-06-30;200900
34057;34057;2020-06-30;280000
34058;34058;2020-06-30;265000
34059;34059;2020-06-30;98000
34060;34060;2020-06-30;230000
34061;34061;2020-06-30;267000
34062;34062;2020-06-30;370000
34063;34063;2020-06-30;480000
34064;34064;2020-06-30;310000
34065;34065;2020-06-30;175000
34066;34066;2020-06-30;477000
34067;34067;2020-06-30;360000
34068;34068;2020-06-30;907500
34069;34069;2020-06-30;751479
34070;34070;2020-06-30;373560
34071;34071;2020-06-30;910000
34072;34072;2020-06-30;1493574
34073;34073;2020-06-30;155000
34074;34074;2020-06-30;225000
34075;34075;2020-06-30;260000
34076;34076;2020-06-30;315000
34077;34077;2020-06-30;160000
34078;34078;2020-06-30;138000
34079;34079;2020-06-30;145000
34080;34080;2020-06-30;302360
34081;34081;2020-06-30;45000
34082;34082;2020-06-30;335000
34083;34083;2020-06-30;620000
34084;34084;2020-06-30;445000
34085;34085;2020-06-30;182000
34086;34086;2020-06-30;125000
34087;34087;2020-06-30;189900
34088;34088;2020-06-30;373950
34089;34089;2020-06-30;155000
34090;34090;2020-06-30;294000
34091;34091;2020-06-30;485000
34092;34092;2020-06-30;264000
34093;34093;2020-06-30;175000
34094;34094;2020-06-30;128000
34095;34095;2020-06-30;351560
34096;34096;2020-06-30;285000
34097;34097;2020-06-30;173000
34098;34098;2020-06-30;179000
34099;34099;2020-06-30;176000
34100;34100;2020-06-30;180000
34101;34101;2020-06-30;78000
34102;34102;2020-06-30;385000
34103;34103;2020-06-30;125000
34104;34104;2020-06-30;325320
34105;34105;2020-06-30;232000
34106;34106;2020-06-30;210000
34107;34107;2020-06-30;205000
34108;34108;2020-06-30;370000
34109;34109;2020-06-30;755000
34110;34110;2020-06-30;299000
34111;34111;2020-06-30;310000
34112;34112;2020-06-30;199900
34113;34113;2020-06-30;180000
34114;34114;2020-06-30;240566
34115;34115;2020-06-30;395000
34116;34116;2020-06-30;246800
34117;34117;2020-06-30;489550
34118;34118;2020-06-30;100000
34119;34119;2020-06-30;90000
34120;34120;2020-06-30;539000
34121;34121;2020-06-30;220000
34122;34122;2020-06-30;175500
34123;34123;2020-06-30;406350
34124;34124;2020-06-30;345000
34125;34125;2020-06-30;194000
34126;34126;2020-06-30;383060
34127;34127;2020-06-30;259500
34128;34128;2020-06-30;401000
34129;34129;2020-06-30;120000
34130;34130;2020-06-30;380000
34131;34131;2020-06-30;319000
34132;34132;2020-06-30;210000
34133;34133;2020-06-30;140000
34134;34134;2020-06-30;320000
34135;34135;2020-06-30;235000
34136;34136;2020-06-30;573900
34137;34137;2020-06-30;621725
34138;34138;2020-06-30;197000
34139;34139;2020-06-30;122000
34140;34140;2020-06-30;189000
34141;34141;2020-06-30;425000
34142;34142;2020-06-30;200000
34143;34143;2020-06-30;143000
34144;34144;2020-06-30;269000
34145;34145;2020-06-30;225000
34146;34146;2020-06-30;168000
34147;34147;2020-06-30;160000
34148;34148;2020-06-30;90000
34149;34149;2020-06-30;174000
34150;34150;2020-06-30;127000
34151;34151;2020-06-30;182000
34152;34152;2020-06-30;468000
34153;34153;2020-06-30;355000
34154;34154;2020-06-30;162000
34155;34155;2020-06-30;136000
34156;34156;2020-06-30;68000
34157;34157;2020-06-30;149000
34158;34158;2020-06-30;205000
34159;34159;2020-06-30;270000
34160;34160;2020-06-30;350500
34161;34161;2020-06-30;145000
34162;34162;2020-06-30;199500
34163;34163;2020-06-30;160000
34164;34164;2020-06-30;132000
34165;34165;2020-06-30;115000
34166;34166;2020-06-30;129000
34167;34167;2020-06-30;212000
34168;34168;2020-06-30;220000
34169;34169;2020-06-30;121000
