Country,Granularity,Year,Population
Afghanistan,Total,2000,20779.953
Afghanistan,Rural,2000,15657.474
Afghanistan,Urban,2000,4436.282
Afghanistan,Total,2001,21606.988
Afghanistan,Rural,2001,16318.324
Afghanistan,Urban,2001,4648.139
Afghanistan,Total,2002,22600.77
Afghanistan,Rural,2002,17086.91
Afghanistan,Urban,2002,4893.013
Afghanistan,Total,2003,23680.871
Afghanistan,Rural,2003,17909.063
Afghanistan,Urban,2003,5155.788
Afghanistan,Total,2004,24726.684
Afghanistan,Rural,2004,18692.107
Afghanistan,Urban,2004,5426.872
Afghanistan,Total,2005,25654.277
Afghanistan,Rural,2005,19378.962
Afghanistan,Urban,2005,5691.836
Afghanistan,Total,2006,26433.049
Afghanistan,Rural,2006,19961.972
Afghanistan,Urban,2006,5931.478
Afghanistan,Total,2007,27100.536
Afghanistan,Rural,2007,20464.923
Afghanistan,Urban,2007,6151.869
Afghanistan,Total,2008,27722.276
Afghanistan,Rural,2008,20929.119
Afghanistan,Urban,2008,6364.912
Afghanistan,Total,2009,28394.813
Afghanistan,Rural,2009,21415.593
Afghanistan,Urban,2009,6588.738
Afghanistan,Total,2010,29185.507
Afghanistan,Rural,2010,21966.187
Afghanistan,Urban,2010,6836.98
Afghanistan,Total,2011,30117.413
Afghanistan,Rural,2011,22594.126
Afghanistan,Urban,2011,7114.473
Afghanistan,Total,2012,31161.376
Afghanistan,Rural,2012,23280.663
Afghanistan,Urban,2012,7416.295
Afghanistan,Total,2013,32269.589
Afghanistan,Rural,2013,23997.856
Afghanistan,Urban,2013,7733.832
Afghanistan,Total,2014,33370.794
Afghanistan,Rural,2014,24703.798
Afghanistan,Urban,2014,8054.222
Afghanistan,Total,2015,34413.603
Afghanistan,Rural,2015,25368.923
Afghanistan,Urban,2015,8367.571
Afghanistan,Total,2016,35383.032
Afghanistan,Rural,2016,25985.093
Afghanistan,Urban,2016,8670.939
Afghanistan,Total,2017,36296.113
Afghanistan,Rural,2017,26558.609
Afghanistan,Urban,2017,8971.472
Afghanistan,Total,2018,37171.921
Afghanistan,Rural,2018,27099.874
Afghanistan,Urban,2018,9273.302
Albania,Total,2000,3129.243
Albania,Rural,2000,1818.833
Albania,Urban,2000,1303.137
Albania,Total,2001,3129.704
Albania,Rural,2001,1797.423
Albania,Urban,2001,1324.985
Albania,Total,2002,3126.187
Albania,Rural,2002,1762.229
Albania,Urban,2002,1356.8
Albania,Total,2003,3118.023
Albania,Rural,2003,1724.344
Albania,Urban,2003,1386.661
Albania,Total,2004,3104.892
Albania,Rural,2004,1683.584
Albania,Urban,2004,1414.163
Albania,Total,2005,3086.81
Albania,Rural,2005,1640.246
Albania,Urban,2005,1438.933
Albania,Total,2006,3063.021
Albania,Rural,2006,1593.892
Albania,Urban,2006,1460.439
Albania,Total,2007,3033.998
Albania,Rural,2007,1545.166
Albania,Urban,2007,1478.741
Albania,Total,2008,3002.678
Albania,Rural,2008,1496.108
Albania,Urban,2008,1495.543
Albania,Total,2009,2973.048
Albania,Rural,2009,1449.427
Albania,Urban,2009,1513.208
Albania,Total,2010,2948.023
Albania,Rural,2010,1406.665
Albania,Urban,2010,1533.86
Albania,Total,2011,2928.592
Albania,Rural,2011,1368.297
Albania,Urban,2011,1558.362
Albania,Total,2012,2914.096
Albania,Rural,2012,1333.585
Albania,Urban,2012,1586.454
Albania,Total,2013,2903.79
Albania,Rural,2013,1302.236
Albania,Urban,2013,1616.742
Albania,Total,2014,2896.305
Albania,Rural,2014,1272.79
Albania,Urban,2014,1647.985
Albania,Total,2015,2890.513
Albania,Rural,2015,1244.341
Albania,Urban,2015,1679.011
Albania,Total,2016,2886.438
Albania,Rural,2016,1216.737
Albania,Urban,2016,1709.611
Albania,Total,2017,2884.169
Albania,Rural,2017,1190.155
Albania,Urban,2017,1740.032
Albania,Total,2018,2882.74
Albania,Rural,2018,1164.388
Albania,Urban,2018,1769.975
Algeria,Total,2000,31042.235
Algeria,Rural,2000,12498.847
Algeria,Urban,2000,18684.813
Algeria,Total,2001,31451.514
Algeria,Rural,2001,12411.94
Algeria,Urban,2001,19180.213
Algeria,Total,2002,31855.109
Algeria,Rural,2002,12317.847
Algeria,Urban,2002,19677.199
Algeria,Total,2003,32264.157
Algeria,Rural,2003,12221.443
Algeria,Urban,2003,20182.071
Algeria,Total,2004,32692.163
Algeria,Rural,2004,12127.441
Algeria,Urban,2004,20703.655
Algeria,Total,2005,33149.724
Algeria,Rural,2005,12040.491
Algeria,Urban,2005,21247.946
Algeria,Total,2006,33641.002
Algeria,Rural,2006,11959.903
Algeria,Urban,2006,21818.012
Algeria,Total,2007,34166.972
Algeria,Rural,2007,11885.693
Algeria,Urban,2007,22414.383
Algeria,Total,2008,34730.608
Algeria,Rural,2008,11818.949
Algeria,Urban,2008,23041.766
Algeria,Total,2009,35333.881
Algeria,Rural,2009,11765.339
Algeria,Urban,2009,23700.421
Algeria,Total,2010,35977.455
Algeria,Rural,2010,11723.941
Algeria,Urban,2010,24393.696
Algeria,Total,2011,36661.445
Algeria,Rural,2011,11695.477
Algeria,Urban,2011,25124.081
Algeria,Total,2012,37383.895
Algeria,Rural,2012,11677.502
Algeria,Urban,2012,25888.345
Algeria,Total,2013,38140.133
Algeria,Rural,2013,11664.03
Algeria,Urban,2013,26674.532
Algeria,Total,2014,38923.692
Algeria,Rural,2014,11647.651
Algeria,Urban,2014,27465.662
Algeria,Total,2015,39728.025
Algeria,Rural,2015,11623.281
Algeria,Urban,2015,28248.247
Algeria,Total,2016,40551.392
Algeria,Rural,2016,11589.537
Algeria,Urban,2016,29016.515
Algeria,Total,2017,41389.189
Algeria,Rural,2017,11547.532
Algeria,Urban,2017,29770.61
Algeria,Total,2018,42228.408
Algeria,Rural,2018,11498.038
Algeria,Urban,2018,30510.016
Andorra,Total,2000,65.39
Andorra,Rural,2000,4.973
Andorra,Urban,2000,60.417
Andorra,Total,2001,67.341
Andorra,Rural,2001,5.349
Andorra,Urban,2001,61.992
Andorra,Total,2002,70.049
Andorra,Rural,2002,5.855
Andorra,Urban,2002,64.194
Andorra,Total,2003,73.182
Andorra,Rural,2003,6.435
Andorra,Urban,2003,66.747
Andorra,Total,2004,76.244
Andorra,Rural,2004,7.052
Andorra,Urban,2004,69.192
Andorra,Total,2005,78.867
Andorra,Rural,2005,7.662
Andorra,Urban,2005,71.205
Andorra,Total,2006,80.993
Andorra,Rural,2006,8.256
Andorra,Urban,2006,72.735
Andorra,Total,2007,82.684
Andorra,Rural,2007,8.84
Andorra,Urban,2007,73.843
Andorra,Total,2008,83.862
Andorra,Rural,2008,9.221
Andorra,Urban,2008,74.64
Andorra,Total,2009,84.463
Andorra,Rural,2009,9.365
Andorra,Urban,2009,75.097
Andorra,Total,2010,84.449
Andorra,Rural,2010,9.442
Andorra,Urban,2010,75.007
Andorra,Total,2011,83.747
Andorra,Rural,2011,9.442
Andorra,Urban,2011,74.309
Andorra,Total,2012,82.427
Andorra,Rural,2012,9.371
Andorra,Urban,2012,73.06
Andorra,Total,2013,80.774
Andorra,Rural,2013,9.261
Andorra,Urban,2013,71.527
Andorra,Total,2014,79.213
Andorra,Rural,2014,9.157
Andorra,Urban,2014,70.066
Andorra,Total,2015,78.011
Andorra,Rural,2015,9.093
Andorra,Urban,2015,68.921
Andorra,Total,2016,77.297
Andorra,Rural,2016,9.082
Andorra,Urban,2016,68.199
Andorra,Total,2017,77.001
Andorra,Rural,2017,9.12
Andorra,Urban,2017,67.845
Andorra,Total,2018,77.006
Andorra,Rural,2018,9.187
Andorra,Urban,2018,67.766
Angola,Total,2000,16395.473
Angola,Rural,2000,8206.1
Angola,Urban,2000,8234.824
Angola,Total,2001,16945.753
Angola,Rural,2001,8275.248
Angola,Urban,2001,8708.018
Angola,Total,2002,17519.417
Angola,Rural,2002,8353.851
Angola,Urban,2002,9218.798
Angola,Total,2003,18121.479
Angola,Rural,2003,8438.128
Angola,Urban,2003,9765.241
Angola,Total,2004,18758.145
Angola,Rural,2004,8522.221
Angola,Urban,2004,10343.495
Angola,Total,2005,19433.602
Angola,Rural,2005,8603.118
Angola,Urban,2005,10949.424
Angola,Total,2006,20149.901
Angola,Rural,2006,8760.7
Angola,Urban,2006,11501.699
Angola,Total,2007,20905.363
Angola,Rural,2007,8918.911
Angola,Urban,2007,12078.776
Angola,Total,2008,21695.634
Angola,Rural,2008,9077.515
Angola,Urban,2008,12681.905
Angola,Total,2009,22514.281
Angola,Rural,2009,9237.545
Angola,Urban,2009,13312.002
Angola,Total,2010,23356.246
Angola,Rural,2010,9398.277
Angola,Urban,2010,13970.854
Angola,Total,2011,24220.661
Angola,Rural,2011,9559.614
Angola,Urban,2011,14658.951
Angola,Total,2012,25107.931
Angola,Rural,2012,9720.169
Angola,Urban,2012,15375.981
Angola,Total,2013,26015.781
Angola,Rural,2013,9878.943
Angola,Urban,2013,16119.397
Angola,Total,2014,26941.779
Angola,Rural,2014,10033.109
Angola,Urban,2014,16887.357
Angola,Total,2015,27884.381
Angola,Rural,2015,10183.56
Angola,Urban,2015,17675.745
Angola,Total,2016,28842.489
Angola,Rural,2016,10329.86
Angola,Urban,2016,18483.603
Angola,Total,2017,29816.766
Angola,Rural,2017,10472.554
Angola,Urban,2017,19311.639
Angola,Total,2018,30809.787
Angola,Rural,2018,10612.667
Angola,Urban,2018,20161.538
Antigua and Barbuda,Total,2000,76.016
Antigua and Barbuda,Rural,2000,56.731
Antigua and Barbuda,Urban,2000,26.853
Antigua and Barbuda,Total,2001,77.212
Antigua and Barbuda,Rural,2001,58.06
Antigua and Barbuda,Urban,2001,26.997
Antigua and Barbuda,Total,2002,78.295
Antigua and Barbuda,Rural,2002,59.439
Antigua and Barbuda,Urban,2002,26.827
Antigua and Barbuda,Total,2003,79.3
Antigua and Barbuda,Rural,2003,60.7
Antigua and Barbuda,Urban,2003,26.593
Antigua and Barbuda,Total,2004,80.336
Antigua and Barbuda,Rural,2004,61.924
Antigua and Barbuda,Urban,2004,26.333
Antigua and Barbuda,Total,2005,81.465
Antigua and Barbuda,Rural,2005,63.175
Antigua and Barbuda,Urban,2005,26.078
Antigua and Barbuda,Total,2006,82.704
Antigua and Barbuda,Rural,2006,64.469
Antigua and Barbuda,Urban,2006,25.832
Antigua and Barbuda,Total,2007,84.026
Antigua and Barbuda,Rural,2007,65.792
Antigua and Barbuda,Urban,2007,25.589
Antigua and Barbuda,Total,2008,85.397
Antigua and Barbuda,Rural,2008,67.134
Antigua and Barbuda,Urban,2008,25.344
Antigua and Barbuda,Total,2009,86.746
Antigua and Barbuda,Rural,2009,68.485
Antigua and Barbuda,Urban,2009,25.096
Antigua and Barbuda,Total,2010,88.028
Antigua and Barbuda,Rural,2010,69.824
Antigua and Barbuda,Urban,2010,24.837
Antigua and Barbuda,Total,2011,89.253
Antigua and Barbuda,Rural,2011,71.116
Antigua and Barbuda,Urban,2011,24.603
Antigua and Barbuda,Total,2012,90.409
Antigua and Barbuda,Rural,2012,72.074
Antigua and Barbuda,Urban,2012,24.703
Antigua and Barbuda,Total,2013,91.516
Antigua and Barbuda,Rural,2013,73.026
Antigua and Barbuda,Urban,2013,24.798
Antigua and Barbuda,Total,2014,92.562
Antigua and Barbuda,Rural,2014,73.984
Antigua and Barbuda,Urban,2014,24.891
Antigua and Barbuda,Total,2015,93.566
Antigua and Barbuda,Rural,2015,74.942
Antigua and Barbuda,Urban,2015,24.981
Antigua and Barbuda,Total,2016,94.527
Antigua and Barbuda,Rural,2016,75.878
Antigua and Barbuda,Urban,2016,25.085
Antigua and Barbuda,Total,2017,95.426
Antigua and Barbuda,Rural,2017,76.802
Antigua and Barbuda,Urban,2017,25.21
Antigua and Barbuda,Total,2018,96.286
Antigua and Barbuda,Rural,2018,77.7
Antigua and Barbuda,Urban,2018,25.35
Argentina,Total,2000,36870.787
Argentina,Rural,2000,4023.693
Argentina,Urban,2000,33033.759
Argentina,Total,2001,37275.652
Argentina,Rural,2001,3998.739
Argentina,Urban,2001,33472.77
Argentina,Total,2002,37681.749
Argentina,Rural,2002,3974.741
Argentina,Urban,2002,33914.629
Argentina,Total,2003,38087.868
Argentina,Rural,2003,3951.197
Argentina,Urban,2003,34358.182
Argentina,Total,2004,38491.972
Argentina,Rural,2004,3927.028
Argentina,Urban,2004,34801.668
Argentina,Total,2005,38892.931
Argentina,Rural,2005,3902.354
Argentina,Urban,2005,35243.134
Argentina,Total,2006,39289.878
Argentina,Rural,2006,3876.846
Argentina,Urban,2006,35682.044
Argentina,Total,2007,39684.295
Argentina,Rural,2007,3850.764
Argentina,Urban,2007,36119.46
Argentina,Total,2008,40080.16
Argentina,Rural,2008,3824.321
Argentina,Urban,2008,36558.068
Argentina,Total,2009,40482.788
Argentina,Rural,2009,3798.178
Argentina,Urban,2009,37001.229
Argentina,Total,2010,40895.752
Argentina,Rural,2010,3772.3
Argentina,Urban,2010,37451.589
Argentina,Total,2011,41320.5
Argentina,Rural,2011,3753.49
Argentina,Urban,2011,37903.389
Argentina,Total,2012,41755.196
Argentina,Rural,2012,3737.979
Argentina,Urban,2012,38358.76
Argentina,Total,2013,42196.03
Argentina,Rural,2013,3722.489
Argentina,Urban,2013,38817.436
Argentina,Total,2014,42637.511
Argentina,Rural,2014,3706.372
Argentina,Urban,2014,39275.143
Argentina,Total,2015,43075.416
Argentina,Rural,2015,3689.407
Argentina,Urban,2015,39728.358
Argentina,Total,2016,43508.46
Argentina,Rural,2016,3671.449
Argentina,Urban,2016,40175.981
Argentina,Total,2017,43937.14
Argentina,Rural,2017,3652.804
Argentina,Urban,2017,40618.237
Argentina,Total,2018,44361.15
Argentina,Rural,2018,3632.997
Argentina,Urban,2018,41055.867
Armenia,Total,2000,3069.591
Armenia,Rural,2000,1084.598
Armenia,Urban,2000,1984.99
Armenia,Total,2001,3050.687
Armenia,Rural,2001,1086.476
Armenia,Urban,2001,1964.179
Armenia,Total,2002,3033.978
Armenia,Rural,2002,1085.046
Armenia,Urban,2002,1948.851
Armenia,Total,2003,3017.932
Armenia,Rural,2003,1082.281
Armenia,Urban,2003,1935.525
Armenia,Total,2004,3000.72
Armenia,Rural,2004,1079.095
Armenia,Urban,2004,1921.517
Armenia,Total,2005,2981.269
Armenia,Rural,2005,1075.092
Armenia,Urban,2005,1906.167
Armenia,Total,2006,2958.307
Armenia,Rural,2006,1069.827
Armenia,Urban,2006,1888.673
Armenia,Total,2007,2932.618
Armenia,Rural,2007,1063.546
Armenia,Urban,2007,1869.51
Armenia,Total,2008,2907.618
Armenia,Rural,2008,1057.443
Armenia,Urban,2008,1850.777
Armenia,Total,2009,2888.092
Armenia,Rural,2009,1053.182
Armenia,Urban,2009,1835.402
Armenia,Total,2010,2877.319
Armenia,Rural,2010,1051.946
Armenia,Urban,2010,1825.365
Armenia,Total,2011,2876.538
Armenia,Rural,2011,1054.19
Armenia,Urban,2011,1821.391
Armenia,Total,2012,2884.234
Armenia,Rural,2012,1059.405
Armenia,Urban,2012,1822.517
Armenia,Total,2013,2897.588
Armenia,Rural,2013,1065.858
Armenia,Urban,2013,1827.651
Armenia,Total,2014,2912.409
Armenia,Rural,2014,1072.043
Armenia,Urban,2014,1834.177
Armenia,Total,2015,2925.553
Armenia,Rural,2015,1076.799
Armenia,Urban,2015,1840.151
Armenia,Total,2016,2936.143
Armenia,Rural,2016,1079.792
Armenia,Urban,2016,1845.024
Armenia,Total,2017,2944.791
Armenia,Rural,2017,1081.248
Armenia,Urban,2017,1849.202
Armenia,Total,2018,2951.745
Armenia,Rural,2018,1081.275
Armenia,Urban,2018,1852.877
Australia,Total,2000,18991.431
Australia,Rural,2000,3005.744
Australia,Urban,2000,16060.093
Australia,Total,2001,19194.672
Australia,Rural,2001,3063.632
Australia,Urban,2001,16204.901
Australia,Total,2002,19401.368
Australia,Rural,2002,3072.827
Australia,Urban,2002,16402.364
Australia,Total,2003,19624.166
Australia,Rural,2003,3084.036
Australia,Urban,2003,16612.936
Australia,Total,2004,19879.649
Australia,Rural,2004,3099.437
Australia,Urban,2004,16848.992
Australia,Total,2005,20178.54
Australia,Rural,2005,3120.469
Australia,Urban,2005,17118.434
Australia,Total,2006,20526.303
Australia,Rural,2006,3147.693
Australia,Urban,2006,17425.913
Australia,Total,2007,20916.344
Australia,Rural,2007,3179.302
Australia,Urban,2007,17767.362
Australia,Total,2008,21332.282
Australia,Rural,2008,3213.567
Australia,Urban,2008,18128.926
Australia,Total,2009,21750.851
Australia,Rural,2009,3247.226
Australia,Urban,2009,18491.814
Australia,Total,2010,22154.679
Australia,Rural,2010,3277.772
Australia,Urban,2010,18842.292
Australia,Total,2011,22538.001
Australia,Rural,2011,3304.468
Australia,Urban,2011,19175.331
Australia,Total,2012,22903.948
Australia,Rural,2012,3331.639
Australia,Urban,2012,19490.21
Australia,Total,2013,23254.913
Australia,Rural,2013,3356.405
Australia,Urban,2013,19794.324
Australia,Total,2014,23596.424
Australia,Rural,2014,3379.903
Australia,Urban,2014,20094.765
Australia,Total,2015,23932.502
Australia,Rural,2015,3403.025
Australia,Urban,2015,20396.531
Australia,Total,2016,24262.712
Australia,Rural,2016,3425.805
Australia,Urban,2016,20700.043
Australia,Total,2017,24584.62
Australia,Rural,2017,3446.638
Australia,Urban,2017,21003.923
Australia,Total,2018,24898.152
Australia,Rural,2018,3465.207
Australia,Urban,2018,21307.04
Austria,Total,2000,8069.276
Austria,Rural,2000,3210.563
Austria,Urban,2000,4858.713
Austria,Total,2001,8097.748
Austria,Rural,2001,3244.424
Austria,Urban,2001,4853.324
Austria,Total,2002,8134.412
Austria,Rural,2002,3281.833
Austria,Urban,2002,4852.579
Austria,Total,2003,8175.852
Austria,Rural,2003,3321.438
Austria,Urban,2003,4854.414
Austria,Total,2004,8216.805
Austria,Rural,2004,3361.157
Austria,Urban,2004,4855.648
Austria,Total,2005,8253.65
Austria,Rural,2005,3399.4
Austria,Urban,2005,4854.25
Austria,Total,2006,8285.343
Austria,Rural,2006,3435.541
Austria,Urban,2006,4849.194
Austria,Total,2007,8313.737
Austria,Rural,2007,3470.218
Austria,Urban,2007,4841.565
Austria,Total,2008,8341.532
Austria,Rural,2008,3504.967
Austria,Urban,2008,4833.486
Austria,Total,2009,8372.663
Austria,Rural,2009,3541.925
Austria,Urban,2009,4828.113
Austria,Total,2010,8409.949
Austria,Rural,2010,3582.684
Austria,Urban,2010,4827.265
Austria,Total,2011,8453.501
Austria,Rural,2011,3628.001
Austria,Urban,2011,4831.863
Austria,Total,2012,8502.227
Austria,Rural,2012,3650.043
Austria,Urban,2012,4867.505
Austria,Total,2013,8556.189
Austria,Rural,2013,3659.591
Austria,Urban,2013,4918.191
Austria,Total,2014,8615.214
Austria,Rural,2014,3666.869
Austria,Urban,2014,4966.351
Austria,Total,2015,8678.66
Austria,Rural,2015,3669.727
Austria,Urban,2015,5008.93
Austria,Total,2016,8747.301
Austria,Rural,2016,3667.377
Austria,Urban,2016,5044.76
Austria,Total,2017,8819.901
Austria,Rural,2017,3660.707
Austria,Urban,2017,5074.746
Austria,Total,2018,8891.388
Austria,Rural,2018,3649.748
Austria,Urban,2018,5102.072
Azerbaijan,Total,2000,8122.741
Azerbaijan,Rural,2000,3948.767
Azerbaijan,Urban,2000,4173.974
Azerbaijan,Total,2001,8197.298
Azerbaijan,Rural,2001,3968.573
Azerbaijan,Urban,2001,4228.706
Azerbaijan,Total,2002,8277.061
Azerbaijan,Rural,2002,3990.569
Azerbaijan,Urban,2002,4286.446
Azerbaijan,Total,2003,8361.433
Azerbaijan,Rural,2003,4014.461
Azerbaijan,Urban,2003,4346.898
Azerbaijan,Total,2004,8448.946
Azerbaijan,Rural,2004,4039.517
Azerbaijan,Urban,2004,4409.365
Azerbaijan,Total,2005,8538.605
Azerbaijan,Rural,2005,4065.323
Azerbaijan,Urban,2005,4473.283
Azerbaijan,Total,2006,8630.146
Azerbaijan,Rural,2006,4091.637
Azerbaijan,Urban,2006,4538.558
Azerbaijan,Total,2007,8724.243
Azerbaijan,Rural,2007,4118.78
Azerbaijan,Urban,2007,4605.524
Azerbaijan,Total,2008,8821.873
Azerbaijan,Rural,2008,4147.173
Azerbaijan,Urban,2008,4674.735
Azerbaijan,Total,2009,8924.388
Azerbaijan,Rural,2009,4177.524
Azerbaijan,Urban,2009,4746.883
Azerbaijan,Total,2010,9032.461
Azerbaijan,Rural,2010,4208.623
Azerbaijan,Urban,2010,4823.834
Azerbaijan,Total,2011,9146.275
Azerbaijan,Rural,2011,4240.564
Azerbaijan,Urban,2011,4905.815
Azerbaijan,Total,2012,9264.692
Azerbaijan,Rural,2012,4272.681
Azerbaijan,Urban,2012,4992.236
Azerbaijan,Total,2013,9385.468
Azerbaijan,Rural,2013,4303.619
Azerbaijan,Urban,2013,5081.674
Azerbaijan,Total,2014,9505.622
Azerbaijan,Rural,2014,4331.615
Azerbaijan,Urban,2014,5172.156
Azerbaijan,Total,2015,9622.745
Azerbaijan,Rural,2015,4355.344
Azerbaijan,Urban,2015,5262.14
Azerbaijan,Total,2016,9736.043
Azerbaijan,Rural,2016,4374.332
Azerbaijan,Urban,2016,5351.044
Azerbaijan,Total,2017,9845.32
Azerbaijan,Rural,2017,4388.663
Azerbaijan,Urban,2017,5438.926
Azerbaijan,Total,2018,9949.537
Azerbaijan,Rural,2018,4398.268
Azerbaijan,Urban,2018,5525.646
Bahamas,Total,2000,298.051
Bahamas,Rural,2000,53.599
Bahamas,Urban,2000,244.291
Bahamas,Total,2001,302.618
Bahamas,Rural,2001,54.415
Bahamas,Urban,2001,248.72
Bahamas,Total,2002,307.66
Bahamas,Rural,2002,55.365
Bahamas,Urban,2002,253.792
Bahamas,Total,2003,313.129
Bahamas,Rural,2003,56.412
Bahamas,Urban,2003,259.334
Bahamas,Total,2004,318.894
Bahamas,Rural,2004,57.487
Bahamas,Urban,2004,265.039
Bahamas,Total,2005,324.859
Bahamas,Rural,2005,58.548
Bahamas,Urban,2005,270.701
Bahamas,Total,2006,331.033
Bahamas,Rural,2006,59.577
Bahamas,Urban,2006,276.253
Bahamas,Total,2007,337.389
Bahamas,Rural,2007,60.587
Bahamas,Urban,2007,281.741
Bahamas,Total,2008,343.681
Bahamas,Rural,2008,61.564
Bahamas,Urban,2008,287.112
Bahamas,Total,2009,349.604
Bahamas,Rural,2009,62.508
Bahamas,Urban,2009,292.348
Bahamas,Total,2010,354.942
Bahamas,Rural,2010,63.41
Bahamas,Urban,2010,297.422
Bahamas,Total,2011,359.578
Bahamas,Rural,2011,64.238
Bahamas,Urban,2011,302.33
Bahamas,Total,2012,363.584
Bahamas,Rural,2012,64.986
Bahamas,Urban,2012,307.053
Bahamas,Total,2013,367.169
Bahamas,Rural,2013,65.653
Bahamas,Urban,2013,311.587
Bahamas,Total,2014,370.633
Bahamas,Rural,2014,66.238
Bahamas,Urban,2014,315.931
Bahamas,Total,2015,374.206
Bahamas,Rural,2015,66.744
Bahamas,Urban,2015,320.094
Bahamas,Total,2016,377.93
Bahamas,Rural,2016,67.166
Bahamas,Urban,2016,324.066
Bahamas,Total,2017,381.755
Bahamas,Rural,2017,67.508
Bahamas,Urban,2017,327.853
Bahamas,Total,2018,385.637
Bahamas,Rural,2018,67.779
Bahamas,Urban,2018,331.506
Bahrain,Total,2000,664.611
Bahrain,Rural,2000,77.278
Bahrain,Urban,2000,587.336
Bahrain,Total,2001,697.545
Bahrain,Rural,2001,81.13
Bahrain,Urban,2001,616.419
Bahrain,Total,2002,735.146
Bahrain,Rural,2002,85.478
Bahrain,Urban,2002,649.67
Bahrain,Total,2003,778.708
Bahrain,Rural,2003,90.466
Bahrain,Urban,2003,688.245
Bahrain,Total,2004,829.844
Bahrain,Rural,2004,96.27
Bahrain,Urban,2004,733.578
Bahrain,Total,2005,889.164
Bahrain,Rural,2005,102.947
Bahrain,Urban,2005,786.221
Bahrain,Total,2006,958.418
Bahrain,Rural,2006,110.681
Bahrain,Urban,2006,847.733
Bahrain,Total,2007,1035.919
Bahrain,Rural,2007,119.256
Bahrain,Urban,2007,916.635
Bahrain,Total,2008,1114.641
Bahrain,Rural,2008,127.843
Bahrain,Urban,2008,986.747
Bahrain,Total,2009,1185.076
Bahrain,Rural,2009,135.345
Bahrain,Urban,2009,1049.684
Bahrain,Total,2010,1240.86
Bahrain,Rural,2010,141.04
Bahrain,Urban,2010,1099.822
Bahrain,Total,2011,1278.151
Bahrain,Rural,2011,144.51
Bahrain,Urban,2011,1133.759
Bahrain,Total,2012,1299.944
Bahrain,Rural,2012,146.117
Bahrain,Urban,2012,1154.1
Bahrain,Total,2013,1315.028
Bahrain,Rural,2013,146.861
Bahrain,Urban,2013,1168.55
Bahrain,Total,2014,1336.075
Bahrain,Rural,2014,148.146
Bahrain,Urban,2014,1188.251
Bahrain,Total,2015,1371.851
Bahrain,Rural,2015,150.912
Bahrain,Urban,2015,1220.943
Bahrain,Total,2016,1425.792
Bahrain,Rural,2016,155.487
Bahrain,Urban,2016,1269.684
Bahrain,Total,2017,1494.076
Bahrain,Rural,2017,161.409
Bahrain,Urban,2017,1331.175
Bahrain,Total,2018,1569.446
Bahrain,Rural,2018,167.867
Bahrain,Urban,2018,1399.126
Bangladesh,Total,2000,127657.854
Bangladesh,Rural,2000,100540.592
Bangladesh,Urban,2000,31040.651
Bangladesh,Total,2001,130088.702
Bangladesh,Rural,2001,101793.097
Bangladesh,Urban,2001,32314.063
Bangladesh,Total,2002,132478.086
Bangladesh,Rural,2002,102783.564
Bangladesh,Urban,2002,33817.103
Bangladesh,Total,2003,134791.603
Bangladesh,Rural,2003,103668.291
Bangladesh,Urban,2003,35350.71
Bangladesh,Total,2004,136986.432
Bangladesh,Rural,2004,104406.336
Bangladesh,Urban,2004,36901.153
Bangladesh,Total,2005,139035.505
Bangladesh,Rural,2005,104978.125
Bangladesh,Urban,2005,38452.976
Bangladesh,Total,2006,140921.167
Bangladesh,Rural,2006,105366.709
Bangladesh,Urban,2006,40001.295
Bangladesh,Total,2007,142660.376
Bangladesh,Rural,2007,105592.037
Bangladesh,Urban,2007,41547.154
Bangladesh,Total,2008,144304.167
Bangladesh,Rural,2008,105699.286
Bangladesh,Urban,2008,43106.528
Bangladesh,Total,2009,145924.797
Bangladesh,Rural,2009,105756.065
Bangladesh,Urban,2009,44698.643
Bangladesh,Total,2010,147575.43
Bangladesh,Rural,2010,105802.013
Bangladesh,Urban,2010,46347.089
Bangladesh,Total,2011,149273.139
Bangladesh,Rural,2011,105853.212
Bangladesh,Urban,2011,48058.704
Bangladesh,Total,2012,151005.739
Bangladesh,Rural,2012,105905.797
Bangladesh,Urban,2012,49821.256
Bangladesh,Total,2013,152761.418
Bangladesh,Rural,2013,105947.078
Bangladesh,Urban,2013,51624.214
Bangladesh,Total,2014,154517.382
Bangladesh,Rural,2014,105949.491
Bangladesh,Urban,2014,53455.788
Bangladesh,Total,2015,156256.276
Bangladesh,Rural,2015,105895.754
Bangladesh,Urban,2015,55305.132
Bangladesh,Total,2016,157977.153
Bangladesh,Rural,2016,105783.53
Bangladesh,Urban,2016,57168.03
Bangladesh,Total,2017,159685.424
Bangladesh,Rural,2017,105622.933
Bangladesh,Urban,2017,59046.818
Bangladesh,Total,2018,161376.708
Bangladesh,Rural,2018,105423.904
Bangladesh,Urban,2018,60944.245
Barbados,Total,2000,271.515
Barbados,Rural,2000,178.566
Barbados,Urban,2000,91.281
Barbados,Total,2001,272.5
Barbados,Rural,2001,179.657
Barbados,Urban,2001,91.028
Barbados,Total,2002,273.425
Barbados,Rural,2002,180.72
Barbados,Urban,2002,90.758
Barbados,Total,2003,274.329
Barbados,Rural,2003,181.776
Barbados,Urban,2003,90.482
Barbados,Total,2004,275.284
Barbados,Rural,2004,182.87
Barbados,Urban,2004,90.221
Barbados,Total,2005,276.323
Barbados,Rural,2005,184.021
Barbados,Urban,2005,89.988
Barbados,Total,2006,277.477
Barbados,Rural,2006,185.251
Barbados,Urban,2006,89.788
Barbados,Total,2007,278.7
Barbados,Rural,2007,186.537
Barbados,Urban,2007,89.613
Barbados,Total,2008,279.946
Barbados,Rural,2008,187.866
Barbados,Urban,2008,89.453
Barbados,Total,2009,281.104
Barbados,Rural,2009,189.184
Barbados,Urban,2009,89.286
Barbados,Total,2010,282.131
Barbados,Rural,2010,190.47
Barbados,Urban,2010,89.099
Barbados,Total,2011,282.987
Barbados,Rural,2011,191.65
Barbados,Urban,2011,88.951
Barbados,Total,2012,283.701
Barbados,Rural,2012,192.736
Barbados,Urban,2012,88.849
Barbados,Total,2013,284.296
Barbados,Rural,2013,193.719
Barbados,Urban,2013,88.79
Barbados,Total,2014,284.826
Barbados,Rural,2014,194.607
Barbados,Urban,2014,88.778
Barbados,Total,2015,285.324
Barbados,Rural,2015,195.402
Barbados,Urban,2015,88.815
Barbados,Total,2016,285.796
Barbados,Rural,2016,196.098
Barbados,Urban,2016,88.898
Barbados,Total,2017,286.232
Barbados,Rural,2017,196.693
Barbados,Urban,2017,89.026
Barbados,Total,2018,286.641
Barbados,Rural,2018,197.187
Barbados,Urban,2018,89.201
Belarus,Total,2000,9871.632
Belarus,Rural,2000,2982.752
Belarus,Urban,2000,6950.857
Belarus,Total,2001,9811.401
Belarus,Rural,2001,2916.67
Belarus,Urban,2001,6956.291
Belarus,Total,2002,9745.923
Belarus,Rural,2002,2850.055
Belarus,Urban,2002,6957.077
Belarus,Total,2003,9679.235
Belarus,Rural,2003,2784.17
Belarus,Urban,2003,6955.884
Belarus,Total,2004,9616.634
Belarus,Rural,2004,2720.421
Belarus,Urban,2004,6956.481
Belarus,Total,2005,9562.088
Belarus,Rural,2005,2660.005
Belarus,Urban,2005,6961.538
Belarus,Total,2006,9516.883
Belarus,Rural,2006,2602.913
Belarus,Urban,2006,6972.13
Belarus,Total,2007,9480.515
Belarus,Rural,2007,2548.939
Belarus,Urban,2007,6987.925
Belarus,Total,2008,9452.855
Belarus,Rural,2008,2497.993
Belarus,Urban,2008,7009.338
Belarus,Total,2009,9433.152
Belarus,Rural,2009,2450.081
Belarus,Urban,2009,7036.158
Belarus,Total,2010,9420.574
Belarus,Rural,2010,2399.353
Belarus,Urban,2010,7073.718
Belarus,Total,2011,9415.32
Belarus,Rural,2011,2349.339
Belarus,Urban,2011,7119.161
Belarus,Total,2012,9417.046
Belarus,Rural,2012,2301.873
Belarus,Urban,2012,7169.857
Belarus,Total,2013,9423.506
Belarus,Rural,2013,2256.12
Belarus,Urban,2013,7222.782
Belarus,Total,2014,9431.735
Belarus,Rural,2014,2210.624
Belarus,Urban,2014,7274.227
Belarus,Total,2015,9439.423
Belarus,Rural,2015,2164.605
Belarus,Urban,2015,7321.167
Belarus,Total,2016,9445.643
Belarus,Rural,2016,2117.714
Belarus,Urban,2016,7362.328
Belarus,Total,2017,9450.231
Belarus,Rural,2017,2070.383
Belarus,Urban,2017,7397.955
Belarus,Total,2018,9452.617
Belarus,Rural,2018,2023.242
Belarus,Urban,2018,7428.871
Belgium,Total,2000,10282.033
Belgium,Rural,2000,295.224
Belgium,Urban,2000,9986.809
Belgium,Total,2001,10319.019
Belgium,Rural,2001,290.416
Belgium,Urban,2001,10028.603
Belgium,Total,2002,10364.885
Belgium,Rural,2002,285.916
Belgium,Urban,2002,10078.969
Belgium,Total,2003,10419.032
Belgium,Rural,2003,281.701
Belgium,Urban,2003,10137.331
Belgium,Total,2004,10480.117
Belgium,Rural,2004,277.714
Belgium,Urban,2004,10202.403
Belgium,Total,2005,10546.886
Belgium,Rural,2005,273.934
Belgium,Urban,2005,10272.952
Belgium,Total,2006,10619.475
Belgium,Rural,2006,270.335
Belgium,Urban,2006,10349.232
Belgium,Total,2007,10697.572
Belgium,Rural,2007,266.907
Belgium,Urban,2007,10430.928
Belgium,Total,2008,10778.758
Belgium,Rural,2008,263.573
Belgium,Urban,2008,10515.6
Belgium,Total,2009,10859.94
Belgium,Rural,2009,260.273
Belgium,Urban,2009,10600.017
Belgium,Total,2010,10938.739
Belgium,Rural,2010,256.927
Belgium,Urban,2010,10681.812
Belgium,Total,2011,11013.853
Belgium,Rural,2011,253.515
Belgium,Urban,2011,10759.568
Belgium,Total,2012,11085.358
Belgium,Rural,2012,250.039
Belgium,Urban,2012,10833.511
Belgium,Total,2013,11154.009
Belgium,Rural,2013,246.557
Belgium,Urban,2013,10904.955
Belgium,Total,2014,11221.231
Belgium,Rural,2014,243.099
Belgium,Urban,2014,10976.062
Belgium,Total,2015,11287.94
Belgium,Rural,2015,239.703
Belgium,Urban,2015,11048.237
Belgium,Total,2016,11354.42
Belgium,Rural,2016,236.371
Belgium,Urban,2016,11122.008
Belgium,Total,2017,11419.748
Belgium,Rural,2017,233.097
Belgium,Urban,2017,11196.239
Belgium,Total,2018,11482.178
Belgium,Rural,2018,229.844
Belgium,Urban,2018,11268.675
Belize,Total,2000,247.315
Belize,Rural,2000,135.04
Belize,Urban,2000,112.275
Belize,Total,2001,255.063
Belize,Rural,2001,139.27
Belize,Urban,2001,115.714
Belize,Total,2002,262.378
Belize,Rural,2002,143.26
Belize,Urban,2002,118.946
Belize,Total,2003,269.425
Belize,Rural,2003,147.088
Belize,Urban,2003,122.042
Belize,Total,2004,276.504
Belize,Rural,2004,150.939
Belize,Urban,2004,125.15
Belize,Total,2005,283.8
Belize,Rural,2005,154.917
Belize,Urban,2005,128.36
Belize,Total,2006,291.329
Belize,Rural,2006,159.051
Belize,Urban,2006,131.696
Belize,Total,2007,299.025
Belize,Rural,2007,163.292
Belize,Urban,2007,135.115
Belize,Total,2008,306.823
Belize,Rural,2008,167.59
Belize,Urban,2008,138.575
Belize,Total,2009,314.655
Belize,Rural,2009,171.893
Belize,Urban,2009,142.036
Belize,Total,2010,322.464
Belize,Rural,2010,176.152
Belize,Urban,2010,145.456
Belize,Total,2011,330.237
Belize,Rural,2011,180.304
Belize,Urban,2011,148.888
Belize,Total,2012,338.0
Belize,Rural,2012,184.356
Belize,Urban,2012,152.345
Belize,Total,2013,345.715
Belize,Rural,2013,188.329
Belize,Urban,2013,155.852
Belize,Total,2014,353.366
Belize,Rural,2014,192.252
Belize,Urban,2014,159.442
Belize,Total,2015,360.933
Belize,Rural,2015,196.149
Belize,Urban,2015,163.139
Belize,Total,2016,368.4
Belize,Rural,2016,200.009
Belize,Urban,2016,166.945
Belize,Total,2017,375.769
Belize,Rural,2017,203.824
Belize,Urban,2017,170.857
Belize,Total,2018,383.071
Belize,Rural,2018,207.573
Belize,Urban,2018,174.871
Benin,Total,2000,6865.951
Benin,Rural,2000,4234.053
Benin,Urban,2000,2631.898
Benin,Total,2001,7076.733
Benin,Rural,2001,4341.571
Benin,Urban,2001,2735.162
Benin,Total,2002,7295.394
Benin,Rural,2002,4447.579
Benin,Urban,2002,2847.815
Benin,Total,2003,7520.555
Benin,Rural,2003,4547.23
Benin,Urban,2003,2973.325
Benin,Total,2004,7750.004
Benin,Rural,2004,4646.975
Benin,Urban,2004,3103.029
Benin,Total,2005,7982.225
Benin,Rural,2005,4746.002
Benin,Urban,2005,3236.223
Benin,Total,2006,8216.897
Benin,Rural,2006,4843.912
Benin,Urban,2006,3372.984
Benin,Total,2007,8454.793
Benin,Rural,2007,4941.169
Benin,Urban,2007,3513.622
Benin,Total,2008,8696.921
Benin,Rural,2008,5038.238
Benin,Urban,2008,3658.678
Benin,Total,2009,8944.708
Benin,Rural,2009,5136.061
Benin,Urban,2009,3808.645
Benin,Total,2010,9199.259
Benin,Rural,2010,5234.987
Benin,Urban,2010,3964.272
Benin,Total,2011,9460.831
Benin,Rural,2011,5335.1
Benin,Urban,2011,4125.702
Benin,Total,2012,9729.249
Benin,Rural,2012,5436.123
Benin,Urban,2012,4293.037
Benin,Total,2013,10004.591
Benin,Rural,2013,5538.224
Benin,Urban,2013,4466.227
Benin,Total,2014,10286.844
Benin,Rural,2014,5640.645
Benin,Urban,2014,4646.067
Benin,Total,2015,10575.952
Benin,Rural,2015,5743.319
Benin,Urban,2015,4832.633
Benin,Total,2016,10872.063
Benin,Rural,2016,5846.177
Benin,Urban,2016,5026.121
Benin,Total,2017,11175.198
Benin,Rural,2017,5949.046
Benin,Urban,2017,5226.646
Benin,Total,2018,11485.044
Benin,Rural,2018,6051.546
Benin,Urban,2018,5434.128
Bhutan,Total,2000,591.021
Bhutan,Rural,2000,427.663
Bhutan,Urban,2000,145.753
Bhutan,Total,2001,603.64
Bhutan,Rural,2001,433.476
Bhutan,Urban,2001,156.124
Bhutan,Total,2002,616.018
Bhutan,Rural,2002,439.213
Bhutan,Urban,2002,167.186
Bhutan,Total,2003,627.839
Bhutan,Rural,2003,444.581
Bhutan,Urban,2003,178.853
Bhutan,Total,2004,638.815
Bhutan,Rural,2004,449.256
Bhutan,Urban,2004,191.026
Bhutan,Total,2005,648.739
Bhutan,Rural,2005,453.31
Bhutan,Urban,2005,203.329
Bhutan,Total,2006,657.41
Bhutan,Rural,2006,459.05
Bhutan,Urban,2006,213.178
Bhutan,Total,2007,664.876
Bhutan,Rural,2007,463.91
Bhutan,Urban,2007,223.048
Bhutan,Total,2008,671.613
Bhutan,Rural,2008,467.983
Bhutan,Urban,2008,232.967
Bhutan,Total,2009,678.323
Bhutan,Rural,2009,471.472
Bhutan,Urban,2009,242.986
Bhutan,Total,2010,685.503
Bhutan,Rural,2010,474.47
Bhutan,Urban,2010,253.171
Bhutan,Total,2011,693.298
Bhutan,Rural,2011,476.998
Bhutan,Urban,2011,263.512
Bhutan,Total,2012,701.581
Bhutan,Rural,2012,479.102
Bhutan,Urban,2012,273.865
Bhutan,Total,2013,710.237
Bhutan,Rural,2013,480.787
Bhutan,Urban,2013,284.174
Bhutan,Total,2014,719.055
Bhutan,Rural,2014,482.036
Bhutan,Urban,2014,294.412
Bhutan,Total,2015,727.876
Bhutan,Rural,2015,482.844
Bhutan,Urban,2015,304.542
Bhutan,Total,2016,736.708
Bhutan,Rural,2016,483.225
Bhutan,Urban,2016,314.54
Bhutan,Total,2017,745.563
Bhutan,Rural,2017,483.217
Bhutan,Urban,2017,324.393
Bhutan,Total,2018,754.388
Bhutan,Rural,2018,482.916
Bhutan,Urban,2018,334.138
Bolivia,Total,2000,8418.264
Bolivia,Rural,2000,3186.751
Bolivia,Urban,2000,5152.761
Bolivia,Total,2001,8580.235
Bolivia,Rural,2001,3202.596
Bolivia,Urban,2001,5293.779
Bolivia,Total,2002,8742.814
Bolivia,Rural,2002,3220.542
Bolivia,Urban,2002,5432.803
Bolivia,Total,2003,8905.823
Bolivia,Rural,2003,3238.033
Bolivia,Urban,2003,5572.387
Bolivia,Total,2004,9069.039
Bolivia,Rural,2004,3254.315
Bolivia,Urban,2004,5713.426
Bolivia,Total,2005,9232.306
Bolivia,Rural,2005,3269.61
Bolivia,Urban,2005,5855.799
Bolivia,Total,2006,9395.446
Bolivia,Rural,2006,3283.729
Bolivia,Urban,2006,5999.605
Bolivia,Total,2007,9558.439
Bolivia,Rural,2007,3296.72
Bolivia,Urban,2007,6144.724
Bolivia,Total,2008,9721.454
Bolivia,Rural,2008,3308.578
Bolivia,Urban,2008,6291.277
Bolivia,Total,2009,9884.781
Bolivia,Rural,2009,3319.56
Bolivia,Urban,2009,6439.188
Bolivia,Total,2010,10048.59
Bolivia,Rural,2010,3329.54
Bolivia,Urban,2010,6588.702
Bolivia,Total,2011,10212.954
Bolivia,Rural,2011,3338.591
Bolivia,Urban,2011,6739.752
Bolivia,Total,2012,10377.676
Bolivia,Rural,2012,3346.648
Bolivia,Urban,2012,6892.356
Bolivia,Total,2013,10542.377
Bolivia,Rural,2013,3359.417
Bolivia,Urban,2013,7040.847
Bolivia,Total,2014,10706.517
Bolivia,Rural,2014,3374.918
Bolivia,Urban,2014,7187.241
Bolivia,Total,2015,10869.73
Bolivia,Rural,2015,3389.712
Bolivia,Urban,2015,7334.993
Bolivia,Total,2016,11031.814
Bolivia,Rural,2016,3403.747
Bolivia,Urban,2016,7484.135
Bolivia,Total,2017,11192.855
Bolivia,Rural,2017,3417.155
Bolivia,Urban,2017,7634.445
Bolivia,Total,2018,11353.142
Bolivia,Rural,2018,3429.186
Bolivia,Urban,2018,7786.488
Bosnia and Herzegovina,Total,2000,3751.176
Bosnia and Herzegovina,Rural,2000,2170.238
Bosnia and Herzegovina,Urban,2000,1596.468
Bosnia and Herzegovina,Total,2001,3755.512
Bosnia and Herzegovina,Rural,2001,2161.008
Bosnia and Herzegovina,Urban,2001,1610.276
Bosnia and Herzegovina,Total,2002,3759.387
Bosnia and Herzegovina,Rural,2002,2151.678
Bosnia and Herzegovina,Urban,2002,1624.129
Bosnia and Herzegovina,Total,2003,3762.173
Bosnia and Herzegovina,Rural,2003,2141.685
Bosnia and Herzegovina,Urban,2003,1637.562
Bosnia and Herzegovina,Total,2004,3764.194
Bosnia and Herzegovina,Rural,2004,2130.843
Bosnia and Herzegovina,Urban,2004,1650.444
Bosnia and Herzegovina,Total,2005,3765.331
Bosnia and Herzegovina,Rural,2005,2118.996
Bosnia and Herzegovina,Urban,2005,1662.534
Bosnia and Herzegovina,Total,2006,3765.424
Bosnia and Herzegovina,Rural,2006,2105.827
Bosnia and Herzegovina,Urban,2006,1673.641
Bosnia and Herzegovina,Total,2007,3762.786
Bosnia and Herzegovina,Rural,2007,2090.767
Bosnia and Herzegovina,Urban,2007,1683.233
Bosnia and Herzegovina,Total,2008,3754.271
Bosnia and Herzegovina,Rural,2008,2072.991
Bosnia and Herzegovina,Urban,2008,1690.608
Bosnia and Herzegovina,Total,2009,3735.938
Bosnia and Herzegovina,Rural,2009,2051.664
Bosnia and Herzegovina,Urban,2009,1694.897
Bosnia and Herzegovina,Total,2010,3705.472
Bosnia and Herzegovina,Rural,2010,2026.365
Bosnia and Herzegovina,Urban,2010,1695.719
Bosnia and Herzegovina,Total,2011,3661.175
Bosnia and Herzegovina,Rural,2011,1996.478
Bosnia and Herzegovina,Urban,2011,1692.387
Bosnia and Herzegovina,Total,2012,3604.972
Bosnia and Herzegovina,Rural,2012,1962.769
Bosnia and Herzegovina,Urban,2012,1685.431
Bosnia and Herzegovina,Total,2013,3542.606
Bosnia and Herzegovina,Rural,2013,1927.984
Bosnia and Herzegovina,Urban,2013,1677.015
Bosnia and Herzegovina,Total,2014,3482.105
Bosnia and Herzegovina,Rural,2014,1895.685
Bosnia and Herzegovina,Urban,2014,1670.317
Bosnia and Herzegovina,Total,2015,3429.361
Bosnia and Herzegovina,Rural,2015,1867.937
Bosnia and Herzegovina,Urban,2015,1668.024
Bosnia and Herzegovina,Total,2016,3386.266
Bosnia and Herzegovina,Rural,2016,1845.681
Bosnia and Herzegovina,Urban,2016,1671.135
Bosnia and Herzegovina,Total,2017,3351.525
Bosnia and Herzegovina,Rural,2017,1828.006
Bosnia and Herzegovina,Urban,2017,1679.011
Bosnia and Herzegovina,Total,2018,3323.925
Bosnia and Herzegovina,Rural,2018,1813.259
Bosnia and Herzegovina,Urban,2018,1690.295
Botswana,Total,2000,1643.334
Botswana,Rural,2000,808.537
Botswana,Urban,2000,919.803
Botswana,Total,2001,1674.678
Botswana,Rural,2001,806.191
Botswana,Urban,2001,948.744
Botswana,Total,2002,1704.642
Botswana,Rural,2002,808.627
Botswana,Urban,2002,971.326
Botswana,Total,2003,1734.398
Botswana,Rural,2003,811.427
Botswana,Urban,2003,992.912
Botswana,Total,2004,1765.527
Botswana,Rural,2004,814.278
Botswana,Urban,2004,1015.052
Botswana,Total,2005,1799.078
Botswana,Rural,2005,817.614
Botswana,Urban,2005,1038.238
Botswana,Total,2006,1835.908
Botswana,Rural,2006,821.528
Botswana,Urban,2006,1062.71
Botswana,Total,2007,1875.459
Botswana,Rural,2007,805.426
Botswana,Urban,2007,1108.988
Botswana,Total,2008,1915.639
Botswana,Rural,2008,789.368
Botswana,Urban,2008,1156.983
Botswana,Total,2009,1953.498
Botswana,Rural,2009,773.398
Botswana,Urban,2009,1206.484
Botswana,Total,2010,1987.105
Botswana,Rural,2010,757.339
Botswana,Urban,2010,1257.527
Botswana,Total,2011,2015.403
Botswana,Rural,2011,741.251
Botswana,Urban,2011,1310.088
Botswana,Total,2012,2039.556
Botswana,Rural,2012,736.104
Botswana,Urban,2012,1353.211
Botswana,Total,2013,2062.548
Botswana,Rural,2013,732.803
Botswana,Urban,2013,1395.704
Botswana,Total,2014,2088.618
Botswana,Rural,2014,729.332
Botswana,Urban,2014,1439.241
Botswana,Total,2015,2120.716
Botswana,Rural,2015,725.61
Botswana,Urban,2015,1483.587
Botswana,Total,2016,2159.927
Botswana,Rural,2016,721.58
Botswana,Urban,2016,1528.68
Botswana,Total,2017,2205.08
Botswana,Rural,2017,717.29
Botswana,Urban,2017,1574.371
Botswana,Total,2018,2254.068
Botswana,Rural,2018,712.875
Botswana,Urban,2018,1620.326
Brazil,Total,2000,174790.34
Brazil,Rural,2000,32968.08
Brazil,Urban,2000,142319.507
Brazil,Total,2001,177196.054
Brazil,Rural,2001,32789.772
Brazil,Urban,2001,144960.898
Brazil,Total,2002,179537.52
Brazil,Rural,2002,32643.261
Brazil,Urban,2002,147507.76
Brazil,Total,2003,181809.246
Brazil,Rural,2003,32477.004
Brazil,Urban,2003,150005.145
Brazil,Total,2004,184006.481
Brazil,Rural,2004,32290.174
Brazil,Urban,2004,152448.284
Brazil,Total,2005,186127.103
Brazil,Rural,2005,32085.721
Brazil,Urban,2005,154831.64
Brazil,Total,2006,188167.356
Brazil,Rural,2006,31861.129
Brazil,Urban,2006,157151.283
Brazil,Total,2007,190130.443
Brazil,Rural,2007,31618.718
Brazil,Urban,2007,159407.919
Brazil,Total,2008,192030.362
Brazil,Rural,2008,31361.744
Brazil,Urban,2008,161617.285
Brazil,Total,2009,193886.508
Brazil,Rural,2009,31097.565
Brazil,Urban,2009,163798.431
Brazil,Total,2010,195713.635
Brazil,Rural,2010,30827.251
Brazil,Urban,2010,165969.018
Brazil,Total,2011,197514.536
Brazil,Rural,2011,30536.433
Brazil,Urban,2011,168150.255
Brazil,Total,2012,199287.299
Brazil,Rural,2012,30238.865
Brazil,Urban,2012,170322.118
Brazil,Total,2013,201035.912
Brazil,Rural,2013,29937.266
Brazil,Urban,2013,172471.366
Brazil,Total,2014,202763.739
Brazil,Rural,2014,29627.255
Brazil,Urban,2014,174585.878
Brazil,Total,2015,204471.769
Brazil,Rural,2015,29308.408
Brazil,Urban,2015,176653.7
Brazil,Total,2016,206163.053
Brazil,Rural,2016,28983.278
Brazil,Urban,2016,178669.587
Brazil,Total,2017,207833.823
Brazil,Rural,2017,28654.406
Brazil,Urban,2017,180633.872
Brazil,Total,2018,209469.323
Brazil,Rural,2018,28321.495
Brazil,Urban,2018,182546.459
Brunei Darussalam,Total,2000,333.165
Brunei Darussalam,Rural,2000,96.095
Brunei Darussalam,Urban,2000,237.146
Brunei Darussalam,Total,2001,340.034
Brunei Darussalam,Rural,2001,96.416
Brunei Darussalam,Urban,2001,243.701
Brunei Darussalam,Total,2002,346.782
Brunei Darussalam,Rural,2002,96.965
Brunei Darussalam,Urban,2002,249.902
Brunei Darussalam,Total,2003,353.293
Brunei Darussalam,Rural,2003,97.461
Brunei Darussalam,Urban,2003,255.928
Brunei Darussalam,Total,2004,359.433
Brunei Darussalam,Rural,2004,97.812
Brunei Darussalam,Urban,2004,261.711
Brunei Darussalam,Total,2005,365.114
Brunei Darussalam,Rural,2005,97.998
Brunei Darussalam,Urban,2005,267.16
Brunei Darussalam,Total,2006,370.263
Brunei Darussalam,Rural,2006,98.01
Brunei Darussalam,Urban,2006,272.24
Brunei Darussalam,Total,2007,374.965
Brunei Darussalam,Rural,2007,97.871
Brunei Darussalam,Urban,2007,276.993
Brunei Darussalam,Total,2008,379.421
Brunei Darussalam,Rural,2008,97.651
Brunei Darussalam,Urban,2008,281.601
Brunei Darussalam,Total,2009,383.906
Brunei Darussalam,Rural,2009,97.449
Brunei Darussalam,Urban,2009,286.323
Brunei Darussalam,Total,2010,388.646
Brunei Darussalam,Rural,2010,97.318
Brunei Darussalam,Urban,2010,291.344
Brunei Darussalam,Total,2011,393.688
Brunei Darussalam,Rural,2011,97.28
Brunei Darussalam,Urban,2011,296.733
Brunei Darussalam,Total,2012,398.989
Brunei Darussalam,Rural,2012,97.314
Brunei Darussalam,Urban,2012,302.434
Brunei Darussalam,Total,2013,404.421
Brunei Darussalam,Rural,2013,97.386
Brunei Darussalam,Urban,2013,308.33
Brunei Darussalam,Total,2014,409.769
Brunei Darussalam,Rural,2014,97.441
Brunei Darussalam,Urban,2014,314.263
Brunei Darussalam,Total,2015,414.907
Brunei Darussalam,Rural,2015,97.44
Brunei Darussalam,Urban,2015,320.102
Brunei Darussalam,Total,2016,419.8
Brunei Darussalam,Rural,2016,97.378
Brunei Darussalam,Urban,2016,325.818
Brunei Darussalam,Total,2017,424.473
Brunei Darussalam,Rural,2017,97.263
Brunei Darussalam,Urban,2017,331.434
Brunei Darussalam,Total,2018,428.963
Brunei Darussalam,Rural,2018,97.106
Brunei Darussalam,Urban,2018,336.97
Bulgaria,Total,2000,7997.957
Bulgaria,Rural,2000,2487.423
Bulgaria,Urban,2000,5510.364
Bulgaria,Total,2001,7930.703
Bulgaria,Rural,2001,2445.343
Bulgaria,Urban,2001,5485.203
Bulgaria,Total,2002,7866.239
Bulgaria,Rural,2002,2397.299
Bulgaria,Urban,2002,5468.787
Bulgaria,Total,2003,7804.312
Bulgaria,Rural,2003,2350.579
Bulgaria,Urban,2003,5453.302
Bulgaria,Total,2004,7744.632
Bulgaria,Rural,2004,2304.921
Bulgaria,Urban,2004,5438.343
Bulgaria,Total,2005,7686.962
Bulgaria,Rural,2005,2260.279
Bulgaria,Urban,2005,5423.484
Bulgaria,Total,2006,7631.012
Bulgaria,Rural,2006,2216.404
Bulgaria,Urban,2006,5408.555
Bulgaria,Total,2007,7576.672
Bulgaria,Rural,2007,2173.353
Bulgaria,Urban,2007,5393.596
Bulgaria,Total,2008,7524.087
Bulgaria,Rural,2008,2131.248
Bulgaria,Urban,2008,5379.083
Bulgaria,Total,2009,7473.513
Bulgaria,Rural,2009,2090.439
Bulgaria,Urban,2009,5365.591
Bulgaria,Total,2010,7425.008
Bulgaria,Rural,2010,2050.944
Bulgaria,Urban,2010,5353.646
Bulgaria,Total,2011,7378.65
Bulgaria,Rural,2011,2012.821
Bulgaria,Urban,2011,5343.392
Bulgaria,Total,2012,7334.003
Bulgaria,Rural,2012,1975.613
Bulgaria,Urban,2012,5334.77
Bulgaria,Total,2013,7290.088
Bulgaria,Rural,2013,1939.116
Bulgaria,Urban,2013,5327.025
Bulgaria,Total,2014,7245.646
Bulgaria,Rural,2014,1902.938
Bulgaria,Urban,2014,5319.207
Bulgaria,Total,2015,7199.741
Bulgaria,Rural,2015,1866.828
Bulgaria,Urban,2015,5310.568
Bulgaria,Total,2016,7151.953
Bulgaria,Rural,2016,1830.702
Bulgaria,Urban,2016,5300.792
Bulgaria,Total,2017,7102.444
Bulgaria,Rural,2017,1794.614
Bulgaria,Urban,2017,5289.957
Bulgaria,Total,2018,7051.608
Bulgaria,Rural,2018,1758.643
Bulgaria,Urban,2018,5278.205
Burkina Faso,Total,2000,11607.942
Burkina Faso,Rural,2000,9536.675
Burkina Faso,Urban,2000,2071.267
Burkina Faso,Total,2001,11944.587
Burkina Faso,Rural,2001,9730.105
Burkina Faso,Urban,2001,2214.482
Burkina Faso,Total,2002,12293.1
Burkina Faso,Rural,2002,9925.754
Burkina Faso,Urban,2002,2367.346
Burkina Faso,Total,2003,12654.621
Burkina Faso,Rural,2003,10124.154
Burkina Faso,Urban,2003,2530.467
Burkina Faso,Total,2004,13030.569
Burkina Faso,Rural,2004,10325.765
Burkina Faso,Urban,2004,2704.804
Burkina Faso,Total,2005,13421.93
Burkina Faso,Rural,2005,10531.202
Burkina Faso,Urban,2005,2890.728
Burkina Faso,Total,2006,13829.176
Burkina Faso,Rural,2006,10739.81
Burkina Faso,Urban,2006,3089.367
Burkina Faso,Total,2007,14252.021
Burkina Faso,Rural,2007,10974.579
Burkina Faso,Urban,2007,3277.442
Burkina Faso,Total,2008,14689.725
Burkina Faso,Rural,2008,11232.644
Burkina Faso,Urban,2008,3457.082
Burkina Faso,Total,2009,15141.098
Burkina Faso,Rural,2009,11495.301
Burkina Faso,Urban,2009,3645.798
Burkina Faso,Total,2010,15605.217
Burkina Faso,Rural,2010,11761.192
Burkina Faso,Urban,2010,3844.025
Burkina Faso,Total,2011,16081.913
Burkina Faso,Rural,2011,12029.972
Burkina Faso,Urban,2011,4051.932
Burkina Faso,Total,2012,16571.253
Burkina Faso,Rural,2012,12301.228
Burkina Faso,Urban,2012,4269.988
Burkina Faso,Total,2013,17072.785
Burkina Faso,Rural,2013,12574.71
Burkina Faso,Urban,2013,4498.013
Burkina Faso,Total,2014,17586.03
Burkina Faso,Rural,2014,12849.371
Burkina Faso,Urban,2014,4736.606
Burkina Faso,Total,2015,18110.624
Burkina Faso,Rural,2015,13124.769
Burkina Faso,Urban,2015,4985.855
Burkina Faso,Total,2016,18646.357
Burkina Faso,Rural,2016,13400.521
Burkina Faso,Urban,2016,5245.912
Burkina Faso,Total,2017,19193.234
Burkina Faso,Rural,2017,13676.652
Burkina Faso,Urban,2017,5516.73
Burkina Faso,Total,2018,19751.466
Burkina Faso,Rural,2018,13952.881
Burkina Faso,Urban,2018,5798.77
Burundi,Total,2000,6378.871
Burundi,Rural,2000,5872.887
Burundi,Urban,2000,527.819
Burundi,Total,2001,6525.545
Burundi,Rural,2001,6001.113
Burundi,Urban,2001,554.716
Burundi,Total,2002,6704.113
Burundi,Rural,2002,6156.269
Burundi,Urban,2002,585.3
Burundi,Total,2003,6909.154
Burundi,Rural,2003,6333.751
Burundi,Urban,2003,619.362
Burundi,Total,2004,7131.693
Burundi,Rural,2004,6526.045
Burundi,Urban,2004,656.406
Burundi,Total,2005,7364.862
Burundi,Rural,2005,6727.349
Burundi,Urban,2005,695.94
Burundi,Total,2006,7607.849
Burundi,Rural,2006,6937.204
Burundi,Urban,2006,738.134
Burundi,Total,2007,7862.214
Burundi,Rural,2007,7156.384
Burundi,Urban,2007,783.189
Burundi,Total,2008,8126.102
Burundi,Rural,2008,7381.365
Burundi,Urban,2008,830.899
Burundi,Total,2009,8397.668
Burundi,Rural,2009,7608.188
Burundi,Urban,2009,880.843
Burundi,Total,2010,8675.602
Burundi,Rural,2010,7833.959
Burundi,Urban,2010,932.971
Burundi,Total,2011,8958.406
Burundi,Rural,2011,8056.443
Burundi,Urban,2011,987.065
Burundi,Total,2012,9245.988
Burundi,Rural,2012,8276.416
Burundi,Urban,2012,1043.294
Burundi,Total,2013,9540.291
Burundi,Rural,2013,8497.927
Burundi,Urban,2013,1102.259
Burundi,Total,2014,9844.299
Burundi,Rural,2014,8726.909
Burundi,Urban,2014,1164.881
Burundi,Total,2015,10160.03
Burundi,Rural,2015,8967.359
Burundi,Urban,2015,1231.911
Burundi,Total,2016,10487.995
Burundi,Rural,2016,9220.356
Burundi,Urban,2016,1303.761
Burundi,Total,2017,10827.019
Burundi,Rural,2017,9483.827
Burundi,Urban,2017,1380.418
Burundi,Total,2018,11175.374
Burundi,Rural,2018,9754.746
Burundi,Urban,2018,1461.704
Cabo Verde,Total,2000,428.188
Cabo Verde,Rural,2000,202.594
Cabo Verde,Urban,2000,232.485
Cabo Verde,Total,2001,435.709
Cabo Verde,Rural,2001,202.818
Cabo Verde,Urban,2001,240.898
Cabo Verde,Total,2002,442.951
Cabo Verde,Rural,2002,202.789
Cabo Verde,Urban,2002,249.317
Cabo Verde,Total,2003,449.93
Cabo Verde,Rural,2003,202.478
Cabo Verde,Urban,2003,257.669
Cabo Verde,Total,2004,456.617
Cabo Verde,Rural,2004,201.814
Cabo Verde,Urban,2004,265.85
Cabo Verde,Total,2005,463.032
Cabo Verde,Rural,2005,200.793
Cabo Verde,Urban,2005,273.774
Cabo Verde,Total,2006,469.17
Cabo Verde,Rural,2006,199.391
Cabo Verde,Urban,2006,281.404
Cabo Verde,Total,2007,475.06
Cabo Verde,Rural,2007,197.671
Cabo Verde,Urban,2007,288.767
Cabo Verde,Total,2008,480.842
Cabo Verde,Rural,2008,195.736
Cabo Verde,Urban,2008,295.987
Cabo Verde,Total,2009,486.671
Cabo Verde,Rural,2009,193.735
Cabo Verde,Urban,2009,303.228
Cabo Verde,Total,2010,492.654
Cabo Verde,Rural,2010,191.807
Cabo Verde,Urban,2010,310.577
Cabo Verde,Total,2011,498.857
Cabo Verde,Rural,2011,191.43
Cabo Verde,Urban,2011,316.637
Cabo Verde,Total,2012,505.235
Cabo Verde,Rural,2012,191.091
Cabo Verde,Urban,2012,322.888
Cabo Verde,Total,2013,511.748
Cabo Verde,Rural,2013,190.793
Cabo Verde,Urban,2013,329.313
Cabo Verde,Total,2014,518.271
Cabo Verde,Rural,2014,190.519
Cabo Verde,Urban,2014,335.918
Cabo Verde,Total,2015,524.743
Cabo Verde,Rural,2015,190.25
Cabo Verde,Urban,2015,342.663
Cabo Verde,Total,2016,531.146
Cabo Verde,Rural,2016,190.01
Cabo Verde,Urban,2016,349.55
Cabo Verde,Total,2017,537.498
Cabo Verde,Rural,2017,189.808
Cabo Verde,Urban,2017,356.58
Cabo Verde,Total,2018,543.767
Cabo Verde,Rural,2018,189.62
Cabo Verde,Urban,2018,363.715
Cambodia,Total,2000,12155.239
Cambodia,Rural,2000,9893.668
Cambodia,Urban,2000,2258.686
Cambodia,Total,2001,12405.408
Cambodia,Rural,2001,10082.881
Cambodia,Urban,2001,2319.592
Cambodia,Total,2002,12637.727
Cambodia,Rural,2002,10256.921
Cambodia,Urban,2002,2377.808
Cambodia,Total,2003,12856.163
Cambodia,Rural,2003,10419.109
Cambodia,Urban,2003,2434.015
Cambodia,Total,2004,13066.469
Cambodia,Rural,2004,10574.098
Cambodia,Urban,2004,2489.279
Cambodia,Total,2005,13273.354
Cambodia,Rural,2005,10725.787
Cambodia,Urban,2005,2544.414
Cambodia,Total,2006,13477.709
Cambodia,Rural,2006,10874.842
Cambodia,Urban,2006,2599.647
Cambodia,Total,2007,13679.962
Cambodia,Rural,2007,11021.653
Cambodia,Urban,2007,2655.04
Cambodia,Total,2008,13883.834
Cambodia,Rural,2008,11163.903
Cambodia,Urban,2008,2716.606
Cambodia,Total,2009,14093.604
Cambodia,Rural,2009,11282.037
Cambodia,Urban,2009,2808.171
Cambodia,Total,2010,14312.212
Cambodia,Rural,2010,11404.934
Cambodia,Urban,2010,2903.806
Cambodia,Total,2011,14541.423
Cambodia,Rural,2011,11533.945
Cambodia,Urban,2011,3003.941
Cambodia,Total,2012,14780.454
Cambodia,Rural,2012,11668.224
Cambodia,Urban,2012,3108.642
Cambodia,Total,2013,15026.332
Cambodia,Rural,2013,11805.508
Cambodia,Urban,2013,3217.184
Cambodia,Total,2014,15274.503
Cambodia,Rural,2014,11941.876
Cambodia,Urban,2014,3328.914
Cambodia,Total,2015,15521.436
Cambodia,Rural,2015,12074.599
Cambodia,Urban,2015,3443.036
Cambodia,Total,2016,15766.292
Cambodia,Rural,2016,12202.907
Cambodia,Urban,2016,3559.463
Cambodia,Total,2017,16009.409
Cambodia,Rural,2017,12327.338
Cambodia,Urban,2017,3678.035
Cambodia,Total,2018,16249.792
Cambodia,Rural,2018,12446.208
Cambodia,Urban,2018,3799.521
Cameroon,Total,2000,15513.945
Cameroon,Rural,2000,8318.116
Cameroon,Urban,2000,6956.118
Cameroon,Total,2001,15928.91
Cameroon,Rural,2001,8441.086
Cameroon,Urban,2001,7230.841
Cameroon,Total,2002,16357.602
Cameroon,Rural,2002,8567.125
Cameroon,Urban,2002,7517.761
Cameroon,Total,2003,16800.865
Cameroon,Rural,2003,8696.474
Cameroon,Urban,2003,7817.348
Cameroon,Total,2004,17259.322
Cameroon,Rural,2004,8828.9
Cameroon,Urban,2004,8130.181
Cameroon,Total,2005,17733.41
Cameroon,Rural,2005,8964.62
Cameroon,Urban,2005,8456.175
Cameroon,Total,2006,18223.674
Cameroon,Rural,2006,9103.242
Cameroon,Urban,2006,8796.32
Cameroon,Total,2007,18730.282
Cameroon,Rural,2007,9244.465
Cameroon,Urban,2007,9150.924
Cameroon,Total,2008,19252.666
Cameroon,Rural,2008,9387.386
Cameroon,Urban,2008,9519.622
Cameroon,Total,2009,19789.919
Cameroon,Rural,2009,9530.836
Cameroon,Urban,2009,9901.705
Cameroon,Total,2010,20341.241
Cameroon,Rural,2010,9673.887
Cameroon,Urban,2010,10296.608
Cameroon,Total,2011,20906.388
Cameroon,Rural,2011,9816.164
Cameroon,Urban,2011,10704.283
Cameroon,Total,2012,21485.265
Cameroon,Rural,2012,9957.503
Cameroon,Urban,2012,11124.88
Cameroon,Total,2013,22077.294
Cameroon,Rural,2013,10097.48
Cameroon,Urban,2013,11558.235
Cameroon,Total,2014,22681.852
Cameroon,Rural,2014,10235.717
Cameroon,Urban,2014,12004.187
Cameroon,Total,2015,23298.368
Cameroon,Rural,2015,10371.907
Cameroon,Urban,2015,12462.615
Cameroon,Total,2016,23926.551
Cameroon,Rural,2016,10505.784
Cameroon,Urban,2016,12933.405
Cameroon,Total,2017,24566.073
Cameroon,Rural,2017,10637.19
Cameroon,Urban,2017,13416.537
Cameroon,Total,2018,25216.267
Cameroon,Rural,2018,10766.102
Cameroon,Urban,2018,13912.132
Canada,Total,2000,30588.383
Canada,Rural,2000,6307.7
Canada,Urban,2000,24428.073
Canada,Total,2001,30880.073
Canada,Rural,2001,6263.924
Canada,Urban,2001,24760.808
Canada,Total,2002,31178.263
Canada,Rural,2002,6299.155
Canada,Urban,2002,25021.734
Canada,Total,2003,31488.048
Canada,Rural,2003,6336.148
Canada,Urban,2003,25291.658
Canada,Total,2004,31815.494
Canada,Rural,2004,6375.632
Canada,Urban,2004,25573.785
Canada,Total,2005,32164.309
Canada,Rural,2005,6418.127
Canada,Urban,2005,25869.853
Canada,Total,2006,32536.987
Canada,Rural,2006,6459.512
Canada,Urban,2006,26185.971
Canada,Total,2007,32930.794
Canada,Rural,2007,6473.183
Canada,Urban,2007,26546.749
Canada,Total,2008,33337.638
Canada,Rural,2008,6487.802
Canada,Urban,2008,26916.746
Canada,Total,2009,33746.093
Canada,Rural,2009,6501.752
Canada,Urban,2009,27288.079
Canada,Total,2010,34147.564
Canada,Rural,2010,6513.437
Canada,Urban,2010,27655.231
Canada,Total,2011,34539.159
Canada,Rural,2011,6529.238
Canada,Urban,2011,28009.384
Canada,Total,2012,34922.03
Canada,Rural,2012,6583.389
Canada,Urban,2012,28317.316
Canada,Total,2013,35296.528
Canada,Rural,2013,6635.934
Canada,Urban,2013,28619.561
Canada,Total,2014,35664.337
Canada,Rural,2014,6687.15
Canada,Urban,2014,28917.578
Canada,Total,2015,36026.676
Canada,Rural,2015,6737.308
Canada,Urban,2015,29212.401
Canada,Total,2016,36382.944
Canada,Rural,2016,6786.28
Canada,Urban,2016,29503.542
Canada,Total,2017,36732.095
Canada,Rural,2017,6830.253
Canada,Urban,2017,29793.946
Canada,Total,2018,37074.562
Canada,Rural,2018,6869.269
Canada,Urban,2018,30084.496
Central African Republic,Total,2000,3640.427
Central African Republic,Rural,2000,2341.659
Central African Republic,Urban,2000,1413.327
Central African Republic,Total,2001,3722.018
Central African Republic,Rural,2001,2386.683
Central African Republic,Urban,2001,1445.52
Central African Republic,Total,2002,3802.128
Central African Republic,Rural,2002,2430.45
Central African Republic,Urban,2002,1477.162
Central African Republic,Total,2003,3881.181
Central African Republic,Rural,2003,2473.248
Central African Republic,Urban,2003,1508.417
Central African Republic,Total,2004,3959.875
Central African Republic,Rural,2004,2515.494
Central African Republic,Urban,2004,1539.542
Central African Republic,Total,2005,4038.382
Central African Republic,Rural,2005,2556.449
Central African Republic,Urban,2005,1571.461
Central African Republic,Total,2006,4118.069
Central African Republic,Rural,2006,2596.96
Central African Republic,Urban,2006,1604.798
Central African Republic,Total,2007,4198.01
Central African Republic,Rural,2007,2636.499
Central African Republic,Urban,2007,1639.301
Central African Republic,Total,2008,4273.366
Central African Republic,Rural,2008,2672.155
Central African Republic,Urban,2008,1673.231
Central African Republic,Total,2009,4337.625
Central African Republic,Rural,2009,2700.048
Central African Republic,Urban,2009,1704.182
Central African Republic,Total,2010,4386.768
Central African Republic,Rural,2010,2717.873
Central African Republic,Urban,2010,1730.652
Central African Republic,Total,2011,4418.637
Central African Republic,Rural,2011,2724.4
Central African Republic,Urban,2011,1751.753
Central African Republic,Total,2012,4436.416
Central African Republic,Rural,2012,2721.724
Central African Republic,Urban,2012,1768.692
Central African Republic,Total,2013,4447.944
Central African Republic,Rural,2013,2714.965
Central African Republic,Urban,2013,1784.688
Central African Republic,Total,2014,4464.175
Central African Republic,Rural,2014,2711.077
Central African Republic,Urban,2014,1804.315
Central African Republic,Total,2015,4493.17
Central African Republic,Rural,2015,2715.046
Central African Republic,Urban,2015,1831.054
Central African Republic,Total,2016,4537.686
Central African Republic,Rural,2016,2728.393
Central African Republic,Urban,2016,1866.228
Central African Republic,Total,2017,4596.023
Central African Republic,Rural,2017,2749.797
Central African Republic,Urban,2017,1909.283
Central African Republic,Total,2018,4666.368
Central African Republic,Rural,2018,2777.836
Central African Republic,Urban,2018,1959.587
Chad,Total,2000,8355.654
Chad,Rural,2000,6537.507
Chad,Urban,2000,1805.052
Chad,Total,2001,8678.051
Chad,Rural,2001,6785.78
Chad,Urban,2001,1877.232
Chad,Total,2002,9019.233
Chad,Rural,2002,7048.105
Chad,Urban,2002,1953.584
Chad,Total,2003,9373.916
Chad,Rural,2003,7320.248
Chad,Urban,2003,2032.953
Chad,Total,2004,9734.767
Chad,Rural,2004,7596.322
Chad,Urban,2004,2113.721
Chad,Total,2005,10096.633
Chad,Rural,2005,7872.263
Chad,Urban,2005,2194.746
Chad,Total,2006,10457.124
Chad,Rural,2006,8146.101
Chad,Urban,2006,2275.496
Chad,Total,2007,10818.024
Chad,Rural,2007,8419.328
Chad,Urban,2007,2356.38
Chad,Total,2008,11183.588
Chad,Rural,2008,8695.468
Chad,Urban,2008,2438.393
Chad,Total,2009,11560.147
Chad,Rural,2009,8979.786
Chad,Urban,2009,2523.0
Chad,Total,2010,11952.136
Chad,Rural,2010,9273.802
Chad,Urban,2010,2613.4
Chad,Total,2011,12360.99
Chad,Rural,2011,9578.48
Chad,Urban,2011,2710.171
Chad,Total,2012,12784.75
Chad,Rural,2012,9891.998
Chad,Urban,2012,2813.137
Chad,Total,2013,13220.433
Chad,Rural,2013,10211.686
Chad,Urban,2013,2921.903
Chad,Total,2014,13663.566
Chad,Rural,2014,10533.696
Chad,Urban,2014,3035.742
Chad,Total,2015,14110.975
Chad,Rural,2015,10855.197
Chad,Urban,2015,3154.216
Chad,Total,2016,14561.66
Chad,Rural,2016,11175.141
Chad,Urban,2016,3277.402
Chad,Total,2017,15016.753
Chad,Rural,2017,11494.121
Chad,Urban,2017,3405.873
Chad,Total,2018,15477.729
Chad,Rural,2018,11812.905
Chad,Urban,2018,3540.279
Chile,Total,2000,15342.353
Chile,Rural,2000,2125.607
Chile,Urban,2000,13137.147
Chile,Total,2001,15516.113
Chile,Rural,2001,2106.259
Chile,Urban,2001,13338.71
Chile,Total,2002,15684.409
Chile,Rural,2002,2092.618
Chile,Urban,2002,13531.017
Chile,Total,2003,15849.652
Chile,Rural,2003,2106.807
Chile,Urban,2003,13692.735
Chile,Total,2004,16014.971
Chile,Rural,2004,2120.588
Chile,Urban,2004,13853.19
Chile,Total,2005,16182.721
Chile,Rural,2005,2134.099
Chile,Urban,2005,14012.965
Chile,Total,2006,16354.504
Chile,Rural,2006,2147.356
Chile,Urban,2006,14172.436
Chile,Total,2007,16530.195
Chile,Rural,2007,2160.337
Chile,Urban,2007,14331.35
Chile,Total,2008,16708.258
Chile,Rural,2008,2172.928
Chile,Urban,2008,14489.014
Chile,Total,2009,16886.186
Chile,Rural,2009,2185.026
Chile,Urban,2009,14644.416
Chile,Total,2010,17062.536
Chile,Rural,2010,2196.49
Chile,Urban,2010,14796.864
Chile,Total,2011,17233.576
Chile,Rural,2011,2207.299
Chile,Urban,2011,14946.058
Chile,Total,2012,17400.347
Chile,Rural,2012,2217.485
Chile,Urban,2012,15092.261
Chile,Total,2013,17571.507
Chile,Rural,2013,2227.155
Chile,Urban,2013,15235.827
Chile,Total,2014,17758.959
Chile,Rural,2014,2236.368
Chile,Urban,2014,15377.43
Chile,Total,2015,17969.353
Chile,Rural,2015,2245.203
Chile,Urban,2015,15517.478
Chile,Total,2016,18209.068
Chile,Rural,2016,2252.605
Chile,Urban,2016,15657.149
Chile,Total,2017,18470.439
Chile,Rural,2017,2258.558
Chile,Urban,2017,15796.168
Chile,Total,2018,18729.16
Chile,Rural,2018,2262.995
Chile,Urban,2018,15934.214
China,Total,2000,1319551.401
China,Rural,2000,829403.316
China,Urban,2000,482727.522
China,Total,2001,1328341.175
China,Rural,2001,818630.475
China,Urban,2001,501452.843
China,Total,2002,1336765.152
China,Rural,2002,806104.331
China,Urban,2002,521893.97
China,Total,2003,1344908.155
China,Rural,2003,793136.597
China,Urban,2003,542756.37
China,Total,2004,1352871.028
China,Rural,2004,779706.681
China,Urban,2004,564037.221
China,Total,2005,1360734.525
China,Rural,2005,765903.084
China,Urban,2005,585633.612
China,Total,2006,1368528.374
China,Rural,2006,752299.538
China,Urban,2006,606988.73
China,Total,2007,1376265.629
China,Rural,2007,738685.151
China,Urban,2007,628350.588
China,Total,2008,1383985.631
China,Rural,2008,724760.394
China,Urban,2008,650038.03
China,Total,2009,1391725.007
China,Rural,2009,710632.634
China,Urban,2009,671961.097
China,Total,2010,1399502.716
China,Rural,2010,696249.563
China,Urban,2010,694170.135
China,Total,2011,1407323.826
China,Rural,2011,682518.202
China,Urban,2011,715762.326
China,Total,2012,1415164.184
China,Rural,2012,669007.424
China,Urban,2012,737124.022
China,Total,2013,1422971.062
China,Rural,2013,655323.811
China,Urban,2013,758533.671
China,Total,2014,1430670.819
China,Rural,2014,641352.868
China,Urban,2014,779954.516
China,Total,2015,1438193.428
China,Rural,2015,627097.042
China,Urban,2015,801263.909
China,Total,2016,1445523.929
China,Rural,2016,612549.421
China,Urban,2016,822422.66
China,Total,2017,1452625.244
China,Rural,2017,597816.52
China,Urban,2017,843314.783
China,Total,2018,1459377.612
China,Rural,2018,583199.631
China,Urban,2018,863601.691
Colombia,Total,2000,39629.968
Colombia,Rural,2000,10522.282
Colombia,Urban,2000,29881.676
Colombia,Total,2001,40255.967
Colombia,Rural,2001,10501.653
Colombia,Urban,2001,30487.256
Colombia,Total,2002,40875.36
Colombia,Rural,2002,10477.378
Colombia,Urban,2002,31095.113
Colombia,Total,2003,41483.869
Colombia,Rural,2003,10449.169
Colombia,Urban,2003,31702.982
Colombia,Total,2004,42075.955
Colombia,Rural,2004,10416.017
Colombia,Urban,2004,32308.146
Colombia,Total,2005,42647.723
Colombia,Rural,2005,10378.127
Colombia,Urban,2005,32907.507
Colombia,Total,2006,43200.897
Colombia,Rural,2006,10335.155
Colombia,Urban,2006,33500.567
Colombia,Total,2007,43737.516
Colombia,Rural,2007,10287.615
Colombia,Urban,2007,34086.957
Colombia,Total,2008,44254.975
Colombia,Rural,2008,10235.594
Colombia,Urban,2008,34665.95
Colombia,Total,2009,44750.054
Colombia,Rural,2009,10179.227
Colombia,Urban,2009,35236.954
Colombia,Total,2010,45222.7
Colombia,Rural,2010,10118.665
Colombia,Urban,2010,35799.432
Colombia,Total,2011,45662.748
Colombia,Rural,2011,10054.003
Colombia,Urban,2011,36352.643
Colombia,Total,2012,46075.718
Colombia,Rural,2012,9985.405
Colombia,Urban,2012,36896.07
Colombia,Total,2013,46495.493
Colombia,Rural,2013,9913.19
Colombia,Urban,2013,37429.791
Colombia,Total,2014,46967.696
Colombia,Rural,2014,9837.737
Colombia,Urban,2014,37954.174
Colombia,Total,2015,47520.667
Colombia,Rural,2015,9759.346
Colombia,Urban,2015,38469.351
Colombia,Total,2016,48175.052
Colombia,Rural,2016,9678.238
Colombia,Urban,2016,38975.181
Colombia,Total,2017,48909.839
Colombia,Rural,2017,9594.518
Colombia,Urban,2017,39471.097
Colombia,Total,2018,49661.048
Colombia,Rural,2018,9508.27
Colombia,Urban,2018,39956.413
Comoros,Total,2000,542.357
Comoros,Rural,2000,390.064
Comoros,Urban,2000,152.293
Comoros,Total,2001,555.888
Comoros,Rural,2001,400.041
Comoros,Urban,2001,155.847
Comoros,Total,2002,569.479
Comoros,Rural,2002,410.073
Comoros,Urban,2002,159.406
Comoros,Total,2003,583.211
Comoros,Rural,2003,420.218
Comoros,Urban,2003,162.993
Comoros,Total,2004,597.228
Comoros,Rural,2004,430.581
Comoros,Urban,2004,166.647
Comoros,Total,2005,611.627
Comoros,Rural,2005,441.134
Comoros,Urban,2005,170.493
Comoros,Total,2006,626.425
Comoros,Rural,2006,451.884
Comoros,Urban,2006,174.541
Comoros,Total,2007,641.62
Comoros,Rural,2007,462.822
Comoros,Urban,2007,178.798
Comoros,Total,2008,657.229
Comoros,Rural,2008,473.954
Comoros,Urban,2008,183.275
Comoros,Total,2009,673.252
Comoros,Rural,2009,485.27
Comoros,Urban,2009,187.982
Comoros,Total,2010,689.692
Comoros,Rural,2010,496.767
Comoros,Urban,2010,192.925
Comoros,Total,2011,706.569
Comoros,Rural,2011,508.448
Comoros,Urban,2011,198.121
Comoros,Total,2012,723.871
Comoros,Rural,2012,520.293
Comoros,Urban,2012,203.575
Comoros,Total,2013,741.505
Comoros,Rural,2013,532.229
Comoros,Urban,2013,209.271
Comoros,Total,2014,759.39
Comoros,Rural,2014,544.189
Comoros,Urban,2014,215.196
Comoros,Total,2015,777.424
Comoros,Rural,2015,556.09
Comoros,Urban,2015,221.334
Comoros,Total,2016,795.592
Comoros,Rural,2016,567.911
Comoros,Urban,2016,227.69
Comoros,Total,2017,813.892
Comoros,Rural,2017,579.639
Comoros,Urban,2017,234.273
Comoros,Total,2018,832.322
Comoros,Rural,2018,591.255
Comoros,Urban,2018,241.092
Congo,Total,2000,3127.411
Congo,Rural,2000,1332.387
Congo,Urban,2000,1893.34
Congo,Total,2001,3217.933
Congo,Rural,2001,1354.293
Congo,Urban,2001,1961.513
Congo,Total,2002,3310.387
Congo,Rural,2002,1375.924
Congo,Urban,2002,2031.256
Congo,Total,2003,3406.922
Congo,Rural,2003,1398.356
Congo,Urban,2003,2104.163
Congo,Total,2004,3510.468
Congo,Rural,2004,1422.945
Congo,Urban,2004,2182.494
Congo,Total,2005,3622.775
Congo,Rural,2005,1450.563
Congo,Urban,2005,2267.68
Congo,Total,2006,3745.141
Congo,Rural,2006,1481.568
Congo,Urban,2006,2360.797
Congo,Total,2007,3876.119
Congo,Rural,2007,1515.245
Congo,Urban,2007,2461.001
Congo,Total,2008,4011.486
Congo,Rural,2008,1549.624
Congo,Urban,2008,2565.811
Congo,Total,2009,4145.391
Congo,Rural,2009,1582.371
Congo,Urban,2009,2671.341
Congo,Total,2010,4273.731
Congo,Rural,2010,1611.866
Congo,Urban,2010,2774.827
Congo,Total,2011,4394.844
Congo,Rural,2011,1637.585
Congo,Urban,2011,2875.145
Congo,Total,2012,4510.199
Congo,Rural,2012,1660.183
Congo,Urban,2012,2973.18
Congo,Total,2013,4622.762
Congo,Rural,2013,1680.73
Congo,Urban,2013,3070.663
Congo,Total,2014,4736.976
Congo,Rural,2014,1700.765
Congo,Urban,2014,3170.336
Congo,Total,2015,4856.095
Congo,Rural,2015,1721.362
Congo,Urban,2015,3274.286
Congo,Total,2016,4980.996
Congo,Rural,2016,1742.734
Congo,Urban,2016,3383.087
Congo,Total,2017,5110.695
Congo,Rural,2017,1764.522
Congo,Urban,2017,3496.228
Congo,Total,2018,5244.359
Congo,Rural,2018,1786.495
Congo,Urban,2018,3613.4
Cook Islands,Total,2000,17.93
Cook Islands,Rural,2000,6.308
Cook Islands,Urban,2000,11.814
Cook Islands,Total,2001,18.025
Cook Islands,Rural,2001,6.064
Cook Islands,Urban,2001,12.258
Cook Islands,Total,2002,18.278
Cook Islands,Rural,2002,5.952
Cook Islands,Urban,2002,12.75
Cook Islands,Total,2003,18.608
Cook Islands,Rural,2003,5.909
Cook Islands,Urban,2003,13.239
Cook Islands,Total,2004,18.904
Cook Islands,Rural,2004,5.838
Cook Islands,Urban,2004,13.684
Cook Islands,Total,2005,19.074
Cook Islands,Rural,2005,5.711
Cook Islands,Urban,2005,13.999
Cook Islands,Total,2006,19.092
Cook Islands,Rural,2006,5.526
Cook Islands,Urban,2006,14.17
Cook Islands,Total,2007,19.001
Cook Islands,Rural,2007,5.371
Cook Islands,Urban,2007,14.14
Cook Islands,Total,2008,18.818
Cook Islands,Rural,2008,5.238
Cook Islands,Urban,2008,13.974
Cook Islands,Total,2009,18.602
Cook Islands,Rural,2009,5.095
Cook Islands,Urban,2009,13.773
Cook Islands,Total,2010,18.391
Cook Islands,Rural,2010,4.96
Cook Islands,Urban,2010,13.585
Cook Islands,Total,2011,18.195
Cook Islands,Rural,2011,4.836
Cook Islands,Urban,2011,13.421
Cook Islands,Total,2012,18.011
Cook Islands,Rural,2012,4.724
Cook Islands,Urban,2012,13.272
Cook Islands,Total,2013,17.833
Cook Islands,Rural,2013,4.625
Cook Islands,Urban,2013,13.142
Cook Islands,Total,2014,17.691
Cook Islands,Rural,2014,4.54
Cook Islands,Urban,2014,13.048
Cook Islands,Total,2015,17.586
Cook Islands,Rural,2015,4.466
Cook Islands,Urban,2015,12.983
Cook Islands,Total,2016,17.524
Cook Islands,Rural,2016,4.411
Cook Islands,Urban,2016,12.968
Cook Islands,Total,2017,17.507
Cook Islands,Rural,2017,4.374
Cook Islands,Urban,2017,13.006
Cook Islands,Total,2018,17.518
Cook Islands,Rural,2018,4.344
Cook Islands,Urban,2018,13.067
Costa Rica,Total,2000,3962.372
Costa Rica,Rural,2000,1607.403
Costa Rica,Urban,2000,2318.04
Costa Rica,Total,2001,4034.074
Costa Rica,Rural,2001,1582.349
Costa Rica,Urban,2001,2414.449
Costa Rica,Total,2002,4100.925
Costa Rica,Rural,2002,1554.034
Costa Rica,Urban,2002,2509.17
Costa Rica,Total,2003,4164.053
Costa Rica,Rural,2003,1523.324
Costa Rica,Urban,2003,2602.647
Costa Rica,Total,2004,4225.155
Costa Rica,Rural,2004,1491.084
Costa Rica,Urban,2004,2695.954
Costa Rica,Total,2005,4285.502
Costa Rica,Rural,2005,1458.203
Costa Rica,Urban,2005,2789.638
Costa Rica,Total,2006,4345.412
Costa Rica,Rural,2006,1424.705
Costa Rica,Urban,2006,2884.089
Costa Rica,Total,2007,4404.628
Costa Rica,Rural,2007,1390.626
Costa Rica,Urban,2007,2978.843
Costa Rica,Total,2008,4463.125
Costa Rica,Rural,2008,1355.892
Costa Rica,Urban,2008,3073.616
Costa Rica,Total,2009,4520.74
Costa Rica,Rural,2009,1320.65
Costa Rica,Urban,2009,3167.613
Costa Rica,Total,2010,4577.378
Costa Rica,Rural,2010,1284.69
Costa Rica,Urban,2010,3260.59
Costa Rica,Total,2011,4633.086
Costa Rica,Rural,2011,1248.208
Costa Rica,Urban,2011,3352.266
Costa Rica,Total,2012,4688.0
Costa Rica,Rural,2012,1212.562
Costa Rica,Urban,2012,3441.56
Costa Rica,Total,2013,4742.107
Costa Rica,Rural,2013,1178.012
Costa Rica,Urban,2013,3528.389
Costa Rica,Total,2014,4795.396
Costa Rica,Rural,2014,1144.604
Costa Rica,Urban,2014,3612.971
Costa Rica,Total,2015,4847.804
Costa Rica,Rural,2015,1112.422
Costa Rica,Urban,2015,3695.43
Costa Rica,Total,2016,4899.345
Costa Rica,Rural,2016,1081.494
Costa Rica,Urban,2016,3775.78
Costa Rica,Total,2017,4949.954
Costa Rica,Rural,2017,1051.813
Costa Rica,Urban,2017,3853.956
Costa Rica,Total,2018,4999.441
Costa Rica,Rural,2018,1023.354
Costa Rica,Urban,2018,3929.845
Côte d'Ivoire,Total,2000,16454.668
Côte d'Ivoire,Rural,2000,9485.524
Côte d'Ivoire,Urban,2000,7201.037
Côte d'Ivoire,Total,2001,16853.026
Côte d'Ivoire,Rural,2001,9616.036
Côte d'Ivoire,Urban,2001,7424.116
Côte d'Ivoire,Total,2002,17231.539
Côte d'Ivoire,Rural,2002,9728.117
Côte d'Ivoire,Urban,2002,7638.4
Côte d'Ivoire,Total,2003,17599.61
Côte d'Ivoire,Rural,2003,9829.817
Côte d'Ivoire,Urban,2003,7849.538
Côte d'Ivoire,Total,2004,17970.494
Côte d'Ivoire,Rural,2004,9931.729
Côte d'Ivoire,Urban,2004,8066.009
Côte d'Ivoire,Total,2005,18354.514
Côte d'Ivoire,Rural,2005,10042.114
Côte d'Ivoire,Urban,2005,8294.189
Côte d'Ivoire,Total,2006,18754.916
Côte d'Ivoire,Rural,2006,10162.795
Côte d'Ivoire,Urban,2006,8536.64
Côte d'Ivoire,Total,2007,19171.237
Côte d'Ivoire,Rural,2007,10292.928
Côte d'Ivoire,Urban,2007,8793.013
Côte d'Ivoire,Total,2008,19605.569
Côte d'Ivoire,Rural,2008,10433.268
Côte d'Ivoire,Urban,2008,9064.718
Côte d'Ivoire,Total,2009,20059.147
Côte d'Ivoire,Rural,2009,10584.261
Côte d'Ivoire,Urban,2009,9352.105
Côte d'Ivoire,Total,2010,20532.95
Côte d'Ivoire,Rural,2010,10745.373
Côte d'Ivoire,Urban,2010,9655.958
Côte d'Ivoire,Total,2011,21028.655
Côte d'Ivoire,Rural,2011,10917.658
Côte d'Ivoire,Urban,2011,9977.653
Côte d'Ivoire,Total,2012,21547.188
Côte d'Ivoire,Rural,2012,11100.787
Côte d'Ivoire,Urban,2012,10317.816
Côte d'Ivoire,Total,2013,22087.504
Côte d'Ivoire,Rural,2013,11292.254
Côte d'Ivoire,Urban,2013,10674.058
Côte d'Ivoire,Total,2014,22647.684
Côte d'Ivoire,Rural,2014,11487.772
Côte d'Ivoire,Urban,2014,11043.578
Côte d'Ivoire,Total,2015,23226.143
Côte d'Ivoire,Rural,2015,11682.793
Côte d'Ivoire,Urban,2015,11425.679
Côte d'Ivoire,Total,2016,23822.714
Côte d'Ivoire,Rural,2016,11876.17
Côte d'Ivoire,Urban,2016,11819.749
Côte d'Ivoire,Total,2017,24437.47
Côte d'Ivoire,Rural,2017,12068.187
Côte d'Ivoire,Urban,2017,12226.563
Côte d'Ivoire,Total,2018,25069.23
Côte d'Ivoire,Rural,2018,12259.023
Côte d'Ivoire,Urban,2018,12646.82
Croatia,Total,2000,4428.075
Croatia,Rural,2000,2062.239
Croatia,Urban,2000,2365.833
Croatia,Total,2001,4408.075
Croatia,Rural,2001,2043.497
Croatia,Urban,2001,2364.583
Croatia,Total,2002,4395.799
Croatia,Rural,2002,2030.408
Croatia,Urban,2002,2365.411
Croatia,Total,2003,4388.895
Croatia,Rural,2003,2019.844
Croatia,Urban,2003,2369.102
Croatia,Total,2004,4383.882
Croatia,Rural,2004,2010.143
Croatia,Urban,2004,2373.777
Croatia,Total,2005,4378.058
Croatia,Rural,2005,2000.102
Croatia,Urban,2005,2377.955
Croatia,Total,2006,4370.777
Croatia,Rural,2006,1989.394
Croatia,Urban,2006,2381.305
Croatia,Total,2007,4362.426
Croatia,Rural,2007,1978.228
Croatia,Urban,2007,2384.038
Croatia,Total,2008,4352.636
Croatia,Rural,2008,1966.449
Croatia,Urban,2008,2385.979
Croatia,Total,2009,4341.264
Croatia,Rural,2009,1954.051
Croatia,Urban,2009,2387.033
Croatia,Total,2010,4328.165
Croatia,Rural,2010,1940.974
Croatia,Urban,2010,2387.179
Croatia,Total,2011,4313.099
Croatia,Rural,2011,1927.119
Croatia,Urban,2011,2386.252
Croatia,Total,2012,4295.878
Croatia,Rural,2012,1911.684
Croatia,Urban,2012,2384.842
Croatia,Total,2013,4276.598
Croatia,Rural,2013,1894.797
Croatia,Urban,2013,2383.009
Croatia,Total,2014,4255.512
Croatia,Rural,2014,1876.612
Croatia,Urban,2014,2380.921
Croatia,Total,2015,4232.874
Croatia,Rural,2015,1857.29
Croatia,Urban,2015,2378.726
Croatia,Total,2016,4208.602
Croatia,Rural,2016,1836.858
Croatia,Urban,2016,2376.407
Croatia,Total,2017,4182.857
Croatia,Rural,2017,1815.373
Croatia,Urban,2017,2373.98
Croatia,Total,2018,4156.405
Croatia,Rural,2018,1793.077
Croatia,Urban,2018,2371.706
Cuba,Total,2000,11126.43
Cuba,Rural,2000,2751.655
Cuba,Urban,2000,8399.081
Cuba,Total,2001,11164.667
Cuba,Rural,2001,2734.588
Cuba,Urban,2001,8451.954
Cuba,Total,2002,11199.651
Cuba,Rural,2002,2716.433
Cuba,Urban,2002,8501.565
Cuba,Total,2003,11229.183
Cuba,Rural,2003,2704.756
Cuba,Urban,2003,8540.129
Cuba,Total,2004,11250.365
Cuba,Rural,2004,2699.495
Cuba,Urban,2004,8567.446
Cuba,Total,2005,11261.582
Cuba,Rural,2005,2693.118
Cuba,Urban,2005,8591.135
Cuba,Total,2006,11261.248
Cuba,Rural,2006,2685.454
Cuba,Urban,2006,8610.779
Cuba,Total,2007,11251.122
Cuba,Rural,2007,2676.725
Cuba,Urban,2007,8626.962
Cuba,Total,2008,11236.971
Cuba,Rural,2008,2667.669
Cuba,Urban,2008,8642.085
Cuba,Total,2009,11226.709
Cuba,Rural,2009,2659.312
Cuba,Urban,2009,8659.29
Cuba,Total,2010,11225.832
Cuba,Rural,2010,2652.264
Cuba,Urban,2010,8680.787
Cuba,Total,2011,11236.671
Cuba,Rural,2011,2646.885
Cuba,Urban,2011,8707.766
Cuba,Total,2012,11257.104
Cuba,Rural,2012,2642.849
Cuba,Urban,2012,8739.297
Cuba,Total,2013,11282.723
Cuba,Rural,2013,2644.532
Cuba,Urban,2013,8767.635
Cuba,Total,2014,11306.904
Cuba,Rural,2014,2647.001
Cuba,Urban,2014,8792.766
Cuba,Total,2015,11324.781
Cuba,Rural,2015,2648.084
Cuba,Urban,2015,8813.348
Cuba,Total,2016,11335.104
Cuba,Rural,2016,2647.509
Cuba,Urban,2016,8828.473
Cuba,Total,2017,11339.254
Cuba,Rural,2017,2644.108
Cuba,Urban,2017,8840.528
Cuba,Total,2018,11338.134
Cuba,Rural,2018,2638.265
Cuba,Urban,2018,8850.817
Cyprus,Total,2000,943.29
Cyprus,Rural,2000,295.736
Cyprus,Urban,2000,647.55
Cyprus,Total,2001,960.276
Cyprus,Rural,2001,299.901
Cyprus,Urban,2001,660.381
Cyprus,Total,2002,976.964
Cyprus,Rural,2002,305.847
Cyprus,Urban,2002,671.119
Cyprus,Total,2003,993.563
Cyprus,Rural,2003,312.451
Cyprus,Urban,2003,681.112
Cyprus,Total,2004,1010.408
Cyprus,Rural,2004,319.186
Cyprus,Urban,2004,691.224
Cyprus,Total,2005,1027.662
Cyprus,Rural,2005,326.096
Cyprus,Urban,2005,701.562
Cyprus,Total,2006,1045.507
Cyprus,Rural,2006,333.253
Cyprus,Urban,2006,712.256
Cyprus,Total,2007,1063.713
Cyprus,Rural,2007,340.577
Cyprus,Urban,2007,723.135
Cyprus,Total,2008,1081.563
Cyprus,Rural,2008,347.846
Cyprus,Urban,2008,733.717
Cyprus,Total,2009,1098.083
Cyprus,Rural,2009,354.733
Cyprus,Urban,2009,743.343
Cyprus,Total,2010,1112.612
Cyprus,Rural,2010,361.031
Cyprus,Urban,2010,751.576
Cyprus,Total,2011,1124.833
Cyprus,Rural,2011,366.624
Cyprus,Urban,2011,758.211
Cyprus,Total,2012,1135.046
Cyprus,Rural,2012,371.602
Cyprus,Urban,2012,763.46
Cyprus,Total,2013,1143.866
Cyprus,Rural,2013,375.923
Cyprus,Urban,2013,767.973
Cyprus,Total,2014,1152.285
Cyprus,Rural,2014,379.9
Cyprus,Urban,2014,772.409
Cyprus,Total,2015,1160.985
Cyprus,Rural,2015,383.751
Cyprus,Urban,2015,777.234
Cyprus,Total,2016,1170.187
Cyprus,Rural,2016,387.536
Cyprus,Urban,2016,782.589
Cyprus,Total,2017,1179.678
Cyprus,Rural,2017,391.192
Cyprus,Urban,2017,788.359
Cyprus,Total,2018,1189.265
Cyprus,Rural,2018,394.652
Cyprus,Urban,2018,794.433
Czechia,Total,2000,10289.373
Czechia,Rural,2000,2676.516
Czechia,Urban,2000,7613.078
Czechia,Total,2001,10271.008
Czechia,Rural,2001,2683.121
Czechia,Urban,2001,7588.083
Czechia,Total,2002,10252.261
Czechia,Rural,2002,2685.263
Czechia,Urban,2002,7567.176
Czechia,Total,2003,10239.136
Czechia,Rural,2003,2688.862
Czechia,Urban,2003,7550.415
Czechia,Total,2004,10239.439
Czechia,Rural,2004,2695.998
Czechia,Urban,2004,7543.538
Czechia,Total,2005,10258.167
Czechia,Rural,2005,2707.979
Czechia,Urban,2005,7550.197
Czechia,Total,2006,10298.614
Czechia,Rural,2006,2725.691
Czechia,Urban,2006,7572.597
Czechia,Total,2007,10357.538
Czechia,Rural,2007,2748.296
Czechia,Urban,2007,7608.29
Czechia,Total,2008,10425.266
Czechia,Rural,2008,2773.375
Czechia,Urban,2008,7650.419
Czechia,Total,2009,10488.155
Czechia,Rural,2009,2797.43
Czechia,Urban,2009,7689.415
Czechia,Total,2010,10536.518
Czechia,Rural,2010,2817.955
Czechia,Urban,2010,7718.331
Czechia,Total,2011,10566.517
Czechia,Rural,2011,2834.0
Czechia,Urban,2011,7734.715
Czechia,Total,2012,10581.293
Czechia,Rural,2012,2837.581
Czechia,Urban,2012,7749.174
Czechia,Total,2013,10586.533
Czechia,Rural,2013,2829.75
Czechia,Urban,2013,7764.731
Czechia,Total,2014,10591.108
Czechia,Rural,2014,2820.933
Czechia,Urban,2014,7777.593
Czechia,Total,2015,10601.397
Czechia,Rural,2015,2812.446
Czechia,Urban,2015,7791.316
Czechia,Total,2016,10618.857
Czechia,Rural,2016,2804.473
Czechia,Urban,2016,7806.474
Czechia,Total,2017,10641.034
Czechia,Rural,2017,2795.276
Czechia,Urban,2017,7823.027
Czechia,Total,2018,10665.677
Czechia,Rural,2018,2784.67
Czechia,Urban,2018,7840.58
Democratic People's Republic of Korea,Total,2000,22929.075
Democratic People's Republic of Korea,Rural,2000,9306.352
Democratic People's Republic of Korea,Urban,2000,13622.723
Democratic People's Republic of Korea,Total,2001,23132.98
Democratic People's Republic of Korea,Rural,2001,9370.467
Democratic People's Republic of Korea,Urban,2001,13761.343
Democratic People's Republic of Korea,Total,2002,23339.453
Democratic People's Republic of Korea,Rural,2002,9435.113
Democratic People's Republic of Korea,Urban,2002,13901.568
Democratic People's Republic of Korea,Total,2003,23542.426
Democratic People's Republic of Korea,Rural,2003,9498.234
Democratic People's Republic of Korea,Urban,2003,14040.306
Democratic People's Republic of Korea,Total,2004,23732.731
Democratic People's Republic of Korea,Rural,2004,9556.633
Democratic People's Republic of Korea,Urban,2004,14172.865
Democratic People's Republic of Korea,Total,2005,23904.167
Democratic People's Republic of Korea,Rural,2005,9608.248
Democratic People's Republic of Korea,Urban,2005,14295.919
Democratic People's Republic of Korea,Total,2006,24054.864
Democratic People's Republic of Korea,Rural,2006,9652.459
Democratic People's Republic of Korea,Urban,2006,14408.638
Democratic People's Republic of Korea,Total,2007,24188.331
Democratic People's Republic of Korea,Rural,2007,9690.536
Democratic People's Republic of Korea,Urban,2007,14512.753
Democratic People's Republic of Korea,Total,2008,24310.142
Democratic People's Republic of Korea,Rural,2008,9724.246
Democratic People's Republic of Korea,Urban,2008,14610.9
Democratic People's Republic of Korea,Total,2009,24428.341
Democratic People's Republic of Korea,Rural,2009,9737.39
Democratic People's Republic of Korea,Urban,2009,14725.631
Democratic People's Republic of Korea,Total,2010,24548.836
Democratic People's Republic of Korea,Rural,2010,9744.048
Democratic People's Republic of Korea,Urban,2010,14847.551
Democratic People's Republic of Korea,Total,2011,24673.395
Democratic People's Republic of Korea,Rural,2011,9751.147
Democratic People's Republic of Korea,Urban,2011,14971.151
Democratic People's Republic of Korea,Total,2012,24800.645
Democratic People's Republic of Korea,Rural,2012,9758.191
Democratic People's Republic of Korea,Urban,2012,15095.843
Democratic People's Republic of Korea,Total,2013,24929.497
Democratic People's Republic of Korea,Rural,2013,9765.036
Democratic People's Republic of Korea,Urban,2013,15220.94
Democratic People's Republic of Korea,Total,2014,25057.79
Democratic People's Republic of Korea,Rural,2014,9770.814
Democratic People's Republic of Korea,Urban,2014,15345.549
Democratic People's Republic of Korea,Total,2015,25183.833
Democratic People's Republic of Korea,Rural,2015,9775.101
Democratic People's Republic of Korea,Urban,2015,15468.816
Democratic People's Republic of Korea,Total,2016,25307.665
Democratic People's Republic of Korea,Rural,2016,9774.246
Democratic People's Republic of Korea,Urban,2016,15594.374
Democratic People's Republic of Korea,Total,2017,25429.825
Democratic People's Republic of Korea,Rural,2017,9768.556
Democratic People's Republic of Korea,Urban,2017,15722.409
Democratic People's Republic of Korea,Total,2018,25549.604
Democratic People's Republic of Korea,Rural,2018,9757.856
Democratic People's Republic of Korea,Urban,2018,15852.816
Democratic Republic of the Congo,Total,2000,47105.826
Democratic Republic of the Congo,Rural,2000,30542.153
Democratic Republic of the Congo,Urban,2000,16534.234
Democratic Republic of the Congo,Total,2001,48428.545
Democratic Republic of the Congo,Rural,2001,31172.281
Democratic Republic of the Congo,Urban,2001,17222.057
Democratic Republic of the Congo,Total,2002,49871.666
Democratic Republic of the Congo,Rural,2002,31867.429
Democratic Republic of the Congo,Urban,2002,17968.327
Democratic Republic of the Congo,Total,2003,51425.58
Democratic Republic of the Congo,Rural,2003,32619.349
Democratic Republic of the Congo,Urban,2003,18770.684
Democratic Republic of the Congo,Total,2004,53068.88
Democratic Republic of the Congo,Rural,2004,33411.557
Democratic Republic of the Congo,Urban,2004,19622.66
Democratic Republic of the Congo,Total,2005,54785.903
Democratic Republic of the Congo,Rural,2005,34229.993
Democratic Republic of the Congo,Urban,2005,20521.483
Democratic Republic of the Congo,Total,2006,56578.037
Democratic Republic of the Congo,Rural,2006,35072.91
Democratic Republic of the Congo,Urban,2006,21470.101
Democratic Republic of the Congo,Total,2007,58453.683
Democratic Republic of the Congo,Rural,2007,35944.533
Democratic Republic of the Congo,Urban,2007,22473.029
Democratic Republic of the Congo,Total,2008,60411.195
Democratic Republic of the Congo,Rural,2008,36842.282
Democratic Republic of the Congo,Urban,2008,23531.326
Democratic Republic of the Congo,Total,2009,62448.574
Democratic Republic of the Congo,Rural,2009,37763.464
Democratic Republic of the Congo,Urban,2009,24645.971
Democratic Republic of the Congo,Total,2010,64563.854
Democratic Republic of the Congo,Rural,2010,38705.362
Democratic Republic of the Congo,Urban,2010,25817.901
Democratic Republic of the Congo,Total,2011,66755.153
Democratic Republic of the Congo,Rural,2011,39665.446
Democratic Republic of the Congo,Urban,2011,27048.151
Democratic Republic of the Congo,Total,2012,69020.747
Democratic Republic of the Congo,Rural,2012,40641.055
Democratic Republic of the Congo,Urban,2012,28337.627
Democratic Republic of the Congo,Total,2013,71358.807
Democratic Republic of the Congo,Rural,2013,41629.125
Democratic Republic of the Congo,Urban,2013,29686.908
Democratic Republic of the Congo,Total,2014,73767.447
Democratic Republic of the Congo,Rural,2014,42626.472
Democratic Republic of the Congo,Urban,2014,31096.388
Democratic Republic of the Congo,Total,2015,76244.544
Democratic Republic of the Congo,Rural,2015,43630.111
Democratic Republic of the Congo,Urban,2015,32566.508
Democratic Republic of the Congo,Total,2016,78789.127
Democratic Republic of the Congo,Rural,2016,44637.912
Democratic Republic of the Congo,Urban,2016,34098.241
Democratic Republic of the Congo,Total,2017,81398.764
Democratic Republic of the Congo,Rural,2017,45647.604
Democratic Republic of the Congo,Urban,2017,35692.384
Democratic Republic of the Congo,Total,2018,84068.091
Democratic Republic of the Congo,Rural,2018,46656.05
Democratic Republic of the Congo,Urban,2018,37348.939
Denmark,Total,2000,5341.194
Denmark,Rural,2000,795.838
Denmark,Urban,2000,4545.356
Denmark,Total,2001,5358.062
Denmark,Rural,2001,795.683
Denmark,Urban,2001,4562.379
Denmark,Total,2002,5372.801
Denmark,Rural,2002,792.499
Denmark,Urban,2002,4580.302
Denmark,Total,2003,5386.968
Denmark,Rural,2003,788.673
Denmark,Urban,2003,4598.295
Denmark,Total,2004,5402.761
Denmark,Rural,2004,779.832
Denmark,Urban,2004,4622.929
Denmark,Total,2005,5421.702
Denmark,Rural,2005,766.864
Denmark,Urban,2005,4654.838
Denmark,Total,2006,5444.286
Denmark,Rural,2006,756.876
Denmark,Urban,2006,4687.427
Denmark,Total,2007,5469.921
Denmark,Rural,2007,749.746
Denmark,Urban,2007,4720.211
Denmark,Total,2008,5497.729
Denmark,Rural,2008,742.924
Denmark,Urban,2008,4754.871
Denmark,Total,2009,5526.388
Denmark,Rural,2009,737.584
Denmark,Urban,2009,4788.863
Denmark,Total,2010,5554.844
Denmark,Rural,2010,733.539
Denmark,Urban,2010,4821.305
Denmark,Total,2011,5582.978
Denmark,Rural,2011,728.151
Denmark,Urban,2011,4854.722
Denmark,Total,2012,5610.903
Denmark,Rural,2012,721.427
Denmark,Urban,2012,4889.233
Denmark,Total,2013,5638.145
Denmark,Rural,2013,716.44
Denmark,Urban,2013,4921.377
Denmark,Total,2014,5664.196
Denmark,Rural,2014,713.1
Denmark,Urban,2014,4950.814
Denmark,Total,2015,5688.695
Denmark,Rural,2015,709.587
Denmark,Urban,2015,4979.108
Denmark,Total,2016,5711.349
Denmark,Rural,2016,705.862
Denmark,Urban,2016,5006.008
Denmark,Total,2017,5732.274
Denmark,Rural,2017,701.971
Denmark,Urban,2017,5031.58
Denmark,Total,2018,5752.126
Denmark,Rural,2018,697.769
Denmark,Urban,2018,5056.587
Djibouti,Total,2000,717.584
Djibouti,Rural,2000,168.406
Djibouti,Urban,2000,549.178
Djibouti,Total,2001,733.015
Djibouti,Rural,2001,171.618
Djibouti,Urban,2001,561.093
Djibouti,Total,2002,746.942
Djibouti,Rural,2002,174.439
Djibouti,Urban,2002,571.782
Djibouti,Total,2003,759.641
Djibouti,Rural,2003,176.988
Djibouti,Urban,2003,581.627
Djibouti,Total,2004,771.603
Djibouti,Rural,2004,179.465
Djibouti,Urban,2004,591.287
Djibouti,Total,2005,783.254
Djibouti,Rural,2005,182.018
Djibouti,Urban,2005,601.236
Djibouti,Total,2006,794.563
Djibouti,Rural,2006,184.663
Djibouti,Urban,2006,611.545
Djibouti,Total,2007,805.451
Djibouti,Rural,2007,187.353
Djibouti,Urban,2007,622.049
Djibouti,Total,2008,816.358
Djibouti,Rural,2008,190.109
Djibouti,Urban,2008,632.825
Djibouti,Total,2009,827.823
Djibouti,Rural,2009,192.941
Djibouti,Urban,2009,643.899
Djibouti,Total,2010,840.198
Djibouti,Rural,2010,195.77
Djibouti,Urban,2010,655.376
Djibouti,Total,2011,853.674
Djibouti,Rural,2011,198.612
Djibouti,Urban,2011,667.325
Djibouti,Total,2012,868.137
Djibouti,Rural,2012,201.456
Djibouti,Urban,2012,679.729
Djibouti,Total,2013,883.293
Djibouti,Rural,2013,204.251
Djibouti,Urban,2013,692.437
Djibouti,Total,2014,898.695
Djibouti,Rural,2014,206.929
Djibouti,Urban,2014,705.235
Djibouti,Total,2015,913.993
Djibouti,Rural,2015,209.442
Djibouti,Urban,2015,717.972
Djibouti,Total,2016,929.112
Djibouti,Rural,2016,211.764
Djibouti,Urban,2016,730.569
Djibouti,Total,2017,944.099
Djibouti,Rural,2017,213.906
Djibouti,Urban,2017,743.079
Djibouti,Total,2018,958.923
Djibouti,Rural,2018,215.875
Djibouti,Urban,2018,755.533
Dominica,Total,2000,69.65
Dominica,Rural,2000,24.202
Dominica,Urban,2000,45.474
Dominica,Total,2001,69.661
Dominica,Rural,2001,24.118
Dominica,Urban,2001,45.552
Dominica,Total,2002,69.837
Dominica,Rural,2002,23.957
Dominica,Urban,2002,45.867
Dominica,Total,2003,70.1
Dominica,Rural,2003,23.836
Dominica,Urban,2003,46.257
Dominica,Total,2004,70.382
Dominica,Rural,2004,23.719
Dominica,Urban,2004,46.66
Dominica,Total,2005,70.589
Dominica,Rural,2005,23.589
Dominica,Urban,2005,47.038
Dominica,Total,2006,70.718
Dominica,Rural,2006,23.435
Dominica,Urban,2006,47.372
Dominica,Total,2007,70.795
Dominica,Rural,2007,23.27
Dominica,Urban,2007,47.68
Dominica,Total,2008,70.827
Dominica,Rural,2008,23.098
Dominica,Urban,2008,47.976
Dominica,Total,2009,70.851
Dominica,Rural,2009,22.937
Dominica,Urban,2009,48.292
Dominica,Total,2010,70.878
Dominica,Rural,2010,22.793
Dominica,Urban,2010,48.647
Dominica,Total,2011,70.916
Dominica,Rural,2011,22.671
Dominica,Urban,2011,49.047
Dominica,Total,2012,70.965
Dominica,Rural,2012,22.561
Dominica,Urban,2012,49.483
Dominica,Total,2013,71.016
Dominica,Rural,2013,22.457
Dominica,Urban,2013,49.943
Dominica,Total,2014,71.085
Dominica,Rural,2014,22.358
Dominica,Urban,2014,50.42
Dominica,Total,2015,71.183
Dominica,Rural,2015,22.256
Dominica,Urban,2015,50.906
Dominica,Total,2016,71.307
Dominica,Rural,2016,22.151
Dominica,Urban,2016,51.392
Dominica,Total,2017,71.458
Dominica,Rural,2017,22.044
Dominica,Urban,2017,51.881
Dominica,Total,2018,71.625
Dominica,Rural,2018,21.933
Dominica,Urban,2018,52.375
Dominican Republic,Total,2000,8471.321
Dominican Republic,Rural,2000,3274.904
Dominican Republic,Urban,2000,5287.718
Dominican Republic,Total,2001,8598.601
Dominican Republic,Rural,2001,3255.76
Dominican Republic,Urban,2001,5441.366
Dominican Republic,Total,2002,8724.975
Dominican Republic,Rural,2002,3235.194
Dominican Republic,Urban,2002,5597.091
Dominican Republic,Total,2003,8850.317
Dominican Republic,Rural,2003,3174.168
Dominican Republic,Urban,2003,5793.592
Dominican Republic,Total,2004,8974.444
Dominican Republic,Rural,2004,3094.744
Dominican Republic,Urban,2004,6008.254
Dominican Republic,Total,2005,9097.257
Dominican Republic,Rural,2005,3014.191
Dominican Republic,Urban,2005,6223.375
Dominican Republic,Total,2006,9218.686
Dominican Republic,Rural,2006,2932.247
Dominican Republic,Urban,2006,6439.091
Dominican Republic,Total,2007,9338.861
Dominican Republic,Rural,2007,2849.396
Dominican Republic,Urban,2007,6654.957
Dominican Republic,Total,2008,9458.075
Dominican Republic,Rural,2008,2765.725
Dominican Republic,Urban,2008,6870.795
Dominican Republic,Total,2009,9576.737
Dominican Republic,Rural,2009,2681.99
Dominican Republic,Urban,2009,7085.768
Dominican Republic,Total,2010,9695.121
Dominican Republic,Rural,2010,2597.931
Dominican Republic,Urban,2010,7300.054
Dominican Republic,Total,2011,9813.211
Dominican Republic,Rural,2011,2524.085
Dominican Republic,Urban,2011,7503.01
Dominican Republic,Total,2012,9930.916
Dominican Republic,Rural,2012,2457.254
Dominican Republic,Urban,2012,7697.696
Dominican Republic,Total,2013,10048.232
Dominican Republic,Rural,2013,2390.521
Dominican Republic,Urban,2013,7890.775
Dominican Republic,Total,2014,10165.183
Dominican Republic,Rural,2014,2323.582
Dominican Republic,Urban,2014,8082.262
Dominican Republic,Total,2015,10281.68
Dominican Republic,Rural,2015,2256.692
Dominican Republic,Urban,2015,8271.702
Dominican Republic,Total,2016,10397.741
Dominican Republic,Rural,2016,2189.85
Dominican Republic,Urban,2016,8458.941
Dominican Republic,Total,2017,10513.104
Dominican Republic,Rural,2017,2123.575
Dominican Republic,Urban,2017,8643.423
Dominican Republic,Total,2018,10627.141
Dominican Republic,Rural,2018,2059.693
Dominican Republic,Urban,2018,8823.303
Ecuador,Total,2000,12681.123
Ecuador,Rural,2000,5013.641
Ecuador,Urban,2000,7614.955
Ecuador,Total,2001,12914.667
Ecuador,Rural,2001,5038.399
Ecuador,Urban,2001,7814.356
Ecuador,Total,2002,13143.465
Ecuador,Rural,2002,5082.637
Ecuador,Urban,2002,7989.423
Ecuador,Total,2003,13369.678
Ecuador,Rural,2003,5140.934
Ecuador,Urban,2003,8148.667
Ecuador,Total,2004,13596.388
Ecuador,Rural,2004,5199.348
Ecuador,Urban,2004,8310.299
Ecuador,Total,2005,13825.847
Ecuador,Rural,2005,5259.14
Ecuador,Urban,2005,8476.093
Ecuador,Total,2006,14059.384
Ecuador,Rural,2006,5320.597
Ecuador,Urban,2006,8646.883
Ecuador,Total,2007,14296.557
Ecuador,Rural,2007,5383.366
Ecuador,Urban,2007,8822.087
Ecuador,Total,2008,14535.739
Ecuador,Rural,2008,5446.778
Ecuador,Urban,2008,9000.784
Ecuador,Total,2009,14774.424
Ecuador,Rural,2009,5509.98
Ecuador,Urban,2009,9181.295
Ecuador,Total,2010,15011.117
Ecuador,Rural,2010,5572.14
Ecuador,Urban,2010,9362.55
Ecuador,Total,2011,15243.884
Ecuador,Rural,2011,5638.262
Ecuador,Urban,2011,9539.093
Ecuador,Total,2012,15474.101
Ecuador,Rural,2012,5707.115
Ecuador,Urban,2012,9712.551
Ecuador,Total,2013,15707.474
Ecuador,Rural,2013,5775.237
Ecuador,Urban,2013,9886.31
Ecuador,Total,2014,15951.84
Ecuador,Rural,2014,5842.585
Ecuador,Urban,2014,10060.527
Ecuador,Total,2015,16212.02
Ecuador,Rural,2015,5909.194
Ecuador,Urban,2015,10235.174
Ecuador,Total,2016,16491.116
Ecuador,Rural,2016,5974.947
Ecuador,Urban,2016,10410.121
Ecuador,Total,2017,16785.361
Ecuador,Rural,2017,6039.811
Ecuador,Urban,2017,10585.047
Ecuador,Total,2018,17084.358
Ecuador,Rural,2018,6101.055
Ecuador,Urban,2018,10762.37
Egypt,Total,2000,68831.561
Egypt,Rural,2000,39988.667
Egypt,Urban,2000,29917.321
Egypt,Total,2001,70152.661
Egypt,Rural,2001,40711.513
Egypt,Urban,2001,30515.427
Egypt,Total,2002,71485.043
Egypt,Rural,2002,41457.204
Egypt,Urban,2002,31132.914
Egypt,Total,2003,72826.097
Egypt,Rural,2003,42217.976
Egypt,Urban,2003,31763.966
Egypt,Total,2004,74172.073
Egypt,Rural,2004,42982.044
Egypt,Urban,2004,32399.855
Egypt,Total,2005,75523.569
Egypt,Rural,2005,43742.795
Egypt,Urban,2005,33035.354
Egypt,Total,2006,76873.663
Egypt,Rural,2006,44493.461
Egypt,Urban,2006,33665.587
Egypt,Total,2007,78232.126
Egypt,Rural,2007,45274.468
Egypt,Urban,2007,34262.785
Egypt,Total,2008,79636.079
Egypt,Rural,2008,46096.587
Egypt,Urban,2008,34857.294
Egypt,Total,2009,81134.798
Egypt,Rural,2009,46973.046
Egypt,Urban,2009,35491.976
Egypt,Total,2010,82761.235
Egypt,Rural,2010,47925.009
Egypt,Urban,2010,36182.597
Egypt,Total,2011,84529.252
Egypt,Rural,2011,48961.61
Egypt,Urban,2011,36935.951
Egypt,Total,2012,86422.243
Egypt,Rural,2012,50100.764
Egypt,Urban,2012,37712.493
Egypt,Total,2013,88404.646
Egypt,Rural,2013,51286.648
Egypt,Urban,2013,38520.785
Egypt,Total,2014,90424.656
Egypt,Rural,2014,52480.985
Egypt,Urban,2014,39331.581
Egypt,Total,2015,92442.547
Egypt,Rural,2015,53654.843
Egypt,Urban,2015,40123.329
Egypt,Total,2016,94447.073
Egypt,Rural,2016,54799.311
Egypt,Urban,2016,40889.37
Egypt,Total,2017,96442.591
Egypt,Rural,2017,55893.406
Egypt,Urban,2017,41659.745
Egypt,Total,2018,98423.598
Egypt,Rural,2018,56938.212
Egypt,Urban,2018,42437.529
El Salvador,Total,2000,5887.936
El Salvador,Rural,2000,2410.885
El Salvador,Urban,2000,3456.741
El Salvador,Total,2001,5927.006
El Salvador,Rural,2001,2394.061
El Salvador,Urban,2001,3511.901
El Salvador,Total,2002,5962.136
El Salvador,Rural,2002,2375.312
El Salvador,Urban,2002,3564.991
El Salvador,Total,2003,5994.077
El Salvador,Rural,2003,2355.11
El Salvador,Urban,2003,3616.425
El Salvador,Total,2004,6023.797
El Salvador,Rural,2004,2333.904
El Salvador,Urban,2004,3666.871
El Salvador,Total,2005,6052.123
El Salvador,Rural,2005,2312.232
El Salvador,Urban,2005,3716.729
El Salvador,Total,2006,6079.399
El Salvador,Rural,2006,2290.13
El Salvador,Urban,2006,3766.348
El Salvador,Total,2007,6105.81
El Salvador,Rural,2007,2264.614
El Salvador,Urban,2007,3818.861
El Salvador,Total,2008,6131.764
El Salvador,Rural,2008,2219.385
El Salvador,Urban,2008,3890.916
El Salvador,Total,2009,6157.686
El Salvador,Rural,2009,2174.461
El Salvador,Urban,2009,3962.815
El Salvador,Total,2010,6183.875
El Salvador,Rural,2010,2129.728
El Salvador,Urban,2010,4034.898
El Salvador,Total,2011,6210.568
El Salvador,Rural,2011,2085.36
El Salvador,Urban,2011,4107.2
El Salvador,Total,2012,6237.923
El Salvador,Rural,2012,2041.361
El Salvador,Urban,2012,4179.885
El Salvador,Total,2013,6266.07
El Salvador,Rural,2013,1997.999
El Salvador,Urban,2013,4252.778
El Salvador,Total,2014,6295.128
El Salvador,Rural,2014,1955.077
El Salvador,Urban,2014,4326.112
El Salvador,Total,2015,6325.124
El Salvador,Rural,2015,1912.681
El Salvador,Urban,2015,4399.797
El Salvador,Total,2016,6356.143
El Salvador,Rural,2016,1871.635
El Salvador,Urban,2016,4473.087
El Salvador,Total,2017,6388.126
El Salvador,Rural,2017,1832.049
El Salvador,Urban,2017,4545.804
El Salvador,Total,2018,6420.746
El Salvador,Rural,2018,1793.751
El Salvador,Urban,2018,4617.807
Equatorial Guinea,Total,2000,606.181
Equatorial Guinea,Rural,2000,312.737
Equatorial Guinea,Urban,2000,301.586
Equatorial Guinea,Total,2001,631.666
Equatorial Guinea,Rural,2001,314.556
Equatorial Guinea,Urban,2001,325.206
Equatorial Guinea,Total,2002,658.384
Equatorial Guinea,Rural,2002,316.058
Equatorial Guinea,Urban,2002,350.349
Equatorial Guinea,Total,2003,686.664
Equatorial Guinea,Rural,2003,317.389
Equatorial Guinea,Urban,2003,377.222
Equatorial Guinea,Total,2004,716.949
Equatorial Guinea,Rural,2004,318.68
Equatorial Guinea,Urban,2004,406.137
Equatorial Guinea,Total,2005,749.535
Equatorial Guinea,Rural,2005,320.042
Equatorial Guinea,Urban,2005,437.275
Equatorial Guinea,Total,2006,784.496
Equatorial Guinea,Rural,2006,321.395
Equatorial Guinea,Urban,2006,470.822
Equatorial Guinea,Total,2007,821.687
Equatorial Guinea,Rural,2007,322.609
Equatorial Guinea,Urban,2007,506.718
Equatorial Guinea,Total,2008,860.84
Equatorial Guinea,Rural,2008,323.525
Equatorial Guinea,Urban,2008,544.893
Equatorial Guinea,Total,2009,901.599
Equatorial Guinea,Rural,2009,324.029
Equatorial Guinea,Urban,2009,585.082
Equatorial Guinea,Total,2010,943.639
Equatorial Guinea,Rural,2010,323.947
Equatorial Guinea,Urban,2010,627.157
Equatorial Guinea,Total,2011,986.853
Equatorial Guinea,Rural,2011,323.268
Equatorial Guinea,Urban,2011,671.022
Equatorial Guinea,Total,2012,1031.191
Equatorial Guinea,Rural,2012,321.964
Equatorial Guinea,Urban,2012,716.629
Equatorial Guinea,Total,2013,1076.413
Equatorial Guinea,Rural,2013,330.07
Equatorial Guinea,Urban,2013,753.676
Equatorial Guinea,Total,2014,1122.277
Equatorial Guinea,Rural,2014,337.895
Equatorial Guinea,Urban,2014,791.529
Equatorial Guinea,Total,2015,1168.568
Equatorial Guinea,Rural,2015,345.376
Equatorial Guinea,Urban,2015,830.013
Equatorial Guinea,Total,2016,1215.18
Equatorial Guinea,Rural,2016,352.55
Equatorial Guinea,Urban,2016,868.94
Equatorial Guinea,Total,2017,1262.002
Equatorial Guinea,Rural,2017,359.435
Equatorial Guinea,Urban,2017,908.254
Equatorial Guinea,Total,2018,1308.975
Equatorial Guinea,Rural,2018,366.013
Equatorial Guinea,Urban,2018,947.881
Eritrea,Total,2000,2292.416
Eritrea,Rural,2000,2490.747
Eritrea,Urban,2000,902.054
Eritrea,Total,2001,2374.722
Eritrea,Rural,2001,2537.002
Eritrea,Urban,2001,960.122
Eritrea,Total,2002,2481.058
Eritrea,Rural,2002,2590.231
Eritrea,Urban,2002,1024.408
Eritrea,Total,2003,2600.973
Eritrea,Rural,2003,2645.064
Eritrea,Urban,2003,1093.201
Eritrea,Total,2004,2719.803
Eritrea,Rural,2004,2694.69
Eritrea,Urban,2004,1163.933
Eritrea,Total,2005,2826.659
Eritrea,Rural,2005,2734.684
Eritrea,Urban,2005,1234.323
Eritrea,Total,2006,2918.205
Eritrea,Rural,2006,2763.263
Eritrea,Urban,2006,1303.385
Eritrea,Total,2007,2996.536
Eritrea,Rural,2007,2782.012
Eritrea,Urban,2007,1371.32
Eritrea,Total,2008,3062.779
Eritrea,Rural,2008,2793.54
Eritrea,Urban,2008,1439.096
Eritrea,Total,2009,3119.92
Eritrea,Rural,2009,2819.613
Eritrea,Urban,2009,1490.721
Eritrea,Total,2010,3170.435
Eritrea,Rural,2010,2846.355
Eritrea,Urban,2010,1544.485
Eritrea,Total,2011,3213.972
Eritrea,Rural,2011,2874.045
Eritrea,Urban,2011,1600.645
Eritrea,Total,2012,3250.1
Eritrea,Rural,2012,2902.04
Eritrea,Urban,2012,1658.937
Eritrea,Total,2013,3281.449
Eritrea,Rural,2013,2931.111
Eritrea,Urban,2013,1719.887
Eritrea,Total,2014,3311.449
Eritrea,Rural,2014,2961.994
Eritrea,Urban,2014,1784.051
Eritrea,Total,2015,3342.818
Eritrea,Rural,2015,2995.125
Eritrea,Urban,2015,1851.851
Eritrea,Total,2016,3376.557
Eritrea,Rural,2016,3030.917
Eritrea,Urban,2016,1923.728
Eritrea,Total,2017,3412.893
Eritrea,Rural,2017,3069.11
Eritrea,Urban,2017,1999.721
Eritrea,Total,2018,3452.786
Eritrea,Rural,2018,3108.634
Eritrea,Urban,2018,2079.314
Estonia,Total,2000,1399.112
Estonia,Rural,2000,428.571
Estonia,Urban,2000,970.541
Estonia,Total,2001,1391.73
Estonia,Rural,2001,428.064
Estonia,Urban,2001,963.665
Estonia,Total,2002,1382.732
Estonia,Rural,2002,427.045
Estonia,Urban,2002,955.687
Estonia,Total,2003,1372.909
Estonia,Rural,2003,425.752
Estonia,Urban,2003,947.157
Estonia,Total,2004,1363.565
Estonia,Rural,2004,424.589
Estonia,Urban,2004,938.976
Estonia,Total,2005,1355.648
Estonia,Rural,2005,423.848
Estonia,Urban,2005,931.8
Estonia,Total,2006,1349.363
Estonia,Rural,2006,423.584
Estonia,Urban,2006,925.713
Estonia,Total,2007,1344.296
Estonia,Rural,2007,423.663
Estonia,Urban,2007,920.409
Estonia,Total,2008,1340.073
Estonia,Rural,2008,424.008
Estonia,Urban,2008,915.704
Estonia,Total,2009,1336.135
Estonia,Rural,2009,424.493
Estonia,Urban,2009,911.337
Estonia,Total,2010,1332.101
Estonia,Rural,2010,425.023
Estonia,Urban,2010,907.079
Estonia,Total,2011,1327.709
Estonia,Rural,2011,425.571
Estonia,Urban,2011,902.878
Estonia,Total,2012,1323.159
Estonia,Rural,2012,424.323
Estonia,Urban,2012,900.611
Estonia,Total,2013,1319.062
Estonia,Rural,2013,421.292
Estonia,Urban,2013,900.268
Estonia,Total,2014,1316.277
Estonia,Rural,2014,418.329
Estonia,Urban,2014,900.03
Estonia,Total,2015,1315.325
Estonia,Rural,2015,415.431
Estonia,Urban,2015,899.89
Estonia,Total,2016,1316.51
Estonia,Rural,2016,412.594
Estonia,Urban,2016,899.848
Estonia,Total,2017,1319.39
Estonia,Rural,2017,409.687
Estonia,Urban,2017,899.945
Estonia,Total,2018,1322.92
Estonia,Rural,2018,406.671
Estonia,Urban,2018,900.117
Eswatini,Total,2000,1005.435
Eswatini,Rural,2000,820.663
Eswatini,Urban,2000,240.805
Eswatini,Total,2001,1013.609
Eswatini,Rural,2001,830.923
Eswatini,Urban,2001,242.004
Eswatini,Total,2002,1019.059
Eswatini,Rural,2002,838.528
Eswatini,Urban,2002,242.402
Eswatini,Total,2003,1022.802
Eswatini,Rural,2003,844.95
Eswatini,Urban,2003,242.442
Eswatini,Total,2004,1026.286
Eswatini,Rural,2004,852.319
Eswatini,Urban,2004,242.734
Eswatini,Total,2005,1030.579
Eswatini,Rural,2005,862.16
Eswatini,Urban,2005,243.713
Eswatini,Total,2006,1036.092
Eswatini,Rural,2006,875.009
Eswatini,Urban,2006,245.505
Eswatini,Total,2007,1042.652
Eswatini,Rural,2007,889.921
Eswatini,Urban,2007,248.513
Eswatini,Total,2008,1049.945
Eswatini,Rural,2008,903.417
Eswatini,Urban,2008,255.48
Eswatini,Total,2009,1057.467
Eswatini,Rural,2009,917.837
Eswatini,Urban,2009,262.838
Eswatini,Total,2010,1064.837
Eswatini,Rural,2010,932.443
Eswatini,Urban,2010,270.4
Eswatini,Total,2011,1072.033
Eswatini,Rural,2011,947.124
Eswatini,Urban,2011,278.134
Eswatini,Total,2012,1079.288
Eswatini,Rural,2012,962.964
Eswatini,Urban,2012,285.194
Eswatini,Total,2013,1086.843
Eswatini,Rural,2013,979.039
Eswatini,Urban,2013,292.417
Eswatini,Total,2014,1095.019
Eswatini,Rural,2014,995.295
Eswatini,Urban,2014,299.802
Eswatini,Total,2015,1104.044
Eswatini,Rural,2015,1011.681
Eswatini,Urban,2015,307.33
Eswatini,Total,2016,1113.997
Eswatini,Rural,2016,1028.023
Eswatini,Urban,2016,315.075
Eswatini,Total,2017,1124.805
Eswatini,Rural,2017,1044.238
Eswatini,Urban,2017,323.016
Eswatini,Total,2018,1136.281
Eswatini,Rural,2018,1060.246
Eswatini,Urban,2018,331.139
Ethiopia,Total,2000,66224.804
Ethiopia,Rural,2000,56730.042
Ethiopia,Urban,2000,9807.289
Ethiopia,Total,2001,68159.423
Ethiopia,Rural,2001,58268.076
Ethiopia,Urban,2001,10224.181
Ethiopia,Total,2002,70142.091
Ethiopia,Rural,2002,59839.634
Ethiopia,Urban,2002,10657.558
Ethiopia,Total,2003,72170.584
Ethiopia,Rural,2003,61438.556
Ethiopia,Urban,2003,11106.588
Ethiopia,Total,2004,74239.505
Ethiopia,Rural,2004,63054.369
Ethiopia,Urban,2004,11570.036
Ethiopia,Total,2005,76346.311
Ethiopia,Rural,2005,64680.71
Ethiopia,Urban,2005,12046.373
Ethiopia,Total,2006,78489.206
Ethiopia,Rural,2006,66314.612
Ethiopia,Urban,2006,12536.077
Ethiopia,Total,2007,80674.348
Ethiopia,Rural,2007,67946.189
Ethiopia,Urban,2007,13054.22
Ethiopia,Total,2008,82916.235
Ethiopia,Rural,2008,69451.069
Ethiopia,Urban,2008,13733.823
Ethiopia,Total,2009,85233.913
Ethiopia,Rural,2009,70972.092
Ethiopia,Urban,2009,14444.161
Ethiopia,Total,2010,87639.964
Ethiopia,Rural,2010,72513.53
Ethiopia,Urban,2010,15189.14
Ethiopia,Total,2011,90139.929
Ethiopia,Rural,2011,74076.738
Ethiopia,Urban,2011,15970.018
Ethiopia,Total,2012,92726.985
Ethiopia,Rural,2012,75656.319
Ethiopia,Urban,2012,16787.864
Ethiopia,Total,2013,95385.798
Ethiopia,Rural,2013,77262.426
Ethiopia,Urban,2013,17625.298
Ethiopia,Total,2014,98094.265
Ethiopia,Rural,2014,78869.363
Ethiopia,Urban,2014,18497.411
Ethiopia,Total,2015,100835.458
Ethiopia,Rural,2015,80469.946
Ethiopia,Urban,2015,19403.087
Ethiopia,Total,2016,103603.462
Ethiopia,Rural,2016,82059.981
Ethiopia,Urban,2016,20343.215
Ethiopia,Total,2017,106399.924
Ethiopia,Rural,2017,83640.582
Ethiopia,Urban,2017,21316.856
Ethiopia,Total,2018,109224.414
Ethiopia,Rural,2018,85207.113
Ethiopia,Urban,2018,22327.769
Fiji,Total,2000,811.006
Fiji,Rural,2000,422.583
Fiji,Urban,2000,388.64
Fiji,Total,2001,813.925
Fiji,Rural,2001,420.952
Fiji,Urban,2001,393.266
Fiji,Total,2002,815.257
Fiji,Rural,2002,418.511
Fiji,Urban,2002,397.18
Fiji,Total,2003,816.076
Fiji,Rural,2003,415.784
Fiji,Urban,2003,400.844
Fiji,Total,2004,817.86
Fiji,Rural,2004,413.443
Fiji,Urban,2004,404.911
Fiji,Total,2005,821.604
Fiji,Rural,2005,411.967
Fiji,Urban,2005,409.85
Fiji,Total,2006,827.87
Fiji,Rural,2006,411.52
Fiji,Urban,2006,415.891
Fiji,Total,2007,836.19
Fiji,Rural,2007,411.92
Fiji,Urban,2007,422.892
Fiji,Total,2008,845.361
Fiji,Rural,2008,412.007
Fiji,Urban,2008,431.333
Fiji,Total,2009,853.637
Fiji,Rural,2009,411.856
Fiji,Urban,2009,440.111
Fiji,Total,2010,859.818
Fiji,Rural,2010,411.306
Fiji,Urban,2010,448.644
Fiji,Total,2011,863.449
Fiji,Rural,2011,410.276
Fiji,Urban,2011,456.81
Fiji,Total,2012,865.069
Fiji,Rural,2012,408.88
Fiji,Urban,2012,464.716
Fiji,Total,2013,865.608
Fiji,Rural,2013,407.254
Fiji,Urban,2013,472.461
Fiji,Total,2014,866.453
Fiji,Rural,2014,405.553
Fiji,Urban,2014,480.253
Fiji,Total,2015,868.627
Fiji,Rural,2015,403.912
Fiji,Urban,2015,488.237
Fiji,Total,2016,872.399
Fiji,Rural,2016,402.329
Fiji,Urban,2016,496.431
Fiji,Total,2017,877.459
Fiji,Rural,2017,400.76
Fiji,Urban,2017,504.742
Fiji,Total,2018,883.483
Fiji,Rural,2018,399.125
Fiji,Urban,2018,513.116
Finland,Total,2000,5187.954
Finland,Rural,2000,924.351
Finland,Urban,2000,4263.603
Finland,Total,2001,5200.477
Finland,Rural,2001,916.956
Finland,Urban,2001,4283.523
Finland,Total,2002,5213.366
Finland,Rural,2002,912.167
Finland,Urban,2002,4301.206
Finland,Total,2003,5227.093
Finland,Rural,2003,907.532
Finland,Urban,2003,4319.571
Finland,Total,2004,5242.17
Finland,Rural,2004,903.126
Finland,Urban,2004,4339.059
Finland,Total,2005,5258.927
Finland,Rural,2005,899.025
Finland,Urban,2005,4359.902
Finland,Total,2006,5277.491
Finland,Rural,2006,895.236
Finland,Urban,2006,4382.334
Finland,Total,2007,5297.739
Finland,Rural,2007,891.744
Finland,Urban,2007,4406.27
Finland,Total,2008,5319.449
Finland,Rural,2008,888.472
Finland,Urban,2008,4431.43
Finland,Total,2009,5342.262
Finland,Rural,2009,885.348
Finland,Urban,2009,4457.298
Finland,Total,2010,5365.782
Finland,Rural,2010,870.88
Finland,Urban,2010,4494.902
Finland,Total,2011,5390.038
Finland,Rural,2011,845.427
Finland,Urban,2011,4543.815
Finland,Total,2012,5414.77
Finland,Rural,2012,820.527
Finland,Urban,2012,4592.453
Finland,Total,2013,5438.982
Finland,Rural,2013,808.694
Finland,Urban,2013,4627.922
Finland,Total,2014,5461.411
Finland,Rural,2014,809.393
Finland,Urban,2014,4650.324
Finland,Total,2015,5481.122
Finland,Rural,2015,809.95
Finland,Urban,2015,4672.016
Finland,Total,2016,5497.713
Finland,Rural,2016,810.329
Finland,Urban,2016,4692.803
Finland,Total,2017,5511.371
Finland,Rural,2017,810.547
Finland,Urban,2017,4712.684
Finland,Total,2018,5522.576
Finland,Rural,2018,810.217
Finland,Urban,2018,4732.3
France,Total,2000,59015.096
France,Rural,2000,14382.604
France,Urban,2000,45225.597
France,Total,2001,59384.132
France,Rural,2001,14302.809
France,Urban,2001,45608.443
France,Total,2002,59803.441
France,Rural,2002,14224.922
France,Urban,2002,46000.154
France,Total,2003,60251.588
France,Rural,2003,14149.19
France,Urban,2003,46400.907
France,Total,2004,60697.981
France,Rural,2004,14075.407
France,Urban,2004,46811.2
France,Total,2005,61120.127
France,Rural,2005,14003.975
France,Urban,2005,47229.925
France,Total,2006,61508.926
France,Rural,2006,13934.413
France,Urban,2006,47658.471
France,Total,2007,61869.227
France,Rural,2007,13866.281
France,Urban,2007,48094.669
France,Total,2008,62209.207
France,Rural,2008,13794.705
France,Urban,2008,48534.862
France,Total,2009,62542.9
France,Rural,2009,13717.697
France,Urban,2009,48969.824
France,Total,2010,62879.53
France,Rural,2010,13633.442
France,Urban,2010,49393.298
France,Total,2011,63222.227
France,Rural,2011,13541.366
France,Urban,2011,49802.211
France,Total,2012,63564.221
France,Rural,2012,13442.096
France,Urban,2012,50197.777
France,Total,2013,63893.525
France,Rural,2013,13336.757
France,Urban,2013,50583.16
France,Total,2014,64193.55
France,Rural,2014,13226.977
France,Urban,2014,50963.661
France,Total,2015,64453.2
France,Rural,2015,13113.96
France,Urban,2015,51343.241
France,Total,2016,64667.596
France,Rural,2016,12998.038
France,Urban,2016,51722.652
France,Total,2017,64842.509
France,Rural,2017,12879.012
France,Urban,2017,52100.536
France,Total,2018,64990.511
France,Rural,2018,12756.906
France,Urban,2018,52476.365
Gabon,Total,2000,1228.36
Gabon,Rural,2000,260.031
Gabon,Urban,2000,971.091
Gabon,Total,2001,1258.003
Gabon,Rural,2001,257.087
Gabon,Urban,2001,1005.172
Gabon,Total,2002,1288.315
Gabon,Rural,2002,254.12
Gabon,Urban,2002,1040.289
Gabon,Total,2003,1319.953
Gabon,Rural,2003,251.249
Gabon,Urban,2003,1076.897
Gabon,Total,2004,1353.795
Gabon,Rural,2004,248.58
Gabon,Urban,2004,1115.625
Gabon,Total,2005,1390.549
Gabon,Rural,2005,246.218
Gabon,Urban,2005,1156.908
Gabon,Total,2006,1430.152
Gabon,Rural,2006,244.076
Gabon,Urban,2006,1200.768
Gabon,Total,2007,1472.575
Gabon,Rural,2007,242.107
Gabon,Urban,2007,1247.086
Gabon,Total,2008,1518.54
Gabon,Rural,2008,240.309
Gabon,Urban,2008,1296.102
Gabon,Total,2009,1568.928
Gabon,Rural,2009,238.727
Gabon,Urban,2009,1348.027
Gabon,Total,2010,1624.14
Gabon,Rural,2010,237.291
Gabon,Urban,2010,1402.919
Gabon,Total,2011,1684.635
Gabon,Rural,2011,236.029
Gabon,Urban,2011,1461.072
Gabon,Total,2012,1749.682
Gabon,Rural,2012,234.816
Gabon,Urban,2012,1522.001
Gabon,Total,2013,1817.071
Gabon,Rural,2013,233.402
Gabon,Urban,2013,1583.869
Gabon,Total,2014,1883.8
Gabon,Rural,2014,231.633
Gabon,Urban,2014,1644.08
Gabon,Total,2015,1947.686
Gabon,Rural,2015,229.341
Gabon,Urban,2015,1700.834
Gabon,Total,2016,2007.873
Gabon,Rural,2016,226.498
Gabon,Urban,2016,1753.288
Gabon,Total,2017,2064.823
Gabon,Rural,2017,223.245
Gabon,Urban,2017,1801.892
Gabon,Total,2018,2119.275
Gabon,Rural,2018,219.785
Gabon,Urban,2018,1847.776
Gambia,Total,2000,1317.703
Gambia,Rural,2000,642.181
Gambia,Urban,2000,589.663
Gambia,Total,2001,1360.074
Gambia,Rural,2001,650.815
Gambia,Urban,2001,619.68
Gambia,Total,2002,1404.261
Gambia,Rural,2002,659.831
Gambia,Urban,2002,651.518
Gambia,Total,2003,1449.925
Gambia,Rural,2003,669.586
Gambia,Urban,2003,684.608
Gambia,Total,2004,1496.527
Gambia,Rural,2004,681.267
Gambia,Urban,2004,717.306
Gambia,Total,2005,1543.741
Gambia,Rural,2005,692.935
Gambia,Urban,2005,751.269
Gambia,Total,2006,1591.445
Gambia,Rural,2006,704.493
Gambia,Urban,2006,786.528
Gambia,Total,2007,1639.848
Gambia,Rural,2007,715.979
Gambia,Urban,2007,823.137
Gambia,Total,2008,1689.285
Gambia,Rural,2008,727.394
Gambia,Urban,2008,861.178
Gambia,Total,2009,1740.279
Gambia,Rural,2009,738.84
Gambia,Urban,2009,900.72
Gambia,Total,2010,1793.196
Gambia,Rural,2010,750.273
Gambia,Urban,2010,941.876
Gambia,Total,2011,1848.147
Gambia,Rural,2011,761.696
Gambia,Urban,2011,984.667
Gambia,Total,2012,1905.013
Gambia,Rural,2012,773.029
Gambia,Urban,2012,1029.096
Gambia,Total,2013,1963.712
Gambia,Rural,2013,784.258
Gambia,Urban,2013,1075.066
Gambia,Total,2014,2024.042
Gambia,Rural,2014,795.364
Gambia,Urban,2014,1122.488
Gambia,Total,2015,2085.86
Gambia,Rural,2015,806.309
Gambia,Urban,2015,1171.281
Gambia,Total,2016,2149.136
Gambia,Rural,2016,817.075
Gambia,Urban,2016,1221.426
Gambia,Total,2017,2213.889
Gambia,Rural,2017,827.654
Gambia,Urban,2017,1272.914
Gambia,Total,2018,2280.094
Gambia,Rural,2018,838.035
Gambia,Urban,2018,1325.73
Georgia,Total,2000,4362.187
Georgia,Rural,2000,2236.449
Georgia,Urban,2000,2485.61
Georgia,Total,2001,4296.979
Georgia,Rural,2001,2224.052
Georgia,Urban,2001,2448.11
Georgia,Total,2002,4258.571
Georgia,Rural,2002,2199.528
Georgia,Urban,2002,2425.352
Georgia,Total,2003,4238.929
Georgia,Rural,2003,2159.971
Georgia,Urban,2003,2419.111
Georgia,Total,2004,4225.816
Georgia,Rural,2004,2120.781
Georgia,Urban,2004,2412.548
Georgia,Total,2005,4210.168
Georgia,Rural,2005,2081.535
Georgia,Urban,2005,2405.012
Georgia,Total,2006,4189.72
Georgia,Rural,2006,2042.246
Georgia,Urban,2006,2396.65
Georgia,Total,2007,4166.867
Georgia,Rural,2007,2003.024
Georgia,Urban,2007,2387.511
Georgia,Total,2008,4142.655
Georgia,Rural,2008,1963.424
Georgia,Urban,2008,2377.09
Georgia,Total,2009,4119.494
Georgia,Rural,2009,1923.027
Georgia,Urban,2009,2364.669
Georgia,Total,2010,4099.099
Georgia,Rural,2010,1881.61
Georgia,Urban,2010,2350.051
Georgia,Total,2011,4081.017
Georgia,Rural,2011,1838.725
Georgia,Urban,2011,2332.531
Georgia,Total,2012,4064.106
Georgia,Rural,2012,1794.943
Georgia,Urban,2012,2312.776
Georgia,Total,2013,4048.701
Georgia,Rural,2013,1752.471
Georgia,Urban,2013,2293.439
Georgia,Total,2014,4035.311
Georgia,Rural,2014,1714.022
Georgia,Urban,2014,2278.324
Georgia,Total,2015,4024.183
Georgia,Rural,2015,1681.437
Georgia,Urban,2015,2270.087
Georgia,Total,2016,4015.45
Georgia,Rural,2016,1655.077
Georgia,Urban,2016,2270.328
Georgia,Total,2017,4008.716
Georgia,Rural,2017,1634.019
Georgia,Urban,2017,2278.042
Georgia,Total,2018,4002.942
Georgia,Rural,2018,1616.295
Georgia,Urban,2018,2290.836
Germany,Total,2000,81400.882
Germany,Rural,2000,20400.344
Germany,Urban,2000,61087.413
Germany,Total,2001,81453.885
Germany,Rural,2001,20245.265
Germany,Urban,2001,61290.583
Germany,Total,2002,81535.122
Germany,Rural,2002,20097.558
Germany,Urban,2002,61514.31
Germany,Total,2003,81614.38
Germany,Rural,2003,19950.126
Germany,Urban,2003,61736.369
Germany,Total,2004,81646.474
Germany,Rural,2004,19792.081
Germany,Urban,2004,61923.578
Germany,Total,2005,81602.741
Germany,Rural,2005,19617.625
Germany,Urban,2005,62053.609
Germany,Total,2006,81472.226
Germany,Rural,2006,19423.458
Germany,Urban,2006,62116.895
Germany,Total,2007,81277.83
Germany,Rural,2007,19215.385
Germany,Urban,2007,62129.072
Germany,Total,2008,81065.752
Germany,Rural,2008,19004.672
Germany,Urban,2008,62126.272
Germany,Total,2009,80899.961
Germany,Rural,2009,18807.36
Germany,Urban,2009,62158.252
Germany,Total,2010,80827.002
Germany,Rural,2010,18633.173
Germany,Urban,2010,62261.612
Germany,Total,2011,80855.632
Germany,Rural,2011,18485.321
Germany,Urban,2011,62448.659
Germany,Total,2012,80972.628
Germany,Rural,2012,18507.405
Germany,Urban,2012,62558.823
Germany,Total,2013,81174.367
Germany,Rural,2013,18544.7
Germany,Urban,2013,62720.439
Germany,Total,2014,81450.378
Germany,Rural,2014,18587.788
Germany,Urban,2014,62901.872
Germany,Total,2015,81787.411
Germany,Rural,2015,18629.376
Germany,Urban,2015,63078.413
Germany,Total,2016,82193.768
Germany,Rural,2016,18657.193
Germany,Urban,2016,63257.479
Germany,Total,2017,82658.409
Germany,Rural,2017,18672.1
Germany,Urban,2017,63442.124
Germany,Total,2018,83124.418
Germany,Rural,2018,18671.111
Germany,Urban,2018,63622.346
Ghana,Total,2000,19278.856
Ghana,Rural,2000,10619.132
Ghana,Urban,2000,8319.63
Ghana,Total,2001,19756.928
Ghana,Rural,2001,10759.435
Ghana,Urban,2001,8662.17
Ghana,Total,2002,20246.381
Ghana,Rural,2002,10903.66
Ghana,Urban,2002,9020.862
Ghana,Total,2003,20750.299
Ghana,Rural,2003,11051.2
Ghana,Urban,2003,9395.582
Ghana,Total,2004,21272.323
Ghana,Rural,2004,11200.504
Ghana,Urban,2004,9786.032
Ghana,Total,2005,21814.642
Ghana,Rural,2005,11350.899
Ghana,Urban,2005,10191.11
Ghana,Total,2006,22379.055
Ghana,Rural,2006,11501.626
Ghana,Urban,2006,10611.799
Ghana,Total,2007,22963.946
Ghana,Rural,2007,11652.304
Ghana,Urban,2007,11047.908
Ghana,Total,2008,23563.825
Ghana,Rural,2008,11800.555
Ghana,Urban,2008,11498.085
Ghana,Total,2009,24170.94
Ghana,Rural,2009,11944.412
Ghana,Urban,2009,11959.419
Ghana,Total,2010,24779.619
Ghana,Rural,2010,12081.325
Ghana,Urban,2010,12430.779
Ghana,Total,2011,25387.712
Ghana,Rural,2011,12210.704
Ghana,Urban,2011,12911.092
Ghana,Total,2012,25996.45
Ghana,Rural,2012,12333.058
Ghana,Urban,2012,13399.991
Ghana,Total,2013,26607.645
Ghana,Rural,2013,12449.163
Ghana,Urban,2013,13897.088
Ghana,Total,2014,27224.473
Ghana,Rural,2014,12559.438
Ghana,Urban,2014,14403.125
Ghana,Total,2015,27849.205
Ghana,Rural,2015,12664.366
Ghana,Urban,2015,14918.455
Ghana,Total,2016,28481.945
Ghana,Rural,2016,12763.904
Ghana,Urban,2016,15442.824
Ghana,Total,2017,29121.465
Ghana,Rural,2017,12857.864
Ghana,Urban,2017,15975.765
Ghana,Total,2018,29767.102
Ghana,Rural,2018,12946.423
Ghana,Urban,2018,16517.22
Greece,Total,2000,11082.104
Greece,Rural,2000,3040.042
Greece,Urban,2000,8102.077
Greece,Total,2001,11134.457
Greece,Rural,2001,3029.532
Greece,Urban,2001,8154.866
Greece,Total,2002,11182.305
Greece,Rural,2002,2994.553
Greece,Urban,2002,8222.246
Greece,Total,2003,11218.884
Greece,Rural,2003,2958.243
Greece,Urban,2003,8285.324
Greece,Total,2004,11234.992
Greece,Rural,2004,2922.112
Greece,Urban,2004,8348.364
Greece,Total,2005,11224.791
Greece,Rural,2005,2887.279
Greece,Urban,2005,8413.925
Greece,Total,2006,11185.228
Greece,Rural,2006,2854.291
Greece,Urban,2006,8484.479
Greece,Total,2007,11120.358
Greece,Rural,2007,2822.571
Greece,Urban,2007,8558.326
Greece,Total,2008,11040.309
Greece,Rural,2008,2790.077
Greece,Urban,2008,8629.57
Greece,Total,2009,10959.272
Greece,Rural,2009,2754.332
Greece,Urban,2009,8689.496
Greece,Total,2010,10887.637
Greece,Rural,2010,2713.565
Greece,Urban,2010,8732.44
Greece,Total,2011,10829.079
Greece,Rural,2011,2667.285
Greece,Urban,2011,8755.52
Greece,Total,2012,10781.125
Greece,Rural,2012,2616.562
Greece,Urban,2012,8761.695
Greece,Total,2013,10740.5
Greece,Rural,2013,2563.761
Greece,Urban,2013,8757.539
Greece,Total,2014,10701.456
Greece,Rural,2014,2511.81
Greece,Urban,2014,8752.916
Greece,Total,2015,10659.75
Greece,Rural,2015,2462.743
Greece,Urban,2015,8755.057
Greece,Total,2016,10615.185
Greece,Rural,2016,2417.151
Greece,Urban,2016,8766.565
Greece,Total,2017,10569.45
Greece,Rural,2017,2374.332
Greece,Urban,2017,8785.441
Greece,Total,2018,10522.246
Greece,Rural,2018,2333.39
Greece,Urban,2018,8808.771
Grenada,Total,2000,102.833
Grenada,Rural,2000,65.343
Grenada,Urban,2000,36.276
Grenada,Total,2001,103.249
Grenada,Rural,2001,65.265
Grenada,Urban,2001,36.584
Grenada,Total,2002,103.634
Grenada,Rural,2002,65.432
Grenada,Urban,2002,36.668
Grenada,Total,2003,104.005
Grenada,Rural,2003,65.615
Grenada,Urban,2003,36.76
Grenada,Total,2004,104.347
Grenada,Rural,2004,65.801
Grenada,Urban,2004,36.855
Grenada,Total,2005,104.661
Grenada,Rural,2005,65.995
Grenada,Urban,2005,36.954
Grenada,Total,2006,104.933
Grenada,Rural,2006,66.2
Grenada,Urban,2006,37.059
Grenada,Total,2007,105.19
Grenada,Rural,2007,66.416
Grenada,Urban,2007,37.17
Grenada,Total,2008,105.456
Grenada,Rural,2008,66.643
Grenada,Urban,2008,37.287
Grenada,Total,2009,105.789
Grenada,Rural,2009,66.884
Grenada,Urban,2009,37.412
Grenada,Total,2010,106.233
Grenada,Rural,2010,67.134
Grenada,Urban,2010,37.543
Grenada,Total,2011,106.796
Grenada,Rural,2011,67.396
Grenada,Urban,2011,37.679
Grenada,Total,2012,107.446
Grenada,Rural,2012,67.646
Grenada,Urban,2012,37.835
Grenada,Total,2013,108.17
Grenada,Rural,2013,67.892
Grenada,Urban,2013,38.017
Grenada,Total,2014,108.902
Grenada,Rural,2014,68.136
Grenada,Urban,2014,38.224
Grenada,Total,2015,109.599
Grenada,Rural,2015,68.37
Grenada,Urban,2015,38.453
Grenada,Total,2016,110.261
Grenada,Rural,2016,68.605
Grenada,Urban,2016,38.712
Grenada,Total,2017,110.874
Grenada,Rural,2017,68.831
Grenada,Urban,2017,38.994
Grenada,Total,2018,111.454
Grenada,Rural,2018,69.042
Grenada,Urban,2018,39.297
Guatemala,Total,2000,11650.743
Guatemala,Rural,2000,6369.284
Guatemala,Urban,2000,5281.459
Guatemala,Total,2001,11924.946
Guatemala,Rural,2001,6479.081
Guatemala,Urban,2001,5445.865
Guatemala,Total,2002,12208.848
Guatemala,Rural,2002,6592.165
Guatemala,Urban,2002,5616.683
Guatemala,Total,2003,12500.478
Guatemala,Rural,2003,6710.484
Guatemala,Urban,2003,5789.994
Guatemala,Total,2004,12796.925
Guatemala,Rural,2004,6831.542
Guatemala,Urban,2004,5965.383
Guatemala,Total,2005,13096.028
Guatemala,Rural,2005,6952.32
Guatemala,Urban,2005,6143.708
Guatemala,Total,2006,13397.021
Guatemala,Rural,2006,7072.229
Guatemala,Urban,2006,6324.779
Guatemala,Total,2007,13700.327
Guatemala,Rural,2007,7191.525
Guatemala,Urban,2007,6508.761
Guatemala,Total,2008,14006.428
Guatemala,Rural,2008,7310.395
Guatemala,Urban,2008,6695.971
Guatemala,Total,2009,14316.263
Guatemala,Rural,2009,7429.485
Guatemala,Urban,2009,6886.723
Guatemala,Total,2010,14630.417
Guatemala,Rural,2010,7548.904
Guatemala,Urban,2010,7081.513
Guatemala,Total,2011,14948.801
Guatemala,Rural,2011,7668.633
Guatemala,Urban,2011,7280.286
Guatemala,Total,2012,15270.771
Guatemala,Rural,2012,7788.239
Guatemala,Urban,2012,7482.817
Guatemala,Total,2013,15595.816
Guatemala,Rural,2013,7905.605
Guatemala,Urban,2013,7690.609
Guatemala,Total,2014,15923.236
Guatemala,Rural,2014,8019.984
Guatemala,Urban,2014,7903.575
Guatemala,Total,2015,16252.429
Guatemala,Rural,2015,8130.972
Guatemala,Urban,2015,8121.457
Guatemala,Total,2016,16583.076
Guatemala,Rural,2016,8238.27
Guatemala,Urban,2016,8344.199
Guatemala,Total,2017,16914.97
Guatemala,Rural,2017,8341.671
Guatemala,Urban,2017,8571.832
Guatemala,Total,2018,17247.849
Guatemala,Rural,2018,8440.97
Guatemala,Urban,2018,8804.376
Guinea,Total,2000,8240.73
Guinea,Rural,2000,6089.434
Guinea,Urban,2000,2719.112
Guinea,Total,2001,8417.081
Guinea,Rural,2001,6177.192
Guinea,Urban,2001,2793.947
Guinea,Total,2002,8586.074
Guinea,Rural,2002,6266.378
Guinea,Urban,2002,2870.967
Guinea,Total,2003,8753.093
Guinea,Rural,2003,6358.823
Guinea,Urban,2003,2951.025
Guinea,Total,2004,8925.743
Guinea,Rural,2004,6455.507
Guinea,Urban,2004,3034.722
Guinea,Total,2005,9109.581
Guinea,Rural,2005,6557.321
Guinea,Urban,2005,3122.424
Guinea,Total,2006,9307.425
Guinea,Rural,2006,6666.117
Guinea,Urban,2006,3215.311
Guinea,Total,2007,9518.162
Guinea,Rural,2007,6782.797
Guinea,Urban,2007,3313.93
Guinea,Total,2008,9738.792
Guinea,Rural,2008,6905.524
Guinea,Urban,2008,3417.618
Guinea,Total,2009,9964.469
Guinea,Rural,2009,7031.556
Guinea,Urban,2009,3524.968
Guinea,Total,2010,10192.176
Guinea,Rural,2010,7158.911
Guinea,Urban,2010,3635.259
Guinea,Total,2011,10420.472
Guinea,Rural,2011,7286.986
Guinea,Urban,2011,3748.184
Guinea,Total,2012,10652.031
Guinea,Rural,2012,7416.978
Guinea,Urban,2012,3864.491
Guinea,Total,2013,10892.817
Guinea,Rural,2013,7551.293
Guinea,Urban,2013,3985.322
Guinea,Total,2014,11150.982
Guinea,Rural,2014,7692.904
Guinea,Urban,2014,4112.605
Guinea,Total,2015,11432.088
Guinea,Rural,2015,7842.402
Guinea,Urban,2015,4249.131
Guinea,Total,2016,11738.429
Guinea,Rural,2016,8000.301
Guinea,Urban,2016,4395.623
Guinea,Total,2017,12067.519
Guinea,Rural,2017,8165.321
Guinea,Urban,2017,4551.855
Guinea,Total,2018,12414.293
Guinea,Rural,2018,8335.437
Guinea,Urban,2018,4717.171
Guinea-Bissau,Total,2000,1201.301
Guinea-Bissau,Rural,2000,792.644
Guinea-Bissau,Urban,2000,450.585
Guinea-Bissau,Total,2001,1227.106
Guinea-Bissau,Rural,2001,803.32
Guinea-Bissau,Urban,2001,464.192
Guinea-Bissau,Total,2002,1254.453
Guinea-Bissau,Rural,2002,814.873
Guinea-Bissau,Urban,2002,478.65
Guinea-Bissau,Total,2003,1283.305
Guinea-Bissau,Rural,2003,827.25
Guinea-Bissau,Urban,2003,493.952
Guinea-Bissau,Total,2004,1313.492
Guinea-Bissau,Rural,2004,840.298
Guinea-Bissau,Urban,2004,510.047
Guinea-Bissau,Total,2005,1344.93
Guinea-Bissau,Rural,2005,853.949
Guinea-Bissau,Urban,2005,526.889
Guinea-Bissau,Total,2006,1377.581
Guinea-Bissau,Rural,2006,868.159
Guinea-Bissau,Urban,2006,544.51
Guinea-Bissau,Total,2007,1411.543
Guinea-Bissau,Rural,2007,882.992
Guinea-Bissau,Urban,2007,562.966
Guinea-Bissau,Total,2008,1446.936
Guinea-Bissau,Rural,2008,898.503
Guinea-Bissau,Urban,2008,582.338
Guinea-Bissau,Total,2009,1483.921
Guinea-Bissau,Rural,2009,914.777
Guinea-Bissau,Urban,2009,602.671
Guinea-Bissau,Total,2010,1522.599
Guinea-Bissau,Rural,2010,931.806
Guinea-Bissau,Urban,2010,624.074
Guinea-Bissau,Total,2011,1562.989
Guinea-Bissau,Rural,2011,949.585
Guinea-Bissau,Urban,2011,646.569
Guinea-Bissau,Total,2012,1604.979
Guinea-Bissau,Rural,2012,968.011
Guinea-Bissau,Urban,2012,670.128
Guinea-Bissau,Total,2013,1648.255
Guinea-Bissau,Rural,2013,986.863
Guinea-Bissau,Urban,2013,694.632
Guinea-Bissau,Total,2014,1692.437
Guinea-Bissau,Rural,2014,1005.842
Guinea-Bissau,Urban,2014,719.902
Guinea-Bissau,Total,2015,1737.202
Guinea-Bissau,Rural,2015,1024.727
Guinea-Bissau,Urban,2015,745.799
Guinea-Bissau,Total,2016,1782.438
Guinea-Bissau,Rural,2016,1043.426
Guinea-Bissau,Urban,2016,772.272
Guinea-Bissau,Total,2017,1828.145
Guinea-Bissau,Rural,2017,1061.947
Guinea-Bissau,Urban,2017,799.336
Guinea-Bissau,Total,2018,1874.303
Guinea-Bissau,Rural,2018,1080.274
Guinea-Bissau,Urban,2018,826.994
Guyana,Total,2000,746.715
Guyana,Rural,2000,537.149
Guyana,Urban,2000,216.152
Guyana,Total,2001,745.206
Guyana,Rural,2001,537.07
Guyana,Urban,2001,215.193
Guyana,Total,2002,744.789
Guyana,Rural,2002,537.46
Guyana,Urban,2002,214.424
Guyana,Total,2003,745.143
Guyana,Rural,2003,539.03
Guyana,Urban,2003,212.827
Guyana,Total,2004,745.737
Guyana,Rural,2004,540.711
Guyana,Urban,2004,210.941
Guyana,Total,2005,746.163
Guyana,Rural,2005,542.015
Guyana,Urban,2005,208.931
Guyana,Total,2006,746.343
Guyana,Rural,2006,542.846
Guyana,Urban,2006,206.755
Guyana,Total,2007,746.474
Guyana,Rural,2007,543.379
Guyana,Urban,2007,204.49
Guyana,Total,2008,746.817
Guyana,Rural,2008,544.026
Guyana,Urban,2008,202.288
Guyana,Total,2009,747.718
Guyana,Rural,2009,545.333
Guyana,Urban,2009,200.36
Guyana,Total,2010,749.436
Guyana,Rural,2010,547.72
Guyana,Urban,2010,198.836
Guyana,Total,2011,752.028
Guyana,Rural,2011,551.338
Guyana,Urban,2011,197.762
Guyana,Total,2012,755.399
Guyana,Rural,2012,554.275
Guyana,Urban,2012,198.816
Guyana,Total,2013,759.285
Guyana,Rural,2013,557.948
Guyana,Urban,2013,200.133
Guyana,Total,2014,763.38
Guyana,Rural,2014,561.752
Guyana,Urban,2014,201.641
Guyana,Total,2015,767.432
Guyana,Rural,2015,565.31
Guyana,Urban,2015,203.204
Guyana,Total,2016,771.368
Guyana,Rural,2016,568.513
Guyana,Urban,2016,204.79
Guyana,Total,2017,775.222
Guyana,Rural,2017,571.434
Guyana,Urban,2017,206.425
Guyana,Total,2018,779.006
Guyana,Rural,2018,574.102
Guyana,Urban,2018,208.123
Haiti,Total,2000,8463.806
Haiti,Rural,2000,5505.685
Haiti,Urban,2000,3043.515
Haiti,Total,2001,8608.819
Haiti,Rural,2001,5454.493
Haiti,Urban,2001,3238.074
Haiti,Total,2002,8754.15
Haiti,Rural,2002,5394.951
Haiti,Urban,2002,3439.782
Haiti,Total,2003,8900.104
Haiti,Rural,2003,5328.009
Haiti,Urban,2003,3648.543
Haiti,Total,2004,9047.077
Haiti,Rural,2004,5318.404
Haiti,Urban,2004,3800.774
Haiti,Total,2005,9195.288
Haiti,Rural,2005,5313.686
Haiti,Urban,2005,3949.718
Haiti,Total,2006,9344.785
Haiti,Rural,2006,5306.584
Haiti,Urban,2006,4102.873
Haiti,Total,2007,9495.328
Haiti,Rural,2007,5296.958
Haiti,Urban,2007,4259.931
Haiti,Total,2008,9646.58
Haiti,Rural,2008,5284.322
Haiti,Urban,2008,4420.707
Haiti,Total,2009,9798.046
Haiti,Rural,2009,5268.561
Haiti,Urban,2009,4584.309
Haiti,Total,2010,9949.322
Haiti,Rural,2010,5248.935
Haiti,Urban,2010,4750.682
Haiti,Total,2011,10100.32
Haiti,Rural,2011,5225.56
Haiti,Urban,2011,4919.494
Haiti,Total,2012,10250.93
Haiti,Rural,2012,5198.418
Haiti,Urban,2012,5090.792
Haiti,Total,2013,10400.675
Haiti,Rural,2013,5167.888
Haiti,Urban,2013,5263.888
Haiti,Total,2014,10549.009
Haiti,Rural,2014,5133.539
Haiti,Urban,2014,5438.927
Haiti,Total,2015,10695.542
Haiti,Rural,2015,5095.543
Haiti,Urban,2015,5615.518
Haiti,Total,2016,10839.97
Haiti,Rural,2016,5055.343
Haiti,Urban,2016,5791.991
Haiti,Total,2017,10982.366
Haiti,Rural,2017,5013.421
Haiti,Urban,2017,5967.808
Haiti,Total,2018,11123.178
Haiti,Rural,2018,4969.937
Haiti,Urban,2018,6143.008
Honduras,Total,2000,6574.509
Honduras,Rural,2000,3558.472
Honduras,Urban,2000,2965.811
Honduras,Total,2001,6751.912
Honduras,Rural,2001,3616.67
Honduras,Urban,2001,3076.391
Honduras,Total,2002,6929.265
Honduras,Rural,2002,3664.258
Honduras,Urban,2002,3198.899
Honduras,Total,2003,7106.319
Honduras,Rural,2003,3709.119
Honduras,Urban,2003,3324.702
Honduras,Total,2004,7282.953
Honduras,Rural,2004,3751.429
Honduras,Urban,2004,3452.724
Honduras,Total,2005,7458.985
Honduras,Rural,2005,3791.031
Honduras,Urban,2005,3582.399
Honduras,Total,2006,7634.298
Honduras,Rural,2006,3827.638
Honduras,Urban,2006,3713.768
Honduras,Total,2007,7808.518
Honduras,Rural,2007,3861.301
Honduras,Urban,2007,3846.671
Honduras,Total,2008,7980.955
Honduras,Rural,2008,3891.762
Honduras,Urban,2008,3980.896
Honduras,Total,2009,8150.775
Honduras,Rural,2009,3919.075
Honduras,Urban,2009,4115.946
Honduras,Total,2010,8317.47
Honduras,Rural,2010,3942.955
Honduras,Urban,2010,4251.823
Honduras,Total,2011,8480.671
Honduras,Rural,2011,3963.389
Honduras,Urban,2011,4388.211
Honduras,Total,2012,8640.691
Honduras,Rural,2012,3980.456
Honduras,Urban,2012,4525.19
Honduras,Total,2013,8798.521
Honduras,Rural,2013,3994.867
Honduras,Urban,2013,4662.918
Honduras,Total,2014,8955.589
Honduras,Rural,2014,4006.997
Honduras,Urban,2014,4802.219
Honduras,Total,2015,9112.916
Honduras,Rural,2015,4017.554
Honduras,Urban,2015,4943.275
Honduras,Total,2016,9270.795
Honduras,Rural,2016,4026.684
Honduras,Urban,2016,5086.183
Honduras,Total,2017,9429.013
Honduras,Rural,2017,4034.31
Honduras,Urban,2017,5230.757
Honduras,Total,2018,9587.522
Honduras,Rural,2018,4040.365
Honduras,Urban,2018,5376.802
Hungary,Total,2000,10220.507
Hungary,Rural,2000,3620.82
Hungary,Urban,2000,6600.231
Hungary,Total,2001,10193.449
Hungary,Rural,2001,3601.587
Hungary,Urban,2001,6592.418
Hungary,Total,2002,10167.283
Hungary,Rural,2002,3550.56
Hungary,Urban,2002,6617.312
Hungary,Total,2003,10141.342
Hungary,Rural,2003,3500.049
Hungary,Urban,2003,6641.907
Hungary,Total,2004,10114.48
Hungary,Rural,2004,3449.597
Hungary,Urban,2004,6665.484
Hungary,Total,2005,10085.937
Hungary,Rural,2005,3392.629
Hungary,Urban,2005,6693.836
Hungary,Total,2006,10055.653
Hungary,Rural,2006,3329.016
Hungary,Urban,2006,6726.881
Hungary,Total,2007,10024.149
Hungary,Rural,2007,3265.684
Hungary,Urban,2007,6758.203
Hungary,Total,2008,9991.867
Hungary,Rural,2008,3202.837
Hungary,Urban,2008,6788.364
Hungary,Total,2009,9959.439
Hungary,Rural,2009,3141.05
Hungary,Urban,2009,6817.892
Hungary,Total,2010,9927.37
Hungary,Rural,2010,3086.495
Hungary,Urban,2010,6841.345
Hungary,Total,2011,9895.68
Hungary,Rural,2011,3033.021
Hungary,Urban,2011,6865.183
Hungary,Total,2012,9864.358
Hungary,Rural,2012,2992.731
Hungary,Urban,2012,6876.953
Hungary,Total,2013,9833.923
Hungary,Rural,2013,2957.147
Hungary,Urban,2013,6884.55
Hungary,Total,2014,9804.991
Hungary,Rural,2014,2921.708
Hungary,Urban,2014,6891.627
Hungary,Total,2015,9777.923
Hungary,Rural,2015,2886.258
Hungary,Urban,2015,6897.667
Hungary,Total,2016,9752.975
Hungary,Rural,2016,2850.043
Hungary,Urban,2016,6903.238
Hungary,Total,2017,9729.823
Hungary,Rural,2017,2813.212
Hungary,Urban,2017,6908.347
Hungary,Total,2018,9707.499
Hungary,Rural,2018,2775.785
Hungary,Urban,2018,6913.062
Iceland,Total,2000,280.435
Iceland,Rural,2000,21.31
Iceland,Urban,2000,259.125
Iceland,Total,2001,282.907
Iceland,Rural,2001,21.127
Iceland,Urban,2001,261.78
Iceland,Total,2002,285.329
Iceland,Rural,2002,20.939
Iceland,Urban,2002,264.39
Iceland,Total,2003,287.952
Iceland,Rural,2003,20.765
Iceland,Urban,2003,267.187
Iceland,Total,2004,291.104
Iceland,Rural,2004,20.627
Iceland,Urban,2004,270.477
Iceland,Total,2005,294.979
Iceland,Rural,2005,20.539
Iceland,Urban,2005,274.44
Iceland,Total,2006,299.72
Iceland,Rural,2006,20.506
Iceland,Urban,2006,279.222
Iceland,Total,2007,305.183
Iceland,Rural,2007,20.516
Iceland,Urban,2007,284.684
Iceland,Total,2008,310.856
Iceland,Rural,2008,20.533
Iceland,Urban,2008,290.351
Iceland,Total,2009,316.062
Iceland,Rural,2009,20.512
Iceland,Urban,2009,295.574
Iceland,Total,2010,320.328
Iceland,Rural,2010,20.583
Iceland,Urban,2010,299.745
Iceland,Total,2011,323.474
Iceland,Rural,2011,20.74
Iceland,Urban,2011,302.678
Iceland,Total,2012,325.652
Iceland,Rural,2012,20.834
Iceland,Urban,2012,304.692
Iceland,Total,2013,327.187
Iceland,Rural,2013,20.82
Iceland,Urban,2013,306.209
Iceland,Total,2014,328.594
Iceland,Rural,2014,20.802
Iceland,Urban,2014,307.657
Iceland,Total,2015,330.243
Iceland,Rural,2015,20.805
Iceland,Urban,2015,309.438
Iceland,Total,2016,332.206
Iceland,Rural,2016,20.828
Iceland,Urban,2016,311.646
Iceland,Total,2017,334.393
Iceland,Rural,2017,20.862
Iceland,Urban,2017,314.163
Iceland,Total,2018,336.713
Iceland,Rural,2018,20.899
Iceland,Urban,2018,316.881
India,Total,2000,1056575.549
India,Rural,2000,761700.63
India,Urban,2000,291350.282
India,Total,2001,1075000.085
India,Rural,2001,772339.048
India,Urban,2001,299138.807
India,Total,2002,1093317.189
India,Rural,2002,782001.968
India,Urban,2002,307805.144
India,Total,2003,1111523.144
India,Rural,2003,791442.579
India,Urban,2003,316585.269
India,Total,2004,1129623.456
India,Rural,2004,800652.72
India,Urban,2004,325483.057
India,Total,2005,1147609.927
India,Rural,2005,809639.268
India,Urban,2005,334479.406
India,Total,2006,1165486.291
India,Rural,2006,818387.902
India,Urban,2006,343589.817
India,Total,2007,1183209.472
India,Rural,2007,826881.86
India,Urban,2007,352799.379
India,Total,2008,1200669.765
India,Rural,2008,835058.767
India,Urban,2008,362088.139
India,Total,2009,1217726.215
India,Rural,2009,842864.409
India,Urban,2009,371405.723
India,Total,2010,1234281.17
India,Rural,2010,850236.137
India,Urban,2010,380744.554
India,Total,2011,1250287.943
India,Rural,2011,857153.804
India,Urban,2011,390082.225
India,Total,2012,1265780.247
India,Rural,2012,863513.505
India,Urban,2012,399552.347
India,Total,2013,1280842.125
India,Rural,2013,869387.533
India,Urban,2013,409174.674
India,Total,2014,1295600.772
India,Rural,2014,874857.621
India,Urban,2014,419001.673
India,Total,2015,1310152.403
India,Rural,2015,879984.521
India,Urban,2015,429069.459
India,Total,2016,1324517.249
India,Rural,2016,884779.655
India,Urban,2016,439391.699
India,Total,2017,1338676.785
India,Rural,2017,889216.746
India,Urban,2017,449963.381
India,Total,2018,1352642.28
India,Rural,2018,893272.09
India,Urban,2018,460779.764
Indonesia,Total,2000,211513.823
Indonesia,Rural,2000,122688.942
Indonesia,Urban,2000,88851.487
Indonesia,Total,2001,214427.417
Indonesia,Rural,2001,122734.809
Indonesia,Urban,2001,91771.693
Indonesia,Total,2002,217357.793
Indonesia,Rural,2002,122744.187
Indonesia,Urban,2002,94763.872
Indonesia,Total,2003,220309.469
Indonesia,Rural,2003,122719.089
Indonesia,Urban,2003,97826.125
Indonesia,Total,2004,223285.676
Indonesia,Rural,2004,122654.979
Indonesia,Urban,2004,100959.67
Indonesia,Total,2005,226289.47
Indonesia,Rural,2005,122557.076
Indonesia,Urban,2005,104155.654
Indonesia,Total,2006,229318.262
Indonesia,Rural,2006,122417.389
Indonesia,Urban,2006,107420.813
Indonesia,Total,2007,232374.245
Indonesia,Rural,2007,122237.436
Indonesia,Urban,2007,110751.705
Indonesia,Total,2008,235469.762
Indonesia,Rural,2008,122011.566
Indonesia,Urban,2008,114147.71
Indonesia,Total,2009,238620.563
Indonesia,Rural,2009,121743.839
Indonesia,Urban,2009,117596.639
Indonesia,Total,2010,241834.215
Indonesia,Rural,2010,121471.143
Indonesia,Urban,2010,121052.98
Indonesia,Total,2011,245115.987
Indonesia,Rural,2011,121392.687
Indonesia,Urban,2011,124314.824
Indonesia,Total,2012,248451.722
Indonesia,Rural,2012,121265.363
Indonesia,Urban,2012,127617.869
Indonesia,Total,2013,251805.307
Indonesia,Rural,2013,121087.842
Indonesia,Urban,2013,130944.421
Indonesia,Total,2014,255128.076
Indonesia,Rural,2014,120843.234
Indonesia,Urban,2014,134287.882
Indonesia,Total,2015,258383.256
Indonesia,Rural,2015,120527.352
Indonesia,Urban,2015,137634.761
Indonesia,Total,2016,261556.381
Indonesia,Rural,2016,120142.531
Indonesia,Urban,2016,140972.925
Indonesia,Total,2017,264650.963
Indonesia,Rural,2017,119696.518
Indonesia,Urban,2017,144294.861
Indonesia,Total,2018,267670.543
Indonesia,Rural,2018,119191.974
Indonesia,Urban,2018,147603.006
Iran,Total,2000,65623.405
Iran,Rural,2000,23779.764
Iran,Urban,2000,42352.09
Iran,Total,2001,66449.112
Iran,Rural,2001,23646.162
Iran,Urban,2001,43450.252
Iran,Total,2002,67284.796
Iran,Rural,2002,23475.745
Iran,Urban,2002,44507.585
Iran,Total,2003,68122.938
Iran,Rural,2003,23277.974
Iran,Urban,2003,45534.739
Iran,Total,2004,68951.281
Iran,Rural,2004,23064.517
Iran,Urban,2004,46552.583
Iran,Total,2005,69762.347
Iran,Rural,2005,22846.437
Iran,Urban,2005,47575.374
Iran,Total,2006,70554.76
Iran,Rural,2006,22622.393
Iran,Urban,2006,48605.487
Iran,Total,2007,71336.475
Iran,Rural,2007,22427.746
Iran,Urban,2007,49603.357
Iran,Total,2008,72120.604
Iran,Rural,2008,22248.124
Iran,Urban,2008,50597.418
Iran,Total,2009,72924.837
Iran,Rural,2009,22072.992
Iran,Urban,2009,51614.573
Iran,Total,2010,73762.519
Iran,Rural,2010,21903.373
Iran,Urban,2010,52664.138
Iran,Total,2011,74634.957
Iran,Rural,2011,21741.243
Iran,Urban,2011,53750.339
Iran,Total,2012,75539.878
Iran,Rural,2012,21594.353
Iran,Urban,2012,54859.221
Iran,Total,2013,76481.961
Iran,Rural,2013,21453.348
Iran,Urban,2013,55982.036
Iran,Total,2014,77465.77
Iran,Rural,2014,21304.537
Iran,Urban,2014,57106.555
Iran,Total,2015,78492.215
Iran,Rural,2015,21143.455
Iran,Urban,2015,58217.032
Iran,Total,2016,79563.989
Iran,Rural,2016,20968.583
Iran,Urban,2016,59308.845
Iran,Total,2017,80673.883
Iran,Rural,2017,20782.6
Iran,Urban,2017,60380.188
Iran,Total,2018,81800.188
Iran,Rural,2018,20586.68
Iran,Urban,2018,61425.055
Iraq,Total,2000,23497.585
Iraq,Rural,2000,7423.961
Iraq,Urban,2000,16141.452
Iraq,Total,2001,24208.18
Iraq,Rural,2001,7627.084
Iraq,Urban,2001,16624.565
Iraq,Total,2002,24931.919
Iraq,Rural,2002,7829.905
Iraq,Urban,2002,17109.394
Iraq,Total,2003,25644.499
Iraq,Rural,2003,8032.21
Iraq,Urban,2003,17595.416
Iraq,Total,2004,26313.838
Iraq,Rural,2004,8233.973
Iraq,Urban,2004,18082.636
Iraq,Total,2005,26922.284
Iraq,Rural,2005,8435.932
Iraq,Urban,2005,18572.494
Iraq,Total,2006,27448.124
Iraq,Rural,2006,8636.414
Iraq,Urban,2006,19061.498
Iraq,Total,2007,27911.248
Iraq,Rural,2007,8837.116
Iraq,Urban,2007,19553.317
Iraq,Total,2008,28385.746
Iraq,Rural,2008,9045.912
Iraq,Urban,2008,20065.505
Iraq,Total,2009,28973.162
Iraq,Rural,2009,9273.303
Iraq,Urban,2009,20621.349
Iraq,Total,2010,29741.976
Iraq,Rural,2010,9504.63
Iraq,Urban,2010,21258.071
Iraq,Total,2011,30725.3
Iraq,Rural,2011,9750.42
Iraq,Urban,2011,21976.633
Iraq,Total,2012,31890.011
Iraq,Rural,2012,10019.158
Iraq,Urban,2012,22757.413
Iraq,Total,2013,33157.05
Iraq,Rural,2013,10302.117
Iraq,Urban,2013,23581.028
Iraq,Total,2014,34411.951
Iraq,Rural,2014,10586.506
Iraq,Urban,2014,24419.574
Iraq,Total,2015,35572.261
Iraq,Rural,2015,10863.394
Iraq,Urban,2015,25252.255
Iraq,Total,2016,36610.632
Iraq,Rural,2016,11125.775
Iraq,Urban,2016,26076.797
Iraq,Total,2017,37552.781
Iraq,Rural,2017,11375.936
Iraq,Urban,2017,26898.682
Iraq,Total,2018,38433.6
Iraq,Rural,2018,11615.946
Iraq,Urban,2018,27723.807
Ireland,Total,2000,3783.103
Ireland,Rural,2000,1572.038
Ireland,Urban,2000,2276.738
Ireland,Total,2001,3842.245
Ireland,Rural,2001,1587.218
Ireland,Urban,2001,2322.075
Ireland,Total,2002,3907.998
Ireland,Rural,2002,1604.488
Ireland,Urban,2002,2371.8
Ireland,Total,2003,3980.076
Ireland,Rural,2003,1622.84
Ireland,Urban,2003,2426.707
Ireland,Total,2004,4058.13
Ireland,Rural,2004,1643.163
Ireland,Urban,2004,2485.586
Ireland,Total,2005,4141.223
Ireland,Rural,2005,1665.092
Ireland,Urban,2005,2547.885
Ireland,Total,2006,4230.623
Ireland,Rural,2006,1689.583
Ireland,Urban,2006,2613.787
Ireland,Total,2007,4324.641
Ireland,Rural,2007,1717.899
Ireland,Urban,2007,2680.174
Ireland,Total,2008,4415.872
Ireland,Rural,2008,1744.599
Ireland,Urban,2008,2744.99
Ireland,Total,2009,4494.576
Ireland,Rural,2009,1765.932
Ireland,Urban,2009,2802.132
Ireland,Total,2010,4554.321
Ireland,Rural,2010,1779.414
Ireland,Urban,2010,2847.514
Ireland,Total,2011,4591.105
Ireland,Rural,2011,1783.796
Ireland,Urban,2011,2878.783
Ireland,Total,2012,4608.198
Ireland,Rural,2012,1780.388
Ireland,Urban,2012,2897.729
Ireland,Total,2013,4615.422
Ireland,Rural,2013,1772.537
Ireland,Urban,2013,2909.43
Ireland,Total,2014,4626.844
Ireland,Rural,2014,1764.876
Ireland,Urban,2014,2921.471
Ireland,Total,2015,4652.425
Ireland,Rural,2015,1760.732
Ireland,Urban,2015,2939.375
Ireland,Total,2016,4695.779
Ireland,Rural,2016,1761.09
Ireland,Urban,2016,2964.988
Ireland,Total,2017,4753.279
Ireland,Rural,2017,1764.335
Ireland,Urban,2017,2997.322
Ireland,Total,2018,4818.69
Ireland,Rural,2018,1769.22
Ireland,Urban,2018,3034.528
Israel,Total,2000,5945.95
Israel,Rural,2000,529.03
Israel,Urban,2000,5484.711
Israel,Total,2001,6060.676
Israel,Rural,2001,535.306
Israel,Urban,2001,5594.224
Israel,Total,2002,6169.313
Israel,Rural,2002,540.933
Israel,Urban,2002,5698.352
Israel,Total,2003,6278.374
Israel,Rural,2003,546.487
Israel,Urban,2003,5803.032
Israel,Total,2004,6396.514
Israel,Rural,2004,552.7
Israel,Urban,2004,5916.127
Israel,Total,2005,6529.479
Israel,Rural,2005,560.059
Israel,Urban,2005,6042.911
Israel,Total,2006,6680.637
Israel,Rural,2006,568.798
Israel,Urban,2006,6186.413
Israel,Total,2007,6847.141
Israel,Rural,2007,578.65
Israel,Urban,2007,6344.035
Israel,Total,2008,7020.836
Israel,Rural,2008,588.921
Israel,Urban,2008,6508.489
Israel,Total,2009,7190.034
Israel,Rural,2009,598.671
Israel,Urban,2009,6669.224
Israel,Total,2010,7346.446
Israel,Rural,2010,606.998
Israel,Urban,2010,6818.961
Israel,Total,2011,7487.1
Israel,Rural,2011,613.695
Israel,Urban,2011,6955.079
Israel,Total,2012,7614.952
Israel,Rural,2012,619.009
Israel,Urban,2012,7080.096
Israel,Total,2013,7734.841
Israel,Rural,2013,623.292
Israel,Urban,2013,7197.813
Israel,Total,2014,7854.213
Israel,Rural,2014,627.075
Israel,Urban,2014,7314.254
Israel,Total,2015,7978.49
Israel,Rural,2015,630.733
Israel,Urban,2015,7433.814
Israel,Total,2016,8108.985
Israel,Rural,2016,634.341
Israel,Urban,2016,7557.487
Israel,Total,2017,8243.848
Israel,Rural,2017,637.763
Israel,Urban,2017,7683.807
Israel,Total,2018,8381.516
Israel,Rural,2018,640.922
Israel,Urban,2018,7811.919
Italy,Total,2000,56692.178
Italy,Rural,2000,18779.731
Italy,Urban,2000,38513.99
Italy,Total,2001,56875.147
Italy,Rural,2001,18815.119
Italy,Urban,2001,38691.248
Italy,Total,2002,57182.519
Italy,Rural,2002,18853.502
Italy,Urban,2002,38948.261
Italy,Total,2003,57564.588
Italy,Rural,2003,18897.042
Italy,Urban,2003,39249.995
Italy,Total,2004,57948.424
Italy,Rural,2004,18940.573
Italy,Urban,2004,39554.131
Italy,Total,2005,58281.212
Italy,Rural,2005,18972.67
Italy,Urban,2005,39835.813
Italy,Total,2006,58542.619
Italy,Rural,2006,18990.436
Italy,Urban,2006,40089.433
Italy,Total,2007,58747.861
Italy,Rural,2007,18995.609
Italy,Urban,2007,40317.902
Italy,Total,2008,58922.109
Italy,Rural,2008,18985.986
Italy,Urban,2008,40516.399
Italy,Total,2009,59105.625
Italy,Rural,2009,18960.542
Italy,Urban,2009,40681.311
Italy,Total,2010,59325.229
Italy,Rural,2010,18918.497
Italy,Urban,2010,40811.31
Italy,Total,2011,59589.076
Italy,Rural,2011,18858.134
Italy,Urban,2011,40901.795
Italy,Total,2012,59879.471
Italy,Rural,2012,18706.111
Italy,Urban,2012,41027.723
Italy,Total,2013,60166.83
Italy,Rural,2013,18509.653
Italy,Urban,2013,41158.347
Italy,Total,2014,60409.62
Italy,Rural,2014,18309.186
Italy,Urban,2014,41276.482
Italy,Total,2015,60578.494
Italy,Rural,2015,18110.394
Italy,Urban,2015,41393.818
Italy,Total,2016,60663.06
Italy,Rural,2016,17914.936
Italy,Urban,2016,41515.002
Italy,Total,2017,60673.701
Italy,Rural,2017,17722.588
Italy,Urban,2017,41637.312
Italy,Total,2018,60627.291
Italy,Rural,2018,17527.87
Italy,Urban,2018,41763.099
Jamaica,Total,2000,2654.701
Jamaica,Rural,2000,1280.23
Jamaica,Urban,2000,1376.634
Jamaica,Total,2001,2674.702
Jamaica,Rural,2001,1283.535
Jamaica,Urban,2001,1393.476
Jamaica,Total,2002,2692.845
Jamaica,Rural,2002,1287.06
Jamaica,Urban,2002,1408.386
Jamaica,Total,2003,2709.437
Jamaica,Rural,2003,1290.139
Jamaica,Urban,2003,1422.372
Jamaica,Total,2004,2725.015
Jamaica,Rural,2004,1292.771
Jamaica,Urban,2004,1436.006
Jamaica,Total,2005,2740.003
Jamaica,Rural,2005,1295.184
Jamaica,Urban,2005,1449.489
Jamaica,Total,2006,2754.407
Jamaica,Rural,2006,1297.396
Jamaica,Urban,2006,1462.883
Jamaica,Total,2007,2768.227
Jamaica,Rural,2007,1299.356
Jamaica,Urban,2007,1476.111
Jamaica,Total,2008,2781.876
Jamaica,Rural,2008,1301.007
Jamaica,Urban,2008,1489.115
Jamaica,Total,2009,2795.837
Jamaica,Rural,2009,1302.297
Jamaica,Urban,2009,1501.785
Jamaica,Total,2010,2810.46
Jamaica,Rural,2010,1303.146
Jamaica,Urban,2010,1514.064
Jamaica,Total,2011,2825.929
Jamaica,Rural,2011,1303.559
Jamaica,Urban,2011,1525.934
Jamaica,Total,2012,2842.132
Jamaica,Rural,2012,1303.108
Jamaica,Urban,2012,1537.884
Jamaica,Total,2013,2858.712
Jamaica,Rural,2013,1301.853
Jamaica,Urban,2013,1549.954
Jamaica,Total,2014,2875.139
Jamaica,Rural,2014,1299.857
Jamaica,Urban,2014,1562.23
Jamaica,Total,2015,2891.021
Jamaica,Rural,2015,1297.166
Jamaica,Urban,2015,1574.768
Jamaica,Total,2016,2906.236
Jamaica,Rural,2016,1293.787
Jamaica,Urban,2016,1587.568
Jamaica,Total,2017,2920.848
Jamaica,Rural,2017,1289.697
Jamaica,Urban,2017,1600.602
Jamaica,Total,2018,2934.847
Jamaica,Rural,2018,1284.862
Jamaica,Urban,2018,1613.815
Japan,Total,2000,127524.174
Japan,Rural,2000,27230.218
Japan,Urban,2000,100303.716
Japan,Total,2001,127713.828
Japan,Rural,2001,25557.575
Japan,Urban,2001,102165.938
Japan,Total,2002,127893.078
Japan,Rural,2002,23473.865
Japan,Urban,2002,104428.752
Japan,Total,2003,128058.372
Japan,Rural,2003,21520.729
Japan,Urban,2003,106547.065
Japan,Total,2004,128204.195
Japan,Rural,2004,19693.113
Japan,Urban,2004,108520.519
Japan,Total,2005,128326.116
Japan,Rural,2005,17995.058
Japan,Urban,2005,110340.709
Japan,Total,2006,128422.734
Japan,Rural,2006,16545.175
Japan,Urban,2006,111887.819
Japan,Total,2007,128494.057
Japan,Rural,2007,15233.582
Japan,Urban,2007,113271.669
Japan,Total,2008,128538.646
Japan,Rural,2008,14008.192
Japan,Urban,2008,114542.316
Japan,Total,2009,128555.189
Japan,Rural,2009,12870.195
Japan,Urban,2009,115696.464
Japan,Total,2010,128542.353
Japan,Rural,2010,11810.839
Japan,Urban,2010,116741.034
Japan,Total,2011,128498.965
Japan,Rural,2011,11476.384
Japan,Urban,2011,117029.015
Japan,Total,2012,128423.571
Japan,Rural,2012,11368.012
Japan,Urban,2012,117058.372
Japan,Total,2013,128314.195
Japan,Rural,2013,11257.825
Japan,Urban,2013,117055.095
Japan,Total,2014,128168.639
Japan,Rural,2014,11145.296
Japan,Urban,2014,117017.577
Japan,Total,2015,127985.133
Japan,Rural,2015,11030.53
Japan,Urban,2015,116944.428
Japan,Total,2016,127763.265
Japan,Rural,2016,10913.416
Japan,Urban,2016,116835.097
Japan,Total,2017,127502.725
Japan,Rural,2017,10791.174
Japan,Urban,2017,116693.276
Japan,Total,2018,127202.192
Japan,Rural,2018,10663.807
Japan,Urban,2018,116521.525
Jordan,Total,2000,5122.493
Jordan,Rural,2000,1108.89
Jordan,Urban,2000,3994.24
Jordan,Total,2001,5217.336
Jordan,Rural,2001,1127.867
Jordan,Urban,2001,4065.615
Jordan,Total,2002,5317.506
Jordan,Rural,2002,1147.614
Jordan,Urban,2002,4139.874
Jordan,Total,2003,5434.03
Jordan,Rural,2003,1170.651
Jordan,Urban,2003,4226.123
Jordan,Total,2004,5580.244
Jordan,Rural,2004,1200.064
Jordan,Urban,2004,4335.531
Jordan,Total,2005,5765.635
Jordan,Rural,2005,1172.277
Jordan,Urban,2005,4541.834
Jordan,Total,2006,5991.54
Jordan,Rural,2006,1129.312
Jordan,Urban,2006,4804.92
Jordan,Total,2007,6255.28
Jordan,Rural,2007,1091.804
Jordan,Urban,2007,5101.387
Jordan,Total,2008,6556.478
Jordan,Rural,2008,1058.386
Jordan,Urban,2008,5431.436
Jordan,Total,2009,6893.26
Jordan,Rural,2009,1028.066
Jordan,Urban,2009,5793.05
Jordan,Total,2010,7261.539
Jordan,Rural,2010,999.206
Jordan,Urban,2010,6183.184
Jordan,Total,2011,7662.846
Jordan,Rural,2011,971.693
Jordan,Urban,2011,6603.25
Jordan,Total,2012,8089.962
Jordan,Rural,2012,944.332
Jordan,Urban,2012,7048.241
Jordan,Total,2013,8518.983
Jordan,Rural,2013,914.962
Jordan,Urban,2013,7498.502
Jordan,Total,2014,8918.828
Jordan,Rural,2014,880.931
Jordan,Urban,2014,7928.375
Jordan,Total,2015,9266.575
Jordan,Rural,2015,892.5
Jordan,Urban,2015,8266.802
Jordan,Total,2016,9554.286
Jordan,Rural,2016,897.724
Jordan,Urban,2016,8558.078
Jordan,Total,2017,9785.843
Jordan,Rural,2017,897.788
Jordan,Urban,2017,8804.565
Jordan,Total,2018,9965.318
Jordan,Rural,2018,893.429
Jordan,Urban,2018,9010.373
Kazakhstan,Total,2000,14922.719
Kazakhstan,Rural,2000,6610.426
Kazakhstan,Urban,2000,8446.937
Kazakhstan,Total,2001,14910.205
Kazakhstan,Rural,2001,6591.821
Kazakhstan,Urban,2001,8448.15
Kazakhstan,Total,2002,14976.188
Kazakhstan,Rural,2002,6609.578
Kazakhstan,Urban,2002,8496.067
Kazakhstan,Total,2003,15100.041
Kazakhstan,Rural,2003,6653.891
Kazakhstan,Urban,2003,8578.434
Kazakhstan,Total,2004,15250.015
Kazakhstan,Rural,2004,6709.744
Kazakhstan,Urban,2004,8676.172
Kazakhstan,Total,2005,15402.807
Kazakhstan,Rural,2005,6766.257
Kazakhstan,Urban,2005,8775.2
Kazakhstan,Total,2006,15551.268
Kazakhstan,Rural,2006,6819.865
Kazakhstan,Urban,2006,8870.996
Kazakhstan,Total,2007,15702.104
Kazakhstan,Rural,2007,6873.733
Kazakhstan,Urban,2007,8967.622
Kazakhstan,Total,2008,15862.123
Kazakhstan,Rural,2008,6931.41
Kazakhstan,Urban,2008,9069.766
Kazakhstan,Total,2009,16043.007
Kazakhstan,Rural,2009,6998.909
Kazakhstan,Urban,2009,9185.254
Kazakhstan,Total,2010,16252.279
Kazakhstan,Rural,2010,7079.87
Kazakhstan,Urban,2010,9319.106
Kazakhstan,Total,2011,16490.67
Kazakhstan,Rural,2011,7175.002
Kazakhstan,Urban,2011,9472.378
Kazakhstan,Total,2012,16751.525
Kazakhstan,Rural,2012,7280.687
Kazakhstan,Urban,2012,9640.492
Kazakhstan,Total,2013,17026.117
Kazakhstan,Rural,2013,7391.287
Kazakhstan,Urban,2013,9815.97
Kazakhstan,Total,2014,17302.615
Kazakhstan,Rural,2014,7499.077
Kazakhstan,Urban,2014,9988.702
Kazakhstan,Total,2015,17572.016
Kazakhstan,Rural,2015,7598.48
Kazakhstan,Urban,2015,10151.168
Kazakhstan,Total,2016,17830.901
Kazakhstan,Rural,2016,7687.326
Kazakhstan,Urban,2016,10300.41
Kazakhstan,Total,2017,18080.019
Kazakhstan,Rural,2017,7766.771
Kazakhstan,Urban,2017,10437.728
Kazakhstan,Total,2018,18319.618
Kazakhstan,Rural,2018,7834.88
Kazakhstan,Urban,2018,10568.98
Kenya,Total,2000,31964.557
Kenya,Rural,2000,25194.298
Kenya,Urban,2000,6256.185
Kenya,Total,2001,32848.564
Kenya,Rural,2001,25779.834
Kenya,Urban,2001,6541.648
Kenya,Total,2002,33751.739
Kenya,Rural,2002,26374.762
Kenya,Urban,2002,6839.247
Kenya,Total,2003,34678.779
Kenya,Rural,2003,26981.085
Kenya,Urban,2003,7149.767
Kenya,Total,2004,35635.271
Kenya,Rural,2004,27600.542
Kenya,Urban,2004,7474.389
Kenya,Total,2005,36624.895
Kenya,Rural,2005,28234.834
Kenya,Urban,2005,7813.454
Kenya,Total,2006,37649.033
Kenya,Rural,2006,28883.861
Kenya,Urban,2006,8168.189
Kenya,Total,2007,38705.932
Kenya,Rural,2007,29547.088
Kenya,Urban,2007,8538.821
Kenya,Total,2008,39791.981
Kenya,Rural,2008,30222.715
Kenya,Urban,2008,8925.701
Kenya,Total,2009,40901.792
Kenya,Rural,2009,30909.074
Kenya,Urban,2009,9328.13
Kenya,Total,2010,42030.676
Kenya,Rural,2010,31603.483
Kenya,Urban,2010,9746.669
Kenya,Total,2011,43178.274
Kenya,Rural,2011,32303.238
Kenya,Urban,2011,10183.601
Kenya,Total,2012,44343.467
Kenya,Rural,2012,33007.2
Kenya,Urban,2012,10639.429
Kenya,Total,2013,45519.981
Kenya,Rural,2013,33712.691
Kenya,Urban,2013,11114.158
Kenya,Total,2014,46700.055
Kenya,Rural,2014,34416.636
Kenya,Urban,2014,11607.614
Kenya,Total,2015,47878.336
Kenya,Rural,2015,35116.503
Kenya,Urban,2015,12119.756
Kenya,Total,2016,49051.534
Kenya,Rural,2016,35810.733
Kenya,Urban,2016,12650.834
Kenya,Total,2017,50221.142
Kenya,Rural,2017,36498.515
Kenya,Urban,2017,13201.347
Kenya,Total,2018,51392.565
Kenya,Rural,2018,37179.074
Kenya,Urban,2018,13771.805
Kiribati,Total,2000,84.396
Kiribati,Rural,2000,48.147
Kiribati,Urban,2000,36.259
Kiribati,Total,2001,85.849
Kiribati,Rural,2001,48.533
Kiribati,Urban,2001,37.325
Kiribati,Total,2002,87.305
Kiribati,Rural,2002,49.355
Kiribati,Urban,2002,37.988
Kiribati,Total,2003,88.835
Kiribati,Rural,2003,50.215
Kiribati,Urban,2003,38.68
Kiribati,Total,2004,90.499
Kiribati,Rural,2004,51.127
Kiribati,Urban,2004,39.415
Kiribati,Total,2005,92.325
Kiribati,Rural,2005,52.116
Kiribati,Urban,2005,40.209
Kiribati,Total,2006,94.343
Kiribati,Rural,2006,52.757
Kiribati,Urban,2006,41.503
Kiribati,Total,2007,96.527
Kiribati,Rural,2007,53.1
Kiribati,Urban,2007,43.211
Kiribati,Total,2008,98.761
Kiribati,Rural,2008,53.447
Kiribati,Urban,2008,44.993
Kiribati,Total,2009,100.93
Kiribati,Rural,2009,53.757
Kiribati,Urban,2009,46.811
Kiribati,Total,2010,102.927
Kiribati,Rural,2010,54.005
Kiribati,Urban,2010,48.647
Kiribati,Total,2011,104.728
Kiribati,Rural,2011,54.175
Kiribati,Urban,2011,50.481
Kiribati,Total,2012,106.37
Kiribati,Rural,2012,54.285
Kiribati,Urban,2012,52.328
Kiribati,Total,2013,107.89
Kiribati,Rural,2013,54.347
Kiribati,Urban,2013,54.188
Kiribati,Total,2014,109.391
Kiribati,Rural,2014,54.375
Kiribati,Urban,2014,56.083
Kiribati,Total,2015,110.93
Kiribati,Rural,2015,54.383
Kiribati,Urban,2015,58.024
Kiribati,Total,2016,112.524
Kiribati,Rural,2016,54.395
Kiribati,Urban,2016,60.0
Kiribati,Total,2017,114.158
Kiribati,Rural,2017,54.402
Kiribati,Urban,2017,61.996
Kiribati,Total,2018,115.847
Kiribati,Rural,2018,54.403
Kiribati,Urban,2018,64.011
Kuwait,Total,2000,2045.123
Kuwait,Rural,2000,20.507
Kuwait,Urban,2000,2030.234
Kuwait,Total,2001,2103.282
Kuwait,Rural,2001,1.938
Kuwait,Urban,2001,2107.417
Kuwait,Total,2002,2136.997
Kuwait,Rural,2002,0.0
Kuwait,Urban,2002,2143.833
Kuwait,Total,2003,2161.626
Kuwait,Rural,2003,0.0
Kuwait,Urban,2003,2169.118
Kuwait,Total,2004,2200.492
Kuwait,Rural,2004,0.0
Kuwait,Urban,2004,2207.939
Kuwait,Total,2005,2270.198
Kuwait,Rural,2005,0.0
Kuwait,Urban,2005,2276.623
Kuwait,Total,2006,2373.672
Kuwait,Rural,2006,0.0
Kuwait,Urban,2006,2377.258
Kuwait,Total,2007,2504.019
Kuwait,Rural,2007,0.0
Kuwait,Urban,2007,2503.41
Kuwait,Total,2008,2656.009
Kuwait,Rural,2008,0.0
Kuwait,Urban,2008,2652.34
Kuwait,Total,2009,2821.045
Kuwait,Rural,2009,0.0
Kuwait,Urban,2009,2818.939
Kuwait,Total,2010,2991.884
Kuwait,Rural,2010,0.0
Kuwait,Urban,2010,2998.083
Kuwait,Total,2011,3168.06
Kuwait,Rural,2011,0.0
Kuwait,Urban,2011,3191.051
Kuwait,Total,2012,3348.853
Kuwait,Rural,2012,0.0
Kuwait,Urban,2012,3395.556
Kuwait,Total,2013,3526.376
Kuwait,Rural,2013,0.0
Kuwait,Urban,2013,3598.385
Kuwait,Total,2014,3690.941
Kuwait,Rural,2014,0.0
Kuwait,Urban,2014,3782.45
Kuwait,Total,2015,3835.591
Kuwait,Rural,2015,0.0
Kuwait,Urban,2015,3935.794
Kuwait,Total,2016,3956.875
Kuwait,Rural,2016,0.0
Kuwait,Urban,2016,4052.584
Kuwait,Total,2017,4056.099
Kuwait,Rural,2017,0.0
Kuwait,Urban,2017,4136.528
Kuwait,Total,2018,4137.312
Kuwait,Rural,2018,0.0
Kuwait,Urban,2018,4197.128
Kyrgyzstan,Total,2000,4920.712
Kyrgyzstan,Rural,2000,3183.803
Kyrgyzstan,Urban,2000,1736.915
Kyrgyzstan,Total,2001,4962.836
Kyrgyzstan,Rural,2001,3210.973
Kyrgyzstan,Urban,2001,1751.617
Kyrgyzstan,Total,2002,4991.483
Kyrgyzstan,Rural,2002,3229.231
Kyrgyzstan,Urban,2002,1761.456
Kyrgyzstan,Total,2003,5013.53
Kyrgyzstan,Rural,2003,3243.275
Kyrgyzstan,Urban,2003,1768.994
Kyrgyzstan,Total,2004,5039.005
Kyrgyzstan,Rural,2004,3259.958
Kyrgyzstan,Urban,2004,1777.971
Kyrgyzstan,Total,2005,5075.347
Kyrgyzstan,Rural,2005,3284.272
Kyrgyzstan,Urban,2005,1791.108
Kyrgyzstan,Total,2006,5124.382
Kyrgyzstan,Rural,2006,3317.581
Kyrgyzstan,Urban,2006,1809.149
Kyrgyzstan,Total,2007,5184.392
Kyrgyzstan,Rural,2007,3358.424
Kyrgyzstan,Urban,2007,1831.296
Kyrgyzstan,Total,2008,5254.979
Kyrgyzstan,Rural,2008,3405.472
Kyrgyzstan,Urban,2008,1856.822
Kyrgyzstan,Total,2009,5334.71
Kyrgyzstan,Rural,2009,3456.349
Kyrgyzstan,Urban,2009,1884.432
Kyrgyzstan,Total,2010,5422.293
Kyrgyzstan,Rural,2010,3507.918
Kyrgyzstan,Urban,2010,1914.419
Kyrgyzstan,Total,2011,5517.922
Kyrgyzstan,Rural,2011,3559.886
Kyrgyzstan,Urban,2011,1946.715
Kyrgyzstan,Total,2012,5621.576
Kyrgyzstan,Rural,2012,3612.53
Kyrgyzstan,Urban,2012,1981.578
Kyrgyzstan,Total,2013,5731.303
Kyrgyzstan,Rural,2013,3665.102
Kyrgyzstan,Urban,2013,2018.706
Kyrgyzstan,Total,2014,5844.532
Kyrgyzstan,Rural,2014,3716.797
Kyrgyzstan,Urban,2014,2057.769
Kyrgyzstan,Total,2015,5959.121
Kyrgyzstan,Rural,2015,3766.909
Kyrgyzstan,Urban,2015,2098.492
Kyrgyzstan,Total,2016,6074.33
Kyrgyzstan,Rural,2016,3814.995
Kyrgyzstan,Urban,2016,2140.739
Kyrgyzstan,Total,2017,6189.733
Kyrgyzstan,Rural,2017,3860.7
Kyrgyzstan,Urban,2017,2184.417
Kyrgyzstan,Total,2018,6304.03
Kyrgyzstan,Rural,2018,3903.563
Kyrgyzstan,Urban,2018,2229.369
Lao People's Democratic Republic,Total,2000,5323.7
Lao People's Democratic Republic,Rural,2000,4158.068
Lao People's Democratic Republic,Urban,2000,1171.236
Lao People's Democratic Republic,Total,2001,5409.582
Lao People's Democratic Republic,Rural,2001,4169.569
Lao People's Democratic Republic,Urban,2001,1244.999
Lao People's Democratic Republic,Total,2002,5493.246
Lao People's Democratic Republic,Rural,2002,4175.525
Lao People's Democratic Republic,Urban,2002,1321.748
Lao People's Democratic Republic,Total,2003,5576.64
Lao People's Democratic Republic,Rural,2003,4177.699
Lao People's Democratic Republic,Urban,2003,1401.957
Lao People's Democratic Republic,Total,2004,5662.208
Lao People's Democratic Republic,Rural,2004,4178.088
Lao People's Democratic Republic,Urban,2004,1486.517
Lao People's Democratic Republic,Total,2005,5751.676
Lao People's Democratic Republic,Rural,2005,4189.729
Lao People's Democratic Republic,Urban,2005,1564.297
Lao People's Democratic Republic,Total,2006,5846.074
Lao People's Democratic Republic,Rural,2006,4226.291
Lao People's Democratic Republic,Urban,2006,1623.065
Lao People's Democratic Republic,Total,2007,5944.948
Lao People's Democratic Republic,Rural,2007,4265.018
Lao People's Democratic Republic,Urban,2007,1684.769
Lao People's Democratic Republic,Total,2008,6046.62
Lao People's Democratic Republic,Rural,2008,4303.532
Lao People's Democratic Republic,Urban,2008,1748.658
Lao People's Democratic Republic,Total,2009,6148.623
Lao People's Democratic Republic,Rural,2009,4338.737
Lao People's Democratic Republic,Urban,2009,1813.299
Lao People's Democratic Republic,Total,2010,6249.165
Lao People's Democratic Republic,Rural,2010,4368.384
Lao People's Democratic Republic,Urban,2010,1877.89
Lao People's Democratic Republic,Total,2011,6347.567
Lao People's Democratic Republic,Rural,2011,4391.626
Lao People's Democratic Republic,Urban,2011,1941.861
Lao People's Democratic Republic,Total,2012,6444.53
Lao People's Democratic Republic,Rural,2012,4409.554
Lao People's Democratic Republic,Urban,2012,2005.615
Lao People's Democratic Republic,Total,2013,6541.304
Lao People's Democratic Republic,Rural,2013,4424.627
Lao People's Democratic Republic,Urban,2013,2069.93
Lao People's Democratic Republic,Total,2014,6639.756
Lao People's Democratic Republic,Rural,2014,4439.922
Lao People's Democratic Republic,Urban,2014,2136.475
Lao People's Democratic Republic,Total,2015,6741.164
Lao People's Democratic Republic,Rural,2015,4457.637
Lao People's Democratic Republic,Urban,2015,2206.33
Lao People's Democratic Republic,Total,2016,6845.846
Lao People's Democratic Republic,Rural,2016,4478.363
Lao People's Democratic Republic,Urban,2016,2279.99
Lao People's Democratic Republic,Total,2017,6953.035
Lao People's Democratic Republic,Rural,2017,4501.174
Lao People's Democratic Republic,Urban,2017,2356.986
Lao People's Democratic Republic,Total,2018,7061.507
Lao People's Democratic Republic,Rural,2018,4524.499
Lao People's Democratic Republic,Urban,2018,2436.711
Latvia,Total,2000,2384.164
Latvia,Rural,2000,761.342
Latvia,Urban,2000,1622.821
Latvia,Total,2001,2358.693
Latvia,Rural,2001,755.946
Latvia,Urban,2001,1602.731
Latvia,Total,2002,2332.53
Latvia,Rural,2002,749.886
Latvia,Urban,2002,1582.606
Latvia,Total,2003,2305.848
Latvia,Rural,2003,742.46
Latvia,Urban,2003,1563.315
Latvia,Total,2004,2278.921
Latvia,Rural,2004,731.523
Latvia,Urban,2004,1547.332
Latvia,Total,2005,2251.993
Latvia,Rural,2005,720.635
Latvia,Urban,2005,1531.348
Latvia,Total,2006,2225.066
Latvia,Rural,2006,712.806
Latvia,Urban,2006,1512.417
Latvia,Total,2007,2198.089
Latvia,Rural,2007,705.716
Latvia,Urban,2007,1492.802
Latvia,Total,2008,2171.259
Latvia,Rural,2008,698.617
Latvia,Urban,2008,1473.264
Latvia,Total,2009,2144.785
Latvia,Rural,2009,690.494
Latvia,Urban,2009,1454.815
Latvia,Total,2010,2118.861
Latvia,Rural,2010,681.39
Latvia,Urban,2010,1437.458
Latvia,Total,2011,2093.61
Latvia,Rural,2011,672.334
Latvia,Urban,2011,1420.159
Latvia,Total,2012,2069.016
Latvia,Rural,2012,663.369
Latvia,Urban,2012,1403.005
Latvia,Total,2013,2044.957
Latvia,Rural,2013,654.589
Latvia,Urban,2013,1386.195
Latvia,Total,2014,2021.219
Latvia,Rural,2014,646.121
Latvia,Urban,2014,1370.004
Latvia,Total,2015,1997.674
Latvia,Rural,2015,638.051
Latvia,Urban,2015,1354.612
Latvia,Total,2016,1974.266
Latvia,Rural,2016,630.159
Latvia,Urban,2016,1340.371
Latvia,Total,2017,1951.097
Latvia,Rural,2017,622.436
Latvia,Urban,2017,1327.234
Latvia,Total,2018,1928.459
Latvia,Rural,2018,614.843
Latvia,Urban,2018,1315.095
Lebanon,Total,2000,3842.778
Lebanon,Rural,2000,452.951
Lebanon,Urban,2000,2782.415
Lebanon,Total,2001,3991.001
Lebanon,Rural,2001,466.411
Lebanon,Urban,2001,2893.448
Lebanon,Total,2002,4182.205
Lebanon,Rural,2002,484.74
Lebanon,Urban,2002,3038.097
Lebanon,Total,2003,4388.375
Lebanon,Rural,2003,504.674
Lebanon,Urban,2003,3196.79
Lebanon,Total,2004,4569.378
Lebanon,Rural,2004,521.754
Lebanon,Urban,2004,3341.513
Lebanon,Total,2005,4698.763
Lebanon,Rural,2005,533.172
Lebanon,Urban,2005,3453.68
Lebanon,Total,2006,4759.753
Lebanon,Rural,2006,537.103
Lebanon,Urban,2006,3520.247
Lebanon,Total,2007,4767.344
Lebanon,Rural,2007,535.295
Lebanon,Urban,2007,3551.171
Lebanon,Total,2008,4764.741
Lebanon,Rural,2008,532.696
Lebanon,Urban,2008,3578.351
Lebanon,Total,2009,4813.026
Lebanon,Rural,2009,536.0
Lebanon,Urban,2009,3647.156
Lebanon,Total,2010,4953.061
Lebanon,Rural,2010,549.35
Lebanon,Urban,2010,3787.791
Lebanon,Total,2011,5202.026
Lebanon,Rural,2011,574.302
Lebanon,Urban,2011,4014.066
Lebanon,Total,2012,5537.612
Lebanon,Rural,2012,607.879
Lebanon,Urban,2012,4308.525
Lebanon,Total,2013,5913.022
Lebanon,Rural,2013,644.202
Lebanon,Urban,2013,4631.9
Lebanon,Total,2014,6261.044
Lebanon,Rural,2014,675.369
Lebanon,Urban,2014,4927.91
Lebanon,Total,2015,6532.678
Lebanon,Rural,2015,695.996
Lebanon,Urban,2015,5155.483
Lebanon,Total,2016,6714.281
Lebanon,Rural,2016,704.804
Lebanon,Urban,2016,5301.864
Lebanon,Total,2017,6819.373
Lebanon,Rural,2017,703.805
Lebanon,Urban,2017,5378.552
Lebanon,Total,2018,6859.408
Lebanon,Rural,2018,695.098
Lebanon,Urban,2018,5398.411
Lesotho,Total,2000,2032.804
Lesotho,Rural,2000,1503.411
Lesotho,Urban,2000,365.288
Lesotho,Total,2001,2035.74
Lesotho,Rural,2001,1507.504
Lesotho,Urban,2001,378.451
Lesotho,Total,2002,2029.829
Lesotho,Rural,2002,1510.496
Lesotho,Urban,2002,391.816
Lesotho,Total,2003,2018.348
Lesotho,Rural,2003,1512.665
Lesotho,Urban,2003,405.432
Lesotho,Total,2004,2005.94
Lesotho,Rural,2004,1514.33
Lesotho,Urban,2004,419.398
Lesotho,Total,2005,1996.114
Lesotho,Rural,2005,1515.794
Lesotho,Urban,2005,433.749
Lesotho,Total,2006,1989.939
Lesotho,Rural,2006,1517.098
Lesotho,Urban,2006,448.564
Lesotho,Total,2007,1986.922
Lesotho,Rural,2007,1520.337
Lesotho,Urban,2007,461.95
Lesotho,Total,2008,1987.129
Lesotho,Rural,2008,1524.036
Lesotho,Urban,2008,475.894
Lesotho,Total,2009,1990.131
Lesotho,Rural,2009,1528.685
Lesotho,Urban,2009,490.524
Lesotho,Total,2010,1995.581
Lesotho,Rural,2010,1534.536
Lesotho,Urban,2010,506.015
Lesotho,Total,2011,2003.788
Lesotho,Rural,2011,1541.726
Lesotho,Urban,2011,522.44
Lesotho,Total,2012,2014.994
Lesotho,Rural,2012,1552.732
Lesotho,Urban,2012,537.196
Lesotho,Total,2013,2028.53
Lesotho,Rural,2013,1564.71
Lesotho,Urban,2013,552.651
Lesotho,Total,2014,2043.445
Lesotho,Rural,2014,1577.102
Lesotho,Urban,2014,568.683
Lesotho,Total,2015,2059.021
Lesotho,Rural,2015,1589.499
Lesotho,Urban,2015,585.146
Lesotho,Total,2016,2075.03
Lesotho,Rural,2016,1601.793
Lesotho,Urban,2016,602.028
Lesotho,Total,2017,2091.534
Lesotho,Rural,2017,1614.034
Lesotho,Urban,2017,619.305
Lesotho,Total,2018,2108.328
Lesotho,Rural,2018,1625.909
Lesotho,Urban,2018,637.101
Liberia,Total,2000,2848.456
Liberia,Rural,2000,1605.791
Liberia,Urban,2000,1278.731
Liberia,Total,2001,2953.927
Liberia,Rural,2001,1654.891
Liberia,Urban,2001,1336.241
Liberia,Total,2002,3024.729
Liberia,Rural,2002,1684.052
Liberia,Urban,2002,1378.811
Liberia,Total,2003,3077.058
Liberia,Rural,2003,1702.673
Liberia,Urban,2003,1413.56
Liberia,Total,2004,3135.651
Liberia,Rural,2004,1724.596
Liberia,Urban,2004,1451.818
Liberia,Total,2005,3218.116
Liberia,Rural,2005,1759.411
Liberia,Urban,2005,1501.819
Liberia,Total,2006,3329.211
Liberia,Rural,2006,1809.583
Liberia,Urban,2006,1566.255
Liberia,Total,2007,3461.911
Liberia,Rural,2007,1870.927
Liberia,Urban,2007,1642.005
Liberia,Total,2008,3607.86
Liberia,Rural,2008,1938.155
Liberia,Urban,2008,1724.838
Liberia,Total,2009,3754.133
Liberia,Rural,2009,2003.149
Liberia,Urban,2009,1808.379
Liberia,Total,2010,3891.356
Liberia,Rural,2010,2060.392
Liberia,Urban,2010,1887.733
Liberia,Total,2011,4017.443
Liberia,Rural,2011,2108.635
Liberia,Urban,2011,1961.532
Liberia,Total,2012,4135.659
Liberia,Rural,2012,2150.015
Liberia,Urban,2012,2031.548
Liberia,Total,2013,4248.334
Liberia,Rural,2013,2186.655
Liberia,Urban,2013,2099.636
Liberia,Total,2014,4359.506
Liberia,Rural,2014,2221.838
Liberia,Urban,2014,2168.899
Liberia,Total,2015,4472.23
Liberia,Rural,2015,2257.906
Liberia,Urban,2015,2241.715
Liberia,Total,2016,4586.787
Liberia,Rural,2016,2295.213
Liberia,Urban,2016,2318.61
Liberia,Total,2017,4702.226
Liberia,Rural,2017,2332.953
Liberia,Urban,2017,2398.953
Liberia,Total,2018,4818.973
Liberia,Rural,2018,2370.874
Liberia,Urban,2018,2482.642
Libya,Total,2000,5357.891
Libya,Rural,2000,1264.648
Libya,Urban,2000,4091.103
Libya,Total,2001,5443.248
Libya,Rural,2001,1278.407
Libya,Urban,2001,4162.159
Libya,Total,2002,5531.089
Libya,Rural,2002,1291.813
Libya,Urban,2002,4235.702
Libya,Total,2003,5620.547
Libya,Rural,2003,1304.684
Libya,Urban,2003,4311.268
Libya,Total,2004,5710.154
Libya,Rural,2004,1316.735
Libya,Urban,2004,4388.024
Libya,Total,2005,5798.614
Libya,Rural,2005,1327.659
Libya,Urban,2005,4465.029
Libya,Total,2006,5886.872
Libya,Rural,2006,1337.827
Libya,Urban,2006,4543.608
Libya,Total,2007,5974.787
Libya,Rural,2007,1347.074
Libya,Urban,2007,4623.288
Libya,Total,2008,6058.748
Libya,Rural,2008,1353.957
Libya,Urban,2008,4699.121
Libya,Total,2009,6133.984
Libya,Rural,2009,1356.609
Libya,Urban,2009,4764.444
Libya,Total,2010,6197.663
Libya,Rural,2010,1353.986
Libya,Urban,2010,4815.154
Libya,Total,2011,6247.439
Libya,Rural,2011,1345.388
Libya,Urban,2011,4848.113
Libya,Total,2012,6285.748
Libya,Rural,2012,1331.872
Libya,Urban,2012,4866.386
Libya,Total,2013,6320.36
Libya,Rural,2013,1316.263
Libya,Urban,2013,4879.707
Libya,Total,2014,6362.037
Libya,Rural,2014,1302.302
Libya,Urban,2014,4901.806
Libya,Total,2015,6418.315
Libya,Rural,2015,1292.476
Libya,Urban,2015,4942.479
Libya,Total,2016,6492.162
Libya,Rural,2016,1287.595
Libya,Urban,2016,5005.658
Libya,Total,2017,6580.724
Libya,Rural,2017,1286.565
Libya,Urban,2017,5088.051
Libya,Total,2018,6678.559
Libya,Rural,2018,1287.593
Libya,Urban,2018,5183.363
Lithuania,Total,2000,3501.839
Lithuania,Rural,2000,1156.103
Lithuania,Urban,2000,2345.732
Lithuania,Total,2001,3473.625
Lithuania,Rural,2001,1149.12
Lithuania,Urban,2001,2324.497
Lithuania,Total,2002,3444.763
Lithuania,Rural,2002,1142.699
Lithuania,Urban,2002,2302.055
Lithuania,Total,2003,3414.365
Lithuania,Rural,2003,1135.717
Lithuania,Urban,2003,2278.635
Lithuania,Total,2004,3381.131
Lithuania,Rural,2004,1127.745
Lithuania,Urban,2004,2253.373
Lithuania,Total,2005,3344.268
Lithuania,Rural,2005,1115.801
Lithuania,Urban,2005,2228.451
Lithuania,Total,2006,3303.335
Lithuania,Rural,2006,1099.915
Lithuania,Urban,2006,2203.756
Lithuania,Total,2007,3258.98
Lithuania,Rural,2007,1083.093
Lithuania,Urban,2007,2176.998
Lithuania,Total,2008,3212.865
Lithuania,Rural,2008,1065.707
Lithuania,Urban,2008,2148.92
Lithuania,Total,2009,3167.265
Lithuania,Rural,2009,1050.712
Lithuania,Urban,2009,2118.06
Lithuania,Total,2010,3123.816
Lithuania,Rural,2010,1038.457
Lithuania,Urban,2010,2085.346
Lithuania,Total,2011,3083.403
Lithuania,Rural,2011,1024.337
Lithuania,Urban,2011,2055.544
Lithuania,Total,2012,3045.561
Lithuania,Rural,2012,1006.428
Lithuania,Urban,2012,2030.818
Lithuania,Total,2013,3008.934
Lithuania,Rural,2013,989.541
Lithuania,Urban,2013,2007.793
Lithuania,Total,2014,2971.497
Lithuania,Rural,2014,974.207
Lithuania,Urban,2014,1987.639
Lithuania,Total,2015,2931.88
Lithuania,Rural,2015,960.792
Lithuania,Urban,2015,1971.134
Lithuania,Total,2016,2889.557
Lithuania,Rural,2016,949.079
Lithuania,Urban,2016,1959.17
Lithuania,Total,2017,2845.414
Lithuania,Rural,2017,938.898
Lithuania,Urban,2017,1951.399
Lithuania,Total,2018,2801.264
Lithuania,Rural,2018,929.713
Lithuania,Urban,2018,1946.762
Luxembourg,Total,2000,436.103
Luxembourg,Rural,2000,68.834
Luxembourg,Urban,2000,367.269
Luxembourg,Total,2001,440.198
Luxembourg,Rural,2001,66.722
Luxembourg,Urban,2001,373.476
Luxembourg,Total,2002,443.726
Luxembourg,Rural,2002,65.234
Luxembourg,Urban,2002,378.492
Luxembourg,Total,2003,447.322
Luxembourg,Rural,2003,63.775
Luxembourg,Urban,2003,383.547
Luxembourg,Total,2004,451.819
Luxembourg,Rural,2004,62.457
Luxembourg,Urban,2004,389.362
Luxembourg,Total,2005,457.842
Luxembourg,Rural,2005,61.36
Luxembourg,Urban,2005,396.482
Luxembourg,Total,2006,465.61
Luxembourg,Rural,2006,60.48
Luxembourg,Urban,2006,405.074
Luxembourg,Total,2007,474.915
Luxembourg,Rural,2007,59.77
Luxembourg,Urban,2007,414.952
Luxembourg,Total,2008,485.405
Luxembourg,Rural,2008,59.185
Luxembourg,Urban,2008,425.92
Luxembourg,Total,2009,496.527
Luxembourg,Rural,2009,58.668
Luxembourg,Urban,2009,437.611
Luxembourg,Total,2010,507.889
Luxembourg,Rural,2010,58.167
Luxembourg,Urban,2010,449.722
Luxembourg,Total,2011,519.307
Luxembourg,Rural,2011,57.681
Luxembourg,Urban,2011,462.26
Luxembourg,Total,2012,530.857
Luxembourg,Rural,2012,57.239
Luxembourg,Urban,2012,475.148
Luxembourg,Total,2013,542.56
Luxembourg,Rural,2013,56.792
Luxembourg,Urban,2013,487.929
Luxembourg,Total,2014,554.516
Luxembourg,Rural,2014,56.277
Luxembourg,Urban,2014,500.039
Luxembourg,Total,2015,566.741
Luxembourg,Rural,2015,55.66
Luxembourg,Urban,2015,511.081
Luxembourg,Total,2016,579.264
Luxembourg,Rural,2016,54.927
Luxembourg,Urban,2016,520.82
Luxembourg,Total,2017,591.91
Luxembourg,Rural,2017,54.103
Luxembourg,Urban,2017,529.352
Luxembourg,Total,2018,604.245
Luxembourg,Rural,2018,53.239
Luxembourg,Urban,2018,537.082
Madagascar,Total,2000,15766.806
Madagascar,Rural,2000,11490.635
Madagascar,Urban,2000,4276.171
Madagascar,Total,2001,16260.932
Madagascar,Rural,2001,11806.896
Madagascar,Urban,2001,4454.036
Madagascar,Total,2002,16765.117
Madagascar,Rural,2002,12127.427
Madagascar,Urban,2002,4637.69
Madagascar,Total,2003,17279.141
Madagascar,Rural,2003,12452.023
Madagascar,Urban,2003,4827.118
Madagascar,Total,2004,17802.997
Madagascar,Rural,2004,12780.505
Madagascar,Urban,2004,5022.492
Madagascar,Total,2005,18336.724
Madagascar,Rural,2005,13053.181
Madagascar,Urban,2005,5283.543
Madagascar,Total,2006,18880.269
Madagascar,Rural,2006,13324.762
Madagascar,Urban,2006,5555.506
Madagascar,Total,2007,19433.53
Madagascar,Rural,2007,13595.04
Madagascar,Urban,2007,5838.483
Madagascar,Total,2008,19996.473
Madagascar,Rural,2008,13863.552
Madagascar,Urban,2008,6132.917
Madagascar,Total,2009,20569.117
Madagascar,Rural,2009,14130.85
Madagascar,Urban,2009,6438.271
Madagascar,Total,2010,21151.64
Madagascar,Rural,2010,14396.303
Madagascar,Urban,2010,6755.337
Madagascar,Total,2011,21743.967
Madagascar,Rural,2011,14659.814
Madagascar,Urban,2011,7084.135
Madagascar,Total,2012,22346.645
Madagascar,Rural,2012,14921.525
Madagascar,Urban,2012,7425.048
Madagascar,Total,2013,22961.255
Madagascar,Rural,2013,15182.304
Madagascar,Urban,2013,7778.842
Madagascar,Total,2014,23589.888
Madagascar,Rural,2014,15443.315
Madagascar,Urban,2014,8146.486
Madagascar,Total,2015,24234.088
Madagascar,Rural,2015,15705.295
Madagascar,Urban,2015,8528.793
Madagascar,Total,2016,24894.37
Madagascar,Rural,2016,15968.305
Madagascar,Urban,2016,8926.246
Madagascar,Total,2017,25570.512
Madagascar,Rural,2017,16231.87
Madagascar,Urban,2017,9339.025
Madagascar,Total,2018,26262.313
Madagascar,Rural,2018,16495.525
Madagascar,Urban,2018,9767.285
Malawi,Total,2000,11148.758
Malawi,Rural,2000,9714.122
Malawi,Urban,2000,1662.05
Malawi,Total,2001,11432.0
Malawi,Rural,2001,9976.835
Malawi,Urban,2001,1719.028
Malawi,Total,2002,11713.664
Malawi,Rural,2002,10237.35
Malawi,Urban,2002,1776.361
Malawi,Total,2003,12000.181
Malawi,Rural,2003,10501.614
Malawi,Urban,2003,1835.073
Malawi,Total,2004,12301.838
Malawi,Rural,2004,10779.157
Malawi,Urban,2004,1896.881
Malawi,Total,2005,12625.952
Malawi,Rural,2005,11076.729
Malawi,Urban,2005,1962.982
Malawi,Total,2006,12973.699
Malawi,Rural,2006,11395.534
Malawi,Urban,2006,2033.728
Malawi,Total,2007,13341.806
Malawi,Rural,2007,11732.355
Malawi,Urban,2007,2108.614
Malawi,Total,2008,13727.89
Malawi,Rural,2008,12084.063
Malawi,Urban,2008,2187.171
Malawi,Total,2009,14128.155
Malawi,Rural,2009,12444.33
Malawi,Urban,2009,2270.272
Malawi,Total,2010,14539.612
Malawi,Rural,2010,12809.514
Malawi,Urban,2010,2357.581
Malawi,Total,2011,14962.115
Malawi,Rural,2011,13178.48
Malawi,Urban,2011,2449.138
Malawi,Total,2012,15396.015
Malawi,Rural,2012,13551.942
Malawi,Urban,2012,2545.363
Malawi,Total,2013,15839.286
Malawi,Rural,2013,13930.476
Malawi,Urban,2013,2646.671
Malawi,Total,2014,16289.552
Malawi,Rural,2014,14315.223
Malawi,Urban,2014,2753.615
Malawi,Total,2015,16745.303
Malawi,Rural,2015,14706.907
Malawi,Urban,2015,2866.7
Malawi,Total,2016,17205.261
Malawi,Rural,2016,15105.299
Malawi,Urban,2016,2986.276
Malawi,Total,2017,17670.196
Malawi,Rural,2017,15509.514
Malawi,Urban,2017,3112.59
Malawi,Total,2018,18143.217
Malawi,Rural,2018,15918.795
Malawi,Urban,2018,3245.933
Malaysia,Total,2000,23194.257
Malaysia,Rural,2000,8815.954
Malaysia,Urban,2000,14369.654
Malaysia,Total,2001,23709.119
Malaysia,Rural,2001,8787.057
Malaysia,Urban,2001,14911.85
Malaysia,Total,2002,24208.391
Malaysia,Rural,2002,8746.392
Malaysia,Urban,2002,15452.419
Malaysia,Total,2003,24698.819
Malaysia,Rural,2003,8695.421
Malaysia,Urban,2003,15993.282
Malaysia,Total,2004,25190.652
Malaysia,Rural,2004,8636.297
Malaysia,Urban,2004,16537.812
Malaysia,Total,2005,25690.611
Malaysia,Rural,2005,8571.839
Malaysia,Urban,2005,17087.554
Malaysia,Total,2006,26201.961
Malaysia,Rural,2006,8501.085
Malaysia,Urban,2006,17642.481
Malaysia,Total,2007,26720.37
Malaysia,Rural,2007,8424.428
Malaysia,Urban,2007,18201.417
Malaysia,Total,2008,27236.006
Malaysia,Rural,2008,8343.387
Malaysia,Urban,2008,18767.682
Malaysia,Total,2009,27735.04
Malaysia,Rural,2009,8260.981
Malaysia,Urban,2009,19344.402
Malaysia,Total,2010,28208.035
Malaysia,Rural,2010,8177.34
Malaysia,Urban,2010,19934.949
Malaysia,Total,2011,28650.959
Malaysia,Rural,2011,8129.924
Malaysia,Urban,2011,20505.204
Malaysia,Total,2012,29068.189
Malaysia,Rural,2012,8087.429
Malaysia,Urban,2012,21083.027
Malaysia,Total,2013,29468.923
Malaysia,Rural,2013,8041.475
Malaysia,Urban,2013,21665.249
Malaysia,Total,2014,29866.603
Malaysia,Rural,2014,7987.242
Malaysia,Urban,2014,22240.775
Malaysia,Total,2015,30270.962
Malaysia,Rural,2015,7922.592
Malaysia,Urban,2015,22800.563
Malaysia,Total,2016,30684.654
Malaysia,Rural,2016,7846.716
Malaysia,Urban,2016,23340.549
Malaysia,Total,2017,31104.646
Malaysia,Rural,2017,7764.814
Malaysia,Urban,2017,23859.45
Malaysia,Total,2018,31528.033
Malaysia,Rural,2018,7678.728
Malaysia,Urban,2018,24363.73
Maldives,Total,2000,279.398
Maldives,Rural,2000,202.701
Maldives,Urban,2000,77.683
Maldives,Total,2001,286.306
Maldives,Rural,2001,204.194
Maldives,Urban,2001,82.833
Maldives,Total,2002,294.186
Maldives,Rural,2002,205.915
Maldives,Urban,2002,88.426
Maldives,Total,2003,302.683
Maldives,Rural,2003,207.762
Maldives,Urban,2003,94.447
Maldives,Total,2004,311.265
Maldives,Rural,2004,209.566
Maldives,Urban,2004,100.857
Maldives,Total,2005,319.608
Maldives,Rural,2005,211.23
Maldives,Urban,2005,107.606
Maldives,Total,2006,327.487
Maldives,Rural,2006,213.467
Maldives,Urban,2006,113.904
Maldives,Total,2007,335.169
Maldives,Rural,2007,217.772
Maldives,Urban,2007,118.298
Maldives,Total,2008,343.452
Maldives,Rural,2008,222.18
Maldives,Urban,2008,122.874
Maldives,Total,2009,353.398
Maldives,Rural,2009,226.807
Maldives,Urban,2009,127.694
Maldives,Total,2010,365.734
Maldives,Rural,2010,231.706
Maldives,Urban,2010,132.805
Maldives,Total,2011,380.495
Maldives,Rural,2011,236.899
Maldives,Urban,2011,138.232
Maldives,Total,2012,397.237
Maldives,Rural,2012,242.277
Maldives,Urban,2012,143.926
Maldives,Total,2013,415.593
Maldives,Rural,2013,247.637
Maldives,Urban,2013,149.76
Maldives,Total,2014,435.015
Maldives,Rural,2014,252.679
Maldives,Urban,2014,155.568
Maldives,Total,2015,454.915
Maldives,Rural,2015,257.196
Maldives,Urban,2015,161.207
Maldives,Total,2016,475.512
Maldives,Rural,2016,261.129
Maldives,Urban,2016,166.627
Maldives,Total,2017,496.402
Maldives,Rural,2017,264.503
Maldives,Urban,2017,171.827
Maldives,Total,2018,515.696
Maldives,Rural,2018,267.408
Maldives,Urban,2018,176.851
Mali,Total,2000,10946.445
Mali,Rural,2000,7857.672
Mali,Urban,2000,3110.018
Mali,Total,2001,11271.6
Mali,Rural,2001,8009.704
Mali,Urban,2001,3283.554
Mali,Total,2002,11616.887
Mali,Rural,2002,8169.81
Mali,Urban,2002,3469.119
Mali,Total,2003,11982.695
Mali,Rural,2003,8337.868
Mali,Urban,2003,3667.26
Mali,Total,2004,12369.07
Mali,Rural,2004,8513.241
Mali,Urban,2004,3878.665
Mali,Total,2005,12775.516
Mali,Rural,2005,8695.429
Mali,Urban,2005,4103.334
Mali,Total,2006,13203.378
Mali,Rural,2006,8884.418
Mali,Urban,2006,4342.646
Mali,Total,2007,13651.464
Mali,Rural,2007,9078.96
Mali,Urban,2007,4596.646
Mali,Total,2008,14113.577
Mali,Rural,2008,9274.295
Mali,Urban,2008,4863.921
Mali,Total,2009,14581.429
Mali,Rural,2009,9465.102
Mali,Urban,2009,5141.495
Mali,Total,2010,15049.353
Mali,Rural,2010,9648.158
Mali,Urban,2010,5426.927
Mali,Total,2011,15514.59
Mali,Rural,2011,9822.006
Mali,Urban,2011,5718.983
Mali,Total,2012,15979.496
Mali,Rural,2012,9988.283
Mali,Urban,2012,6018.387
Mali,Total,2013,16449.854
Mali,Rural,2013,10150.619
Mali,Urban,2013,6327.199
Mali,Total,2014,16934.214
Mali,Rural,2014,10314.127
Mali,Urban,2014,6648.719
Mali,Total,2015,17438.778
Mali,Rural,2015,10482.312
Mali,Urban,2015,6985.593
Mali,Total,2016,17965.443
Mali,Rural,2016,10655.945
Mali,Urban,2016,7338.892
Mali,Total,2017,18512.43
Mali,Rural,2017,10833.712
Mali,Urban,2017,7708.268
Mali,Total,2018,19077.749
Mali,Rural,2018,11014.386
Mali,Urban,2018,8093.32
Malta,Total,2000,393.645
Malta,Rural,2000,30.274
Malta,Urban,2000,366.394
Malta,Total,2001,396.328
Malta,Rural,2001,29.376
Malta,Urban,2001,369.779
Malta,Total,2002,398.718
Malta,Rural,2002,28.474
Malta,Urban,2002,372.829
Malta,Total,2003,400.859
Malta,Rural,2003,27.58
Malta,Urban,2003,375.631
Malta,Total,2004,402.817
Malta,Rural,2004,26.703
Malta,Urban,2004,378.304
Malta,Total,2005,404.653
Malta,Rural,2005,25.851
Malta,Urban,2005,380.936
Malta,Total,2006,406.328
Malta,Rural,2006,25.398
Malta,Urban,2006,383.165
Malta,Total,2007,407.852
Malta,Rural,2007,25.207
Malta,Urban,2007,385.117
Malta,Total,2008,409.491
Malta,Rural,2008,25.019
Malta,Urban,2008,387.109
Malta,Total,2009,411.552
Malta,Rural,2009,24.84
Malta,Urban,2009,389.205
Malta,Total,2010,414.253
Malta,Rural,2010,24.669
Malta,Urban,2010,391.441
Malta,Total,2011,417.714
Malta,Rural,2011,24.51
Malta,Urban,2011,393.857
Malta,Total,2012,421.809
Malta,Rural,2012,24.36
Malta,Urban,2012,396.429
Malta,Total,2013,426.151
Malta,Rural,2013,24.213
Malta,Urban,2013,399.033
Malta,Total,2014,430.197
Malta,Rural,2014,24.058
Malta,Urban,2014,401.512
Malta,Total,2015,433.559
Malta,Rural,2015,23.888
Malta,Urban,2015,403.728
Malta,Total,2016,436.097
Malta,Rural,2016,23.701
Malta,Urban,2016,405.661
Malta,Total,2017,437.933
Malta,Rural,2017,23.498
Malta,Urban,2017,407.337
Malta,Total,2018,439.248
Malta,Rural,2018,23.28
Malta,Urban,2018,408.809
Marshall Islands,Total,2000,50.753
Marshall Islands,Rural,2000,16.388
Marshall Islands,Urban,2000,35.771
Marshall Islands,Total,2001,51.422
Marshall Islands,Rural,2001,16.124
Marshall Islands,Urban,2001,36.059
Marshall Islands,Total,2002,52.37
Marshall Islands,Rural,2002,15.847
Marshall Islands,Urban,2002,36.311
Marshall Islands,Total,2003,53.456
Marshall Islands,Rural,2003,15.567
Marshall Islands,Urban,2003,36.549
Marshall Islands,Total,2004,54.476
Marshall Islands,Rural,2004,15.29
Marshall Islands,Urban,2004,36.784
Marshall Islands,Total,2005,55.258
Marshall Islands,Rural,2005,15.024
Marshall Islands,Urban,2005,37.031
Marshall Islands,Total,2006,55.767
Marshall Islands,Rural,2006,14.772
Marshall Islands,Urban,2006,37.306
Marshall Islands,Total,2007,56.051
Marshall Islands,Rural,2007,14.533
Marshall Islands,Urban,2007,37.604
Marshall Islands,Total,2008,56.174
Marshall Islands,Rural,2008,14.301
Marshall Islands,Urban,2008,37.917
Marshall Islands,Total,2009,56.25
Marshall Islands,Rural,2009,14.078
Marshall Islands,Urban,2009,38.242
Marshall Islands,Total,2010,56.366
Marshall Islands,Rural,2010,13.857
Marshall Islands,Urban,2010,38.568
Marshall Islands,Total,2011,56.531
Marshall Islands,Rural,2011,13.641
Marshall Islands,Urban,2011,38.901
Marshall Islands,Total,2012,56.717
Marshall Islands,Rural,2012,13.43
Marshall Islands,Urban,2012,39.233
Marshall Islands,Total,2013,56.938
Marshall Islands,Rural,2013,13.227
Marshall Islands,Urban,2013,39.566
Marshall Islands,Total,2014,57.179
Marshall Islands,Rural,2014,13.021
Marshall Islands,Urban,2014,39.877
Marshall Islands,Total,2015,57.439
Marshall Islands,Rural,2015,12.819
Marshall Islands,Urban,2015,40.175
Marshall Islands,Total,2016,57.735
Marshall Islands,Rural,2016,12.615
Marshall Islands,Urban,2016,40.451
Marshall Islands,Total,2017,58.058
Marshall Islands,Rural,2017,12.413
Marshall Islands,Urban,2017,40.714
Marshall Islands,Total,2018,58.413
Marshall Islands,Rural,2018,12.212
Marshall Islands,Urban,2018,40.955
Mauritania,Total,2000,2630.219
Mauritania,Rural,2000,1677.325
Mauritania,Urban,2000,1032.034
Mauritania,Total,2001,2702.4
Mauritania,Rural,2001,1713.052
Mauritania,Urban,2001,1077.677
Mauritania,Total,2002,2778.099
Mauritania,Rural,2002,1738.864
Mauritania,Urban,2002,1134.364
Mauritania,Total,2003,2857.148
Mauritania,Rural,2003,1763.883
Mauritania,Urban,2003,1193.234
Mauritania,Total,2004,2939.247
Mauritania,Rural,2004,1788.286
Mauritania,Urban,2004,1254.537
Mauritania,Total,2005,3024.194
Mauritania,Rural,2005,1812.352
Mauritania,Urban,2005,1318.368
Mauritania,Total,2006,3111.906
Mauritania,Rural,2006,1835.828
Mauritania,Urban,2006,1384.825
Mauritania,Total,2007,3202.517
Mauritania,Rural,2007,1858.724
Mauritania,Urban,2007,1453.941
Mauritania,Total,2008,3296.238
Mauritania,Rural,2008,1881.382
Mauritania,Urban,2008,1526.159
Mauritania,Total,2009,3393.409
Mauritania,Rural,2009,1904.408
Mauritania,Urban,2009,1601.88
Mauritania,Total,2010,3494.195
Mauritania,Rural,2010,1927.922
Mauritania,Urban,2010,1681.621
Mauritania,Total,2011,3598.648
Mauritania,Rural,2011,1952.048
Mauritania,Urban,2011,1765.624
Mauritania,Total,2012,3706.555
Mauritania,Rural,2012,1976.397
Mauritania,Urban,2012,1853.842
Mauritania,Total,2013,3817.494
Mauritania,Rural,2013,2000.466
Mauritania,Urban,2013,1945.704
Mauritania,Total,2014,3930.896
Mauritania,Rural,2014,2023.713
Mauritania,Urban,2014,2040.207
Mauritania,Total,2015,4046.301
Mauritania,Rural,2015,2045.642
Mauritania,Urban,2015,2136.699
Mauritania,Total,2016,4163.533
Mauritania,Rural,2016,2066.106
Mauritania,Urban,2016,2234.912
Mauritania,Total,2017,4282.57
Mauritania,Rural,2017,2085.278
Mauritania,Urban,2017,2334.906
Mauritania,Total,2018,4403.313
Mauritania,Rural,2018,2103.324
Mauritania,Urban,2018,2436.744
Mauritius,Total,2000,1185.145
Mauritius,Rural,2000,679.44
Mauritius,Urban,2000,505.705
Mauritius,Total,2001,1193.917
Mauritius,Rural,2001,685.803
Mauritius,Urban,2001,508.114
Mauritius,Total,2002,1201.812
Mauritius,Rural,2002,691.683
Mauritius,Urban,2002,510.129
Mauritius,Total,2003,1208.994
Mauritius,Rural,2003,697.168
Mauritius,Urban,2003,511.826
Mauritius,Total,2004,1215.677
Mauritius,Rural,2004,702.381
Mauritius,Urban,2004,513.296
Mauritius,Total,2005,1222.003
Mauritius,Rural,2005,707.398
Mauritius,Urban,2005,514.605
Mauritius,Total,2006,1228.089
Mauritius,Rural,2006,712.296
Mauritius,Urban,2006,515.802
Mauritius,Total,2007,1233.889
Mauritius,Rural,2007,717.043
Mauritius,Urban,2007,516.868
Mauritius,Total,2008,1239.262
Mauritius,Rural,2008,721.553
Mauritius,Urban,2008,517.74
Mauritius,Total,2009,1243.991
Mauritius,Rural,2009,725.69
Mauritius,Urban,2009,518.334
Mauritius,Total,2010,1247.955
Mauritius,Rural,2010,729.371
Mauritius,Urban,2010,518.584
Mauritius,Total,2011,1251.08
Mauritius,Rural,2011,732.554
Mauritius,Urban,2011,518.469
Mauritius,Total,2012,1253.488
Mauritius,Rural,2012,735.323
Mauritius,Urban,2012,518.048
Mauritius,Total,2013,1255.452
Mauritius,Rural,2013,737.839
Mauritius,Urban,2013,517.451
Mauritius,Total,2014,1257.355
Mauritius,Rural,2014,740.367
Mauritius,Urban,2014,516.852
Mauritius,Total,2015,1259.456
Mauritius,Rural,2015,743.079
Mauritius,Urban,2015,516.377
Mauritius,Total,2016,1261.865
Mauritius,Rural,2016,745.793
Mauritius,Urban,2016,516.339
Mauritius,Total,2017,1264.499
Mauritius,Rural,2017,748.44
Mauritius,Urban,2017,516.698
Mauritius,Total,2018,1267.185
Mauritius,Rural,2018,750.928
Mauritius,Urban,2018,517.387
Mexico,Total,2000,98899.845
Mexico,Rural,2000,25712.262
Mexico,Urban,2000,76007.411
Mexico,Total,2001,100298.153
Mexico,Rural,2001,25720.596
Mexico,Urban,2001,77346.472
Mexico,Total,2002,101684.758
Mexico,Rural,2002,25708.164
Mexico,Urban,2002,78647.444
Mexico,Total,2003,103081.02
Mexico,Rural,2003,25689.517
Mexico,Urban,2003,79950.936
Mexico,Total,2004,104514.932
Mexico,Rural,2004,25682.103
Mexico,Urban,2004,81313.48
Mexico,Total,2005,106005.203
Mexico,Rural,2005,25698.905
Mexico,Urban,2005,82773.323
Mexico,Total,2006,107560.153
Mexico,Rural,2006,25744.268
Mexico,Urban,2006,84348.11
Mexico,Total,2007,109170.502
Mexico,Rural,2007,25812.028
Mexico,Urban,2007,86024.318
Mexico,Total,2008,110815.271
Mexico,Rural,2008,25890.431
Mexico,Urban,2008,87771.378
Mexico,Total,2009,112463.887
Mexico,Rural,2009,25966.026
Mexico,Urban,2009,89539.202
Mexico,Total,2010,114092.963
Mexico,Rural,2010,26026.826
Mexico,Urban,2010,91292.115
Mexico,Total,2011,115695.473
Mexico,Rural,2011,26068.11
Mexico,Urban,2011,93021.907
Mexico,Total,2012,117274.155
Mexico,Rural,2012,26092.527
Mexico,Urban,2012,94735.78
Mexico,Total,2013,118827.161
Mexico,Rural,2013,26100.98
Mexico,Urban,2013,96434.989
Mexico,Total,2014,120355.128
Mexico,Rural,2014,26095.704
Mexico,Urban,2014,98125.896
Mexico,Total,2015,121858.258
Mexico,Rural,2015,26078.248
Mexico,Urban,2015,99812.701
Mexico,Total,2016,123333.376
Mexico,Rural,2016,26048.191
Mexico,Urban,2016,101492.232
Mexico,Total,2017,124777.324
Mexico,Rural,2017,26004.525
Mexico,Urban,2017,103158.751
Mexico,Total,2018,126190.788
Mexico,Rural,2018,25947.576
Mexico,Urban,2018,104811.498
Micronesia (Federated States of),Total,2000,107.402
Micronesia (Federated States of),Rural,2000,83.442
Micronesia (Federated States of),Urban,2000,23.99
Micronesia (Federated States of),Total,2001,107.173
Micronesia (Federated States of),Rural,2001,83.235
Micronesia (Federated States of),Urban,2001,23.93
Micronesia (Federated States of),Total,2002,107.03
Micronesia (Federated States of),Rural,2002,83.094
Micronesia (Federated States of),Urban,2002,23.889
Micronesia (Federated States of),Total,2003,106.901
Micronesia (Federated States of),Rural,2003,82.964
Micronesia (Federated States of),Urban,2003,23.852
Micronesia (Federated States of),Total,2004,106.625
Micronesia (Federated States of),Rural,2004,82.778
Micronesia (Federated States of),Urban,2004,23.799
Micronesia (Federated States of),Total,2005,106.129
Micronesia (Federated States of),Rural,2005,82.482
Micronesia (Federated States of),Urban,2005,23.714
Micronesia (Federated States of),Total,2006,105.371
Micronesia (Federated States of),Rural,2006,82.091
Micronesia (Federated States of),Urban,2006,23.593
Micronesia (Federated States of),Total,2007,104.444
Micronesia (Federated States of),Rural,2007,81.627
Micronesia (Federated States of),Urban,2007,23.451
Micronesia (Federated States of),Total,2008,103.543
Micronesia (Federated States of),Rural,2008,81.168
Micronesia (Federated States of),Urban,2008,23.31
Micronesia (Federated States of),Total,2009,102.975
Micronesia (Federated States of),Rural,2009,80.772
Micronesia (Federated States of),Urban,2009,23.188
Micronesia (Federated States of),Total,2010,102.911
Micronesia (Federated States of),Rural,2010,80.511
Micronesia (Federated States of),Urban,2010,23.105
Micronesia (Federated States of),Total,2011,103.45
Micronesia (Federated States of),Rural,2011,80.39
Micronesia (Federated States of),Urban,2011,23.078
Micronesia (Federated States of),Total,2012,104.506
Micronesia (Federated States of),Rural,2012,80.397
Micronesia (Federated States of),Urban,2012,23.106
Micronesia (Federated States of),Total,2013,105.926
Micronesia (Federated States of),Rural,2013,80.519
Micronesia (Federated States of),Urban,2013,23.183
Micronesia (Federated States of),Total,2014,107.446
Micronesia (Federated States of),Rural,2014,80.716
Micronesia (Federated States of),Urban,2014,23.299
Micronesia (Federated States of),Total,2015,108.895
Micronesia (Federated States of),Rural,2015,80.981
Micronesia (Federated States of),Urban,2015,23.452
Micronesia (Federated States of),Total,2016,110.215
Micronesia (Federated States of),Rural,2016,81.299
Micronesia (Federated States of),Urban,2016,23.638
Micronesia (Federated States of),Total,2017,111.459
Micronesia (Federated States of),Rural,2017,81.683
Micronesia (Federated States of),Urban,2017,23.861
Micronesia (Federated States of),Total,2018,112.64
Micronesia (Federated States of),Rural,2018,82.11
Micronesia (Federated States of),Urban,2018,24.117
Monaco,Total,2000,32.147
Monaco,Rural,2000,0.0
Monaco,Urban,2000,32.082
Monaco,Total,2001,32.47
Monaco,Rural,2001,0.0
Monaco,Urban,2001,32.36
Monaco,Total,2002,32.806
Monaco,Rural,2002,0.0
Monaco,Urban,2002,32.629
Monaco,Total,2003,33.153
Monaco,Rural,2003,0.0
Monaco,Urban,2003,32.933
Monaco,Total,2004,33.5
Monaco,Rural,2004,0.0
Monaco,Urban,2004,33.314
Monaco,Total,2005,33.843
Monaco,Rural,2005,0.0
Monaco,Urban,2005,33.793
Monaco,Total,2006,34.19
Monaco,Rural,2006,0.0
Monaco,Urban,2006,34.408
Monaco,Total,2007,34.525
Monaco,Rural,2007,0.0
Monaco,Urban,2007,35.111
Monaco,Total,2008,34.872
Monaco,Rural,2008,0.0
Monaco,Urban,2008,35.853
Monaco,Total,2009,35.226
Monaco,Rural,2009,0.0
Monaco,Urban,2009,36.534
Monaco,Total,2010,35.612
Monaco,Rural,2010,0.0
Monaco,Urban,2010,37.094
Monaco,Total,2011,36.024
Monaco,Rural,2011,0.0
Monaco,Urban,2011,37.497
Monaco,Total,2012,36.46
Monaco,Rural,2012,0.0
Monaco,Urban,2012,37.783
Monaco,Total,2013,36.901
Monaco,Rural,2013,0.0
Monaco,Urban,2013,37.971
Monaco,Total,2014,37.322
Monaco,Rural,2014,0.0
Monaco,Urban,2014,38.132
Monaco,Total,2015,37.718
Monaco,Rural,2015,0.0
Monaco,Urban,2015,38.307
Monaco,Total,2016,38.07
Monaco,Rural,2016,0.0
Monaco,Urban,2016,38.499
Monaco,Total,2017,38.392
Monaco,Rural,2017,0.0
Monaco,Urban,2017,38.695
Monaco,Total,2018,38.682
Monaco,Rural,2018,0.0
Monaco,Urban,2018,38.897
Mongolia,Total,2000,2397.418
Mongolia,Rural,2000,1027.711
Mongolia,Urban,2000,1369.725
Mongolia,Total,2001,2419.588
Mongolia,Rural,2001,1010.938
Mongolia,Urban,2001,1408.838
Mongolia,Total,2002,2443.271
Mongolia,Rural,2002,994.464
Mongolia,Urban,2002,1449.195
Mongolia,Total,2003,2468.762
Mongolia,Rural,2003,978.385
Mongolia,Urban,2003,1490.901
Mongolia,Total,2004,2496.391
Mongolia,Rural,2004,962.707
Mongolia,Urban,2004,1534.125
Mongolia,Total,2005,2526.424
Mongolia,Rural,2005,947.564
Mongolia,Urban,2005,1578.882
Mongolia,Total,2006,2558.856
Mongolia,Rural,2006,932.771
Mongolia,Urban,2006,1625.241
Mongolia,Total,2007,2593.82
Mongolia,Rural,2007,918.387
Mongolia,Urban,2007,1673.283
Mongolia,Total,2008,2631.898
Mongolia,Rural,2008,904.588
Mongolia,Urban,2008,1723.543
Mongolia,Total,2009,2673.796
Mongolia,Rural,2009,891.731
Mongolia,Urban,2009,1776.558
Mongolia,Total,2010,2719.896
Mongolia,Rural,2010,879.794
Mongolia,Urban,2010,1832.856
Mongolia,Total,2011,2770.361
Mongolia,Rural,2011,884.714
Mongolia,Urban,2011,1876.802
Mongolia,Total,2012,2824.698
Mongolia,Rural,2012,899.714
Mongolia,Urban,2012,1914.512
Mongolia,Total,2013,2881.791
Mongolia,Rural,2013,915.345
Mongolia,Urban,2013,1953.762
Mongolia,Total,2014,2940.108
Mongolia,Rural,2014,930.872
Mongolia,Urban,2014,1993.024
Mongolia,Total,2015,2998.439
Mongolia,Rural,2015,945.754
Mongolia,Urban,2015,2031.123
Mongolia,Total,2016,3056.364
Mongolia,Rural,2016,959.785
Mongolia,Urban,2016,2067.613
Mongolia,Total,2017,3113.786
Mongolia,Rural,2017,973.037
Mongolia,Urban,2017,2102.61
Mongolia,Total,2018,3170.216
Mongolia,Rural,2018,985.062
Mongolia,Urban,2018,2136.71
Montenegro,Total,2006,617.86
Montenegro,Rural,2006,229.817
Montenegro,Urban,2006,388.015
Montenegro,Total,2007,619.555
Montenegro,Rural,2007,228.348
Montenegro,Urban,2007,391.136
Montenegro,Total,2008,621.32
Montenegro,Rural,2008,226.898
Montenegro,Urban,2008,394.307
Montenegro,Total,2009,622.939
Montenegro,Rural,2009,225.423
Montenegro,Urban,2009,397.429
Montenegro,Total,2010,624.275
Montenegro,Rural,2010,223.866
Montenegro,Urban,2010,400.419
Montenegro,Total,2011,625.27
Montenegro,Rural,2011,222.219
Montenegro,Urban,2011,403.247
Montenegro,Total,2012,625.925
Montenegro,Rural,2012,220.462
Montenegro,Urban,2012,405.924
Montenegro,Total,2013,626.345
Montenegro,Rural,2013,218.623
Montenegro,Urban,2013,408.471
Montenegro,Total,2014,626.645
Montenegro,Rural,2014,216.73
Montenegro,Urban,2014,410.944
Montenegro,Total,2015,626.956
Montenegro,Rural,2015,214.802
Montenegro,Urban,2015,413.376
Montenegro,Total,2016,627.264
Montenegro,Rural,2016,212.843
Montenegro,Urban,2016,415.772
Montenegro,Total,2017,627.563
Montenegro,Rural,2017,210.847
Montenegro,Urban,2017,418.113
Montenegro,Total,2018,627.809
Montenegro,Rural,2018,208.816
Montenegro,Urban,2018,420.403
Morocco,Total,2000,28793.679
Morocco,Rural,2000,13462.682
Morocco,Urban,2000,15386.939
Morocco,Total,2001,29126.33
Morocco,Rural,2001,13522.209
Morocco,Urban,2001,15659.623
Morocco,Total,2002,29454.768
Morocco,Rural,2002,13578.75
Morocco,Urban,2002,15933.618
Morocco,Total,2003,29782.884
Morocco,Rural,2003,13633.701
Morocco,Urban,2003,16210.236
Morocco,Total,2004,30115.214
Morocco,Rural,2004,13688.174
Morocco,Urban,2004,16491.111
Morocco,Total,2005,30455.561
Morocco,Rural,2005,13681.416
Morocco,Urban,2005,16839.654
Morocco,Total,2006,30804.683
Morocco,Rural,2006,13660.936
Morocco,Urban,2006,17208.41
Morocco,Total,2007,31163.673
Morocco,Rural,2007,13640.554
Morocco,Urban,2007,17585.327
Morocco,Total,2008,31536.811
Morocco,Rural,2008,13622.608
Morocco,Urban,2008,17974.247
Morocco,Total,2009,31929.087
Morocco,Rural,2009,13610.904
Morocco,Urban,2009,18378.993
Morocco,Total,2010,32343.389
Morocco,Rural,2010,13606.337
Morocco,Urban,2010,18803.302
Morocco,Total,2011,32781.853
Morocco,Rural,2011,13609.908
Morocco,Urban,2011,19248.915
Morocco,Total,2012,33241.9
Morocco,Rural,2012,13619.442
Morocco,Urban,2012,19714.347
Morocco,Total,2013,33715.703
Morocco,Rural,2013,13631.417
Morocco,Urban,2013,20193.352
Morocco,Total,2014,34192.357
Morocco,Rural,2014,13639.438
Morocco,Urban,2014,20678.644
Morocco,Total,2015,34663.603
Morocco,Rural,2015,13639.728
Morocco,Urban,2015,21163.594
Morocco,Total,2016,35126.283
Morocco,Rural,2016,13630.788
Morocco,Urban,2016,21645.998
Morocco,Total,2017,35581.255
Morocco,Rural,2017,13613.878
Morocco,Urban,2017,22125.702
Morocco,Total,2018,36029.093
Morocco,Rural,2018,13589.062
Morocco,Urban,2018,22602.743
Mozambique,Total,2000,17711.927
Mozambique,Rural,2000,12810.292
Mozambique,Urban,2000,5257.395
Mozambique,Total,2001,18221.888
Mozambique,Rural,2001,13146.513
Mozambique,Urban,2001,5442.245
Mozambique,Total,2002,18764.155
Mozambique,Rural,2002,13501.744
Mozambique,Urban,2002,5637.914
Mozambique,Total,2003,19331.1
Mozambique,Rural,2003,13873.191
Mozambique,Urban,2003,5843.407
Mozambique,Total,2004,19910.552
Mozambique,Rural,2004,14255.83
Mozambique,Urban,2004,6056.875
Mozambique,Total,2005,20493.925
Mozambique,Rural,2005,14646.262
Mozambique,Urban,2005,6276.808
Mozambique,Total,2006,21080.11
Mozambique,Rural,2006,15044.085
Mozambique,Urban,2006,6503.378
Mozambique,Total,2007,21673.316
Mozambique,Rural,2007,15451.006
Mozambique,Urban,2007,6737.381
Mozambique,Total,2008,22276.596
Mozambique,Rural,2008,15802.686
Mozambique,Urban,2008,7044.072
Mozambique,Total,2009,22894.71
Mozambique,Rural,2009,16154.357
Mozambique,Urban,2009,7369.706
Mozambique,Total,2010,23531.574
Mozambique,Rural,2010,16511.748
Mozambique,Urban,2010,7709.657
Mozambique,Total,2011,24187.494
Mozambique,Rural,2011,16874.793
Mozambique,Urban,2011,8064.212
Mozambique,Total,2012,24862.664
Mozambique,Rural,2012,17242.761
Mozambique,Urban,2012,8433.845
Mozambique,Total,2013,25560.755
Mozambique,Rural,2013,17615.928
Mozambique,Urban,2013,8818.444
Mozambique,Total,2014,26286.191
Mozambique,Rural,2014,17993.425
Mozambique,Urban,2014,9218.957
Mozambique,Total,2015,27042.002
Mozambique,Rural,2015,18375.089
Mozambique,Urban,2015,9635.602
Mozambique,Total,2016,27829.938
Mozambique,Rural,2016,18760.441
Mozambique,Urban,2016,10069.035
Mozambique,Total,2017,28649.018
Mozambique,Rural,2017,19149.788
Mozambique,Urban,2017,10519.046
Mozambique,Total,2018,29496.004
Mozambique,Rural,2018,19542.053
Mozambique,Urban,2018,10986.62
Myanmar,Total,2000,46719.701
Myanmar,Rural,2000,33637.935
Myanmar,Urban,2000,12457.527
Myanmar,Total,2001,47225.12
Myanmar,Rural,2001,33941.554
Myanmar,Urban,2001,12686.44
Myanmar,Total,2002,47702.171
Myanmar,Rural,2002,34228.006
Myanmar,Urban,2002,12912.214
Myanmar,Total,2003,48148.902
Myanmar,Rural,2003,34492.26
Myanmar,Urban,2003,13132.634
Myanmar,Total,2004,48564.484
Myanmar,Rural,2004,34728.333
Myanmar,Urban,2004,13345.374
Myanmar,Total,2005,48949.924
Myanmar,Rural,2005,34933.87
Myanmar,Urban,2005,13548.744
Myanmar,Total,2006,49301.05
Myanmar,Rural,2006,35105.021
Myanmar,Urban,2006,13741.453
Myanmar,Total,2007,49621.475
Myanmar,Rural,2007,35246.67
Myanmar,Urban,2007,13924.916
Myanmar,Total,2008,49929.642
Myanmar,Rural,2008,35374.487
Myanmar,Urban,2008,14105.265
Myanmar,Total,2009,50250.367
Myanmar,Rural,2009,35510.138
Myanmar,Urban,2009,14290.552
Myanmar,Total,2010,50600.818
Myanmar,Rural,2010,35668.447
Myanmar,Urban,2010,14487.449
Myanmar,Total,2011,50990.617
Myanmar,Rural,2011,35854.775
Myanmar,Urban,2011,14698.256
Myanmar,Total,2012,51413.704
Myanmar,Rural,2012,36064.794
Myanmar,Urban,2012,14921.72
Myanmar,Total,2013,51852.468
Myanmar,Rural,2013,36292.944
Myanmar,Urban,2013,15155.252
Myanmar,Total,2014,52280.824
Myanmar,Rural,2014,36528.875
Myanmar,Urban,2014,15395.307
Myanmar,Total,2015,52680.726
Myanmar,Rural,2015,36757.132
Myanmar,Urban,2015,15646.537
Myanmar,Total,2016,53045.201
Myanmar,Rural,2016,36976.382
Myanmar,Urban,2016,15908.841
Myanmar,Total,2017,53382.523
Myanmar,Rural,2017,37187.526
Myanmar,Urban,2017,16183.083
Myanmar,Total,2018,53708.32
Myanmar,Rural,2018,37387.374
Myanmar,Urban,2018,16468.361
Namibia,Total,2000,1794.571
Namibia,Rural,2000,1284.412
Namibia,Urban,2000,614.845
Namibia,Total,2001,1823.672
Namibia,Rural,2001,1297.49
Namibia,Urban,2001,636.106
Namibia,Total,2002,1851.523
Namibia,Rural,2002,1299.607
Namibia,Urban,2002,662.54
Namibia,Total,2003,1879.117
Namibia,Rural,2003,1297.022
Namibia,Urban,2003,689.513
Namibia,Total,2004,1907.745
Namibia,Rural,2004,1292.615
Namibia,Urban,2004,716.613
Namibia,Total,2005,1938.32
Namibia,Rural,2005,1287.768
Namibia,Urban,2005,744.428
Namibia,Total,2006,1971.317
Namibia,Rural,2006,1282.581
Namibia,Urban,2006,773.153
Namibia,Total,2007,2006.514
Namibia,Rural,2007,1277.117
Namibia,Urban,2007,802.798
Namibia,Total,2008,2043.394
Namibia,Rural,2008,1272.323
Namibia,Urban,2008,834.052
Namibia,Total,2009,2081.044
Namibia,Rural,2009,1269.37
Namibia,Urban,2009,867.67
Namibia,Total,2010,2118.874
Namibia,Rural,2010,1268.79
Namibia,Urban,2010,904.38
Namibia,Total,2011,2156.698
Namibia,Rural,2011,1270.945
Namibia,Urban,2011,944.676
Namibia,Total,2012,2194.783
Namibia,Rural,2012,1274.757
Namibia,Urban,2012,989.177
Namibia,Total,2013,2233.508
Namibia,Rural,2013,1279.729
Namibia,Urban,2013,1036.791
Namibia,Total,2014,2273.423
Namibia,Rural,2014,1284.455
Namibia,Urban,2014,1086.537
Namibia,Total,2015,2314.904
Namibia,Rural,2015,1287.973
Namibia,Urban,2015,1137.588
Namibia,Total,2016,2358.044
Namibia,Rural,2016,1290.418
Namibia,Urban,2016,1189.295
Namibia,Total,2017,2402.633
Namibia,Rural,2017,1292.108
Namibia,Urban,2017,1241.686
Namibia,Total,2018,2448.301
Namibia,Rural,2018,1293.06
Namibia,Urban,2018,1294.741
Nauru,Total,2000,10.337
Nauru,Rural,2000,0.0
Nauru,Urban,2000,10.037
Nauru,Total,2001,10.215
Nauru,Rural,2001,0.0
Nauru,Urban,2001,10.052
Nauru,Total,2002,10.102
Nauru,Rural,2002,0.0
Nauru,Urban,2002,10.08
Nauru,Total,2003,9.994
Nauru,Rural,2003,0.0
Nauru,Urban,2003,10.106
Nauru,Total,2004,9.902
Nauru,Rural,2004,0.0
Nauru,Urban,2004,10.126
Nauru,Total,2005,9.849
Nauru,Rural,2005,0.0
Nauru,Urban,2005,10.114
Nauru,Total,2006,9.828
Nauru,Rural,2006,0.0
Nauru,Urban,2006,10.071
Nauru,Total,2007,9.842
Nauru,Rural,2007,0.0
Nauru,Urban,2007,10.002
Nauru,Total,2008,9.891
Nauru,Rural,2008,0.0
Nauru,Urban,2008,9.947
Nauru,Total,2009,9.939
Nauru,Rural,2009,0.0
Nauru,Urban,2009,9.945
Nauru,Total,2010,10.005
Nauru,Rural,2010,0.0
Nauru,Urban,2010,10.025
Nauru,Total,2011,10.07
Nauru,Rural,2011,0.0
Nauru,Urban,2011,10.208
Nauru,Total,2012,10.14
Nauru,Rural,2012,0.0
Nauru,Urban,2012,10.478
Nauru,Total,2013,10.209
Nauru,Rural,2013,0.0
Nauru,Urban,2013,10.79
Nauru,Total,2014,10.289
Nauru,Rural,2014,0.0
Nauru,Urban,2014,11.07
Nauru,Total,2015,10.383
Nauru,Rural,2015,0.0
Nauru,Urban,2015,11.26
Nauru,Total,2016,10.475
Nauru,Rural,2016,0.0
Nauru,Urban,2016,11.347
Nauru,Total,2017,10.573
Nauru,Rural,2017,0.0
Nauru,Urban,2017,11.359
Nauru,Total,2018,10.67
Nauru,Rural,2018,0.0
Nauru,Urban,2018,11.312
Nepal,Total,2000,23941.11
Nepal,Rural,2000,20560.41
Nepal,Urban,2000,3180.501
Nepal,Total,2001,24347.106
Nepal,Rural,2001,20791.897
Nepal,Urban,2001,3369.88
Nepal,Total,2002,24725.627
Nepal,Rural,2002,21068.143
Nepal,Urban,2002,3498.199
Nepal,Total,2003,25080.872
Nepal,Rural,2003,21323.411
Nepal,Urban,2003,3627.212
Nepal,Total,2004,25419.344
Nepal,Rural,2004,21553.302
Nepal,Urban,2004,3756.147
Nepal,Total,2005,25744.5
Nepal,Rural,2005,21756.151
Nepal,Urban,2005,3884.136
Nepal,Total,2006,26066.693
Nepal,Rural,2006,21929.706
Nepal,Urban,2006,4010.912
Nepal,Total,2007,26382.581
Nepal,Rural,2007,22078.011
Nepal,Urban,2007,4136.836
Nepal,Total,2008,26666.576
Nepal,Rural,2008,22211.953
Nepal,Urban,2008,4263.906
Nepal,Total,2009,26883.535
Nepal,Rural,2009,22346.548
Nepal,Urban,2009,4394.555
Nepal,Total,2010,27013.212
Nepal,Rural,2010,22491.798
Nepal,Urban,2010,4531.339
Nepal,Total,2011,27041.22
Nepal,Rural,2011,22651.895
Nepal,Urban,2011,4675.252
Nepal,Total,2012,26989.163
Nepal,Rural,2012,22822.896
Nepal,Urban,2012,4827.029
Nepal,Total,2013,26916.793
Nepal,Rural,2013,22999.677
Nepal,Urban,2013,4985.633
Nepal,Total,2014,26905.978
Nepal,Rural,2014,23173.611
Nepal,Urban,2014,5149.63
Nepal,Total,2015,27015.031
Nepal,Rural,2015,23338.483
Nepal,Urban,2015,5317.799
Nepal,Total,2016,27263.433
Nepal,Rural,2016,23492.872
Nepal,Urban,2016,5489.899
Nepal,Total,2017,27632.681
Nepal,Rural,2017,23638.57
Nepal,Urban,2017,5666.428
Nepal,Total,2018,28095.714
Nepal,Rural,2018,23776.364
Nepal,Urban,2018,5847.671
Netherlands,Total,2000,15926.188
Netherlands,Rural,2000,3695.706
Netherlands,Urban,2000,12230.482
Netherlands,Total,2001,16018.114
Netherlands,Rural,2001,3551.153
Netherlands,Urban,2001,12466.961
Netherlands,Total,2002,16110.355
Netherlands,Rural,2002,3364.924
Netherlands,Urban,2002,12745.431
Netherlands,Total,2003,16200.951
Netherlands,Rural,2003,3184.995
Netherlands,Urban,2003,13015.956
Netherlands,Total,2004,16287.182
Netherlands,Rural,2004,3010.783
Netherlands,Urban,2004,13276.399
Netherlands,Total,2005,16367.158
Netherlands,Rural,2005,2842.946
Netherlands,Urban,2005,13524.212
Netherlands,Total,2006,16440.097
Netherlands,Rural,2006,2690.294
Netherlands,Urban,2006,13749.928
Netherlands,Total,2007,16506.655
Netherlands,Rural,2007,2552.168
Netherlands,Urban,2007,13954.888
Netherlands,Total,2008,16568.104
Netherlands,Rural,2008,2418.707
Netherlands,Urban,2008,14150.027
Netherlands,Total,2009,16626.373
Netherlands,Rural,2009,2279.916
Netherlands,Urban,2009,14347.01
Netherlands,Total,2010,16682.917
Netherlands,Rural,2010,2146.443
Netherlands,Urban,2010,14536.474
Netherlands,Total,2011,16738.193
Netherlands,Rural,2011,2028.656
Netherlands,Urban,2011,14708.346
Netherlands,Total,2012,16791.84
Netherlands,Rural,2012,1915.976
Netherlands,Urban,2012,14873.119
Netherlands,Total,2013,16843.502
Netherlands,Rural,2013,1820.817
Netherlands,Urban,2013,15018.882
Netherlands,Total,2014,16892.523
Netherlands,Rural,2014,1741.23
Netherlands,Urban,2014,15148.126
Netherlands,Total,2015,16938.499
Netherlands,Rural,2015,1664.62
Netherlands,Urban,2015,15273.879
Netherlands,Total,2016,16981.295
Netherlands,Rural,2016,1590.832
Netherlands,Urban,2016,15396.498
Netherlands,Total,2017,17021.347
Netherlands,Rural,2017,1520.119
Netherlands,Urban,2017,15515.819
Netherlands,Total,2018,17059.56
Netherlands,Rural,2018,1453.872
Netherlands,Urban,2018,15630.587
New Zealand,Total,2000,3858.999
New Zealand,Rural,2000,539.447
New Zealand,Urban,2000,3319.552
New Zealand,Total,2001,3907.933
New Zealand,Rural,2001,543.196
New Zealand,Urban,2001,3364.737
New Zealand,Total,2002,3963.206
New Zealand,Rural,2002,548.484
New Zealand,Urban,2002,3414.722
New Zealand,Total,2003,4022.069
New Zealand,Rural,2003,554.208
New Zealand,Urban,2003,3467.861
New Zealand,Total,2004,4080.438
New Zealand,Rural,2004,559.799
New Zealand,Urban,2004,3520.639
New Zealand,Total,2005,4135.355
New Zealand,Rural,2005,564.865
New Zealand,Urban,2005,3570.49
New Zealand,Total,2006,4185.888
New Zealand,Rural,2006,569.292
New Zealand,Urban,2006,3616.625
New Zealand,Total,2007,4233.046
New Zealand,Rural,2007,578.237
New Zealand,Urban,2007,3654.914
New Zealand,Total,2008,4278.155
New Zealand,Rural,2008,586.969
New Zealand,Urban,2008,3691.356
New Zealand,Total,2009,4323.337
New Zealand,Rural,2009,595.754
New Zealand,Urban,2009,3727.728
New Zealand,Total,2010,4370.062
New Zealand,Rural,2010,604.805
New Zealand,Urban,2010,3765.257
New Zealand,Total,2011,4418.678
New Zealand,Rural,2011,614.145
New Zealand,Urban,2011,3804.22
New Zealand,Total,2012,4468.457
New Zealand,Rural,2012,618.306
New Zealand,Urban,2012,3849.437
New Zealand,Total,2013,4518.515
New Zealand,Rural,2013,622.479
New Zealand,Urban,2013,3895.048
New Zealand,Total,2014,4567.527
New Zealand,Rural,2014,626.516
New Zealand,Urban,2014,3940.184
New Zealand,Total,2015,4614.532
New Zealand,Rural,2015,630.32
New Zealand,Urban,2015,3984.212
New Zealand,Total,2016,4659.265
New Zealand,Rural,2016,633.866
New Zealand,Urban,2016,4026.967
New Zealand,Total,2017,4702.034
New Zealand,Rural,2017,636.894
New Zealand,Urban,2017,4068.924
New Zealand,Total,2018,4743.131
New Zealand,Rural,2018,639.408
New Zealand,Urban,2018,4110.19
Nicaragua,Total,2000,5069.302
Nicaragua,Rural,2000,2252.737
Nicaragua,Urban,2000,2774.059
Nicaragua,Total,2001,5145.366
Nicaragua,Rural,2001,2278.271
Nicaragua,Urban,2001,2822.479
Nicaragua,Total,2002,5219.328
Nicaragua,Rural,2002,2302.257
Nicaragua,Urban,2002,2869.477
Nicaragua,Total,2003,5292.118
Nicaragua,Rural,2003,2325.221
Nicaragua,Urban,2003,2915.658
Nicaragua,Total,2004,5364.935
Nicaragua,Rural,2004,2347.83
Nicaragua,Urban,2004,2961.873
Nicaragua,Total,2005,5438.69
Nicaragua,Rural,2005,2370.424
Nicaragua,Urban,2005,3008.904
Nicaragua,Total,2006,5513.763
Nicaragua,Rural,2006,2390.923
Nicaragua,Urban,2006,3059.288
Nicaragua,Total,2007,5590.055
Nicaragua,Rural,2007,2411.595
Nicaragua,Urban,2007,3110.511
Nicaragua,Total,2008,5667.432
Nicaragua,Rural,2008,2432.201
Nicaragua,Urban,2008,3162.305
Nicaragua,Total,2009,5745.526
Nicaragua,Rural,2009,2452.422
Nicaragua,Urban,2009,3214.159
Nicaragua,Total,2010,5824.065
Nicaragua,Rural,2010,2471.956
Nicaragua,Urban,2010,3265.767
Nicaragua,Total,2011,5903.039
Nicaragua,Rural,2011,2490.775
Nicaragua,Urban,2011,3317.045
Nicaragua,Total,2012,5982.526
Nicaragua,Rural,2012,2508.971
Nicaragua,Urban,2012,3368.137
Nicaragua,Total,2013,6062.457
Nicaragua,Rural,2013,2526.665
Nicaragua,Urban,2013,3419.082
Nicaragua,Total,2014,6142.731
Nicaragua,Rural,2014,2543.925
Nicaragua,Urban,2014,3470.072
Nicaragua,Total,2015,6223.24
Nicaragua,Rural,2015,2560.844
Nicaragua,Urban,2015,3521.191
Nicaragua,Total,2016,6303.974
Nicaragua,Rural,2016,2577.435
Nicaragua,Urban,2016,3572.493
Nicaragua,Total,2017,6384.846
Nicaragua,Rural,2017,2592.801
Nicaragua,Urban,2017,3624.78
Nicaragua,Total,2018,6465.501
Nicaragua,Rural,2018,2606.772
Nicaragua,Urban,2018,3677.985
Niger,Total,2000,11331.557
Niger,Rural,2000,9515.369
Niger,Urban,2000,1837.604
Niger,Total,2001,11751.365
Niger,Rural,2001,9857.911
Niger,Urban,2001,1914.065
Niger,Total,2002,12189.983
Niger,Rural,2002,10221.895
Niger,Urban,2002,1984.107
Niger,Total,2003,12647.984
Niger,Rural,2003,10600.022
Niger,Urban,2003,2056.848
Niger,Total,2004,13125.916
Niger,Rural,2004,10994.331
Niger,Urban,2004,2132.681
Niger,Total,2005,13624.467
Niger,Rural,2005,11406.515
Niger,Urban,2005,2211.934
Niger,Total,2006,14143.971
Niger,Rural,2006,11837.319
Niger,Urban,2006,2294.745
Niger,Total,2007,14685.399
Niger,Rural,2007,12287.148
Niger,Urban,2007,2381.19
Niger,Total,2008,15250.908
Niger,Rural,2008,12757.057
Niger,Urban,2008,2471.468
Niger,Total,2009,15843.133
Niger,Rural,2009,13248.124
Niger,Urban,2009,2565.789
Niger,Total,2010,16464.025
Niger,Rural,2010,13761.257
Niger,Urban,2010,2664.321
Niger,Total,2011,17114.766
Niger,Rural,2011,14297.394
Niger,Urban,2011,2767.242
Niger,Total,2012,17795.21
Niger,Rural,2012,14856.997
Niger,Urban,2012,2874.637
Niger,Total,2013,18504.281
Niger,Rural,2013,15439.9
Niger,Urban,2013,2986.472
Niger,Total,2014,19240.179
Niger,Rural,2014,16042.54
Niger,Urban,2014,3105.679
Niger,Total,2015,20001.663
Niger,Rural,2015,16664.382
Niger,Urban,2015,3232.583
Niger,Total,2016,20788.798
Niger,Rural,2016,17305.349
Niger,Urban,2016,3367.638
Niger,Total,2017,21602.382
Niger,Rural,2017,17965.903
Niger,Urban,2017,3511.445
Niger,Total,2018,22442.822
Niger,Rural,2018,18646.683
Niger,Urban,2018,3664.692
Nigeria,Total,2000,122283.85
Nigeria,Rural,2000,79724.569
Nigeria,Urban,2000,42627.44
Nigeria,Total,2001,125394.046
Nigeria,Rural,2001,80711.492
Nigeria,Urban,2001,44751.942
Nigeria,Total,2002,128596.076
Nigeria,Rural,2002,81692.471
Nigeria,Urban,2002,46974.239
Nigeria,Total,2003,131900.631
Nigeria,Rural,2003,82673.013
Nigeria,Urban,2003,49299.52
Nigeria,Total,2004,135320.422
Nigeria,Rural,2004,83656.546
Nigeria,Urban,2004,51737.07
Nigeria,Total,2005,138865.016
Nigeria,Rural,2005,84650.56
Nigeria,Urban,2005,54288.918
Nigeria,Total,2006,142538.308
Nigeria,Rural,2006,85649.313
Nigeria,Urban,2006,56964.781
Nigeria,Total,2007,146339.977
Nigeria,Rural,2007,86650.758
Nigeria,Urban,2007,59766.266
Nigeria,Total,2008,150269.623
Nigeria,Rural,2008,87649.227
Nigeria,Urban,2008,62698.163
Nigeria,Total,2009,154324.933
Nigeria,Rural,2009,88645.241
Nigeria,Urban,2009,65756.94
Nigeria,Total,2010,158503.197
Nigeria,Rural,2010,89628.433
Nigeria,Urban,2010,68949.828
Nigeria,Total,2011,162805.077
Nigeria,Rural,2011,90614.743
Nigeria,Urban,2011,72262.333
Nigeria,Total,2012,167228.794
Nigeria,Rural,2012,91602.273
Nigeria,Urban,2012,75695.011
Nigeria,Total,2013,171765.816
Nigeria,Rural,2013,92584.883
Nigeria,Urban,2013,79244.42
Nigeria,Total,2014,176404.934
Nigeria,Rural,2014,93555.299
Nigeria,Urban,2014,82905.203
Nigeria,Total,2015,181137.448
Nigeria,Rural,2015,94508.65
Nigeria,Urban,2015,86673.094
Nigeria,Total,2016,185960.241
Nigeria,Rural,2016,95443.463
Nigeria,Urban,2016,90546.177
Nigeria,Total,2017,190873.244
Nigeria,Rural,2017,96361.295
Nigeria,Urban,2017,94525.016
Nigeria,Total,2018,195874.683
Nigeria,Rural,2018,97264.436
Nigeria,Urban,2018,98610.801
Niue,Total,2000,1.899
Niue,Rural,2000,1.271
Niue,Urban,2000,0.628
Niue,Total,2001,1.854
Niue,Rural,2001,1.234
Niue,Urban,2001,0.62
Niue,Total,2002,1.791
Niue,Rural,2002,1.183
Niue,Urban,2002,0.606
Niue,Total,2003,1.755
Niue,Rural,2003,1.153
Niue,Urban,2003,0.602
Niue,Total,2004,1.715
Niue,Rural,2004,1.119
Niue,Urban,2004,0.596
Niue,Total,2005,1.683
Niue,Rural,2005,1.09
Niue,Urban,2005,0.593
Niue,Total,2006,1.661
Niue,Rural,2006,1.069
Niue,Urban,2006,0.593
Niue,Total,2007,1.643
Niue,Rural,2007,1.051
Niue,Urban,2007,0.6
Niue,Total,2008,1.635
Niue,Rural,2008,1.03
Niue,Urban,2008,0.609
Niue,Total,2009,1.628
Niue,Rural,2009,1.016
Niue,Urban,2009,0.62
Niue,Total,2010,1.618
Niue,Rural,2010,1.0
Niue,Urban,2010,0.63
Niue,Total,2011,1.62
Niue,Rural,2011,0.987
Niue,Urban,2011,0.643
Niue,Total,2012,1.61
Niue,Rural,2012,0.97
Niue,Urban,2012,0.653
Niue,Total,2013,1.612
Niue,Rural,2013,0.957
Niue,Urban,2013,0.666
Niue,Total,2014,1.609
Niue,Rural,2014,0.94
Niue,Urban,2014,0.676
Niue,Total,2015,1.619
Niue,Rural,2015,0.936
Niue,Urban,2015,0.693
Niue,Total,2016,1.614
Niue,Rural,2016,0.921
Niue,Urban,2016,0.703
Niue,Total,2017,1.609
Niue,Rural,2017,0.905
Niue,Urban,2017,0.713
Niue,Total,2018,1.62
Niue,Rural,2018,0.897
Niue,Urban,2018,0.727
Republic of North Macedonia,Total,2000,2034.819
Republic of North Macedonia,Rural,2000,843.475
Republic of North Macedonia,Urban,2000,1191.344
Republic of North Macedonia,Total,2001,2042.842
Republic of North Macedonia,Rural,2001,851.059
Republic of North Macedonia,Urban,2001,1191.783
Republic of North Macedonia,Total,2002,2048.928
Republic of North Macedonia,Rural,2002,857.876
Republic of North Macedonia,Urban,2002,1191.052
Republic of North Macedonia,Total,2003,2053.426
Republic of North Macedonia,Rural,2003,864.058
Republic of North Macedonia,Urban,2003,1189.368
Republic of North Macedonia,Total,2004,2057.048
Republic of North Macedonia,Rural,2004,869.899
Republic of North Macedonia,Urban,2004,1187.148
Republic of North Macedonia,Total,2005,2060.273
Republic of North Macedonia,Rural,2005,874.955
Republic of North Macedonia,Urban,2005,1185.317
Republic of North Macedonia,Total,2006,2063.131
Republic of North Macedonia,Rural,2006,879.256
Republic of North Macedonia,Urban,2006,1183.889
Republic of North Macedonia,Total,2007,2065.426
Republic of North Macedonia,Rural,2007,882.7
Republic of North Macedonia,Urban,2007,1182.758
Republic of North Macedonia,Total,2008,2067.313
Republic of North Macedonia,Rural,2008,885.353
Republic of North Macedonia,Urban,2008,1182.025
Republic of North Macedonia,Total,2009,2069.039
Republic of North Macedonia,Rural,2009,887.291
Republic of North Macedonia,Urban,2009,1181.802
Republic of North Macedonia,Total,2010,2070.741
Republic of North Macedonia,Rural,2010,888.57
Republic of North Macedonia,Urban,2010,1182.169
Republic of North Macedonia,Total,2011,2072.487
Republic of North Macedonia,Rural,2011,889.216
Republic of North Macedonia,Urban,2011,1183.167
Republic of North Macedonia,Total,2012,2074.278
Republic of North Macedonia,Rural,2012,889.234
Republic of North Macedonia,Urban,2012,1184.802
Republic of North Macedonia,Total,2013,2076.067
Republic of North Macedonia,Rural,2013,888.639
Republic of North Macedonia,Urban,2013,1187.1
Republic of North Macedonia,Total,2014,2077.775
Republic of North Macedonia,Rural,2014,887.432
Republic of North Macedonia,Urban,2014,1190.063
Republic of North Macedonia,Total,2015,2079.328
Republic of North Macedonia,Rural,2015,885.614
Republic of North Macedonia,Urban,2015,1193.694
Republic of North Macedonia,Total,2016,2080.743
Republic of North Macedonia,Rural,2016,883.198
Republic of North Macedonia,Urban,2016,1198.008
Republic of North Macedonia,Total,2017,2081.996
Republic of North Macedonia,Rural,2017,880.172
Republic of North Macedonia,Urban,2017,1202.988
Republic of North Macedonia,Total,2018,2082.957
Republic of North Macedonia,Rural,2018,876.488
Republic of North Macedonia,Urban,2018,1208.563
Norway,Total,2000,4499.367
Norway,Rural,2000,1078.958
Norway,Urban,2000,3420.409
Norway,Total,2001,4523.145
Norway,Rural,2001,1068.456
Norway,Urban,2001,3454.689
Norway,Total,2002,4546.019
Norway,Rural,2002,1057.72
Norway,Urban,2002,3488.299
Norway,Total,2003,4570.106
Norway,Rural,2003,1047.27
Norway,Urban,2003,3522.836
Norway,Total,2004,4598.214
Norway,Rural,2004,1039.256
Norway,Urban,2004,3558.958
Norway,Total,2005,4632.364
Norway,Rural,2005,1034.154
Norway,Urban,2005,3598.21
Norway,Total,2006,4672.994
Norway,Rural,2006,1030.404
Norway,Urban,2006,3642.666
Norway,Total,2007,4719.402
Norway,Rural,2007,1027.294
Norway,Urban,2007,3692.354
Norway,Total,2008,4771.019
Norway,Rural,2008,1024.599
Norway,Urban,2008,3746.81
Norway,Total,2009,4826.848
Norway,Rural,2009,1022.628
Norway,Urban,2009,3804.552
Norway,Total,2010,4885.878
Norway,Rural,2010,1021.067
Norway,Urban,2010,3864.811
Norway,Total,2011,4948.33
Norway,Rural,2011,1016.484
Norway,Urban,2011,3931.111
Norway,Total,2012,5013.709
Norway,Rural,2012,1008.706
Norway,Urban,2012,4003.301
Norway,Total,2013,5079.455
Norway,Rural,2013,1000.906
Norway,Urban,2013,4076.195
Norway,Total,2014,5142.265
Norway,Rural,2014,992.506
Norway,Urban,2014,4147.805
Norway,Total,2015,5199.836
Norway,Rural,2015,983.228
Norway,Urban,2015,4216.608
Norway,Total,2016,5250.949
Norway,Rural,2016,972.918
Norway,Urban,2016,4281.776
Norway,Total,2017,5296.326
Norway,Rural,2017,961.814
Norway,Urban,2017,4343.569
Norway,Total,2018,5337.962
Norway,Rural,2018,950.323
Norway,Urban,2018,4403.04
Oman,Total,2000,2267.973
Oman,Rural,2000,644.819
Oman,Urban,2000,1623.172
Oman,Total,2001,2294.962
Oman,Rural,2001,652.896
Oman,Urban,2001,1641.891
Oman,Total,2002,2334.858
Oman,Rural,2002,664.6
Oman,Urban,2002,1669.685
Oman,Total,2003,2386.166
Oman,Rural,2003,679.589
Oman,Urban,2003,1705.666
Oman,Total,2004,2445.517
Oman,Rural,2004,688.77
Oman,Urban,2004,1755.981
Oman,Total,2005,2511.251
Oman,Rural,2005,693.105
Oman,Urban,2005,1818.164
Oman,Total,2006,2580.758
Oman,Rural,2006,698.251
Oman,Urban,2006,1884.74
Oman,Total,2007,2657.158
Oman,Rural,2007,704.911
Oman,Urban,2007,1957.851
Oman,Total,2008,2750.963
Oman,Rural,2008,715.134
Oman,Urban,2008,2043.88
Oman,Total,2009,2876.186
Oman,Rural,2009,731.574
Oman,Urban,2009,2151.368
Oman,Total,2010,3041.434
Oman,Rural,2010,755.463
Oman,Urban,2010,2285.997
Oman,Total,2011,3251.108
Oman,Rural,2011,771.005
Oman,Urban,2011,2466.263
Oman,Total,2012,3498.029
Oman,Rural,2012,777.34
Oman,Urban,2012,2687.304
Oman,Total,2013,3764.806
Oman,Rural,2013,783.774
Oman,Urban,2013,2927.707
Oman,Total,2014,4027.26
Oman,Rural,2014,786.43
Oman,Urban,2014,3174.495
Oman,Total,2015,4267.348
Oman,Rural,2015,783.245
Oman,Urban,2015,3416.565
Oman,Total,2016,4479.219
Oman,Rural,2016,774.333
Oman,Urban,2016,3650.429
Oman,Total,2017,4665.928
Oman,Rural,2017,762.22
Oman,Urban,2017,3874.042
Oman,Total,2018,4829.473
Oman,Rural,2018,746.74
Oman,Urban,2018,4083.206
Pakistan,Total,2000,142343.578
Pakistan,Rural,2000,92835.896
Pakistan,Urban,2000,45687.389
Pakistan,Total,2001,145978.402
Pakistan,Rural,2001,94617.502
Pakistan,Urban,2001,46983.935
Pakistan,Total,2002,149549.7
Pakistan,Rural,2002,96368.659
Pakistan,Urban,2002,48285.484
Pakistan,Total,2003,153093.373
Pakistan,Rural,2003,98104.46
Pakistan,Urban,2003,49598.941
Pakistan,Total,2004,156664.697
Pakistan,Rural,2004,99845.05
Pakistan,Urban,2004,50935.25
Pakistan,Total,2005,160304.008
Pakistan,Rural,2005,101607.86
Pakistan,Urban,2005,52301.807
Pakistan,Total,2006,164022.627
Pakistan,Rural,2006,103392.912
Pakistan,Urban,2006,53701.081
Pakistan,Total,2007,167808.105
Pakistan,Rural,2007,105200.045
Pakistan,Urban,2007,55132.929
Pakistan,Total,2008,171648.986
Pakistan,Rural,2008,107040.193
Pakistan,Urban,2008,56604.41
Pakistan,Total,2009,175525.609
Pakistan,Rural,2009,108927.738
Pakistan,Urban,2009,58121.842
Pakistan,Total,2010,179424.641
Pakistan,Rural,2010,110868.669
Pakistan,Urban,2010,59691.513
Pakistan,Total,2011,183340.174
Pakistan,Rural,2011,112867.839
Pakistan,Urban,2011,61316.426
Pakistan,Total,2012,187280.129
Pakistan,Rural,2012,114917.348
Pakistan,Urban,2012,62994.185
Pakistan,Total,2013,191260.806
Pakistan,Rural,2013,116999.097
Pakistan,Urban,2013,64713.498
Pakistan,Total,2014,195305.013
Pakistan,Rural,2014,119084.632
Pakistan,Urban,2014,66461.625
Pakistan,Total,2015,199426.964
Pakistan,Rural,2015,121153.73
Pakistan,Urban,2015,68226.783
Pakistan,Total,2016,203631.353
Pakistan,Rural,2016,123198.205
Pakistan,Urban,2016,70005.271
Pakistan,Total,2017,207906.209
Pakistan,Rural,2017,125220.255
Pakistan,Urban,2017,71795.7
Pakistan,Total,2018,212228.286
Pakistan,Rural,2018,127183.388
Pakistan,Urban,2018,73630.43
Palau,Total,2000,19.105
Palau,Rural,2000,5.688
Palau,Urban,2000,13.487
Palau,Total,2001,19.386
Palau,Rural,2001,5.803
Palau,Urban,2001,13.601
Palau,Total,2002,19.637
Palau,Rural,2002,5.902
Palau,Urban,2002,13.672
Palau,Total,2003,19.809
Palau,Rural,2003,5.989
Palau,Urban,2003,13.711
Palau,Total,2004,19.867
Palau,Rural,2004,5.865
Palau,Urban,2004,13.939
Palau,Total,2005,19.781
Palau,Rural,2005,5.743
Palau,Urban,2005,14.163
Palau,Total,2006,19.54
Palau,Rural,2006,5.621
Palau,Urban,2006,14.391
Palau,Total,2007,19.158
Palau,Rural,2007,5.501
Palau,Urban,2007,14.615
Palau,Total,2008,18.704
Palau,Rural,2008,5.383
Palau,Urban,2008,14.845
Palau,Total,2009,18.285
Palau,Rural,2009,5.267
Palau,Urban,2009,15.075
Palau,Total,2010,17.955
Palau,Rural,2010,5.155
Palau,Urban,2010,15.315
Palau,Total,2011,17.745
Palau,Rural,2011,5.044
Palau,Urban,2011,15.555
Palau,Total,2012,17.64
Palau,Rural,2012,4.942
Palau,Urban,2012,15.816
Palau,Total,2013,17.606
Palau,Rural,2013,4.841
Palau,Urban,2013,16.079
Palau,Total,2014,17.626
Palau,Rural,2014,4.743
Palau,Urban,2014,16.351
Palau,Total,2015,17.665
Palau,Rural,2015,4.65
Palau,Urban,2015,16.638
Palau,Total,2016,17.725
Palau,Rural,2016,4.564
Palau,Urban,2016,16.939
Palau,Total,2017,17.808
Palau,Rural,2017,4.484
Palau,Urban,2017,17.245
Palau,Total,2018,17.907
Palau,Rural,2018,4.408
Palau,Urban,2018,17.556
Panama,Total,2000,3030.328
Panama,Rural,2000,1145.519
Panama,Urban,2000,1884.828
Panama,Total,2001,3089.648
Panama,Rural,2001,1158.733
Panama,Urban,2001,1930.951
Panama,Total,2002,3149.188
Panama,Rural,2002,1171.701
Panama,Urban,2002,1977.564
Panama,Total,2003,3209.048
Panama,Rural,2003,1184.467
Panama,Urban,2003,2024.707
Panama,Total,2004,3269.356
Panama,Rural,2004,1197.063
Panama,Urban,2004,2072.478
Panama,Total,2005,3330.217
Panama,Rural,2005,1209.565
Panama,Urban,2005,2120.9
Panama,Total,2006,3391.666
Panama,Rural,2006,1221.915
Panama,Urban,2006,2169.99
Panama,Total,2007,3453.675
Panama,Rural,2007,1234.105
Panama,Urban,2007,2219.702
Panama,Total,2008,3516.204
Panama,Rural,2008,1246.153
Panama,Urban,2008,2270.115
Panama,Total,2009,3579.215
Panama,Rural,2009,1258.135
Panama,Urban,2009,2321.25
Panama,Total,2010,3642.687
Panama,Rural,2010,1270.027
Panama,Urban,2010,2373.195
Panama,Total,2011,3706.483
Panama,Rural,2011,1281.524
Panama,Urban,2011,2426.258
Panama,Total,2012,3770.626
Panama,Rural,2012,1292.567
Panama,Urban,2012,2480.371
Panama,Total,2013,3835.435
Panama,Rural,2013,1303.066
Panama,Urban,2013,2535.396
Panama,Total,2014,3901.314
Panama,Rural,2014,1312.887
Panama,Urban,2014,2591.099
Panama,Total,2015,3968.487
Panama,Rural,2015,1321.936
Panama,Urban,2015,2647.313
Panama,Total,2016,4037.078
Panama,Rural,2016,1330.168
Panama,Urban,2016,2703.951
Panama,Total,2017,4106.769
Panama,Rural,2017,1337.579
Panama,Urban,2017,2761.008
Panama,Total,2018,4176.869
Panama,Rural,2018,1344.157
Panama,Urban,2018,2818.461
Papua New Guinea,Total,2000,5847.586
Papua New Guinea,Rural,2000,4836.481
Papua New Guinea,Urban,2000,735.741
Papua New Guinea,Total,2001,5974.629
Papua New Guinea,Rural,2001,4962.641
Papua New Guinea,Urban,2001,753.511
Papua New Guinea,Total,2002,6098.621
Papua New Guinea,Rural,2002,5090.608
Papua New Guinea,Urban,2002,771.708
Papua New Guinea,Total,2003,6223.377
Papua New Guinea,Rural,2003,5220.577
Papua New Guinea,Urban,2003,790.147
Papua New Guinea,Total,2004,6354.245
Papua New Guinea,Rural,2004,5352.671
Papua New Guinea,Urban,2004,808.846
Papua New Guinea,Total,2005,6494.903
Papua New Guinea,Rural,2005,5486.901
Papua New Guinea,Urban,2005,827.808
Papua New Guinea,Total,2006,6646.895
Papua New Guinea,Rural,2006,5623.247
Papua New Guinea,Urban,2006,847.025
Papua New Guinea,Total,2007,6808.514
Papua New Guinea,Rural,2007,5761.463
Papua New Guinea,Urban,2007,866.459
Papua New Guinea,Total,2008,6976.201
Papua New Guinea,Rural,2008,5901.14
Papua New Guinea,Urban,2008,886.047
Papua New Guinea,Total,2009,7144.776
Papua New Guinea,Rural,2009,6041.735
Papua New Guinea,Urban,2009,905.712
Papua New Guinea,Total,2010,7310.507
Papua New Guinea,Rural,2010,6182.852
Papua New Guinea,Urban,2010,925.387
Papua New Guinea,Total,2011,7472.199
Papua New Guinea,Rural,2011,6324.3
Papua New Guinea,Urban,2011,945.048
Papua New Guinea,Total,2012,7631.001
Papua New Guinea,Rural,2012,6466.137
Papua New Guinea,Urban,2012,964.699
Papua New Guinea,Total,2013,7788.38
Papua New Guinea,Rural,2013,6607.438
Papua New Guinea,Urban,2013,985.427
Papua New Guinea,Total,2014,7946.73
Papua New Guinea,Rural,2014,6748.445
Papua New Guinea,Urban,2014,1007.34
Papua New Guinea,Total,2015,8107.775
Papua New Guinea,Rural,2015,6889.286
Papua New Guinea,Urban,2015,1030.539
Papua New Guinea,Total,2016,8271.762
Papua New Guinea,Rural,2016,7029.89
Papua New Guinea,Urban,2016,1055.101
Papua New Guinea,Total,2017,8438.036
Papua New Guinea,Rural,2017,7170.073
Papua New Guinea,Urban,2017,1081.089
Papua New Guinea,Total,2018,8606.323
Papua New Guinea,Rural,2018,7309.758
Papua New Guinea,Urban,2018,1108.588
Paraguay,Total,2000,5323.201
Paraguay,Rural,2000,2368.649
Paraguay,Urban,2000,2934.051
Paraguay,Total,2001,5428.444
Paraguay,Rural,2001,2380.757
Paraguay,Urban,2001,3025.867
Paraguay,Total,2002,5531.962
Paraguay,Rural,2002,2390.764
Paraguay,Urban,2002,3117.847
Paraguay,Total,2003,5632.983
Paraguay,Rural,2003,2412.728
Paraguay,Urban,2003,3195.222
Paraguay,Total,2004,5730.549
Paraguay,Rural,2004,2435.187
Paraguay,Urban,2004,3268.553
Paraguay,Total,2005,5824.096
Paraguay,Rural,2005,2455.395
Paraguay,Urban,2005,3340.099
Paraguay,Total,2006,5913.209
Paraguay,Rural,2006,2473.144
Paraguay,Urban,2006,3409.652
Paraguay,Total,2007,5998.427
Paraguay,Rural,2007,2488.72
Paraguay,Urban,2007,3477.439
Paraguay,Total,2008,6081.296
Paraguay,Rural,2008,2502.774
Paraguay,Urban,2008,3544.343
Paraguay,Total,2009,6163.972
Paraguay,Rural,2009,2516.303
Paraguay,Urban,2009,3611.534
Paraguay,Total,2010,6248.02
Paraguay,Rural,2010,2529.866
Paraguay,Urban,2010,3680.011
Paraguay,Total,2011,6333.976
Paraguay,Rural,2011,2543.703
Paraguay,Urban,2011,3750.08
Paraguay,Total,2012,6421.513
Paraguay,Rural,2012,2557.635
Paraguay,Urban,2012,3821.584
Paraguay,Total,2013,6510.276
Paraguay,Rural,2013,2573.579
Paraguay,Urban,2013,3892.161
Paraguay,Total,2014,6599.526
Paraguay,Rural,2014,2590.005
Paraguay,Urban,2014,3962.579
Paraguay,Total,2015,6688.746
Paraguay,Rural,2015,2605.873
Paraguay,Urban,2015,4033.246
Paraguay,Total,2016,6777.872
Paraguay,Rural,2016,2621.149
Paraguay,Urban,2016,4104.159
Paraguay,Total,2017,6867.061
Paraguay,Rural,2017,2635.972
Paraguay,Urban,2017,4175.325
Paraguay,Total,2018,6956.066
Paraguay,Rural,2018,2649.475
Paraguay,Urban,2018,4247.433
Peru,Total,2000,26459.944
Peru,Rural,2000,6986.192
Peru,Urban,2000,18928.687
Peru,Total,2001,26799.285
Peru,Rural,2001,6972.982
Peru,Urban,2001,19288.381
Peru,Total,2002,27100.968
Peru,Rural,2002,6956.188
Peru,Urban,2002,19645.279
Peru,Total,2003,27372.226
Peru,Rural,2003,6936.737
Peru,Urban,2003,20001.001
Peru,Total,2004,27624.213
Peru,Rural,2004,6915.339
Peru,Urban,2004,20357.855
Peru,Total,2005,27866.145
Peru,Rural,2005,6893.135
Peru,Urban,2005,20717.275
Peru,Total,2006,28102.056
Peru,Rural,2006,6869.848
Peru,Urban,2006,21080.096
Peru,Total,2007,28333.052
Peru,Rural,2007,6845.868
Peru,Urban,2007,21446.856
Peru,Total,2008,28562.317
Peru,Rural,2008,6859.12
Peru,Urban,2008,21782.86
Peru,Total,2009,28792.655
Peru,Rural,2009,6890.339
Peru,Urban,2009,22111.168
Peru,Total,2010,29027.674
Peru,Rural,2010,6923.397
Peru,Urban,2010,22450.249
Peru,Total,2011,29264.318
Peru,Rural,2011,6958.683
Peru,Urban,2011,22801.306
Peru,Total,2012,29506.788
Peru,Rural,2012,6995.686
Peru,Urban,2012,23163.28
Peru,Total,2013,29773.987
Peru,Rural,2013,7033.463
Peru,Urban,2013,23532.253
Peru,Total,2014,30090.359
Peru,Rural,2014,7070.179
Peru,Urban,2014,23903.175
Peru,Total,2015,30470.734
Peru,Rural,2015,7104.742
Peru,Urban,2015,24271.929
Peru,Total,2016,30926.032
Peru,Rural,2016,7136.697
Peru,Urban,2016,24637.142
Peru,Total,2017,31444.298
Peru,Rural,2017,7166.47
Peru,Urban,2017,24999.015
Peru,Total,2018,31989.26
Peru,Rural,2018,7191.715
Peru,Urban,2018,25360.1
Philippines,Total,2000,77991.755
Philippines,Rural,2000,42010.504
Philippines,Urban,2000,35981.065
Philippines,Total,2001,79672.873
Philippines,Rural,2001,42979.692
Philippines,Urban,2001,36685.623
Philippines,Total,2002,81365.258
Philippines,Rural,2002,43958.821
Philippines,Urban,2002,37393.239
Philippines,Total,2003,83051.971
Philippines,Rural,2003,44937.089
Philippines,Urban,2003,38094.865
Philippines,Total,2004,84710.542
Philippines,Rural,2004,45900.211
Philippines,Urban,2004,38778.282
Philippines,Total,2005,86326.25
Philippines,Rural,2005,46838.332
Philippines,Urban,2005,39435.905
Philippines,Total,2006,87888.675
Philippines,Rural,2006,47746.31
Philippines,Urban,2006,40063.109
Philippines,Total,2007,89405.482
Philippines,Rural,2007,48629.037
Philippines,Urban,2007,40664.453
Philippines,Total,2008,90901.965
Philippines,Rural,2008,49500.348
Philippines,Urban,2008,41251.516
Philippines,Total,2009,92414.158
Philippines,Rural,2009,50379.709
Philippines,Urban,2009,41841.17
Philippines,Total,2010,93966.78
Philippines,Rural,2010,51238.69
Philippines,Urban,2010,42487.934
Philippines,Total,2011,95570.05
Philippines,Rural,2011,51905.589
Philippines,Urban,2011,43372.351
Philippines,Total,2012,97212.643
Philippines,Rural,2012,52586.504
Philippines,Urban,2012,44280.138
Philippines,Total,2013,98871.555
Philippines,Rural,2013,53275.654
Philippines,Urban,2013,45205.378
Philippines,Total,2014,100513.142
Philippines,Rural,2014,53961.963
Philippines,Urban,2014,46140.286
Philippines,Total,2015,102113.212
Philippines,Rural,2015,54638.16
Philippines,Urban,2015,47078.199
Philippines,Total,2016,103663.816
Philippines,Rural,2016,55302.333
Philippines,Urban,2016,48017.889
Philippines,Total,2017,105172.925
Philippines,Rural,2017,55939.801
Philippines,Urban,2017,48978.289
Philippines,Total,2018,106651.394
Philippines,Rural,2018,56550.096
Philippines,Urban,2018,49961.978
Poland,Total,2000,38556.693
Poland,Rural,2000,14758.595
Poland,Urban,2000,23791.9
Poland,Total,2001,38529.582
Poland,Rural,2001,14731.334
Poland,Urban,2001,23792.671
Poland,Total,2002,38488.647
Poland,Rural,2002,14706.001
Poland,Urban,2002,23778.471
Poland,Total,2003,38441.824
Poland,Rural,2003,14731.403
Poland,Urban,2003,23707.423
Poland,Total,2004,38399.558
Poland,Rural,2004,14757.919
Poland,Urban,2004,23638.147
Poland,Total,2005,38368.949
Poland,Rural,2005,14787.876
Poland,Urban,2005,23574.79
Poland,Total,2006,38354.45
Poland,Rural,2006,14822.414
Poland,Urban,2006,23518.622
Poland,Total,2007,38353.338
Poland,Rural,2007,14860.895
Poland,Urban,2007,23468.69
Poland,Total,2008,38356.786
Poland,Rural,2008,14902.394
Poland,Urban,2008,23423.295
Poland,Total,2009,38351.916
Poland,Rural,2009,14945.01
Poland,Urban,2009,23379.86
Poland,Total,2010,38329.781
Poland,Rural,2010,14987.475
Poland,Urban,2010,23335.927
Poland,Total,2011,38286.831
Poland,Rural,2011,15029.607
Poland,Urban,2011,23291.34
Poland,Total,2012,38227.044
Poland,Rural,2012,15076.293
Poland,Urban,2012,23241.111
Poland,Total,2013,38158.041
Poland,Rural,2013,15121.151
Poland,Urban,2013,23188.3
Poland,Total,2014,38091.089
Poland,Rural,2014,15162.767
Poland,Urban,2014,23130.293
Poland,Total,2015,38034.079
Poland,Rural,2015,15199.849
Poland,Urban,2015,23065.377
Poland,Total,2016,37989.22
Poland,Rural,2016,15221.747
Poland,Urban,2016,23002.663
Poland,Total,2017,37953.18
Poland,Rural,2017,15228.329
Poland,Urban,2017,22942.383
Poland,Total,2018,37921.592
Poland,Rural,2018,15219.933
Poland,Urban,2018,22884.899
Portugal,Total,2000,10297.112
Portugal,Rural,2000,4721.99
Portugal,Urban,2000,5633.127
Portugal,Total,2001,10341.454
Portugal,Rural,2001,4675.151
Portugal,Urban,2001,5724.161
Portugal,Total,2002,10385.987
Portugal,Rural,2002,4630.074
Portugal,Urban,2002,5813.594
Portugal,Total,2003,10429.612
Portugal,Rural,2003,4584.232
Portugal,Urban,2003,5902.881
Portugal,Total,2004,10470.921
Portugal,Rural,2004,4536.981
Portugal,Urban,2004,5991.287
Portugal,Total,2005,10508.495
Portugal,Rural,2005,4488.055
Portugal,Urban,2005,6077.668
Portugal,Total,2006,10542.83
Portugal,Rural,2006,4437.475
Portugal,Urban,2006,6162.476
Portugal,Total,2007,10573.143
Portugal,Rural,2007,4385.066
Portugal,Urban,2007,6245.054
Portugal,Total,2008,10595.314
Portugal,Rural,2008,4329.158
Portugal,Urban,2008,6322.941
Portugal,Total,2009,10604.056
Portugal,Rural,2009,4268.076
Portugal,Urban,2009,6392.54
Portugal,Total,2010,10596.058
Portugal,Rural,2010,4200.496
Portugal,Urban,2010,6451.825
Portugal,Total,2011,10569.38
Portugal,Rural,2011,4126.097
Portugal,Urban,2011,6499.233
Portugal,Total,2012,10526.308
Portugal,Rural,2012,4046.172
Portugal,Urban,2012,6535.649
Portugal,Total,2013,10473.021
Portugal,Rural,2013,3963.418
Portugal,Urban,2013,6564.256
Portugal,Total,2014,10418.218
Portugal,Rural,2014,3881.018
Portugal,Urban,2014,6590.15
Portugal,Total,2015,10368.351
Portugal,Rural,2015,3801.276
Portugal,Urban,2015,6617.197
Portugal,Total,2016,10325.538
Portugal,Rural,2016,3724.867
Portugal,Urban,2016,6646.76
Portugal,Total,2017,10288.527
Portugal,Rural,2017,3651.305
Portugal,Urban,2017,6678.201
Portugal,Total,2018,10256.193
Portugal,Rural,2018,3580.203
Portugal,Urban,2018,6710.993
Qatar,Total,2000,592.468
Qatar,Rural,2000,21.85
Qatar,Urban,2000,570.417
Qatar,Total,2001,615.012
Qatar,Rural,2001,21.554
Qatar,Urban,2001,595.332
Qatar,Total,2002,640.868
Qatar,Rural,2002,21.361
Qatar,Urban,2002,624.298
Qatar,Total,2003,681.788
Qatar,Rural,2003,21.57
Qatar,Urban,2003,667.016
Qatar,Total,2004,753.334
Qatar,Rural,2004,22.085
Qatar,Urban,2004,736.77
Qatar,Total,2005,865.416
Qatar,Rural,2005,22.523
Qatar,Urban,2005,842.34
Qatar,Total,2006,1022.711
Qatar,Rural,2006,23.534
Qatar,Urban,2006,986.848
Qatar,Total,2007,1218.434
Qatar,Rural,2007,24.776
Qatar,Urban,2007,1164.857
Qatar,Total,2008,1436.665
Qatar,Rural,2008,25.861
Qatar,Urban,2008,1363.481
Qatar,Total,2009,1654.95
Qatar,Rural,2009,26.467
Qatar,Urban,2009,1564.313
Qatar,Total,2010,1856.327
Qatar,Rural,2010,26.68
Qatar,Urban,2010,1752.996
Qatar,Total,2011,2035.871
Qatar,Rural,2011,27.283
Qatar,Urban,2011,1924.771
Qatar,Total,2012,2196.073
Qatar,Rural,2012,27.484
Qatar,Urban,2012,2082.084
Qatar,Total,2013,2336.574
Qatar,Rural,2013,27.334
Qatar,Urban,2013,2223.139
Qatar,Total,2014,2459.198
Qatar,Rural,2014,26.882
Qatar,Urban,2014,2347.537
Qatar,Total,2015,2565.71
Qatar,Rural,2015,26.186
Qatar,Urban,2015,2455.353
Qatar,Total,2016,2654.374
Qatar,Rural,2016,25.324
Qatar,Urban,2016,2544.48
Qatar,Total,2017,2724.728
Qatar,Rural,2017,24.338
Qatar,Urban,2017,2614.873
Qatar,Total,2018,2781.682
Qatar,Rural,2018,23.303
Qatar,Urban,2018,2671.546
Republic of Korea,Total,2000,47379.241
Republic of Korea,Rural,2000,9656.885
Republic of Korea,Urban,2000,37729.427
Republic of Korea,Total,2001,47706.224
Republic of Korea,Rural,2001,9571.083
Republic of Korea,Urban,2001,38141.705
Republic of Korea,Total,2002,47999.547
Republic of Korea,Rural,2002,9457.554
Republic of Korea,Urban,2002,38547.232
Republic of Korea,Total,2003,48260.897
Republic of Korea,Rural,2003,9338.132
Republic of Korea,Urban,2003,38926.894
Republic of Korea,Total,2004,48493.441
Republic of Korea,Rural,2004,9213.825
Republic of Korea,Urban,2004,39284.258
Republic of Korea,Total,2005,48701.073
Republic of Korea,Rural,2005,9086.487
Republic of Korea,Urban,2005,39622.01
Republic of Korea,Total,2006,48880.451
Republic of Korea,Rural,2006,9031.912
Republic of Korea,Urban,2006,39863.933
Republic of Korea,Total,2007,49034.81
Republic of Korea,Rural,2007,9012.35
Republic of Korea,Urban,2007,40050.079
Republic of Korea,Total,2008,49182.456
Republic of Korea,Rural,2008,8990.762
Republic of Korea,Urban,2008,40228.223
Republic of Korea,Total,2009,49347.461
Republic of Korea,Rural,2009,8969.877
Republic of Korea,Urban,2009,40409.331
Republic of Korea,Total,2010,49545.636
Republic of Korea,Rural,2010,8951.241
Republic of Korea,Urban,2010,40601.614
Republic of Korea,Total,2011,49786.159
Republic of Korea,Rural,2011,8992.55
Republic of Korea,Urban,2011,40752.109
Republic of Korea,Total,2012,50060.639
Republic of Korea,Rural,2012,9065.944
Republic of Korea,Urban,2012,40886.3
Republic of Korea,Total,2013,50345.717
Republic of Korea,Rural,2013,9141.362
Republic of Korea,Urban,2013,41027.88
Republic of Korea,Total,2014,50607.907
Republic of Korea,Rural,2014,9217.129
Republic of Korea,Urban,2014,41168.431
Republic of Korea,Total,2015,50823.093
Republic of Korea,Rural,2015,9291.811
Republic of Korea,Urban,2015,41301.851
Republic of Korea,Total,2016,50983.457
Republic of Korea,Rural,2016,9365.142
Republic of Korea,Urban,2016,41426.777
Republic of Korea,Total,2017,51096.415
Republic of Korea,Rural,2017,9429.948
Republic of Korea,Urban,2017,41552.264
Republic of Korea,Total,2018,51171.706
Republic of Korea,Rural,2018,9486.209
Republic of Korea,Urban,2018,41678.226
Republic of Moldova,Total,2000,4202.658
Republic of Moldova,Rural,2000,2327.849
Republic of Moldova,Urban,2000,1873.24
Republic of Moldova,Total,2001,4187.093
Republic of Moldova,Rural,2001,2335.976
Republic of Moldova,Urban,2001,1849.529
Republic of Moldova,Total,2002,4178.23
Republic of Moldova,Rural,2002,2347.732
Republic of Moldova,Urban,2002,1828.884
Republic of Moldova,Total,2003,4173.274
Republic of Moldova,Rural,2003,2361.602
Republic of Moldova,Urban,2003,1810.044
Republic of Moldova,Total,2004,4167.959
Republic of Moldova,Rural,2004,2375.227
Republic of Moldova,Urban,2004,1791.11
Republic of Moldova,Total,2005,4159.293
Republic of Moldova,Rural,2005,2379.259
Republic of Moldova,Urban,2005,1778.44
Republic of Moldova,Total,2006,4146.265
Republic of Moldova,Rural,2006,2373.123
Republic of Moldova,Urban,2006,1771.607
Republic of Moldova,Total,2007,4130.136
Republic of Moldova,Rural,2007,2365.195
Republic of Moldova,Urban,2007,1763.454
Republic of Moldova,Total,2008,4112.891
Republic of Moldova,Rural,2008,2356.613
Republic of Moldova,Urban,2008,1754.827
Republic of Moldova,Total,2009,4097.518
Republic of Moldova,Rural,2009,2349.053
Republic of Moldova,Urban,2009,1746.987
Republic of Moldova,Total,2010,4086.081
Republic of Moldova,Rural,2010,2343.69
Republic of Moldova,Urban,2010,1740.791
Republic of Moldova,Total,2011,4079.164
Republic of Moldova,Rural,2011,2340.872
Republic of Moldova,Urban,2011,1736.496
Republic of Moldova,Total,2012,4075.808
Republic of Moldova,Rural,2012,2340.031
Republic of Moldova,Urban,2012,1733.672
Republic of Moldova,Total,2013,4074.591
Republic of Moldova,Rural,2013,2340.291
Republic of Moldova,Urban,2013,1731.673
Republic of Moldova,Total,2014,4073.407
Republic of Moldova,Rural,2014,2340.388
Republic of Moldova,Urban,2014,1729.551
Republic of Moldova,Total,2015,4070.7
Republic of Moldova,Rural,2015,2338.327
Republic of Moldova,Urban,2015,1727.653
Republic of Moldova,Total,2016,4066.009
Republic of Moldova,Rural,2016,2333.836
Republic of Moldova,Urban,2016,1725.772
Republic of Moldova,Total,2017,4059.684
Republic of Moldova,Rural,2017,2327.145
Republic of Moldova,Urban,2017,1724.067
Republic of Moldova,Total,2018,4051.944
Republic of Moldova,Rural,2018,2318.419
Republic of Moldova,Urban,2018,1722.646
Romania,Total,2000,22137.419
Romania,Rural,2000,10399.242
Romania,Urban,2000,11728.886
Romania,Total,2001,21989.35
Romania,Rural,2001,10365.175
Romania,Urban,2001,11618.96
Romania,Total,2002,21853.273
Romania,Rural,2002,10319.721
Romania,Urban,2002,11534.955
Romania,Total,2003,21720.407
Romania,Rural,2003,10231.821
Romania,Urban,2003,11497.098
Romania,Total,2004,21577.885
Romania,Rural,2004,10138.587
Romania,Urban,2004,11452.577
Romania,Total,2005,21417.291
Romania,Rural,2005,10035.316
Romania,Urban,2005,11395.702
Romania,Total,2006,21234.305
Romania,Rural,2006,9919.852
Romania,Urban,2006,11324.07
Romania,Total,2007,21034.189
Romania,Rural,2007,9795.242
Romania,Urban,2007,11240.869
Romania,Total,2008,20829.517
Romania,Rural,2008,9667.799
Romania,Urban,2008,11153.285
Romania,Total,2009,20637.991
Romania,Rural,2009,9546.514
Romania,Urban,2009,11071.441
Romania,Total,2010,20471.864
Romania,Rural,2010,9437.516
Romania,Urban,2010,11002.831
Romania,Total,2011,20336.718
Romania,Rural,2011,9342.912
Romania,Urban,2011,10950.055
Romania,Total,2012,20227.469
Romania,Rural,2012,9283.979
Romania,Urban,2012,10887.276
Romania,Total,2013,20132.776
Romania,Rural,2013,9243.988
Romania,Urban,2013,10824.213
Romania,Total,2014,20035.93
Romania,Rural,2014,9207.431
Romania,Urban,2014,10765.305
Romania,Total,2015,19925.175
Romania,Rural,2015,9165.608
Romania,Urban,2015,10711.013
Romania,Total,2016,19796.285
Romania,Rural,2016,9117.772
Romania,Urban,2016,10660.311
Romania,Total,2017,19653.969
Romania,Rural,2017,9065.003
Romania,Urban,2017,10614.303
Romania,Total,2018,19506.114
Romania,Rural,2018,9007.536
Romania,Urban,2018,10573.098
Russian Federation,Total,2000,146404.903
Russian Federation,Rural,2000,39014.773
Russian Federation,Urban,2000,107381.741
Russian Federation,Total,2001,145830.721
Russian Federation,Rural,2001,38866.125
Russian Federation,Urban,2001,106948.739
Russian Federation,Total,2002,145215.7
Russian Federation,Rural,2002,38707.217
Russian Federation,Urban,2002,106487.665
Russian Federation,Total,2003,144610.882
Russian Federation,Rural,2003,38498.936
Russian Federation,Urban,2003,106085.759
Russian Federation,Total,2004,144080.643
Russian Federation,Rural,2004,38290.132
Russian Federation,Urban,2004,105754.475
Russian Federation,Total,2005,143672.116
Russian Federation,Rural,2005,38112.227
Russian Federation,Urban,2005,105505.958
Russian Federation,Total,2006,143403.256
Russian Federation,Rural,2006,37969.435
Russian Federation,Urban,2006,105353.498
Russian Federation,Total,2007,143266.212
Russian Federation,Rural,2007,37859.367
Russian Federation,Urban,2007,105290.775
Russian Federation,Total,2008,143248.764
Russian Federation,Rural,2008,37777.378
Russian Federation,Urban,2008,105305.809
Russian Federation,Total,2009,143326.913
Russian Federation,Rural,2009,37715.868
Russian Federation,Urban,2009,105376.897
Russian Federation,Total,2010,143479.274
Russian Federation,Rural,2010,37667.89
Russian Federation,Urban,2010,105485.979
Russian Federation,Total,2011,143703.025
Russian Federation,Rural,2011,37632.802
Russian Federation,Urban,2011,105631.186
Russian Federation,Total,2012,143993.892
Russian Federation,Rural,2012,37589.599
Russian Federation,Urban,2012,105830.998
Russian Federation,Total,2013,144325.449
Russian Federation,Rural,2013,37531.491
Russian Federation,Urban,2013,106065.739
Russian Federation,Total,2014,144664.841
Russian Federation,Rural,2014,37449.924
Russian Federation,Urban,2014,106311.454
Russian Federation,Total,2015,144985.057
Russian Federation,Rural,2015,37338.513
Russian Federation,Urban,2015,106549.491
Russian Federation,Total,2016,145275.383
Russian Federation,Rural,2016,37194.234
Russian Federation,Urban,2016,106770.279
Russian Federation,Total,2017,145530.082
Russian Federation,Rural,2017,37017.128
Russian Federation,Urban,2017,106972.626
Russian Federation,Total,2018,145734.038
Russian Federation,Rural,2018,36807.854
Russian Federation,Urban,2018,107156.855
Rwanda,Total,2000,7933.681
Rwanda,Rural,2000,6827.783
Rwanda,Urban,2000,1197.92
Rwanda,Total,2001,8231.156
Rwanda,Rural,2001,7010.937
Rwanda,Urban,2001,1318.469
Rwanda,Total,2002,8427.06
Rwanda,Rural,2002,7104.058
Rwanda,Urban,2002,1432.147
Rwanda,Total,2003,8557.161
Rwanda,Rural,2003,7213.04
Rwanda,Urban,2003,1467.306
Rwanda,Total,2004,8680.524
Rwanda,Rural,2004,7327.409
Rwanda,Urban,2004,1491.029
Rwanda,Total,2005,8840.215
Rwanda,Rural,2005,7471.017
Rwanda,Urban,2005,1520.718
Rwanda,Total,2006,9043.337
Rwanda,Rural,2006,7649.129
Rwanda,Urban,2006,1557.451
Rwanda,Total,2007,9273.757
Rwanda,Rural,2007,7848.805
Rwanda,Urban,2007,1598.597
Rwanda,Total,2008,9524.534
Rwanda,Rural,2008,8065.028
Rwanda,Urban,2008,1643.141
Rwanda,Total,2009,9782.77
Rwanda,Rural,2009,8288.298
Rwanda,Urban,2009,1689.148
Rwanda,Total,2010,10039.338
Rwanda,Rural,2010,8511.644
Rwanda,Urban,2010,1735.198
Rwanda,Total,2011,10293.331
Rwanda,Rural,2011,8734.828
Rwanda,Urban,2011,1781.243
Rwanda,Total,2012,10549.673
Rwanda,Rural,2012,8960.938
Rwanda,Urban,2012,1827.915
Rwanda,Total,2013,10811.538
Rwanda,Rural,2013,9189.947
Rwanda,Urban,2013,1875.204
Rwanda,Total,2014,11083.63
Rwanda,Rural,2014,9420.354
Rwanda,Urban,2014,1925.003
Rwanda,Total,2015,11369.071
Rwanda,Rural,2015,9652.086
Rwanda,Urban,2015,1977.467
Rwanda,Total,2016,11668.827
Rwanda,Rural,2016,9884.801
Rwanda,Urban,2016,2032.707
Rwanda,Total,2017,11980.961
Rwanda,Rural,2017,10117.663
Rwanda,Urban,2017,2090.744
Rwanda,Total,2018,12301.97
Rwanda,Rural,2018,10349.599
Rwanda,Urban,2018,2151.557
Saint Kitts and Nevis,Total,2000,44.074
Saint Kitts and Nevis,Rural,2000,30.501
Saint Kitts and Nevis,Urban,2000,14.873
Saint Kitts and Nevis,Total,2001,44.599
Saint Kitts and Nevis,Rural,2001,30.998
Saint Kitts and Nevis,Urban,2001,14.992
Saint Kitts and Nevis,Total,2002,45.165
Saint Kitts and Nevis,Rural,2002,31.504
Saint Kitts and Nevis,Urban,2002,15.137
Saint Kitts and Nevis,Total,2003,45.746
Saint Kitts and Nevis,Rural,2003,32.02
Saint Kitts and Nevis,Urban,2003,15.286
Saint Kitts and Nevis,Total,2004,46.324
Saint Kitts and Nevis,Rural,2004,32.539
Saint Kitts and Nevis,Urban,2004,15.432
Saint Kitts and Nevis,Total,2005,46.857
Saint Kitts and Nevis,Rural,2005,33.042
Saint Kitts and Nevis,Urban,2005,15.569
Saint Kitts and Nevis,Total,2006,47.339
Saint Kitts and Nevis,Rural,2006,33.519
Saint Kitts and Nevis,Urban,2006,15.691
Saint Kitts and Nevis,Total,2007,47.778
Saint Kitts and Nevis,Rural,2007,33.98
Saint Kitts and Nevis,Urban,2007,15.803
Saint Kitts and Nevis,Total,2008,48.185
Saint Kitts and Nevis,Rural,2008,34.426
Saint Kitts and Nevis,Urban,2008,15.906
Saint Kitts and Nevis,Total,2009,48.599
Saint Kitts and Nevis,Rural,2009,34.876
Saint Kitts and Nevis,Urban,2009,16.01
Saint Kitts and Nevis,Total,2010,49.016
Saint Kitts and Nevis,Rural,2010,35.331
Saint Kitts and Nevis,Urban,2010,16.114
Saint Kitts and Nevis,Total,2011,49.447
Saint Kitts and Nevis,Rural,2011,35.789
Saint Kitts and Nevis,Urban,2011,16.217
Saint Kitts and Nevis,Total,2012,49.887
Saint Kitts and Nevis,Rural,2012,36.255
Saint Kitts and Nevis,Urban,2012,16.336
Saint Kitts and Nevis,Total,2013,50.331
Saint Kitts and Nevis,Rural,2013,36.706
Saint Kitts and Nevis,Urban,2013,16.463
Saint Kitts and Nevis,Total,2014,50.774
Saint Kitts and Nevis,Rural,2014,37.142
Saint Kitts and Nevis,Urban,2014,16.597
Saint Kitts and Nevis,Total,2015,51.203
Saint Kitts and Nevis,Rural,2015,37.552
Saint Kitts and Nevis,Urban,2015,16.736
Saint Kitts and Nevis,Total,2016,51.625
Saint Kitts and Nevis,Rural,2016,37.942
Saint Kitts and Nevis,Urban,2016,16.879
Saint Kitts and Nevis,Total,2017,52.045
Saint Kitts and Nevis,Rural,2017,38.314
Saint Kitts and Nevis,Urban,2017,17.031
Saint Kitts and Nevis,Total,2018,52.441
Saint Kitts and Nevis,Rural,2018,38.662
Saint Kitts and Nevis,Urban,2018,17.188
Saint Lucia,Total,2000,156.729
Saint Lucia,Rural,2000,113.358
Saint Lucia,Urban,2000,43.591
Saint Lucia,Total,2001,158.179
Saint Lucia,Rural,2001,114.93
Saint Lucia,Urban,2001,43.534
Saint Lucia,Total,2002,159.392
Saint Lucia,Rural,2002,117.699
Saint Lucia,Urban,2002,42.064
Saint Lucia,Total,2003,160.53
Saint Lucia,Rural,2003,120.382
Saint Lucia,Urban,2003,40.591
Saint Lucia,Total,2004,161.816
Saint Lucia,Rural,2004,123.095
Saint Lucia,Urban,2004,39.156
Saint Lucia,Total,2005,163.417
Saint Lucia,Rural,2005,125.92
Saint Lucia,Urban,2005,37.794
Saint Lucia,Total,2006,165.381
Saint Lucia,Rural,2006,128.905
Saint Lucia,Urban,2006,36.502
Saint Lucia,Total,2007,167.639
Saint Lucia,Rural,2007,132.017
Saint Lucia,Urban,2007,35.271
Saint Lucia,Total,2008,170.011
Saint Lucia,Rural,2008,135.155
Saint Lucia,Urban,2008,34.065
Saint Lucia,Total,2009,172.221
Saint Lucia,Rural,2009,138.164
Saint Lucia,Urban,2009,32.858
Saint Lucia,Total,2010,174.085
Saint Lucia,Rural,2010,140.739
Saint Lucia,Urban,2010,31.841
Saint Lucia,Total,2011,175.544
Saint Lucia,Rural,2011,141.76
Saint Lucia,Urban,2011,32.072
Saint Lucia,Total,2012,176.646
Saint Lucia,Rural,2012,142.578
Saint Lucia,Urban,2012,32.257
Saint Lucia,Total,2013,177.513
Saint Lucia,Rural,2013,143.232
Saint Lucia,Urban,2013,32.428
Saint Lucia,Total,2014,178.296
Saint Lucia,Rural,2014,143.814
Saint Lucia,Urban,2014,32.607
Saint Lucia,Total,2015,179.126
Saint Lucia,Rural,2015,144.397
Saint Lucia,Urban,2015,32.809
Saint Lucia,Total,2016,180.024
Saint Lucia,Rural,2016,144.979
Saint Lucia,Urban,2016,33.036
Saint Lucia,Total,2017,180.954
Saint Lucia,Rural,2017,145.557
Saint Lucia,Urban,2017,33.287
Saint Lucia,Total,2018,181.889
Saint Lucia,Rural,2018,146.11
Saint Lucia,Urban,2018,33.557
Saint Vincent and the Grenadines,Total,2000,107.784
Saint Vincent and the Grenadines,Rural,2000,59.144
Saint Vincent and the Grenadines,Urban,2000,48.754
Saint Vincent and the Grenadines,Total,2001,107.896
Saint Vincent and the Grenadines,Rural,2001,58.802
Saint Vincent and the Grenadines,Urban,2001,49.186
Saint Vincent and the Grenadines,Total,2002,108.097
Saint Vincent and the Grenadines,Rural,2002,58.492
Saint Vincent and the Grenadines,Urban,2002,49.654
Saint Vincent and the Grenadines,Total,2003,108.326
Saint Vincent and the Grenadines,Rural,2003,58.202
Saint Vincent and the Grenadines,Urban,2003,50.148
Saint Vincent and the Grenadines,Total,2004,108.512
Saint Vincent and the Grenadines,Rural,2004,57.91
Saint Vincent and the Grenadines,Urban,2004,50.649
Saint Vincent and the Grenadines,Total,2005,108.614
Saint Vincent and the Grenadines,Rural,2005,57.599
Saint Vincent and the Grenadines,Urban,2005,51.145
Saint Vincent and the Grenadines,Total,2006,108.603
Saint Vincent and the Grenadines,Rural,2006,57.272
Saint Vincent and the Grenadines,Urban,2006,51.635
Saint Vincent and the Grenadines,Total,2007,108.518
Saint Vincent and the Grenadines,Rural,2007,56.929
Saint Vincent and the Grenadines,Urban,2007,52.118
Saint Vincent and the Grenadines,Total,2008,108.393
Saint Vincent and the Grenadines,Rural,2008,56.569
Saint Vincent and the Grenadines,Urban,2008,52.596
Saint Vincent and the Grenadines,Total,2009,108.287
Saint Vincent and the Grenadines,Rural,2009,56.19
Saint Vincent and the Grenadines,Urban,2009,53.063
Saint Vincent and the Grenadines,Total,2010,108.255
Saint Vincent and the Grenadines,Rural,2010,55.793
Saint Vincent and the Grenadines,Urban,2010,53.522
Saint Vincent and the Grenadines,Total,2011,108.316
Saint Vincent and the Grenadines,Rural,2011,55.375
Saint Vincent and the Grenadines,Urban,2011,53.966
Saint Vincent and the Grenadines,Total,2012,108.435
Saint Vincent and the Grenadines,Rural,2012,54.933
Saint Vincent and the Grenadines,Urban,2012,54.395
Saint Vincent and the Grenadines,Total,2013,108.622
Saint Vincent and the Grenadines,Rural,2013,54.491
Saint Vincent and the Grenadines,Urban,2013,54.829
Saint Vincent and the Grenadines,Total,2014,108.861
Saint Vincent and the Grenadines,Rural,2014,54.068
Saint Vincent and the Grenadines,Urban,2014,55.289
Saint Vincent and the Grenadines,Total,2015,109.148
Saint Vincent and the Grenadines,Rural,2015,53.672
Saint Vincent and the Grenadines,Urban,2015,55.783
Saint Vincent and the Grenadines,Total,2016,109.459
Saint Vincent and the Grenadines,Rural,2016,53.316
Saint Vincent and the Grenadines,Urban,2016,56.327
Saint Vincent and the Grenadines,Total,2017,109.827
Saint Vincent and the Grenadines,Rural,2017,52.988
Saint Vincent and the Grenadines,Urban,2017,56.909
Saint Vincent and the Grenadines,Total,2018,110.211
Saint Vincent and the Grenadines,Rural,2018,52.678
Saint Vincent and the Grenadines,Urban,2018,57.522
Samoa,Total,2000,174.454
Samoa,Rural,2000,136.236
Samoa,Urban,2000,38.374
Samoa,Total,2001,175.392
Samoa,Rural,2001,136.822
Samoa,Urban,2001,38.744
Samoa,Total,2002,176.407
Samoa,Rural,2002,137.838
Samoa,Urban,2002,38.744
Samoa,Total,2003,177.484
Samoa,Rural,2003,139.113
Samoa,Urban,2003,38.549
Samoa,Total,2004,178.59
Samoa,Rural,2004,140.42
Samoa,Urban,2004,38.361
Samoa,Total,2005,179.727
Samoa,Rural,2005,141.752
Samoa,Urban,2005,38.177
Samoa,Total,2006,180.876
Samoa,Rural,2006,143.099
Samoa,Urban,2006,37.995
Samoa,Total,2007,182.046
Samoa,Rural,2007,144.461
Samoa,Urban,2007,37.825
Samoa,Total,2008,183.263
Samoa,Rural,2008,145.859
Samoa,Urban,2008,37.667
Samoa,Total,2009,184.556
Samoa,Rural,2009,147.306
Samoa,Urban,2009,37.52
Samoa,Total,2010,185.949
Samoa,Rural,2010,148.819
Samoa,Urban,2010,37.386
Samoa,Total,2011,187.469
Samoa,Rural,2011,150.399
Samoa,Urban,2011,37.266
Samoa,Total,2012,189.089
Samoa,Rural,2012,152.067
Samoa,Urban,2012,37.127
Samoa,Total,2013,190.718
Samoa,Rural,2013,153.778
Samoa,Urban,2013,36.979
Samoa,Total,2014,192.221
Samoa,Rural,2014,155.469
Samoa,Urban,2014,36.821
Samoa,Total,2015,193.513
Samoa,Rural,2015,157.111
Samoa,Urban,2015,36.648
Samoa,Total,2016,194.535
Samoa,Rural,2016,158.673
Samoa,Urban,2016,36.452
Samoa,Total,2017,195.352
Samoa,Rural,2017,160.194
Samoa,Urban,2017,36.246
Samoa,Total,2018,196.129
Samoa,Rural,2018,161.629
Samoa,Urban,2018,36.066
San Marino,Total,2000,27.462
San Marino,Rural,2000,1.799
San Marino,Urban,2000,25.619
San Marino,Total,2001,27.812
San Marino,Rural,2001,1.735
San Marino,Urban,2001,26.027
San Marino,Total,2002,28.175
San Marino,Rural,2002,1.708
San Marino,Urban,2002,26.413
San Marino,Total,2003,28.562
San Marino,Rural,2003,1.717
San Marino,Urban,2003,26.777
San Marino,Total,2004,28.94
San Marino,Rural,2004,1.687
San Marino,Urban,2004,27.179
San Marino,Total,2005,29.324
San Marino,Rural,2005,1.622
San Marino,Urban,2005,27.618
San Marino,Total,2006,29.7
San Marino,Rural,2006,1.559
San Marino,Urban,2006,28.055
San Marino,Total,2007,30.063
San Marino,Rural,2007,1.497
San Marino,Urban,2007,28.48
San Marino,Total,2008,30.434
San Marino,Rural,2008,1.437
San Marino,Urban,2008,28.914
San Marino,Total,2009,30.816
San Marino,Rural,2009,1.38
San Marino,Urban,2009,29.343
San Marino,Total,2010,31.229
San Marino,Rural,2010,1.325
San Marino,Urban,2010,29.785
San Marino,Total,2011,31.661
San Marino,Rural,2011,1.272
San Marino,Urban,2011,30.232
San Marino,Total,2012,32.105
San Marino,Rural,2012,1.222
San Marino,Urban,2012,30.692
San Marino,Total,2013,32.553
San Marino,Rural,2013,1.173
San Marino,Urban,2013,31.13
San Marino,Total,2014,32.948
San Marino,Rural,2014,1.124
San Marino,Urban,2014,31.533
San Marino,Total,2015,33.272
San Marino,Rural,2015,1.075
San Marino,Urban,2015,31.885
San Marino,Total,2016,33.504
San Marino,Rural,2016,1.026
San Marino,Urban,2016,32.177
San Marino,Total,2017,33.671
San Marino,Rural,2017,0.978
San Marino,Urban,2017,32.422
San Marino,Total,2018,33.785
San Marino,Rural,2018,0.931
San Marino,Urban,2018,32.626
Sao Tome and Principe,Total,2000,142.262
Sao Tome and Principe,Rural,2000,64.557
Sao Tome and Principe,Urban,2000,74.049
Sao Tome and Principe,Total,2001,144.755
Sao Tome and Principe,Rural,2001,64.613
Sao Tome and Principe,Urban,2001,77.009
Sao Tome and Principe,Total,2002,147.447
Sao Tome and Principe,Rural,2002,64.397
Sao Tome and Principe,Urban,2002,80.492
Sao Tome and Principe,Total,2003,150.415
Sao Tome and Principe,Rural,2003,64.146
Sao Tome and Principe,Urban,2003,84.226
Sao Tome and Principe,Total,2004,153.737
Sao Tome and Principe,Rural,2004,63.87
Sao Tome and Principe,Urban,2004,88.099
Sao Tome and Principe,Total,2005,157.472
Sao Tome and Principe,Rural,2005,63.552
Sao Tome and Principe,Urban,2005,92.078
Sao Tome and Principe,Total,2006,161.681
Sao Tome and Principe,Rural,2006,63.176
Sao Tome and Principe,Urban,2006,96.152
Sao Tome and Principe,Total,2007,166.3
Sao Tome and Principe,Rural,2007,62.761
Sao Tome and Principe,Urban,2007,100.34
Sao Tome and Principe,Total,2008,171.12
Sao Tome and Principe,Rural,2008,62.291
Sao Tome and Principe,Urban,2008,104.622
Sao Tome and Principe,Total,2009,175.876
Sao Tome and Principe,Rural,2009,61.795
Sao Tome and Principe,Urban,2009,109.018
Sao Tome and Principe,Total,2010,180.371
Sao Tome and Principe,Rural,2010,61.256
Sao Tome and Principe,Urban,2010,113.52
Sao Tome and Principe,Total,2011,184.524
Sao Tome and Principe,Rural,2011,60.678
Sao Tome and Principe,Urban,2011,118.122
Sao Tome and Principe,Total,2012,188.404
Sao Tome and Principe,Rural,2012,60.061
Sao Tome and Principe,Urban,2012,122.828
Sao Tome and Principe,Total,2013,192.087
Sao Tome and Principe,Rural,2013,59.465
Sao Tome and Principe,Urban,2013,127.58
Sao Tome and Principe,Total,2014,195.727
Sao Tome and Principe,Rural,2014,58.885
Sao Tome and Principe,Urban,2014,132.381
Sao Tome and Principe,Total,2015,199.432
Sao Tome and Principe,Rural,2015,58.325
Sao Tome and Principe,Urban,2015,137.228
Sao Tome and Principe,Total,2016,203.227
Sao Tome and Principe,Rural,2016,57.79
Sao Tome and Principe,Urban,2016,142.12
Sao Tome and Principe,Total,2017,207.089
Sao Tome and Principe,Rural,2017,57.276
Sao Tome and Principe,Urban,2017,147.051
Sao Tome and Principe,Total,2018,211.028
Sao Tome and Principe,Rural,2018,56.792
Sao Tome and Principe,Urban,2018,152.026
Saudi Arabia,Total,2000,20663.843
Saudi Arabia,Rural,2000,4184.486
Saudi Arabia,Urban,2000,16579.826
Saudi Arabia,Total,2001,21202.642
Saudi Arabia,Rural,2001,4244.343
Saudi Arabia,Urban,2001,17059.249
Saudi Arabia,Total,2002,21805.313
Saudi Arabia,Rural,2002,4314.583
Saudi Arabia,Urban,2002,17591.725
Saudi Arabia,Total,2003,22456.649
Saudi Arabia,Rural,2003,4391.752
Saudi Arabia,Urban,2003,18164.673
Saudi Arabia,Total,2004,23132.682
Saudi Arabia,Rural,2004,4470.674
Saudi Arabia,Urban,2004,18758.216
Saudi Arabia,Total,2005,23816.183
Saudi Arabia,Rural,2005,4546.99
Saudi Arabia,Urban,2005,19358.664
Saudi Arabia,Total,2006,24498.31
Saudi Arabia,Rural,2006,4619.627
Saudi Arabia,Urban,2006,19958.674
Saudi Arabia,Total,2007,25184.597
Saudi Arabia,Rural,2007,4690.056
Saudi Arabia,Urban,2007,20562.513
Saudi Arabia,Total,2008,25888.541
Saudi Arabia,Rural,2008,4760.487
Saudi Arabia,Urban,2008,21180.283
Saudi Arabia,Total,2009,26630.303
Saudi Arabia,Rural,2009,4834.475
Saudi Arabia,Urban,2009,21827.017
Saudi Arabia,Total,2010,27421.461
Saudi Arabia,Rural,2010,4913.575
Saudi Arabia,Urban,2010,22512.101
Saudi Arabia,Total,2011,28267.589
Saudi Arabia,Rural,2011,4997.624
Saudi Arabia,Urban,2011,23240.396
Saudi Arabia,Total,2012,29154.9
Saudi Arabia,Rural,2012,5084.189
Saudi Arabia,Urban,2012,24002.168
Saudi Arabia,Total,2013,30052.059
Saudi Arabia,Rural,2013,5168.517
Saudi Arabia,Urban,2013,24775.959
Saudi Arabia,Total,2014,30916.597
Saudi Arabia,Rural,2014,5244.48
Saudi Arabia,Urban,2014,25532.242
Saudi Arabia,Total,2015,31717.667
Saudi Arabia,Rural,2015,5307.901
Saudi Arabia,Urban,2015,26249.243
Saudi Arabia,Total,2016,32443.447
Saudi Arabia,Rural,2016,5357.473
Saudi Arabia,Urban,2016,26918.214
Saudi Arabia,Total,2017,33101.179
Saudi Arabia,Rural,2017,5394.59
Saudi Arabia,Urban,2017,27543.623
Saudi Arabia,Total,2018,33702.756
Saudi Arabia,Rural,2018,5421.205
Saudi Arabia,Urban,2018,28133.138
Senegal,Total,2000,9797.734
Senegal,Rural,2000,5898.768
Senegal,Urban,2000,3985.284
Senegal,Total,2001,10036.104
Senegal,Rural,2001,6033.724
Senegal,Urban,2001,4100.773
Senegal,Total,2002,10283.699
Senegal,Rural,2002,6175.004
Senegal,Urban,2002,4221.857
Senegal,Total,2003,10541.467
Senegal,Rural,2003,6306.742
Senegal,Urban,2003,4364.248
Senegal,Total,2004,10810.083
Senegal,Rural,2004,6430.464
Senegal,Urban,2004,4525.48
Senegal,Total,2005,11090.116
Senegal,Rural,2005,6557.896
Senegal,Urban,2005,4693.37
Senegal,Total,2006,11382.268
Senegal,Rural,2006,6688.611
Senegal,Urban,2006,4868.152
Senegal,Total,2007,11687.08
Senegal,Rural,2007,6823.185
Senegal,Urban,2007,5050.372
Senegal,Total,2008,12004.701
Senegal,Rural,2008,6962.724
Senegal,Urban,2008,5241.233
Senegal,Total,2009,12335.084
Senegal,Rural,2009,7108.938
Senegal,Urban,2009,5441.979
Senegal,Total,2010,12678.148
Senegal,Rural,2010,7262.417
Senegal,Urban,2010,5653.812
Senegal,Total,2011,13033.809
Senegal,Rural,2011,7423.569
Senegal,Urban,2011,5877.341
Senegal,Total,2012,13401.992
Senegal,Rural,2012,7591.27
Senegal,Urban,2012,6112.243
Senegal,Total,2013,13782.424
Senegal,Rural,2013,7763.486
Senegal,Urban,2013,6356.834
Senegal,Total,2014,14174.739
Senegal,Rural,2014,7936.955
Senegal,Urban,2014,6609.156
Senegal,Total,2015,14578.459
Senegal,Rural,2015,8108.284
Senegal,Urban,2015,6868.71
Senegal,Total,2016,14993.519
Senegal,Rural,2016,8276.577
Senegal,Urban,2016,7135.037
Senegal,Total,2017,15419.355
Senegal,Rural,2017,8442.004
Senegal,Urban,2017,7408.563
Senegal,Total,2018,15854.323
Senegal,Rural,2018,8604.629
Senegal,Urban,2018,7689.641
Serbia,Total,2006,9145.914
Serbia,Rural,2006,4210.06
Serbia,Urban,2006,4963.229
Serbia,Total,2007,9101.185
Serbia,Rural,2007,4172.28
Serbia,Urban,2007,4962.934
Serbia,Total,2008,9060.103
Serbia,Rural,2008,4135.754
Serbia,Urban,2008,4963.798
Serbia,Total,2009,9023.357
Serbia,Rural,2009,4099.85
Serbia,Urban,2009,4964.906
Serbia,Total,2010,8991.254
Serbia,Rural,2010,4063.98
Serbia,Urban,2010,4965.736
Serbia,Total,2011,8963.769
Serbia,Rural,2011,4027.867
Serbia,Urban,2011,4965.879
Serbia,Total,2012,8940.113
Serbia,Rural,2012,3998.797
Serbia,Urban,2012,4958.187
Serbia,Total,2013,8918.904
Serbia,Rural,2013,3972.253
Serbia,Urban,2013,4947.962
Serbia,Total,2014,8898.289
Serbia,Rural,2014,3946.346
Serbia,Urban,2014,4938.366
Serbia,Total,2015,8876.777
Serbia,Rural,2015,3921.443
Serbia,Urban,2015,4929.837
Serbia,Total,2016,8853.963
Serbia,Rural,2016,3897.595
Serbia,Urban,2016,4922.488
Serbia,Total,2017,8829.628
Serbia,Rural,2017,3872.979
Serbia,Urban,2017,4917.595
Serbia,Total,2018,8802.754
Serbia,Rural,2018,3847.25
Serbia,Urban,2018,4914.777
Seychelles,Total,2000,80.996
Seychelles,Rural,2000,40.224
Seychelles,Urban,2000,40.927
Seychelles,Total,2001,82.414
Seychelles,Rural,2001,40.75
Seychelles,Urban,2001,41.817
Seychelles,Total,2002,84.077
Seychelles,Rural,2002,41.364
Seychelles,Urban,2002,42.839
Seychelles,Total,2003,85.81
Seychelles,Rural,2003,41.99
Seychelles,Urban,2003,43.92
Seychelles,Total,2004,87.393
Seychelles,Rural,2004,42.528
Seychelles,Urban,2004,44.956
Seychelles,Total,2005,88.648
Seychelles,Rural,2005,42.89
Seychelles,Urban,2005,45.854
Seychelles,Total,2006,89.526
Seychelles,Rural,2006,43.064
Seychelles,Urban,2006,46.595
Seychelles,Total,2007,90.088
Seychelles,Rural,2007,43.077
Seychelles,Urban,2007,47.204
Seychelles,Total,2008,90.449
Seychelles,Rural,2008,42.968
Seychelles,Urban,2008,47.718
Seychelles,Total,2009,90.802
Seychelles,Rural,2009,42.814
Seychelles,Urban,2009,48.22
Seychelles,Total,2010,91.264
Seychelles,Rural,2010,42.653
Seychelles,Urban,2010,48.752
Seychelles,Total,2011,91.883
Seychelles,Rural,2011,42.501
Seychelles,Urban,2011,49.333
Seychelles,Total,2012,92.603
Seychelles,Rural,2012,42.34
Seychelles,Urban,2012,49.945
Seychelles,Total,2013,93.395
Seychelles,Rural,2013,42.174
Seychelles,Urban,2013,50.591
Seychelles,Total,2014,94.215
Seychelles,Rural,2014,41.993
Seychelles,Urban,2014,51.261
Seychelles,Total,2015,94.978
Seychelles,Rural,2015,41.809
Seychelles,Urban,2015,51.933
Seychelles,Total,2016,95.71
Seychelles,Rural,2016,41.619
Seychelles,Urban,2016,52.609
Seychelles,Total,2017,96.418
Seychelles,Rural,2017,41.437
Seychelles,Urban,2017,53.3
Seychelles,Total,2018,97.096
Seychelles,Rural,2018,41.246
Seychelles,Urban,2018,53.989
Sierra Leone,Total,2000,4584.571
Sierra Leone,Rural,2000,2938.242
Sierra Leone,Urban,2000,1626.055
Sierra Leone,Total,2001,4754.072
Sierra Leone,Rural,2001,3039.37
Sierra Leone,Urban,2001,1699.777
Sierra Leone,Total,2002,4965.766
Sierra Leone,Rural,2002,3167.216
Sierra Leone,Urban,2002,1790.0
Sierra Leone,Total,2003,5201.07
Sierra Leone,Rural,2003,3309.412
Sierra Leone,Urban,2003,1890.137
Sierra Leone,Total,2004,5433.991
Sierra Leone,Rural,2004,3448.988
Sierra Leone,Urban,2004,1990.707
Sierra Leone,Total,2005,5645.624
Sierra Leone,Rural,2005,3569.351
Sierra Leone,Urban,2005,2089.028
Sierra Leone,Total,2006,5829.237
Sierra Leone,Rural,2006,3666.929
Sierra Leone,Urban,2006,2181.763
Sierra Leone,Total,2007,5989.633
Sierra Leone,Rural,2007,3748.249
Sierra Leone,Urban,2007,2267.168
Sierra Leone,Total,2008,6133.603
Sierra Leone,Rural,2008,3817.768
Sierra Leone,Urban,2008,2347.604
Sierra Leone,Total,2009,6272.734
Sierra Leone,Rural,2009,3882.977
Sierra Leone,Urban,2009,2427.283
Sierra Leone,Total,2010,6415.634
Sierra Leone,Rural,2010,3949.115
Sierra Leone,Urban,2010,2509.605
Sierra Leone,Total,2011,6563.24
Sierra Leone,Rural,2011,4016.739
Sierra Leone,Urban,2011,2594.953
Sierra Leone,Total,2012,6712.584
Sierra Leone,Rural,2012,4083.903
Sierra Leone,Urban,2012,2682.2
Sierra Leone,Total,2013,6863.981
Sierra Leone,Rural,2013,4150.771
Sierra Leone,Urban,2013,2771.308
Sierra Leone,Total,2014,7017.148
Sierra Leone,Rural,2014,4216.939
Sierra Leone,Urban,2014,2862.223
Sierra Leone,Total,2015,7171.914
Sierra Leone,Rural,2015,4282.234
Sierra Leone,Urban,2015,2954.791
Sierra Leone,Total,2016,7328.834
Sierra Leone,Rural,2016,4346.912
Sierra Leone,Urban,2016,3049.278
Sierra Leone,Total,2017,7488.423
Sierra Leone,Rural,2017,4410.71
Sierra Leone,Urban,2017,3146.502
Sierra Leone,Total,2018,7650.15
Sierra Leone,Rural,2018,4473.227
Sierra Leone,Urban,2018,3246.502
Singapore,Total,2000,4028.871
Singapore,Rural,2000,0.0
Singapore,Urban,2000,3913.96
Singapore,Total,2001,4077.145
Singapore,Rural,2001,0.0
Singapore,Urban,2001,4018.779
Singapore,Total,2002,4104.419
Singapore,Rural,2002,0.0
Singapore,Urban,2002,4131.208
Singapore,Total,2003,4129.225
Singapore,Rural,2003,0.0
Singapore,Urban,2003,4249.295
Singapore,Total,2004,4177.213
Singapore,Rural,2004,0.0
Singapore,Urban,2004,4370.04
Singapore,Total,2005,4265.687
Singapore,Rural,2005,0.0
Singapore,Urban,2005,4491.042
Singapore,Total,2006,4402.331
Singapore,Rural,2006,0.0
Singapore,Urban,2006,4611.901
Singapore,Total,2007,4578.63
Singapore,Rural,2007,0.0
Singapore,Urban,2007,4732.528
Singapore,Total,2008,4775.804
Singapore,Rural,2008,0.0
Singapore,Urban,2008,4851.109
Singapore,Total,2009,4966.614
Singapore,Rural,2009,0.0
Singapore,Urban,2009,4965.518
Singapore,Total,2010,5131.172
Singapore,Rural,2010,0.0
Singapore,Urban,2010,5074.252
Singapore,Total,2011,5263.636
Singapore,Rural,2011,0.0
Singapore,Urban,2011,5176.017
Singapore,Total,2012,5369.476
Singapore,Rural,2012,0.0
Singapore,Urban,2012,5270.958
Singapore,Total,2013,5453.737
Singapore,Rural,2013,0.0
Singapore,Urban,2013,5360.837
Singapore,Total,2014,5525.626
Singapore,Rural,2014,0.0
Singapore,Urban,2014,5448.342
Singapore,Total,2015,5592.152
Singapore,Rural,2015,0.0
Singapore,Urban,2015,5535.262
Singapore,Total,2016,5653.634
Singapore,Rural,2016,0.0
Singapore,Urban,2016,5622.455
Singapore,Total,2017,5708.041
Singapore,Rural,2017,0.0
Singapore,Urban,2017,5708.844
Singapore,Total,2018,5757.499
Singapore,Rural,2018,0.0
Singapore,Urban,2018,5791.901
Slovakia,Total,2000,5399.211
Slovakia,Rural,2000,2363.059
Slovakia,Urban,2000,3036.152
Slovakia,Total,2001,5399.992
Slovakia,Rural,2001,2367.176
Slovakia,Urban,2001,3032.83
Slovakia,Total,2002,5400.122
Slovakia,Rural,2002,2375.345
Slovakia,Urban,2002,3024.809
Slovakia,Total,2003,5399.834
Slovakia,Rural,2003,2383.336
Slovakia,Urban,2003,3016.55
Slovakia,Total,2004,5399.38
Slovakia,Rural,2004,2391.255
Slovakia,Urban,2004,3008.164
Slovakia,Total,2005,5398.963
Slovakia,Rural,2005,2399.162
Slovakia,Urban,2005,2999.801
Slovakia,Total,2006,5398.673
Slovakia,Rural,2006,2407.098
Slovakia,Urban,2006,2991.443
Slovakia,Total,2007,5398.692
Slovakia,Rural,2007,2415.132
Slovakia,Urban,2007,2983.194
Slovakia,Total,2008,5399.371
Slovakia,Rural,2008,2423.516
Slovakia,Urban,2008,2975.34
Slovakia,Total,2009,5401.153
Slovakia,Rural,2009,2432.484
Slovakia,Urban,2009,2968.235
Slovakia,Total,2010,5404.294
Slovakia,Rural,2010,2448.958
Slovakia,Urban,2010,2955.336
Slovakia,Total,2011,5408.937
Slovakia,Rural,2011,2465.827
Slovakia,Urban,2011,2944.02
Slovakia,Total,2012,5414.889
Slovakia,Rural,2012,2476.704
Slovakia,Urban,2012,2940.366
Slovakia,Total,2013,5421.725
Slovakia,Rural,2013,2487.967
Slovakia,Urban,2013,2937.163
Slovakia,Total,2014,5428.803
Slovakia,Rural,2014,2499.107
Slovakia,Urban,2014,2933.734
Slovakia,Total,2015,5435.611
Slovakia,Rural,2015,2508.148
Slovakia,Urban,2015,2931.17
Slovakia,Total,2016,5442.003
Slovakia,Rural,2016,2514.92
Slovakia,Urban,2016,2929.298
Slovakia,Total,2017,5447.9
Slovakia,Rural,2017,2519.468
Slovakia,Urban,2017,2928.194
Slovakia,Total,2018,5453.014
Slovakia,Rural,2018,2521.863
Slovakia,Urban,2018,2927.953
Slovenia,Total,2000,1987.717
Slovenia,Rural,2000,979.257
Slovenia,Urban,2000,1009.242
Slovenia,Total,2001,1987.461
Slovenia,Rural,2001,978.66
Slovenia,Urban,2001,1009.689
Slovenia,Total,2002,1987.267
Slovenia,Rural,2002,977.096
Slovenia,Urban,2002,1011.168
Slovenia,Total,2003,1987.862
Slovenia,Rural,2003,972.957
Slovenia,Urban,2003,1016.008
Slovenia,Total,2004,1990.222
Slovenia,Rural,2004,969.669
Slovenia,Urban,2004,1021.761
Slovenia,Total,2005,1994.976
Slovenia,Rural,2005,967.539
Slovenia,Urban,2005,1028.742
Slovenia,Total,2006,2002.43
Slovenia,Rural,2006,966.665
Slovenia,Urban,2006,1037.126
Slovenia,Total,2007,2012.118
Slovenia,Rural,2007,966.833
Slovenia,Urban,2007,1046.706
Slovenia,Total,2008,2023.052
Slovenia,Rural,2008,967.551
Slovenia,Urban,2008,1056.987
Slovenia,Total,2009,2033.804
Slovenia,Rural,2009,968.18
Slovenia,Urban,2009,1067.244
Slovenia,Total,2010,2043.337
Slovenia,Rural,2010,968.215
Slovenia,Urban,2010,1076.953
Slovenia,Total,2011,2051.287
Slovenia,Rural,2011,967.513
Slovenia,Urban,2011,1085.923
Slovenia,Total,2012,2057.823
Slovenia,Rural,2012,966.153
Slovenia,Urban,2012,1094.237
Slovenia,Total,2013,2063.11
Slovenia,Rural,2013,964.206
Slovenia,Urban,2013,1101.913
Slovenia,Total,2014,2067.488
Slovenia,Rural,2014,961.764
Slovenia,Urban,2014,1109.081
Slovenia,Total,2015,2071.199
Slovenia,Rural,2015,958.942
Slovenia,Urban,2015,1115.846
Slovenia,Total,2016,2074.21
Slovenia,Rural,2016,955.396
Slovenia,Urban,2016,1122.466
Slovenia,Total,2017,2076.394
Slovenia,Rural,2017,951.104
Slovenia,Urban,2017,1128.872
Slovenia,Total,2018,2077.837
Slovenia,Rural,2018,946.127
Slovenia,Urban,2018,1135.133
Solomon Islands,Total,2000,412.66
Solomon Islands,Rural,2000,347.363
Solomon Islands,Urban,2000,65.246
Solomon Islands,Total,2001,423.944
Solomon Islands,Rural,2001,355.185
Solomon Islands,Urban,2001,68.668
Solomon Islands,Total,2002,435.432
Solomon Islands,Rural,2002,363.021
Solomon Islands,Urban,2002,72.241
Solomon Islands,Total,2003,447.017
Solomon Islands,Rural,2003,370.814
Solomon Islands,Urban,2003,75.955
Solomon Islands,Total,2004,458.539
Solomon Islands,Rural,2004,378.516
Solomon Islands,Urban,2004,79.808
Solomon Islands,Total,2005,469.918
Solomon Islands,Rural,2005,386.096
Solomon Islands,Urban,2005,83.789
Solomon Islands,Total,2006,481.078
Solomon Islands,Rural,2006,393.518
Solomon Islands,Urban,2006,87.904
Solomon Islands,Total,2007,492.132
Solomon Islands,Rural,2007,400.788
Solomon Islands,Urban,2007,92.152
Solomon Islands,Total,2008,503.36
Solomon Islands,Rural,2008,407.93
Solomon Islands,Urban,2008,96.547
Solomon Islands,Total,2009,515.181
Solomon Islands,Rural,2009,414.986
Solomon Islands,Urban,2009,101.093
Solomon Islands,Total,2010,527.861
Solomon Islands,Rural,2010,421.98
Solomon Islands,Urban,2010,105.81
Solomon Islands,Total,2011,541.521
Solomon Islands,Rural,2011,428.948
Solomon Islands,Urban,2011,110.666
Solomon Islands,Total,2012,556.063
Solomon Islands,Rural,2012,435.874
Solomon Islands,Urban,2012,115.657
Solomon Islands,Total,2013,571.336
Solomon Islands,Rural,2013,442.735
Solomon Islands,Urban,2013,120.778
Solomon Islands,Total,2014,587.079
Solomon Islands,Rural,2014,449.49
Solomon Islands,Urban,2014,126.014
Solomon Islands,Total,2015,603.118
Solomon Islands,Rural,2015,456.121
Solomon Islands,Urban,2015,131.361
Solomon Islands,Total,2016,619.438
Solomon Islands,Rural,2016,462.611
Solomon Islands,Urban,2016,136.808
Solomon Islands,Total,2017,636.039
Solomon Islands,Rural,2017,468.983
Solomon Islands,Urban,2017,142.36
Solomon Islands,Total,2018,652.857
Solomon Islands,Rural,2018,475.26
Solomon Islands,Urban,2018,148.021
Somalia,Total,2000,8872.254
Somalia,Rural,2000,6015.423
Somalia,Urban,2000,2996.056
Somalia,Total,2001,9186.725
Somalia,Rural,2001,6167.501
Somalia,Urban,2001,3123.322
Somalia,Total,2002,9501.342
Somalia,Rural,2002,6313.307
Somalia,Urban,2002,3250.86
Somalia,Total,2003,9815.412
Somalia,Rural,2003,6417.677
Somalia,Urban,2003,3418.72
Somalia,Total,2004,10130.243
Somalia,Rural,2004,6521.864
Somalia,Urban,2004,3594.364
Somalia,Total,2005,10446.863
Somalia,Rural,2005,6629.975
Somalia,Urban,2005,3779.95
Somalia,Total,2006,10763.905
Somalia,Rural,2006,6741.849
Somalia,Urban,2006,3976.468
Somalia,Total,2007,11080.121
Somalia,Rural,2007,7240.839
Somalia,Urban,2007,3797.757
Somalia,Total,2008,11397.188
Somalia,Rural,2008,7275.093
Somalia,Urban,2008,4094.183
Somalia,Total,2009,11717.692
Somalia,Rural,2009,7300.523
Somalia,Urban,2009,4407.467
Somalia,Total,2010,12043.883
Somalia,Rural,2010,7315.117
Somalia,Urban,2010,4738.106
Somalia,Total,2011,12376.301
Somalia,Rural,2011,7318.788
Somalia,Urban,2011,5085.937
Somalia,Total,2012,12715.503
Somalia,Rural,2012,7459.376
Somalia,Urban,2012,5304.4
Somalia,Total,2013,13063.701
Somalia,Rural,2013,7601.384
Somalia,Urban,2013,5530.965
Somalia,Total,2014,13423.568
Somalia,Rural,2014,7745.889
Somalia,Urban,2014,5767.236
Somalia,Total,2015,13797.201
Somalia,Rural,2015,7893.535
Somalia,Urban,2015,6014.594
Somalia,Total,2016,14185.636
Somalia,Rural,2016,8044.409
Somalia,Urban,2016,6273.587
Somalia,Total,2017,14589.179
Somalia,Rural,2017,8198.119
Somalia,Urban,2017,6544.404
Somalia,Total,2018,15008.226
Somalia,Rural,2018,8354.51
Somalia,Urban,2018,6827.415
South Africa,Total,2000,44967.708
South Africa,Rural,2000,19713.179
South Africa,Urban,2000,26015.136
South Africa,Total,2001,45571.274
South Africa,Rural,2001,19774.867
South Africa,Urban,2001,26610.139
South Africa,Total,2002,46150.913
South Africa,Rural,2002,19799.101
South Africa,Urban,2002,27227.072
South Africa,Total,2003,46719.196
South Africa,Rural,2003,19800.023
South Africa,Urban,2003,27848.704
South Africa,Total,2004,47291.61
South Africa,Rural,2004,19784.966
South Africa,Urban,2004,28462.429
South Africa,Total,2005,47880.601
South Africa,Rural,2005,19754.866
South Africa,Urban,2005,29065.72
South Africa,Total,2006,48489.459
South Africa,Rural,2006,19707.664
South Africa,Urban,2006,29656.918
South Africa,Total,2007,49119.759
South Africa,Rural,2007,19647.368
South Africa,Urban,2007,30239.813
South Africa,Total,2008,49779.471
South Africa,Rural,2008,19583.275
South Africa,Urban,2008,30828.854
South Africa,Total,2009,50477.011
South Africa,Rural,2009,19528.59
South Africa,Urban,2009,31442.228
South Africa,Total,2010,51216.964
South Africa,Rural,2010,19489.852
South Africa,Urban,2010,32094.811
South Africa,Total,2011,52003.755
South Africa,Rural,2011,19470.335
South Africa,Urban,2011,32793.181
South Africa,Total,2012,52832.658
South Africa,Rural,2012,19465.377
South Africa,Urban,2012,33532.836
South Africa,Total,2013,53687.121
South Africa,Rural,2013,19467.489
South Africa,Urban,2013,34299.907
South Africa,Total,2014,54544.186
South Africa,Rural,2014,19463.91
South Africa,Urban,2014,35075.661
South Africa,Total,2015,55386.367
South Africa,Rural,2015,19446.876
South Africa,Urban,2015,35844.349
South Africa,Total,2016,56207.646
South Africa,Rural,2016,19414.491
South Africa,Urban,2016,36600.982
South Africa,Total,2017,57009.756
South Africa,Rural,2017,19369.002
South Africa,Urban,2017,37348.154
South Africa,Total,2018,57792.518
South Africa,Rural,2018,19311.652
South Africa,Urban,2018,38086.769
South Sudan,Total,2012,10113.649
South Sudan,Rural,2012,8847.54
South Sudan,Urban,2012,1970.718
South Sudan,Total,2013,10355.035
South Sudan,Rural,2013,9119.185
South Sudan,Urban,2013,2058.305
South Sudan,Total,2014,10554.88
South Sudan,Rural,2014,9383.162
South Sudan,Urban,2014,2147.809
South Sudan,Total,2015,10715.658
South Sudan,Rural,2015,9642.116
South Sudan,Urban,2015,2240.02
South Sudan,Total,2016,10832.518
South Sudan,Rural,2016,9895.674
South Sudan,Urban,2016,2335.056
South Sudan,Total,2017,10910.763
South Sudan,Rural,2017,10142.827
South Sudan,Urban,2017,2432.887
South Sudan,Total,2018,10975.927
South Sudan,Rural,2018,10384.989
South Sudan,Urban,2018,2534.064
Spain,Total,2000,40824.754
Spain,Rural,2000,9709.605
Spain,Urban,2000,31194.106
Spain,Total,2001,41319.427
Spain,Rural,2001,9792.19
Spain,Urban,2001,31599.913
Spain,Total,2002,41919.585
Spain,Rural,2002,9852.597
Spain,Urban,2002,32132.923
Spain,Total,2003,42596.453
Spain,Rural,2003,9904.876
Spain,Urban,2003,32748.53
Spain,Total,2004,43308.345
Spain,Rural,2004,9961.494
Spain,Urban,2004,33390.174
Spain,Total,2005,44019.123
Spain,Rural,2005,10014.136
Spain,Urban,2005,34028.496
Spain,Total,2006,44728.565
Spain,Rural,2006,10062.286
Spain,Urban,2006,34663.246
Spain,Total,2007,45429.076
Spain,Rural,2007,10104.737
Spain,Urban,2007,35289.121
Spain,Total,2008,46068.811
Spain,Rural,2008,10130.511
Spain,Urban,2008,35867.295
Spain,Total,2009,46583.565
Spain,Rural,2009,10127.186
Spain,Urban,2009,36348.886
Spain,Total,2010,46931.015
Spain,Rural,2010,10086.595
Spain,Urban,2010,36702.035
Spain,Total,2011,47084.24
Spain,Rural,2011,10004.441
Spain,Urban,2011,36904.697
Spain,Total,2012,47063.06
Spain,Rural,2012,9886.091
Spain,Urban,2012,36971.313
Spain,Total,2013,46930.555
Spain,Rural,2013,9744.548
Spain,Urban,2013,36953.005
Spain,Total,2014,46777.925
Spain,Rural,2014,9599.224
Spain,Urban,2014,36922.603
Spain,Total,2015,46671.926
Spain,Rural,2015,9464.206
Spain,Urban,2015,36933.458
Spain,Total,2016,46634.14
Spain,Rural,2016,9343.737
Spain,Urban,2016,37003.839
Spain,Total,2017,46647.428
Spain,Rural,2017,9233.918
Spain,Urban,2017,37120.403
Spain,Total,2018,46692.858
Spain,Rural,2018,9130.38
Spain,Urban,2018,37267.072
Sri Lanka,Total,2000,18777.601
Sri Lanka,Rural,2000,15329.767
Sri Lanka,Urban,2000,3452.171
Sri Lanka,Total,2001,18911.73
Sri Lanka,Rural,2001,15439.7
Sri Lanka,Urban,2001,3473.354
Sri Lanka,Total,2002,19062.482
Sri Lanka,Rural,2002,15562.028
Sri Lanka,Urban,2002,3497.272
Sri Lanka,Total,2003,19224.037
Sri Lanka,Rural,2003,15692.371
Sri Lanka,Urban,2003,3522.936
Sri Lanka,Total,2004,19387.153
Sri Lanka,Rural,2004,15823.764
Sri Lanka,Urban,2004,3548.774
Sri Lanka,Total,2005,19544.988
Sri Lanka,Rural,2005,15950.938
Sri Lanka,Urban,2005,3573.62
Sri Lanka,Total,2006,19695.972
Sri Lanka,Rural,2006,16072.91
Sri Lanka,Urban,2006,3597.241
Sri Lanka,Total,2007,19842.044
Sri Lanka,Rural,2007,16190.874
Sri Lanka,Urban,2007,3619.915
Sri Lanka,Total,2008,19983.984
Sri Lanka,Rural,2008,16304.311
Sri Lanka,Urban,2008,3641.521
Sri Lanka,Total,2009,20123.508
Sri Lanka,Rural,2009,16413.045
Sri Lanka,Urban,2009,3662.041
Sri Lanka,Total,2010,20261.737
Sri Lanka,Rural,2010,16516.926
Sri Lanka,Urban,2010,3681.427
Sri Lanka,Total,2011,20398.497
Sri Lanka,Rural,2011,16615.442
Sri Lanka,Urban,2011,3699.575
Sri Lanka,Total,2012,20532.6
Sri Lanka,Rural,2012,16708.167
Sri Lanka,Urban,2012,3716.388
Sri Lanka,Total,2013,20663.046
Sri Lanka,Rural,2013,16791.684
Sri Lanka,Urban,2013,3735.549
Sri Lanka,Total,2014,20788.511
Sri Lanka,Rural,2014,16866.37
Sri Lanka,Urban,2014,3757.194
Sri Lanka,Total,2015,20908.027
Sri Lanka,Rural,2015,16932.569
Sri Lanka,Urban,2015,3781.471
Sri Lanka,Total,2016,21021.171
Sri Lanka,Rural,2016,16990.083
Sri Lanka,Urban,2016,3808.409
Sri Lanka,Total,2017,21128.032
Sri Lanka,Rural,2017,17038.849
Sri Lanka,Urban,2017,3838.068
Sri Lanka,Total,2018,21228.763
Sri Lanka,Rural,2018,17079.399
Sri Lanka,Urban,2018,3870.642
Sudan,Total,2012,36193.783
Sudan,Rural,2012,23988.926
Sudan,Urban,2012,12001.266
Sudan,Total,2013,37072.55
Sudan,Rural,2013,24502.709
Sudan,Urban,2013,12347.209
Sudan,Total,2014,37977.655
Sudan,Rural,2014,25024.231
Sudan,Urban,2014,12713.682
Sudan,Total,2015,38902.95
Sudan,Rural,2015,25548.489
Sudan,Urban,2015,13099.314
Sudan,Total,2016,39847.439
Sudan,Rural,2016,26074.189
Sudan,Urban,2016,13504.639
Sudan,Total,2017,40813.397
Sudan,Rural,2017,26602.042
Sudan,Urban,2017,13931.288
Sudan,Total,2018,41801.533
Sudan,Rural,2018,27131.309
Sudan,Urban,2018,14380.217
Suriname,Total,2000,470.949
Suriname,Rural,2000,158.514
Suriname,Urban,2000,313.876
Suriname,Total,2001,476.579
Suriname,Rural,2001,159.96
Suriname,Urban,2001,317.78
Suriname,Total,2002,482.235
Suriname,Rural,2002,161.381
Suriname,Urban,2002,321.663
Suriname,Total,2003,487.942
Suriname,Rural,2003,162.79
Suriname,Urban,2003,325.542
Suriname,Total,2004,493.679
Suriname,Rural,2004,164.195
Suriname,Urban,2004,329.435
Suriname,Total,2005,499.464
Suriname,Rural,2005,166.238
Suriname,Urban,2005,332.708
Suriname,Total,2006,505.295
Suriname,Rural,2006,168.365
Suriname,Urban,2006,335.942
Suriname,Total,2007,511.181
Suriname,Rural,2007,170.511
Suriname,Urban,2007,339.194
Suriname,Total,2008,517.123
Suriname,Rural,2008,172.681
Suriname,Urban,2008,342.467
Suriname,Total,2009,523.111
Suriname,Rural,2009,174.867
Suriname,Urban,2009,345.752
Suriname,Total,2010,529.131
Suriname,Rural,2010,177.066
Suriname,Urban,2010,349.037
Suriname,Total,2011,535.179
Suriname,Rural,2011,179.273
Suriname,Urban,2011,352.316
Suriname,Total,2012,541.245
Suriname,Rural,2012,181.489
Suriname,Urban,2012,355.588
Suriname,Total,2013,547.291
Suriname,Rural,2013,183.704
Suriname,Urban,2013,358.836
Suriname,Total,2014,553.273
Suriname,Rural,2014,185.806
Suriname,Urban,2014,362.122
Suriname,Total,2015,559.143
Suriname,Rural,2015,187.781
Suriname,Urban,2015,365.427
Suriname,Total,2016,564.888
Suriname,Rural,2016,189.623
Suriname,Urban,2016,368.745
Suriname,Total,2017,570.496
Suriname,Rural,2017,191.326
Suriname,Urban,2017,372.076
Suriname,Total,2018,575.99
Suriname,Rural,2018,192.884
Suriname,Urban,2018,375.417
Sweden,Total,2000,8881.64
Sweden,Rural,2000,1418.749
Sweden,Urban,2000,7462.891
Sweden,Total,2001,8897.793
Sweden,Rural,2001,1417.317
Sweden,Urban,2001,7480.476
Sweden,Total,2002,8920.71
Sweden,Rural,2002,1415.408
Sweden,Urban,2002,7505.286
Sweden,Total,2003,8951.436
Sweden,Rural,2003,1414.725
Sweden,Urban,2003,7536.697
Sweden,Total,2004,8990.654
Sweden,Rural,2004,1415.35
Sweden,Urban,2004,7575.289
Sweden,Total,2005,9038.623
Sweden,Rural,2005,1417.334
Sweden,Urban,2005,7621.289
Sweden,Total,2006,9096.165
Sweden,Rural,2006,1416.324
Sweden,Urban,2006,7679.94
Sweden,Total,2007,9162.939
Sweden,Rural,2007,1412.213
Sweden,Urban,2007,7751.03
Sweden,Total,2008,9236.428
Sweden,Rural,2008,1409.01
Sweden,Urban,2008,7827.88
Sweden,Total,2009,9313.087
Sweden,Rural,2009,1406.182
Sweden,Urban,2009,7907.296
Sweden,Total,2010,9390.168
Sweden,Rural,2010,1403.234
Sweden,Urban,2010,7986.934
Sweden,Total,2011,9466.71
Sweden,Rural,2011,1391.807
Sweden,Urban,2011,8074.085
Sweden,Total,2012,9542.812
Sweden,Rural,2012,1371.997
Sweden,Urban,2012,8168.91
Sweden,Total,2013,9618.016
Sweden,Rural,2013,1352.261
Sweden,Urban,2013,8262.986
Sweden,Total,2014,9692.131
Sweden,Rural,2014,1332.551
Sweden,Urban,2014,8356.825
Sweden,Total,2015,9764.95
Sweden,Rural,2015,1312.954
Sweden,Urban,2015,8450.611
Sweden,Total,2016,9836.007
Sweden,Rural,2016,1293.399
Sweden,Urban,2016,8544.134
Sweden,Total,2017,9904.896
Sweden,Rural,2017,1273.943
Sweden,Urban,2017,8636.758
Sweden,Total,2018,9971.638
Sweden,Rural,2018,1254.718
Sweden,Urban,2018,8727.991
Switzerland,Total,2000,7143.761
Switzerland,Rural,2000,1907.695
Switzerland,Urban,2000,5259.555
Switzerland,Total,2001,7179.169
Switzerland,Rural,2001,1917.728
Switzerland,Urban,2001,5284.957
Switzerland,Total,2002,7220.377
Switzerland,Rural,2002,1926.831
Switzerland,Urban,2002,5317.083
Switzerland,Total,2003,7268.359
Switzerland,Rural,2003,1937.708
Switzerland,Urban,2003,5354.185
Switzerland,Total,2004,7323.737
Switzerland,Rural,2004,1950.516
Switzerland,Urban,2004,5396.731
Switzerland,Total,2005,7386.816
Switzerland,Rural,2005,1965.346
Switzerland,Urban,2005,5444.962
Switzerland,Total,2006,7457.958
Switzerland,Rural,2006,1982.272
Switzerland,Urban,2006,5499.135
Switzerland,Total,2007,7536.982
Switzerland,Rural,2007,2001.241
Switzerland,Urban,2007,5559.117
Switzerland,Total,2008,7622.821
Switzerland,Rural,2008,2021.967
Switzerland,Urban,2008,5624.146
Switzerland,Total,2009,7713.898
Switzerland,Rural,2009,2044.053
Switzerland,Urban,2009,5693.108
Switzerland,Total,2010,7808.675
Switzerland,Rural,2010,2067.084
Switzerland,Urban,2010,5764.887
Switzerland,Total,2011,7906.992
Switzerland,Rural,2011,2091.187
Switzerland,Urban,2011,5839.234
Switzerland,Total,2012,8008.012
Switzerland,Rural,2012,2116.141
Switzerland,Urban,2012,5915.529
Switzerland,Total,2013,8108.878
Switzerland,Rural,2013,2140.993
Switzerland,Urban,2013,5991.681
Switzerland,Total,2014,8206.002
Switzerland,Rural,2014,2164.734
Switzerland,Urban,2014,6064.895
Switzerland,Total,2015,8296.775
Switzerland,Rural,2015,2186.643
Switzerland,Urban,2015,6133.126
Switzerland,Total,2016,8379.917
Switzerland,Rural,2016,2206.365
Switzerland,Urban,2016,6195.374
Switzerland,Total,2017,8455.804
Switzerland,Rural,2017,2224.037
Switzerland,Urban,2017,6251.968
Switzerland,Total,2018,8525.611
Switzerland,Rural,2018,2238.762
Switzerland,Urban,2018,6305.272
Syrian Arab Republic,Total,2000,16410.848
Syrian Arab Republic,Rural,2000,7885.963
Syrian Arab Republic,Urban,2000,8524.885
Syrian Arab Republic,Total,2001,16766.561
Syrian Arab Republic,Rural,2001,7995.447
Syrian Arab Republic,Urban,2001,8771.452
Syrian Arab Republic,Total,2002,17084.632
Syrian Arab Republic,Rural,2002,8085.687
Syrian Arab Republic,Urban,2002,9002.214
Syrian Arab Republic,Total,2003,17415.214
Syrian Arab Republic,Rural,2003,8176.604
Syrian Arab Republic,Urban,2003,9238.662
Syrian Arab Republic,Total,2004,17827.825
Syrian Arab Republic,Rural,2004,8294.901
Syrian Arab Republic,Urban,2004,9511.737
Syrian Arab Republic,Total,2005,18361.176
Syrian Arab Republic,Rural,2005,8455.456
Syrian Arab Republic,Urban,2005,9839.155
Syrian Arab Republic,Total,2006,19059.258
Syrian Arab Republic,Rural,2006,8673.211
Syrian Arab Republic,Urban,2006,10241.766
Syrian Arab Republic,Total,2007,19878.254
Syrian Arab Republic,Rural,2007,8930.863
Syrian Arab Republic,Urban,2007,10701.943
Syrian Arab Republic,Total,2008,20664.038
Syrian Arab Republic,Rural,2008,9171.916
Syrian Arab Republic,Urban,2008,11153.527
Syrian Arab Republic,Total,2009,21205.873
Syrian Arab Republic,Rural,2009,9321.767
Syrian Arab Republic,Urban,2009,11503.126
Syrian Arab Republic,Total,2010,21362.529
Syrian Arab Republic,Rural,2010,9332.362
Syrian Arab Republic,Urban,2010,11686.472
Syrian Arab Republic,Total,2011,21081.815
Syrian Arab Republic,Rural,2011,9476.439
Syrian Arab Republic,Urban,2011,11387.554
Syrian Arab Republic,Total,2012,20438.856
Syrian Arab Republic,Rural,2012,9484.477
Syrian Arab Republic,Urban,2012,10936.224
Syrian Arab Republic,Total,2013,19578.461
Syrian Arab Republic,Rural,2013,9403.582
Syrian Arab Republic,Urban,2013,10405.559
Syrian Arab Republic,Total,2014,18710.711
Syrian Arab Republic,Rural,2014,9313.499
Syrian Arab Republic,Urban,2014,9889.591
Syrian Arab Republic,Total,2015,17997.408
Syrian Arab Republic,Rural,2015,8961.409
Syrian Arab Republic,Urban,2015,9773.578
Syrian Arab Republic,Total,2016,17465.575
Syrian Arab Republic,Rural,2016,8692.69
Syrian Arab Republic,Urban,2016,9737.763
Syrian Arab Republic,Total,2017,17095.678
Syrian Arab Republic,Rural,2017,8495.489
Syrian Arab Republic,Urban,2017,9774.379
Syrian Arab Republic,Total,2018,16945.057
Syrian Arab Republic,Rural,2018,8381.17
Syrian Arab Republic,Urban,2018,9903.237
Tajikistan,Total,2000,6216.341
Tajikistan,Rural,2000,4568.853
Tajikistan,Urban,2000,1647.352
Tajikistan,Total,2001,6318.513
Tajikistan,Rural,2001,4650.26
Tajikistan,Urban,2001,1676.865
Tajikistan,Total,2002,6426.867
Tajikistan,Rural,2002,4738.751
Tajikistan,Urban,2002,1708.937
Tajikistan,Total,2003,6541.547
Tajikistan,Rural,2003,4833.576
Tajikistan,Urban,2003,1743.301
Tajikistan,Total,2004,6662.389
Tajikistan,Rural,2004,4933.375
Tajikistan,Urban,2004,1779.466
Tajikistan,Total,2005,6789.321
Tajikistan,Rural,2005,5037.117
Tajikistan,Urban,2005,1817.059
Tajikistan,Total,2006,6922.587
Tajikistan,Rural,2006,5144.561
Tajikistan,Urban,2006,1855.996
Tajikistan,Total,2007,7062.672
Tajikistan,Rural,2007,5256.003
Tajikistan,Urban,2007,1896.382
Tajikistan,Total,2008,7209.93
Tajikistan,Rural,2008,5371.491
Tajikistan,Urban,2008,1938.237
Tajikistan,Total,2009,7364.753
Tajikistan,Rural,2009,5491.198
Tajikistan,Urban,2009,1981.621
Tajikistan,Total,2010,7527.394
Tajikistan,Rural,2010,5615.102
Tajikistan,Urban,2010,2026.528
Tajikistan,Total,2011,7697.51
Tajikistan,Rural,2011,5743.046
Tajikistan,Urban,2011,2072.903
Tajikistan,Total,2012,7874.835
Tajikistan,Rural,2012,5872.805
Tajikistan,Urban,2012,2122.257
Tajikistan,Total,2013,8059.769
Tajikistan,Rural,2013,6003.406
Tajikistan,Urban,2013,2174.403
Tajikistan,Total,2014,8252.833
Tajikistan,Rural,2014,6133.662
Tajikistan,Urban,2014,2229.083
Tajikistan,Total,2015,8454.028
Tajikistan,Rural,2015,6262.55
Tajikistan,Urban,2015,2286.101
Tajikistan,Total,2016,8663.579
Tajikistan,Rural,2016,6389.516
Tajikistan,Urban,2016,2345.435
Tajikistan,Total,2017,8880.268
Tajikistan,Rural,2017,6514.203
Tajikistan,Urban,2017,2407.14
Tajikistan,Total,2018,9100.835
Tajikistan,Rural,2018,6636.026
Tajikistan,Urban,2018,2471.185
Thailand,Total,2000,62952.642
Thailand,Rural,2000,43198.106
Thailand,Urban,2000,19759.915
Thailand,Total,2001,63539.196
Thailand,Rural,2001,42861.156
Thailand,Urban,2001,20682.166
Thailand,Total,2002,64069.087
Thailand,Rural,2002,42458.762
Thailand,Urban,2002,21614.402
Thailand,Total,2003,64549.866
Thailand,Rural,2003,41999.085
Thailand,Urban,2003,22555.867
Thailand,Total,2004,64995.299
Thailand,Rural,2004,41491.898
Thailand,Urban,2004,23510.333
Thailand,Total,2005,65416.189
Thailand,Rural,2005,40948.938
Thailand,Urban,2005,24476.532
Thailand,Total,2006,65812.536
Thailand,Rural,2006,40368.169
Thailand,Urban,2006,25455.995
Thailand,Total,2007,66182.067
Thailand,Rural,2007,39750.794
Thailand,Urban,2007,26444.821
Thailand,Total,2008,66530.984
Thailand,Rural,2008,39101.036
Thailand,Urban,2008,27444.724
Thailand,Total,2009,66866.839
Thailand,Rural,2009,38428.419
Thailand,Urban,2009,28453.448
Thailand,Total,2010,67195.028
Thailand,Rural,2010,37733.694
Thailand,Urban,2010,29475.114
Thailand,Total,2011,67518.388
Thailand,Rural,2011,37345.66
Thailand,Urban,2011,30184.47
Thailand,Total,2012,67835.962
Thailand,Rural,2012,37012.171
Thailand,Urban,2012,30831.808
Thailand,Total,2013,68144.518
Thailand,Rural,2013,36666.051
Thailand,Urban,2013,31477.014
Thailand,Total,2014,68438.746
Thailand,Rural,2014,36300.112
Thailand,Urban,2014,32116.66
Thailand,Total,2015,68714.511
Thailand,Rural,2015,35911.92
Thailand,Urban,2015,32745.68
Thailand,Total,2016,68971.308
Thailand,Rural,2016,35500.674
Thailand,Urban,2016,33362.84
Thailand,Total,2017,69209.81
Thailand,Rural,2017,35071.057
Thailand,Urban,2017,33966.456
Thailand,Total,2018,69428.453
Thailand,Rural,2018,34627.095
Thailand,Urban,2018,34556.078
Timor-Leste,Total,2000,884.366
Timor-Leste,Rural,2000,660.127
Timor-Leste,Urban,2000,211.48
Timor-Leste,Total,2001,901.214
Timor-Leste,Rural,2001,672.797
Timor-Leste,Urban,2001,219.734
Timor-Leste,Total,2002,922.694
Timor-Leste,Rural,2002,693.062
Timor-Leste,Urban,2002,230.763
Timor-Leste,Total,2003,947.108
Timor-Leste,Rural,2003,717.348
Timor-Leste,Urban,2003,243.504
Timor-Leste,Total,2004,971.893
Timor-Leste,Rural,2004,740.448
Timor-Leste,Urban,2004,256.25
Timor-Leste,Total,2005,995.135
Timor-Leste,Rural,2005,759.18
Timor-Leste,Urban,2005,267.304
Timor-Leste,Total,2006,1016.432
Timor-Leste,Rural,2006,772.061
Timor-Leste,Urban,2006,276.56
Timor-Leste,Total,2007,1036.392
Timor-Leste,Rural,2007,780.526
Timor-Leste,Urban,2007,284.447
Timor-Leste,Total,2008,1055.431
Timor-Leste,Rural,2008,786.501
Timor-Leste,Urban,2008,291.609
Timor-Leste,Total,2009,1074.277
Timor-Leste,Rural,2009,792.93
Timor-Leste,Urban,2009,299.091
Timor-Leste,Total,2010,1093.523
Timor-Leste,Rural,2010,801.874
Timor-Leste,Urban,2010,307.717
Timor-Leste,Total,2011,1113.151
Timor-Leste,Rural,2011,813.805
Timor-Leste,Urban,2011,317.718
Timor-Leste,Total,2012,1132.994
Timor-Leste,Rural,2012,827.913
Timor-Leste,Urban,2012,328.847
Timor-Leste,Total,2013,1153.294
Timor-Leste,Rural,2013,843.513
Timor-Leste,Urban,2013,340.853
Timor-Leste,Total,2014,1174.331
Timor-Leste,Rural,2014,859.479
Timor-Leste,Urban,2014,353.335
Timor-Leste,Total,2015,1196.302
Timor-Leste,Rural,2015,875.011
Timor-Leste,Urban,2015,365.966
Timor-Leste,Total,2016,1219.288
Timor-Leste,Rural,2016,889.974
Timor-Leste,Urban,2016,378.697
Timor-Leste,Total,2017,1243.258
Timor-Leste,Rural,2017,904.669
Timor-Leste,Urban,2017,391.642
Timor-Leste,Total,2018,1267.974
Timor-Leste,Rural,2018,919.214
Timor-Leste,Urban,2018,404.88
Togo,Total,2000,4924.402
Togo,Rural,2000,3334.778
Togo,Urban,2000,1635.589
Togo,Total,2001,5062.567
Togo,Rural,2001,3406.691
Togo,Urban,2001,1705.079
Togo,Total,2002,5197.031
Togo,Rural,2002,3476.016
Togo,Urban,2002,1775.456
Togo,Total,2003,5330.639
Togo,Rural,2003,3544.063
Togo,Urban,2003,1847.338
Togo,Total,2004,5467.766
Togo,Rural,2004,3612.772
Togo,Urban,2004,1921.826
Togo,Total,2005,5611.64
Togo,Rural,2005,3683.622
Togo,Urban,2005,1999.646
Togo,Total,2006,5762.88
Togo,Rural,2006,3756.669
Togo,Urban,2006,2081.123
Togo,Total,2007,5920.359
Togo,Rural,2007,3831.357
Togo,Urban,2007,2166.028
Togo,Total,2008,6083.42
Togo,Rural,2008,3907.407
Togo,Urban,2008,2254.389
Togo,Total,2009,6250.835
Togo,Rural,2009,3984.514
Togo,Urban,2009,2345.958
Togo,Total,2010,6421.679
Togo,Rural,2010,4062.203
Togo,Urban,2010,2440.749
Togo,Total,2011,6595.943
Togo,Rural,2011,4139.026
Togo,Urban,2011,2540.256
Togo,Total,2012,6773.809
Togo,Rural,2012,4215.435
Togo,Urban,2012,2644.047
Togo,Total,2013,6954.722
Togo,Rural,2013,4291.901
Togo,Urban,2013,2751.047
Togo,Total,2014,7138.0
Togo,Rural,2014,4367.759
Togo,Urban,2014,2861.156
Togo,Total,2015,7323.158
Togo,Rural,2015,4442.664
Togo,Urban,2015,2974.138
Togo,Total,2016,7509.951
Togo,Rural,2016,4516.059
Togo,Urban,2016,3090.315
Togo,Total,2017,7698.474
Togo,Rural,2017,4588.034
Togo,Urban,2017,3209.66
Togo,Total,2018,7889.093
Togo,Rural,2018,4658.578
Togo,Urban,2018,3332.348
Tonga,Total,2000,97.973
Tonga,Rural,2000,75.511
Tonga,Urban,2000,22.571
Tonga,Total,2001,98.487
Tonga,Rural,2001,75.89
Tonga,Urban,2001,22.721
Tonga,Total,2002,99.022
Tonga,Rural,2002,76.303
Tonga,Urban,2002,22.881
Tonga,Total,2003,99.589
Tonga,Rural,2003,76.74
Tonga,Urban,2003,23.049
Tonga,Total,2004,100.218
Tonga,Rural,2004,77.185
Tonga,Urban,2004,23.221
Tonga,Total,2005,100.905
Tonga,Rural,2005,77.645
Tonga,Urban,2005,23.396
Tonga,Total,2006,101.706
Tonga,Rural,2006,78.113
Tonga,Urban,2006,23.576
Tonga,Total,2007,102.581
Tonga,Rural,2007,78.582
Tonga,Urban,2007,23.775
Tonga,Total,2008,103.379
Tonga,Rural,2008,79.024
Tonga,Urban,2008,23.981
Tonga,Total,2009,103.89
Tonga,Rural,2009,79.428
Tonga,Urban,2009,24.176
Tonga,Total,2010,103.986
Tonga,Rural,2010,79.78
Tonga,Urban,2010,24.357
Tonga,Total,2011,103.562
Tonga,Rural,2011,80.061
Tonga,Urban,2011,24.516
Tonga,Total,2012,102.737
Tonga,Rural,2012,80.356
Tonga,Urban,2012,24.595
Tonga,Total,2013,101.768
Tonga,Rural,2013,80.701
Tonga,Urban,2013,24.627
Tonga,Total,2014,101.028
Tonga,Rural,2014,81.105
Tonga,Urban,2014,24.677
Tonga,Total,2015,100.781
Tonga,Rural,2015,81.608
Tonga,Urban,2015,24.756
Tonga,Total,2016,101.133
Tonga,Rural,2016,82.246
Tonga,Urban,2016,24.876
Tonga,Total,2017,101.998
Tonga,Rural,2017,82.993
Tonga,Urban,2017,25.027
Tonga,Total,2018,103.197
Tonga,Rural,2018,83.793
Tonga,Urban,2018,25.215
Trinidad and Tobago,Total,2000,1267.153
Trinidad and Tobago,Rural,2000,559.116
Trinidad and Tobago,Urban,2000,708.868
Trinidad and Tobago,Total,2001,1271.632
Trinidad and Tobago,Rural,2001,563.436
Trinidad and Tobago,Urban,2001,708.944
Trinidad and Tobago,Total,2002,1277.213
Trinidad and Tobago,Rural,2002,568.249
Trinidad and Tobago,Urban,2002,709.588
Trinidad and Tobago,Total,2003,1283.559
Trinidad and Tobago,Rural,2003,573.423
Trinidad and Tobago,Urban,2003,710.629
Trinidad and Tobago,Total,2004,1290.123
Trinidad and Tobago,Rural,2004,578.746
Trinidad and Tobago,Urban,2004,711.789
Trinidad and Tobago,Total,2005,1296.502
Trinidad and Tobago,Rural,2005,584.051
Trinidad and Tobago,Urban,2005,712.883
Trinidad and Tobago,Total,2006,1302.561
Trinidad and Tobago,Rural,2006,589.3
Trinidad and Tobago,Urban,2006,713.844
Trinidad and Tobago,Total,2007,1308.451
Trinidad and Tobago,Rural,2007,594.531
Trinidad and Tobago,Urban,2007,714.729
Trinidad and Tobago,Total,2008,1314.443
Trinidad and Tobago,Rural,2008,599.788
Trinidad and Tobago,Urban,2008,715.584
Trinidad and Tobago,Total,2009,1320.93
Trinidad and Tobago,Rural,2009,605.125
Trinidad and Tobago,Urban,2009,716.493
Trinidad and Tobago,Total,2010,1328.147
Trinidad and Tobago,Rural,2010,610.599
Trinidad and Tobago,Urban,2010,717.501
Trinidad and Tobago,Total,2011,1336.178
Trinidad and Tobago,Rural,2011,616.193
Trinidad and Tobago,Urban,2011,718.595
Trinidad and Tobago,Total,2012,1344.819
Trinidad and Tobago,Rural,2012,621.549
Trinidad and Tobago,Urban,2012,720.039
Trinidad and Tobago,Total,2013,1353.703
Trinidad and Tobago,Rural,2013,626.536
Trinidad and Tobago,Urban,2013,721.712
Trinidad and Tobago,Total,2014,1362.345
Trinidad and Tobago,Rural,2014,631.023
Trinidad and Tobago,Urban,2014,723.47
Trinidad and Tobago,Total,2015,1370.328
Trinidad and Tobago,Rural,2015,634.898
Trinidad and Tobago,Urban,2015,725.194
Trinidad and Tobago,Total,2016,1377.56
Trinidad and Tobago,Rural,2016,638.115
Trinidad and Tobago,Urban,2016,726.847
Trinidad and Tobago,Total,2017,1384.059
Trinidad and Tobago,Rural,2017,640.679
Trinidad and Tobago,Urban,2017,728.446
Trinidad and Tobago,Total,2018,1389.843
Trinidad and Tobago,Rural,2018,642.593
Trinidad and Tobago,Urban,2018,730.005
Tunisia,Total,2000,9708.35
Tunisia,Rural,2000,3546.812
Tunisia,Urban,2000,6152.385
Tunisia,Total,2001,9793.903
Tunisia,Rural,2001,3540.69
Tunisia,Urban,2001,6245.011
Tunisia,Total,2002,9871.251
Tunisia,Rural,2002,3531.202
Tunisia,Urban,2002,6333.124
Tunisia,Total,2003,9945.277
Tunisia,Rural,2003,3520.132
Tunisia,Urban,2003,6419.546
Tunisia,Total,2004,10022.277
Tunisia,Rural,2004,3511.132
Tunisia,Urban,2004,6506.469
Tunisia,Total,2005,10106.771
Tunisia,Rural,2005,3511.889
Tunisia,Urban,2005,6590.593
Tunisia,Total,2006,10201.214
Tunisia,Rural,2006,3515.255
Tunisia,Urban,2006,6680.881
Tunisia,Total,2007,10304.726
Tunisia,Rural,2007,3521.038
Tunisia,Urban,2007,6777.049
Tunisia,Total,2008,10414.433
Tunisia,Rural,2008,3528.791
Tunisia,Urban,2008,6878.545
Tunisia,Total,2009,10525.694
Tunisia,Rural,2009,3537.891
Tunisia,Urban,2009,6983.943
Tunisia,Total,2010,10635.244
Tunisia,Rural,2010,3547.627
Tunisia,Urban,2010,7092.304
Tunisia,Total,2011,10741.88
Tunisia,Rural,2011,3557.963
Tunisia,Urban,2011,7203.504
Tunisia,Total,2012,10847.002
Tunisia,Rural,2012,3568.906
Tunisia,Urban,2012,7317.762
Tunisia,Total,2013,10952.951
Tunisia,Rural,2013,3580.242
Tunisia,Urban,2013,7434.316
Tunisia,Total,2014,11063.201
Tunisia,Rural,2014,3591.431
Tunisia,Urban,2014,7552.477
Tunisia,Total,2015,11179.949
Tunisia,Rural,2015,3601.278
Tunisia,Urban,2015,7672.383
Tunisia,Total,2016,11303.945
Tunisia,Rural,2016,3609.591
Tunisia,Urban,2016,7793.657
Tunisia,Total,2017,11433.443
Tunisia,Rural,2017,3616.197
Tunisia,Urban,2017,7915.93
Tunisia,Total,2018,11565.201
Tunisia,Rural,2018,3620.748
Tunisia,Urban,2018,8038.426
Turkey,Total,2000,63240.194
Turkey,Rural,2000,22297.793
Turkey,Urban,2000,40942.328
Turkey,Total,2001,64192.243
Turkey,Rural,2001,22248.58
Turkey,Urban,2001,41942.894
Turkey,Total,2002,65145.367
Turkey,Rural,2002,22165.676
Turkey,Urban,2002,42977.378
Turkey,Total,2003,66089.402
Turkey,Rural,2003,22071.506
Turkey,Urban,2003,44014.297
Turkey,Total,2004,67010.93
Turkey,Rural,2004,21962.05
Turkey,Urban,2004,45045.805
Turkey,Total,2005,67903.469
Turkey,Rural,2005,21837.813
Turkey,Urban,2005,46065.593
Turkey,Total,2006,68756.81
Turkey,Rural,2006,21694.98
Turkey,Urban,2006,47068.425
Turkey,Total,2007,69581.848
Turkey,Rural,2007,21537.953
Turkey,Urban,2007,48059.328
Turkey,Total,2008,70418.604
Turkey,Rural,2008,21377.504
Turkey,Urban,2008,49062.528
Turkey,Total,2009,71321.399
Turkey,Rural,2009,21229.6
Turkey,Urban,2009,50109.585
Turkey,Total,2010,72326.988
Turkey,Rural,2010,21101.166
Turkey,Urban,2010,51225.748
Turkey,Total,2011,73443.25
Turkey,Rural,2011,20993.291
Turkey,Urban,2011,52416.164
Turkey,Total,2012,74651.05
Turkey,Rural,2012,20899.302
Turkey,Urban,2012,53670.565
Turkey,Total,2013,75925.462
Turkey,Rural,2013,20818.043
Turkey,Urban,2013,54969.29
Turkey,Total,2014,77229.256
Turkey,Rural,2014,20738.821
Turkey,Urban,2014,56291.807
Turkey,Total,2015,78529.409
Turkey,Rural,2015,20654.742
Turkey,Urban,2015,57616.73
Turkey,Total,2016,79827.871
Turkey,Rural,2016,20566.91
Turkey,Urban,2016,58945.516
Turkey,Total,2017,81116.45
Turkey,Rural,2017,20473.563
Turkey,Urban,2017,60271.457
Turkey,Total,2018,82340.088
Turkey,Rural,2018,20362.183
Turkey,Urban,2018,61554.688
Turkmenistan,Total,2000,4516.133
Turkmenistan,Rural,2000,2442.622
Turkmenistan,Urban,2000,2073.509
Turkmenistan,Total,2001,4564.083
Turkmenistan,Rural,2001,2458.33
Turkmenistan,Urban,2001,2105.75
Turkmenistan,Total,2002,4610.005
Turkmenistan,Rural,2002,2472.713
Turkmenistan,Urban,2002,2137.289
Turkmenistan,Total,2003,4655.743
Turkmenistan,Rural,2003,2486.786
Turkmenistan,Urban,2003,2168.955
Turkmenistan,Total,2004,4703.401
Turkmenistan,Rural,2004,2501.652
Turkmenistan,Urban,2004,2201.746
Turkmenistan,Total,2005,4754.646
Turkmenistan,Rural,2005,2517.482
Turkmenistan,Urban,2005,2237.159
Turkmenistan,Total,2006,4810.109
Turkmenistan,Rural,2006,2534.518
Turkmenistan,Urban,2006,2275.587
Turkmenistan,Total,2007,4870.141
Turkmenistan,Rural,2007,2552.898
Turkmenistan,Urban,2007,2317.239
Turkmenistan,Total,2008,4935.767
Turkmenistan,Rural,2008,2573.093
Turkmenistan,Urban,2008,2362.669
Turkmenistan,Total,2009,5007.954
Turkmenistan,Rural,2009,2595.53
Turkmenistan,Urban,2009,2412.42
Turkmenistan,Total,2010,5087.213
Turkmenistan,Rural,2010,2620.378
Turkmenistan,Urban,2010,2466.832
Turkmenistan,Total,2011,5174.085
Turkmenistan,Rural,2011,2647.803
Turkmenistan,Urban,2011,2526.258
Turkmenistan,Total,2012,5267.9
Turkmenistan,Rural,2012,2677.355
Turkmenistan,Urban,2012,2590.484
Turkmenistan,Total,2013,5366.378
Turkmenistan,Rural,2013,2707.779
Turkmenistan,Urban,2013,2658.498
Turkmenistan,Total,2014,5466.328
Turkmenistan,Rural,2014,2737.414
Turkmenistan,Urban,2014,2728.827
Turkmenistan,Total,2015,5565.287
Turkmenistan,Rural,2015,2764.99
Turkmenistan,Urban,2015,2800.294
Turkmenistan,Total,2016,5662.368
Turkmenistan,Rural,2016,2790.057
Turkmenistan,Urban,2016,2872.487
Turkmenistan,Total,2017,5757.667
Turkmenistan,Rural,2017,2812.629
Turkmenistan,Urban,2017,2945.446
Turkmenistan,Total,2018,5850.901
Turkmenistan,Rural,2018,2832.499
Turkmenistan,Urban,2018,3018.967
Tuvalu,Total,2000,9.394
Tuvalu,Rural,2000,5.085
Tuvalu,Urban,2000,4.335
Tuvalu,Total,2001,9.484
Tuvalu,Rural,2001,5.096
Tuvalu,Urban,2001,4.416
Tuvalu,Total,2002,9.596
Tuvalu,Rural,2002,5.122
Tuvalu,Urban,2002,4.513
Tuvalu,Total,2003,9.726
Tuvalu,Rural,2003,5.112
Tuvalu,Urban,2003,4.655
Tuvalu,Total,2004,9.869
Tuvalu,Rural,2004,5.078
Tuvalu,Urban,2004,4.816
Tuvalu,Total,2005,10.0
Tuvalu,Rural,2005,5.044
Tuvalu,Urban,2005,4.983
Tuvalu,Total,2006,10.12
Tuvalu,Rural,2006,4.995
Tuvalu,Urban,2006,5.142
Tuvalu,Total,2007,10.221
Tuvalu,Rural,2007,4.943
Tuvalu,Urban,2007,5.3
Tuvalu,Total,2008,10.314
Tuvalu,Rural,2008,4.884
Tuvalu,Urban,2008,5.456
Tuvalu,Total,2009,10.424
Tuvalu,Rural,2009,4.826
Tuvalu,Urban,2009,5.615
Tuvalu,Total,2010,10.53
Tuvalu,Rural,2010,4.76
Tuvalu,Urban,2010,5.771
Tuvalu,Total,2011,10.633
Tuvalu,Rural,2011,4.697
Tuvalu,Urban,2011,5.931
Tuvalu,Total,2012,10.739
Tuvalu,Rural,2012,4.632
Tuvalu,Urban,2012,6.093
Tuvalu,Total,2013,10.857
Tuvalu,Rural,2013,4.564
Tuvalu,Urban,2013,6.255
Tuvalu,Total,2014,10.972
Tuvalu,Rural,2014,4.496
Tuvalu,Urban,2014,6.412
Tuvalu,Total,2015,11.099
Tuvalu,Rural,2015,4.43
Tuvalu,Urban,2015,6.571
Tuvalu,Total,2016,11.225
Tuvalu,Rural,2016,4.367
Tuvalu,Urban,2016,6.73
Tuvalu,Total,2017,11.37
Tuvalu,Rural,2017,4.306
Tuvalu,Urban,2017,6.886
Tuvalu,Total,2018,11.508
Tuvalu,Rural,2018,4.245
Tuvalu,Urban,2018,7.042
Uganda,Total,2000,23650.172
Uganda,Rural,2000,20484.903
Uganda,Urban,2000,3554.371
Uganda,Total,2001,24388.968
Uganda,Rural,2001,21076.726
Uganda,Urban,2001,3778.166
Uganda,Total,2002,25167.257
Uganda,Rural,2002,21699.29
Uganda,Urban,2002,4018.758
Uganda,Total,2003,25980.552
Uganda,Rural,2003,22348.557
Uganda,Urban,2003,4276.263
Uganda,Total,2004,26821.297
Uganda,Rural,2004,23017.847
Uganda,Urban,2004,4550.589
Uganda,Total,2005,27684.585
Uganda,Rural,2005,23702.764
Uganda,Urban,2005,4841.176
Uganda,Total,2006,28571.475
Uganda,Rural,2006,24401.496
Uganda,Urban,2006,5149.166
Uganda,Total,2007,29486.338
Uganda,Rural,2007,25115.006
Uganda,Urban,2007,5475.481
Uganda,Total,2008,30431.736
Uganda,Rural,2008,25842.671
Uganda,Urban,2008,5821.225
Uganda,Total,2009,31411.096
Uganda,Rural,2009,26585.117
Uganda,Urban,2009,6186.778
Uganda,Total,2010,32428.167
Uganda,Rural,2010,27341.361
Uganda,Urban,2010,6573.772
Uganda,Total,2011,33476.772
Uganda,Rural,2011,28110.753
Uganda,Urban,2011,6982.895
Uganda,Total,2012,34558.704
Uganda,Rural,2012,28891.6
Uganda,Urban,2012,7415.196
Uganda,Total,2013,35694.519
Uganda,Rural,2013,29683.1
Uganda,Urban,2013,7870.626
Uganda,Total,2014,36911.523
Uganda,Rural,2014,30482.665
Uganda,Urban,2014,8350.673
Uganda,Total,2015,38225.453
Uganda,Rural,2015,31289.039
Uganda,Urban,2015,8855.831
Uganda,Total,2016,39649.166
Uganda,Rural,2016,32101.656
Uganda,Urban,2016,9386.309
Uganda,Total,2017,41166.588
Uganda,Rural,2017,32920.646
Uganda,Urban,2017,9942.312
Uganda,Total,2018,42729.036
Uganda,Rural,2018,33745.48
Uganda,Urban,2018,10525.083
Ukraine,Total,2000,48838.065
Ukraine,Rural,2000,16046.507
Ukraine,Urban,2000,32793.567
Ukraine,Total,2001,48401.656
Ukraine,Rural,2001,15884.189
Ukraine,Urban,2001,32518.696
Ukraine,Total,2002,47980.039
Ukraine,Rural,2002,15697.688
Ukraine,Urban,2002,32281.904
Ukraine,Total,2003,47582.461
Ukraine,Rural,2003,15498.315
Ukraine,Urban,2003,32082.244
Ukraine,Total,2004,47217.493
Ukraine,Rural,2004,15299.601
Ukraine,Urban,2004,31916.365
Ukraine,Total,2005,46890.772
Ukraine,Rural,2005,15103.966
Ukraine,Urban,2005,31788.197
Ukraine,Total,2006,46607.395
Ukraine,Rural,2006,14931.773
Ukraine,Urban,2006,31684.616
Ukraine,Total,2007,46366.353
Ukraine,Rural,2007,14775.381
Ukraine,Urban,2007,31610.974
Ukraine,Total,2008,46158.711
Ukraine,Rural,2008,14629.477
Ukraine,Urban,2008,31556.953
Ukraine,Total,2009,45970.941
Ukraine,Rural,2009,14487.124
Ukraine,Urban,2009,31506.9
Ukraine,Total,2010,45792.09
Ukraine,Rural,2010,14380.838
Ukraine,Urban,2010,31411.663
Ukraine,Total,2011,45619.844
Ukraine,Rural,2011,14270.405
Ukraine,Urban,2011,31305.902
Ukraine,Total,2012,45453.806
Ukraine,Rural,2012,14157.02
Ukraine,Urban,2012,31192.313
Ukraine,Total,2013,45286.983
Ukraine,Rural,2013,14042.196
Ukraine,Urban,2013,31073.589
Ukraine,Total,2014,45111.532
Ukraine,Rural,2014,13928.187
Ukraine,Urban,2014,30955.239
Ukraine,Total,2015,44921.639
Ukraine,Rural,2015,13816.73
Ukraine,Urban,2015,30840.974
Ukraine,Total,2016,44713.702
Ukraine,Rural,2016,13707.753
Ukraine,Urban,2016,30730.872
Ukraine,Total,2017,44487.709
Ukraine,Rural,2017,13600.408
Ukraine,Urban,2017,30622.539
Ukraine,Total,2018,44246.156
Ukraine,Rural,2018,13487.744
Ukraine,Urban,2018,30521.47
United Arab Emirates,Total,2000,3134.062
United Arab Emirates,Rural,2000,623.527
United Arab Emirates,Urban,2000,2531.398
United Arab Emirates,Total,2001,3302.719
United Arab Emirates,Rural,2001,643.432
United Arab Emirates,Urban,2001,2682.6
United Arab Emirates,Total,2002,3478.777
United Arab Emirates,Rural,2002,664.034
United Arab Emirates,Urban,2002,2843.198
United Arab Emirates,Total,2003,3711.932
United Arab Emirates,Rural,2003,693.304
United Arab Emirates,Urban,2003,3048.628
United Arab Emirates,Total,2004,4068.57
United Arab Emirates,Rural,2004,741.096
United Arab Emirates,Urban,2004,3346.835
United Arab Emirates,Total,2005,4588.225
United Arab Emirates,Rural,2005,812.302
United Arab Emirates,Urban,2005,3767.26
United Arab Emirates,Total,2006,5300.174
United Arab Emirates,Rural,2006,909.617
United Arab Emirates,Urban,2006,4332.415
United Arab Emirates,Total,2007,6168.838
United Arab Emirates,Rural,2007,1026.131
United Arab Emirates,Urban,2007,5017.936
United Arab Emirates,Total,2008,7089.487
United Arab Emirates,Rural,2008,1145.328
United Arab Emirates,Urban,2008,5748.95
United Arab Emirates,Total,2009,7917.372
United Arab Emirates,Rural,2009,1246.392
United Arab Emirates,Urban,2009,6420.001
United Arab Emirates,Total,2010,8549.988
United Arab Emirates,Rural,2010,1316.091
United Arab Emirates,Urban,2010,6954.593
United Arab Emirates,Total,2011,8946.777
United Arab Emirates,Rural,2011,1350.919
United Arab Emirates,Urban,2011,7321.556
United Arab Emirates,Total,2012,9141.596
United Arab Emirates,Rural,2012,1357.387
United Arab Emirates,Urban,2012,7543.066
United Arab Emirates,Total,2013,9197.91
United Arab Emirates,Rural,2013,1344.955
United Arab Emirates,Urban,2013,7661.308
United Arab Emirates,Total,2014,9214.175
United Arab Emirates,Rural,2014,1326.639
United Arab Emirates,Urban,2014,7744.228
United Arab Emirates,Total,2015,9262.9
United Arab Emirates,Rural,2015,1311.419
United Arab Emirates,Urban,2015,7842.883
United Arab Emirates,Total,2016,9360.98
United Arab Emirates,Rural,2016,1300.961
United Arab Emirates,Urban,2016,7968.651
United Arab Emirates,Total,2017,9487.203
United Arab Emirates,Rural,2017,1292.709
United Arab Emirates,Urban,2017,8107.436
United Arab Emirates,Total,2018,9630.959
United Arab Emirates,Rural,2018,1285.972
United Arab Emirates,Urban,2018,8255.643
United Kingdom of Great Britain and Northern Ireland,Total,2000,58923.309
United Kingdom of Great Britain and Northern Ireland,Rural,2000,12585.414
United Kingdom of Great Britain and Northern Ireland,Urban,2000,46365.434
United Kingdom of Great Britain and Northern Ireland,Total,2001,59124.288
United Kingdom of Great Britain and Northern Ireland,Rural,2001,12568.459
United Kingdom of Great Britain and Northern Ireland,Urban,2001,46580.884
United Kingdom of Great Britain and Northern Ireland,Total,2002,59326.294
United Kingdom of Great Britain and Northern Ireland,Rural,2002,12435.493
United Kingdom of Great Britain and Northern Ireland,Urban,2002,46913.46
United Kingdom of Great Britain and Northern Ireland,Total,2003,59561.432
United Kingdom of Great Britain and Northern Ireland,Rural,2003,12309.693
United Kingdom of Great Britain and Northern Ireland,Urban,2003,47270.529
United Kingdom of Great Britain and Northern Ireland,Total,2004,59872.753
United Kingdom of Great Britain and Northern Ireland,Rural,2004,12198.913
United Kingdom of Great Britain and Northern Ireland,Urban,2004,47685.215
United Kingdom of Great Britain and Northern Ireland,Total,2005,60287.954
United Kingdom of Great Britain and Northern Ireland,Rural,2005,12108.499
United Kingdom of Great Britain and Northern Ireland,Urban,2005,48178.255
United Kingdom of Great Britain and Northern Ireland,Total,2006,60821.356
United Kingdom of Great Britain and Northern Ireland,Rural,2006,12039.836
United Kingdom of Great Britain and Northern Ireland,Urban,2006,48762.965
United Kingdom of Great Britain and Northern Ireland,Total,2007,61455.162
United Kingdom of Great Britain and Northern Ireland,Rural,2007,11988.805
United Kingdom of Great Britain and Northern Ireland,Urban,2007,49425.855
United Kingdom of Great Britain and Northern Ireland,Total,2008,62145.097
United Kingdom of Great Britain and Northern Ireland,Rural,2008,11945.543
United Kingdom of Great Britain and Northern Ireland,Urban,2008,50130.678
United Kingdom of Great Britain and Northern Ireland,Total,2009,62828.616
United Kingdom of Great Britain and Northern Ireland,Rural,2009,11898.094
United Kingdom of Great Britain and Northern Ireland,Urban,2009,50824.513
United Kingdom of Great Britain and Northern Ireland,Total,2010,63459.808
United Kingdom of Great Britain and Northern Ireland,Rural,2010,11837.146
United Kingdom of Great Britain and Northern Ireland,Urban,2010,51469.697
United Kingdom of Great Britain and Northern Ireland,Total,2011,64021.919
United Kingdom of Great Britain and Northern Ireland,Rural,2011,11760.347
United Kingdom of Great Britain and Northern Ireland,Urban,2011,52051.535
United Kingdom of Great Britain and Northern Ireland,Total,2012,64525.312
United Kingdom of Great Britain and Northern Ireland,Rural,2012,11669.597
United Kingdom of Great Britain and Northern Ireland,Urban,2012,52580.733
United Kingdom of Great Britain and Northern Ireland,Total,2013,64984.018
United Kingdom of Great Britain and Northern Ireland,Rural,2013,11569.344
United Kingdom of Great Britain and Northern Ireland,Urban,2013,53071.766
United Kingdom of Great Britain and Northern Ireland,Total,2014,65423.047
United Kingdom of Great Britain and Northern Ireland,Rural,2014,11465.34
United Kingdom of Great Britain and Northern Ireland,Urban,2014,53550.346
United Kingdom of Great Britain and Northern Ireland,Total,2015,65860.146
United Kingdom of Great Britain and Northern Ireland,Rural,2015,11361.769
United Kingdom of Great Britain and Northern Ireland,Urban,2015,54035.311
United Kingdom of Great Britain and Northern Ireland,Total,2016,66297.944
United Kingdom of Great Britain and Northern Ireland,Rural,2016,11259.199
United Kingdom of Great Britain and Northern Ireland,Urban,2016,54529.375
United Kingdom of Great Britain and Northern Ireland,Total,2017,66727.461
United Kingdom of Great Britain and Northern Ireland,Rural,2017,11156.164
United Kingdom of Great Britain and Northern Ireland,Urban,2017,55025.421
United Kingdom of Great Britain and Northern Ireland,Total,2018,67141.684
United Kingdom of Great Britain and Northern Ireland,Rural,2018,11052.278
United Kingdom of Great Britain and Northern Ireland,Urban,2018,55521.226
United Republic of Tanzania,Total,2000,33499.18
United Republic of Tanzania,Rural,2000,26553.317
United Republic of Tanzania,Urban,2000,7624.725
United Republic of Tanzania,Total,2001,34385.856
United Republic of Tanzania,Rural,2001,27154.582
United Republic of Tanzania,Urban,2001,7962.437
United Republic of Tanzania,Total,2002,35334.788
United Republic of Tanzania,Rural,2002,27785.622
United Republic of Tanzania,Urban,2002,8320.186
United Republic of Tanzania,Total,2003,36337.782
United Republic of Tanzania,Rural,2003,28377.799
United Republic of Tanzania,Urban,2003,8771.273
United Republic of Tanzania,Total,2004,37379.767
United Republic of Tanzania,Rural,2004,28984.506
United Republic of Tanzania,Urban,2004,9265.478
United Republic of Tanzania,Total,2005,38450.32
United Republic of Tanzania,Rural,2005,29619.018
United Republic of Tanzania,Urban,2005,9791.527
United Republic of Tanzania,Total,2006,39548.663
United Republic of Tanzania,Rural,2006,30282.031
United Republic of Tanzania,Urban,2006,10352.917
United Republic of Tanzania,Total,2007,40681.414
United Republic of Tanzania,Rural,2007,30972.693
United Republic of Tanzania,Urban,2007,10951.022
United Republic of Tanzania,Total,2008,41853.944
United Republic of Tanzania,Rural,2008,31684.102
United Republic of Tanzania,Urban,2008,11586.042
United Republic of Tanzania,Total,2009,43073.834
United Republic of Tanzania,Rural,2009,32408.679
United Republic of Tanzania,Urban,2009,12255.552
United Republic of Tanzania,Total,2010,44346.525
United Republic of Tanzania,Rural,2010,33138.622
United Republic of Tanzania,Urban,2010,12959.969
United Republic of Tanzania,Total,2011,45673.512
United Republic of Tanzania,Rural,2011,33871.494
United Republic of Tanzania,Urban,2011,13699.408
United Republic of Tanzania,Total,2012,47053.03
United Republic of Tanzania,Rural,2012,34606.978
United Republic of Tanzania,Urban,2012,14476.019
United Republic of Tanzania,Total,2013,48483.129
United Republic of Tanzania,Rural,2013,35346.511
United Republic of Tanzania,Urban,2013,15290.084
United Republic of Tanzania,Total,2014,49960.561
United Republic of Tanzania,Rural,2014,36092.092
United Republic of Tanzania,Urban,2014,16142.777
United Republic of Tanzania,Total,2015,51482.633
United Republic of Tanzania,Rural,2015,36844.744
United Republic of Tanzania,Urban,2015,17035.213
United Republic of Tanzania,Total,2016,53049.23
United Republic of Tanzania,Rural,2016,37603.765
United Republic of Tanzania,Urban,2016,17968.436
United Republic of Tanzania,Total,2017,54660.339
United Republic of Tanzania,Rural,2017,38367.191
United Republic of Tanzania,Urban,2017,18942.828
United Republic of Tanzania,Total,2018,56313.438
United Republic of Tanzania,Rural,2018,39132.847
United Republic of Tanzania,Urban,2018,19958.545
United States of America,Total,2000,281710.909
United States of America,Rural,2000,59054.865
United States of America,Urban,2000,222927.913
United States of America,Total,2001,284607.993
United States of America,Rural,2001,59153.827
United States of America,Urban,2001,225698.564
United States of America,Total,2002,287279.318
United States of America,Rural,2002,59200.835
United States of America,Urban,2002,228306.012
United States of America,Total,2003,289815.562
United States of America,Rural,2003,59214.43
United States of America,Urban,2003,230813.194
United States of America,Total,2004,292354.658
United States of America,Rural,2004,59219.92
United States of America,Urban,2004,233319.404
United States of America,Total,2005,294993.511
United States of America,Rural,2005,59237.094
United States of America,Urban,2005,235892.407
United States of America,Total,2006,297758.969
United States of America,Rural,2006,59269.355
United States of America,Urban,2006,238558.001
United States of America,Total,2007,300608.429
United States of America,Rural,2007,59309.491
United States of America,Urban,2007,241285.684
United States of America,Total,2008,303486.012
United States of America,Rural,2008,59345.012
United States of America,Urban,2008,244029.055
United States of America,Total,2009,306307.567
United States of America,Rural,2009,59361.054
United States of America,Urban,2009,246715.308
United States of America,Total,2010,309011.475
United States of America,Rural,2010,59344.315
United States of America,Urban,2010,249297.076
United States of America,Total,2011,311584.047
United States of America,Rural,2011,59275.426
United States of America,Urban,2011,251775.947
United States of America,Total,2012,314043.885
United States of America,Rural,2012,59160.759
United States of America,Urban,2012,254174.664
United States of America,Total,2013,316400.538
United States of America,Rural,2013,59009.166
United States of America,Urban,2013,256527.51
United States of America,Total,2014,318673.411
United States of America,Rural,2014,58833.036
United States of America,Urban,2014,258885.743
United States of America,Total,2015,320878.31
United States of America,Rural,2015,58641.351
United States of America,Urban,2015,261287.811
United States of America,Total,2016,323015.995
United States of America,Rural,2016,58436.293
United States of America,Urban,2016,263743.312
United States of America,Total,2017,325084.756
United States of America,Rural,2017,58215.947
United States of America,Urban,2017,266243.516
United States of America,Total,2018,327096.265
United States of America,Rural,2018,57980.034
United States of America,Urban,2018,268786.714
Uruguay,Total,2000,3319.736
Uruguay,Rural,2000,264.771
Uruguay,Urban,2000,3056.474
Uruguay,Total,2001,3325.473
Uruguay,Rural,2001,256.09
Uruguay,Urban,2001,3071.013
Uruguay,Total,2002,3326.04
Uruguay,Rural,2002,247.27
Uruguay,Urban,2002,3080.503
Uruguay,Total,2003,3323.668
Uruguay,Rural,2003,238.529
Uruguay,Urban,2003,3087.108
Uruguay,Total,2004,3321.476
Uruguay,Rural,2004,230.105
Uruguay,Urban,2004,3093.991
Uruguay,Total,2005,3321.803
Uruguay,Rural,2005,222.183
Uruguay,Urban,2005,3103.429
Uruguay,Total,2006,3325.401
Uruguay,Rural,2006,214.756
Uruguay,Urban,2006,3116.287
Uruguay,Total,2007,3331.749
Uruguay,Rural,2007,207.762
Uruguay,Urban,2007,3131.979
Uruguay,Total,2008,3340.221
Uruguay,Rural,2008,201.11
Uruguay,Urban,2008,3149.714
Uruguay,Total,2009,3349.676
Uruguay,Rural,2009,194.722
Uruguay,Urban,2009,3168.033
Uruguay,Total,2010,3359.275
Uruguay,Rural,2010,188.495
Uruguay,Urban,2010,3185.92
Uruguay,Total,2011,3368.934
Uruguay,Rural,2011,182.426
Uruguay,Urban,2011,3203.198
Uruguay,Total,2012,3378.975
Uruguay,Rural,2012,178.688
Uruguay,Urban,2012,3218.089
Uruguay,Total,2013,3389.443
Uruguay,Rural,2013,175.741
Uruguay,Urban,2013,3232.264
Uruguay,Total,2014,3400.436
Uruguay,Rural,2014,172.847
Uruguay,Urban,2014,3246.699
Uruguay,Total,2015,3412.009
Uruguay,Rural,2015,170.019
Uruguay,Urban,2015,3261.533
Uruguay,Total,2016,3424.129
Uruguay,Rural,2016,167.249
Uruguay,Urban,2016,3276.757
Uruguay,Total,2017,3436.641
Uruguay,Rural,2017,164.541
Uruguay,Urban,2017,3292.209
Uruguay,Total,2018,3449.285
Uruguay,Rural,2018,161.889
Uruguay,Urban,2018,3307.662
Uzbekistan,Total,2000,24769.955
Uzbekistan,Rural,2000,13387.219
Uzbekistan,Urban,2000,11461.701
Uzbekistan,Total,2001,25108.563
Uzbekistan,Rural,2001,13449.101
Uzbekistan,Urban,2001,11739.426
Uzbekistan,Total,2002,25431.122
Uzbekistan,Rural,2002,13498.784
Uzbekistan,Urban,2002,12013.092
Uzbekistan,Total,2003,25749.101
Uzbekistan,Rural,2003,13542.816
Uzbekistan,Urban,2003,12287.843
Uzbekistan,Total,2004,26077.607
Uzbekistan,Rural,2004,13589.132
Uzbekistan,Urban,2004,12571.194
Uzbekistan,Total,2005,26427.789
Uzbekistan,Rural,2005,13643.936
Uzbekistan,Urban,2005,12868.248
Uzbekistan,Total,2006,26804.072
Uzbekistan,Rural,2006,13708.459
Uzbekistan,Urban,2006,13181.804
Uzbekistan,Total,2007,27204.711
Uzbekistan,Rural,2007,13781.409
Uzbekistan,Urban,2007,13510.966
Uzbekistan,Total,2008,27626.982
Uzbekistan,Rural,2008,13860.93
Uzbekistan,Urban,2008,13854.895
Uzbekistan,Total,2009,28065.466
Uzbekistan,Rural,2009,13944.661
Uzbekistan,Urban,2009,14210.645
Uzbekistan,Total,2010,28515.909
Uzbekistan,Rural,2010,14029.623
Uzbekistan,Urban,2010,14576.671
Uzbekistan,Total,2011,28977.01
Uzbekistan,Rural,2011,14199.705
Uzbekistan,Urban,2011,14868.519
Uzbekistan,Total,2012,29449.413
Uzbekistan,Rural,2012,14460.143
Uzbekistan,Urban,2012,15080.676
Uzbekistan,Total,2013,29932.631
Uzbekistan,Rural,2013,14724.547
Uzbekistan,Urban,2013,15295.187
Uzbekistan,Total,2014,30426.388
Uzbekistan,Rural,2014,14990.427
Uzbekistan,Urban,2014,15509.191
Uzbekistan,Total,2015,30929.557
Uzbekistan,Rural,2015,15255.556
Uzbekistan,Urban,2015,15720.465
Uzbekistan,Total,2016,31441.751
Uzbekistan,Rural,2016,15518.905
Uzbekistan,Urban,2016,15927.89
Uzbekistan,Total,2017,31959.785
Uzbekistan,Rural,2017,15779.684
Uzbekistan,Urban,2017,16130.957
Uzbekistan,Total,2018,32476.244
Uzbekistan,Rural,2018,16027.774
Uzbekistan,Urban,2018,16337.222
Vanuatu,Total,2000,184.972
Vanuatu,Rural,2000,144.954
Vanuatu,Urban,2000,40.109
Vanuatu,Total,2001,189.219
Vanuatu,Rural,2001,147.736
Vanuatu,Urban,2001,41.554
Vanuatu,Total,2002,193.92
Vanuatu,Rural,2002,150.829
Vanuatu,Urban,2002,43.127
Vanuatu,Total,2003,198.959
Vanuatu,Rural,2003,154.156
Vanuatu,Urban,2003,44.808
Vanuatu,Total,2004,204.127
Vanuatu,Rural,2004,157.581
Vanuatu,Urban,2004,46.562
Vanuatu,Total,2005,209.282
Vanuatu,Rural,2005,161.008
Vanuatu,Urban,2005,48.362
Vanuatu,Total,2006,214.37
Vanuatu,Rural,2006,164.428
Vanuatu,Urban,2006,50.206
Vanuatu,Total,2007,219.472
Vanuatu,Rural,2007,167.853
Vanuatu,Urban,2007,52.1
Vanuatu,Total,2008,224.704
Vanuatu,Rural,2008,171.291
Vanuatu,Urban,2008,54.049
Vanuatu,Total,2009,230.247
Vanuatu,Rural,2009,174.737
Vanuatu,Urban,2009,56.048
Vanuatu,Total,2010,236.211
Vanuatu,Rural,2010,178.493
Vanuatu,Urban,2010,57.802
Vanuatu,Total,2011,242.653
Vanuatu,Rural,2011,182.465
Vanuatu,Urban,2011,59.406
Vanuatu,Total,2012,249.499
Vanuatu,Rural,2012,186.453
Vanuatu,Urban,2012,61.032
Vanuatu,Total,2013,256.635
Vanuatu,Rural,2013,190.463
Vanuatu,Urban,2013,62.679
Vanuatu,Total,2014,263.888
Vanuatu,Rural,2014,194.498
Vanuatu,Urban,2014,64.352
Vanuatu,Total,2015,271.13
Vanuatu,Rural,2015,198.555
Vanuatu,Urban,2015,66.048
Vanuatu,Total,2016,278.33
Vanuatu,Rural,2016,202.634
Vanuatu,Urban,2016,67.768
Vanuatu,Total,2017,285.51
Vanuatu,Rural,2017,206.733
Vanuatu,Urban,2017,69.511
Vanuatu,Total,2018,292.68
Vanuatu,Rural,2018,210.816
Vanuatu,Urban,2018,71.301
Venezuela,Total,2000,24192.446
Venezuela,Rural,2000,3046.475
Venezuela,Urban,2000,21441.865
Venezuela,Total,2001,24646.472
Venezuela,Rural,2001,3031.24
Venezuela,Urban,2001,21917.236
Venezuela,Total,2002,25100.408
Venezuela,Rural,2002,3080.534
Venezuela,Urban,2002,22328.166
Venezuela,Total,2003,25551.624
Venezuela,Rural,2003,3129.553
Venezuela,Urban,2003,22738.97
Venezuela,Total,2004,25996.594
Venezuela,Rural,2004,3178.2
Venezuela,Urban,2004,23149.025
Venezuela,Total,2005,26432.447
Venezuela,Rural,2005,3226.428
Venezuela,Urban,2005,23557.733
Venezuela,Total,2006,26850.194
Venezuela,Rural,2006,3274.191
Venezuela,Urban,2006,23964.977
Venezuela,Total,2007,27247.61
Venezuela,Rural,2007,3321.466
Venezuela,Urban,2007,24370.499
Venezuela,Total,2008,27635.832
Venezuela,Rural,2008,3368.145
Venezuela,Urban,2008,24773.556
Venezuela,Total,2009,28031.009
Venezuela,Rural,2009,3414.135
Venezuela,Urban,2009,25173.188
Venezuela,Total,2010,28439.94
Venezuela,Rural,2010,3459.313
Venezuela,Urban,2010,25568.72
Venezuela,Total,2011,28887.874
Venezuela,Rural,2011,3503.631
Venezuela,Urban,2011,25959.66
Venezuela,Total,2012,29360.837
Venezuela,Rural,2012,3550.466
Venezuela,Urban,2012,26342.614
Venezuela,Total,2013,29781.04
Venezuela,Rural,2013,3597.718
Venezuela,Urban,2013,26720.13
Venezuela,Total,2014,30042.968
Venezuela,Rural,2014,3644.375
Venezuela,Urban,2014,27094.003
Venezuela,Total,2015,30081.829
Venezuela,Rural,2015,3690.499
Venezuela,Urban,2015,27464.635
Venezuela,Total,2016,29851.255
Venezuela,Rural,2016,3736.094
Venezuela,Urban,2016,27832.085
Venezuela,Total,2017,29402.484
Venezuela,Rural,2017,3778.814
Venezuela,Urban,2017,28198.251
Venezuela,Total,2018,28887.118
Venezuela,Rural,2018,3818.502
Venezuela,Urban,2018,28562.719
Viet Nam,Total,2000,79910.412
Viet Nam,Rural,2000,60716.972
Viet Nam,Urban,2000,19568.59
Viet Nam,Total,2001,80742.499
Viet Nam,Rural,2001,60905.689
Viet Nam,Urban,2001,20234.23
Viet Nam,Total,2002,81534.407
Viet Nam,Rural,2002,61048.895
Viet Nam,Urban,2002,20907.601
Viet Nam,Total,2003,82301.656
Viet Nam,Rural,2003,61156.846
Viet Nam,Urban,2003,21590.816
Viet Nam,Total,2004,83062.821
Viet Nam,Rural,2004,61239.621
Viet Nam,Urban,2004,22288.057
Viet Nam,Total,2005,83832.661
Viet Nam,Rural,2005,61308.288
Viet Nam,Urban,2005,23000.555
Viet Nam,Total,2006,84617.54
Viet Nam,Rural,2006,61363.16
Viet Nam,Urban,2006,23731.457
Viet Nam,Total,2007,85419.591
Viet Nam,Rural,2007,61408.016
Viet Nam,Urban,2007,24481.574
Viet Nam,Total,2008,86243.413
Viet Nam,Rural,2008,61451.799
Viet Nam,Urban,2008,25256.002
Viet Nam,Total,2009,87092.252
Viet Nam,Rural,2009,61504.167
Viet Nam,Urban,2009,26061.24
Viet Nam,Total,2010,87967.651
Viet Nam,Rural,2010,61561.816
Viet Nam,Urban,2010,26910.696
Viet Nam,Total,2011,88871.38
Viet Nam,Rural,2011,61639.703
Viet Nam,Urban,2011,27796.941
Viet Nam,Total,2012,89801.926
Viet Nam,Rural,2012,61731.739
Viet Nam,Urban,2012,28720.142
Viet Nam,Total,2013,90752.592
Viet Nam,Rural,2013,61825.502
Viet Nam,Urban,2013,29672.223
Viet Nam,Total,2014,91713.848
Viet Nam,Rural,2014,61898.224
Viet Nam,Urban,2014,30646.691
Viet Nam,Total,2015,92677.076
Viet Nam,Rural,2015,61936.198
Viet Nam,Urban,2015,31635.369
Viet Nam,Total,2016,93640.422
Viet Nam,Rural,2016,61933.285
Viet Nam,Urban,2016,32635.787
Viet Nam,Total,2017,94600.648
Viet Nam,Rural,2017,61898.302
Viet Nam,Urban,2017,33642.498
Viet Nam,Total,2018,95545.962
Viet Nam,Rural,2018,61832.185
Viet Nam,Urban,2018,34658.961
Yemen,Total,2000,17409.072
Yemen,Rural,2000,13179.604
Yemen,Urban,2000,4695.121
Yemen,Total,2001,17918.373
Yemen,Rural,2001,13463.94
Yemen,Urban,2001,4926.195
Yemen,Total,2002,18443.691
Yemen,Rural,2002,13751.457
Yemen,Urban,2002,5167.722
Yemen,Total,2003,18985.0
Yemen,Rural,2003,14042.142
Yemen,Urban,2003,5419.944
Yemen,Total,2004,19540.098
Yemen,Rural,2004,14334.252
Yemen,Urban,2004,5682.816
Yemen,Total,2005,20107.409
Yemen,Rural,2005,14627.103
Yemen,Urban,2005,5955.824
Yemen,Total,2006,20687.646
Yemen,Rural,2006,14920.358
Yemen,Urban,2006,6240.176
Yemen,Total,2007,21282.515
Yemen,Rural,2007,15215.074
Yemen,Urban,2007,6536.531
Yemen,Total,2008,21892.146
Yemen,Rural,2008,15511.106
Yemen,Urban,2008,6845.285
Yemen,Total,2009,22516.46
Yemen,Rural,2009,15808.153
Yemen,Urban,2009,7166.776
Yemen,Total,2010,23154.855
Yemen,Rural,2010,16105.593
Yemen,Urban,2010,7501.186
Yemen,Total,2011,23807.588
Yemen,Rural,2011,16403.293
Yemen,Urban,2011,7848.913
Yemen,Total,2012,24473.178
Yemen,Rural,2012,16700.108
Yemen,Urban,2012,8209.861
Yemen,Total,2013,25147.109
Yemen,Rural,2013,16993.264
Yemen,Urban,2013,8583.058
Yemen,Total,2014,25823.485
Yemen,Rural,2014,17279.298
Yemen,Urban,2014,8967.029
Yemen,Total,2015,26497.889
Yemen,Rural,2015,17555.636
Yemen,Urban,2015,9360.571
Yemen,Total,2016,27168.208
Yemen,Rural,2016,17821.118
Yemen,Urban,2016,9763.095
Yemen,Total,2017,27834.819
Yemen,Rural,2017,18075.808
Yemen,Urban,2017,10174.612
Yemen,Total,2018,28498.683
Yemen,Rural,2018,18320.024
Yemen,Urban,2018,10595.26
Zambia,Total,2000,10415.944
Zambia,Rural,2000,6866.093
Zambia,Urban,2000,3665.128
Zambia,Total,2001,10692.193
Zambia,Rural,2001,7035.435
Zambia,Urban,2001,3788.69
Zambia,Total,2002,10971.698
Zambia,Rural,2002,7175.419
Zambia,Urban,2002,3944.99
Zambia,Total,2003,11256.743
Zambia,Rural,2003,7315.663
Zambia,Urban,2003,4106.321
Zambia,Total,2004,11550.642
Zambia,Rural,2004,7457.838
Zambia,Urban,2004,4273.908
Zambia,Total,2005,11856.247
Zambia,Rural,2005,7603.597
Zambia,Urban,2005,4448.559
Zambia,Total,2006,12173.514
Zambia,Rural,2006,7752.68
Zambia,Urban,2006,4630.766
Zambia,Total,2007,12502.958
Zambia,Rural,2007,7905.217
Zambia,Urban,2007,4820.757
Zambia,Total,2008,12848.53
Zambia,Rural,2008,8062.65
Zambia,Urban,2008,5019.867
Zambia,Total,2009,13215.139
Zambia,Rural,2009,8227.067
Zambia,Urban,2009,5229.35
Zambia,Total,2010,13605.984
Zambia,Rural,2010,8399.366
Zambia,Urban,2010,5450.667
Zambia,Total,2011,14023.203
Zambia,Rural,2011,8580.164
Zambia,Urban,2011,5684.592
Zambia,Total,2012,14465.15
Zambia,Rural,2012,8767.868
Zambia,Urban,2012,5932.069
Zambia,Total,2013,14926.544
Zambia,Rural,2013,8960.891
Zambia,Urban,2013,6192.319
Zambia,Total,2014,15399.788
Zambia,Rural,2014,9156.664
Zambia,Urban,2014,6464.31
Zambia,Total,2015,15879.361
Zambia,Rural,2015,9353.351
Zambia,Urban,2015,6747.236
Zambia,Total,2016,16363.458
Zambia,Rural,2016,9550.308
Zambia,Urban,2016,7041.082
Zambia,Total,2017,16853.599
Zambia,Rural,2017,9747.709
Zambia,Urban,2017,7346.421
Zambia,Total,2018,17351.708
Zambia,Rural,2018,9945.501
Zambia,Urban,2018,7663.677
Zimbabwe,Total,2000,11881.477
Zimbabwe,Rural,2000,8096.262
Zimbabwe,Urban,2000,4125.989
Zimbabwe,Total,2001,11923.914
Zimbabwe,Rural,2001,8140.63
Zimbabwe,Urban,2001,4225.535
Zimbabwe,Total,2002,11954.29
Zimbabwe,Rural,2002,8177.189
Zimbabwe,Urban,2002,4323.336
Zimbabwe,Total,2003,11982.224
Zimbabwe,Rural,2003,8277.834
Zimbabwe,Urban,2003,4356.063
Zimbabwe,Total,2004,12019.912
Zimbabwe,Rural,2004,8395.569
Zimbabwe,Urban,2004,4381.942
Zimbabwe,Total,2005,12076.699
Zimbabwe,Rural,2005,8526.166
Zimbabwe,Urban,2005,4413.866
Zimbabwe,Total,2006,12155.491
Zimbabwe,Rural,2006,8671.68
Zimbabwe,Urban,2006,4452.587
Zimbabwe,Total,2007,12255.922
Zimbabwe,Rural,2007,8831.989
Zimbabwe,Urban,2007,4497.92
Zimbabwe,Total,2008,12379.549
Zimbabwe,Rural,2008,9008.248
Zimbabwe,Urban,2008,4550.221
Zimbabwe,Total,2009,12526.968
Zimbabwe,Rural,2009,9200.909
Zimbabwe,Urban,2009,4609.69
Zimbabwe,Total,2010,12697.723
Zimbabwe,Rural,2010,9410.211
Zimbabwe,Urban,2010,4676.106
Zimbabwe,Total,2011,12894.322
Zimbabwe,Rural,2011,9636.932
Zimbabwe,Urban,2011,4749.717
Zimbabwe,Total,2012,13115.15
Zimbabwe,Rural,2012,9880.721
Zimbabwe,Urban,2012,4830.105
Zimbabwe,Total,2013,13350.373
Zimbabwe,Rural,2013,10138.667
Zimbabwe,Urban,2013,4915.839
Zimbabwe,Total,2014,13586.707
Zimbabwe,Rural,2014,10402.274
Zimbabwe,Urban,2014,5009.401
Zimbabwe,Total,2015,13814.629
Zimbabwe,Rural,2015,10667.966
Zimbabwe,Urban,2015,5109.485
Zimbabwe,Total,2016,14030.331
Zimbabwe,Rural,2016,10934.468
Zimbabwe,Urban,2016,5215.894
Zimbabwe,Total,2017,14236.595
Zimbabwe,Rural,2017,11201.138
Zimbabwe,Urban,2017,5328.766
Zimbabwe,Total,2018,14438.802
Zimbabwe,Rural,2018,11465.748
Zimbabwe,Urban,2018,5447.513
