"Country Name","Country Code","Indicator Name","Indicator Code","1960","1961","1962","1963","1964","1965","1966","1967","1968","1969","1970","1971","1972","1973","1974","1975","1976","1977","1978","1979","1980","1981","1982","1983","1984","1985","1986","1987","1988","1989","1990","1991","1992","1993","1994","1995","1996","1997","1998","1999","2000","2001","2002","2003","2004","2005","2006","2007","2008","2009","2010","2011","2012","2013","2014","2015","2016","2017","2018","2019","2020","2021","2022","2023","2024","2025",
"Aruba","ABW","Access to electricity (% of population)","EG.ELC.ACCS.ZS","","","","","","","","","","","","","","","","","","","","","","","","","","","","","","","100","99.1536560058594","99.1971282958984","99.2399139404297","100","100","100","100","100","100","91.7","100","100","100","100","100","100","100","100","100","93.4","100","100","100","100","100","100","100","100","100","100","100","99.9","100","","",
"Africa Eastern and Southern","AFE","Access to electricity (% of population)","EG.ELC.ACCS.ZS","","","","","","","","","","","","","","","","","","","","","","","","","","","","","","","","","","","","","","","","","19.9172563342889","19.9442774203583","21.5486466155625","22.4932167182052","23.724454932615","23.449539355606","25.1724823105969","26.7951445862147","25.9088451344457","26.1878464781111","27.414953756332","28.909756234127","31.6734274619175","31.7235735731483","31.8719561283579","33.9222756622758","38.8595976583714","40.2237441730368","43.0350733507835","44.390860533364","46.2823709455637","48.1272110400485","48.8012579607658","50.6675157944854","","",
"Afghanistan","AFG","Access to electricity (% of population)","EG.ELC.ACCS.ZS","","","","","","","","","","","","","","","","","","","","","","","","","","","","","","","","","","","","","","","","","4.4","9.3","14.1","19","23.8","28.7","33.5","38.4","42.4","48.3","42.7","43.2","69.1","68","89.5","71.5","97.7","97.7","93.4","97.7","97.7","97.7","85.3","85.3","","",
"Africa Western and Central","AFW","Access to electricity (% of population)","EG.ELC.ACCS.ZS","","","","","","","","","","","","","","","","","","","","","","","","","","","","","","","","","","31.6534685725078","32.6922076344145","33.6948353431794","32.6973945834538","32.5239197544343","33.513503785092","34.8938570379457","34.2461158257192","35.3232672070551","35.809110964429","39.9602539341217","37.5945022413501","37.9359101368567","39.9529044823027","40.8648618879836","41.8660146613745","42.0024854401026","41.9519903118982","46.0619669218462","44.1865003474968","47.1945030733476","47.7673605462369","46.8624182524845","51.0451271925992","48.9007280475057","51.3358293517534","51.2915769115352","51.8560428463068","54.368598708444","55.6866829669796","57.0692665803595","","",
"Angola","AGO","Access to electricity (% of population)","EG.ELC.ACCS.ZS","","","","","","","","","","","","","","","","","","","","","","","","","","","","","","","","","","","","","","","","","24.2","20","26.3","27.4","28.4","29.4","30.5","37.5","38.5","33.8","35","34.6","37.3","38.4","32","42","41.8","42.9","45.3","45.6","47","48.2","48.5","51.1","","",
"Albania","ALB","Access to electricity (% of population)","EG.ELC.ACCS.ZS","","","","","","","","","","","","","","","","","","","","","","","","","","","","","","","100","100","100","100","100","100","100","100","100","100","99.4","99.4","99.4","99.4","99.4","99.4","99.4","99.4","100","99.6","99.6","99.7","99.9","99.9","100","100","99.9","99.9","100","100","100","100","100","100","","",
"Andorra","AND","Access to electricity (% of population)","EG.ELC.ACCS.ZS","","","","","","","","","","","","","","","","","","","","","","","","","","","","","","","100","100","100","100","100","100","100","100","100","100","100","100","100","100","100","100","100","100","100","100","100","100","100","100","100","100","100","100","100","100","100","100","100","100","","",
"Arab World","ARB","Access to electricity (% of population)","EG.ELC.ACCS.ZS","","","","","","","","","","","","","","","","","","","","","","","","","","","","","","","","","","","","","","76.6117766148893","77.5412552853078","78.1564043364063","80.4586672566828","81.3547942659304","81.323622346782","82.3422219013586","82.2795249538868","83.07676744851","85.2843937164942","83.6267638046023","83.2755641606337","84.1597287073639","86.921502593511","87.1726942320297","86.8478669651407","88.9616299190749","88.4067767085653","88.6616431398725","89.1861710572826","90.3510669396465","88.6898406472267","89.9289963083413","90.2417769685806","90.4340947732985","90.6545179070033","91.6454299444509","","",
"United Arab Emirates","ARE","Access to electricity (% of population)","EG.ELC.ACCS.ZS","","","","","","","","","","","","","","","","","","","","","","","","","","","","","","","100","100","100","100","100","100","100","100","100","100","100","100","100","100","100","100","100","100","100","100","100","100","100","100","100","100","100","100","100","100","100","100","100","100","","",
"Argentina","ARG","Access to electricity (% of population)","EG.ELC.ACCS.ZS","","","","","","","","","","","","","","","","","","","","","","","","","","","","","","","92.1548004150391","92.4921875","92.8294525146484","93.1660461425781","93.5012741088867","93.8344650268555","94.1649398803711","94.4920120239258","94.8150024414063","95.1331558227539","95.7","95.5","96.1","96.3","96.5","96.7","97","97.2","97.5","97.8","98.8","99","99.1","99.3","100","99.7","99.9","100","100","100","100","100","100","100","","",
"Armenia","ARM","Access to electricity (% of population)","EG.ELC.ACCS.ZS","","","","","","","","","","","","","","","","","","","","","","","","","","","","","","","","","","","","","","","","","98.9","100","98","99.1","99.1","99.8","99.1","99.2","99.2","99.3","99.8","99.5","99.5","99.4","99.7","100","99.8","99.7","99.9","100","100","100","100","100","","",
"American Samoa","ASM","Access to electricity (% of population)","EG.ELC.ACCS.ZS","","","","","","","","","","","","","","","","","","","","","","","","","","","","","","","","","","","","","","","","","","","","","","","","","","","","","","","","","","","","","","","","","","",
"Antigua and Barbuda","ATG","Access to electricity (% of population)","EG.ELC.ACCS.ZS","","","","","","","","","","","","","","","","","","","","","","","","","","","","","","","95.7630462646484","95.9406509399414","96.1181335449219","96.2949447631836","96.4703903198242","96.643798828125","96.8144836425781","96.9817733764648","97.1449813842773","97.303352355957","97.7","97.7","100","97.9","97.9","92.2","100","100","100","98.5","98.7","94.6","100","100","100","100","100","100","100","100","100","100","100","100","","",
"Australia","AUS","Access to electricity (% of population)","EG.ELC.ACCS.ZS","","","","","","","","","","","","","","","","","","","","","","","","","","","","","","","100","100","100","100","100","100","100","100","100","100","100","100","100","100","100","100","100","100","100","100","100","100","100","100","100","100","100","100","100","100","100","100","100","100","","",
"Austria","AUT","Access to electricity (% of population)","EG.ELC.ACCS.ZS","","","","","","","","","","","","","","","","","","","","","","","","","","","","","","","100","100","100","100","100","100","100","100","100","100","100","100","100","100","100","100","100","100","100","100","100","100","100","100","100","100","100","100","100","100","100","100","100","100","","",
"Azerbaijan","AZE","Access to electricity (% of population)","EG.ELC.ACCS.ZS","","","","","","","","","","","","","","","","","","","","","","","","","","","","","","","","","","","","","","","","97","98.9","98.6","100","98.8","99","99.1","99.5","99.5","99.7","99.9","99.9","99.9","100","100","100","100","100","100","100","100","100","100","100","100","","",
"Burundi","BDI","Access to electricity (% of population)","EG.ELC.ACCS.ZS","","","","","","","","","","","","","","","","","","","","","","","","","","","","","","","","","","","","","","","3.9","2.07094931602478","2.5","2.8","3.1","3.4","3.7","3.2","2.7","4.7","4.8","5.4","5.3","6.2","6.5","6.9","7","7.9","8.5","9.3","9.5","9.8","9.1","10.2","10.3","11.6","","",
"Belgium","BEL","Access to electricity (% of population)","EG.ELC.ACCS.ZS","","","","","","","","","","","","","","","","","","","","","","","","","","","","","","","100","100","100","100","100","100","100","100","100","100","100","100","100","100","100","100","100","100","100","100","100","100","100","100","100","100","100","100","100","100","100","100","100","100","","",
"Benin","BEN","Access to electricity (% of population)","EG.ELC.ACCS.ZS","","","","","","","","","","","","","","","","","","","","","","","","","","","","","","","","","","","","","14.5","18.5896263122559","19.578254699707","20.5620422363281","21.5","21.9","23.4","24.3","25.2","26.1","27.9","28","29","30","34.2","36.9","38.4","34.7","34.1","29.6","37","34.5","39","40","41","42","56.5","57","","",
"Burkina Faso","BFA","Access to electricity (% of population)","EG.ELC.ACCS.ZS","","","","","","","","","","","","","","","","","","","","","","","","","","","","","","","","","","6.1","6.12501001358032","6.62533283233643","7.1229362487793","7.61713981628418","8.10726451873779","6.9","9.1","9.5","9.9","11.4","10.7","11.1","11.6","12","12.5","12.6","13.1","14.8","15.1","15.4","19.2","16.2","16.6","17","14.4","17.6","18.5","19","19.5","21.7","","",
"Bangladesh","BGD","Access to electricity (% of population)","EG.ELC.ACCS.ZS","","","","","","","","","","","","","","","","","","","","","","","","","","","","","","","","14.29","9.90541934967041","12.7178802490234","17.8","18.3380451202393","21.1443862915039","22.4","26.7461929321289","29.5402145385742","32","35","37.8","40.5","40.6","44.2","50.5","46.5","54.3","57.1","55.3","59.6","65.5","61.5","62.4","74","75.9","88","86.9","92.2","96.2","99","99.4","99.5","","",
"Bulgaria","BGR","Access to electricity (% of population)","EG.ELC.ACCS.ZS","","","","","","","","","","","","","","","","","","","","","","","","","","","","","","","100","100","100","100","100","100","100","100","100","100","88.1","88.6","89.1","89.6","90.1","90.6","91.2","91.7","92.3","92.9","93.5","94.1","94.7","95.3","95.9","96.6","97.3","98.1","98.7","99.2","99.7","99.8","100","100","","",
"Bahrain","BHR","Access to electricity (% of population)","EG.ELC.ACCS.ZS","","","","","","","","","","","","","","","","","","","","","","","","","","","","","","","99.9413986206055","99.9673919677734","99.9871826171875","99.9971389770508","99.9997711181641","100","100","100","100","100","100","100","100","100","100","100","100","100","100","100","100","100","100","100","100","100","100","100","100","100","100","100","100","100","","",
"Bahamas, The","BHS","Access to electricity (% of population)","EG.ELC.ACCS.ZS","","","","","","","","","","","","","","","","","","","","","","","","","","","","","","","100","100","100","100","100","100","100","100","100","100","100","100","100","100","100","100","100","100","100","100","100","100","100","100","100","100","100","100","100","100","100","100","100","100","","",
"Bosnia and Herzegovina","BIH","Access to electricity (% of population)","EG.ELC.ACCS.ZS","","","","","","","","","","","","","","","","","","","","","","","","","","","","","","","100","100","100","100","100","100","100","100","100","100","99","99.4","98.5","99","99.1","99.1","99.4","99.7","99.3","99.4","99.5","99.7","99.7","99.5","99.9","99.7","100","100","100","100","100","100","100","100","","",
"Belarus","BLR","Access to electricity (% of population)","EG.ELC.ACCS.ZS","","","","","","","","","","","","","","","","","","","","","","","","","","","","","","","100","100","100","100","100","100","100","100","100","100","89","89.5","90","90.5","91","91.5","92.1","92.6","93.2","93.8","94.4","95","95.6","96.2","96.8","97.4","98","98.7","99.3","100","100","100","100","100","","",
"Belize","BLZ","Access to electricity (% of population)","EG.ELC.ACCS.ZS","","","","","","","","","","","","","","","","","","","","","","","","","","","","","","","","67","72.2249145507813","73.1233291625977","74.0203857421875","74.915397644043","75.8076934814453","76.6965866088867","77.5814056396484","78.4613800048828","79","80.2","81","81.8","82.6","83.5","91","85.2","86.1","86.9","89.9","91.7","90.9","91.1","91.5","91.8","93.3","94.2","91.7","92.7","96.8","97.7","98.6","99.6","","",
"Bermuda","BMU","Access to electricity (% of population)","EG.ELC.ACCS.ZS","","","","","","","","","","","","","","","","","","","","","","","","","","","","","","","100","100","100","100","100","100","100","100","100","100","100","100","100","100","100","100","100","100","100","100","100","100","100","100","100","100","100","100","100","100","100","100","100","100","","",
"Bolivia","BOL","Access to electricity (% of population)","EG.ELC.ACCS.ZS","","","","","","","","","","","","","","","","","","","","","","","","","","","","","","","","","60.0279006958008","61.3840293884277","64.1","64.0915298461914","71","67.330431","71.2","70.929888","70","69.3","64","72.3","75.9","68.3","76.2","80.2","84.7","86.8","88","88.3","90.4","89.5","90","91.5","91.8","91.8","92.8","95.1","97.2","98.6","99.9","99.8","","",
"Brazil","BRA","Access to electricity (% of population)","EG.ELC.ACCS.ZS","","","","","","","","","","","","","","","","","","","","","","","","","","","","","","","87.475116","90.6065444946289","88.803833","89.999927","91.8837280273438","91.728598","92.867095","93.354139","94.193812","94.76296","94.4","96","96.7","97","96.8","97.1","97.6","98.1","98.5","98.9","98.6","99.3","99.5","99.6","99.7","99.7","99.7","99.8","99.7","99.8","99.7","99.5","100","99.8","","",
"Barbados","BRB","Access to electricity (% of population)","EG.ELC.ACCS.ZS","","","","","","","","","","","","","","","","","","","","","","","","","","","","","","","99.9842529296875","99.9934387207031","99.9986877441406","100","100","100","100","100","100","100","100","100","100","100","99.9","99.9","100","100","100","100","100","100","100","100","100","100","100","100","100","100","100","100","100","100","","",
"Brunei Darussalam","BRN","Access to electricity (% of population)","EG.ELC.ACCS.ZS","","","","","","","","","","","","","","","","","","","","","","","","","","","","","","","100","100","100","100","100","100","100","100","100","100","100","100","100","100","100","100","100","100","100","100","100","100","100","100","100","100","100","100","100","100","100","100","100","100","","",
"Bhutan","BTN","Access to electricity (% of population)","EG.ELC.ACCS.ZS","","","","","","","","","","","","","","","","","","","","","","","","","","","","","","","","","","","","","","","","","31.2","40.2","44.1","41.1","51.9","59.8","59.7","71.8","67.6","71.5","73.3","81.8","91.5","87.4","91.4","95.4","99.3","97.7","100","100","100","100","100","100","","",
"Botswana","BWA","Access to electricity (% of population)","EG.ELC.ACCS.ZS","","","","","","","","","","","","","","","","","","","","","","","","","","","","","","","","10.1","9.39822673797607","11.6420764923096","13.8845663070679","16.1250171661377","18.3627471923828","20.5970783233643","22.8273296356201","25.0527400970459","26.5","24.8","27","33.1","35.3","37.5","39.7","41.9","44.5","43.4","52","53.2","56","58","60","62.1","64.2","67.4","68.3","70.1","71.8","73.7","75.9","76","","",
"Central African Republic","CAF","Access to electricity (% of population)","EG.ELC.ACCS.ZS","","","","","","","","","","","","","","","","","","","","","","","","","","","","","","","","","","","","3","3.33491563796997","3.83021020889282","4.32142543792725","4.80779838562012","6","5.7","6.1","6.6","7","7.4","7.8","8.4","7.5","9.4","9.8","10.4","11","11.5","12","12.7","13.4","14.1","14.6","14.3","15.4","15.7","15.7","17.6","","",
"Canada","CAN","Access to electricity (% of population)","EG.ELC.ACCS.ZS","","","","","","","","","","","","","","","","","","","","","","","","","","","","","","","100","100","100","100","100","100","100","100","100","100","100","100","100","100","100","100","100","100","100","100","100","100","100","100","100","100","100","100","100","100","100","100","100","100","","",
"Central Europe and the Baltics","CEB","Access to electricity (% of population)","EG.ELC.ACCS.ZS","","","","","","","","","","","","","","","","","","","","","","","","","","","","","","","100","100","100","100","100","100","100","100","100","100","97.9262635329594","98.0235379735737","98.1415583203817","98.1907968950416","98.26792983008","98.3206998410279","98.4242817808159","98.5276446395055","98.668856546125","98.8586601186684","98.9644271545097","99.0682987223746","99.2028356897417","99.3084773841306","99.410769462163","99.5384709863299","99.6459138297945","99.8736866830469","99.8763758983526","99.9480349626799","99.98058396497","99.9870121182289","100","100","","",
"Switzerland","CHE","Access to electricity (% of population)","EG.ELC.ACCS.ZS","","","","","","","","","","","","","","","","","","","","","","","","","","","","","","","100","100","100","100","100","100","100","100","100","100","100","100","100","100","100","100","100","100","100","100","100","100","100","100","100","100","100","100","100","100","100","100","100","100","","",
"Channel Islands","CHI","Access to electricity (% of population)","EG.ELC.ACCS.ZS","","","","","","","","","","","","","","","","","","","","","","","","","","","","","","","100","100","100","100","100","100","100","100","100","100","100","100","100","100","100","100","100","100","100","100","100","100","100","100","100","100","100","100","100","100","100","100","100","100","","",
"Chile","CHL","Access to electricity (% of population)","EG.ELC.ACCS.ZS","","","","","","","","","","","","","","","","","","","","","","","","","","","","","","","92.257427","94.781623840332","94.560057","95.2737274169922","95.5180740356445","95.760383605957","95.617315","96.2361679077148","97.241124","96.6955490112305","97.9","97.1","97.3","98.8","97.5","97.7","99.4","98","98.2","99.6","99.5","99.6","100","99.6","100","99.7","100","99.7","100","100","100","100","100","100","","",
"China","CHN","Access to electricity (% of population)","EG.ELC.ACCS.ZS","","","","","","","","","","","","","","","","","","","","","","","","","","","","","","","","","","","","","","","","","96.7","97","97.2","97.4","97.7","97.9","98.2","98.5","98.8","99.1","99.7","99.9","99.9","100","100","100","100","100","100","100","100","100","100","100","","",
"Cote d'Ivoire","CIV","Access to electricity (% of population)","EG.ELC.ACCS.ZS","","","","","","","","","","","","","","","","","","","","","","","","","","","","","","","","","","","36.5","43.6312522888184","44.6482124328613","45.6617698669434","46.6712455749512","48.2","48.7","49.7","51.4","51.5","52.4","58.9","60.2","55.3","60.3","57.3","58.4","55.8","55.8","61.5","61.9","62.6","64.3","65.6","67.1","68.6","69.9","71.1","72","72.4","","",
"Cameroon","CMR","Access to electricity (% of population)","EG.ELC.ACCS.ZS","","","","","","","","","","","","","","","","","","","","","","","","","","","","","","","","29","32.6975250244141","33.849193572998","34.9995040893555","36.1477737426758","37.2933235168457","38.435474395752","40.7","40.7067756652832","41","46.2","44","45.1","47.1","47.2","49","48.2","50.6","51.7","52.8","53.7","55.2","56.3","56.8","58.6","59.8","60.9","62.2","63.2","64.3","65.4","71","72","","",
"Congo, Dem. Rep.","COD","Access to electricity (% of population)","EG.ELC.ACCS.ZS","","","","","","","","","","","","","","","","","","","","","","","","","","","","","","","","","","","","","","","","","6.7","7.1","7.7","8.3","9","6","10.2","15.2","11.6","12.3","13","13.7","15.4","15.2","13.5","16.6","17.3","18","18.7","19.1","20.1","20.8","21.5","22.1","","",
"Congo, Rep.","COG","Access to electricity (% of population)","EG.ELC.ACCS.ZS","","","","","","","","","","","","","","","","","","","","","","","","","","","","","","","","","","","","","","","","","29.4","30.3","31.2","32.1","33","33.8","34.9","35.8","36.8","37.1","40","40.8","41.6","42.5","43.4","44.3","45.3","46.2","47","47.7","48.7","49.7","50.6","51.3","","",
"Colombia","COL","Access to electricity (% of population)","EG.ELC.ACCS.ZS","","","","","","","","","","","","","","","","","","","","","","","","","","","","","","","89.9","91.8366546630859","92.1326599121094","92.4279937744141","92.7219619750977","91.2","93.3031005859375","93.5889129638672","93.8706436157227","94.1475296020508","95.2","98.5","94.9","95.1","95.3","96.8","95.7","96","96.8","96.1","96.8","96.7","97","97.8","97.8","98.2","98.4","98.5","98.5","99.4","99.7","100","100","98.7","","",
"Comoros","COM","Access to electricity (% of population)","EG.ELC.ACCS.ZS","","","","","","","","","","","","","","","","","","","","","","","","","","","","","","","","","","","","","28.9","32.7624130249023","35.0945281982422","37.421802520752","39.8","42","44.8","46.5","48.7","51","53.2","55.5","57.8","60.1","69.7","69.3","69.3","69.4","71.8","74.1","76.4","78.7","81","83.3","85.6","87.9","89.9","89.8","","",
"Cabo Verde","CPV","Access to electricity (% of population)","EG.ELC.ACCS.ZS","","","","","","","","","","","","","","","","","","","","","","","","","","","","","","","","","","","","","","","","","58.6","60.3","58.6","63.7","65.4","67","68.8","70.5","72.3","74.1","81.1","82.3","83.2","84.3","85.3","86.4","87.5","88.6","90.2","91.4","93.7","95.5","97.1","98.6","","",
"Costa Rica","CRI","Access to electricity (% of population)","EG.ELC.ACCS.ZS","","","","","","","","","","","","","","","","","","","","","","","","","","","","","","","","","","","","","","","","","96.9","98.2","98.5","98.7","99","99.1","99.1","99.2","99.3","99.4","99","99.2","99.5","99.6","99.4","99.4","99.5","99.6","99.7","99.7","99.9","100","100","100","","",
"Caribbean small states","CSS","Access to electricity (% of population)","EG.ELC.ACCS.ZS","","","","","","","","","","","","","","","","","","","","","","","","","","","","","","","","","","","","","","","","","88.4159289818663","90.4855336740834","90.809112704402","91.0018718387357","91.2894647290611","90.8157874812197","91.9463978625702","93.0816054727479","93.4441294061575","92.9152943922676","94.1815124594599","94.1276818467132","95.2543113839721","95.5637395418446","95.8432196458407","96.2001948453372","96.6656867832991","97.0542900594117","97.0878277080481","97.3685903913769","97.9333626877032","98.174699090255","98.3064221501297","99.168477538461","","",
"Cuba","CUB","Access to electricity (% of population)","EG.ELC.ACCS.ZS","","","","","","","","","","","","","","","","","","","","","","","","","","","","","","","","","","","","","","","","","97","96.2","95.5","96.5","96.6","96.8","96.9","97.1","97.3","97.6","97.8","98","98.3","98.5","98.7","99","99.2","99.4","99.6","99.8","99.9","100","100","100","","",
"Curacao","CUW","Access to electricity (% of population)","EG.ELC.ACCS.ZS","","","","","","","","","","","","","","","","","","","","","","","","","","","","","","","100","100","100","100","100","100","100","100","100","100","100","99.9","99.9","99.8","99.8","99.7","99.7","99.7","99.7","99.7","100","100","100","100","100","100","100","100","100","100","100","100","100","100","","",
"Cayman Islands","CYM","Access to electricity (% of population)","EG.ELC.ACCS.ZS","","","","","","","","","","","","","","","","","","","","","","","","","","","","","","","99.846923828125","99.8788146972656","99.9102401733398","100","100","100","100","100","100","100","100","100","100","100","100","100","100","100","100","100","100","100","100","100","100","100","100","100","100","100","100","100","100","100","","",
"Cyprus","CYP","Access to electricity (% of population)","EG.ELC.ACCS.ZS","","","","","","","","","","","","","","","","","","","","","","","","","","","","","","","100","100","100","100","100","100","100","100","100","100","100","100","100","100","100","100","100","100","100","100","100","100","100","100","100","100","100","100","100","100","100","100","100","100","","",
"Czechia","CZE","Access to electricity (% of population)","EG.ELC.ACCS.ZS","","","","","","","","","","","","","","","","","","","","","","","","","","","","","","","100","100","100","100","100","100","100","100","100","100","100","100","100","100","100","100","100","100","100","100","100","100","100","100","100","100","100","100","100","100","100","100","100","100","","",
"Germany","DEU","Access to electricity (% of population)","EG.ELC.ACCS.ZS","","","","","","","","","","","","","","","","","","","","","","","","","","","","","","","100","100","100","100","100","100","100","100","100","100","100","100","100","100","100","100","100","100","100","100","100","100","100","100","100","100","100","100","100","100","100","100","100","100","","",
"Djibouti","DJI","Access to electricity (% of population)","EG.ELC.ACCS.ZS","","","","","","","","","","","","","","","","","","","","","","","","","","","","","","","","","","","","","62","56.2944946289063","56.3222541809082","56.3451690673828","56","56.1","49.7","56.4","56.6","56.8","55.5","57.2","57.4","57.6","57.9","58.1","54.6","58.6","58.9","59.1","59.8","60.2","62.4","64.7","64.5","65.4","65","65.2","","",
"Dominica","DMA","Access to electricity (% of population)","EG.ELC.ACCS.ZS","","","","","","","","","","","","","","","","","","","","","","","","","","","","","","","","","","","","","","","75","79.6219177246094","81.1","82.1","87.7","84","85","86","87","88.1","90.9","90.2","91.3","90.1","93.5","94.6","95.7","96.7","97.8","98.9","99.6","99.9","100","100","100","100","","",
"Denmark","DNK","Access to electricity (% of population)","EG.ELC.ACCS.ZS","","","","","","","","","","","","","","","","","","","","","","","","","","","","","","","100","100","100","100","100","100","100","100","100","100","100","100","100","100","100","100","100","100","100","100","100","100","100","100","100","100","100","100","100","100","100","100","100","100","","",
"Dominican Republic","DOM","Access to electricity (% of population)","EG.ELC.ACCS.ZS","","","","","","","","","","","","","","","","","","","","","","","","","","","","","","","","78.2","82.4854049682617","83.2554931640625","84.0242233276367","84.7909088134766","85.5548782348633","86.3154449462891","87.0719375610352","91","88.8","89.8","89.7","89.2","90.3","90.1","90.1","96.9","97.6","97.9","98.1","97.9","97.9","98.4","98.5","98.6","98.9","100","98.9","99","100","98.1","98.1","99.6","","",
"Algeria","DZA","Access to electricity (% of population)","EG.ELC.ACCS.ZS","","","","","","","","","","","","","","","","","","","","","","","","","","","","","","","","","","","","","","","","","98.6","98.6","98.6","98.6","98.6","98.6","98.7","98.7","99.3","98.8","98.9","99","98.8","99.2","99.3","99.4","99.4","99.5","99.6","99.5","99.7","99.8","100","100","","",
"East Asia & Pacific (excluding high income)","EAP","Access to electricity (% of population)","EG.ELC.ACCS.ZS","","","","","","","","","","","","","","","","","","","","","","","","","","","","","","","","","","","","","","","","","91.1381444668449","91.6798073934451","92.1532731163709","92.3780477719541","93.2660680387974","92.8453003628586","94.0414555134156","94.0513892360771","94.6719310490636","94.4276339127764","95.0553706554353","95.5816815305151","95.7951654492221","96.0928535168264","96.2740993565598","96.6218250728069","96.7165341917277","97.4453072983769","97.4123829747175","97.650096061791","97.5651849682476","97.9599209910295","98.0273720891056","98.2376383007189","","",
"Early-demographic dividend","EAR","Access to electricity (% of population)","EG.ELC.ACCS.ZS","","","","","","","","","","","","","","","","","","","","","","","","","","","","","","","","","","55.6089748959427","56.371326619712","58.1326483271774","59.8705895933578","61.8379063844139","63.3930107194029","66.0856638258811","67.5004886155747","68.2577741474039","69.1513339520849","70.8824068395399","71.1114199587976","72.7507806716199","73.7999828808332","75.6550383386468","77.4007795197428","78.2884199644018","79.3901895116688","81.1499828644284","82.0524632421742","83.7993125754694","84.752008839851","86.8271544642577","88.3494481253503","90.5086728796454","91.9927109222766","92.7976553013368","93.4557810564296","95.2423338887017","95.1575744950744","95.7044381043822","","",
"East Asia & Pacific","EAS","Access to electricity (% of population)","EG.ELC.ACCS.ZS","","","","","","","","","","","","","","","","","","","","","","","","","","","","","","","","","","","","","","","","","92.0618144338661","92.5437982270478","92.9648557230822","93.1629584469729","93.9563207271355","93.575146301846","94.6471577043934","94.6545403732641","95.2110838673573","94.9833280630479","95.5468324754052","96.0189473952986","96.2092457835614","96.4756466990083","96.6375595761929","96.9500599621312","97.0343965831866","97.6915359289014","97.66096406877","97.8752477120245","97.7976042617313","98.1534049450822","98.2139059282726","98.4044624957692","","",
"Europe & Central Asia (excluding high income)","ECA","Access to electricity (% of population)","EG.ELC.ACCS.ZS","","","","","","","","","","","","","","","","","","","","","","","","","","","","","","","","","","","","","","","","","99.0003702745063","99.0705244325315","99.1500165934793","99.1484918236264","99.1355245420636","99.2594569491161","99.2193080062367","99.3389908321698","99.3776072797545","99.4485621601137","99.6086224547018","99.6174754229201","99.6946321116735","99.728652515568","99.7847724120664","99.7676589877916","99.8659600305289","99.9182925529991","99.9420709286304","99.9657744725899","99.9774302018769","99.9616464835516","99.9915875475848","100","","",
"Europe & Central Asia","ECS","Access to electricity (% of population)","EG.ELC.ACCS.ZS","","","","","","","","","","","","","","","","","","","","","","","","","","","","","","","100","100","100","100","100","99.9977549301429","99.9705930822189","99.9645850783925","99.9667771365628","99.8693533423451","99.1153070613535","99.1655507745026","99.2039416710409","99.2130325995693","99.2390073501008","99.2799004349739","99.3013594788162","99.3630803564705","99.4080961406283","99.4661685766657","99.6654425126626","99.6639027646677","99.8281916228155","99.8495213726873","99.8761371074327","99.1677802593579","99.8289902167753","99.9641487037409","99.9707833919463","99.9534523781205","99.9760274293182","99.9881931172392","99.9977315530878","100","","",
"Ecuador","ECU","Access to electricity (% of population)","EG.ELC.ACCS.ZS","","","","","","","","","","","","","","","","","","","","","","","","","","","","","","","","","","","","89.830167","92.0513763427734","92.429817199707","92.726642","93.071434","93.7","94","94.2","95","94.8","95.8","96.3","96.8","97.2","96.5","97.5","96.9","97.2","98","99","98.8","98.7","99.2","98.7","99.1","98.9","100","100","98.7","","",
"Egypt, Arab Rep.","EGY","Access to electricity (% of population)","EG.ELC.ACCS.ZS","","","","","","","","","","","","","","","","","","","","","","","","","","","","","","","","","93.4","95.3922424316406","95.6485366821289","95.5","96.1543273925781","96.4024658203125","96.6465225219727","96.8857345581055","97.7","97.4","97.5","98.8","97.8","99.4","99","98.4","99.8","98.9","99.4","99.4","99.7","99.9","99.8","99.3","100","100","100","100","100","100","100","100","","",
"Euro area","EMU","Access to electricity (% of population)","EG.ELC.ACCS.ZS","","","","","","","","","","","","","","","","","","","","","","","","","","","","","","","100","100","100","100","100","100","100","100","100","100","99.9939024363854","99.9939756507346","99.9923040847624","99.9924104678383","99.9905592807387","99.9891180707919","99.9873358295859","99.9897388322153","99.9924120987328","99.9953505242731","99.9960449134606","99.9961207318092","100","100","100","100","100","100","100","100","100","100","100","100","","",
"Eritrea","ERI","Access to electricity (% of population)","EG.ELC.ACCS.ZS","","","","","","","","","","","","","","","","","","","","","","","","","","","","","","","","","","","","22.9","24.7554473876953","25.8746109008789","26.9896945953369","28.0999355316162","29.3","30.3","32.2","32.4","33.4","34.5","35.6","36.7","37.8","38.9","40.1","41.2","42.3","43.5","44.6","45.8","46.9","48","49.1","50.3","51.4","52.5","53.4","54.4","","",
"Spain","ESP","Access to electricity (% of population)","EG.ELC.ACCS.ZS","","","","","","","","","","","","","","","","","","","","","","","","","","","","","","","100","100","100","100","100","100","100","100","100","100","100","100","100","100","100","100","100","100","100","100","100","100","100","100","100","100","100","100","100","100","100","100","100","100","","",
"Estonia","EST","Access to electricity (% of population)","EG.ELC.ACCS.ZS","","","","","","","","","","","","","","","","","","","","","","","","","","","","","","","100","100","100","100","100","100","100","100","100","100","100","100","100","100","100","100","100","100","100","100","100","100","100","100","100","100","100","100","100","100","100","100","100","100","","",
"Ethiopia","ETH","Access to electricity (% of population)","EG.ELC.ACCS.ZS","","","","","","","","","","","","","","","","","","","","","","","","","","","","","","","","","","","","","","","","","12.7","10.2","11.9","13.5","15.2","14","18.6","20.3","22","23.7","25.5","23","29","30.8","27.2","29","42.9","44.3","44.8","48","51.1","54.2","55.4","55.4","","",
"European Union","EUU","Access to electricity (% of population)","EG.ELC.ACCS.ZS","","","","","","","","","","","","","","","","","","","","","","","","","","","","","","","100","100","100","100","100","100","100","100","100","100","99.4761898580312","99.5050444841847","99.5387158579328","99.5539907205916","99.5758248331858","99.5913707294114","99.6188396472415","99.6464075255034","99.6825303996653","99.7290075706151","99.7553972530963","99.7801178323542","99.8125886995878","99.8381173752727","99.8626029552248","99.8929116032593","99.9182637194093","99.9709724278479","99.9717275681447","99.9881556120147","99.9956022901904","99.9970834145942","100","100","","",
"Fragile and conflict affected situations","FCS","Access to electricity (% of population)","EG.ELC.ACCS.ZS","","","","","","","","","","","","","","","","","","","","","","","","","","","","","","","","","","","","","","","","","40.4330868376339","40.9429778910338","41.4924612334799","43.2768923134386","42.5868036237734","42.6845466464356","44.1300397901622","44.9119118754016","44.6504432881769","45.6795981324412","45.9924926486261","47.8710522136076","48.8909209673482","50.5937760008476","49.9837325368256","50.0432237711859","54.1757718946072","54.5377495544254","54.5154686576955","55.4514164250793","56.3010490504136","57.8332255929662","57.9458706435872","58.950109305747","","",
"Finland","FIN","Access to electricity (% of population)","EG.ELC.ACCS.ZS","","","","","","","","","","","","","","","","","","","","","","","","","","","","","","","100","100","100","100","100","100","100","100","100","100","100","100","100","100","100","100","100","100","100","100","100","100","100","100","100","100","100","100","100","100","100","100","100","100","","",
"Fiji","FJI","Access to electricity (% of population)","EG.ELC.ACCS.ZS","","","","","","","","","","","","","","","","","","","","","","","","","","","","","","","","","","","","","66.9","71.7715148925781","73.0895843505859","74.4028167724609","76.8","77.7","79.6","80","80.6","81.6","82.6","88.9","86.2","85.6","92.4","92.5","92.6","91.8","93","93.2","93.4","96","95.1","96.1","97.1","92.1","92","99.3","","",
"France","FRA","Access to electricity (% of population)","EG.ELC.ACCS.ZS","","","","","","","","","","","","","","","","","","","","","","","","","","","","","","","100","100","100","100","100","100","100","100","100","100","100","100","100","100","100","100","100","100","100","100","100","100","100","100","100","100","100","100","100","100","100","100","100","100","","",
"Faroe Islands","FRO","Access to electricity (% of population)","EG.ELC.ACCS.ZS","","","","","","","","","","","","","","","","","","","","","","","","","","","","","","","100","100","100","100","100","100","100","100","100","100","100","100","100","100","100","100","100","100","100","100","100","100","100","100","100","100","100","100","100","100","100","100","100","100","","",
"Micronesia, Fed. Sts.","FSM","Access to electricity (% of population)","EG.ELC.ACCS.ZS","","","","","","","","","","","","","","","","","","","","","","","","","","","","","","","","","","","","","","","","","46","48.4","50.1","51.8","53.5","55.2","57","58.7","60.5","62.2","64.5","66.3","67.8","69.4","71.2","73","74.8","76.5","78.3","80.1","81.9","83.6","85.3","86.9","","",
"Gabon","GAB","Access to electricity (% of population)","EG.ELC.ACCS.ZS","","","","","","","","","","","","","","","","","","","","","","","","","","","","","","","","","","","","","","","","","73.6","77.2","77.8","78.5","79.2","81.6","80.5","81.3","82","82.7","89.3","88.7","89.3","86.4","87.1","87.3","88.1","86.3","89.6","90.3","91.1","91.8","93.5","94.1","","",
"United Kingdom","GBR","Access to electricity (% of population)","EG.ELC.ACCS.ZS","","","","","","","","","","","","","","","","","","","","","","","","","","","","","","","100","100","100","100","100","100","100","100","100","100","100","100","100","100","100","100","100","100","100","100","100","100","100","100","100","100","100","100","100","100","100","100","100","100","","",
"Georgia","GEO","Access to electricity (% of population)","EG.ELC.ACCS.ZS","","","","","","","","","","","","","","","","","","","","","","","","","","","","","","","","","","","","","","","","","99.8","99.8","99.9","100","99.9","97.9","100","100","100","100","100","100","100","100","100","100","100","100","99.9","100","100","100","100","100","","",
"Ghana","GHA","Access to electricity (% of population)","EG.ELC.ACCS.ZS","","","","","","","","","","","","","","","","","","","","","","","","","","","","","","","","","","30.6","30.36940574646","32.4504508972168","34.5287704467773","36.6036949157715","42.6","40.7405395507813","43.7","44.8","46.8","48.3","50.8","41.3","55.1","56.9","60.5","61.1","64.2","64.1","56.5","70.7","78.3","74","79.3","79","80.4","83.5","85.4","86.3","85.1","89.5","","",
"Gibraltar","GIB","Access to electricity (% of population)","EG.ELC.ACCS.ZS","","","","","","","","","","","","","","","","","","","","","","","","","","","","","","","100","100","100","100","100","100","100","100","100","100","99.9","99.9","99.8","99.8","99.7","99.7","99.7","99.7","99.7","100","100","99.8","99.9","99.9","99.9","100","100","100","100","100","100","100","100","100","","",
"Guinea","GIN","Access to electricity (% of population)","EG.ELC.ACCS.ZS","","","","","","","","","","","","","","","","","","","","","","","","","","","","","","","","","","","","","","","","16.4","15.2","16.4","17.7","18.9","20.2","20.2","22.8","24.1","25.4","26.7","28.1","29.5","26.2","32.2","33.5","34.9","33.5","35.4","45","42.2","44.7","46.8","47.7","51.1","","",
"Gambia, The","GMB","Access to electricity (% of population)","EG.ELC.ACCS.ZS","","","","","","","","","","","","","","","","","","","","","","","","","","","","","","","","","","17.7","18.2500495910645","19.921443939209","21.5901184082031","23.255392074585","24.9165878295898","26.572940826416","34.3","29.9","31.5","27.8","34.8","30.5","38.1","39.8","41.5","43.2","46.8","48.3","49.9","51.5","53","54.7","56.4","56.2","60.3","62.1","62.2","63.7","65.4","66.9","","",
"Guinea-Bissau","GNB","Access to electricity (% of population)","EG.ELC.ACCS.ZS","","","","","","","","","","","","","","","","","","","","","","","","","","","","","","","","","","","","","","","","","","","1.3","2.6","3.9","5.2","14.5","7.9","9.3","4.7","6","13.5","14.9","16.3","17.2","20.1","22.9","26","28.4","30.9","33.4","35.8","37.4","40.5","","",
"Equatorial Guinea","GNQ","Access to electricity (% of population)","EG.ELC.ACCS.ZS","","","","","","","","","","","","","","","","","","","","","","","","","","","","","","","","","","","","","","","","","64.8","64.9","64.9","64.9","64.9","65","65.1","65.1","65.2","65.4","66.1","66.1","65.7","65.9","66","66.1","66.2","66.4","66.5","66.6","66.7","66.8","67","66.9","","",
"Greece","GRC","Access to electricity (% of population)","EG.ELC.ACCS.ZS","","","","","","","","","","","","","","","","","","","","","","","","","","","","","","","100","100","100","100","100","100","100","100","100","100","100","100","100","100","100","100","100","100","100","100","100","100","100","100","100","100","100","100","100","100","100","100","100","100","","",
"Grenada","GRD","Access to electricity (% of population)","EG.ELC.ACCS.ZS","","","","","","","","","","","","","","","","","","","","","","","","","","","","","","","","","","","","","","","85.04","85.5294647216797","86","86.3","86.6","86.9","87.2","87.5","87.9","88.2","90","89","89.4","88.8","90.2","90.6","91","91.4","91.8","92.2","92.3","93","93.4","93.7","94.2","94.4","","",
"Greenland","GRL","Access to electricity (% of population)","EG.ELC.ACCS.ZS","","","","","","","","","","","","","","","","","","","","","","","","","","","","","","","100","100","100","100","100","100","100","100","100","100","100","100","100","100","100","100","100","100","100","100","100","100","100","100","100","100","100","100","100","100","100","100","100","100","","",
"Guatemala","GTM","Access to electricity (% of population)","EG.ELC.ACCS.ZS","","","","","","","","","","","","","","","","","","","","","","","","","","","","","","","","","","","","60.8","67.6799392700195","68.9040756225586","70.1241302490234","70.9","73.3","73.7","78.7","78.5","77.2","78.3","83.7","80.7","81.9","83.1","84.3","84","86.8","88.1","85.5","90.5","91.8","93.3","94.2","95.4","96.6","97.9","99.1","100","","",
"Guam","GUM","Access to electricity (% of population)","EG.ELC.ACCS.ZS","","","","","","","","","","","","","","","","","","","","","","","","","","","","","","","99.8443069458008","99.8758163452148","99.906867980957","99.937255859375","99.9650802612305","100","100","100","100","100","100","100","100","100","100","100","100","100","100","100","100","100","100","100","100","100","100","100","100","100","100","100","100","100","","",
"Guyana","GUY","Access to electricity (% of population)","EG.ELC.ACCS.ZS","","","","","","","","","","","","","","","","","","","","","","","","","","","","","","","","","","72.376631","70.713981628418","71.3519821166992","71.9872665405273","72.6191558837891","73.246955871582","73.8699188232422","74.6","75.1","75.7","76.2","76.8","77.5","73.4","78.5","79.1","77.6","83.3","84.2","85.1","86","86.9","88","89","90","90.9","91.6","92.3","92.9","93","98.9","","",
"High income","HIC","Access to electricity (% of population)","EG.ELC.ACCS.ZS","","","","","","","","","","","","","","","","","","","","","","","","","","","","","","","99.8410486296657","99.8771376921154","99.8662160261871","99.859190541875","99.8623289035528","99.8673397055848","99.8645536645704","99.8764416185808","99.8907389756902","99.8857540552386","99.441643111124","99.4664430681858","99.4863294366507","99.5284253858735","99.5231891566816","99.5332329224938","99.5844244136188","99.5944463812785","99.625104814071","99.6724365105225","99.7818510676906","99.7844276068209","99.8951446927905","99.8987384599918","99.9172074403547","99.4412560088473","99.8749399241358","99.9597217667473","99.9626510693694","99.949609679301","99.9683059772886","99.9798909354785","99.9797997493664","99.9884002141209","","",
"Hong Kong SAR, China","HKG","Access to electricity (% of population)","EG.ELC.ACCS.ZS","","","","","","","","","","","","","","","","","","","","","","","","","","","","","","","100","100","100","100","100","100","100","100","100","100","100","100","100","100","100","100","100","100","100","100","100","100","100","100","100","100","100","100","100","100","100","100","100","100","","",
"Honduras","HND","Access to electricity (% of population)","EG.ELC.ACCS.ZS","","","","","","","","","","","","","","","","","","","","","","","","","","","","","","","","54.781937","58.913112","61.100156","64.733947","66.122022","61.68112","64.794754","66.859519","67.394103","67.4","64.2","63.1","65.1","67.1","68.9","71.3","73.5","76.4","78.3","81","82.2","83.6","87.2","88.7","90","91.6","86.5","91.6","91.1","93.1","94.1","94.4","95.6","","",
"Heavily indebted poor countries (HIPC)","HPC","Access to electricity (% of population)","EG.ELC.ACCS.ZS","","","","","","","","","","","","","","","","","","","","","","","","","","","","","","","","","","","","","","","","","17.8244786052089","18.6972355290942","19.4035785911305","20.8722972088871","21.919398023812","21.6656070263309","24.2970552406841","25.8477550274109","25.8037471371516","27.0246119888698","28.679431301834","29.1718396828583","31.8979660493501","32.8873110453621","35.3432938741151","35.4532334232963","40.5879143859095","41.4761400082642","43.9780559155511","45.0224569328403","46.3405988685198","48.0199412207435","48.7171277289384","50.5311127498598","","",
"Croatia","HRV","Access to electricity (% of population)","EG.ELC.ACCS.ZS","","","","","","","","","","","","","","","","","","","","","","","","","","","","","","","100","100","100","100","100","100","100","100","100","100","100","100","100","100","99.9","99.9","99.8","99.8","100","100","100","100","100","100","100","100","100","100","100","100","100","100","100","100","","",
"Haiti","HTI","Access to electricity (% of population)","EG.ELC.ACCS.ZS","","","","","","","","","","","","","","","","","","","","","","","","","","","","","","","","","","","","31.3","30.0130176544189","30.5570373535156","31.0969753265381","31.6320724487305","33.7","31.5","33.1","31.6","34.1","34.5","33.9","35.5","36.1","36.6","37.2","37.8","37.9","38.9","39.6","40.8","40.4","43.3","44.4","45.4","46.3","47.2","49.3","51.3","","",
"Hungary","HUN","Access to electricity (% of population)","EG.ELC.ACCS.ZS","","","","","","","","","","","","","","","","","","","","","","","","","","","","","","","100","100","100","100","100","100","100","100","100","100","100","100","100","100","100","99.9","99.9","100","100","100","100","100","100","100","100","100","100","100","100","100","100","100","100","100","","",
"IBRD only","IBD","Access to electricity (% of population)","EG.ELC.ACCS.ZS","","","","","","","","","","","","","","","","","","","","","","","","","","","","","","","","","","","","","","","","","84.5514200391953","85.2605452880295","85.5983613837498","86.5581956902272","86.7184905424753","87.7333227566688","88.1680891466254","89.3242121638932","90.1665294008948","90.6731762332911","91.4540571407595","92.5084956175417","92.7691494735879","93.7820283085729","94.4238714593445","95.1768053412642","95.836371597902","96.6040591336246","97.7498443251445","97.87719934712","98.0570730806839","99.1094167920247","98.9686574577803","99.0885820346684","","",
"IDA & IBRD total","IBT","Access to electricity (% of population)","EG.ELC.ACCS.ZS","","","","","","","","","","","","","","","","","","","","","","","","","","","","","","","","","","","","","","","","","73.9654372508659","74.5883598457618","75.0793291008235","76.1346447409064","76.1444536080495","77.0597690009746","77.8552266546228","78.6119806911976","79.4533189795659","79.9501521552814","80.6491330581852","81.9189102960738","82.435690270165","83.3593364046462","83.9395090540728","84.8020928694012","86.1979701404555","87.1780648108782","88.2029739724979","88.5717841906219","88.9116377393905","90.0199738356034","89.9613796377975","90.3146248872835","","",
"IDA total","IDA","Access to electricity (% of population)","EG.ELC.ACCS.ZS","","","","","","","","","","","","","","","","","","","","","","","","","","","","","","","","","","","","","","","36.9469805607845","38.337782452807","36.3628571586589","37.142264025294","38.6836576750573","40.5370390219668","40.4881193660398","41.5224300100053","43.9691700385374","44.2109151672772","45.5166817282672","46.4303387780008","47.3155875679755","49.6621142107405","51.3189495560506","52.2817303551995","53.0005784584853","54.5223994493809","58.3948761048664","60.3179355432413","61.3544488370868","62.769644320149","63.9370743593769","65.598211852635","66.1569043335558","67.5014937828868","","",
"IDA blend","IDB","Access to electricity (% of population)","EG.ELC.ACCS.ZS","","","","","","","","","","","","","","","","","","","","","","","","","","","","","","","","","","","","","","","54.1593105216885","55.4558199205738","55.6481107966122","56.70789885005","57.4182135042788","60.0952816511328","59.1432742468789","60.2242112828434","61.1269826223224","62.3043148414168","63.3309391549099","63.1155416562242","63.9547486455891","68.0498486783031","67.7534282751763","69.2012849039335","68.4749901174028","68.7868324940631","72.5460349141719","71.6466137332559","73.151878223369","73.9089088089712","74.4924621989682","76.4698873250238","77.0721324965067","77.9201343756954","","",
"Indonesia","IDN","Access to electricity (% of population)","EG.ELC.ACCS.ZS","","","","","","","","","","","","","","","","","","","","","","","","","","","","","","","","48.9","66.6965637207031","55.43","62.8","66.86","72.39","80.3","80.94","83.73","86.3","86.3","87.6","87.9","89","84.8","90.6","91.1","92.7","93.6","94.2","94.8","96","96.5","97","97.5","97.6","98.1","98.5","98.9","97","99.2","100","99.4","","",
"IDA only","IDX","Access to electricity (% of population)","EG.ELC.ACCS.ZS","","","","","","","","","","","","","","","","","","","","","","","","","","","","","","","","","","","","","","","","","25.9115523262833","26.5033655156032","28.5015689211888","29.8984638542453","30.3187820346723","31.3066620418745","34.5806985469341","34.4168942603711","35.8391531336874","37.3351272716701","38.2163645640414","39.5865729644305","42.3080291510044","42.9979384611427","44.5118966979033","46.705998397654","50.6602264813623","54.1427240952534","54.9412739063695","56.734623782158","58.2365188467346","59.7411600659608","60.2901358794059","61.9201921189084","","",
"Isle of Man","IMN","Access to electricity (% of population)","EG.ELC.ACCS.ZS","","","","","","","","","","","","","","","","","","","","","","","","","","","","","","","100","100","100","100","100","100","100","100","100","100","100","100","100","100","100","100","100","100","100","100","100","100","100","100","100","100","100","100","100","100","100","100","100","100","","",
"India","IND","Access to electricity (% of population)","EG.ELC.ACCS.ZS","","","","","","","","","","","","","","","","","","","","","","","","","","","","","","","","","","50.9","49.8113098144531","51.4087753295898","53.0035209655762","54.5948638916016","56.1821327209473","60.1","60.3","62","62.3","65.4","64.4","68.8","67.9","72.3","74.1","75","76.3","79.5","79.9","83.1","85.1","88","89.6","91.8","95.7","95.9","96.5","99.6","99.2","99.5","","",
"Not classified","INX","Access to electricity (% of population)","EG.ELC.ACCS.ZS","","","","","","","","","","","","","","","","","","","","","","","","","","","","","","","","","","","","","","","","","","","","","","","","","","","","","","","","","","","","","","","","","","",
"Ireland","IRL","Access to electricity (% of population)","EG.ELC.ACCS.ZS","","","","","","","","","","","","","","","","","","","","","","","","","","","","","","","100","100","100","100","100","100","100","100","100","100","100","100","100","100","100","100","100","100","100","100","100","100","100","100","100","100","100","100","100","100","100","100","100","100","","",
"Iran, Islamic Rep.","IRN","Access to electricity (% of population)","EG.ELC.ACCS.ZS","","","","","","","","","","","","","","","","","","","","","","","","","","","","","","","","","","","","","","","","","97.9","98.1","98.1","98.2","98.3","98.4","98.4","98.7","98.8","99.7","99.4","99.5","99.5","99.8","100","100","100","99.9","100","100","100","100","100","100","","",
"Iraq","IRQ","Access to electricity (% of population)","EG.ELC.ACCS.ZS","","","","","","","","","","","","","","","","","","","","","","","","","","","","","","","","","","","","","","","","","96.8","96.9","97.1","97.2","97.3","97.4","97.6","98.1","97.9","98.1","98.4","98","99.3","99","99.2","99.4","99.7","99.9","99.9","100","100","100","100","100","","",
"Iceland","ISL","Access to electricity (% of population)","EG.ELC.ACCS.ZS","","","","","","","","","","","","","","","","","","","","","","","","","","","","","","","100","100","100","100","100","100","100","100","100","100","100","100","100","100","100","100","100","100","100","100","100","100","100","100","100","100","100","100","100","100","100","100","100","100","","",
"Israel","ISR","Access to electricity (% of population)","EG.ELC.ACCS.ZS","","","","","","","","","","","","","","","","","","","","","","","","","","","","","","","100","100","100","100","100","100","100","100","100","100","100","100","100","100","100","100","100","100","100","100","100","100","100","100","100","100","100","100","100","100","100","100","100","100","","",
"Italy","ITA","Access to electricity (% of population)","EG.ELC.ACCS.ZS","","","","","","","","","","","","","","","","","","","","","","","","","","","","","","","100","100","100","100","100","100","100","100","100","100","100","100","100","100","100","100","100","100","100","100","100","100","100","100","100","100","100","100","100","100","100","100","100","100","","",
"Jamaica","JAM","Access to electricity (% of population)","EG.ELC.ACCS.ZS","","","","","","","","","","","","","","","","","","","","","","","","","","","","","","","70.334586","77.2288665771484","78.0329208374023","78.836296081543","79.638313293457","80.4382934570313","85.706045","82.0294036865234","82.8191757202148","84.554112","84.4","87.7","86.7","86.5","87.2","88","88.7","89.4","92","91","92.2","91.1","93.1","93.9","93.3","94.9","96.6","97.4","98.2","98.9","99.7","100","100","97.7","","",
"Jordan","JOR","Access to electricity (% of population)","EG.ELC.ACCS.ZS","","","","","","","","","","","","","","","","","","","","","","","","","","","","","","","96.8","97.8546829223633","97.9748611450195","98.0943603515625","98.2125015258789","98.3285980224609","98.4419784545898","98.9","98.6578521728516","98.7589111328125","99","99","99.5","99","99.2","99","100","98.8","100","99.4","100","99.6","99.5","99.7","99.8","99.9","100","100","99.9","99.9","99.9","99.9","100","100","","",
"Japan","JPN","Access to electricity (% of population)","EG.ELC.ACCS.ZS","","","","","","","","","","","","","","","","","","","","","","","","","","","","","","","100","100","100","100","100","100","100","100","100","100","100","100","100","100","100","100","100","100","100","100","100","100","100","100","100","100","100","100","100","100","100","100","100","100","","",
"Kazakhstan","KAZ","Access to electricity (% of population)","EG.ELC.ACCS.ZS","","","","","","","","","","","","","","","","","","","","","","","","","","","","","","","","","","","","99.9","99.1921157836914","99.2694702148438","99.3427505493164","97","99.6","99.7","99.8","99.9","100","100","99.8","100","100","100","100","99.8","100","100","100","100","100","100","100","100","100","100","100","100","","",
"Kenya","KEN","Access to electricity (% of population)","EG.ELC.ACCS.ZS","","","","","","","","","","","","","","","","","","","","","","","","","","","","","","","","","","10.9","3.47343683242798","5.42734336853027","7.37853050231934","9.32631778717041","14.5","13.2088918685913","15.2","17","18.9","16","22.6","24.5","26.4","28.3","30.3","23","19.2","36.2","38.1","40.1","36","41.6","53.1","55.8","61.2","69.7","71.5","76.5","76","76.2","","",
"Kyrgyz Republic","KGZ","Access to electricity (% of population)","EG.ELC.ACCS.ZS","","","","","","","","","","","","","","","","","","","","","","","","","","","","","","","","","","","","","","99.8","99.553825378418","99.5655822753906","99.6","99.5","100","99.4","99.3","99.4","98.9","99.5","99.5","99.5","99","98.3","99.8","98.9","99.8","98.7","99.7","100","100","99.9","99.9","99.7","99.7","100","","",
"Cambodia","KHM","Access to electricity (% of population)","EG.ELC.ACCS.ZS","","","","","","","","","","","","","","","","","","","","","","","","","","","","","","","","","","","","","","","18.67","8.82003688812256","16.6","9.5","13.1","19.3","14.2","20.5","27.5","20.2","26.4","25.6","31.1","37.4","42.3","50.9","56.1","62.7","68.8","89.1","80.7","84","86.4","82.5","92.3","95","","",
"Kiribati","KIR","Access to electricity (% of population)","EG.ELC.ACCS.ZS","","","","","","","","","","","","","","","","","","","","","","","","","","","","","","","","","","","","","","","","","55.6","57.3","59","60.7","62.4","69.7","68.8","67.7","69.4","64.2","63.2","74.9","76.7","78.8","83.4","90.6","92.6","85.7","87.5","89.3","91","92.8","94.4","95.9","","",
"St. Kitts and Nevis","KNA","Access to electricity (% of population)","EG.ELC.ACCS.ZS","","","","","","","","","","","","","","","","","","","","","","","","","","","","","","","91.3068161010742","91.6711730957031","92.0354309082031","92.3990020751953","92.7612075805664","93.1213836669922","93.4788360595703","93.8328857421875","94.182861328125","94.5279922485352","95.4","93.5","95.8","96","96.3","96.5","96.7","97","97.3","97.6","99.8","100","100","100","100","100","100","100","100","100","100","100","100","100","","",
"Korea, Rep.","KOR","Access to electricity (% of population)","EG.ELC.ACCS.ZS","","","","","","","","","","","","","","","","","","","","","","","","","","","","","","","99.8828430175781","99.9126739501953","99.9422149658203","99.9694366455078","99.9891204833984","100","100","100","100","100","100","100","100","100","100","100","100","100","100","100","100","100","100","100","100","100","100","100","100","100","100","100","100","100","","",
"Kuwait","KWT","Access to electricity (% of population)","EG.ELC.ACCS.ZS","","","","","","","","","","","","","","","","","","","","","","","","","","","","","","","100","100","100","100","100","100","100","100","100","100","100","100","100","100","100","100","100","100","100","100","100","100","100","100","100","100","100","100","100","100","100","100","100","100","","",
"Latin America & Caribbean (excluding high income)","LAC","Access to electricity (% of population)","EG.ELC.ACCS.ZS","","","","","","","","","","","","","","","","","","","","","","","","","","","","","","","","","87.8774873920044","88.5479744389736","89.5397421502771","87.7370113065908","88.8342901450974","89.2929677841475","89.9560300630981","90.6211981952763","91.0752933457569","91.6904405030152","92.0423596677612","92.2645525611602","92.689959545234","93.04014702185","93.7685069423419","94.0663055310297","94.8911389721167","95.0660550330478","95.5656140241753","95.9136719967164","96.2882383879193","96.6272723274953","96.7821493871975","97.0444842543207","97.2783725152738","97.5494520001496","97.5550235798694","97.83219501534","97.9857774825804","98.1210875680183","98.4626020716217","98.2687443423624","","",
"Lao PDR","LAO","Access to electricity (% of population)","EG.ELC.ACCS.ZS","","","","","","","","","","","","","","","","","","","","","","","","","","","","","","","","","","31","25.6057929992676","25","31.2476997375488","34.0638961791992","36.8760108947754","39.6832847595215","42.6","45.3","46.3","48","53.5","57.2","57","55","66","67.4","70.2","70","76.4","79.3","82.5","89.7","89","93.6","92.9","98.4","99.3","100","100","96.5","","",
"Lebanon","LBN","Access to electricity (% of population)","EG.ELC.ACCS.ZS","","","","","","","","","","","","","","","","","","","","","","","","","","","","","","","","","","","","","","","","","99.3","99.3","99.3","99.2","99.9","99.2","99.4","97.8","99.9","99.3","99.5","99.7","99.5","99.6","99.7","99.7","99.8","99.9","99.7","100","100","100","100","100","","",
"Liberia","LBR","Access to electricity (% of population)","EG.ELC.ACCS.ZS","","","","","","","","","","","","","","","","","","","","","","","","","","","","","","","","","","","","","","","","","","","","","","","","3","1.3","1.9","5.3","4.1","9.3","9.8","9.4","15.2","17.7","24.2","22.8","23.1","27.6","29.8","31.8","32.5","","",
"Libya","LBY","Access to electricity (% of population)","EG.ELC.ACCS.ZS","","","","","","","","","","","","","","","","","","","","","","","","","","","","","","","","","","","","","","","","","99.8","96.9","95.2","93.5","91.8","90.1","88.4","86.8","85.1","83.5","81.9","80.3","78.7","77.1","75.5","73.8","72.2","70.6","67","68.5","69.4","70.2","70","73.2","","",
"St. Lucia","LCA","Access to electricity (% of population)","EG.ELC.ACCS.ZS","","","","","","","","","","","","","","","","","","","","","","","","","","","","","","","","","","","","","","","","","86","89.9","87.7","88.5","89.3","90.1","90.9","91.8","92.7","93.5","94.2","95.4","95.3","97.2","98.1","99","99.8","99.9","100","100","100","100","100","100","","",
"Latin America & Caribbean","LCN","Access to electricity (% of population)","EG.ELC.ACCS.ZS","","","","","","","","","","","","","","","","","","","","","","","","","","","","","","","","","88.7344813622263","89.343452335519","90.2410137033078","88.6212635966981","89.5762688445638","90.0309008765328","90.6482519055248","91.2576382948722","91.7360864277566","92.3325507733975","92.655446118845","92.7384088334582","93.2191410103356","93.5227442363084","94.2593346225013","94.4765421959323","95.2230808289009","95.4266624028369","95.8790049109191","96.1841031200508","96.569234553016","96.8646822286805","97.0540254170861","97.2847276074314","97.4783821342287","97.7105992174177","97.756715207991","97.9982113870485","98.1499942926253","98.2756305609279","98.5788786006825","98.4226177260083","","",
"Least developed countries: UN classification","LDC","Access to electricity (% of population)","EG.ELC.ACCS.ZS","","","","","","","","","","","","","","","","","","","","","","","","","","","","","","","","","","","","","","","","","20.2280542447191","20.9977554017227","22.9818079125835","24.5199238268639","24.9097194152985","26.2711807463561","29.1393924235058","29.352471209982","30.7412938067805","32.1444306248649","33.0164522875585","34.4991777686772","37.8232434782994","38.2306245326965","39.4878234772477","42.3127281274977","46.3458332429442","50.2044940868735","51.0874202600401","52.8787122662405","54.4736840146264","56.1055373553461","56.7383129284796","58.4341452966049","","",
"Low income","LIC","Access to electricity (% of population)","EG.ELC.ACCS.ZS","","","","","","","","","","","","","","","","","","","","","","","","","","","","","","","","","","","","","","","","","16.631872272008","18.1615625609917","18.6181369987831","20.3661253899854","20.9581597602251","20.9225715260673","22.9522639867575","24.4183216636459","23.4447318784019","24.9584480599723","26.4471371996466","27.6664094687004","30.0776466504548","31.0725397139029","33.4716403056895","33.0702183882953","36.4336124161591","38.1792563861523","39.6838027900568","40.7021444975815","41.7368456716846","43.015465793649","43.0060882829376","45.2721918756793","","",
"Liechtenstein","LIE","Access to electricity (% of population)","EG.ELC.ACCS.ZS","","","","","","","","","","","","","","","","","","","","","","","","","","","","","","","100","100","100","100","100","100","100","100","100","100","100","100","100","100","100","100","100","100","100","100","100","100","100","100","100","100","100","100","100","100","100","100","100","100","","",
"Sri Lanka","LKA","Access to electricity (% of population)","EG.ELC.ACCS.ZS","","","","","","","","","","","","","","","","","","","","","","","","","","","","","","","","","","","","","","","","","70.3","63.6","80.7","75","76.5","78.1","82.1","80","82.9","87.1","85.3","87.8","87","90.2","92.7","94.3","97.5","97.5","99.6","99.8","100","100","100","100","","",
"Lower middle income","LMC","Access to electricity (% of population)","EG.ELC.ACCS.ZS","","","","","","","","","","","","","","","","","","","","","","","","","","","","","","","","","","47.1481939771997","47.1086389483282","48.3438497628222","50.0543128873084","52.638270492466","55.5537586418071","58.0699417901764","58.1811157959563","59.3530302927695","60.3261071760978","62.7214572996984","62.5400415902315","65.248435602704","65.9772207361908","67.9437721090107","69.8332089052172","70.5839666200194","71.6877391821018","74.603675894421","75.1540848733681","77.1188804443074","78.2897096917029","80.658695354603","82.7167145232316","84.659238704957","86.9121805698534","87.6135221862236","88.3804143922632","90.555734236785","90.5768405981587","91.2680749757223","","",
"Low & middle income","LMY","Access to electricity (% of population)","EG.ELC.ACCS.ZS","","","","","","","","","","","","","","","","","","","","","","","","","","","","","","","","","","","","","","","","","73.562125845165","74.2857380015496","74.8149999966791","75.9629674314024","75.9638782207172","76.9875686095956","77.7787032314498","78.5860233254477","79.4746201146453","79.7439424772856","80.4697385791145","81.8904976048903","82.3434400406383","83.3205776475688","84.0197763138971","85.0403535635607","86.205662408907","87.2277670796171","88.3266471423387","88.6903151850414","89.015749732089","90.1519963114906","90.0927677222263","90.491567372195","","",
"Lesotho","LSO","Access to electricity (% of population)","EG.ELC.ACCS.ZS","","","","","","","","","","","","","","","","","","","","","","","","","","","","","","","","","","","","","","","","","4.3","1.3","3.4","5.4","6.8","9.6","9.7","13.9","16","17","17","22.5","20.6","26.9","27.8","31.8","35.1","33.7","47","44.6","47.5","50.4","50","57.3","","",
"Late-demographic dividend","LTE","Access to electricity (% of population)","EG.ELC.ACCS.ZS","","","","","","","","","","","","","","","","","","","","","","","","","","","","","","","","","","","","","","","","","95.2513038887096","95.9134985246953","96.2537074525688","96.4557227481915","96.7359835008107","97.1664597205879","97.8894700699554","97.6286750102813","97.9949263472304","97.6887829474675","98.3525114394724","98.6260218375387","98.7121889212507","98.8979674454125","99.0043394238424","98.7802217306047","99.1163496922603","99.2721123074965","99.2806763593238","99.3289771232339","99.3868589990754","99.4116181588713","99.4771148303382","99.457096381276","","",
"Lithuania","LTU","Access to electricity (% of population)","EG.ELC.ACCS.ZS","","","","","","","","","","","","","","","","","","","","","","","","","","","","","","","100","100","100","100","100","100","100","100","100","100","99.5","99.5","99.4","99.4","99.4","99.4","99.4","99.4","99.4","99.5","99.7","99.7","100","100","100","100","100","100","100","100","100","100","100","100","","",
"Luxembourg","LUX","Access to electricity (% of population)","EG.ELC.ACCS.ZS","","","","","","","","","","","","","","","","","","","","","","","","","","","","","","","100","100","100","100","100","100","100","100","100","100","100","100","100","100","100","100","100","100","100","100","100","100","100","100","100","100","100","100","100","100","100","100","100","100","","",
"Latvia","LVA","Access to electricity (% of population)","EG.ELC.ACCS.ZS","","","","","","","","","","","","","","","","","","","","","","","","","","","","","","","100","100","100","100","100","100","100","100","100","100","99.9","99.9","99.8","99.8","99.7","99.7","99.6","99.7","99.7","100","99.8","99.8","100","100","100","100","100","100","100","100","100","100","100","100","","",
"Macao SAR, China","MAC","Access to electricity (% of population)","EG.ELC.ACCS.ZS","","","","","","","","","","","","","","","","","","","","","","","","","","","","","","","99.8492813110352","99.8805847167969","99.9114303588867","99.9416198730469","100","100","100","100","100","100","100","100","100","100","100","100","100","100","100","100","100","100","100","100","100","100","100","100","100","100","100","100","100","100","","",
"St. Martin (French part)","MAF","Access to electricity (% of population)","EG.ELC.ACCS.ZS","","","","","","","","","","","","","","","","","","","","","","","","","","","","","","","100","100","100","100","100","100","100","100","100","100","100","99.9","99.9","99.8","99.8","99.7","99.7","99.7","99.7","99.7","100","100","100","100","100","100","100","100","100","100","100","100","100","100","","",
"Morocco","MAR","Access to electricity (% of population)","EG.ELC.ACCS.ZS","","","","","","","","","","","","","","","","","","","","","","","","","","","","","","","","","49.2","56.7726516723633","58.6088981628418","56.5","62.2745933532715","64.1026840209961","65.9266891479492","67.7458572387695","69.8","71.6","73.3","75.1","78.2","78.6","96.5","82.2","84.1","85.9","95.7","96.1","96.4","97.2","97.3","97.3","97.8","100","98.1","99.6","100","100","100","100","","",
"Monaco","MCO","Access to electricity (% of population)","EG.ELC.ACCS.ZS","","","","","","","","","","","","","","","","","","","","","","","","","","","","","","","100","100","100","100","100","100","100","100","100","100","100","100","100","100","100","100","100","100","100","100","100","100","100","100","100","100","100","100","100","100","100","100","100","100","","",
"Moldova","MDA","Access to electricity (% of population)","EG.ELC.ACCS.ZS","","","","","","","","","","","","","","","","","","","","","","","","","","","","","","","100","100","100","100","100","100","100","100","100","100","98.7","98.8","99","98.8","99.1","98.6","98.9","99","99.1","99.2","99.3","99.4","99.5","99.6","99.8","99.9","99.9","100","100","100","100","100","100","100","","",
"Madagascar","MDG","Access to electricity (% of population)","EG.ELC.ACCS.ZS","","","","","","","","","","","","","","","","","","","","","","","","","","","","","","","","","9.2","10.1056232452393","10.5616483688354","11.0156345367432","11.4669008255005","10.9","12.3585548400879","12.7975006103516","12.6","14.8","14","20.3","15.3","16","16.8","17.5","18.3","17.4","12.3","14.3","18.7","12.9","23","23.8","22.9","24.1","36.5","31","32","35.1","36.1","39.4","","",
"Maldives","MDV","Access to electricity (% of population)","EG.ELC.ACCS.ZS","","","","","","","","","","","","","","","","","","","","","","","","","","","","","","","","","","","","","","","","","83.8","87.5","88.3","89.1","90","90.9","91.7","92.6","93.6","99.9","99","99.1","99.2","99.4","100","99.8","100","99.8","100","100","100","100","100","100","","",
"Middle East, North Africa, Afghanistan & Pakistan","MEA","Access to electricity (% of population)","EG.ELC.ACCS.ZS","","","","","","","","","","","","","","","","","","","","","","","","","","","","","","","","","","","","","","","","","82.5699139042888","83.2791761702007","83.6085979368698","84.5846166554136","84.9804101170533","85.9579036662094","87.6565823004563","87.15191140522","88.0946609813966","88.74034285556","90.5608198614909","90.7761559347102","91.8541213665318","93.1479690416445","94.0320956677215","93.4360655461117","95.158764819742","96.0012431691978","94.9706861712286","96.0087072984602","96.2621204422818","96.4166690553693","95.8637945014964","96.4226367435274","","",
"Mexico","MEX","Access to electricity (% of population)","EG.ELC.ACCS.ZS","","","","","","","","","","","","","","","","","","","","","","","","","","","","","","","","","93.145981","95.4484634399414","95.238294","95.8944625854492","96.093624","96.3295822143555","96.092755","96.7482986450195","98","97.1","97.9","97.4","98.6","98.9","99.1","97.9","98.9","98.3","99.2","99","99.1","99.1","99.2","99","99.5","100","99.5","99.6","99.4","100","100","99.7","","",
"Marshall Islands","MHL","Access to electricity (% of population)","EG.ELC.ACCS.ZS","","","","","","","","","","","","","","","","","","","","","","","","","","","","","","","","","","","","","","","","68.5242358752702","68.6","70.1","71.5","72.9","74.3","75.7","77.2","72.3","80.2","81.7","89.4","89.9","90.4","90.9","91.5","92.1","92.7","93.8","95.3","96.8","98.3","99.8","100","100","","",
"Middle income","MIC","Access to electricity (% of population)","EG.ELC.ACCS.ZS","","","","","","","","","","","","","","","","","","","","","","","","","","","","","","","","","","","","","","","","","77.2241914464206","77.9432237654002","78.5549158338106","79.7289717841542","79.7506013869186","80.9114618782945","81.685538137335","82.6476038900689","83.7498298248935","84.2668974741851","84.9999537271052","86.5077282234945","86.8565606090893","87.8878167251911","88.4907385219607","89.6958037766237","90.7291286306228","91.7558824062698","92.8949172748869","93.2810806550699","93.6244047915351","94.8333917992069","94.8579251685419","95.1581054427171","","",
"North Macedonia","MKD","Access to electricity (% of population)","EG.ELC.ACCS.ZS","","","","","","","","","","","","","","","","","","","","","","","","","","","","","","","100","100","100","100","100","100","100","100","100","100","99","99","99","99","99.4","99.1","99","99.1","99.2","99.2","99.5","99.7","99.6","99.7","99.8","99.9","100","100","99.8","100","100","100","100","100","","",
"Mali","MLI","Access to electricity (% of population)","EG.ELC.ACCS.ZS","","","","","","","","","","","","","","","","","","","","","","","","","","","","","","","","","","","","","6.2","4.28854084014893","6.06686353683472","7.84034395217896","9.6","10.8","13","14.7","16.4","18.2","16.6","21.7","23.4","24","27","28.8","25.6","32.4","34.2","37.6","38.8","34.8","50.9","47.9","50.6","53.4","53","54.5","","",
"Malta","MLT","Access to electricity (% of population)","EG.ELC.ACCS.ZS","","","","","","","","","","","","","","","","","","","","","","","","","","","","","","","100","100","100","100","100","100","100","100","100","100","100","100","100","100","100","100","100","100","100","100","100","100","100","100","100","100","100","100","100","100","100","100","100","100","","",
"Myanmar","MMR","Access to electricity (% of population)","EG.ELC.ACCS.ZS","","","","","","","","","","","","","","","","","","","","","","","","","","","","","","","","","","","","","","","","","41.9","43","47","45.1","46.2","47.3","48.4","49.5","50.6","51.8","48.8","54.1","55.3","56.5","52","60.5","55.6","69.8","66.1","68.3","70.4","72.5","73.6","76.8","","",
"Middle East, North Africa, Afghanistan & Pakistan (excluding high income)","MNA","Access to electricity (% of population)","EG.ELC.ACCS.ZS","","","","","","","","","","","","","","","","","","","","","","","","","","","","","","","","","","","","","","","","","81.3700939457665","82.1041626354686","82.4339201108434","83.4603130572668","83.867411215778","84.9004337403584","86.7067349035165","86.1326479228012","87.1227921210742","87.8019637831563","89.7853987089534","90.0032683061914","91.1539591115329","92.5410186202545","93.4955408707138","92.8277634911895","94.704907124104","95.6230221837644","94.5093636648155","95.6437471934695","95.9173702775193","96.0956018888668","95.483714372763","96.0854287468734","","",
"Montenegro","MNE","Access to electricity (% of population)","EG.ELC.ACCS.ZS","","","","","","","","","","","","","","","","","","","","","","","","","","","","","","","100","100","100","100","100","100","100","100","100","100","99.1","99.1","99","99","99","99.8","99","99","99","99.1","99.2","99","99.3","99.7","97.7","99.5","99.6","100","100","100","99.9","99.8","100","100","","",
"Mongolia","MNG","Access to electricity (% of population)","EG.ELC.ACCS.ZS","","","","","","","","","","","","","","","","","","","","","","","","","","","","","","","","","","","","","","","","","67.3","71.7","72.8","76.3","74.8","86.2","77","78.1","79.2","80.3","78.5","72.1","83.7","81.2","86","88","90.8","93.6","98.1","98.9","99.5","100","100","100","","",
"Northern Mariana Islands","MNP","Access to electricity (% of population)","EG.ELC.ACCS.ZS","","","","","","","","","","","","","","","","","","","","","","","","","","","","","","","99.8532638549805","99.8843765258789","99.9150314331055","99.9449234008789","99.9716415405273","100","100","100","100","100","100","100","99.9","99.9","99.8","99.8","99.7","100","100","100","100","100","100","100","100","100","100","100","100","100","100","100","100","100","","",
"Mozambique","MOZ","Access to electricity (% of population)","EG.ELC.ACCS.ZS","","","","","","","","","","","","","","","","","","","","","","","","","","","","","","","","","","","","","","6.6","3.66317558288574","4.87912368774414","6.1","5.7","8.4","8.1","10.7","11.8","13","12.4","13.6","15","18.9","20.2","21.2","22.4","24.8","24","26.2","24.3","31.1","29.7","30.6","31.5","33.2","36","","",
"Mauritania","MRT","Access to electricity (% of population)","EG.ELC.ACCS.ZS","","","","","","","","","","","","","","","","","","","","","","","","","","","","","","","","","","","","","","","","","19.1","22.2","21.7","23","24.3","18.2","27","33","30","31.1","34.2","35.3","36.4","37.6","38.8","39.5","41.2","42.9","43.6","44.9","45.4","47.7","49","50.3","","",
"Mauritius","MUS","Access to electricity (% of population)","EG.ELC.ACCS.ZS","","","","","","","","","","","","","","","","","","","","","","","","","","","","","","","99.0415649414063","99.0706787109375","99.0996780395508","99.1280059814453","99.1549682617188","99.1798858642578","99.2020950317383","99.2208938598633","99.2356185913086","99.2455062866211","99","99.2","99.4","99.1","99","99","99","99","99","99","99.4","99.6","99.4","99.4","99.5","99.6","99.7","99.6","99.8","100","99.5","99.6","100","100","","",
"Malawi","MWI","Access to electricity (% of population)","EG.ELC.ACCS.ZS","","","","","","","","","","","","","","","","","","","","","","","","","","","","","","","","","3.2","1.55355584621429","2.01366138458252","2.47172713279724","2.92707347869873","3.37902021408081","3.82688760757446","4.26991271972656","4.8","5.2","5.6","6.2","6.9","6.6","3.7","7.4","7.8","8.3","8.7","7.6","7.4","9","11.9","10.8","11","12.7","18","11.2","11.5","14.2","14","15.6","","",
"Malaysia","MYS","Access to electricity (% of population)","EG.ELC.ACCS.ZS","","","","","","","","","","","","","","","","","","","","","","","","","","","","","","","","","","","","","","","","","98.6","98.6","98.6","98.7","98.7","98.7","98.8","98.9","99","99.3","99.5","99.5","99.8","99.6","99.7","99.9","99.9","100","100","100","100","100","100","100","","",
"North America","NAC","Access to electricity (% of population)","EG.ELC.ACCS.ZS","","","","","","","","","","","","","","","","","","","","","","","","","","","","","","","100","100","100","100","100","100","100","100","100","100","100","100","100","100","100","100","100","100","100","100","100","100","100","100","100","100","100","100","100","100","100","100","100","100","","",
"Namibia","NAM","Access to electricity (% of population)","EG.ELC.ACCS.ZS","","","","","","","","","","","","","","","","","","","","","","","","","","","","","","","","","26.4","27","28.9325885772705","29.9521484375","30.9689884185791","31.9824295043945","32.9917907714844","33.9963111877441","36.5","36","36.9","37.8","38.7","39.6","40.5","43.7","42.4","44.1","44.4","42.3","46.4","47.4","48.4","51.6","49.7","52.5","52.3","53.3","52.3","55.2","56.2","56.7","","",
"New Caledonia","NCL","Access to electricity (% of population)","EG.ELC.ACCS.ZS","","","","","","","","","","","","","","","","","","","","","","","","","","","","","","","99.8443069458008","99.8758163452148","99.906867980957","99.937255859375","99.9650802612305","100","100","100","100","100","100","100","100","100","100","100","100","100","100","100","100","100","100","100","100","100","100","100","100","100","100","100","100","100","","",
"Niger","NER","Access to electricity (% of population)","EG.ELC.ACCS.ZS","","","","","","","","","","","","","","","","","","","","","","","","","","","","","","","","","4.4","4.01213979721069","4.57177639007568","6.2","7","6.23572778701782","6.7","7.32568216323853","6.5","8.4","8.8","9.3","9.7","7.1","9.3","11.2","11.8","12.3","13.6","14.3","14.4","15.2","15.7","16.6","17","17.6","17.6","18.5","18.7","18.6","19.5","20.1","","",
"Nigeria","NGA","Access to electricity (% of population)","EG.ELC.ACCS.ZS","","","","","","","","","","","","","","","","","","","","","","","","","","","","","","","27.3","35.2346000671387","36.0994606018066","36.9636459350586","37.8264694213867","38.6872520446777","39.5453186035156","40.3999824523926","41.2505683898926","44.9","43.2","43.9","44.6","52.2","46.1","46.8","47.6","50.1","50.3","50","48","55.9","53","55.6","54.2","52.5","59.3","54.4","56.5","55.4","55.4","59.5","60.5","61.2","","",
"Nicaragua","NIC","Access to electricity (% of population)","EG.ELC.ACCS.ZS","","","","","","","","","","","","","","","","","","","","","","","","","","","","","","","","","","72.064174","69.2538299560547","69.8499069213867","70.4432601928711","71.0332107543945","69.047103","72.2001266479492","73","72.2","74.1","74.6","75.2","73.8","76.3","76.9","77.5","77.9","80.1","81.2","81.3","81.9","81.9","83.2","83.9","84.6","85.2","85.7","86","86.3","86.5","88.3","","",
"Netherlands","NLD","Access to electricity (% of population)","EG.ELC.ACCS.ZS","","","","","","","","","","","","","","","","","","","","","","","","","","","","","","","100","100","100","100","100","100","100","100","100","100","100","100","100","100","100","100","100","100","100","100","100","100","100","100","100","100","100","100","100","100","100","100","100","100","","",
"Norway","NOR","Access to electricity (% of population)","EG.ELC.ACCS.ZS","","","","","","","","","","","","","","","","","","","","","","","","","","","","","","","100","100","100","100","100","100","100","100","100","100","100","100","100","100","100","100","100","100","100","100","100","100","100","100","100","100","100","100","100","100","100","100","100","100","","",
"Nepal","NPL","Access to electricity (% of population)","EG.ELC.ACCS.ZS","","","","","","","","","","","","","","","","","","","","","","","","","","","","","","","","","","","","","17.9","18.1328678131104","21.7325325012207","25.3273544311523","29.9","24.6","36.4","39.6","37.2","46.1","51.2","52.6","56","59.3","68.6","67.3","75.2","77.4","84.9","82","90.7","86.6","93.9","89.9","89.9","89.9","91.3","94","","",
"Nauru","NRU","Access to electricity (% of population)","EG.ELC.ACCS.ZS","","","","","","","","","","","","","","","","","","","","","","","","","","","","","","","98.9990844726563","99.0413055419922","99.0834197998047","99.1248550415039","99.164924621582","99.2029571533203","99.2382659912109","99.2701797485352","99.2980117797852","99.3210067749023","99.1","99","99","99","99","99","99","99.8","99.1","99.1","99.2","99","99.4","99.4","99.5","99","99.7","99.8","99.9","100","100","100","100","100","","",
"New Zealand","NZL","Access to electricity (% of population)","EG.ELC.ACCS.ZS","","","","","","","","","","","","","","","","","","","","","","","","","","","","","","","100","100","100","100","100","100","100","100","100","100","100","100","100","100","100","100","100","100","100","100","100","100","100","100","100","100","100","100","100","100","100","100","100","100","","",
"OECD members","OED","Access to electricity (% of population)","EG.ELC.ACCS.ZS","","","","","","","","","","","","","","","","","","","","","","","","","","","","","","","99.5478013270207","99.6454283887245","99.1258212322376","99.324175746866","99.3132420696542","99.3143991104613","99.3918575983826","99.4238772416254","99.4211501461428","99.474356572683","99.6355291285159","99.6605225869064","99.6034955899274","99.5827208408458","99.666228773057","99.7390734427573","99.7396526812623","99.6287855276073","99.7439647923726","99.6917727585994","99.8076262147082","99.7872116882093","99.8129467749549","99.8350316663745","99.8480258810507","99.8393577437036","99.8959370066929","99.9408590340957","99.8987734342049","99.9400725167424","99.9329794930067","100","100","99.9229486259415","","",
"Oman","OMN","Access to electricity (% of population)","EG.ELC.ACCS.ZS","","","","","","","","","","","","","","","","","","","","","","","","","","","","","","","100","100","100","100","100","100","100","100","100","100","100","100","100","100","100","99.9","99.9","100","100","100","100","100","100","100","100","100","100","100","100","100","100","100","100","100","","",
"Other small states","OSS","Access to electricity (% of population)","EG.ELC.ACCS.ZS","","","","","","","","","","","","","","","","","","","","","","","","","","","","","","","","","","","","","","","","","71.119393429134","72.8655376367779","72.1259448622127","73.1695370111875","74.5260416028874","75.7984756834167","76.1827098373868","77.6573850936105","78.4662641033856","78.9212198624386","79.8432778556983","82.3763169043455","83.2159663044917","84.0687457795863","85.5436919645938","86.4520330481869","87.8544041310444","89.3280026877149","90.472453074168","91.8035513133262","92.8384985004429","93.8560728212473","93.9605317818207","94.4954692175265","","",
"Pakistan","PAK","Access to electricity (% of population)","EG.ELC.ACCS.ZS","","","","","","","","","","","","","","","","","","","","","","","","","","","","","","","","","","","","","","","70.46","70.2653503417969","72.8","73.9","74.9","76","77","78.1","79.1","80.2","81.4","82.5","87.1","87.8","88.6","89.3","90.1","91","91.8","92.7","93.4","93.9","94.5","94.9","95","95.6","","",
"Panama","PAN","Access to electricity (% of population)","EG.ELC.ACCS.ZS","","","","","","","","","","","","","","","","","","","","","","","","","","","","","","","70.19","73.4431304931641","74.2556381225586","75.0674591064453","75.8779220581055","76.6863403320313","77.4920425415039","78.2943496704102","79.0925750732422","79.8859558105469","81.4","81.5","82.1","87.8","83.4","84.1","84.8","85.5","86.3","87","86.9","88.6","89.3","89.1","90.8","91.6","92.4","93.7","93.8","93.9","95.3","95.3","95","97","","",
"Peru","PER","Access to electricity (% of population)","EG.ELC.ACCS.ZS","","","","","","","","","","","","","","","","","","","","","","","","","","","","","","","","","70.1","64.7489929199219","66.0529327392578","67.3548355102539","67","69.16024","72.072063","74.078523","72.5","72.1","74.4","74.4","75.7","77.2","80.2","82","84.7","86.4","88.1","89.7","91.1","92.1","92.9","93.9","94.2","94.8","95.2","95.6","96.2","95.6","96.2","96.2","","",
"Philippines","PHL","Access to electricity (% of population)","EG.ELC.ACCS.ZS","","","","","","","","","","","","","","","","","","","","","","","","","","","","","","","","","","65.4","68.0185546875","69.1331176757813","70.2449569702148","71.3533935546875","71.3","71.8741709275167","74.7","75.7","76.7","76.6","87.6","79.8","80.2","82","83.3","84.3","85.5","87.2","87.1","87.5","89.8","89.1","92","93","94.2","95.3","96.4","97.5","94.8","98","","",
"Palau","PLW","Access to electricity (% of population)","EG.ELC.ACCS.ZS","","","","","","","","","","","","","","","","","","","","","","","","","","","","","","","96.6253509521484","96.7627029418945","96.8999328613281","97.036491394043","97.1716842651367","97.3048400878906","97.4352722167969","97.5623092651367","97.6852645874023","97.8033752441406","97.9","98","98","98.1","98.1","98.9","98.3","98.4","98.5","98.6","98.8","98.9","97.6","99.2","99.8","99.5","100","100","100","100","100","100","100","100","","",
"Papua New Guinea","PNG","Access to electricity (% of population)","EG.ELC.ACCS.ZS","","","","","","","","","","","","","","","","","","","","","","","","","","","","","","","","","","","","","11","2.15848255157471","4.29508972167969","6.42685508728027","12.4","12.7","13.1","13.4","13.8","14.1","12.4","14.9","15.3","17.2","19.5","17.3","17.5","17.8","18.1","18.4","13.5","19.2","16.6","23.6","20.5","20.9","19","20.5","","",
"Poland","POL","Access to electricity (% of population)","EG.ELC.ACCS.ZS","","","","","","","","","","","","","","","","","","","","","","","","","","","","","","","100","100","100","100","100","100","100","100","100","100","100","100","100","99.9","99.9","99.8","99.8","99.8","99.8","100","100","100","100","100","100","100","100","100","100","100","100","100","100","100","","",
"Pre-demographic dividend","PRE","Access to electricity (% of population)","EG.ELC.ACCS.ZS","","","","","","","","","","","","","","","","","","","","","","","","","","","","","","","","","","","","","","23.085814386224","23.7713152884466","25.0269096398681","24.8722822039397","26.1849909731365","27.0118794606105","29.5031181521788","29.0143767372426","29.7529505923948","31.0199911874381","32.3531972155593","32.158342929062","32.2395611082164","32.7196037224137","36.1231407415373","37.5016010934048","38.4111244155347","39.8940402562397","40.1196686715573","44.6718700054727","44.3587801999364","47.1055374833379","47.5891649924098","48.3865766205334","50.5171178994713","51.1433191693417","52.5309883201788","","",
"Puerto Rico (US)","PRI","Access to electricity (% of population)","EG.ELC.ACCS.ZS","","","","","","","","","","","","","","","","","","","","","","","","","","","","","","","99.9834289550781","99.9930953979492","99.9986190795898","100","100","100","100","100","100","100","100","100","100","100","100","100","100","100","100","100","100","100","100","100","100","100","100","100","100","100","100","100","100","100","","",
"Korea, Dem. People's Rep.","PRK","Access to electricity (% of population)","EG.ELC.ACCS.ZS","","","","","","","","","","","","","","","","","","","","","","","","","","","","","","","","","","","","","","","","","","","","","","","","","","26","29.3","31.4","33.6","35.7","37.8","40","42.1","44.2","46.3","48.4","50.5","52.6","54.7","57.5","","",
"Portugal","PRT","Access to electricity (% of population)","EG.ELC.ACCS.ZS","","","","","","","","","","","","","","","","","","","","","","","","","","","","","","","100","100","100","100","100","100","100","100","100","100","100","100","100","100","100","100","100","100","100","100","100","100","100","100","100","100","100","100","100","100","100","100","100","100","","",
"Paraguay","PRY","Access to electricity (% of population)","EG.ELC.ACCS.ZS","","","","","","","","","","","","","","","","","","","","","","","","","","","","","","","","","","","","77.469114","86.2600555419922","86.412854","87.7623672485352","88.518177","89.6","91","91.7","92.6","93.2","94.7","96.7","96.5","96.7","96.9","97.4","98.2","97.8","99","99","99.3","98.4","99.3","99.6","99.7","99.7","100","100","99.8","","",
"West Bank and Gaza","PSE","Access to electricity (% of population)","EG.ELC.ACCS.ZS","","","","","","","","","","","","","","","","","","","","","","","","","","","","","","","","","","","","","","97.9","98.5392990112305","98.6231536865234","99.7","99.1","99.2","99.1","99.5","99.6","99.7","98.8","99.8","99.9","99.9","99.7","99.8","99.9","99.9","99.9","100","99.9","100","100","100","100","100","100","","",
"Pacific island small states","PSS","Access to electricity (% of population)","EG.ELC.ACCS.ZS","","","","","","","","","","","","","","","","","","","","","","","","","","","","","","","","","","","","","","","","56.9114246772576","55.2875180803359","56.6328134447056","58.333247934756","59.4337402008496","60.6186578451227","62.2414370499196","61.6671146830488","63.9376929353584","67.26129946415","64.8201897407066","71.7961252713048","72.8044582293327","73.8316460480866","72.6617984322668","76.5754031125716","78.5477895035505","79.9083422592839","82.1041734677982","82.69782730903","84.3434350882329","86.1939811336602","85.6708178235478","85.7923885063867","88.8705713618501","","",
"Post-demographic dividend","PST","Access to electricity (% of population)","EG.ELC.ACCS.ZS","","","","","","","","","","","","","","","","","","","","","","","","","","","","","","","99.994396586414","99.9957506180665","99.997093795937","99.9983399457616","99.9992630205594","99.9997675203638","99.9997759815837","99.9997844908339","99.9997932730016","99.9998023209135","99.7150166440245","99.7255593140198","99.7316007227745","99.7555451096394","99.7721994027259","99.8064210710187","99.8027859638569","99.8304977478949","99.8432655331659","99.8622101103662","99.8801524112079","99.8927586055928","99.9029465280479","99.9188837330364","99.9320556700364","99.9447341881081","99.9577816688383","99.9711225773329","99.9821644449028","99.9932424809452","99.9972400863322","99.9988344256857","100","100","","",
"French Polynesia","PYF","Access to electricity (% of population)","EG.ELC.ACCS.ZS","","","","","","","","","","","","","","","","","","","","","","","","","","","","","","","100","100","100","100","100","100","100","100","100","100","100","100","100","100","100","100","100","100","100","100","100","100","100","100","100","100","100","100","100","100","100","100","100","100","","",
"Qatar","QAT","Access to electricity (% of population)","EG.ELC.ACCS.ZS","","","","","","","","","","","","","","","","","","","","","","","","","","","","","","","100","100","100","100","100","100","100","100","100","100","100","100","100","100","100","100","100","100","100","100","100","100","100","100","100","100","100","100","100","100","100","100","100","100","","",
"Romania","ROU","Access to electricity (% of population)","EG.ELC.ACCS.ZS","","","","","","","","","","","","","","","","","","","","","","","","","","","","","","","100","100","100","100","100","100","100","100","100","100","94.4","94.6","94.9","95.1","95.3","95.6","95.9","96.1","96.5","96.8","97.1","97.4","97.8","98.1","98.4","98.8","99.1","100","99.8","100","100","100","100","100","","",
"Russian Federation","RUS","Access to electricity (% of population)","EG.ELC.ACCS.ZS","","","","","","","","","","","","","","","","","","","","","","","","","","","","","","","100","100","100","100","100","100","100","100","100","100","97.8","97.9","97.9","97.9","98","98","98.1","98.2","98.3","98.4","99.3","99.2","100","100","100","95.5","99.4","100","100","99.8","99.9","100","100","100","","",
"Rwanda","RWA","Access to electricity (% of population)","EG.ELC.ACCS.ZS","","","","","","","","","","","","","","","","","","","","","","","","","","","","","","","","","2.3","","","","","1.02783596515656","2.17412757873535","3.31557703018188","6.2","4.7","6","7.4","8.7","4.8","11.4","12.8","6","15.6","9.7","10.8","17.5","15.2","19.8","22.8","29.4","34.1","38","46.6","45.2","48.7","50.6","63.9","","",
"South Asia","SAS","Access to electricity (% of population)","EG.ELC.ACCS.ZS","","","","","","","","","","","","","","","","","","","","","","","","","","","","","","","","","","46.5639839682946","46.182183503465","47.6646821855425","48.7664992694092","50.2960104925638","52.2303738805993","56.0177412007675","56.7664729200241","58.3485213159577","59.415783976672","62.3411030558805","61.4842830339197","65.8536460162923","65.9250452204119","69.284881859242","71.778258866002","72.9865860973521","74.0765736340237","77.3091651585732","78.4195444509049","80.847453203069","82.8480224291431","86.5327784624672","88.3184480403398","91.3983728307397","94.8192024055978","95.4698953988653","96.4013617397441","99.3693129133951","99.0895114731934","99.4087889697405","","",
"Saudi Arabia","SAU","Access to electricity (% of population)","EG.ELC.ACCS.ZS","","","","","","","","","","","","","","","","","","","","","","","","","","","","","","","100","100","100","100","100","100","100","100","100","100","100","100","100","100","100","100","100","100","100","100","100","100","100","100","100","100","99.9","100","99.9","100","100","100","100","100","","",
"Sudan","SDN","Access to electricity (% of population)","EG.ELC.ACCS.ZS","","","","","","","","","","","","","","","","","","","","","","","","","","","","","","","32.8","26.9192943572998","27.4086132049561","27.897253036499","28.3845348358154","28.8697834014893","29.35231590271","29.8314571380615","30.3065280914307","30.7767562866211","23","29.4","29.7","29.9","30.2","30.5","30.8","31.1","20","29","36","38.3","40.7","43.1","44.9","48","50.5","53","55.3","57.6","59.7","61.8","63.2","66","","",
"Senegal","SEN","Access to electricity (% of population)","EG.ELC.ACCS.ZS","","","","","","","","","","","","","","","","","","","","","","","","","","","","","","","","","","26","27.190486907959","28.8571910858154","30.5211772918701","32.2","33.8382682800293","36.2","37.7","38.9","36.8","41.9","36.8","47.1","49.9","48.1","49.7","53.5","56.5","56.5","56.5","57","61","60.5","64.5","61.7","66","70.4","64.3","68","67.9","74.2","","",
"Singapore","SGP","Access to electricity (% of population)","EG.ELC.ACCS.ZS","","","","","","","","","","","","","","","","","","","","","","","","","","","","","","","100","100","100","100","100","100","100","100","100","100","100","100","100","100","100","100","100","100","100","100","100","100","100","100","100","100","100","100","100","100","100","100","100","100","","",
"Solomon Islands","SLB","Access to electricity (% of population)","EG.ELC.ACCS.ZS","","","","","","","","","","","","","","","","","","","","","","","","","","","","","","","","","","","","","","","","15.7","4.7","7.6","10.5","13.4","16.3","19.2","14.4","12.9","28.1","21.2","35.4","39.1","42.9","44.7","50.5","55.1","58.2","62.9","65.8","69.4","72.9","76.3","76","81.3","","",
"Sierra Leone","SLE","Access to electricity (% of population)","EG.ELC.ACCS.ZS","","","","","","","","","","","","","","","","","","","","","","","","","","","","","","","","","","","","","","","","","7.7","8.5","9.2","9.9","16.8","11.3","12.2","13","12.1","14.6","11.5","14.2","17.2","13.5","18.8","19.7","20.3","23.4","26.1","22.7","26.3","27.5","29.4","35.5","","",
"El Salvador","SLV","Access to electricity (% of population)","EG.ELC.ACCS.ZS","","","","","","","","","","","","","","","","","","","","","","","","","","","","","","","","69.60788","75.3321914672852","76.2761383056641","77.2187194824219","76.995504","77.883","80.0315170288086","81.637983","79.129592","84.5","87.1","87.5","87","87.4","87.5","89.2","91.1","91","91.1","91.6","92.6","93.7","95","95.1","95.4","96","96.8","97","97.4","99.7","97.9","100","98.3","","",
"San Marino","SMR","Access to electricity (% of population)","EG.ELC.ACCS.ZS","","","","","","","","","","","","","","","","","","","","","","","","","","","","","","","100","100","100","100","100","100","100","100","100","100","100","100","100","100","100","100","100","100","100","100","100","100","100","100","100","100","100","100","100","100","100","100","100","100","","",
"Somalia, Fed. Rep.","SOM","Access to electricity (% of population)","EG.ELC.ACCS.ZS","","","","","","","","","","","","","","","","","","","","","","","","","","","","","","","","","","","","","","","","","2.1","4.7","7.4","9.8","12.4","15","15.2","20.2","22.9","25.5","52.3","52","51.8","51.5","51.4","51.2","51.1","52.1","50.7","49.2","49.9","49.3","48.9","50.3","","",
"Serbia","SRB","Access to electricity (% of population)","EG.ELC.ACCS.ZS","","","","","","","","","","","","","","","","","","","","","","","","","","","","","","","100","100","100","100","100","100","100","100","100","100","99.9","99.8","100","99.7","99.6","99.7","99.6","99.6","99.6","99.6","99.7","99.7","99.8","99.9","99.7","99.9","99.9","100","100","99.8","100","100","100","100","","",
"Sub-Saharan Africa (excluding high income)","SSA","Access to electricity (% of population)","EG.ELC.ACCS.ZS","","","","","","","","","","","","","","","","","","","","","","","","","","","","","","","","","","","","","28.5005514724652","28.3528465156675","28.5492244891371","30.1292804705008","27.143926478685","27.9421737704008","29.0627151756805","31.4003762022707","30.9658946882782","31.0879348122037","32.6279350503343","33.8820874113135","33.5654241279205","33.6235609112731","34.210425330409","37.3485816035098","37.6472467808928","38.8415744954024","39.6059458734454","40.343402663759","43.9294742312831","43.6966106335647","46.5941222062837","47.1016223972235","48.2508517332199","50.2501732333213","51.1489934048537","53.0069667981858","","",
"South Sudan","SSD","Access to electricity (% of population)","EG.ELC.ACCS.ZS","","","","","","","","","","","","","","","","","","","","","","","","","","","","","","","","","","","","","","","","","","","","","","","","0.8","1.3","3","1.5","2.8","3.3","3.8","4.3","4.8","5.3","4.2","6.3","6.8","7.3","7.7","8.4","5.4","","",
"Sub-Saharan Africa","SSF","Access to electricity (% of population)","EG.ELC.ACCS.ZS","","","","","","","","","","","","","","","","","","","","","","","","","","","","","","","","","","","","","28.5123843828767","28.3636336834061","28.559880608979","30.139506983609","25.700773726639","26.1606628026781","27.3364835483685","29.5928962069565","29.3700290990251","29.3529629714108","31.2016431937493","32.517987745478","32.4033521062592","32.6264486462032","33.3352475874151","35.9008197096736","36.7762778723704","38.0320042025018","38.3544769303453","39.1996500160838","43.8301651403807","43.7628194566177","46.4166752425457","47.1974168154517","48.5450389491045","50.6566448640617","51.5873775845363","53.2558710664349","","",
"Small states","SST","Access to electricity (% of population)","EG.ELC.ACCS.ZS","","","","","","","","","","","","","","","","","","","","","","","","","","","","","","","","","","","","","","","","83.6755112496449","73.4058709330824","75.1545680906373","74.9680247255988","75.7916539602274","76.8496925221964","77.6783676254051","78.1006771419422","79.5807349251648","80.5950689227549","80.4229826422579","82.199729744185","83.906240710336","84.8243310625176","85.2704808451356","86.7735637831097","87.6813928879402","88.8486713357501","90.1550278534803","90.9647335432231","92.0919222790738","93.1195945831784","93.7468179373385","93.8522236444989","94.7947483488559","","",
"Sao Tome and Principe","STP","Access to electricity (% of population)","EG.ELC.ACCS.ZS","","","","","","","","","","","","","","","","","","","","","","","","","","","","","","","","","","","","","","","","","52.9","51.5","52.5","53.6","54.7","55.8","56.9","58","59.1","56.9","61.4","62.6","57.9","65","68.6","67.3","69.4","74.3","71","75.1","76.8","78.5","78","81.3","","",
"Suriname","SUR","Access to electricity (% of population)","EG.ELC.ACCS.ZS","","","","","","","","","","","","","","","","","","","","","","","","","","","","","","","","","","","","","","","","99.62406","95.4","95.3","95.2","95.1","95","94.9","91","94.7","94.7","94.6","91.2","94.6","94.6","94.6","94.6","95","95.8","96.6","97.4","97.9","98.4","98.8","99","99.6","","",
"Slovak Republic","SVK","Access to electricity (% of population)","EG.ELC.ACCS.ZS","","","","","","","","","","","","","","","","","","","","","","","","","","","","","","","100","100","100","100","100","100","100","100","100","100","100","100","100","100","100","99.9","99.9","100","100","100","100","100","100","100","100","100","100","100","100","100","100","100","100","100","","",
"Slovenia","SVN","Access to electricity (% of population)","EG.ELC.ACCS.ZS","","","","","","","","","","","","","","","","","","","","","","","","","","","","","","","100","100","100","100","100","100","100","100","100","100","100","100","100","100","100","100","100","100","100","100","100","100","100","100","100","100","100","100","100","100","100","100","100","100","","",
"Sweden","SWE","Access to electricity (% of population)","EG.ELC.ACCS.ZS","","","","","","","","","","","","","","","","","","","","","","","","","","","","","","","100","100","100","100","100","100","100","100","100","100","100","100","100","100","100","100","100","100","100","100","100","100","100","100","100","100","100","100","100","100","100","100","100","100","","",
"Eswatini","SWZ","Access to electricity (% of population)","EG.ELC.ACCS.ZS","","","","","","","","","","","","","","","","","","","","","","","","","","","","","","","","","","","","","","","","","20.4","26.9","25.9","28.7","31.4","34.2","35.2","39.8","42.6","38.6","45.6","51.2","54.3","57.5","65","64.1","63.4","73.5","74","77","80","82.9","82.3","86.4","","",
"Sint Maarten (Dutch part)","SXM","Access to electricity (% of population)","EG.ELC.ACCS.ZS","","","","","","","","","","","","","","","","","","","","","","","","","","","","","","","100","100","100","100","100","100","100","100","100","100","100","99.9","99.9","99.8","99.8","99.7","99.7","99.7","99.7","99.7","100","100","100","100","100","100","100","100","100","100","100","100","100","100","","",
"Seychelles","SYC","Access to electricity (% of population)","EG.ELC.ACCS.ZS","","","","","","","","","","","","","","","","","","","","","","","","","","","","","","","","","","","90","92.1736526489258","92.552490234375","92","93.2992935180664","93.6658096313477","94.1","94.4","96.1","94.9","95.2","95.5","99","96.1","96.5","96.8","97","98.1","98.3","98","100","100","100","100","100","100","100","100","100","100","","",
"Syrian Arab Republic","SYR","Access to electricity (% of population)","EG.ELC.ACCS.ZS","","","","","","","","","","","","","","","","","","","","","","","","","","","","","","","","","","","","","","","","","93.4","93.1","86.6","92.6","92.3","92","99.5","91.5","91.3","91.1","92.7","91.5","90.7","90.4","90.2","90","89.8","89.6","86","89.2","89","88.8","89","88.4","","",
"Turks and Caicos Islands","TCA","Access to electricity (% of population)","EG.ELC.ACCS.ZS","","","","","","","","","","","","","","","","","","","","","","","","","","","","","","","88.7","91.0539093017578","91.4391174316406","91.8236465454102","92.2068176269531","92.5879440307617","92.9663467407227","93.3413619995117","93.712287902832","94.0783767700195","95.6","94.9","95.2","95.4","95.7","96","96.2","96.6","96.9","100","100","100","93.1","100","100","100","100","100","100","100","99.4","100","99.9","100","","",
"Chad","TCD","Access to electricity (% of population)","EG.ELC.ACCS.ZS","","","","","","","","","","","","","","","","","","","","","","","","","","","","","","","","","","","","","","2.3","2.42038726806641","2.80621337890625","3.1","3.4","3.8","4.1","3.5","4.8","5.1","5.5","5.9","6.3","6.4","9","7.8","8.1","8.4","7.7","9.2","10.9","10.1","8.4","10.9","11.3","11.7","12","","",
"East Asia & Pacific (IDA & IBRD countries)","TEA","Access to electricity (% of population)","EG.ELC.ACCS.ZS","","","","","","","","","","","","","","","","","","","","","","","","","","","","","","","","","","","","","","","","","91.1382617877496","91.6799157877188","92.1533732164058","92.3781448783281","93.2661505857218","92.8453973742828","94.0415260035912","94.0514635510722","94.6719920462074","95.3078523738531","95.898601883303","96.4018892391827","96.5865908716016","96.8583126264425","97.0127423122849","97.3350470103173","97.4026392373466","98.1121893727336","98.0512297506321","98.2647901194399","98.1521712499121","98.5259377999818","98.5687468444318","98.7474424069608","","",
"Europe & Central Asia (IDA & IBRD countries)","TEC","Access to electricity (% of population)","EG.ELC.ACCS.ZS","","","","","","","","","","","","","","","","","","","","","","","","","","","","","","","100","100","100","100","100","99.9948283312926","99.9346510374183","99.9216976575764","99.9263649213318","99.7158353371181","98.2547275902283","98.3505208899399","98.4238273852713","98.438063287488","98.486641163599","98.5682871495581","98.6087161248617","98.7246906181739","98.8132200078565","98.9275231925627","99.3287049619028","99.3269244879236","99.6546769524838","99.6978833009023","99.7515903233231","98.3318925466179","99.6574040765117","99.9282316965341","99.941528994937","99.906919460474","99.9520668153849","99.9763873001269","99.9954427619778","100","","",
"Togo","TGO","Access to electricity (% of population)","EG.ELC.ACCS.ZS","","","","","","","","","","","","","","","","","","","","","","","","","","","","","","","","","","","","","","","15.3","16.0729999542236","17","19.6","21.3","23","24.8","26.5","27.9","30","31.8","33.7","30.8","39.7","39.1","41","45.7","44.7","46.8","48","50","52.5","54.1","55.7","57.2","59.2","","",
"Thailand","THA","Access to electricity (% of population)","EG.ELC.ACCS.ZS","","","","","","","","","","","","","","","","","","","","","","","","","","","","","","","","","","","","","","","","","82.1","90.4","91","91.6","92.2","92.8","99.1","94.1","94.8","99","99.7","99.3","99.1","99.4","99.5","99.6","99.9","99.9","99.8","99.9","100","100","99.9","100","","",
"Tajikistan","TJK","Access to electricity (% of population)","EG.ELC.ACCS.ZS","","","","","","","","","","","","","","","","","","","","","","","","","","","","","","","","","","","","","","","","97","98.5","98.6","99","100","98.5","99.3","98.6","98.6","98.6","99","98.8","98.9","99.1","99","99.1","98","99.3","99.3","99.3","99.4","99.5","99.6","100","100","","",
"Turkmenistan","TKM","Access to electricity (% of population)","EG.ELC.ACCS.ZS","","","","","","","","","","","","","","","","","","","","","","","","","","","","","","","","","","","","","","","","","99.6","99.6","99.6","99.6","99.5","99.5","99.8","99.6","99.6","99.7","100","99.8","99.9","99.9","100","100","100","100","100","99.9","100","100","100","100","","",
"Latin America & the Caribbean (IDA & IBRD countries)","TLA","Access to electricity (% of population)","EG.ELC.ACCS.ZS","","","","","","","","","","","","","","","","","","","","","","","","","","","","","","","","","88.6137508115355","89.2315013990268","90.139056071381","88.5118249313624","89.4765112929002","89.9360836894642","90.5602252538658","91.1763258910293","91.5465023715452","92.1794951117155","92.5289426557734","92.5944126162123","93.0888207078371","93.3985919750135","94.1560638664242","94.3767313243229","95.1417588634309","95.3459322821858","95.8089207427824","96.1182240318495","96.5092457202988","96.8091782999087","97.0005516962811","97.2323920529293","97.4280893456675","97.6633402843345","97.7078847938323","97.9522021469941","98.106453253093","98.2338083621938","98.5448799242171","98.3852491204833","","",
"Timor-Leste","TLS","Access to electricity (% of population)","EG.ELC.ACCS.ZS","","","","","","","","","","","","","","","","","","","","","","","","","","","","","","","","","","","","","","","","","17.8","25.6","24.1","27.7","30.4","33.5","36.7","36.6","43.1","46.3","38","52.7","56","59.2","62.4","67.3","76.5","79.5","85.2","90.6","96","100","99.7","100","","",
"Middle East, North Africa, Afghanistan & Pakistan (IDA & IBRD)","TMN","Access to electricity (% of population)","EG.ELC.ACCS.ZS","","","","","","","","","","","","","","","","","","","","","","","","","","","","","","","","","","","","","","","","","81.2536678712175","81.995810773732","82.3266033779687","83.3598460483781","83.7666973214964","84.8054610893122","86.6225518861902","86.0502685841007","87.0398617493712","87.72245737765","89.718636418982","89.9389892888994","91.0963754860192","92.4917628816356","93.4524577644192","92.7799106414588","94.6688585064836","95.593813647771","94.4715748209862","95.6135456463624","95.8888561743117","96.0681260042218","95.4516981935493","96.0574946837091","","",
"Tonga","TON","Access to electricity (% of population)","EG.ELC.ACCS.ZS","","","","","","","","","","","","","","","","","","","","","","","","","","","","","","","","","","","80","81.7884750366211","82.5543670654297","83.3168563842773","84.0752716064453","84.8288421630859","85.6","86.3","87","87.6","88.3","89","92.3","90.5","91.2","92","92.8","92.2","92.8","95.1","95.9","100","97","98.2","99","98.4","99.9","100","100","100","","",
"South Asia (IDA & IBRD)","TSA","Access to electricity (% of population)","EG.ELC.ACCS.ZS","","","","","","","","","","","","","","","","","","","","","","","","","","","","","","","","","","46.5639839682946","46.182183503465","47.6646821855425","48.7664992694092","50.2960104925638","52.2303738805993","56.0177412007675","56.7664729200241","58.3485213159577","59.4157839766721","62.3411030558805","61.4842830339197","65.8536460162923","65.9250452204119","69.284881859242","71.778258866002","72.9865860973521","74.0765736340237","77.3091651585732","78.4195444509049","80.847453203069","82.8480224291431","86.5327784624672","88.3184480403398","91.3983728307397","94.8192024055978","95.4698953988653","96.4013617397441","99.3693129133951","99.0895114731934","99.4087889697405","","",
"Sub-Saharan Africa (IDA & IBRD countries)","TSS","Access to electricity (% of population)","EG.ELC.ACCS.ZS","","","","","","","","","","","","","","","","","","","","","","","","","","","","","","","","","","","","","28.5123843828768","28.3636336834061","28.559880608979","30.139506983609","25.700773726639","26.160662802678","27.3364835483685","29.5928962069565","29.3700290990252","29.3529629714108","31.2016431937493","32.517987745478","32.4033521062592","32.6264486462032","33.3352475874151","35.9008197096736","36.7762778723704","38.0320042025018","38.3544769303453","39.1996500160838","43.8301651403807","43.7628194566177","46.4166752425457","47.1974168154518","48.5450389491045","50.6566448640617","51.5873775845363","53.2558710664349","","",
"Trinidad and Tobago","TTO","Access to electricity (% of population)","EG.ELC.ACCS.ZS","","","","","","","","","","","","","","","","","","","","","","","","","","","","","","","","","","","","","","","","","91.3","96.3","96.5","96.7","96.8","95","100","100","100","99","100","97.5","100","100","100","100","100","100","100","100","100","100","100","98.7","","",
"Tunisia","TUN","Access to electricity (% of population)","EG.ELC.ACCS.ZS","","","","","","","","","","","","","","","","","","","","","","","","","","","","","","","","","","","86.8","88.7","90.4","92","93.2","94.2","94.8","97.3","97.8","98.4","99","99.2","99.4","99.4","99.4","99.5","99.5","99.5","99.5","99.7","99.8","99.9","100","100","99.8","100","99.9","99.9","100","100","","",
"Turkiye","TUR","Access to electricity (% of population)","EG.ELC.ACCS.ZS","","","","","","","","","","","","","","","","","","","","","","","","","","","","","","","","","","","","","","","","","99.9","99.9","99.8","99.8","99.7","99.7","99.7","99.7","99.7","99.7","100","100","100","100","100","100","100","100","100","100","100","100","100","100","","",
"Tuvalu","TUV","Access to electricity (% of population)","EG.ELC.ACCS.ZS","","","","","","","","","","","","","","","","","","","","","","","","","","","","","","","","","","","","","","","","","94.6","94.8","94.6","95.1","95.3","95.5","95.7","96.7","96.2","96.5","96.7","97","97.7","97.6","97.9","98.1","97.3","98.7","99","99.7","99.4","99.7","100","100","","",
"Tanzania","TZA","Access to electricity (% of population)","EG.ELC.ACCS.ZS","","","","","","","","","","","","","","","","","","","","","","","","","","","","","","","","","6.8","2.33018779754639","3.30064725875854","4.26906728744507","9.4","6.1970682144165","7.15528964996338","8","8.7","9.7","10.7","11.1","11.4","13.8","14.9","15.9","11.5","11.2","14.8","14.2","15.3","16.4","23.5","26.2","32.8","32.1","34.9","37.7","39.9","42.7","45.8","48.3","","",
"Uganda","UGA","Access to electricity (% of population)","EG.ELC.ACCS.ZS","","","","","","","","","","","","","","","","","","","","","","","","","","","","","","","","5.6","","","0.533898532390594","6.8","2.81110429763794","3.94494771957397","5.07471179962158","6.19963407516479","7.4","8.6","7.8","10.5","11.6","8.9","9","14.8","15.9","10","12.1","14.6","20.5","13.9","20.4","18.5","26.7","32.4","41.9","41.3","42.1","45.2","47.1","51.5","","",
"Ukraine","UKR","Access to electricity (% of population)","EG.ELC.ACCS.ZS","","","","","","","","","","","","","","","","","","","","","","","","","","","","","","","100","100","100","100","100","100","100","100","100","100","99.1","99.2","99.3","99.3","99.4","99.9","99.5","99.8","99.8","99.9","100","100","99.9","100","100","100","100","100","100","100","100","100","100","100","","",
"Upper middle income","UMC","Access to electricity (% of population)","EG.ELC.ACCS.ZS","","","","","","","","","","","","","","","","","","","","","","","","","","","","","","","","","","","","","","","","","94.3602354729773","94.846474879951","95.2999666524645","95.5085423335644","95.8757221291524","95.7242684970584","96.6830833993331","96.8312352259995","97.3006939075634","97.7115595192027","98.201268319522","98.4156997389488","98.6507857543902","98.8163975569597","98.9184889422887","98.9983511185364","99.0344942337774","99.1608269162572","99.1796087241328","99.2771270394009","99.2175769160247","99.4356373038317","99.5088717815517","99.4286124139067","","",
"Uruguay","URY","Access to electricity (% of population)","EG.ELC.ACCS.ZS","","","","","","","","","","","","","","","","","","","","","","","","","","","","","","","","","96.1823120117188","96.3630599975586","96.5424499511719","96.7197952270508","95.9","97.0656509399414","97.2328033447266","97.3951110839844","97.6","97.7","97.8","97.9","98","98","98.5","98.7","98.8","99.1","99.3","99.2","99.6","99.6","99.7","99.7","99.7","99.8","99.8","99.9","100","100","100","100","","",
"United States","USA","Access to electricity (% of population)","EG.ELC.ACCS.ZS","","","","","","","","","","","","","","","","","","","","","","","","","","","","","","","100","100","100","100","100","100","100","100","100","100","100","100","100","100","100","100","100","100","100","100","100","100","100","100","100","100","100","100","100","100","100","100","100","100","","",
"Uzbekistan","UZB","Access to electricity (% of population)","EG.ELC.ACCS.ZS","","","","","","","","","","","","","","","","","","","","","","","","","","","","","","","","","","","","","99.6","99.3797454833984","99.449348449707","99.5141143798828","99.6","99.6","99.7","99.5","99.5","99.4","99.5","99.5","99.5","99.5","99.6","99.7","99.7","99.8","99.8","99.9","99.9","100","100","100","100","99.9","100","100","","",
"St. Vincent and the Grenadines","VCT","Access to electricity (% of population)","EG.ELC.ACCS.ZS","","","","","","","","","","","","","","","","","","","","","","","","","","","","","","","","66.8","69.1144332885742","70.46484375","71.8138961791992","73.1609039306641","74.5052032470703","75.8460922241211","77.1829071044922","78.5148773193359","80","82.4","82.4","83.7","84.9","86.2","87.5","88.8","90.1","91.4","92.7","94.1","95.4","96.8","98.1","99.4","99.7","100","100","100","100","100","100","100","","",
"Venezuela, RB","VEN","Access to electricity (% of population)","EG.ELC.ACCS.ZS","","","","","","","","","","","","","","","","","","","","","","","","","","","","","","","","","97.820203","98.2395324707031","98.3233337402344","99","98.484130859375","98.7","98.4","98.9","98.9","99.9","99.8","95.7","99.1","98.8","99.3","98.9","98.9","99","99.1","98.8","99.3","99.4","100","100","99.4","99.2","99.9","99.8","99.9","100","100","100","","",
"British Virgin Islands","VGB","Access to electricity (% of population)","EG.ELC.ACCS.ZS","","","","","","","","","","","","","","","","","","","","","","","","","","","","","","","94.606559753418","94.8247375488281","95.0428009033203","95.2601928710938","95.4762191772461","95.6902008056641","95.9014739990234","96.1093368530273","96.3131256103516","96.512077331543","97.1","97.2","97.3","97.4","97.5","97.6","97.8","97.9","98.1","98.3","98.3","98.7","98.9","99.1","99.2","100","100","100","100","100","100","100","100","100","","",
"Virgin Islands (U.S.)","VIR","Access to electricity (% of population)","EG.ELC.ACCS.ZS","","","","","","","","","","","","","","","","","","","","","","","","","","","","","","","100","100","100","100","100","100","100","100","100","100","100","100","100","100","100","100","100","100","100","100","100","100","100","100","100","100","100","100","100","100","100","100","100","100","","",
"Viet Nam","VNM","Access to electricity (% of population)","EG.ELC.ACCS.ZS","","","","","","","","","","","","","","","","","","","","","","","","","","","","","","","","","","","","","","78.4","86.1759872436523","86.9944381713867","88.2","88.9","89.1","90.3","91","96.1","96","93.1","93.8","96.1","97.4","99","97.9","98.5","99.2","99.3","99.2","100","100","99.4","99.8","100","100","99.8","","",
"Vanuatu","VUT","Access to electricity (% of population)","EG.ELC.ACCS.ZS","","","","","","","","","","","","","","","","","","","","","","","","","","","","","","","","","","","18","12.9416437149048","14.7923612594604","16.6396789550781","18.4829177856445","19.1","22.2","24","25.7","27.5","29.2","31","26.4","33.6","36.5","33.3","44.1","42","43.9","31.7","49.1","52.3","57.8","62.8","61.6","64.5","67.3","70","71.6","61.6","","",
"World","WLD","Access to electricity (% of population)","EG.ELC.ACCS.ZS","","","","","","","","","","","","","","","","","","","","","","","","","","","","","","","","","","","","","","","73.196235388656","74.5032105116741","78.2214008583172","78.7152432244994","79.1007987332702","79.9649010273987","79.9521476684051","80.7013310816536","81.3534633010675","81.9711576658049","82.6681723773023","82.8658227064747","83.4471382973513","84.5062333878765","84.93629043483","85.7106877963555","86.1955840187905","86.9239995427518","88.1044791994569","88.9317628469647","89.7973878560124","90.1083920202658","90.3956876080963","91.3342664591051","91.2883104888965","91.5991774421991","","",
"Samoa","WSM","Access to electricity (% of population)","EG.ELC.ACCS.ZS","","","","","","","","","","","","","","","","","","","","","","","","","","","","","","","","78.8","81.6401672363281","82.4245910644531","80","83.9886932373047","84.7669982910156","85.5419082641602","86.312744140625","87.078727722168","88","88.7","89.3","89.9","90.5","91.1","96.4","92.5","98.1","97.9","96.4","96.7","96.8","97","97.9","98.2","98.9","96.8","99.8","99.2","100","98.3","98.3","100","","",
"Kosovo","XKX","Access to electricity (% of population)","EG.ELC.ACCS.ZS","","","","","","","","","","","","","","","","","","","","","","","","","","","","","","","100","100","100","100","100","100","100","100","100","100","","","","","","","","","","","","","","","","","","","","","","","","","","",
"Yemen, Rep.","YEM","Access to electricity (% of population)","EG.ELC.ACCS.ZS","","","","","","","","","","","","","","","","","","","","","","","","","","","","","","","","","44.1","40.774715423584","41.9851341247559","43.1935119628906","44.399169921875","42.6","46.7996101379395","47.9929466247559","49.2","50.4","51.5","52.6","49.6","54.8","55.8","57.2","58.4","59.6","60.8","62","52.4","75.6","66.1","67.4","68.9","79.2","62","72.8","73.9","74.9","76","83.6","","",
"South Africa","ZAF","Access to electricity (% of population)","EG.ELC.ACCS.ZS","","","","","","","","","","","","","","","","","","","","","","","","","","","","","","","","","","","","","57.6","69.4833526611328","64.9","71.331787109375","72.4","70.2","76.7","78.8","80.6","80.8","80.7","82","81.9","82.6","82.8","83.6","85.2","85.2","85.9","85.3","83.9","84.4","84.7","85","90","89.3","86.5","87.7","","",
"Zambia","ZMB","Access to electricity (% of population)","EG.ELC.ACCS.ZS","","","","","","","","","","","","","","","","","","","","","","","","","","","","","","","13.9","12.7527027130127","19.2","14.213207244873","14.9417591094971","15.6682720184326","17.3","17.1124591827393","19","18.5402450561523","16.7","20.2","17.4","18.5","20.3","23.3","24.1","18.5","25.7","26.6","22","28.3","29.2","30.1","27.9","31.1","35.4","40.3","40.2","43","44.6","46.7","47.8","51.1","","",
"Zimbabwe","ZWE","Access to electricity (% of population)","EG.ELC.ACCS.ZS","","","","","","","","","","","","","","","","","","","","","","","","","","","","","","","","","28.2","31.163667678833","28.1","31.948579788208","32.3372955322266","32.7226104736328","33.1038475036621","38.4","33.7","34.2","34.2","35.1","35.6","36.1","37.2","37.2","37.7","43.4","38.9","36.9","44","40.6","32.3","33.7","42.5","44","45.4","46.7","52.7","49","50.1","62","","",
