Domaine,Zone,Élément,Produit,Année,Édition,Unité,Valeur
"Coût et abordabilité d’une alimentation saine
 (CoAHD)","Afrique du Sud","Valeur","Cost of animal source foods, LCU per person per day","2021","Juillet 2025 (rapport SOFI)","UML/personne/jour","7.51"
"Coût et abordabilité d’une alimentation saine
 (CoAHD)","Afrique du Sud","Valeur","Cost of animal source foods, PPP dollar per person per day","2021","Juillet 2025 (rapport SOFI)","Int$ (PPP) per person per day","1"
"Coût et abordabilité d’une alimentation saine
 (CoAHD)","Afrique du Sud","Valeur","Number of people unable to afford a healthy diet (NUA), million","2017","Juillet 2025 (rapport SOFI)","millions de No","35"
"Coût et abordabilité d’une alimentation saine
 (CoAHD)","Afrique du Sud","Valeur","Number of people unable to afford a healthy diet (NUA), million","2018","Juillet 2025 (rapport SOFI)","millions de No","35.3"
"Coût et abordabilité d’une alimentation saine
 (CoAHD)","Afrique du Sud","Valeur","Number of people unable to afford a healthy diet (NUA), million","2019","Juillet 2025 (rapport SOFI)","millions de No","35.9"
"Coût et abordabilité d’une alimentation saine
 (CoAHD)","Afrique du Sud","Valeur","Number of people unable to afford a healthy diet (NUA), million","2020","Juillet 2025 (rapport SOFI)","millions de No","37.4"
"Coût et abordabilité d’une alimentation saine
 (CoAHD)","Afrique du Sud","Valeur","Number of people unable to afford a healthy diet (NUA), million","2021","Juillet 2025 (rapport SOFI)","millions de No","37.6"
"Coût et abordabilité d’une alimentation saine
 (CoAHD)","Afrique du Sud","Valeur","Number of people unable to afford a healthy diet (NUA), million","2022","Juillet 2025 (rapport SOFI)","millions de No","38.1"
"Coût et abordabilité d’une alimentation saine
 (CoAHD)","Afrique du Sud","Valeur","Number of people unable to afford a healthy diet (NUA), million","2023","Juillet 2025 (rapport SOFI)","millions de No","39"
"Coût et abordabilité d’une alimentation saine
 (CoAHD)","Afrique du Sud","Valeur","Number of people unable to afford a healthy diet (NUA), million","2024","Juillet 2025 (rapport SOFI)","millions de No","39.5"
"Coût et abordabilité d’une alimentation saine
 (CoAHD)","Albanie","Valeur","Cost of animal source foods, LCU per person per day","2021","Juillet 2025 (rapport SOFI)","UML/personne/jour","59.08"
"Coût et abordabilité d’une alimentation saine
 (CoAHD)","Albanie","Valeur","Cost of animal source foods, PPP dollar per person per day","2021","Juillet 2025 (rapport SOFI)","Int$ (PPP) per person per day","1.13"
"Coût et abordabilité d’une alimentation saine
 (CoAHD)","Albanie","Valeur","Number of people unable to afford a healthy diet (NUA), million","2017","Juillet 2025 (rapport SOFI)","millions de No","0.7"
"Coût et abordabilité d’une alimentation saine
 (CoAHD)","Albanie","Valeur","Number of people unable to afford a healthy diet (NUA), million","2018","Juillet 2025 (rapport SOFI)","millions de No","0.5"
"Coût et abordabilité d’une alimentation saine
 (CoAHD)","Albanie","Valeur","Number of people unable to afford a healthy diet (NUA), million","2019","Juillet 2025 (rapport SOFI)","millions de No","0.4"
"Coût et abordabilité d’une alimentation saine
 (CoAHD)","Albanie","Valeur","Number of people unable to afford a healthy diet (NUA), million","2020","Juillet 2025 (rapport SOFI)","millions de No","0.4"
"Coût et abordabilité d’une alimentation saine
 (CoAHD)","Albanie","Valeur","Number of people unable to afford a healthy diet (NUA), million","2021","Juillet 2025 (rapport SOFI)","millions de No","0.4"
"Coût et abordabilité d’une alimentation saine
 (CoAHD)","Albanie","Valeur","Number of people unable to afford a healthy diet (NUA), million","2022","Juillet 2025 (rapport SOFI)","millions de No","0.3"
"Coût et abordabilité d’une alimentation saine
 (CoAHD)","Albanie","Valeur","Number of people unable to afford a healthy diet (NUA), million","2023","Juillet 2025 (rapport SOFI)","millions de No","0.3"
"Coût et abordabilité d’une alimentation saine
 (CoAHD)","Albanie","Valeur","Number of people unable to afford a healthy diet (NUA), million","2024","Juillet 2025 (rapport SOFI)","millions de No","0.3"
"Coût et abordabilité d’une alimentation saine
 (CoAHD)","Algérie","Valeur","Cost of animal source foods, LCU per person per day","2021","Juillet 2025 (rapport SOFI)","UML/personne/jour","53.59"
"Coût et abordabilité d’une alimentation saine
 (CoAHD)","Algérie","Valeur","Cost of animal source foods, PPP dollar per person per day","2021","Juillet 2025 (rapport SOFI)","Int$ (PPP) per person per day","1.36"
"Coût et abordabilité d’une alimentation saine
 (CoAHD)","Algérie","Valeur","Number of people unable to afford a healthy diet (NUA), million","2017","Juillet 2025 (rapport SOFI)","millions de No","7.8"
"Coût et abordabilité d’une alimentation saine
 (CoAHD)","Algérie","Valeur","Number of people unable to afford a healthy diet (NUA), million","2018","Juillet 2025 (rapport SOFI)","millions de No","7.7"
"Coût et abordabilité d’une alimentation saine
 (CoAHD)","Algérie","Valeur","Number of people unable to afford a healthy diet (NUA), million","2019","Juillet 2025 (rapport SOFI)","millions de No","7.6"
"Coût et abordabilité d’une alimentation saine
 (CoAHD)","Algérie","Valeur","Number of people unable to afford a healthy diet (NUA), million","2020","Juillet 2025 (rapport SOFI)","millions de No","8.5"
"Coût et abordabilité d’une alimentation saine
 (CoAHD)","Algérie","Valeur","Number of people unable to afford a healthy diet (NUA), million","2021","Juillet 2025 (rapport SOFI)","millions de No","8.8"
"Coût et abordabilité d’une alimentation saine
 (CoAHD)","Algérie","Valeur","Number of people unable to afford a healthy diet (NUA), million","2022","Juillet 2025 (rapport SOFI)","millions de No","9.3"
"Coût et abordabilité d’une alimentation saine
 (CoAHD)","Algérie","Valeur","Number of people unable to afford a healthy diet (NUA), million","2023","Juillet 2025 (rapport SOFI)","millions de No","9.7"
"Coût et abordabilité d’une alimentation saine
 (CoAHD)","Algérie","Valeur","Number of people unable to afford a healthy diet (NUA), million","2024","Juillet 2025 (rapport SOFI)","millions de No","9.4"
"Coût et abordabilité d’une alimentation saine
 (CoAHD)","Allemagne","Valeur","Cost of animal source foods, LCU per person per day","2021","Juillet 2025 (rapport SOFI)","UML/personne/jour","0.49"
"Coût et abordabilité d’une alimentation saine
 (CoAHD)","Allemagne","Valeur","Cost of animal source foods, PPP dollar per person per day","2021","Juillet 2025 (rapport SOFI)","Int$ (PPP) per person per day","0.66"
"Coût et abordabilité d’une alimentation saine
 (CoAHD)","Allemagne","Valeur","Number of people unable to afford a healthy diet (NUA), million","2017","Juillet 2025 (rapport SOFI)","millions de No","2.3"
"Coût et abordabilité d’une alimentation saine
 (CoAHD)","Allemagne","Valeur","Number of people unable to afford a healthy diet (NUA), million","2018","Juillet 2025 (rapport SOFI)","millions de No","1.9"
"Coût et abordabilité d’une alimentation saine
 (CoAHD)","Allemagne","Valeur","Number of people unable to afford a healthy diet (NUA), million","2019","Juillet 2025 (rapport SOFI)","millions de No","1.9"
"Coût et abordabilité d’une alimentation saine
 (CoAHD)","Allemagne","Valeur","Number of people unable to afford a healthy diet (NUA), million","2020","Juillet 2025 (rapport SOFI)","millions de No","1.9"
"Coût et abordabilité d’une alimentation saine
 (CoAHD)","Allemagne","Valeur","Number of people unable to afford a healthy diet (NUA), million","2021","Juillet 2025 (rapport SOFI)","millions de No","1.9"
"Coût et abordabilité d’une alimentation saine
 (CoAHD)","Allemagne","Valeur","Number of people unable to afford a healthy diet (NUA), million","2022","Juillet 2025 (rapport SOFI)","millions de No","1.7"
"Coût et abordabilité d’une alimentation saine
 (CoAHD)","Allemagne","Valeur","Number of people unable to afford a healthy diet (NUA), million","2023","Juillet 2025 (rapport SOFI)","millions de No","1.7"
"Coût et abordabilité d’une alimentation saine
 (CoAHD)","Allemagne","Valeur","Number of people unable to afford a healthy diet (NUA), million","2024","Juillet 2025 (rapport SOFI)","millions de No","1.7"
"Coût et abordabilité d’une alimentation saine
 (CoAHD)","Angola","Valeur","Cost of animal source foods, LCU per person per day","2021","Juillet 2025 (rapport SOFI)","UML/personne/jour","234.41"
"Coût et abordabilité d’une alimentation saine
 (CoAHD)","Angola","Valeur","Cost of animal source foods, PPP dollar per person per day","2021","Juillet 2025 (rapport SOFI)","Int$ (PPP) per person per day","1.15"
"Coût et abordabilité d’une alimentation saine
 (CoAHD)","Angola","Valeur","Number of people unable to afford a healthy diet (NUA), million","2017","Juillet 2025 (rapport SOFI)","millions de No","18.4"
"Coût et abordabilité d’une alimentation saine
 (CoAHD)","Angola","Valeur","Number of people unable to afford a healthy diet (NUA), million","2018","Juillet 2025 (rapport SOFI)","millions de No","19.8"
"Coût et abordabilité d’une alimentation saine
 (CoAHD)","Angola","Valeur","Number of people unable to afford a healthy diet (NUA), million","2019","Juillet 2025 (rapport SOFI)","millions de No","20.8"
"Coût et abordabilité d’une alimentation saine
 (CoAHD)","Angola","Valeur","Number of people unable to afford a healthy diet (NUA), million","2020","Juillet 2025 (rapport SOFI)","millions de No","22.8"
"Coût et abordabilité d’une alimentation saine
 (CoAHD)","Angola","Valeur","Number of people unable to afford a healthy diet (NUA), million","2021","Juillet 2025 (rapport SOFI)","millions de No","24.1"
"Coût et abordabilité d’une alimentation saine
 (CoAHD)","Angola","Valeur","Number of people unable to afford a healthy diet (NUA), million","2022","Juillet 2025 (rapport SOFI)","millions de No","25.1"
"Coût et abordabilité d’une alimentation saine
 (CoAHD)","Angola","Valeur","Number of people unable to afford a healthy diet (NUA), million","2023","Juillet 2025 (rapport SOFI)","millions de No","26"
"Coût et abordabilité d’une alimentation saine
 (CoAHD)","Angola","Valeur","Number of people unable to afford a healthy diet (NUA), million","2024","Juillet 2025 (rapport SOFI)","millions de No","27.1"
"Coût et abordabilité d’une alimentation saine
 (CoAHD)","Antigua-et-Barbuda","Valeur","Cost of animal source foods, LCU per person per day","2021","Juillet 2025 (rapport SOFI)","UML/personne/jour","1.71"
"Coût et abordabilité d’une alimentation saine
 (CoAHD)","Antigua-et-Barbuda","Valeur","Cost of animal source foods, PPP dollar per person per day","2021","Juillet 2025 (rapport SOFI)","Int$ (PPP) per person per day","0.8"
"Coût et abordabilité d’une alimentation saine
 (CoAHD)","Antigua-et-Barbuda","Valeur","Number of people unable to afford a healthy diet (NUA), million","2017","Juillet 2025 (rapport SOFI)","millions de No",""
"Coût et abordabilité d’une alimentation saine
 (CoAHD)","Antigua-et-Barbuda","Valeur","Number of people unable to afford a healthy diet (NUA), million","2018","Juillet 2025 (rapport SOFI)","millions de No",""
"Coût et abordabilité d’une alimentation saine
 (CoAHD)","Antigua-et-Barbuda","Valeur","Number of people unable to afford a healthy diet (NUA), million","2019","Juillet 2025 (rapport SOFI)","millions de No",""
"Coût et abordabilité d’une alimentation saine
 (CoAHD)","Antigua-et-Barbuda","Valeur","Number of people unable to afford a healthy diet (NUA), million","2020","Juillet 2025 (rapport SOFI)","millions de No",""
"Coût et abordabilité d’une alimentation saine
 (CoAHD)","Antigua-et-Barbuda","Valeur","Number of people unable to afford a healthy diet (NUA), million","2021","Juillet 2025 (rapport SOFI)","millions de No",""
"Coût et abordabilité d’une alimentation saine
 (CoAHD)","Antigua-et-Barbuda","Valeur","Number of people unable to afford a healthy diet (NUA), million","2022","Juillet 2025 (rapport SOFI)","millions de No",""
"Coût et abordabilité d’une alimentation saine
 (CoAHD)","Antigua-et-Barbuda","Valeur","Number of people unable to afford a healthy diet (NUA), million","2023","Juillet 2025 (rapport SOFI)","millions de No",""
"Coût et abordabilité d’une alimentation saine
 (CoAHD)","Antigua-et-Barbuda","Valeur","Number of people unable to afford a healthy diet (NUA), million","2024","Juillet 2025 (rapport SOFI)","millions de No",""
"Coût et abordabilité d’une alimentation saine
 (CoAHD)","Arabie Saoudite","Valeur","Cost of animal source foods, LCU per person per day","2021","Juillet 2025 (rapport SOFI)","UML/personne/jour","1.71"
"Coût et abordabilité d’une alimentation saine
 (CoAHD)","Arabie Saoudite","Valeur","Cost of animal source foods, PPP dollar per person per day","2021","Juillet 2025 (rapport SOFI)","Int$ (PPP) per person per day","0.84"
"Coût et abordabilité d’une alimentation saine
 (CoAHD)","Arabie Saoudite","Valeur","Number of people unable to afford a healthy diet (NUA), million","2017","Juillet 2025 (rapport SOFI)","millions de No",""
"Coût et abordabilité d’une alimentation saine
 (CoAHD)","Arabie Saoudite","Valeur","Number of people unable to afford a healthy diet (NUA), million","2018","Juillet 2025 (rapport SOFI)","millions de No",""
"Coût et abordabilité d’une alimentation saine
 (CoAHD)","Arabie Saoudite","Valeur","Number of people unable to afford a healthy diet (NUA), million","2019","Juillet 2025 (rapport SOFI)","millions de No",""
"Coût et abordabilité d’une alimentation saine
 (CoAHD)","Arabie Saoudite","Valeur","Number of people unable to afford a healthy diet (NUA), million","2020","Juillet 2025 (rapport SOFI)","millions de No",""
"Coût et abordabilité d’une alimentation saine
 (CoAHD)","Arabie Saoudite","Valeur","Number of people unable to afford a healthy diet (NUA), million","2021","Juillet 2025 (rapport SOFI)","millions de No",""
"Coût et abordabilité d’une alimentation saine
 (CoAHD)","Arabie Saoudite","Valeur","Number of people unable to afford a healthy diet (NUA), million","2022","Juillet 2025 (rapport SOFI)","millions de No",""
"Coût et abordabilité d’une alimentation saine
 (CoAHD)","Arabie Saoudite","Valeur","Number of people unable to afford a healthy diet (NUA), million","2023","Juillet 2025 (rapport SOFI)","millions de No",""
"Coût et abordabilité d’une alimentation saine
 (CoAHD)","Arabie Saoudite","Valeur","Number of people unable to afford a healthy diet (NUA), million","2024","Juillet 2025 (rapport SOFI)","millions de No",""
"Coût et abordabilité d’une alimentation saine
 (CoAHD)","Argentine","Valeur","Cost of animal source foods, LCU per person per day","2021","Juillet 2025 (rapport SOFI)","UML/personne/jour",""
"Coût et abordabilité d’une alimentation saine
 (CoAHD)","Argentine","Valeur","Cost of animal source foods, PPP dollar per person per day","2021","Juillet 2025 (rapport SOFI)","Int$ (PPP) per person per day",""
"Coût et abordabilité d’une alimentation saine
 (CoAHD)","Argentine","Valeur","Number of people unable to afford a healthy diet (NUA), million","2017","Juillet 2025 (rapport SOFI)","millions de No","3.8"
"Coût et abordabilité d’une alimentation saine
 (CoAHD)","Argentine","Valeur","Number of people unable to afford a healthy diet (NUA), million","2018","Juillet 2025 (rapport SOFI)","millions de No",""
"Coût et abordabilité d’une alimentation saine
 (CoAHD)","Argentine","Valeur","Number of people unable to afford a healthy diet (NUA), million","2019","Juillet 2025 (rapport SOFI)","millions de No",""
"Coût et abordabilité d’une alimentation saine
 (CoAHD)","Argentine","Valeur","Number of people unable to afford a healthy diet (NUA), million","2020","Juillet 2025 (rapport SOFI)","millions de No",""
"Coût et abordabilité d’une alimentation saine
 (CoAHD)","Argentine","Valeur","Number of people unable to afford a healthy diet (NUA), million","2021","Juillet 2025 (rapport SOFI)","millions de No",""
"Coût et abordabilité d’une alimentation saine
 (CoAHD)","Argentine","Valeur","Number of people unable to afford a healthy diet (NUA), million","2022","Juillet 2025 (rapport SOFI)","millions de No",""
"Coût et abordabilité d’une alimentation saine
 (CoAHD)","Argentine","Valeur","Number of people unable to afford a healthy diet (NUA), million","2023","Juillet 2025 (rapport SOFI)","millions de No",""
"Coût et abordabilité d’une alimentation saine
 (CoAHD)","Argentine","Valeur","Number of people unable to afford a healthy diet (NUA), million","2024","Juillet 2025 (rapport SOFI)","millions de No",""
"Coût et abordabilité d’une alimentation saine
 (CoAHD)","Arménie","Valeur","Cost of animal source foods, LCU per person per day","2021","Juillet 2025 (rapport SOFI)","UML/personne/jour","170.36"
"Coût et abordabilité d’une alimentation saine
 (CoAHD)","Arménie","Valeur","Cost of animal source foods, PPP dollar per person per day","2021","Juillet 2025 (rapport SOFI)","Int$ (PPP) per person per day","1.04"
"Coût et abordabilité d’une alimentation saine
 (CoAHD)","Arménie","Valeur","Number of people unable to afford a healthy diet (NUA), million","2017","Juillet 2025 (rapport SOFI)","millions de No","1.4"
"Coût et abordabilité d’une alimentation saine
 (CoAHD)","Arménie","Valeur","Number of people unable to afford a healthy diet (NUA), million","2018","Juillet 2025 (rapport SOFI)","millions de No","1.4"
"Coût et abordabilité d’une alimentation saine
 (CoAHD)","Arménie","Valeur","Number of people unable to afford a healthy diet (NUA), million","2019","Juillet 2025 (rapport SOFI)","millions de No","1.5"
"Coût et abordabilité d’une alimentation saine
 (CoAHD)","Arménie","Valeur","Number of people unable to afford a healthy diet (NUA), million","2020","Juillet 2025 (rapport SOFI)","millions de No","1.6"
"Coût et abordabilité d’une alimentation saine
 (CoAHD)","Arménie","Valeur","Number of people unable to afford a healthy diet (NUA), million","2021","Juillet 2025 (rapport SOFI)","millions de No","1.6"
"Coût et abordabilité d’une alimentation saine
 (CoAHD)","Arménie","Valeur","Number of people unable to afford a healthy diet (NUA), million","2022","Juillet 2025 (rapport SOFI)","millions de No","1.6"
"Coût et abordabilité d’une alimentation saine
 (CoAHD)","Arménie","Valeur","Number of people unable to afford a healthy diet (NUA), million","2023","Juillet 2025 (rapport SOFI)","millions de No","1.5"
"Coût et abordabilité d’une alimentation saine
 (CoAHD)","Arménie","Valeur","Number of people unable to afford a healthy diet (NUA), million","2024","Juillet 2025 (rapport SOFI)","millions de No","1.9"
"Coût et abordabilité d’une alimentation saine
 (CoAHD)","Aruba","Valeur","Cost of animal source foods, LCU per person per day","2021","Juillet 2025 (rapport SOFI)","UML/personne/jour","1.11"
"Coût et abordabilité d’une alimentation saine
 (CoAHD)","Aruba","Valeur","Cost of animal source foods, PPP dollar per person per day","2021","Juillet 2025 (rapport SOFI)","Int$ (PPP) per person per day","0.74"
"Coût et abordabilité d’une alimentation saine
 (CoAHD)","Aruba","Valeur","Number of people unable to afford a healthy diet (NUA), million","2017","Juillet 2025 (rapport SOFI)","millions de No",""
"Coût et abordabilité d’une alimentation saine
 (CoAHD)","Aruba","Valeur","Number of people unable to afford a healthy diet (NUA), million","2018","Juillet 2025 (rapport SOFI)","millions de No",""
"Coût et abordabilité d’une alimentation saine
 (CoAHD)","Aruba","Valeur","Number of people unable to afford a healthy diet (NUA), million","2019","Juillet 2025 (rapport SOFI)","millions de No",""
"Coût et abordabilité d’une alimentation saine
 (CoAHD)","Aruba","Valeur","Number of people unable to afford a healthy diet (NUA), million","2020","Juillet 2025 (rapport SOFI)","millions de No",""
"Coût et abordabilité d’une alimentation saine
 (CoAHD)","Aruba","Valeur","Number of people unable to afford a healthy diet (NUA), million","2021","Juillet 2025 (rapport SOFI)","millions de No",""
"Coût et abordabilité d’une alimentation saine
 (CoAHD)","Aruba","Valeur","Number of people unable to afford a healthy diet (NUA), million","2022","Juillet 2025 (rapport SOFI)","millions de No",""
"Coût et abordabilité d’une alimentation saine
 (CoAHD)","Aruba","Valeur","Number of people unable to afford a healthy diet (NUA), million","2023","Juillet 2025 (rapport SOFI)","millions de No",""
"Coût et abordabilité d’une alimentation saine
 (CoAHD)","Aruba","Valeur","Number of people unable to afford a healthy diet (NUA), million","2024","Juillet 2025 (rapport SOFI)","millions de No",""
"Coût et abordabilité d’une alimentation saine
 (CoAHD)","Australie","Valeur","Cost of animal source foods, LCU per person per day","2021","Juillet 2025 (rapport SOFI)","UML/personne/jour","0.75"
"Coût et abordabilité d’une alimentation saine
 (CoAHD)","Australie","Valeur","Cost of animal source foods, PPP dollar per person per day","2021","Juillet 2025 (rapport SOFI)","Int$ (PPP) per person per day","0.5"
"Coût et abordabilité d’une alimentation saine
 (CoAHD)","Australie","Valeur","Number of people unable to afford a healthy diet (NUA), million","2017","Juillet 2025 (rapport SOFI)","millions de No","0.7"
"Coût et abordabilité d’une alimentation saine
 (CoAHD)","Australie","Valeur","Number of people unable to afford a healthy diet (NUA), million","2018","Juillet 2025 (rapport SOFI)","millions de No","0.8"
"Coût et abordabilité d’une alimentation saine
 (CoAHD)","Australie","Valeur","Number of people unable to afford a healthy diet (NUA), million","2019","Juillet 2025 (rapport SOFI)","millions de No","0.8"
"Coût et abordabilité d’une alimentation saine
 (CoAHD)","Australie","Valeur","Number of people unable to afford a healthy diet (NUA), million","2020","Juillet 2025 (rapport SOFI)","millions de No","0.9"
"Coût et abordabilité d’une alimentation saine
 (CoAHD)","Australie","Valeur","Number of people unable to afford a healthy diet (NUA), million","2021","Juillet 2025 (rapport SOFI)","millions de No","0.8"
"Coût et abordabilité d’une alimentation saine
 (CoAHD)","Australie","Valeur","Number of people unable to afford a healthy diet (NUA), million","2022","Juillet 2025 (rapport SOFI)","millions de No","0.8"
"Coût et abordabilité d’une alimentation saine
 (CoAHD)","Australie","Valeur","Number of people unable to afford a healthy diet (NUA), million","2023","Juillet 2025 (rapport SOFI)","millions de No","0.9"
"Coût et abordabilité d’une alimentation saine
 (CoAHD)","Australie","Valeur","Number of people unable to afford a healthy diet (NUA), million","2024","Juillet 2025 (rapport SOFI)","millions de No","0.9"
"Coût et abordabilité d’une alimentation saine
 (CoAHD)","Autriche","Valeur","Cost of animal source foods, LCU per person per day","2021","Juillet 2025 (rapport SOFI)","UML/personne/jour","0.41"
"Coût et abordabilité d’une alimentation saine
 (CoAHD)","Autriche","Valeur","Cost of animal source foods, PPP dollar per person per day","2021","Juillet 2025 (rapport SOFI)","Int$ (PPP) per person per day","0.55"
"Coût et abordabilité d’une alimentation saine
 (CoAHD)","Autriche","Valeur","Number of people unable to afford a healthy diet (NUA), million","2017","Juillet 2025 (rapport SOFI)","millions de No","0.2"
"Coût et abordabilité d’une alimentation saine
 (CoAHD)","Autriche","Valeur","Number of people unable to afford a healthy diet (NUA), million","2018","Juillet 2025 (rapport SOFI)","millions de No","0.2"
"Coût et abordabilité d’une alimentation saine
 (CoAHD)","Autriche","Valeur","Number of people unable to afford a healthy diet (NUA), million","2019","Juillet 2025 (rapport SOFI)","millions de No","0.2"
"Coût et abordabilité d’une alimentation saine
 (CoAHD)","Autriche","Valeur","Number of people unable to afford a healthy diet (NUA), million","2020","Juillet 2025 (rapport SOFI)","millions de No","0.2"
"Coût et abordabilité d’une alimentation saine
 (CoAHD)","Autriche","Valeur","Number of people unable to afford a healthy diet (NUA), million","2021","Juillet 2025 (rapport SOFI)","millions de No","0.3"
"Coût et abordabilité d’une alimentation saine
 (CoAHD)","Autriche","Valeur","Number of people unable to afford a healthy diet (NUA), million","2022","Juillet 2025 (rapport SOFI)","millions de No","0.3"
"Coût et abordabilité d’une alimentation saine
 (CoAHD)","Autriche","Valeur","Number of people unable to afford a healthy diet (NUA), million","2023","Juillet 2025 (rapport SOFI)","millions de No","0.3"
"Coût et abordabilité d’une alimentation saine
 (CoAHD)","Autriche","Valeur","Number of people unable to afford a healthy diet (NUA), million","2024","Juillet 2025 (rapport SOFI)","millions de No","0.3"
"Coût et abordabilité d’une alimentation saine
 (CoAHD)","Azerbaïdjan","Valeur","Cost of animal source foods, LCU per person per day","2021","Juillet 2025 (rapport SOFI)","UML/personne/jour","0.53"
"Coût et abordabilité d’une alimentation saine
 (CoAHD)","Azerbaïdjan","Valeur","Cost of animal source foods, PPP dollar per person per day","2021","Juillet 2025 (rapport SOFI)","Int$ (PPP) per person per day","1.09"
"Coût et abordabilité d’une alimentation saine
 (CoAHD)","Azerbaïdjan","Valeur","Number of people unable to afford a healthy diet (NUA), million","2017","Juillet 2025 (rapport SOFI)","millions de No","0.1"
"Coût et abordabilité d’une alimentation saine
 (CoAHD)","Azerbaïdjan","Valeur","Number of people unable to afford a healthy diet (NUA), million","2018","Juillet 2025 (rapport SOFI)","millions de No","0.1"
"Coût et abordabilité d’une alimentation saine
 (CoAHD)","Azerbaïdjan","Valeur","Number of people unable to afford a healthy diet (NUA), million","2019","Juillet 2025 (rapport SOFI)","millions de No","0.1"
"Coût et abordabilité d’une alimentation saine
 (CoAHD)","Azerbaïdjan","Valeur","Number of people unable to afford a healthy diet (NUA), million","2020","Juillet 2025 (rapport SOFI)","millions de No","0.1"
"Coût et abordabilité d’une alimentation saine
 (CoAHD)","Azerbaïdjan","Valeur","Number of people unable to afford a healthy diet (NUA), million","2021","Juillet 2025 (rapport SOFI)","millions de No","0.1"
"Coût et abordabilité d’une alimentation saine
 (CoAHD)","Azerbaïdjan","Valeur","Number of people unable to afford a healthy diet (NUA), million","2022","Juillet 2025 (rapport SOFI)","millions de No","0.1"
"Coût et abordabilité d’une alimentation saine
 (CoAHD)","Azerbaïdjan","Valeur","Number of people unable to afford a healthy diet (NUA), million","2023","Juillet 2025 (rapport SOFI)","millions de No","0.1"
"Coût et abordabilité d’une alimentation saine
 (CoAHD)","Azerbaïdjan","Valeur","Number of people unable to afford a healthy diet (NUA), million","2024","Juillet 2025 (rapport SOFI)","millions de No","0.1"
"Coût et abordabilité d’une alimentation saine
 (CoAHD)","Bahamas","Valeur","Cost of animal source foods, LCU per person per day","2021","Juillet 2025 (rapport SOFI)","UML/personne/jour",""
"Coût et abordabilité d’une alimentation saine
 (CoAHD)","Bahamas","Valeur","Cost of animal source foods, PPP dollar per person per day","2021","Juillet 2025 (rapport SOFI)","Int$ (PPP) per person per day",""
"Coût et abordabilité d’une alimentation saine
 (CoAHD)","Bahamas","Valeur","Number of people unable to afford a healthy diet (NUA), million","2017","Juillet 2025 (rapport SOFI)","millions de No",""
"Coût et abordabilité d’une alimentation saine
 (CoAHD)","Bahamas","Valeur","Number of people unable to afford a healthy diet (NUA), million","2018","Juillet 2025 (rapport SOFI)","millions de No",""
"Coût et abordabilité d’une alimentation saine
 (CoAHD)","Bahamas","Valeur","Number of people unable to afford a healthy diet (NUA), million","2019","Juillet 2025 (rapport SOFI)","millions de No",""
"Coût et abordabilité d’une alimentation saine
 (CoAHD)","Bahamas","Valeur","Number of people unable to afford a healthy diet (NUA), million","2020","Juillet 2025 (rapport SOFI)","millions de No",""
"Coût et abordabilité d’une alimentation saine
 (CoAHD)","Bahamas","Valeur","Number of people unable to afford a healthy diet (NUA), million","2021","Juillet 2025 (rapport SOFI)","millions de No",""
"Coût et abordabilité d’une alimentation saine
 (CoAHD)","Bahamas","Valeur","Number of people unable to afford a healthy diet (NUA), million","2022","Juillet 2025 (rapport SOFI)","millions de No",""
"Coût et abordabilité d’une alimentation saine
 (CoAHD)","Bahamas","Valeur","Number of people unable to afford a healthy diet (NUA), million","2023","Juillet 2025 (rapport SOFI)","millions de No",""
"Coût et abordabilité d’une alimentation saine
 (CoAHD)","Bahamas","Valeur","Number of people unable to afford a healthy diet (NUA), million","2024","Juillet 2025 (rapport SOFI)","millions de No",""
"Coût et abordabilité d’une alimentation saine
 (CoAHD)","Bahreïn","Valeur","Cost of animal source foods, LCU per person per day","2021","Juillet 2025 (rapport SOFI)","UML/personne/jour","0.21"
"Coût et abordabilité d’une alimentation saine
 (CoAHD)","Bahreïn","Valeur","Cost of animal source foods, PPP dollar per person per day","2021","Juillet 2025 (rapport SOFI)","Int$ (PPP) per person per day","1.03"
"Coût et abordabilité d’une alimentation saine
 (CoAHD)","Bahreïn","Valeur","Number of people unable to afford a healthy diet (NUA), million","2017","Juillet 2025 (rapport SOFI)","millions de No",""
"Coût et abordabilité d’une alimentation saine
 (CoAHD)","Bahreïn","Valeur","Number of people unable to afford a healthy diet (NUA), million","2018","Juillet 2025 (rapport SOFI)","millions de No",""
"Coût et abordabilité d’une alimentation saine
 (CoAHD)","Bahreïn","Valeur","Number of people unable to afford a healthy diet (NUA), million","2019","Juillet 2025 (rapport SOFI)","millions de No",""
"Coût et abordabilité d’une alimentation saine
 (CoAHD)","Bahreïn","Valeur","Number of people unable to afford a healthy diet (NUA), million","2020","Juillet 2025 (rapport SOFI)","millions de No",""
"Coût et abordabilité d’une alimentation saine
 (CoAHD)","Bahreïn","Valeur","Number of people unable to afford a healthy diet (NUA), million","2021","Juillet 2025 (rapport SOFI)","millions de No",""
"Coût et abordabilité d’une alimentation saine
 (CoAHD)","Bahreïn","Valeur","Number of people unable to afford a healthy diet (NUA), million","2022","Juillet 2025 (rapport SOFI)","millions de No",""
"Coût et abordabilité d’une alimentation saine
 (CoAHD)","Bahreïn","Valeur","Number of people unable to afford a healthy diet (NUA), million","2023","Juillet 2025 (rapport SOFI)","millions de No",""
"Coût et abordabilité d’une alimentation saine
 (CoAHD)","Bahreïn","Valeur","Number of people unable to afford a healthy diet (NUA), million","2024","Juillet 2025 (rapport SOFI)","millions de No",""
"Coût et abordabilité d’une alimentation saine
 (CoAHD)","Bangladesh","Valeur","Cost of animal source foods, LCU per person per day","2021","Juillet 2025 (rapport SOFI)","UML/personne/jour","45.35"
"Coût et abordabilité d’une alimentation saine
 (CoAHD)","Bangladesh","Valeur","Cost of animal source foods, PPP dollar per person per day","2021","Juillet 2025 (rapport SOFI)","Int$ (PPP) per person per day","1.55"
"Coût et abordabilité d’une alimentation saine
 (CoAHD)","Bangladesh","Valeur","Number of people unable to afford a healthy diet (NUA), million","2017","Juillet 2025 (rapport SOFI)","millions de No","106.6"
"Coût et abordabilité d’une alimentation saine
 (CoAHD)","Bangladesh","Valeur","Number of people unable to afford a healthy diet (NUA), million","2018","Juillet 2025 (rapport SOFI)","millions de No","101.5"
"Coût et abordabilité d’une alimentation saine
 (CoAHD)","Bangladesh","Valeur","Number of people unable to afford a healthy diet (NUA), million","2019","Juillet 2025 (rapport SOFI)","millions de No","97.7"
"Coût et abordabilité d’une alimentation saine
 (CoAHD)","Bangladesh","Valeur","Number of people unable to afford a healthy diet (NUA), million","2020","Juillet 2025 (rapport SOFI)","millions de No","94.1"
"Coût et abordabilité d’une alimentation saine
 (CoAHD)","Bangladesh","Valeur","Number of people unable to afford a healthy diet (NUA), million","2021","Juillet 2025 (rapport SOFI)","millions de No","88.3"
"Coût et abordabilité d’une alimentation saine
 (CoAHD)","Bangladesh","Valeur","Number of people unable to afford a healthy diet (NUA), million","2022","Juillet 2025 (rapport SOFI)","millions de No","83.1"
"Coût et abordabilité d’une alimentation saine
 (CoAHD)","Bangladesh","Valeur","Number of people unable to afford a healthy diet (NUA), million","2023","Juillet 2025 (rapport SOFI)","millions de No","79.8"
"Coût et abordabilité d’une alimentation saine
 (CoAHD)","Bangladesh","Valeur","Number of people unable to afford a healthy diet (NUA), million","2024","Juillet 2025 (rapport SOFI)","millions de No","77.1"
"Coût et abordabilité d’une alimentation saine
 (CoAHD)","Biélorussie","Valeur","Cost of animal source foods, LCU per person per day","2021","Juillet 2025 (rapport SOFI)","UML/personne/jour","0.62"
"Coût et abordabilité d’une alimentation saine
 (CoAHD)","Biélorussie","Valeur","Cost of animal source foods, PPP dollar per person per day","2021","Juillet 2025 (rapport SOFI)","Int$ (PPP) per person per day","0.84"
"Coût et abordabilité d’une alimentation saine
 (CoAHD)","Biélorussie","Valeur","Number of people unable to afford a healthy diet (NUA), million","2017","Juillet 2025 (rapport SOFI)","millions de No","0.3"
"Coût et abordabilité d’une alimentation saine
 (CoAHD)","Biélorussie","Valeur","Number of people unable to afford a healthy diet (NUA), million","2018","Juillet 2025 (rapport SOFI)","millions de No","0.2"
"Coût et abordabilité d’une alimentation saine
 (CoAHD)","Biélorussie","Valeur","Number of people unable to afford a healthy diet (NUA), million","2019","Juillet 2025 (rapport SOFI)","millions de No","0.2"
"Coût et abordabilité d’une alimentation saine
 (CoAHD)","Biélorussie","Valeur","Number of people unable to afford a healthy diet (NUA), million","2020","Juillet 2025 (rapport SOFI)","millions de No","0.1"
"Coût et abordabilité d’une alimentation saine
 (CoAHD)","Biélorussie","Valeur","Number of people unable to afford a healthy diet (NUA), million","2021","Juillet 2025 (rapport SOFI)","millions de No","0.1"
"Coût et abordabilité d’une alimentation saine
 (CoAHD)","Biélorussie","Valeur","Number of people unable to afford a healthy diet (NUA), million","2022","Juillet 2025 (rapport SOFI)","millions de No","0.1"
"Coût et abordabilité d’une alimentation saine
 (CoAHD)","Biélorussie","Valeur","Number of people unable to afford a healthy diet (NUA), million","2023","Juillet 2025 (rapport SOFI)","millions de No","0.1"
"Coût et abordabilité d’une alimentation saine
 (CoAHD)","Biélorussie","Valeur","Number of people unable to afford a healthy diet (NUA), million","2024","Juillet 2025 (rapport SOFI)","millions de No","0.1"
"Coût et abordabilité d’une alimentation saine
 (CoAHD)","Belgique","Valeur","Cost of animal source foods, LCU per person per day","2021","Juillet 2025 (rapport SOFI)","UML/personne/jour","0.42"
"Coût et abordabilité d’une alimentation saine
 (CoAHD)","Belgique","Valeur","Cost of animal source foods, PPP dollar per person per day","2021","Juillet 2025 (rapport SOFI)","Int$ (PPP) per person per day","0.53"
"Coût et abordabilité d’une alimentation saine
 (CoAHD)","Belgique","Valeur","Number of people unable to afford a healthy diet (NUA), million","2017","Juillet 2025 (rapport SOFI)","millions de No","0.2"
"Coût et abordabilité d’une alimentation saine
 (CoAHD)","Belgique","Valeur","Number of people unable to afford a healthy diet (NUA), million","2018","Juillet 2025 (rapport SOFI)","millions de No","0.1"
"Coût et abordabilité d’une alimentation saine
 (CoAHD)","Belgique","Valeur","Number of people unable to afford a healthy diet (NUA), million","2019","Juillet 2025 (rapport SOFI)","millions de No","0.2"
"Coût et abordabilité d’une alimentation saine
 (CoAHD)","Belgique","Valeur","Number of people unable to afford a healthy diet (NUA), million","2020","Juillet 2025 (rapport SOFI)","millions de No","0.1"
"Coût et abordabilité d’une alimentation saine
 (CoAHD)","Belgique","Valeur","Number of people unable to afford a healthy diet (NUA), million","2021","Juillet 2025 (rapport SOFI)","millions de No","0.1"
"Coût et abordabilité d’une alimentation saine
 (CoAHD)","Belgique","Valeur","Number of people unable to afford a healthy diet (NUA), million","2022","Juillet 2025 (rapport SOFI)","millions de No","0.1"
"Coût et abordabilité d’une alimentation saine
 (CoAHD)","Belgique","Valeur","Number of people unable to afford a healthy diet (NUA), million","2023","Juillet 2025 (rapport SOFI)","millions de No","0.1"
"Coût et abordabilité d’une alimentation saine
 (CoAHD)","Belgique","Valeur","Number of people unable to afford a healthy diet (NUA), million","2024","Juillet 2025 (rapport SOFI)","millions de No","0.1"
"Coût et abordabilité d’une alimentation saine
 (CoAHD)","Belize","Valeur","Cost of animal source foods, LCU per person per day","2021","Juillet 2025 (rapport SOFI)","UML/personne/jour","0.98"
"Coût et abordabilité d’une alimentation saine
 (CoAHD)","Belize","Valeur","Cost of animal source foods, PPP dollar per person per day","2021","Juillet 2025 (rapport SOFI)","Int$ (PPP) per person per day","0.88"
"Coût et abordabilité d’une alimentation saine
 (CoAHD)","Belize","Valeur","Number of people unable to afford a healthy diet (NUA), million","2017","Juillet 2025 (rapport SOFI)","millions de No","0.2"
"Coût et abordabilité d’une alimentation saine
 (CoAHD)","Belize","Valeur","Number of people unable to afford a healthy diet (NUA), million","2018","Juillet 2025 (rapport SOFI)","millions de No","0.2"
"Coût et abordabilité d’une alimentation saine
 (CoAHD)","Belize","Valeur","Number of people unable to afford a healthy diet (NUA), million","2019","Juillet 2025 (rapport SOFI)","millions de No","0.2"
"Coût et abordabilité d’une alimentation saine
 (CoAHD)","Belize","Valeur","Number of people unable to afford a healthy diet (NUA), million","2020","Juillet 2025 (rapport SOFI)","millions de No","0.3"
"Coût et abordabilité d’une alimentation saine
 (CoAHD)","Belize","Valeur","Number of people unable to afford a healthy diet (NUA), million","2021","Juillet 2025 (rapport SOFI)","millions de No","0.3"
"Coût et abordabilité d’une alimentation saine
 (CoAHD)","Belize","Valeur","Number of people unable to afford a healthy diet (NUA), million","2022","Juillet 2025 (rapport SOFI)","millions de No","0.3"
"Coût et abordabilité d’une alimentation saine
 (CoAHD)","Belize","Valeur","Number of people unable to afford a healthy diet (NUA), million","2023","Juillet 2025 (rapport SOFI)","millions de No","0.3"
"Coût et abordabilité d’une alimentation saine
 (CoAHD)","Belize","Valeur","Number of people unable to afford a healthy diet (NUA), million","2024","Juillet 2025 (rapport SOFI)","millions de No","0.3"
"Coût et abordabilité d’une alimentation saine
 (CoAHD)","Bénin","Valeur","Cost of animal source foods, LCU per person per day","2021","Juillet 2025 (rapport SOFI)","UML/personne/jour","238.77"
"Coût et abordabilité d’une alimentation saine
 (CoAHD)","Bénin","Valeur","Cost of animal source foods, PPP dollar per person per day","2021","Juillet 2025 (rapport SOFI)","Int$ (PPP) per person per day","1.09"
"Coût et abordabilité d’une alimentation saine
 (CoAHD)","Bénin","Valeur","Number of people unable to afford a healthy diet (NUA), million","2017","Juillet 2025 (rapport SOFI)","millions de No","9.5"
"Coût et abordabilité d’une alimentation saine
 (CoAHD)","Bénin","Valeur","Number of people unable to afford a healthy diet (NUA), million","2018","Juillet 2025 (rapport SOFI)","millions de No","8.6"
"Coût et abordabilité d’une alimentation saine
 (CoAHD)","Bénin","Valeur","Number of people unable to afford a healthy diet (NUA), million","2019","Juillet 2025 (rapport SOFI)","millions de No","8.1"
"Coût et abordabilité d’une alimentation saine
 (CoAHD)","Bénin","Valeur","Number of people unable to afford a healthy diet (NUA), million","2020","Juillet 2025 (rapport SOFI)","millions de No","8.1"
"Coût et abordabilité d’une alimentation saine
 (CoAHD)","Bénin","Valeur","Number of people unable to afford a healthy diet (NUA), million","2021","Juillet 2025 (rapport SOFI)","millions de No","8.1"
"Coût et abordabilité d’une alimentation saine
 (CoAHD)","Bénin","Valeur","Number of people unable to afford a healthy diet (NUA), million","2022","Juillet 2025 (rapport SOFI)","millions de No","7.8"
"Coût et abordabilité d’une alimentation saine
 (CoAHD)","Bénin","Valeur","Number of people unable to afford a healthy diet (NUA), million","2023","Juillet 2025 (rapport SOFI)","millions de No","7.7"
"Coût et abordabilité d’une alimentation saine
 (CoAHD)","Bénin","Valeur","Number of people unable to afford a healthy diet (NUA), million","2024","Juillet 2025 (rapport SOFI)","millions de No","7.7"
"Coût et abordabilité d’une alimentation saine
 (CoAHD)","Bermudes","Valeur","Cost of animal source foods, LCU per person per day","2021","Juillet 2025 (rapport SOFI)","UML/personne/jour","1.3"
"Coût et abordabilité d’une alimentation saine
 (CoAHD)","Bermudes","Valeur","Cost of animal source foods, PPP dollar per person per day","2021","Juillet 2025 (rapport SOFI)","Int$ (PPP) per person per day","0.9"
"Coût et abordabilité d’une alimentation saine
 (CoAHD)","Bermudes","Valeur","Number of people unable to afford a healthy diet (NUA), million","2017","Juillet 2025 (rapport SOFI)","millions de No",""
"Coût et abordabilité d’une alimentation saine
 (CoAHD)","Bermudes","Valeur","Number of people unable to afford a healthy diet (NUA), million","2018","Juillet 2025 (rapport SOFI)","millions de No",""
"Coût et abordabilité d’une alimentation saine
 (CoAHD)","Bermudes","Valeur","Number of people unable to afford a healthy diet (NUA), million","2019","Juillet 2025 (rapport SOFI)","millions de No",""
"Coût et abordabilité d’une alimentation saine
 (CoAHD)","Bermudes","Valeur","Number of people unable to afford a healthy diet (NUA), million","2020","Juillet 2025 (rapport SOFI)","millions de No",""
"Coût et abordabilité d’une alimentation saine
 (CoAHD)","Bermudes","Valeur","Number of people unable to afford a healthy diet (NUA), million","2021","Juillet 2025 (rapport SOFI)","millions de No",""
"Coût et abordabilité d’une alimentation saine
 (CoAHD)","Bermudes","Valeur","Number of people unable to afford a healthy diet (NUA), million","2022","Juillet 2025 (rapport SOFI)","millions de No",""
"Coût et abordabilité d’une alimentation saine
 (CoAHD)","Bermudes","Valeur","Number of people unable to afford a healthy diet (NUA), million","2023","Juillet 2025 (rapport SOFI)","millions de No",""
"Coût et abordabilité d’une alimentation saine
 (CoAHD)","Bermudes","Valeur","Number of people unable to afford a healthy diet (NUA), million","2024","Juillet 2025 (rapport SOFI)","millions de No",""
"Coût et abordabilité d’une alimentation saine
 (CoAHD)","Bhoutan","Valeur","Cost of animal source foods, LCU per person per day","2021","Juillet 2025 (rapport SOFI)","UML/personne/jour","29.79"
"Coût et abordabilité d’une alimentation saine
 (CoAHD)","Bhoutan","Valeur","Cost of animal source foods, PPP dollar per person per day","2021","Juillet 2025 (rapport SOFI)","Int$ (PPP) per person per day","1.39"
"Coût et abordabilité d’une alimentation saine
 (CoAHD)","Bhoutan","Valeur","Number of people unable to afford a healthy diet (NUA), million","2017","Juillet 2025 (rapport SOFI)","millions de No","0.2"
"Coût et abordabilité d’une alimentation saine
 (CoAHD)","Bhoutan","Valeur","Number of people unable to afford a healthy diet (NUA), million","2018","Juillet 2025 (rapport SOFI)","millions de No","0.1"
"Coût et abordabilité d’une alimentation saine
 (CoAHD)","Bhoutan","Valeur","Number of people unable to afford a healthy diet (NUA), million","2019","Juillet 2025 (rapport SOFI)","millions de No","0.1"
"Coût et abordabilité d’une alimentation saine
 (CoAHD)","Bhoutan","Valeur","Number of people unable to afford a healthy diet (NUA), million","2020","Juillet 2025 (rapport SOFI)","millions de No","0.1"
"Coût et abordabilité d’une alimentation saine
 (CoAHD)","Bhoutan","Valeur","Number of people unable to afford a healthy diet (NUA), million","2021","Juillet 2025 (rapport SOFI)","millions de No","0.2"
"Coût et abordabilité d’une alimentation saine
 (CoAHD)","Bhoutan","Valeur","Number of people unable to afford a healthy diet (NUA), million","2022","Juillet 2025 (rapport SOFI)","millions de No","<0.1"
"Coût et abordabilité d’une alimentation saine
 (CoAHD)","Bhoutan","Valeur","Number of people unable to afford a healthy diet (NUA), million","2023","Juillet 2025 (rapport SOFI)","millions de No","<0.1"
"Coût et abordabilité d’une alimentation saine
 (CoAHD)","Bhoutan","Valeur","Number of people unable to afford a healthy diet (NUA), million","2024","Juillet 2025 (rapport SOFI)","millions de No","<0.1"
"Coût et abordabilité d’une alimentation saine
 (CoAHD)","Bolivie","Valeur","Cost of animal source foods, LCU per person per day","2021","Juillet 2025 (rapport SOFI)","UML/personne/jour","3.03"
"Coût et abordabilité d’une alimentation saine
 (CoAHD)","Bolivie","Valeur","Cost of animal source foods, PPP dollar per person per day","2021","Juillet 2025 (rapport SOFI)","Int$ (PPP) per person per day","1.24"
"Coût et abordabilité d’une alimentation saine
 (CoAHD)","Bolivie","Valeur","Number of people unable to afford a healthy diet (NUA), million","2017","Juillet 2025 (rapport SOFI)","millions de No","1.7"
"Coût et abordabilité d’une alimentation saine
 (CoAHD)","Bolivie","Valeur","Number of people unable to afford a healthy diet (NUA), million","2018","Juillet 2025 (rapport SOFI)","millions de No","1.5"
"Coût et abordabilité d’une alimentation saine
 (CoAHD)","Bolivie","Valeur","Number of people unable to afford a healthy diet (NUA), million","2019","Juillet 2025 (rapport SOFI)","millions de No","1.2"
"Coût et abordabilité d’une alimentation saine
 (CoAHD)","Bolivie","Valeur","Number of people unable to afford a healthy diet (NUA), million","2020","Juillet 2025 (rapport SOFI)","millions de No","1.3"
"Coût et abordabilité d’une alimentation saine
 (CoAHD)","Bolivie","Valeur","Number of people unable to afford a healthy diet (NUA), million","2021","Juillet 2025 (rapport SOFI)","millions de No","1.1"
"Coût et abordabilité d’une alimentation saine
 (CoAHD)","Bolivie","Valeur","Number of people unable to afford a healthy diet (NUA), million","2022","Juillet 2025 (rapport SOFI)","millions de No","1.1"
"Coût et abordabilité d’une alimentation saine
 (CoAHD)","Bolivie","Valeur","Number of people unable to afford a healthy diet (NUA), million","2023","Juillet 2025 (rapport SOFI)","millions de No","1.1"
"Coût et abordabilité d’une alimentation saine
 (CoAHD)","Bolivie","Valeur","Number of people unable to afford a healthy diet (NUA), million","2024","Juillet 2025 (rapport SOFI)","millions de No","1.1"
"Coût et abordabilité d’une alimentation saine
 (CoAHD)","Bosnie-Herzégovine","Valeur","Cost of animal source foods, LCU per person per day","2021","Juillet 2025 (rapport SOFI)","UML/personne/jour","0.77"
"Coût et abordabilité d’une alimentation saine
 (CoAHD)","Bosnie-Herzégovine","Valeur","Cost of animal source foods, PPP dollar per person per day","2021","Juillet 2025 (rapport SOFI)","Int$ (PPP) per person per day","1.01"
"Coût et abordabilité d’une alimentation saine
 (CoAHD)","Bosnie-Herzégovine","Valeur","Number of people unable to afford a healthy diet (NUA), million","2017","Juillet 2025 (rapport SOFI)","millions de No","0.2"
"Coût et abordabilité d’une alimentation saine
 (CoAHD)","Bosnie-Herzégovine","Valeur","Number of people unable to afford a healthy diet (NUA), million","2018","Juillet 2025 (rapport SOFI)","millions de No","0.2"
"Coût et abordabilité d’une alimentation saine
 (CoAHD)","Bosnie-Herzégovine","Valeur","Number of people unable to afford a healthy diet (NUA), million","2019","Juillet 2025 (rapport SOFI)","millions de No","0.2"
"Coût et abordabilité d’une alimentation saine
 (CoAHD)","Bosnie-Herzégovine","Valeur","Number of people unable to afford a healthy diet (NUA), million","2020","Juillet 2025 (rapport SOFI)","millions de No","0.2"
"Coût et abordabilité d’une alimentation saine
 (CoAHD)","Bosnie-Herzégovine","Valeur","Number of people unable to afford a healthy diet (NUA), million","2021","Juillet 2025 (rapport SOFI)","millions de No","0.2"
"Coût et abordabilité d’une alimentation saine
 (CoAHD)","Bosnie-Herzégovine","Valeur","Number of people unable to afford a healthy diet (NUA), million","2022","Juillet 2025 (rapport SOFI)","millions de No","0.2"
"Coût et abordabilité d’une alimentation saine
 (CoAHD)","Bosnie-Herzégovine","Valeur","Number of people unable to afford a healthy diet (NUA), million","2023","Juillet 2025 (rapport SOFI)","millions de No","0.2"
"Coût et abordabilité d’une alimentation saine
 (CoAHD)","Bosnie-Herzégovine","Valeur","Number of people unable to afford a healthy diet (NUA), million","2024","Juillet 2025 (rapport SOFI)","millions de No","0.2"
"Coût et abordabilité d’une alimentation saine
 (CoAHD)","Botswana","Valeur","Cost of animal source foods, LCU per person per day","2021","Juillet 2025 (rapport SOFI)","UML/personne/jour","6.1"
"Coût et abordabilité d’une alimentation saine
 (CoAHD)","Botswana","Valeur","Cost of animal source foods, PPP dollar per person per day","2021","Juillet 2025 (rapport SOFI)","Int$ (PPP) per person per day","1.2"
"Coût et abordabilité d’une alimentation saine
 (CoAHD)","Botswana","Valeur","Number of people unable to afford a healthy diet (NUA), million","2017","Juillet 2025 (rapport SOFI)","millions de No","1.4"
"Coût et abordabilité d’une alimentation saine
 (CoAHD)","Botswana","Valeur","Number of people unable to afford a healthy diet (NUA), million","2018","Juillet 2025 (rapport SOFI)","millions de No","1.4"
"Coût et abordabilité d’une alimentation saine
 (CoAHD)","Botswana","Valeur","Number of people unable to afford a healthy diet (NUA), million","2019","Juillet 2025 (rapport SOFI)","millions de No","1.4"
"Coût et abordabilité d’une alimentation saine
 (CoAHD)","Botswana","Valeur","Number of people unable to afford a healthy diet (NUA), million","2020","Juillet 2025 (rapport SOFI)","millions de No","1.4"
"Coût et abordabilité d’une alimentation saine
 (CoAHD)","Botswana","Valeur","Number of people unable to afford a healthy diet (NUA), million","2021","Juillet 2025 (rapport SOFI)","millions de No","1.5"
"Coût et abordabilité d’une alimentation saine
 (CoAHD)","Botswana","Valeur","Number of people unable to afford a healthy diet (NUA), million","2022","Juillet 2025 (rapport SOFI)","millions de No","1.5"
"Coût et abordabilité d’une alimentation saine
 (CoAHD)","Botswana","Valeur","Number of people unable to afford a healthy diet (NUA), million","2023","Juillet 2025 (rapport SOFI)","millions de No","1.5"
"Coût et abordabilité d’une alimentation saine
 (CoAHD)","Botswana","Valeur","Number of people unable to afford a healthy diet (NUA), million","2024","Juillet 2025 (rapport SOFI)","millions de No","1.5"
"Coût et abordabilité d’une alimentation saine
 (CoAHD)","Brésil","Valeur","Cost of animal source foods, LCU per person per day","2021","Juillet 2025 (rapport SOFI)","UML/personne/jour","2.09"
"Coût et abordabilité d’une alimentation saine
 (CoAHD)","Brésil","Valeur","Cost of animal source foods, PPP dollar per person per day","2021","Juillet 2025 (rapport SOFI)","Int$ (PPP) per person per day","0.85"
"Coût et abordabilité d’une alimentation saine
 (CoAHD)","Brésil","Valeur","Number of people unable to afford a healthy diet (NUA), million","2017","Juillet 2025 (rapport SOFI)","millions de No","55.5"
"Coût et abordabilité d’une alimentation saine
 (CoAHD)","Brésil","Valeur","Number of people unable to afford a healthy diet (NUA), million","2018","Juillet 2025 (rapport SOFI)","millions de No","54.3"
"Coût et abordabilité d’une alimentation saine
 (CoAHD)","Brésil","Valeur","Number of people unable to afford a healthy diet (NUA), million","2019","Juillet 2025 (rapport SOFI)","millions de No","53.9"
"Coût et abordabilité d’une alimentation saine
 (CoAHD)","Brésil","Valeur","Number of people unable to afford a healthy diet (NUA), million","2020","Juillet 2025 (rapport SOFI)","millions de No","40.4"
"Coût et abordabilité d’une alimentation saine
 (CoAHD)","Brésil","Valeur","Number of people unable to afford a healthy diet (NUA), million","2021","Juillet 2025 (rapport SOFI)","millions de No","62.4"
"Coût et abordabilité d’une alimentation saine
 (CoAHD)","Brésil","Valeur","Number of people unable to afford a healthy diet (NUA), million","2022","Juillet 2025 (rapport SOFI)","millions de No","52.4"
"Coût et abordabilité d’une alimentation saine
 (CoAHD)","Brésil","Valeur","Number of people unable to afford a healthy diet (NUA), million","2023","Juillet 2025 (rapport SOFI)","millions de No","50.8"
"Coût et abordabilité d’une alimentation saine
 (CoAHD)","Brésil","Valeur","Number of people unable to afford a healthy diet (NUA), million","2024","Juillet 2025 (rapport SOFI)","millions de No","50.2"
"Coût et abordabilité d’une alimentation saine
 (CoAHD)","Brunei","Valeur","Cost of animal source foods, LCU per person per day","2021","Juillet 2025 (rapport SOFI)","UML/personne/jour","0.79"
"Coût et abordabilité d’une alimentation saine
 (CoAHD)","Brunei","Valeur","Cost of animal source foods, PPP dollar per person per day","2021","Juillet 2025 (rapport SOFI)","Int$ (PPP) per person per day","1.31"
"Coût et abordabilité d’une alimentation saine
 (CoAHD)","Brunei","Valeur","Number of people unable to afford a healthy diet (NUA), million","2017","Juillet 2025 (rapport SOFI)","millions de No",""
"Coût et abordabilité d’une alimentation saine
 (CoAHD)","Brunei","Valeur","Number of people unable to afford a healthy diet (NUA), million","2018","Juillet 2025 (rapport SOFI)","millions de No",""
"Coût et abordabilité d’une alimentation saine
 (CoAHD)","Brunei","Valeur","Number of people unable to afford a healthy diet (NUA), million","2019","Juillet 2025 (rapport SOFI)","millions de No",""
"Coût et abordabilité d’une alimentation saine
 (CoAHD)","Brunei","Valeur","Number of people unable to afford a healthy diet (NUA), million","2020","Juillet 2025 (rapport SOFI)","millions de No",""
"Coût et abordabilité d’une alimentation saine
 (CoAHD)","Brunei","Valeur","Number of people unable to afford a healthy diet (NUA), million","2021","Juillet 2025 (rapport SOFI)","millions de No",""
"Coût et abordabilité d’une alimentation saine
 (CoAHD)","Brunei","Valeur","Number of people unable to afford a healthy diet (NUA), million","2022","Juillet 2025 (rapport SOFI)","millions de No",""
"Coût et abordabilité d’une alimentation saine
 (CoAHD)","Brunei","Valeur","Number of people unable to afford a healthy diet (NUA), million","2023","Juillet 2025 (rapport SOFI)","millions de No",""
"Coût et abordabilité d’une alimentation saine
 (CoAHD)","Brunei","Valeur","Number of people unable to afford a healthy diet (NUA), million","2024","Juillet 2025 (rapport SOFI)","millions de No",""
"Coût et abordabilité d’une alimentation saine
 (CoAHD)","Bulgarie","Valeur","Cost of animal source foods, LCU per person per day","2021","Juillet 2025 (rapport SOFI)","UML/personne/jour","0.74"
"Coût et abordabilité d’une alimentation saine
 (CoAHD)","Bulgarie","Valeur","Cost of animal source foods, PPP dollar per person per day","2021","Juillet 2025 (rapport SOFI)","Int$ (PPP) per person per day","0.98"
"Coût et abordabilité d’une alimentation saine
 (CoAHD)","Bulgarie","Valeur","Number of people unable to afford a healthy diet (NUA), million","2017","Juillet 2025 (rapport SOFI)","millions de No","0.7"
"Coût et abordabilité d’une alimentation saine
 (CoAHD)","Bulgarie","Valeur","Number of people unable to afford a healthy diet (NUA), million","2018","Juillet 2025 (rapport SOFI)","millions de No","0.6"
"Coût et abordabilité d’une alimentation saine
 (CoAHD)","Bulgarie","Valeur","Number of people unable to afford a healthy diet (NUA), million","2019","Juillet 2025 (rapport SOFI)","millions de No","0.5"
"Coût et abordabilité d’une alimentation saine
 (CoAHD)","Bulgarie","Valeur","Number of people unable to afford a healthy diet (NUA), million","2020","Juillet 2025 (rapport SOFI)","millions de No","0.4"
"Coût et abordabilité d’une alimentation saine
 (CoAHD)","Bulgarie","Valeur","Number of people unable to afford a healthy diet (NUA), million","2021","Juillet 2025 (rapport SOFI)","millions de No","0.4"
"Coût et abordabilité d’une alimentation saine
 (CoAHD)","Bulgarie","Valeur","Number of people unable to afford a healthy diet (NUA), million","2022","Juillet 2025 (rapport SOFI)","millions de No","0.4"
"Coût et abordabilité d’une alimentation saine
 (CoAHD)","Bulgarie","Valeur","Number of people unable to afford a healthy diet (NUA), million","2023","Juillet 2025 (rapport SOFI)","millions de No","0.4"
"Coût et abordabilité d’une alimentation saine
 (CoAHD)","Bulgarie","Valeur","Number of people unable to afford a healthy diet (NUA), million","2024","Juillet 2025 (rapport SOFI)","millions de No","0.4"
"Coût et abordabilité d’une alimentation saine
 (CoAHD)","Burkina Faso","Valeur","Cost of animal source foods, LCU per person per day","2021","Juillet 2025 (rapport SOFI)","UML/personne/jour","177.59"
"Coût et abordabilité d’une alimentation saine
 (CoAHD)","Burkina Faso","Valeur","Cost of animal source foods, PPP dollar per person per day","2021","Juillet 2025 (rapport SOFI)","Int$ (PPP) per person per day","0.92"
"Coût et abordabilité d’une alimentation saine
 (CoAHD)","Burkina Faso","Valeur","Number of people unable to afford a healthy diet (NUA), million","2017","Juillet 2025 (rapport SOFI)","millions de No","13.2"
"Coût et abordabilité d’une alimentation saine
 (CoAHD)","Burkina Faso","Valeur","Number of people unable to afford a healthy diet (NUA), million","2018","Juillet 2025 (rapport SOFI)","millions de No","12.9"
"Coût et abordabilité d’une alimentation saine
 (CoAHD)","Burkina Faso","Valeur","Number of people unable to afford a healthy diet (NUA), million","2019","Juillet 2025 (rapport SOFI)","millions de No","12.6"
"Coût et abordabilité d’une alimentation saine
 (CoAHD)","Burkina Faso","Valeur","Number of people unable to afford a healthy diet (NUA), million","2020","Juillet 2025 (rapport SOFI)","millions de No","13.1"
"Coût et abordabilité d’une alimentation saine
 (CoAHD)","Burkina Faso","Valeur","Number of people unable to afford a healthy diet (NUA), million","2021","Juillet 2025 (rapport SOFI)","millions de No","13.3"
"Coût et abordabilité d’une alimentation saine
 (CoAHD)","Burkina Faso","Valeur","Number of people unable to afford a healthy diet (NUA), million","2022","Juillet 2025 (rapport SOFI)","millions de No","14.5"
"Coût et abordabilité d’une alimentation saine
 (CoAHD)","Burkina Faso","Valeur","Number of people unable to afford a healthy diet (NUA), million","2023","Juillet 2025 (rapport SOFI)","millions de No","14.5"
"Coût et abordabilité d’une alimentation saine
 (CoAHD)","Burkina Faso","Valeur","Number of people unable to afford a healthy diet (NUA), million","2024","Juillet 2025 (rapport SOFI)","millions de No","14.9"
"Coût et abordabilité d’une alimentation saine
 (CoAHD)","Burundi","Valeur","Cost of animal source foods, LCU per person per day","2021","Juillet 2025 (rapport SOFI)","UML/personne/jour","1049.99"
"Coût et abordabilité d’une alimentation saine
 (CoAHD)","Burundi","Valeur","Cost of animal source foods, PPP dollar per person per day","2021","Juillet 2025 (rapport SOFI)","Int$ (PPP) per person per day","1.6"
"Coût et abordabilité d’une alimentation saine
 (CoAHD)","Burundi","Valeur","Number of people unable to afford a healthy diet (NUA), million","2017","Juillet 2025 (rapport SOFI)","millions de No","10.4"
"Coût et abordabilité d’une alimentation saine
 (CoAHD)","Burundi","Valeur","Number of people unable to afford a healthy diet (NUA), million","2018","Juillet 2025 (rapport SOFI)","millions de No","10.5"
"Coût et abordabilité d’une alimentation saine
 (CoAHD)","Burundi","Valeur","Number of people unable to afford a healthy diet (NUA), million","2019","Juillet 2025 (rapport SOFI)","millions de No","10.7"
"Coût et abordabilité d’une alimentation saine
 (CoAHD)","Burundi","Valeur","Number of people unable to afford a healthy diet (NUA), million","2020","Juillet 2025 (rapport SOFI)","millions de No","11.2"
"Coût et abordabilité d’une alimentation saine
 (CoAHD)","Burundi","Valeur","Number of people unable to afford a healthy diet (NUA), million","2021","Juillet 2025 (rapport SOFI)","millions de No","11.5"
"Coût et abordabilité d’une alimentation saine
 (CoAHD)","Burundi","Valeur","Number of people unable to afford a healthy diet (NUA), million","2022","Juillet 2025 (rapport SOFI)","millions de No","12"
"Coût et abordabilité d’une alimentation saine
 (CoAHD)","Burundi","Valeur","Number of people unable to afford a healthy diet (NUA), million","2023","Juillet 2025 (rapport SOFI)","millions de No","12.5"
"Coût et abordabilité d’une alimentation saine
 (CoAHD)","Burundi","Valeur","Number of people unable to afford a healthy diet (NUA), million","2024","Juillet 2025 (rapport SOFI)","millions de No","12.8"
"Coût et abordabilité d’une alimentation saine
 (CoAHD)","Cap Vert","Valeur","Cost of animal source foods, LCU per person per day","2021","Juillet 2025 (rapport SOFI)","UML/personne/jour","38.73"
"Coût et abordabilité d’une alimentation saine
 (CoAHD)","Cap Vert","Valeur","Cost of animal source foods, PPP dollar per person per day","2021","Juillet 2025 (rapport SOFI)","Int$ (PPP) per person per day","0.71"
"Coût et abordabilité d’une alimentation saine
 (CoAHD)","Cap Vert","Valeur","Number of people unable to afford a healthy diet (NUA), million","2017","Juillet 2025 (rapport SOFI)","millions de No","0.2"
"Coût et abordabilité d’une alimentation saine
 (CoAHD)","Cap Vert","Valeur","Number of people unable to afford a healthy diet (NUA), million","2018","Juillet 2025 (rapport SOFI)","millions de No","0.1"
"Coût et abordabilité d’une alimentation saine
 (CoAHD)","Cap Vert","Valeur","Number of people unable to afford a healthy diet (NUA), million","2019","Juillet 2025 (rapport SOFI)","millions de No","0.1"
"Coût et abordabilité d’une alimentation saine
 (CoAHD)","Cap Vert","Valeur","Number of people unable to afford a healthy diet (NUA), million","2020","Juillet 2025 (rapport SOFI)","millions de No","0.2"
"Coût et abordabilité d’une alimentation saine
 (CoAHD)","Cap Vert","Valeur","Number of people unable to afford a healthy diet (NUA), million","2021","Juillet 2025 (rapport SOFI)","millions de No","0.2"
"Coût et abordabilité d’une alimentation saine
 (CoAHD)","Cap Vert","Valeur","Number of people unable to afford a healthy diet (NUA), million","2022","Juillet 2025 (rapport SOFI)","millions de No","0.2"
"Coût et abordabilité d’une alimentation saine
 (CoAHD)","Cap Vert","Valeur","Number of people unable to afford a healthy diet (NUA), million","2023","Juillet 2025 (rapport SOFI)","millions de No","0.2"
"Coût et abordabilité d’une alimentation saine
 (CoAHD)","Cap Vert","Valeur","Number of people unable to afford a healthy diet (NUA), million","2024","Juillet 2025 (rapport SOFI)","millions de No","0.2"
"Coût et abordabilité d’une alimentation saine
 (CoAHD)","Cambodge","Valeur","Cost of animal source foods, LCU per person per day","2021","Juillet 2025 (rapport SOFI)","UML/personne/jour","1694.27"
"Coût et abordabilité d’une alimentation saine
 (CoAHD)","Cambodge","Valeur","Cost of animal source foods, PPP dollar per person per day","2021","Juillet 2025 (rapport SOFI)","Int$ (PPP) per person per day","1.07"
"Coût et abordabilité d’une alimentation saine
 (CoAHD)","Cambodge","Valeur","Number of people unable to afford a healthy diet (NUA), million","2017","Juillet 2025 (rapport SOFI)","millions de No",""
"Coût et abordabilité d’une alimentation saine
 (CoAHD)","Cambodge","Valeur","Number of people unable to afford a healthy diet (NUA), million","2018","Juillet 2025 (rapport SOFI)","millions de No",""
"Coût et abordabilité d’une alimentation saine
 (CoAHD)","Cambodge","Valeur","Number of people unable to afford a healthy diet (NUA), million","2019","Juillet 2025 (rapport SOFI)","millions de No",""
"Coût et abordabilité d’une alimentation saine
 (CoAHD)","Cambodge","Valeur","Number of people unable to afford a healthy diet (NUA), million","2020","Juillet 2025 (rapport SOFI)","millions de No",""
"Coût et abordabilité d’une alimentation saine
 (CoAHD)","Cambodge","Valeur","Number of people unable to afford a healthy diet (NUA), million","2021","Juillet 2025 (rapport SOFI)","millions de No",""
"Coût et abordabilité d’une alimentation saine
 (CoAHD)","Cambodge","Valeur","Number of people unable to afford a healthy diet (NUA), million","2022","Juillet 2025 (rapport SOFI)","millions de No",""
"Coût et abordabilité d’une alimentation saine
 (CoAHD)","Cambodge","Valeur","Number of people unable to afford a healthy diet (NUA), million","2023","Juillet 2025 (rapport SOFI)","millions de No",""
"Coût et abordabilité d’une alimentation saine
 (CoAHD)","Cambodge","Valeur","Number of people unable to afford a healthy diet (NUA), million","2024","Juillet 2025 (rapport SOFI)","millions de No",""
"Coût et abordabilité d’une alimentation saine
 (CoAHD)","Cameroun","Valeur","Cost of animal source foods, LCU per person per day","2021","Juillet 2025 (rapport SOFI)","UML/personne/jour","322.48"
"Coût et abordabilité d’une alimentation saine
 (CoAHD)","Cameroun","Valeur","Cost of animal source foods, PPP dollar per person per day","2021","Juillet 2025 (rapport SOFI)","Int$ (PPP) per person per day","1.6"
"Coût et abordabilité d’une alimentation saine
 (CoAHD)","Cameroun","Valeur","Number of people unable to afford a healthy diet (NUA), million","2017","Juillet 2025 (rapport SOFI)","millions de No","12.7"
"Coût et abordabilité d’une alimentation saine
 (CoAHD)","Cameroun","Valeur","Number of people unable to afford a healthy diet (NUA), million","2018","Juillet 2025 (rapport SOFI)","millions de No","13"
"Coût et abordabilité d’une alimentation saine
 (CoAHD)","Cameroun","Valeur","Number of people unable to afford a healthy diet (NUA), million","2019","Juillet 2025 (rapport SOFI)","millions de No","13.4"
"Coût et abordabilité d’une alimentation saine
 (CoAHD)","Cameroun","Valeur","Number of people unable to afford a healthy diet (NUA), million","2020","Juillet 2025 (rapport SOFI)","millions de No","14.1"
"Coût et abordabilité d’une alimentation saine
 (CoAHD)","Cameroun","Valeur","Number of people unable to afford a healthy diet (NUA), million","2021","Juillet 2025 (rapport SOFI)","millions de No","14.7"
"Coût et abordabilité d’une alimentation saine
 (CoAHD)","Cameroun","Valeur","Number of people unable to afford a healthy diet (NUA), million","2022","Juillet 2025 (rapport SOFI)","millions de No","15.5"
"Coût et abordabilité d’une alimentation saine
 (CoAHD)","Cameroun","Valeur","Number of people unable to afford a healthy diet (NUA), million","2023","Juillet 2025 (rapport SOFI)","millions de No","16.1"
"Coût et abordabilité d’une alimentation saine
 (CoAHD)","Cameroun","Valeur","Number of people unable to afford a healthy diet (NUA), million","2024","Juillet 2025 (rapport SOFI)","millions de No","16.5"
"Coût et abordabilité d’une alimentation saine
 (CoAHD)","Canada","Valeur","Cost of animal source foods, LCU per person per day","2021","Juillet 2025 (rapport SOFI)","UML/personne/jour","1.19"
"Coût et abordabilité d’une alimentation saine
 (CoAHD)","Canada","Valeur","Cost of animal source foods, PPP dollar per person per day","2021","Juillet 2025 (rapport SOFI)","Int$ (PPP) per person per day","0.95"
"Coût et abordabilité d’une alimentation saine
 (CoAHD)","Canada","Valeur","Number of people unable to afford a healthy diet (NUA), million","2017","Juillet 2025 (rapport SOFI)","millions de No","1.2"
"Coût et abordabilité d’une alimentation saine
 (CoAHD)","Canada","Valeur","Number of people unable to afford a healthy diet (NUA), million","2018","Juillet 2025 (rapport SOFI)","millions de No","1"
"Coût et abordabilité d’une alimentation saine
 (CoAHD)","Canada","Valeur","Number of people unable to afford a healthy diet (NUA), million","2019","Juillet 2025 (rapport SOFI)","millions de No","1"
"Coût et abordabilité d’une alimentation saine
 (CoAHD)","Canada","Valeur","Number of people unable to afford a healthy diet (NUA), million","2020","Juillet 2025 (rapport SOFI)","millions de No","1.2"
"Coût et abordabilité d’une alimentation saine
 (CoAHD)","Canada","Valeur","Number of people unable to afford a healthy diet (NUA), million","2021","Juillet 2025 (rapport SOFI)","millions de No","1.2"
"Coût et abordabilité d’une alimentation saine
 (CoAHD)","Canada","Valeur","Number of people unable to afford a healthy diet (NUA), million","2022","Juillet 2025 (rapport SOFI)","millions de No","1.1"
"Coût et abordabilité d’une alimentation saine
 (CoAHD)","Canada","Valeur","Number of people unable to afford a healthy diet (NUA), million","2023","Juillet 2025 (rapport SOFI)","millions de No","1.2"
"Coût et abordabilité d’une alimentation saine
 (CoAHD)","Canada","Valeur","Number of people unable to afford a healthy diet (NUA), million","2024","Juillet 2025 (rapport SOFI)","millions de No","1.2"
"Coût et abordabilité d’une alimentation saine
 (CoAHD)","Chili","Valeur","Cost of animal source foods, LCU per person per day","2021","Juillet 2025 (rapport SOFI)","UML/personne/jour","386.85"
"Coût et abordabilité d’une alimentation saine
 (CoAHD)","Chili","Valeur","Cost of animal source foods, PPP dollar per person per day","2021","Juillet 2025 (rapport SOFI)","Int$ (PPP) per person per day","0.8"
"Coût et abordabilité d’une alimentation saine
 (CoAHD)","Chili","Valeur","Number of people unable to afford a healthy diet (NUA), million","2017","Juillet 2025 (rapport SOFI)","millions de No","8.9"
"Coût et abordabilité d’une alimentation saine
 (CoAHD)","Chili","Valeur","Number of people unable to afford a healthy diet (NUA), million","2018","Juillet 2025 (rapport SOFI)","millions de No","8.7"
"Coût et abordabilité d’une alimentation saine
 (CoAHD)","Chili","Valeur","Number of people unable to afford a healthy diet (NUA), million","2019","Juillet 2025 (rapport SOFI)","millions de No","8.8"
"Coût et abordabilité d’une alimentation saine
 (CoAHD)","Chili","Valeur","Number of people unable to afford a healthy diet (NUA), million","2020","Juillet 2025 (rapport SOFI)","millions de No","9.7"
"Coût et abordabilité d’une alimentation saine
 (CoAHD)","Chili","Valeur","Number of people unable to afford a healthy diet (NUA), million","2021","Juillet 2025 (rapport SOFI)","millions de No","8.3"
"Coût et abordabilité d’une alimentation saine
 (CoAHD)","Chili","Valeur","Number of people unable to afford a healthy diet (NUA), million","2022","Juillet 2025 (rapport SOFI)","millions de No","7.9"
"Coût et abordabilité d’une alimentation saine
 (CoAHD)","Chili","Valeur","Number of people unable to afford a healthy diet (NUA), million","2023","Juillet 2025 (rapport SOFI)","millions de No","8.2"
"Coût et abordabilité d’une alimentation saine
 (CoAHD)","Chili","Valeur","Number of people unable to afford a healthy diet (NUA), million","2024","Juillet 2025 (rapport SOFI)","millions de No","7.9"
"Coût et abordabilité d’une alimentation saine
 (CoAHD)","Chine - RAS de Hong-Kong","Valeur","Cost of animal source foods, LCU per person per day","2021","Juillet 2025 (rapport SOFI)","UML/personne/jour","7.31"
"Coût et abordabilité d’une alimentation saine
 (CoAHD)","Chine - RAS de Hong-Kong","Valeur","Cost of animal source foods, PPP dollar per person per day","2021","Juillet 2025 (rapport SOFI)","Int$ (PPP) per person per day","1.14"
"Coût et abordabilité d’une alimentation saine
 (CoAHD)","Chine - RAS de Hong-Kong","Valeur","Number of people unable to afford a healthy diet (NUA), million","2017","Juillet 2025 (rapport SOFI)","millions de No",""
"Coût et abordabilité d’une alimentation saine
 (CoAHD)","Chine - RAS de Hong-Kong","Valeur","Number of people unable to afford a healthy diet (NUA), million","2018","Juillet 2025 (rapport SOFI)","millions de No",""
"Coût et abordabilité d’une alimentation saine
 (CoAHD)","Chine - RAS de Hong-Kong","Valeur","Number of people unable to afford a healthy diet (NUA), million","2019","Juillet 2025 (rapport SOFI)","millions de No",""
"Coût et abordabilité d’une alimentation saine
 (CoAHD)","Chine - RAS de Hong-Kong","Valeur","Number of people unable to afford a healthy diet (NUA), million","2020","Juillet 2025 (rapport SOFI)","millions de No",""
"Coût et abordabilité d’une alimentation saine
 (CoAHD)","Chine - RAS de Hong-Kong","Valeur","Number of people unable to afford a healthy diet (NUA), million","2021","Juillet 2025 (rapport SOFI)","millions de No",""
"Coût et abordabilité d’une alimentation saine
 (CoAHD)","Chine - RAS de Hong-Kong","Valeur","Number of people unable to afford a healthy diet (NUA), million","2022","Juillet 2025 (rapport SOFI)","millions de No",""
"Coût et abordabilité d’une alimentation saine
 (CoAHD)","Chine - RAS de Hong-Kong","Valeur","Number of people unable to afford a healthy diet (NUA), million","2023","Juillet 2025 (rapport SOFI)","millions de No",""
"Coût et abordabilité d’une alimentation saine
 (CoAHD)","Chine - RAS de Hong-Kong","Valeur","Number of people unable to afford a healthy diet (NUA), million","2024","Juillet 2025 (rapport SOFI)","millions de No",""
"Coût et abordabilité d’une alimentation saine
 (CoAHD)","Chine","Valeur","Cost of animal source foods, LCU per person per day","2021","Juillet 2025 (rapport SOFI)","UML/personne/jour","3.65"
"Coût et abordabilité d’une alimentation saine
 (CoAHD)","Chine","Valeur","Cost of animal source foods, PPP dollar per person per day","2021","Juillet 2025 (rapport SOFI)","Int$ (PPP) per person per day","0.91"
"Coût et abordabilité d’une alimentation saine
 (CoAHD)","Chine","Valeur","Number of people unable to afford a healthy diet (NUA), million","2017","Juillet 2025 (rapport SOFI)","millions de No","412"
"Coût et abordabilité d’une alimentation saine
 (CoAHD)","Chine","Valeur","Number of people unable to afford a healthy diet (NUA), million","2018","Juillet 2025 (rapport SOFI)","millions de No","358.6"
"Coût et abordabilité d’une alimentation saine
 (CoAHD)","Chine","Valeur","Number of people unable to afford a healthy diet (NUA), million","2019","Juillet 2025 (rapport SOFI)","millions de No","325.9"
"Coût et abordabilité d’une alimentation saine
 (CoAHD)","Chine","Valeur","Number of people unable to afford a healthy diet (NUA), million","2020","Juillet 2025 (rapport SOFI)","millions de No","346.4"
"Coût et abordabilité d’une alimentation saine
 (CoAHD)","Chine","Valeur","Number of people unable to afford a healthy diet (NUA), million","2021","Juillet 2025 (rapport SOFI)","millions de No","221.4"
"Coût et abordabilité d’une alimentation saine
 (CoAHD)","Chine","Valeur","Number of people unable to afford a healthy diet (NUA), million","2022","Juillet 2025 (rapport SOFI)","millions de No","220.1"
"Coût et abordabilité d’une alimentation saine
 (CoAHD)","Chine","Valeur","Number of people unable to afford a healthy diet (NUA), million","2023","Juillet 2025 (rapport SOFI)","millions de No","196"
"Coût et abordabilité d’une alimentation saine
 (CoAHD)","Chine","Valeur","Number of people unable to afford a healthy diet (NUA), million","2024","Juillet 2025 (rapport SOFI)","millions de No","173.4"
"Coût et abordabilité d’une alimentation saine
 (CoAHD)","Chine, Taiwan Province de","Valeur","Cost of animal source foods, LCU per person per day","2021","Juillet 2025 (rapport SOFI)","UML/personne/jour","20.2"
"Coût et abordabilité d’une alimentation saine
 (CoAHD)","Chine, Taiwan Province de","Valeur","Cost of animal source foods, PPP dollar per person per day","2021","Juillet 2025 (rapport SOFI)","Int$ (PPP) per person per day","1.29"
"Coût et abordabilité d’une alimentation saine
 (CoAHD)","Chine, Taiwan Province de","Valeur","Number of people unable to afford a healthy diet (NUA), million","2017","Juillet 2025 (rapport SOFI)","millions de No","1.4"
"Coût et abordabilité d’une alimentation saine
 (CoAHD)","Chine, Taiwan Province de","Valeur","Number of people unable to afford a healthy diet (NUA), million","2018","Juillet 2025 (rapport SOFI)","millions de No","1.4"
"Coût et abordabilité d’une alimentation saine
 (CoAHD)","Chine, Taiwan Province de","Valeur","Number of people unable to afford a healthy diet (NUA), million","2019","Juillet 2025 (rapport SOFI)","millions de No","1.4"
"Coût et abordabilité d’une alimentation saine
 (CoAHD)","Chine, Taiwan Province de","Valeur","Number of people unable to afford a healthy diet (NUA), million","2020","Juillet 2025 (rapport SOFI)","millions de No","1.4"
"Coût et abordabilité d’une alimentation saine
 (CoAHD)","Chine, Taiwan Province de","Valeur","Number of people unable to afford a healthy diet (NUA), million","2021","Juillet 2025 (rapport SOFI)","millions de No","1.4"
"Coût et abordabilité d’une alimentation saine
 (CoAHD)","Chine, Taiwan Province de","Valeur","Number of people unable to afford a healthy diet (NUA), million","2022","Juillet 2025 (rapport SOFI)","millions de No","1.3"
"Coût et abordabilité d’une alimentation saine
 (CoAHD)","Chine, Taiwan Province de","Valeur","Number of people unable to afford a healthy diet (NUA), million","2023","Juillet 2025 (rapport SOFI)","millions de No","1.3"
"Coût et abordabilité d’une alimentation saine
 (CoAHD)","Chine, Taiwan Province de","Valeur","Number of people unable to afford a healthy diet (NUA), million","2024","Juillet 2025 (rapport SOFI)","millions de No","1.3"
"Coût et abordabilité d’une alimentation saine
 (CoAHD)","Chypre","Valeur","Cost of animal source foods, LCU per person per day","2021","Juillet 2025 (rapport SOFI)","UML/personne/jour","0.5"
"Coût et abordabilité d’une alimentation saine
 (CoAHD)","Chypre","Valeur","Cost of animal source foods, PPP dollar per person per day","2021","Juillet 2025 (rapport SOFI)","Int$ (PPP) per person per day","0.78"
"Coût et abordabilité d’une alimentation saine
 (CoAHD)","Chypre","Valeur","Number of people unable to afford a healthy diet (NUA), million","2017","Juillet 2025 (rapport SOFI)","millions de No","0.1"
"Coût et abordabilité d’une alimentation saine
 (CoAHD)","Chypre","Valeur","Number of people unable to afford a healthy diet (NUA), million","2018","Juillet 2025 (rapport SOFI)","millions de No","<0.1"
"Coût et abordabilité d’une alimentation saine
 (CoAHD)","Chypre","Valeur","Number of people unable to afford a healthy diet (NUA), million","2019","Juillet 2025 (rapport SOFI)","millions de No","<0.1"
"Coût et abordabilité d’une alimentation saine
 (CoAHD)","Chypre","Valeur","Number of people unable to afford a healthy diet (NUA), million","2020","Juillet 2025 (rapport SOFI)","millions de No","<0.1"
"Coût et abordabilité d’une alimentation saine
 (CoAHD)","Chypre","Valeur","Number of people unable to afford a healthy diet (NUA), million","2021","Juillet 2025 (rapport SOFI)","millions de No","<0.1"
"Coût et abordabilité d’une alimentation saine
 (CoAHD)","Chypre","Valeur","Number of people unable to afford a healthy diet (NUA), million","2022","Juillet 2025 (rapport SOFI)","millions de No","<0.1"
"Coût et abordabilité d’une alimentation saine
 (CoAHD)","Chypre","Valeur","Number of people unable to afford a healthy diet (NUA), million","2023","Juillet 2025 (rapport SOFI)","millions de No","<0.1"
"Coût et abordabilité d’une alimentation saine
 (CoAHD)","Chypre","Valeur","Number of people unable to afford a healthy diet (NUA), million","2024","Juillet 2025 (rapport SOFI)","millions de No","<0.1"
"Coût et abordabilité d’une alimentation saine
 (CoAHD)","Colombie","Valeur","Cost of animal source foods, LCU per person per day","2021","Juillet 2025 (rapport SOFI)","UML/personne/jour","1349.02"
"Coût et abordabilité d’une alimentation saine
 (CoAHD)","Colombie","Valeur","Cost of animal source foods, PPP dollar per person per day","2021","Juillet 2025 (rapport SOFI)","Int$ (PPP) per person per day","0.87"
"Coût et abordabilité d’une alimentation saine
 (CoAHD)","Colombie","Valeur","Number of people unable to afford a healthy diet (NUA), million","2017","Juillet 2025 (rapport SOFI)","millions de No","15.3"
"Coût et abordabilité d’une alimentation saine
 (CoAHD)","Colombie","Valeur","Number of people unable to afford a healthy diet (NUA), million","2018","Juillet 2025 (rapport SOFI)","millions de No","15.4"
"Coût et abordabilité d’une alimentation saine
 (CoAHD)","Colombie","Valeur","Number of people unable to afford a healthy diet (NUA), million","2019","Juillet 2025 (rapport SOFI)","millions de No","16.2"
"Coût et abordabilité d’une alimentation saine
 (CoAHD)","Colombie","Valeur","Number of people unable to afford a healthy diet (NUA), million","2020","Juillet 2025 (rapport SOFI)","millions de No","20.6"
"Coût et abordabilité d’une alimentation saine
 (CoAHD)","Colombie","Valeur","Number of people unable to afford a healthy diet (NUA), million","2021","Juillet 2025 (rapport SOFI)","millions de No","19.6"
"Coût et abordabilité d’une alimentation saine
 (CoAHD)","Colombie","Valeur","Number of people unable to afford a healthy diet (NUA), million","2022","Juillet 2025 (rapport SOFI)","millions de No","19"
"Coût et abordabilité d’une alimentation saine
 (CoAHD)","Colombie","Valeur","Number of people unable to afford a healthy diet (NUA), million","2023","Juillet 2025 (rapport SOFI)","millions de No","19.4"
"Coût et abordabilité d’une alimentation saine
 (CoAHD)","Colombie","Valeur","Number of people unable to afford a healthy diet (NUA), million","2024","Juillet 2025 (rapport SOFI)","millions de No","19.1"
"Coût et abordabilité d’une alimentation saine
 (CoAHD)","Comores","Valeur","Cost of animal source foods, LCU per person per day","2021","Juillet 2025 (rapport SOFI)","UML/personne/jour","317.52"
"Coût et abordabilité d’une alimentation saine
 (CoAHD)","Comores","Valeur","Cost of animal source foods, PPP dollar per person per day","2021","Juillet 2025 (rapport SOFI)","Int$ (PPP) per person per day","1.39"
"Coût et abordabilité d’une alimentation saine
 (CoAHD)","Comores","Valeur","Number of people unable to afford a healthy diet (NUA), million","2017","Juillet 2025 (rapport SOFI)","millions de No","0.5"
"Coût et abordabilité d’une alimentation saine
 (CoAHD)","Comores","Valeur","Number of people unable to afford a healthy diet (NUA), million","2018","Juillet 2025 (rapport SOFI)","millions de No","0.5"
"Coût et abordabilité d’une alimentation saine
 (CoAHD)","Comores","Valeur","Number of people unable to afford a healthy diet (NUA), million","2019","Juillet 2025 (rapport SOFI)","millions de No","0.5"
"Coût et abordabilité d’une alimentation saine
 (CoAHD)","Comores","Valeur","Number of people unable to afford a healthy diet (NUA), million","2020","Juillet 2025 (rapport SOFI)","millions de No","0.5"
"Coût et abordabilité d’une alimentation saine
 (CoAHD)","Comores","Valeur","Number of people unable to afford a healthy diet (NUA), million","2021","Juillet 2025 (rapport SOFI)","millions de No","0.5"
"Coût et abordabilité d’une alimentation saine
 (CoAHD)","Comores","Valeur","Number of people unable to afford a healthy diet (NUA), million","2022","Juillet 2025 (rapport SOFI)","millions de No","0.5"
"Coût et abordabilité d’une alimentation saine
 (CoAHD)","Comores","Valeur","Number of people unable to afford a healthy diet (NUA), million","2023","Juillet 2025 (rapport SOFI)","millions de No","0.5"
"Coût et abordabilité d’une alimentation saine
 (CoAHD)","Comores","Valeur","Number of people unable to afford a healthy diet (NUA), million","2024","Juillet 2025 (rapport SOFI)","millions de No","0.5"
"Coût et abordabilité d’une alimentation saine
 (CoAHD)","Congo","Valeur","Cost of animal source foods, LCU per person per day","2021","Juillet 2025 (rapport SOFI)","UML/personne/jour","298.47"
"Coût et abordabilité d’une alimentation saine
 (CoAHD)","Congo","Valeur","Cost of animal source foods, PPP dollar per person per day","2021","Juillet 2025 (rapport SOFI)","Int$ (PPP) per person per day","1.23"
"Coût et abordabilité d’une alimentation saine
 (CoAHD)","Congo","Valeur","Number of people unable to afford a healthy diet (NUA), million","2017","Juillet 2025 (rapport SOFI)","millions de No","4"
"Coût et abordabilité d’une alimentation saine
 (CoAHD)","Congo","Valeur","Number of people unable to afford a healthy diet (NUA), million","2018","Juillet 2025 (rapport SOFI)","millions de No","4.1"
"Coût et abordabilité d’une alimentation saine
 (CoAHD)","Congo","Valeur","Number of people unable to afford a healthy diet (NUA), million","2019","Juillet 2025 (rapport SOFI)","millions de No","4.2"
"Coût et abordabilité d’une alimentation saine
 (CoAHD)","Congo","Valeur","Number of people unable to afford a healthy diet (NUA), million","2020","Juillet 2025 (rapport SOFI)","millions de No","4.5"
"Coût et abordabilité d’une alimentation saine
 (CoAHD)","Congo","Valeur","Number of people unable to afford a healthy diet (NUA), million","2021","Juillet 2025 (rapport SOFI)","millions de No","4.6"
"Coût et abordabilité d’une alimentation saine
 (CoAHD)","Congo","Valeur","Number of people unable to afford a healthy diet (NUA), million","2022","Juillet 2025 (rapport SOFI)","millions de No","4.8"
"Coût et abordabilité d’une alimentation saine
 (CoAHD)","Congo","Valeur","Number of people unable to afford a healthy diet (NUA), million","2023","Juillet 2025 (rapport SOFI)","millions de No","4.9"
"Coût et abordabilité d’une alimentation saine
 (CoAHD)","Congo","Valeur","Number of people unable to afford a healthy diet (NUA), million","2024","Juillet 2025 (rapport SOFI)","millions de No","5"
"Coût et abordabilité d’une alimentation saine
 (CoAHD)","Costa Rica","Valeur","Cost of animal source foods, LCU per person per day","2021","Juillet 2025 (rapport SOFI)","UML/personne/jour","346.96"
"Coût et abordabilité d’une alimentation saine
 (CoAHD)","Costa Rica","Valeur","Cost of animal source foods, PPP dollar per person per day","2021","Juillet 2025 (rapport SOFI)","Int$ (PPP) per person per day","0.95"
"Coût et abordabilité d’une alimentation saine
 (CoAHD)","Costa Rica","Valeur","Number of people unable to afford a healthy diet (NUA), million","2017","Juillet 2025 (rapport SOFI)","millions de No","0.7"
"Coût et abordabilité d’une alimentation saine
 (CoAHD)","Costa Rica","Valeur","Number of people unable to afford a healthy diet (NUA), million","2018","Juillet 2025 (rapport SOFI)","millions de No","0.8"
"Coût et abordabilité d’une alimentation saine
 (CoAHD)","Costa Rica","Valeur","Number of people unable to afford a healthy diet (NUA), million","2019","Juillet 2025 (rapport SOFI)","millions de No","0.7"
"Coût et abordabilité d’une alimentation saine
 (CoAHD)","Costa Rica","Valeur","Number of people unable to afford a healthy diet (NUA), million","2020","Juillet 2025 (rapport SOFI)","millions de No","1.1"
"Coût et abordabilité d’une alimentation saine
 (CoAHD)","Costa Rica","Valeur","Number of people unable to afford a healthy diet (NUA), million","2021","Juillet 2025 (rapport SOFI)","millions de No","0.8"
"Coût et abordabilité d’une alimentation saine
 (CoAHD)","Costa Rica","Valeur","Number of people unable to afford a healthy diet (NUA), million","2022","Juillet 2025 (rapport SOFI)","millions de No","0.8"
"Coût et abordabilité d’une alimentation saine
 (CoAHD)","Costa Rica","Valeur","Number of people unable to afford a healthy diet (NUA), million","2023","Juillet 2025 (rapport SOFI)","millions de No","0.8"
"Coût et abordabilité d’une alimentation saine
 (CoAHD)","Costa Rica","Valeur","Number of people unable to afford a healthy diet (NUA), million","2024","Juillet 2025 (rapport SOFI)","millions de No","0.7"
"Coût et abordabilité d’une alimentation saine
 (CoAHD)","Côte d'Ivoire","Valeur","Cost of animal source foods, LCU per person per day","2021","Juillet 2025 (rapport SOFI)","UML/personne/jour","326.09"
"Coût et abordabilité d’une alimentation saine
 (CoAHD)","Côte d'Ivoire","Valeur","Cost of animal source foods, PPP dollar per person per day","2021","Juillet 2025 (rapport SOFI)","Int$ (PPP) per person per day","1.37"
"Coût et abordabilité d’une alimentation saine
 (CoAHD)","Côte d'Ivoire","Valeur","Number of people unable to afford a healthy diet (NUA), million","2017","Juillet 2025 (rapport SOFI)","millions de No","15"
"Coût et abordabilité d’une alimentation saine
 (CoAHD)","Côte d'Ivoire","Valeur","Number of people unable to afford a healthy diet (NUA), million","2018","Juillet 2025 (rapport SOFI)","millions de No","14.3"
"Coût et abordabilité d’une alimentation saine
 (CoAHD)","Côte d'Ivoire","Valeur","Number of people unable to afford a healthy diet (NUA), million","2019","Juillet 2025 (rapport SOFI)","millions de No","13.4"
"Coût et abordabilité d’une alimentation saine
 (CoAHD)","Côte d'Ivoire","Valeur","Number of people unable to afford a healthy diet (NUA), million","2020","Juillet 2025 (rapport SOFI)","millions de No","14.4"
"Coût et abordabilité d’une alimentation saine
 (CoAHD)","Côte d'Ivoire","Valeur","Number of people unable to afford a healthy diet (NUA), million","2021","Juillet 2025 (rapport SOFI)","millions de No","14.9"
"Coût et abordabilité d’une alimentation saine
 (CoAHD)","Côte d'Ivoire","Valeur","Number of people unable to afford a healthy diet (NUA), million","2022","Juillet 2025 (rapport SOFI)","millions de No","15.4"
"Coût et abordabilité d’une alimentation saine
 (CoAHD)","Côte d'Ivoire","Valeur","Number of people unable to afford a healthy diet (NUA), million","2023","Juillet 2025 (rapport SOFI)","millions de No","15.5"
"Coût et abordabilité d’une alimentation saine
 (CoAHD)","Côte d'Ivoire","Valeur","Number of people unable to afford a healthy diet (NUA), million","2024","Juillet 2025 (rapport SOFI)","millions de No","15.5"
"Coût et abordabilité d’une alimentation saine
 (CoAHD)","Croatie","Valeur","Cost of animal source foods, LCU per person per day","2021","Juillet 2025 (rapport SOFI)","UML/personne/jour","0.51"
"Coût et abordabilité d’une alimentation saine
 (CoAHD)","Croatie","Valeur","Cost of animal source foods, PPP dollar per person per day","2021","Juillet 2025 (rapport SOFI)","Int$ (PPP) per person per day","1.05"
"Coût et abordabilité d’une alimentation saine
 (CoAHD)","Croatie","Valeur","Number of people unable to afford a healthy diet (NUA), million","2017","Juillet 2025 (rapport SOFI)","millions de No","1.1"
"Coût et abordabilité d’une alimentation saine
 (CoAHD)","Croatie","Valeur","Number of people unable to afford a healthy diet (NUA), million","2018","Juillet 2025 (rapport SOFI)","millions de No","0.9"
"Coût et abordabilité d’une alimentation saine
 (CoAHD)","Croatie","Valeur","Number of people unable to afford a healthy diet (NUA), million","2019","Juillet 2025 (rapport SOFI)","millions de No","0.8"
"Coût et abordabilité d’une alimentation saine
 (CoAHD)","Croatie","Valeur","Number of people unable to afford a healthy diet (NUA), million","2020","Juillet 2025 (rapport SOFI)","millions de No","0.7"
"Coût et abordabilité d’une alimentation saine
 (CoAHD)","Croatie","Valeur","Number of people unable to afford a healthy diet (NUA), million","2021","Juillet 2025 (rapport SOFI)","millions de No","0.6"
"Coût et abordabilité d’une alimentation saine
 (CoAHD)","Croatie","Valeur","Number of people unable to afford a healthy diet (NUA), million","2022","Juillet 2025 (rapport SOFI)","millions de No","0.5"
"Coût et abordabilité d’une alimentation saine
 (CoAHD)","Croatie","Valeur","Number of people unable to afford a healthy diet (NUA), million","2023","Juillet 2025 (rapport SOFI)","millions de No","0.5"
"Coût et abordabilité d’une alimentation saine
 (CoAHD)","Croatie","Valeur","Number of people unable to afford a healthy diet (NUA), million","2024","Juillet 2025 (rapport SOFI)","millions de No","0.4"
"Coût et abordabilité d’une alimentation saine
 (CoAHD)","Curaçao","Valeur","Cost of animal source foods, LCU per person per day","2021","Juillet 2025 (rapport SOFI)","UML/personne/jour","1.1"
"Coût et abordabilité d’une alimentation saine
 (CoAHD)","Curaçao","Valeur","Cost of animal source foods, PPP dollar per person per day","2021","Juillet 2025 (rapport SOFI)","Int$ (PPP) per person per day","0.78"
"Coût et abordabilité d’une alimentation saine
 (CoAHD)","Curaçao","Valeur","Number of people unable to afford a healthy diet (NUA), million","2017","Juillet 2025 (rapport SOFI)","millions de No",""
"Coût et abordabilité d’une alimentation saine
 (CoAHD)","Curaçao","Valeur","Number of people unable to afford a healthy diet (NUA), million","2018","Juillet 2025 (rapport SOFI)","millions de No",""
"Coût et abordabilité d’une alimentation saine
 (CoAHD)","Curaçao","Valeur","Number of people unable to afford a healthy diet (NUA), million","2019","Juillet 2025 (rapport SOFI)","millions de No",""
"Coût et abordabilité d’une alimentation saine
 (CoAHD)","Curaçao","Valeur","Number of people unable to afford a healthy diet (NUA), million","2020","Juillet 2025 (rapport SOFI)","millions de No",""
"Coût et abordabilité d’une alimentation saine
 (CoAHD)","Curaçao","Valeur","Number of people unable to afford a healthy diet (NUA), million","2021","Juillet 2025 (rapport SOFI)","millions de No",""
"Coût et abordabilité d’une alimentation saine
 (CoAHD)","Curaçao","Valeur","Number of people unable to afford a healthy diet (NUA), million","2022","Juillet 2025 (rapport SOFI)","millions de No",""
"Coût et abordabilité d’une alimentation saine
 (CoAHD)","Curaçao","Valeur","Number of people unable to afford a healthy diet (NUA), million","2023","Juillet 2025 (rapport SOFI)","millions de No",""
"Coût et abordabilité d’une alimentation saine
 (CoAHD)","Curaçao","Valeur","Number of people unable to afford a healthy diet (NUA), million","2024","Juillet 2025 (rapport SOFI)","millions de No",""
"Coût et abordabilité d’une alimentation saine
 (CoAHD)","Danemark","Valeur","Cost of animal source foods, LCU per person per day","2021","Juillet 2025 (rapport SOFI)","UML/personne/jour","4.56"
"Coût et abordabilité d’une alimentation saine
 (CoAHD)","Danemark","Valeur","Cost of animal source foods, PPP dollar per person per day","2021","Juillet 2025 (rapport SOFI)","Int$ (PPP) per person per day","0.63"
"Coût et abordabilité d’une alimentation saine
 (CoAHD)","Danemark","Valeur","Number of people unable to afford a healthy diet (NUA), million","2017","Juillet 2025 (rapport SOFI)","millions de No","0.1"
"Coût et abordabilité d’une alimentation saine
 (CoAHD)","Danemark","Valeur","Number of people unable to afford a healthy diet (NUA), million","2018","Juillet 2025 (rapport SOFI)","millions de No","0.1"
"Coût et abordabilité d’une alimentation saine
 (CoAHD)","Danemark","Valeur","Number of people unable to afford a healthy diet (NUA), million","2019","Juillet 2025 (rapport SOFI)","millions de No","0.1"
"Coût et abordabilité d’une alimentation saine
 (CoAHD)","Danemark","Valeur","Number of people unable to afford a healthy diet (NUA), million","2020","Juillet 2025 (rapport SOFI)","millions de No","0.1"
"Coût et abordabilité d’une alimentation saine
 (CoAHD)","Danemark","Valeur","Number of people unable to afford a healthy diet (NUA), million","2021","Juillet 2025 (rapport SOFI)","millions de No","<0.1"
"Coût et abordabilité d’une alimentation saine
 (CoAHD)","Danemark","Valeur","Number of people unable to afford a healthy diet (NUA), million","2022","Juillet 2025 (rapport SOFI)","millions de No","0.1"
"Coût et abordabilité d’une alimentation saine
 (CoAHD)","Danemark","Valeur","Number of people unable to afford a healthy diet (NUA), million","2023","Juillet 2025 (rapport SOFI)","millions de No","0.1"
"Coût et abordabilité d’une alimentation saine
 (CoAHD)","Danemark","Valeur","Number of people unable to afford a healthy diet (NUA), million","2024","Juillet 2025 (rapport SOFI)","millions de No","<0.1"
"Coût et abordabilité d’une alimentation saine
 (CoAHD)","Djibouti","Valeur","Cost of animal source foods, LCU per person per day","2021","Juillet 2025 (rapport SOFI)","UML/personne/jour","133.83"
"Coût et abordabilité d’une alimentation saine
 (CoAHD)","Djibouti","Valeur","Cost of animal source foods, PPP dollar per person per day","2021","Juillet 2025 (rapport SOFI)","Int$ (PPP) per person per day","1.38"
"Coût et abordabilité d’une alimentation saine
 (CoAHD)","Djibouti","Valeur","Number of people unable to afford a healthy diet (NUA), million","2017","Juillet 2025 (rapport SOFI)","millions de No","0.6"
"Coût et abordabilité d’une alimentation saine
 (CoAHD)","Djibouti","Valeur","Number of people unable to afford a healthy diet (NUA), million","2018","Juillet 2025 (rapport SOFI)","millions de No","0.6"
"Coût et abordabilité d’une alimentation saine
 (CoAHD)","Djibouti","Valeur","Number of people unable to afford a healthy diet (NUA), million","2019","Juillet 2025 (rapport SOFI)","millions de No","0.6"
"Coût et abordabilité d’une alimentation saine
 (CoAHD)","Djibouti","Valeur","Number of people unable to afford a healthy diet (NUA), million","2020","Juillet 2025 (rapport SOFI)","millions de No","0.6"
"Coût et abordabilité d’une alimentation saine
 (CoAHD)","Djibouti","Valeur","Number of people unable to afford a healthy diet (NUA), million","2021","Juillet 2025 (rapport SOFI)","millions de No","0.6"
"Coût et abordabilité d’une alimentation saine
 (CoAHD)","Djibouti","Valeur","Number of people unable to afford a healthy diet (NUA), million","2022","Juillet 2025 (rapport SOFI)","millions de No","0.6"
"Coût et abordabilité d’une alimentation saine
 (CoAHD)","Djibouti","Valeur","Number of people unable to afford a healthy diet (NUA), million","2023","Juillet 2025 (rapport SOFI)","millions de No","0.6"
"Coût et abordabilité d’une alimentation saine
 (CoAHD)","Djibouti","Valeur","Number of people unable to afford a healthy diet (NUA), million","2024","Juillet 2025 (rapport SOFI)","millions de No","0.6"
"Coût et abordabilité d’une alimentation saine
 (CoAHD)","Dominique","Valeur","Cost of animal source foods, LCU per person per day","2021","Juillet 2025 (rapport SOFI)","UML/personne/jour","1.64"
"Coût et abordabilité d’une alimentation saine
 (CoAHD)","Dominique","Valeur","Cost of animal source foods, PPP dollar per person per day","2021","Juillet 2025 (rapport SOFI)","Int$ (PPP) per person per day","1.01"
"Coût et abordabilité d’une alimentation saine
 (CoAHD)","Dominique","Valeur","Number of people unable to afford a healthy diet (NUA), million","2017","Juillet 2025 (rapport SOFI)","millions de No",""
"Coût et abordabilité d’une alimentation saine
 (CoAHD)","Dominique","Valeur","Number of people unable to afford a healthy diet (NUA), million","2018","Juillet 2025 (rapport SOFI)","millions de No",""
"Coût et abordabilité d’une alimentation saine
 (CoAHD)","Dominique","Valeur","Number of people unable to afford a healthy diet (NUA), million","2019","Juillet 2025 (rapport SOFI)","millions de No",""
"Coût et abordabilité d’une alimentation saine
 (CoAHD)","Dominique","Valeur","Number of people unable to afford a healthy diet (NUA), million","2020","Juillet 2025 (rapport SOFI)","millions de No",""
"Coût et abordabilité d’une alimentation saine
 (CoAHD)","Dominique","Valeur","Number of people unable to afford a healthy diet (NUA), million","2021","Juillet 2025 (rapport SOFI)","millions de No",""
"Coût et abordabilité d’une alimentation saine
 (CoAHD)","Dominique","Valeur","Number of people unable to afford a healthy diet (NUA), million","2022","Juillet 2025 (rapport SOFI)","millions de No",""
"Coût et abordabilité d’une alimentation saine
 (CoAHD)","Dominique","Valeur","Number of people unable to afford a healthy diet (NUA), million","2023","Juillet 2025 (rapport SOFI)","millions de No",""
"Coût et abordabilité d’une alimentation saine
 (CoAHD)","Dominique","Valeur","Number of people unable to afford a healthy diet (NUA), million","2024","Juillet 2025 (rapport SOFI)","millions de No",""
"Coût et abordabilité d’une alimentation saine
 (CoAHD)","Égypte","Valeur","Cost of animal source foods, LCU per person per day","2021","Juillet 2025 (rapport SOFI)","UML/personne/jour","6.78"
"Coût et abordabilité d’une alimentation saine
 (CoAHD)","Égypte","Valeur","Cost of animal source foods, PPP dollar per person per day","2021","Juillet 2025 (rapport SOFI)","Int$ (PPP) per person per day","1.65"
"Coût et abordabilité d’une alimentation saine
 (CoAHD)","Égypte","Valeur","Number of people unable to afford a healthy diet (NUA), million","2017","Juillet 2025 (rapport SOFI)","millions de No","54.6"
"Coût et abordabilité d’une alimentation saine
 (CoAHD)","Égypte","Valeur","Number of people unable to afford a healthy diet (NUA), million","2018","Juillet 2025 (rapport SOFI)","millions de No","56.9"
"Coût et abordabilité d’une alimentation saine
 (CoAHD)","Égypte","Valeur","Number of people unable to afford a healthy diet (NUA), million","2019","Juillet 2025 (rapport SOFI)","millions de No","52.8"
"Coût et abordabilité d’une alimentation saine
 (CoAHD)","Égypte","Valeur","Number of people unable to afford a healthy diet (NUA), million","2020","Juillet 2025 (rapport SOFI)","millions de No","48.8"
"Coût et abordabilité d’une alimentation saine
 (CoAHD)","Égypte","Valeur","Number of people unable to afford a healthy diet (NUA), million","2021","Juillet 2025 (rapport SOFI)","millions de No","46.6"
"Coût et abordabilité d’une alimentation saine
 (CoAHD)","Égypte","Valeur","Number of people unable to afford a healthy diet (NUA), million","2022","Juillet 2025 (rapport SOFI)","millions de No","49.6"
"Coût et abordabilité d’une alimentation saine
 (CoAHD)","Égypte","Valeur","Number of people unable to afford a healthy diet (NUA), million","2023","Juillet 2025 (rapport SOFI)","millions de No","63.3"
"Coût et abordabilité d’une alimentation saine
 (CoAHD)","Égypte","Valeur","Number of people unable to afford a healthy diet (NUA), million","2024","Juillet 2025 (rapport SOFI)","millions de No","66.2"
"Coût et abordabilité d’une alimentation saine
 (CoAHD)","Émirats arabes unis","Valeur","Cost of animal source foods, LCU per person per day","2021","Juillet 2025 (rapport SOFI)","UML/personne/jour","2.52"
"Coût et abordabilité d’une alimentation saine
 (CoAHD)","Émirats arabes unis","Valeur","Cost of animal source foods, PPP dollar per person per day","2021","Juillet 2025 (rapport SOFI)","Int$ (PPP) per person per day","0.92"
"Coût et abordabilité d’une alimentation saine
 (CoAHD)","Émirats arabes unis","Valeur","Number of people unable to afford a healthy diet (NUA), million","2017","Juillet 2025 (rapport SOFI)","millions de No","0.3"
"Coût et abordabilité d’une alimentation saine
 (CoAHD)","Émirats arabes unis","Valeur","Number of people unable to afford a healthy diet (NUA), million","2018","Juillet 2025 (rapport SOFI)","millions de No","0.2"
"Coût et abordabilité d’une alimentation saine
 (CoAHD)","Émirats arabes unis","Valeur","Number of people unable to afford a healthy diet (NUA), million","2019","Juillet 2025 (rapport SOFI)","millions de No","0.2"
"Coût et abordabilité d’une alimentation saine
 (CoAHD)","Émirats arabes unis","Valeur","Number of people unable to afford a healthy diet (NUA), million","2020","Juillet 2025 (rapport SOFI)","millions de No","0.3"
"Coût et abordabilité d’une alimentation saine
 (CoAHD)","Émirats arabes unis","Valeur","Number of people unable to afford a healthy diet (NUA), million","2021","Juillet 2025 (rapport SOFI)","millions de No","0.3"
"Coût et abordabilité d’une alimentation saine
 (CoAHD)","Émirats arabes unis","Valeur","Number of people unable to afford a healthy diet (NUA), million","2022","Juillet 2025 (rapport SOFI)","millions de No","0.2"
"Coût et abordabilité d’une alimentation saine
 (CoAHD)","Émirats arabes unis","Valeur","Number of people unable to afford a healthy diet (NUA), million","2023","Juillet 2025 (rapport SOFI)","millions de No","0.2"
"Coût et abordabilité d’une alimentation saine
 (CoAHD)","Émirats arabes unis","Valeur","Number of people unable to afford a healthy diet (NUA), million","2024","Juillet 2025 (rapport SOFI)","millions de No","0.2"
"Coût et abordabilité d’une alimentation saine
 (CoAHD)","Équateur","Valeur","Cost of animal source foods, LCU per person per day","2021","Juillet 2025 (rapport SOFI)","UML/personne/jour","0.43"
"Coût et abordabilité d’une alimentation saine
 (CoAHD)","Équateur","Valeur","Cost of animal source foods, PPP dollar per person per day","2021","Juillet 2025 (rapport SOFI)","Int$ (PPP) per person per day","0.89"
"Coût et abordabilité d’une alimentation saine
 (CoAHD)","Équateur","Valeur","Number of people unable to afford a healthy diet (NUA), million","2017","Juillet 2025 (rapport SOFI)","millions de No","3.9"
"Coût et abordabilité d’une alimentation saine
 (CoAHD)","Équateur","Valeur","Number of people unable to afford a healthy diet (NUA), million","2018","Juillet 2025 (rapport SOFI)","millions de No","4.1"
"Coût et abordabilité d’une alimentation saine
 (CoAHD)","Équateur","Valeur","Number of people unable to afford a healthy diet (NUA), million","2019","Juillet 2025 (rapport SOFI)","millions de No","4.3"
"Coût et abordabilité d’une alimentation saine
 (CoAHD)","Équateur","Valeur","Number of people unable to afford a healthy diet (NUA), million","2020","Juillet 2025 (rapport SOFI)","millions de No","5.3"
"Coût et abordabilité d’une alimentation saine
 (CoAHD)","Équateur","Valeur","Number of people unable to afford a healthy diet (NUA), million","2021","Juillet 2025 (rapport SOFI)","millions de No","4.8"
"Coût et abordabilité d’une alimentation saine
 (CoAHD)","Équateur","Valeur","Number of people unable to afford a healthy diet (NUA), million","2022","Juillet 2025 (rapport SOFI)","millions de No","4.6"
"Coût et abordabilité d’une alimentation saine
 (CoAHD)","Équateur","Valeur","Number of people unable to afford a healthy diet (NUA), million","2023","Juillet 2025 (rapport SOFI)","millions de No","4.7"
"Coût et abordabilité d’une alimentation saine
 (CoAHD)","Équateur","Valeur","Number of people unable to afford a healthy diet (NUA), million","2024","Juillet 2025 (rapport SOFI)","millions de No","4.8"
"Coût et abordabilité d’une alimentation saine
 (CoAHD)","Espagne","Valeur","Cost of animal source foods, LCU per person per day","2021","Juillet 2025 (rapport SOFI)","UML/personne/jour","0.45"
"Coût et abordabilité d’une alimentation saine
 (CoAHD)","Espagne","Valeur","Cost of animal source foods, PPP dollar per person per day","2021","Juillet 2025 (rapport SOFI)","Int$ (PPP) per person per day","0.68"
"Coût et abordabilité d’une alimentation saine
 (CoAHD)","Espagne","Valeur","Number of people unable to afford a healthy diet (NUA), million","2017","Juillet 2025 (rapport SOFI)","millions de No","5.1"
"Coût et abordabilité d’une alimentation saine
 (CoAHD)","Espagne","Valeur","Number of people unable to afford a healthy diet (NUA), million","2018","Juillet 2025 (rapport SOFI)","millions de No","5.1"
"Coût et abordabilité d’une alimentation saine
 (CoAHD)","Espagne","Valeur","Number of people unable to afford a healthy diet (NUA), million","2019","Juillet 2025 (rapport SOFI)","millions de No","4.8"
"Coût et abordabilité d’une alimentation saine
 (CoAHD)","Espagne","Valeur","Number of people unable to afford a healthy diet (NUA), million","2020","Juillet 2025 (rapport SOFI)","millions de No","5.1"
"Coût et abordabilité d’une alimentation saine
 (CoAHD)","Espagne","Valeur","Number of people unable to afford a healthy diet (NUA), million","2021","Juillet 2025 (rapport SOFI)","millions de No","4.4"
"Coût et abordabilité d’une alimentation saine
 (CoAHD)","Espagne","Valeur","Number of people unable to afford a healthy diet (NUA), million","2022","Juillet 2025 (rapport SOFI)","millions de No","4.2"
"Coût et abordabilité d’une alimentation saine
 (CoAHD)","Espagne","Valeur","Number of people unable to afford a healthy diet (NUA), million","2023","Juillet 2025 (rapport SOFI)","millions de No","4.1"
"Coût et abordabilité d’une alimentation saine
 (CoAHD)","Espagne","Valeur","Number of people unable to afford a healthy diet (NUA), million","2024","Juillet 2025 (rapport SOFI)","millions de No","4"
"Coût et abordabilité d’une alimentation saine
 (CoAHD)","Estonie","Valeur","Cost of animal source foods, LCU per person per day","2021","Juillet 2025 (rapport SOFI)","UML/personne/jour","0.47"
"Coût et abordabilité d’une alimentation saine
 (CoAHD)","Estonie","Valeur","Cost of animal source foods, PPP dollar per person per day","2021","Juillet 2025 (rapport SOFI)","Int$ (PPP) per person per day","0.74"
"Coût et abordabilité d’une alimentation saine
 (CoAHD)","Estonie","Valeur","Number of people unable to afford a healthy diet (NUA), million","2017","Juillet 2025 (rapport SOFI)","millions de No","0.1"
"Coût et abordabilité d’une alimentation saine
 (CoAHD)","Estonie","Valeur","Number of people unable to afford a healthy diet (NUA), million","2018","Juillet 2025 (rapport SOFI)","millions de No","0.1"
"Coût et abordabilité d’une alimentation saine
 (CoAHD)","Estonie","Valeur","Number of people unable to afford a healthy diet (NUA), million","2019","Juillet 2025 (rapport SOFI)","millions de No","0.1"
"Coût et abordabilité d’une alimentation saine
 (CoAHD)","Estonie","Valeur","Number of people unable to afford a healthy diet (NUA), million","2020","Juillet 2025 (rapport SOFI)","millions de No","0.1"
"Coût et abordabilité d’une alimentation saine
 (CoAHD)","Estonie","Valeur","Number of people unable to afford a healthy diet (NUA), million","2021","Juillet 2025 (rapport SOFI)","millions de No","0.1"
"Coût et abordabilité d’une alimentation saine
 (CoAHD)","Estonie","Valeur","Number of people unable to afford a healthy diet (NUA), million","2022","Juillet 2025 (rapport SOFI)","millions de No","0.1"
"Coût et abordabilité d’une alimentation saine
 (CoAHD)","Estonie","Valeur","Number of people unable to afford a healthy diet (NUA), million","2023","Juillet 2025 (rapport SOFI)","millions de No","0.1"
"Coût et abordabilité d’une alimentation saine
 (CoAHD)","Estonie","Valeur","Number of people unable to afford a healthy diet (NUA), million","2024","Juillet 2025 (rapport SOFI)","millions de No","0.1"
"Coût et abordabilité d’une alimentation saine
 (CoAHD)","Eswatini","Valeur","Cost of animal source foods, LCU per person per day","2021","Juillet 2025 (rapport SOFI)","UML/personne/jour","8.15"
"Coût et abordabilité d’une alimentation saine
 (CoAHD)","Eswatini","Valeur","Cost of animal source foods, PPP dollar per person per day","2021","Juillet 2025 (rapport SOFI)","Int$ (PPP) per person per day","1.32"
"Coût et abordabilité d’une alimentation saine
 (CoAHD)","Eswatini","Valeur","Number of people unable to afford a healthy diet (NUA), million","2017","Juillet 2025 (rapport SOFI)","millions de No","0.8"
"Coût et abordabilité d’une alimentation saine
 (CoAHD)","Eswatini","Valeur","Number of people unable to afford a healthy diet (NUA), million","2018","Juillet 2025 (rapport SOFI)","millions de No","0.8"
"Coût et abordabilité d’une alimentation saine
 (CoAHD)","Eswatini","Valeur","Number of people unable to afford a healthy diet (NUA), million","2019","Juillet 2025 (rapport SOFI)","millions de No","0.8"
"Coût et abordabilité d’une alimentation saine
 (CoAHD)","Eswatini","Valeur","Number of people unable to afford a healthy diet (NUA), million","2020","Juillet 2025 (rapport SOFI)","millions de No","0.8"
"Coût et abordabilité d’une alimentation saine
 (CoAHD)","Eswatini","Valeur","Number of people unable to afford a healthy diet (NUA), million","2021","Juillet 2025 (rapport SOFI)","millions de No","0.8"
"Coût et abordabilité d’une alimentation saine
 (CoAHD)","Eswatini","Valeur","Number of people unable to afford a healthy diet (NUA), million","2022","Juillet 2025 (rapport SOFI)","millions de No","0.8"
"Coût et abordabilité d’une alimentation saine
 (CoAHD)","Eswatini","Valeur","Number of people unable to afford a healthy diet (NUA), million","2023","Juillet 2025 (rapport SOFI)","millions de No","0.8"
"Coût et abordabilité d’une alimentation saine
 (CoAHD)","Eswatini","Valeur","Number of people unable to afford a healthy diet (NUA), million","2024","Juillet 2025 (rapport SOFI)","millions de No","0.8"
"Coût et abordabilité d’une alimentation saine
 (CoAHD)","États-Unis d'Amérique","Valeur","Cost of animal source foods, LCU per person per day","2021","Juillet 2025 (rapport SOFI)","UML/personne/jour","0.56"
"Coût et abordabilité d’une alimentation saine
 (CoAHD)","États-Unis d'Amérique","Valeur","Cost of animal source foods, PPP dollar per person per day","2021","Juillet 2025 (rapport SOFI)","Int$ (PPP) per person per day","0.56"
"Coût et abordabilité d’une alimentation saine
 (CoAHD)","États-Unis d'Amérique","Valeur","Number of people unable to afford a healthy diet (NUA), million","2017","Juillet 2025 (rapport SOFI)","millions de No","16.6"
"Coût et abordabilité d’une alimentation saine
 (CoAHD)","États-Unis d'Amérique","Valeur","Number of people unable to afford a healthy diet (NUA), million","2018","Juillet 2025 (rapport SOFI)","millions de No","15.9"
"Coût et abordabilité d’une alimentation saine
 (CoAHD)","États-Unis d'Amérique","Valeur","Number of people unable to afford a healthy diet (NUA), million","2019","Juillet 2025 (rapport SOFI)","millions de No","14.4"
"Coût et abordabilité d’une alimentation saine
 (CoAHD)","États-Unis d'Amérique","Valeur","Number of people unable to afford a healthy diet (NUA), million","2020","Juillet 2025 (rapport SOFI)","millions de No","11"
"Coût et abordabilité d’une alimentation saine
 (CoAHD)","États-Unis d'Amérique","Valeur","Number of people unable to afford a healthy diet (NUA), million","2021","Juillet 2025 (rapport SOFI)","millions de No","8.5"
"Coût et abordabilité d’une alimentation saine
 (CoAHD)","États-Unis d'Amérique","Valeur","Number of people unable to afford a healthy diet (NUA), million","2022","Juillet 2025 (rapport SOFI)","millions de No","16.2"
"Coût et abordabilité d’une alimentation saine
 (CoAHD)","États-Unis d'Amérique","Valeur","Number of people unable to afford a healthy diet (NUA), million","2023","Juillet 2025 (rapport SOFI)","millions de No","16.3"
"Coût et abordabilité d’une alimentation saine
 (CoAHD)","États-Unis d'Amérique","Valeur","Number of people unable to afford a healthy diet (NUA), million","2024","Juillet 2025 (rapport SOFI)","millions de No","15.5"
"Coût et abordabilité d’une alimentation saine
 (CoAHD)","Éthiopie","Valeur","Cost of animal source foods, LCU per person per day","2021","Juillet 2025 (rapport SOFI)","UML/personne/jour","19.81"
"Coût et abordabilité d’une alimentation saine
 (CoAHD)","Éthiopie","Valeur","Cost of animal source foods, PPP dollar per person per day","2021","Juillet 2025 (rapport SOFI)","Int$ (PPP) per person per day","1.47"
"Coût et abordabilité d’une alimentation saine
 (CoAHD)","Éthiopie","Valeur","Number of people unable to afford a healthy diet (NUA), million","2017","Juillet 2025 (rapport SOFI)","millions de No","68.2"
"Coût et abordabilité d’une alimentation saine
 (CoAHD)","Éthiopie","Valeur","Number of people unable to afford a healthy diet (NUA), million","2018","Juillet 2025 (rapport SOFI)","millions de No","65.8"
"Coût et abordabilité d’une alimentation saine
 (CoAHD)","Éthiopie","Valeur","Number of people unable to afford a healthy diet (NUA), million","2019","Juillet 2025 (rapport SOFI)","millions de No","66.4"
"Coût et abordabilité d’une alimentation saine
 (CoAHD)","Éthiopie","Valeur","Number of people unable to afford a healthy diet (NUA), million","2020","Juillet 2025 (rapport SOFI)","millions de No","67.9"
"Coût et abordabilité d’une alimentation saine
 (CoAHD)","Éthiopie","Valeur","Number of people unable to afford a healthy diet (NUA), million","2021","Juillet 2025 (rapport SOFI)","millions de No","70.8"
"Coût et abordabilité d’une alimentation saine
 (CoAHD)","Éthiopie","Valeur","Number of people unable to afford a healthy diet (NUA), million","2022","Juillet 2025 (rapport SOFI)","millions de No","71.6"
"Coût et abordabilité d’une alimentation saine
 (CoAHD)","Éthiopie","Valeur","Number of people unable to afford a healthy diet (NUA), million","2023","Juillet 2025 (rapport SOFI)","millions de No","68.7"
"Coût et abordabilité d’une alimentation saine
 (CoAHD)","Éthiopie","Valeur","Number of people unable to afford a healthy diet (NUA), million","2024","Juillet 2025 (rapport SOFI)","millions de No","71.6"
"Coût et abordabilité d’une alimentation saine
 (CoAHD)","Fédération de Russie","Valeur","Cost of animal source foods, LCU per person per day","2021","Juillet 2025 (rapport SOFI)","UML/personne/jour","17.43"
"Coût et abordabilité d’une alimentation saine
 (CoAHD)","Fédération de Russie","Valeur","Cost of animal source foods, PPP dollar per person per day","2021","Juillet 2025 (rapport SOFI)","Int$ (PPP) per person per day","0.68"
"Coût et abordabilité d’une alimentation saine
 (CoAHD)","Fédération de Russie","Valeur","Number of people unable to afford a healthy diet (NUA), million","2017","Juillet 2025 (rapport SOFI)","millions de No","4.5"
"Coût et abordabilité d’une alimentation saine
 (CoAHD)","Fédération de Russie","Valeur","Number of people unable to afford a healthy diet (NUA), million","2018","Juillet 2025 (rapport SOFI)","millions de No","4.1"
"Coût et abordabilité d’une alimentation saine
 (CoAHD)","Fédération de Russie","Valeur","Number of people unable to afford a healthy diet (NUA), million","2019","Juillet 2025 (rapport SOFI)","millions de No","3.5"
"Coût et abordabilité d’une alimentation saine
 (CoAHD)","Fédération de Russie","Valeur","Number of people unable to afford a healthy diet (NUA), million","2020","Juillet 2025 (rapport SOFI)","millions de No","3.4"
"Coût et abordabilité d’une alimentation saine
 (CoAHD)","Fédération de Russie","Valeur","Number of people unable to afford a healthy diet (NUA), million","2021","Juillet 2025 (rapport SOFI)","millions de No","2"
"Coût et abordabilité d’une alimentation saine
 (CoAHD)","Fédération de Russie","Valeur","Number of people unable to afford a healthy diet (NUA), million","2022","Juillet 2025 (rapport SOFI)","millions de No","2.2"
"Coût et abordabilité d’une alimentation saine
 (CoAHD)","Fédération de Russie","Valeur","Number of people unable to afford a healthy diet (NUA), million","2023","Juillet 2025 (rapport SOFI)","millions de No","2"
"Coût et abordabilité d’une alimentation saine
 (CoAHD)","Fédération de Russie","Valeur","Number of people unable to afford a healthy diet (NUA), million","2024","Juillet 2025 (rapport SOFI)","millions de No","1.8"
"Coût et abordabilité d’une alimentation saine
 (CoAHD)","Fidji","Valeur","Cost of animal source foods, LCU per person per day","2021","Juillet 2025 (rapport SOFI)","UML/personne/jour","1.03"
"Coût et abordabilité d’une alimentation saine
 (CoAHD)","Fidji","Valeur","Cost of animal source foods, PPP dollar per person per day","2021","Juillet 2025 (rapport SOFI)","Int$ (PPP) per person per day","1.09"
"Coût et abordabilité d’une alimentation saine
 (CoAHD)","Fidji","Valeur","Number of people unable to afford a healthy diet (NUA), million","2017","Juillet 2025 (rapport SOFI)","millions de No","0.4"
"Coût et abordabilité d’une alimentation saine
 (CoAHD)","Fidji","Valeur","Number of people unable to afford a healthy diet (NUA), million","2018","Juillet 2025 (rapport SOFI)","millions de No","0.4"
"Coût et abordabilité d’une alimentation saine
 (CoAHD)","Fidji","Valeur","Number of people unable to afford a healthy diet (NUA), million","2019","Juillet 2025 (rapport SOFI)","millions de No","0.5"
"Coût et abordabilité d’une alimentation saine
 (CoAHD)","Fidji","Valeur","Number of people unable to afford a healthy diet (NUA), million","2020","Juillet 2025 (rapport SOFI)","millions de No","0.6"
"Coût et abordabilité d’une alimentation saine
 (CoAHD)","Fidji","Valeur","Number of people unable to afford a healthy diet (NUA), million","2021","Juillet 2025 (rapport SOFI)","millions de No","0.6"
"Coût et abordabilité d’une alimentation saine
 (CoAHD)","Fidji","Valeur","Number of people unable to afford a healthy diet (NUA), million","2022","Juillet 2025 (rapport SOFI)","millions de No","0.5"
"Coût et abordabilité d’une alimentation saine
 (CoAHD)","Fidji","Valeur","Number of people unable to afford a healthy diet (NUA), million","2023","Juillet 2025 (rapport SOFI)","millions de No","0.5"
"Coût et abordabilité d’une alimentation saine
 (CoAHD)","Fidji","Valeur","Number of people unable to afford a healthy diet (NUA), million","2024","Juillet 2025 (rapport SOFI)","millions de No","0.5"
"Coût et abordabilité d’une alimentation saine
 (CoAHD)","Finlande","Valeur","Cost of animal source foods, LCU per person per day","2021","Juillet 2025 (rapport SOFI)","UML/personne/jour","0.51"
"Coût et abordabilité d’une alimentation saine
 (CoAHD)","Finlande","Valeur","Cost of animal source foods, PPP dollar per person per day","2021","Juillet 2025 (rapport SOFI)","Int$ (PPP) per person per day","0.59"
"Coût et abordabilité d’une alimentation saine
 (CoAHD)","Finlande","Valeur","Number of people unable to afford a healthy diet (NUA), million","2017","Juillet 2025 (rapport SOFI)","millions de No","0.1"
"Coût et abordabilité d’une alimentation saine
 (CoAHD)","Finlande","Valeur","Number of people unable to afford a healthy diet (NUA), million","2018","Juillet 2025 (rapport SOFI)","millions de No","0.1"
"Coût et abordabilité d’une alimentation saine
 (CoAHD)","Finlande","Valeur","Number of people unable to afford a healthy diet (NUA), million","2019","Juillet 2025 (rapport SOFI)","millions de No","<0.1"
"Coût et abordabilité d’une alimentation saine
 (CoAHD)","Finlande","Valeur","Number of people unable to afford a healthy diet (NUA), million","2020","Juillet 2025 (rapport SOFI)","millions de No","<0.1"
"Coût et abordabilité d’une alimentation saine
 (CoAHD)","Finlande","Valeur","Number of people unable to afford a healthy diet (NUA), million","2021","Juillet 2025 (rapport SOFI)","millions de No","<0.1"
"Coût et abordabilité d’une alimentation saine
 (CoAHD)","Finlande","Valeur","Number of people unable to afford a healthy diet (NUA), million","2022","Juillet 2025 (rapport SOFI)","millions de No","<0.1"
"Coût et abordabilité d’une alimentation saine
 (CoAHD)","Finlande","Valeur","Number of people unable to afford a healthy diet (NUA), million","2023","Juillet 2025 (rapport SOFI)","millions de No","0.1"
"Coût et abordabilité d’une alimentation saine
 (CoAHD)","Finlande","Valeur","Number of people unable to afford a healthy diet (NUA), million","2024","Juillet 2025 (rapport SOFI)","millions de No","<0.1"
"Coût et abordabilité d’une alimentation saine
 (CoAHD)","France","Valeur","Cost of animal source foods, LCU per person per day","2021","Juillet 2025 (rapport SOFI)","UML/personne/jour","0.45"
"Coût et abordabilité d’une alimentation saine
 (CoAHD)","France","Valeur","Cost of animal source foods, PPP dollar per person per day","2021","Juillet 2025 (rapport SOFI)","Int$ (PPP) per person per day","0.56"
"Coût et abordabilité d’une alimentation saine
 (CoAHD)","France","Valeur","Number of people unable to afford a healthy diet (NUA), million","2017","Juillet 2025 (rapport SOFI)","millions de No","1.2"
"Coût et abordabilité d’une alimentation saine
 (CoAHD)","France","Valeur","Number of people unable to afford a healthy diet (NUA), million","2018","Juillet 2025 (rapport SOFI)","millions de No","1.4"
"Coût et abordabilité d’une alimentation saine
 (CoAHD)","France","Valeur","Number of people unable to afford a healthy diet (NUA), million","2019","Juillet 2025 (rapport SOFI)","millions de No","2.2"
"Coût et abordabilité d’une alimentation saine
 (CoAHD)","France","Valeur","Number of people unable to afford a healthy diet (NUA), million","2020","Juillet 2025 (rapport SOFI)","millions de No","1.8"
"Coût et abordabilité d’une alimentation saine
 (CoAHD)","France","Valeur","Number of people unable to afford a healthy diet (NUA), million","2021","Juillet 2025 (rapport SOFI)","millions de No","2.1"
"Coût et abordabilité d’une alimentation saine
 (CoAHD)","France","Valeur","Number of people unable to afford a healthy diet (NUA), million","2022","Juillet 2025 (rapport SOFI)","millions de No","2"
"Coût et abordabilité d’une alimentation saine
 (CoAHD)","France","Valeur","Number of people unable to afford a healthy diet (NUA), million","2023","Juillet 2025 (rapport SOFI)","millions de No","2"
"Coût et abordabilité d’une alimentation saine
 (CoAHD)","France","Valeur","Number of people unable to afford a healthy diet (NUA), million","2024","Juillet 2025 (rapport SOFI)","millions de No","2"
"Coût et abordabilité d’une alimentation saine
 (CoAHD)","Gabon","Valeur","Cost of animal source foods, LCU per person per day","2021","Juillet 2025 (rapport SOFI)","UML/personne/jour","323.94"
"Coût et abordabilité d’une alimentation saine
 (CoAHD)","Gabon","Valeur","Cost of animal source foods, PPP dollar per person per day","2021","Juillet 2025 (rapport SOFI)","Int$ (PPP) per person per day","1.08"
"Coût et abordabilité d’une alimentation saine
 (CoAHD)","Gabon","Valeur","Number of people unable to afford a healthy diet (NUA), million","2017","Juillet 2025 (rapport SOFI)","millions de No","0.7"
"Coût et abordabilité d’une alimentation saine
 (CoAHD)","Gabon","Valeur","Number of people unable to afford a healthy diet (NUA), million","2018","Juillet 2025 (rapport SOFI)","millions de No","0.7"
"Coût et abordabilité d’une alimentation saine
 (CoAHD)","Gabon","Valeur","Number of people unable to afford a healthy diet (NUA), million","2019","Juillet 2025 (rapport SOFI)","millions de No","0.7"
"Coût et abordabilité d’une alimentation saine
 (CoAHD)","Gabon","Valeur","Number of people unable to afford a healthy diet (NUA), million","2020","Juillet 2025 (rapport SOFI)","millions de No","0.8"
"Coût et abordabilité d’une alimentation saine
 (CoAHD)","Gabon","Valeur","Number of people unable to afford a healthy diet (NUA), million","2021","Juillet 2025 (rapport SOFI)","millions de No","0.9"
"Coût et abordabilité d’une alimentation saine
 (CoAHD)","Gabon","Valeur","Number of people unable to afford a healthy diet (NUA), million","2022","Juillet 2025 (rapport SOFI)","millions de No","0.9"
"Coût et abordabilité d’une alimentation saine
 (CoAHD)","Gabon","Valeur","Number of people unable to afford a healthy diet (NUA), million","2023","Juillet 2025 (rapport SOFI)","millions de No","0.9"
"Coût et abordabilité d’une alimentation saine
 (CoAHD)","Gabon","Valeur","Number of people unable to afford a healthy diet (NUA), million","2024","Juillet 2025 (rapport SOFI)","millions de No","0.9"
"Coût et abordabilité d’une alimentation saine
 (CoAHD)","Gambie","Valeur","Cost of animal source foods, LCU per person per day","2021","Juillet 2025 (rapport SOFI)","UML/personne/jour","16.68"
"Coût et abordabilité d’une alimentation saine
 (CoAHD)","Gambie","Valeur","Cost of animal source foods, PPP dollar per person per day","2021","Juillet 2025 (rapport SOFI)","Int$ (PPP) per person per day","1.08"
"Coût et abordabilité d’une alimentation saine
 (CoAHD)","Gambie","Valeur","Number of people unable to afford a healthy diet (NUA), million","2017","Juillet 2025 (rapport SOFI)","millions de No","1"
"Coût et abordabilité d’une alimentation saine
 (CoAHD)","Gambie","Valeur","Number of people unable to afford a healthy diet (NUA), million","2018","Juillet 2025 (rapport SOFI)","millions de No","1"
"Coût et abordabilité d’une alimentation saine
 (CoAHD)","Gambie","Valeur","Number of people unable to afford a healthy diet (NUA), million","2019","Juillet 2025 (rapport SOFI)","millions de No","1"
"Coût et abordabilité d’une alimentation saine
 (CoAHD)","Gambie","Valeur","Number of people unable to afford a healthy diet (NUA), million","2020","Juillet 2025 (rapport SOFI)","millions de No","1.1"
"Coût et abordabilité d’une alimentation saine
 (CoAHD)","Gambie","Valeur","Number of people unable to afford a healthy diet (NUA), million","2021","Juillet 2025 (rapport SOFI)","millions de No","1.1"
"Coût et abordabilité d’une alimentation saine
 (CoAHD)","Gambie","Valeur","Number of people unable to afford a healthy diet (NUA), million","2022","Juillet 2025 (rapport SOFI)","millions de No","1.2"
"Coût et abordabilité d’une alimentation saine
 (CoAHD)","Gambie","Valeur","Number of people unable to afford a healthy diet (NUA), million","2023","Juillet 2025 (rapport SOFI)","millions de No","1.2"
"Coût et abordabilité d’une alimentation saine
 (CoAHD)","Gambie","Valeur","Number of people unable to afford a healthy diet (NUA), million","2024","Juillet 2025 (rapport SOFI)","millions de No","1.3"
"Coût et abordabilité d’une alimentation saine
 (CoAHD)","Ghana","Valeur","Cost of animal source foods, LCU per person per day","2021","Juillet 2025 (rapport SOFI)","UML/personne/jour","3.53"
"Coût et abordabilité d’une alimentation saine
 (CoAHD)","Ghana","Valeur","Cost of animal source foods, PPP dollar per person per day","2021","Juillet 2025 (rapport SOFI)","Int$ (PPP) per person per day","1.44"
"Coût et abordabilité d’une alimentation saine
 (CoAHD)","Ghana","Valeur","Number of people unable to afford a healthy diet (NUA), million","2017","Juillet 2025 (rapport SOFI)","millions de No","19.8"
"Coût et abordabilité d’une alimentation saine
 (CoAHD)","Ghana","Valeur","Number of people unable to afford a healthy diet (NUA), million","2018","Juillet 2025 (rapport SOFI)","millions de No","19.8"
"Coût et abordabilité d’une alimentation saine
 (CoAHD)","Ghana","Valeur","Number of people unable to afford a healthy diet (NUA), million","2019","Juillet 2025 (rapport SOFI)","millions de No","19.9"
"Coût et abordabilité d’une alimentation saine
 (CoAHD)","Ghana","Valeur","Number of people unable to afford a healthy diet (NUA), million","2020","Juillet 2025 (rapport SOFI)","millions de No","20.5"
"Coût et abordabilité d’une alimentation saine
 (CoAHD)","Ghana","Valeur","Number of people unable to afford a healthy diet (NUA), million","2021","Juillet 2025 (rapport SOFI)","millions de No","20.7"
"Coût et abordabilité d’une alimentation saine
 (CoAHD)","Ghana","Valeur","Number of people unable to afford a healthy diet (NUA), million","2022","Juillet 2025 (rapport SOFI)","millions de No","21.2"
"Coût et abordabilité d’une alimentation saine
 (CoAHD)","Ghana","Valeur","Number of people unable to afford a healthy diet (NUA), million","2023","Juillet 2025 (rapport SOFI)","millions de No","22.4"
"Coût et abordabilité d’une alimentation saine
 (CoAHD)","Ghana","Valeur","Number of people unable to afford a healthy diet (NUA), million","2024","Juillet 2025 (rapport SOFI)","millions de No","22.9"
"Coût et abordabilité d’une alimentation saine
 (CoAHD)","Grèce","Valeur","Cost of animal source foods, LCU per person per day","2021","Juillet 2025 (rapport SOFI)","UML/personne/jour","0.54"
"Coût et abordabilité d’une alimentation saine
 (CoAHD)","Grèce","Valeur","Cost of animal source foods, PPP dollar per person per day","2021","Juillet 2025 (rapport SOFI)","Int$ (PPP) per person per day","0.9"
"Coût et abordabilité d’une alimentation saine
 (CoAHD)","Grèce","Valeur","Number of people unable to afford a healthy diet (NUA), million","2017","Juillet 2025 (rapport SOFI)","millions de No","3.3"
"Coût et abordabilité d’une alimentation saine
 (CoAHD)","Grèce","Valeur","Number of people unable to afford a healthy diet (NUA), million","2018","Juillet 2025 (rapport SOFI)","millions de No","3"
"Coût et abordabilité d’une alimentation saine
 (CoAHD)","Grèce","Valeur","Number of people unable to afford a healthy diet (NUA), million","2019","Juillet 2025 (rapport SOFI)","millions de No","2.6"
"Coût et abordabilité d’une alimentation saine
 (CoAHD)","Grèce","Valeur","Number of people unable to afford a healthy diet (NUA), million","2020","Juillet 2025 (rapport SOFI)","millions de No","2.6"
"Coût et abordabilité d’une alimentation saine
 (CoAHD)","Grèce","Valeur","Number of people unable to afford a healthy diet (NUA), million","2021","Juillet 2025 (rapport SOFI)","millions de No","2.2"
"Coût et abordabilité d’une alimentation saine
 (CoAHD)","Grèce","Valeur","Number of people unable to afford a healthy diet (NUA), million","2022","Juillet 2025 (rapport SOFI)","millions de No","1.9"
"Coût et abordabilité d’une alimentation saine
 (CoAHD)","Grèce","Valeur","Number of people unable to afford a healthy diet (NUA), million","2023","Juillet 2025 (rapport SOFI)","millions de No","1.8"
"Coût et abordabilité d’une alimentation saine
 (CoAHD)","Grèce","Valeur","Number of people unable to afford a healthy diet (NUA), million","2024","Juillet 2025 (rapport SOFI)","millions de No","1.7"
"Coût et abordabilité d’une alimentation saine
 (CoAHD)","Grenade","Valeur","Cost of animal source foods, LCU per person per day","2021","Juillet 2025 (rapport SOFI)","UML/personne/jour","1.6"
"Coût et abordabilité d’une alimentation saine
 (CoAHD)","Grenade","Valeur","Cost of animal source foods, PPP dollar per person per day","2021","Juillet 2025 (rapport SOFI)","Int$ (PPP) per person per day","0.86"
"Coût et abordabilité d’une alimentation saine
 (CoAHD)","Grenade","Valeur","Number of people unable to afford a healthy diet (NUA), million","2017","Juillet 2025 (rapport SOFI)","millions de No","<0.1"
"Coût et abordabilité d’une alimentation saine
 (CoAHD)","Grenade","Valeur","Number of people unable to afford a healthy diet (NUA), million","2018","Juillet 2025 (rapport SOFI)","millions de No","<0.1"
"Coût et abordabilité d’une alimentation saine
 (CoAHD)","Grenade","Valeur","Number of people unable to afford a healthy diet (NUA), million","2019","Juillet 2025 (rapport SOFI)","millions de No","<0.1"
"Coût et abordabilité d’une alimentation saine
 (CoAHD)","Grenade","Valeur","Number of people unable to afford a healthy diet (NUA), million","2020","Juillet 2025 (rapport SOFI)","millions de No","<0.1"
"Coût et abordabilité d’une alimentation saine
 (CoAHD)","Grenade","Valeur","Number of people unable to afford a healthy diet (NUA), million","2021","Juillet 2025 (rapport SOFI)","millions de No","<0.1"
"Coût et abordabilité d’une alimentation saine
 (CoAHD)","Grenade","Valeur","Number of people unable to afford a healthy diet (NUA), million","2022","Juillet 2025 (rapport SOFI)","millions de No","<0.1"
"Coût et abordabilité d’une alimentation saine
 (CoAHD)","Grenade","Valeur","Number of people unable to afford a healthy diet (NUA), million","2023","Juillet 2025 (rapport SOFI)","millions de No","<0.1"
"Coût et abordabilité d’une alimentation saine
 (CoAHD)","Grenade","Valeur","Number of people unable to afford a healthy diet (NUA), million","2024","Juillet 2025 (rapport SOFI)","millions de No","<0.1"
"Coût et abordabilité d’une alimentation saine
 (CoAHD)","Guatemala","Valeur","Cost of animal source foods, LCU per person per day","2021","Juillet 2025 (rapport SOFI)","UML/personne/jour","4.2"
"Coût et abordabilité d’une alimentation saine
 (CoAHD)","Guatemala","Valeur","Cost of animal source foods, PPP dollar per person per day","2021","Juillet 2025 (rapport SOFI)","Int$ (PPP) per person per day","1.22"
"Coût et abordabilité d’une alimentation saine
 (CoAHD)","Guatemala","Valeur","Number of people unable to afford a healthy diet (NUA), million","2017","Juillet 2025 (rapport SOFI)","millions de No","8.4"
"Coût et abordabilité d’une alimentation saine
 (CoAHD)","Guatemala","Valeur","Number of people unable to afford a healthy diet (NUA), million","2018","Juillet 2025 (rapport SOFI)","millions de No","8.5"
"Coût et abordabilité d’une alimentation saine
 (CoAHD)","Guatemala","Valeur","Number of people unable to afford a healthy diet (NUA), million","2019","Juillet 2025 (rapport SOFI)","millions de No","8.5"
"Coût et abordabilité d’une alimentation saine
 (CoAHD)","Guatemala","Valeur","Number of people unable to afford a healthy diet (NUA), million","2020","Juillet 2025 (rapport SOFI)","millions de No","9.1"
"Coût et abordabilité d’une alimentation saine
 (CoAHD)","Guatemala","Valeur","Number of people unable to afford a healthy diet (NUA), million","2021","Juillet 2025 (rapport SOFI)","millions de No","8.6"
"Coût et abordabilité d’une alimentation saine
 (CoAHD)","Guatemala","Valeur","Number of people unable to afford a healthy diet (NUA), million","2022","Juillet 2025 (rapport SOFI)","millions de No","8.5"
"Coût et abordabilité d’une alimentation saine
 (CoAHD)","Guatemala","Valeur","Number of people unable to afford a healthy diet (NUA), million","2023","Juillet 2025 (rapport SOFI)","millions de No","8.7"
"Coût et abordabilité d’une alimentation saine
 (CoAHD)","Guatemala","Valeur","Number of people unable to afford a healthy diet (NUA), million","2024","Juillet 2025 (rapport SOFI)","millions de No","8.8"
"Coût et abordabilité d’une alimentation saine
 (CoAHD)","Guinée","Valeur","Cost of animal source foods, LCU per person per day","2021","Juillet 2025 (rapport SOFI)","UML/personne/jour","4775.02"
"Coût et abordabilité d’une alimentation saine
 (CoAHD)","Guinée","Valeur","Cost of animal source foods, PPP dollar per person per day","2021","Juillet 2025 (rapport SOFI)","Int$ (PPP) per person per day","1.48"
"Coût et abordabilité d’une alimentation saine
 (CoAHD)","Guinée","Valeur","Number of people unable to afford a healthy diet (NUA), million","2017","Juillet 2025 (rapport SOFI)","millions de No","5.5"
"Coût et abordabilité d’une alimentation saine
 (CoAHD)","Guinée","Valeur","Number of people unable to afford a healthy diet (NUA), million","2018","Juillet 2025 (rapport SOFI)","millions de No","5.6"
"Coût et abordabilité d’une alimentation saine
 (CoAHD)","Guinée","Valeur","Number of people unable to afford a healthy diet (NUA), million","2019","Juillet 2025 (rapport SOFI)","millions de No","5.7"
"Coût et abordabilité d’une alimentation saine
 (CoAHD)","Guinée","Valeur","Number of people unable to afford a healthy diet (NUA), million","2020","Juillet 2025 (rapport SOFI)","millions de No","5.8"
"Coût et abordabilité d’une alimentation saine
 (CoAHD)","Guinée","Valeur","Number of people unable to afford a healthy diet (NUA), million","2021","Juillet 2025 (rapport SOFI)","millions de No","6"
"Coût et abordabilité d’une alimentation saine
 (CoAHD)","Guinée","Valeur","Number of people unable to afford a healthy diet (NUA), million","2022","Juillet 2025 (rapport SOFI)","millions de No","6.2"
"Coût et abordabilité d’une alimentation saine
 (CoAHD)","Guinée","Valeur","Number of people unable to afford a healthy diet (NUA), million","2023","Juillet 2025 (rapport SOFI)","millions de No","6.8"
"Coût et abordabilité d’une alimentation saine
 (CoAHD)","Guinée","Valeur","Number of people unable to afford a healthy diet (NUA), million","2024","Juillet 2025 (rapport SOFI)","millions de No","7.4"
"Coût et abordabilité d’une alimentation saine
 (CoAHD)","Guinée-Équatoriale","Valeur","Cost of animal source foods, LCU per person per day","2021","Juillet 2025 (rapport SOFI)","UML/personne/jour","328.19"
"Coût et abordabilité d’une alimentation saine
 (CoAHD)","Guinée-Équatoriale","Valeur","Cost of animal source foods, PPP dollar per person per day","2021","Juillet 2025 (rapport SOFI)","Int$ (PPP) per person per day","1.14"
"Coût et abordabilité d’une alimentation saine
 (CoAHD)","Guinée-Équatoriale","Valeur","Number of people unable to afford a healthy diet (NUA), million","2017","Juillet 2025 (rapport SOFI)","millions de No",""
"Coût et abordabilité d’une alimentation saine
 (CoAHD)","Guinée-Équatoriale","Valeur","Number of people unable to afford a healthy diet (NUA), million","2018","Juillet 2025 (rapport SOFI)","millions de No",""
"Coût et abordabilité d’une alimentation saine
 (CoAHD)","Guinée-Équatoriale","Valeur","Number of people unable to afford a healthy diet (NUA), million","2019","Juillet 2025 (rapport SOFI)","millions de No",""
"Coût et abordabilité d’une alimentation saine
 (CoAHD)","Guinée-Équatoriale","Valeur","Number of people unable to afford a healthy diet (NUA), million","2020","Juillet 2025 (rapport SOFI)","millions de No",""
"Coût et abordabilité d’une alimentation saine
 (CoAHD)","Guinée-Équatoriale","Valeur","Number of people unable to afford a healthy diet (NUA), million","2021","Juillet 2025 (rapport SOFI)","millions de No",""
"Coût et abordabilité d’une alimentation saine
 (CoAHD)","Guinée-Équatoriale","Valeur","Number of people unable to afford a healthy diet (NUA), million","2022","Juillet 2025 (rapport SOFI)","millions de No",""
"Coût et abordabilité d’une alimentation saine
 (CoAHD)","Guinée-Équatoriale","Valeur","Number of people unable to afford a healthy diet (NUA), million","2023","Juillet 2025 (rapport SOFI)","millions de No",""
"Coût et abordabilité d’une alimentation saine
 (CoAHD)","Guinée-Équatoriale","Valeur","Number of people unable to afford a healthy diet (NUA), million","2024","Juillet 2025 (rapport SOFI)","millions de No",""
"Coût et abordabilité d’une alimentation saine
 (CoAHD)","Guinée-Bissau","Valeur","Cost of animal source foods, LCU per person per day","2021","Juillet 2025 (rapport SOFI)","UML/personne/jour","244.11"
"Coût et abordabilité d’une alimentation saine
 (CoAHD)","Guinée-Bissau","Valeur","Cost of animal source foods, PPP dollar per person per day","2021","Juillet 2025 (rapport SOFI)","Int$ (PPP) per person per day","1.12"
"Coût et abordabilité d’une alimentation saine
 (CoAHD)","Guinée-Bissau","Valeur","Number of people unable to afford a healthy diet (NUA), million","2017","Juillet 2025 (rapport SOFI)","millions de No","1.2"
"Coût et abordabilité d’une alimentation saine
 (CoAHD)","Guinée-Bissau","Valeur","Number of people unable to afford a healthy diet (NUA), million","2018","Juillet 2025 (rapport SOFI)","millions de No","1.2"
"Coût et abordabilité d’une alimentation saine
 (CoAHD)","Guinée-Bissau","Valeur","Number of people unable to afford a healthy diet (NUA), million","2019","Juillet 2025 (rapport SOFI)","millions de No","1.2"
"Coût et abordabilité d’une alimentation saine
 (CoAHD)","Guinée-Bissau","Valeur","Number of people unable to afford a healthy diet (NUA), million","2020","Juillet 2025 (rapport SOFI)","millions de No","1.3"
"Coût et abordabilité d’une alimentation saine
 (CoAHD)","Guinée-Bissau","Valeur","Number of people unable to afford a healthy diet (NUA), million","2021","Juillet 2025 (rapport SOFI)","millions de No","1.3"
"Coût et abordabilité d’une alimentation saine
 (CoAHD)","Guinée-Bissau","Valeur","Number of people unable to afford a healthy diet (NUA), million","2022","Juillet 2025 (rapport SOFI)","millions de No","1.4"
"Coût et abordabilité d’une alimentation saine
 (CoAHD)","Guinée-Bissau","Valeur","Number of people unable to afford a healthy diet (NUA), million","2023","Juillet 2025 (rapport SOFI)","millions de No","1.4"
"Coût et abordabilité d’une alimentation saine
 (CoAHD)","Guinée-Bissau","Valeur","Number of people unable to afford a healthy diet (NUA), million","2024","Juillet 2025 (rapport SOFI)","millions de No","1.4"
"Coût et abordabilité d’une alimentation saine
 (CoAHD)","Guyana","Valeur","Cost of animal source foods, LCU per person per day","2021","Juillet 2025 (rapport SOFI)","UML/personne/jour",""
"Coût et abordabilité d’une alimentation saine
 (CoAHD)","Guyana","Valeur","Cost of animal source foods, PPP dollar per person per day","2021","Juillet 2025 (rapport SOFI)","Int$ (PPP) per person per day",""
"Coût et abordabilité d’une alimentation saine
 (CoAHD)","Guyana","Valeur","Number of people unable to afford a healthy diet (NUA), million","2017","Juillet 2025 (rapport SOFI)","millions de No","0.3"
"Coût et abordabilité d’une alimentation saine
 (CoAHD)","Guyana","Valeur","Number of people unable to afford a healthy diet (NUA), million","2018","Juillet 2025 (rapport SOFI)","millions de No","0.3"
"Coût et abordabilité d’une alimentation saine
 (CoAHD)","Guyana","Valeur","Number of people unable to afford a healthy diet (NUA), million","2019","Juillet 2025 (rapport SOFI)","millions de No","0.3"
"Coût et abordabilité d’une alimentation saine
 (CoAHD)","Guyana","Valeur","Number of people unable to afford a healthy diet (NUA), million","2020","Juillet 2025 (rapport SOFI)","millions de No","0.2"
"Coût et abordabilité d’une alimentation saine
 (CoAHD)","Guyana","Valeur","Number of people unable to afford a healthy diet (NUA), million","2021","Juillet 2025 (rapport SOFI)","millions de No","0.1"
"Coût et abordabilité d’une alimentation saine
 (CoAHD)","Guyana","Valeur","Number of people unable to afford a healthy diet (NUA), million","2022","Juillet 2025 (rapport SOFI)","millions de No","0.1"
"Coût et abordabilité d’une alimentation saine
 (CoAHD)","Guyana","Valeur","Number of people unable to afford a healthy diet (NUA), million","2023","Juillet 2025 (rapport SOFI)","millions de No","0.1"
"Coût et abordabilité d’une alimentation saine
 (CoAHD)","Guyana","Valeur","Number of people unable to afford a healthy diet (NUA), million","2024","Juillet 2025 (rapport SOFI)","millions de No","<0.1"
"Coût et abordabilité d’une alimentation saine
 (CoAHD)","Haïti","Valeur","Cost of animal source foods, LCU per person per day","2021","Juillet 2025 (rapport SOFI)","UML/personne/jour",""
"Coût et abordabilité d’une alimentation saine
 (CoAHD)","Haïti","Valeur","Cost of animal source foods, PPP dollar per person per day","2021","Juillet 2025 (rapport SOFI)","Int$ (PPP) per person per day",""
"Coût et abordabilité d’une alimentation saine
 (CoAHD)","Haïti","Valeur","Number of people unable to afford a healthy diet (NUA), million","2017","Juillet 2025 (rapport SOFI)","millions de No","8.4"
"Coût et abordabilité d’une alimentation saine
 (CoAHD)","Haïti","Valeur","Number of people unable to afford a healthy diet (NUA), million","2018","Juillet 2025 (rapport SOFI)","millions de No","8.5"
"Coût et abordabilité d’une alimentation saine
 (CoAHD)","Haïti","Valeur","Number of people unable to afford a healthy diet (NUA), million","2019","Juillet 2025 (rapport SOFI)","millions de No","8.8"
"Coût et abordabilité d’une alimentation saine
 (CoAHD)","Haïti","Valeur","Number of people unable to afford a healthy diet (NUA), million","2020","Juillet 2025 (rapport SOFI)","millions de No","9.2"
"Coût et abordabilité d’une alimentation saine
 (CoAHD)","Haïti","Valeur","Number of people unable to afford a healthy diet (NUA), million","2021","Juillet 2025 (rapport SOFI)","millions de No","9.4"
"Coût et abordabilité d’une alimentation saine
 (CoAHD)","Haïti","Valeur","Number of people unable to afford a healthy diet (NUA), million","2022","Juillet 2025 (rapport SOFI)","millions de No","9.6"
"Coût et abordabilité d’une alimentation saine
 (CoAHD)","Haïti","Valeur","Number of people unable to afford a healthy diet (NUA), million","2023","Juillet 2025 (rapport SOFI)","millions de No","9.8"
"Coût et abordabilité d’une alimentation saine
 (CoAHD)","Haïti","Valeur","Number of people unable to afford a healthy diet (NUA), million","2024","Juillet 2025 (rapport SOFI)","millions de No","10.3"
"Coût et abordabilité d’une alimentation saine
 (CoAHD)","Honduras","Valeur","Cost of animal source foods, LCU per person per day","2021","Juillet 2025 (rapport SOFI)","UML/personne/jour","12.43"
"Coût et abordabilité d’une alimentation saine
 (CoAHD)","Honduras","Valeur","Cost of animal source foods, PPP dollar per person per day","2021","Juillet 2025 (rapport SOFI)","Int$ (PPP) per person per day","1.05"
"Coût et abordabilité d’une alimentation saine
 (CoAHD)","Honduras","Valeur","Number of people unable to afford a healthy diet (NUA), million","2017","Juillet 2025 (rapport SOFI)","millions de No","3.9"
"Coût et abordabilité d’une alimentation saine
 (CoAHD)","Honduras","Valeur","Number of people unable to afford a healthy diet (NUA), million","2018","Juillet 2025 (rapport SOFI)","millions de No","3.8"
"Coût et abordabilité d’une alimentation saine
 (CoAHD)","Honduras","Valeur","Number of people unable to afford a healthy diet (NUA), million","2019","Juillet 2025 (rapport SOFI)","millions de No","3.9"
"Coût et abordabilité d’une alimentation saine
 (CoAHD)","Honduras","Valeur","Number of people unable to afford a healthy diet (NUA), million","2020","Juillet 2025 (rapport SOFI)","millions de No","4.4"
"Coût et abordabilité d’une alimentation saine
 (CoAHD)","Honduras","Valeur","Number of people unable to afford a healthy diet (NUA), million","2021","Juillet 2025 (rapport SOFI)","millions de No","4"
"Coût et abordabilité d’une alimentation saine
 (CoAHD)","Honduras","Valeur","Number of people unable to afford a healthy diet (NUA), million","2022","Juillet 2025 (rapport SOFI)","millions de No","4.1"
"Coût et abordabilité d’une alimentation saine
 (CoAHD)","Honduras","Valeur","Number of people unable to afford a healthy diet (NUA), million","2023","Juillet 2025 (rapport SOFI)","millions de No","4.2"
"Coût et abordabilité d’une alimentation saine
 (CoAHD)","Honduras","Valeur","Number of people unable to afford a healthy diet (NUA), million","2024","Juillet 2025 (rapport SOFI)","millions de No","4.2"
"Coût et abordabilité d’une alimentation saine
 (CoAHD)","Hongrie","Valeur","Cost of animal source foods, LCU per person per day","2021","Juillet 2025 (rapport SOFI)","UML/personne/jour","126.5"
"Coût et abordabilité d’une alimentation saine
 (CoAHD)","Hongrie","Valeur","Cost of animal source foods, PPP dollar per person per day","2021","Juillet 2025 (rapport SOFI)","Int$ (PPP) per person per day","0.75"
"Coût et abordabilité d’une alimentation saine
 (CoAHD)","Hongrie","Valeur","Number of people unable to afford a healthy diet (NUA), million","2017","Juillet 2025 (rapport SOFI)","millions de No","3.1"
"Coût et abordabilité d’une alimentation saine
 (CoAHD)","Hongrie","Valeur","Number of people unable to afford a healthy diet (NUA), million","2018","Juillet 2025 (rapport SOFI)","millions de No","2.6"
"Coût et abordabilité d’une alimentation saine
 (CoAHD)","Hongrie","Valeur","Number of people unable to afford a healthy diet (NUA), million","2019","Juillet 2025 (rapport SOFI)","millions de No","2.6"
"Coût et abordabilité d’une alimentation saine
 (CoAHD)","Hongrie","Valeur","Number of people unable to afford a healthy diet (NUA), million","2020","Juillet 2025 (rapport SOFI)","millions de No","2"
"Coût et abordabilité d’une alimentation saine
 (CoAHD)","Hongrie","Valeur","Number of people unable to afford a healthy diet (NUA), million","2021","Juillet 2025 (rapport SOFI)","millions de No","1.3"
"Coût et abordabilité d’une alimentation saine
 (CoAHD)","Hongrie","Valeur","Number of people unable to afford a healthy diet (NUA), million","2022","Juillet 2025 (rapport SOFI)","millions de No","1.1"
"Coût et abordabilité d’une alimentation saine
 (CoAHD)","Hongrie","Valeur","Number of people unable to afford a healthy diet (NUA), million","2023","Juillet 2025 (rapport SOFI)","millions de No","1.1"
"Coût et abordabilité d’une alimentation saine
 (CoAHD)","Hongrie","Valeur","Number of people unable to afford a healthy diet (NUA), million","2024","Juillet 2025 (rapport SOFI)","millions de No","0.9"
"Coût et abordabilité d’une alimentation saine
 (CoAHD)","Îles Caïmans","Valeur","Cost of animal source foods, LCU per person per day","2021","Juillet 2025 (rapport SOFI)","UML/personne/jour","0.86"
"Coût et abordabilité d’une alimentation saine
 (CoAHD)","Îles Caïmans","Valeur","Cost of animal source foods, PPP dollar per person per day","2021","Juillet 2025 (rapport SOFI)","Int$ (PPP) per person per day","0.74"
"Coût et abordabilité d’une alimentation saine
 (CoAHD)","Îles Caïmans","Valeur","Number of people unable to afford a healthy diet (NUA), million","2017","Juillet 2025 (rapport SOFI)","millions de No",""
"Coût et abordabilité d’une alimentation saine
 (CoAHD)","Îles Caïmans","Valeur","Number of people unable to afford a healthy diet (NUA), million","2018","Juillet 2025 (rapport SOFI)","millions de No",""
"Coût et abordabilité d’une alimentation saine
 (CoAHD)","Îles Caïmans","Valeur","Number of people unable to afford a healthy diet (NUA), million","2019","Juillet 2025 (rapport SOFI)","millions de No",""
"Coût et abordabilité d’une alimentation saine
 (CoAHD)","Îles Caïmans","Valeur","Number of people unable to afford a healthy diet (NUA), million","2020","Juillet 2025 (rapport SOFI)","millions de No",""
"Coût et abordabilité d’une alimentation saine
 (CoAHD)","Îles Caïmans","Valeur","Number of people unable to afford a healthy diet (NUA), million","2021","Juillet 2025 (rapport SOFI)","millions de No",""
"Coût et abordabilité d’une alimentation saine
 (CoAHD)","Îles Caïmans","Valeur","Number of people unable to afford a healthy diet (NUA), million","2022","Juillet 2025 (rapport SOFI)","millions de No",""
"Coût et abordabilité d’une alimentation saine
 (CoAHD)","Îles Caïmans","Valeur","Number of people unable to afford a healthy diet (NUA), million","2023","Juillet 2025 (rapport SOFI)","millions de No",""
"Coût et abordabilité d’une alimentation saine
 (CoAHD)","Îles Caïmans","Valeur","Number of people unable to afford a healthy diet (NUA), million","2024","Juillet 2025 (rapport SOFI)","millions de No",""
"Coût et abordabilité d’une alimentation saine
 (CoAHD)","Îles Turques-et-Caïques","Valeur","Cost of animal source foods, LCU per person per day","2021","Juillet 2025 (rapport SOFI)","UML/personne/jour",""
"Coût et abordabilité d’une alimentation saine
 (CoAHD)","Îles Turques-et-Caïques","Valeur","Cost of animal source foods, PPP dollar per person per day","2021","Juillet 2025 (rapport SOFI)","Int$ (PPP) per person per day",""
"Coût et abordabilité d’une alimentation saine
 (CoAHD)","Îles Turques-et-Caïques","Valeur","Number of people unable to afford a healthy diet (NUA), million","2017","Juillet 2025 (rapport SOFI)","millions de No",""
"Coût et abordabilité d’une alimentation saine
 (CoAHD)","Îles Turques-et-Caïques","Valeur","Number of people unable to afford a healthy diet (NUA), million","2018","Juillet 2025 (rapport SOFI)","millions de No",""
"Coût et abordabilité d’une alimentation saine
 (CoAHD)","Îles Turques-et-Caïques","Valeur","Number of people unable to afford a healthy diet (NUA), million","2019","Juillet 2025 (rapport SOFI)","millions de No",""
"Coût et abordabilité d’une alimentation saine
 (CoAHD)","Îles Turques-et-Caïques","Valeur","Number of people unable to afford a healthy diet (NUA), million","2020","Juillet 2025 (rapport SOFI)","millions de No",""
"Coût et abordabilité d’une alimentation saine
 (CoAHD)","Îles Turques-et-Caïques","Valeur","Number of people unable to afford a healthy diet (NUA), million","2021","Juillet 2025 (rapport SOFI)","millions de No",""
"Coût et abordabilité d’une alimentation saine
 (CoAHD)","Îles Turques-et-Caïques","Valeur","Number of people unable to afford a healthy diet (NUA), million","2022","Juillet 2025 (rapport SOFI)","millions de No",""
"Coût et abordabilité d’une alimentation saine
 (CoAHD)","Îles Turques-et-Caïques","Valeur","Number of people unable to afford a healthy diet (NUA), million","2023","Juillet 2025 (rapport SOFI)","millions de No",""
"Coût et abordabilité d’une alimentation saine
 (CoAHD)","Îles Turques-et-Caïques","Valeur","Number of people unable to afford a healthy diet (NUA), million","2024","Juillet 2025 (rapport SOFI)","millions de No",""
"Coût et abordabilité d’une alimentation saine
 (CoAHD)","Îles Vierges britanniques","Valeur","Cost of animal source foods, LCU per person per day","2021","Juillet 2025 (rapport SOFI)","UML/personne/jour","0.76"
"Coût et abordabilité d’une alimentation saine
 (CoAHD)","Îles Vierges britanniques","Valeur","Cost of animal source foods, PPP dollar per person per day","2021","Juillet 2025 (rapport SOFI)","Int$ (PPP) per person per day","0.74"
"Coût et abordabilité d’une alimentation saine
 (CoAHD)","Îles Vierges britanniques","Valeur","Number of people unable to afford a healthy diet (NUA), million","2017","Juillet 2025 (rapport SOFI)","millions de No",""
"Coût et abordabilité d’une alimentation saine
 (CoAHD)","Îles Vierges britanniques","Valeur","Number of people unable to afford a healthy diet (NUA), million","2018","Juillet 2025 (rapport SOFI)","millions de No",""
"Coût et abordabilité d’une alimentation saine
 (CoAHD)","Îles Vierges britanniques","Valeur","Number of people unable to afford a healthy diet (NUA), million","2019","Juillet 2025 (rapport SOFI)","millions de No",""
"Coût et abordabilité d’une alimentation saine
 (CoAHD)","Îles Vierges britanniques","Valeur","Number of people unable to afford a healthy diet (NUA), million","2020","Juillet 2025 (rapport SOFI)","millions de No",""
"Coût et abordabilité d’une alimentation saine
 (CoAHD)","Îles Vierges britanniques","Valeur","Number of people unable to afford a healthy diet (NUA), million","2021","Juillet 2025 (rapport SOFI)","millions de No",""
"Coût et abordabilité d’une alimentation saine
 (CoAHD)","Îles Vierges britanniques","Valeur","Number of people unable to afford a healthy diet (NUA), million","2022","Juillet 2025 (rapport SOFI)","millions de No",""
"Coût et abordabilité d’une alimentation saine
 (CoAHD)","Îles Vierges britanniques","Valeur","Number of people unable to afford a healthy diet (NUA), million","2023","Juillet 2025 (rapport SOFI)","millions de No",""
"Coût et abordabilité d’une alimentation saine
 (CoAHD)","Îles Vierges britanniques","Valeur","Number of people unable to afford a healthy diet (NUA), million","2024","Juillet 2025 (rapport SOFI)","millions de No",""
"Coût et abordabilité d’une alimentation saine
 (CoAHD)","Inde","Valeur","Cost of animal source foods, LCU per person per day","2021","Juillet 2025 (rapport SOFI)","UML/personne/jour","19.41"
"Coût et abordabilité d’une alimentation saine
 (CoAHD)","Inde","Valeur","Cost of animal source foods, PPP dollar per person per day","2021","Juillet 2025 (rapport SOFI)","Int$ (PPP) per person per day","1"
"Coût et abordabilité d’une alimentation saine
 (CoAHD)","Inde","Valeur","Number of people unable to afford a healthy diet (NUA), million","2017","Juillet 2025 (rapport SOFI)","millions de No","804.9"
"Coût et abordabilité d’une alimentation saine
 (CoAHD)","Inde","Valeur","Number of people unable to afford a healthy diet (NUA), million","2018","Juillet 2025 (rapport SOFI)","millions de No","750.3"
"Coût et abordabilité d’une alimentation saine
 (CoAHD)","Inde","Valeur","Number of people unable to afford a healthy diet (NUA), million","2019","Juillet 2025 (rapport SOFI)","millions de No","723.1"
"Coût et abordabilité d’une alimentation saine
 (CoAHD)","Inde","Valeur","Number of people unable to afford a healthy diet (NUA), million","2020","Juillet 2025 (rapport SOFI)","millions de No","780.2"
"Coût et abordabilité d’une alimentation saine
 (CoAHD)","Inde","Valeur","Number of people unable to afford a healthy diet (NUA), million","2021","Juillet 2025 (rapport SOFI)","millions de No","729.4"
"Coût et abordabilité d’une alimentation saine
 (CoAHD)","Inde","Valeur","Number of people unable to afford a healthy diet (NUA), million","2022","Juillet 2025 (rapport SOFI)","millions de No","672.5"
"Coût et abordabilité d’une alimentation saine
 (CoAHD)","Inde","Valeur","Number of people unable to afford a healthy diet (NUA), million","2023","Juillet 2025 (rapport SOFI)","millions de No","617.2"
"Coût et abordabilité d’une alimentation saine
 (CoAHD)","Inde","Valeur","Number of people unable to afford a healthy diet (NUA), million","2024","Juillet 2025 (rapport SOFI)","millions de No","586.5"
"Coût et abordabilité d’une alimentation saine
 (CoAHD)","Indonésie","Valeur","Cost of animal source foods, LCU per person per day","2021","Juillet 2025 (rapport SOFI)","UML/personne/jour","6349.64"
"Coût et abordabilité d’une alimentation saine
 (CoAHD)","Indonésie","Valeur","Cost of animal source foods, PPP dollar per person per day","2021","Juillet 2025 (rapport SOFI)","Int$ (PPP) per person per day","1.19"
"Coût et abordabilité d’une alimentation saine
 (CoAHD)","Indonésie","Valeur","Number of people unable to afford a healthy diet (NUA), million","2017","Juillet 2025 (rapport SOFI)","millions de No","131.9"
"Coût et abordabilité d’une alimentation saine
 (CoAHD)","Indonésie","Valeur","Number of people unable to afford a healthy diet (NUA), million","2018","Juillet 2025 (rapport SOFI)","millions de No","132.6"
"Coût et abordabilité d’une alimentation saine
 (CoAHD)","Indonésie","Valeur","Number of people unable to afford a healthy diet (NUA), million","2019","Juillet 2025 (rapport SOFI)","millions de No","127.8"
"Coût et abordabilité d’une alimentation saine
 (CoAHD)","Indonésie","Valeur","Number of people unable to afford a healthy diet (NUA), million","2020","Juillet 2025 (rapport SOFI)","millions de No","128.2"
"Coût et abordabilité d’une alimentation saine
 (CoAHD)","Indonésie","Valeur","Number of people unable to afford a healthy diet (NUA), million","2021","Juillet 2025 (rapport SOFI)","millions de No","129.5"
"Coût et abordabilité d’une alimentation saine
 (CoAHD)","Indonésie","Valeur","Number of people unable to afford a healthy diet (NUA), million","2022","Juillet 2025 (rapport SOFI)","millions de No","129.8"
"Coût et abordabilité d’une alimentation saine
 (CoAHD)","Indonésie","Valeur","Number of people unable to afford a healthy diet (NUA), million","2023","Juillet 2025 (rapport SOFI)","millions de No","128.6"
"Coût et abordabilité d’une alimentation saine
 (CoAHD)","Indonésie","Valeur","Number of people unable to afford a healthy diet (NUA), million","2024","Juillet 2025 (rapport SOFI)","millions de No","123.4"
"Coût et abordabilité d’une alimentation saine
 (CoAHD)","Iran (République islamique d')","Valeur","Cost of animal source foods, LCU per person per day","2021","Juillet 2025 (rapport SOFI)","UML/personne/jour",""
"Coût et abordabilité d’une alimentation saine
 (CoAHD)","Iran (République islamique d')","Valeur","Cost of animal source foods, PPP dollar per person per day","2021","Juillet 2025 (rapport SOFI)","Int$ (PPP) per person per day",""
"Coût et abordabilité d’une alimentation saine
 (CoAHD)","Iran (République islamique d')","Valeur","Number of people unable to afford a healthy diet (NUA), million","2017","Juillet 2025 (rapport SOFI)","millions de No","6.6"
"Coût et abordabilité d’une alimentation saine
 (CoAHD)","Iran (République islamique d')","Valeur","Number of people unable to afford a healthy diet (NUA), million","2018","Juillet 2025 (rapport SOFI)","millions de No","7.9"
"Coût et abordabilité d’une alimentation saine
 (CoAHD)","Iran (République islamique d')","Valeur","Number of people unable to afford a healthy diet (NUA), million","2019","Juillet 2025 (rapport SOFI)","millions de No","12.7"
"Coût et abordabilité d’une alimentation saine
 (CoAHD)","Iran (République islamique d')","Valeur","Number of people unable to afford a healthy diet (NUA), million","2020","Juillet 2025 (rapport SOFI)","millions de No","12.9"
"Coût et abordabilité d’une alimentation saine
 (CoAHD)","Iran (République islamique d')","Valeur","Number of people unable to afford a healthy diet (NUA), million","2021","Juillet 2025 (rapport SOFI)","millions de No","13.2"
"Coût et abordabilité d’une alimentation saine
 (CoAHD)","Iran (République islamique d')","Valeur","Number of people unable to afford a healthy diet (NUA), million","2022","Juillet 2025 (rapport SOFI)","millions de No","13.8"
"Coût et abordabilité d’une alimentation saine
 (CoAHD)","Iran (République islamique d')","Valeur","Number of people unable to afford a healthy diet (NUA), million","2023","Juillet 2025 (rapport SOFI)","millions de No","14.3"
"Coût et abordabilité d’une alimentation saine
 (CoAHD)","Iran (République islamique d')","Valeur","Number of people unable to afford a healthy diet (NUA), million","2024","Juillet 2025 (rapport SOFI)","millions de No","12.8"
"Coût et abordabilité d’une alimentation saine
 (CoAHD)","Iraq","Valeur","Cost of animal source foods, LCU per person per day","2021","Juillet 2025 (rapport SOFI)","UML/personne/jour","742.32"
"Coût et abordabilité d’une alimentation saine
 (CoAHD)","Iraq","Valeur","Cost of animal source foods, PPP dollar per person per day","2021","Juillet 2025 (rapport SOFI)","Int$ (PPP) per person per day","1.29"
"Coût et abordabilité d’une alimentation saine
 (CoAHD)","Iraq","Valeur","Number of people unable to afford a healthy diet (NUA), million","2017","Juillet 2025 (rapport SOFI)","millions de No","8.9"
"Coût et abordabilité d’une alimentation saine
 (CoAHD)","Iraq","Valeur","Number of people unable to afford a healthy diet (NUA), million","2018","Juillet 2025 (rapport SOFI)","millions de No","9.1"
"Coût et abordabilité d’une alimentation saine
 (CoAHD)","Iraq","Valeur","Number of people unable to afford a healthy diet (NUA), million","2019","Juillet 2025 (rapport SOFI)","millions de No","8.8"
"Coût et abordabilité d’une alimentation saine
 (CoAHD)","Iraq","Valeur","Number of people unable to afford a healthy diet (NUA), million","2020","Juillet 2025 (rapport SOFI)","millions de No","11.7"
"Coût et abordabilité d’une alimentation saine
 (CoAHD)","Iraq","Valeur","Number of people unable to afford a healthy diet (NUA), million","2021","Juillet 2025 (rapport SOFI)","millions de No","12"
"Coût et abordabilité d’une alimentation saine
 (CoAHD)","Iraq","Valeur","Number of people unable to afford a healthy diet (NUA), million","2022","Juillet 2025 (rapport SOFI)","millions de No","11.5"
"Coût et abordabilité d’une alimentation saine
 (CoAHD)","Iraq","Valeur","Number of people unable to afford a healthy diet (NUA), million","2023","Juillet 2025 (rapport SOFI)","millions de No","13.2"
"Coût et abordabilité d’une alimentation saine
 (CoAHD)","Iraq","Valeur","Number of people unable to afford a healthy diet (NUA), million","2024","Juillet 2025 (rapport SOFI)","millions de No","14.1"
"Coût et abordabilité d’une alimentation saine
 (CoAHD)","Irlande","Valeur","Cost of animal source foods, LCU per person per day","2021","Juillet 2025 (rapport SOFI)","UML/personne/jour","0.45"
"Coût et abordabilité d’une alimentation saine
 (CoAHD)","Irlande","Valeur","Cost of animal source foods, PPP dollar per person per day","2021","Juillet 2025 (rapport SOFI)","Int$ (PPP) per person per day","0.47"
"Coût et abordabilité d’une alimentation saine
 (CoAHD)","Irlande","Valeur","Number of people unable to afford a healthy diet (NUA), million","2017","Juillet 2025 (rapport SOFI)","millions de No","0.1"
"Coût et abordabilité d’une alimentation saine
 (CoAHD)","Irlande","Valeur","Number of people unable to afford a healthy diet (NUA), million","2018","Juillet 2025 (rapport SOFI)","millions de No","0.1"
"Coût et abordabilité d’une alimentation saine
 (CoAHD)","Irlande","Valeur","Number of people unable to afford a healthy diet (NUA), million","2019","Juillet 2025 (rapport SOFI)","millions de No","0.1"
"Coût et abordabilité d’une alimentation saine
 (CoAHD)","Irlande","Valeur","Number of people unable to afford a healthy diet (NUA), million","2020","Juillet 2025 (rapport SOFI)","millions de No","0.1"
"Coût et abordabilité d’une alimentation saine
 (CoAHD)","Irlande","Valeur","Number of people unable to afford a healthy diet (NUA), million","2021","Juillet 2025 (rapport SOFI)","millions de No","0.1"
"Coût et abordabilité d’une alimentation saine
 (CoAHD)","Irlande","Valeur","Number of people unable to afford a healthy diet (NUA), million","2022","Juillet 2025 (rapport SOFI)","millions de No","<0.1"
"Coût et abordabilité d’une alimentation saine
 (CoAHD)","Irlande","Valeur","Number of people unable to afford a healthy diet (NUA), million","2023","Juillet 2025 (rapport SOFI)","millions de No","0.1"
"Coût et abordabilité d’une alimentation saine
 (CoAHD)","Irlande","Valeur","Number of people unable to afford a healthy diet (NUA), million","2024","Juillet 2025 (rapport SOFI)","millions de No","0.1"
"Coût et abordabilité d’une alimentation saine
 (CoAHD)","Islande","Valeur","Cost of animal source foods, LCU per person per day","2021","Juillet 2025 (rapport SOFI)","UML/personne/jour","115.73"
"Coût et abordabilité d’une alimentation saine
 (CoAHD)","Islande","Valeur","Cost of animal source foods, PPP dollar per person per day","2021","Juillet 2025 (rapport SOFI)","Int$ (PPP) per person per day","0.74"
"Coût et abordabilité d’une alimentation saine
 (CoAHD)","Islande","Valeur","Number of people unable to afford a healthy diet (NUA), million","2017","Juillet 2025 (rapport SOFI)","millions de No","<0.1"
"Coût et abordabilité d’une alimentation saine
 (CoAHD)","Islande","Valeur","Number of people unable to afford a healthy diet (NUA), million","2018","Juillet 2025 (rapport SOFI)","millions de No","<0.1"
"Coût et abordabilité d’une alimentation saine
 (CoAHD)","Islande","Valeur","Number of people unable to afford a healthy diet (NUA), million","2019","Juillet 2025 (rapport SOFI)","millions de No","<0.1"
"Coût et abordabilité d’une alimentation saine
 (CoAHD)","Islande","Valeur","Number of people unable to afford a healthy diet (NUA), million","2020","Juillet 2025 (rapport SOFI)","millions de No","<0.1"
"Coût et abordabilité d’une alimentation saine
 (CoAHD)","Islande","Valeur","Number of people unable to afford a healthy diet (NUA), million","2021","Juillet 2025 (rapport SOFI)","millions de No","<0.1"
"Coût et abordabilité d’une alimentation saine
 (CoAHD)","Islande","Valeur","Number of people unable to afford a healthy diet (NUA), million","2022","Juillet 2025 (rapport SOFI)","millions de No","<0.1"
"Coût et abordabilité d’une alimentation saine
 (CoAHD)","Islande","Valeur","Number of people unable to afford a healthy diet (NUA), million","2023","Juillet 2025 (rapport SOFI)","millions de No","<0.1"
"Coût et abordabilité d’une alimentation saine
 (CoAHD)","Islande","Valeur","Number of people unable to afford a healthy diet (NUA), million","2024","Juillet 2025 (rapport SOFI)","millions de No","<0.1"
"Coût et abordabilité d’une alimentation saine
 (CoAHD)","Israël","Valeur","Cost of animal source foods, LCU per person per day","2021","Juillet 2025 (rapport SOFI)","UML/personne/jour","2.87"
"Coût et abordabilité d’une alimentation saine
 (CoAHD)","Israël","Valeur","Cost of animal source foods, PPP dollar per person per day","2021","Juillet 2025 (rapport SOFI)","Int$ (PPP) per person per day","0.71"
"Coût et abordabilité d’une alimentation saine
 (CoAHD)","Israël","Valeur","Number of people unable to afford a healthy diet (NUA), million","2017","Juillet 2025 (rapport SOFI)","millions de No","1.6"
"Coût et abordabilité d’une alimentation saine
 (CoAHD)","Israël","Valeur","Number of people unable to afford a healthy diet (NUA), million","2018","Juillet 2025 (rapport SOFI)","millions de No","1.6"
"Coût et abordabilité d’une alimentation saine
 (CoAHD)","Israël","Valeur","Number of people unable to afford a healthy diet (NUA), million","2019","Juillet 2025 (rapport SOFI)","millions de No","1.7"
"Coût et abordabilité d’une alimentation saine
 (CoAHD)","Israël","Valeur","Number of people unable to afford a healthy diet (NUA), million","2020","Juillet 2025 (rapport SOFI)","millions de No","1.7"
"Coût et abordabilité d’une alimentation saine
 (CoAHD)","Israël","Valeur","Number of people unable to afford a healthy diet (NUA), million","2021","Juillet 2025 (rapport SOFI)","millions de No","1.6"
"Coût et abordabilité d’une alimentation saine
 (CoAHD)","Israël","Valeur","Number of people unable to afford a healthy diet (NUA), million","2022","Juillet 2025 (rapport SOFI)","millions de No","1.5"
"Coût et abordabilité d’une alimentation saine
 (CoAHD)","Israël","Valeur","Number of people unable to afford a healthy diet (NUA), million","2023","Juillet 2025 (rapport SOFI)","millions de No","1.5"
"Coût et abordabilité d’une alimentation saine
 (CoAHD)","Israël","Valeur","Number of people unable to afford a healthy diet (NUA), million","2024","Juillet 2025 (rapport SOFI)","millions de No","1.5"
"Coût et abordabilité d’une alimentation saine
 (CoAHD)","Italie","Valeur","Cost of animal source foods, LCU per person per day","2021","Juillet 2025 (rapport SOFI)","UML/personne/jour","0.52"
"Coût et abordabilité d’une alimentation saine
 (CoAHD)","Italie","Valeur","Cost of animal source foods, PPP dollar per person per day","2021","Juillet 2025 (rapport SOFI)","Int$ (PPP) per person per day","0.74"
"Coût et abordabilité d’une alimentation saine
 (CoAHD)","Italie","Valeur","Number of people unable to afford a healthy diet (NUA), million","2017","Juillet 2025 (rapport SOFI)","millions de No","6.2"
"Coût et abordabilité d’une alimentation saine
 (CoAHD)","Italie","Valeur","Number of people unable to afford a healthy diet (NUA), million","2018","Juillet 2025 (rapport SOFI)","millions de No","6"
"Coût et abordabilité d’une alimentation saine
 (CoAHD)","Italie","Valeur","Number of people unable to afford a healthy diet (NUA), million","2019","Juillet 2025 (rapport SOFI)","millions de No","5.1"
"Coût et abordabilité d’une alimentation saine
 (CoAHD)","Italie","Valeur","Number of people unable to afford a healthy diet (NUA), million","2020","Juillet 2025 (rapport SOFI)","millions de No","5.4"
"Coût et abordabilité d’une alimentation saine
 (CoAHD)","Italie","Valeur","Number of people unable to afford a healthy diet (NUA), million","2021","Juillet 2025 (rapport SOFI)","millions de No","4.6"
"Coût et abordabilité d’une alimentation saine
 (CoAHD)","Italie","Valeur","Number of people unable to afford a healthy diet (NUA), million","2022","Juillet 2025 (rapport SOFI)","millions de No","4"
"Coût et abordabilité d’une alimentation saine
 (CoAHD)","Italie","Valeur","Number of people unable to afford a healthy diet (NUA), million","2023","Juillet 2025 (rapport SOFI)","millions de No","4"
"Coût et abordabilité d’une alimentation saine
 (CoAHD)","Italie","Valeur","Number of people unable to afford a healthy diet (NUA), million","2024","Juillet 2025 (rapport SOFI)","millions de No","4"
"Coût et abordabilité d’une alimentation saine
 (CoAHD)","Jamaïque","Valeur","Cost of animal source foods, LCU per person per day","2021","Juillet 2025 (rapport SOFI)","UML/personne/jour","72.71"
"Coût et abordabilité d’une alimentation saine
 (CoAHD)","Jamaïque","Valeur","Cost of animal source foods, PPP dollar per person per day","2021","Juillet 2025 (rapport SOFI)","Int$ (PPP) per person per day","0.8"
"Coût et abordabilité d’une alimentation saine
 (CoAHD)","Jamaïque","Valeur","Number of people unable to afford a healthy diet (NUA), million","2017","Juillet 2025 (rapport SOFI)","millions de No","0.5"
"Coût et abordabilité d’une alimentation saine
 (CoAHD)","Jamaïque","Valeur","Number of people unable to afford a healthy diet (NUA), million","2018","Juillet 2025 (rapport SOFI)","millions de No","0.5"
"Coût et abordabilité d’une alimentation saine
 (CoAHD)","Jamaïque","Valeur","Number of people unable to afford a healthy diet (NUA), million","2019","Juillet 2025 (rapport SOFI)","millions de No","0.5"
"Coût et abordabilité d’une alimentation saine
 (CoAHD)","Jamaïque","Valeur","Number of people unable to afford a healthy diet (NUA), million","2020","Juillet 2025 (rapport SOFI)","millions de No","0.7"
"Coût et abordabilité d’une alimentation saine
 (CoAHD)","Jamaïque","Valeur","Number of people unable to afford a healthy diet (NUA), million","2021","Juillet 2025 (rapport SOFI)","millions de No","0.6"
"Coût et abordabilité d’une alimentation saine
 (CoAHD)","Jamaïque","Valeur","Number of people unable to afford a healthy diet (NUA), million","2022","Juillet 2025 (rapport SOFI)","millions de No","0.6"
"Coût et abordabilité d’une alimentation saine
 (CoAHD)","Jamaïque","Valeur","Number of people unable to afford a healthy diet (NUA), million","2023","Juillet 2025 (rapport SOFI)","millions de No","0.6"
"Coût et abordabilité d’une alimentation saine
 (CoAHD)","Jamaïque","Valeur","Number of people unable to afford a healthy diet (NUA), million","2024","Juillet 2025 (rapport SOFI)","millions de No","0.6"
"Coût et abordabilité d’une alimentation saine
 (CoAHD)","Japon","Valeur","Cost of animal source foods, LCU per person per day","2021","Juillet 2025 (rapport SOFI)","UML/personne/jour","111.24"
"Coût et abordabilité d’une alimentation saine
 (CoAHD)","Japon","Valeur","Cost of animal source foods, PPP dollar per person per day","2021","Juillet 2025 (rapport SOFI)","Int$ (PPP) per person per day","1.02"
"Coût et abordabilité d’une alimentation saine
 (CoAHD)","Japon","Valeur","Number of people unable to afford a healthy diet (NUA), million","2017","Juillet 2025 (rapport SOFI)","millions de No","9.1"
"Coût et abordabilité d’une alimentation saine
 (CoAHD)","Japon","Valeur","Number of people unable to afford a healthy diet (NUA), million","2018","Juillet 2025 (rapport SOFI)","millions de No","9.1"
"Coût et abordabilité d’une alimentation saine
 (CoAHD)","Japon","Valeur","Number of people unable to afford a healthy diet (NUA), million","2019","Juillet 2025 (rapport SOFI)","millions de No","9.1"
"Coût et abordabilité d’une alimentation saine
 (CoAHD)","Japon","Valeur","Number of people unable to afford a healthy diet (NUA), million","2020","Juillet 2025 (rapport SOFI)","millions de No","10.1"
"Coût et abordabilité d’une alimentation saine
 (CoAHD)","Japon","Valeur","Number of people unable to afford a healthy diet (NUA), million","2021","Juillet 2025 (rapport SOFI)","millions de No","10"
"Coût et abordabilité d’une alimentation saine
 (CoAHD)","Japon","Valeur","Number of people unable to afford a healthy diet (NUA), million","2022","Juillet 2025 (rapport SOFI)","millions de No","9.3"
"Coût et abordabilité d’une alimentation saine
 (CoAHD)","Japon","Valeur","Number of people unable to afford a healthy diet (NUA), million","2023","Juillet 2025 (rapport SOFI)","millions de No","9.3"
"Coût et abordabilité d’une alimentation saine
 (CoAHD)","Japon","Valeur","Number of people unable to afford a healthy diet (NUA), million","2024","Juillet 2025 (rapport SOFI)","millions de No","8.9"
"Coût et abordabilité d’une alimentation saine
 (CoAHD)","Jordanie","Valeur","Cost of animal source foods, LCU per person per day","2021","Juillet 2025 (rapport SOFI)","UML/personne/jour","0.3"
"Coût et abordabilité d’une alimentation saine
 (CoAHD)","Jordanie","Valeur","Cost of animal source foods, PPP dollar per person per day","2021","Juillet 2025 (rapport SOFI)","Int$ (PPP) per person per day","0.87"
"Coût et abordabilité d’une alimentation saine
 (CoAHD)","Jordanie","Valeur","Number of people unable to afford a healthy diet (NUA), million","2017","Juillet 2025 (rapport SOFI)","millions de No","1.3"
"Coût et abordabilité d’une alimentation saine
 (CoAHD)","Jordanie","Valeur","Number of people unable to afford a healthy diet (NUA), million","2018","Juillet 2025 (rapport SOFI)","millions de No","1.3"
"Coût et abordabilité d’une alimentation saine
 (CoAHD)","Jordanie","Valeur","Number of people unable to afford a healthy diet (NUA), million","2019","Juillet 2025 (rapport SOFI)","millions de No","1.3"
"Coût et abordabilité d’une alimentation saine
 (CoAHD)","Jordanie","Valeur","Number of people unable to afford a healthy diet (NUA), million","2020","Juillet 2025 (rapport SOFI)","millions de No","1.5"
"Coût et abordabilité d’une alimentation saine
 (CoAHD)","Jordanie","Valeur","Number of people unable to afford a healthy diet (NUA), million","2021","Juillet 2025 (rapport SOFI)","millions de No","1.5"
"Coût et abordabilité d’une alimentation saine
 (CoAHD)","Jordanie","Valeur","Number of people unable to afford a healthy diet (NUA), million","2022","Juillet 2025 (rapport SOFI)","millions de No","1.4"
"Coût et abordabilité d’une alimentation saine
 (CoAHD)","Jordanie","Valeur","Number of people unable to afford a healthy diet (NUA), million","2023","Juillet 2025 (rapport SOFI)","millions de No","1.3"
"Coût et abordabilité d’une alimentation saine
 (CoAHD)","Jordanie","Valeur","Number of people unable to afford a healthy diet (NUA), million","2024","Juillet 2025 (rapport SOFI)","millions de No","1.2"
"Coût et abordabilité d’une alimentation saine
 (CoAHD)","Kazakhstan","Valeur","Cost of animal source foods, LCU per person per day","2021","Juillet 2025 (rapport SOFI)","UML/personne/jour","97.96"
"Coût et abordabilité d’une alimentation saine
 (CoAHD)","Kazakhstan","Valeur","Cost of animal source foods, PPP dollar per person per day","2021","Juillet 2025 (rapport SOFI)","Int$ (PPP) per person per day","0.69"
"Coût et abordabilité d’une alimentation saine
 (CoAHD)","Kazakhstan","Valeur","Number of people unable to afford a healthy diet (NUA), million","2017","Juillet 2025 (rapport SOFI)","millions de No","1.7"
"Coût et abordabilité d’une alimentation saine
 (CoAHD)","Kazakhstan","Valeur","Number of people unable to afford a healthy diet (NUA), million","2018","Juillet 2025 (rapport SOFI)","millions de No","1.2"
"Coût et abordabilité d’une alimentation saine
 (CoAHD)","Kazakhstan","Valeur","Number of people unable to afford a healthy diet (NUA), million","2019","Juillet 2025 (rapport SOFI)","millions de No","1.3"
"Coût et abordabilité d’une alimentation saine
 (CoAHD)","Kazakhstan","Valeur","Number of people unable to afford a healthy diet (NUA), million","2020","Juillet 2025 (rapport SOFI)","millions de No","1.3"
"Coût et abordabilité d’une alimentation saine
 (CoAHD)","Kazakhstan","Valeur","Number of people unable to afford a healthy diet (NUA), million","2021","Juillet 2025 (rapport SOFI)","millions de No","1"
"Coût et abordabilité d’une alimentation saine
 (CoAHD)","Kazakhstan","Valeur","Number of people unable to afford a healthy diet (NUA), million","2022","Juillet 2025 (rapport SOFI)","millions de No","1.1"
"Coût et abordabilité d’une alimentation saine
 (CoAHD)","Kazakhstan","Valeur","Number of people unable to afford a healthy diet (NUA), million","2023","Juillet 2025 (rapport SOFI)","millions de No","1"
"Coût et abordabilité d’une alimentation saine
 (CoAHD)","Kazakhstan","Valeur","Number of people unable to afford a healthy diet (NUA), million","2024","Juillet 2025 (rapport SOFI)","millions de No","0.9"
"Coût et abordabilité d’une alimentation saine
 (CoAHD)","Kenya","Valeur","Cost of animal source foods, LCU per person per day","2021","Juillet 2025 (rapport SOFI)","UML/personne/jour","55.89"
"Coût et abordabilité d’une alimentation saine
 (CoAHD)","Kenya","Valeur","Cost of animal source foods, PPP dollar per person per day","2021","Juillet 2025 (rapport SOFI)","Int$ (PPP) per person per day","1.32"
"Coût et abordabilité d’une alimentation saine
 (CoAHD)","Kenya","Valeur","Number of people unable to afford a healthy diet (NUA), million","2017","Juillet 2025 (rapport SOFI)","millions de No","34.1"
"Coût et abordabilité d’une alimentation saine
 (CoAHD)","Kenya","Valeur","Number of people unable to afford a healthy diet (NUA), million","2018","Juillet 2025 (rapport SOFI)","millions de No","34.8"
"Coût et abordabilité d’une alimentation saine
 (CoAHD)","Kenya","Valeur","Number of people unable to afford a healthy diet (NUA), million","2019","Juillet 2025 (rapport SOFI)","millions de No","36.7"
"Coût et abordabilité d’une alimentation saine
 (CoAHD)","Kenya","Valeur","Number of people unable to afford a healthy diet (NUA), million","2020","Juillet 2025 (rapport SOFI)","millions de No","39.6"
"Coût et abordabilité d’une alimentation saine
 (CoAHD)","Kenya","Valeur","Number of people unable to afford a healthy diet (NUA), million","2021","Juillet 2025 (rapport SOFI)","millions de No","41.3"
"Coût et abordabilité d’une alimentation saine
 (CoAHD)","Kenya","Valeur","Number of people unable to afford a healthy diet (NUA), million","2022","Juillet 2025 (rapport SOFI)","millions de No","42.3"
"Coût et abordabilité d’une alimentation saine
 (CoAHD)","Kenya","Valeur","Number of people unable to afford a healthy diet (NUA), million","2023","Juillet 2025 (rapport SOFI)","millions de No","42.9"
"Coût et abordabilité d’une alimentation saine
 (CoAHD)","Kenya","Valeur","Number of people unable to afford a healthy diet (NUA), million","2024","Juillet 2025 (rapport SOFI)","millions de No","43.5"
"Coût et abordabilité d’une alimentation saine
 (CoAHD)","Kirghizistan","Valeur","Cost of animal source foods, LCU per person per day","2021","Juillet 2025 (rapport SOFI)","UML/personne/jour","20.07"
"Coût et abordabilité d’une alimentation saine
 (CoAHD)","Kirghizistan","Valeur","Cost of animal source foods, PPP dollar per person per day","2021","Juillet 2025 (rapport SOFI)","Int$ (PPP) per person per day","0.83"
"Coût et abordabilité d’une alimentation saine
 (CoAHD)","Kirghizistan","Valeur","Number of people unable to afford a healthy diet (NUA), million","2017","Juillet 2025 (rapport SOFI)","millions de No","2.5"
"Coût et abordabilité d’une alimentation saine
 (CoAHD)","Kirghizistan","Valeur","Number of people unable to afford a healthy diet (NUA), million","2018","Juillet 2025 (rapport SOFI)","millions de No","2.2"
"Coût et abordabilité d’une alimentation saine
 (CoAHD)","Kirghizistan","Valeur","Number of people unable to afford a healthy diet (NUA), million","2019","Juillet 2025 (rapport SOFI)","millions de No","2"
"Coût et abordabilité d’une alimentation saine
 (CoAHD)","Kirghizistan","Valeur","Number of people unable to afford a healthy diet (NUA), million","2020","Juillet 2025 (rapport SOFI)","millions de No","2.7"
"Coût et abordabilité d’une alimentation saine
 (CoAHD)","Kirghizistan","Valeur","Number of people unable to afford a healthy diet (NUA), million","2021","Juillet 2025 (rapport SOFI)","millions de No","2.5"
"Coût et abordabilité d’une alimentation saine
 (CoAHD)","Kirghizistan","Valeur","Number of people unable to afford a healthy diet (NUA), million","2022","Juillet 2025 (rapport SOFI)","millions de No","2.5"
"Coût et abordabilité d’une alimentation saine
 (CoAHD)","Kirghizistan","Valeur","Number of people unable to afford a healthy diet (NUA), million","2023","Juillet 2025 (rapport SOFI)","millions de No","2.4"
"Coût et abordabilité d’une alimentation saine
 (CoAHD)","Kirghizistan","Valeur","Number of people unable to afford a healthy diet (NUA), million","2024","Juillet 2025 (rapport SOFI)","millions de No","2.2"
"Coût et abordabilité d’une alimentation saine
 (CoAHD)","Koweït","Valeur","Cost of animal source foods, LCU per person per day","2021","Juillet 2025 (rapport SOFI)","UML/personne/jour","0.08"
"Coût et abordabilité d’une alimentation saine
 (CoAHD)","Koweït","Valeur","Cost of animal source foods, PPP dollar per person per day","2021","Juillet 2025 (rapport SOFI)","Int$ (PPP) per person per day","0.43"
"Coût et abordabilité d’une alimentation saine
 (CoAHD)","Koweït","Valeur","Number of people unable to afford a healthy diet (NUA), million","2017","Juillet 2025 (rapport SOFI)","millions de No",""
"Coût et abordabilité d’une alimentation saine
 (CoAHD)","Koweït","Valeur","Number of people unable to afford a healthy diet (NUA), million","2018","Juillet 2025 (rapport SOFI)","millions de No",""
"Coût et abordabilité d’une alimentation saine
 (CoAHD)","Koweït","Valeur","Number of people unable to afford a healthy diet (NUA), million","2019","Juillet 2025 (rapport SOFI)","millions de No",""
"Coût et abordabilité d’une alimentation saine
 (CoAHD)","Koweït","Valeur","Number of people unable to afford a healthy diet (NUA), million","2020","Juillet 2025 (rapport SOFI)","millions de No",""
"Coût et abordabilité d’une alimentation saine
 (CoAHD)","Koweït","Valeur","Number of people unable to afford a healthy diet (NUA), million","2021","Juillet 2025 (rapport SOFI)","millions de No",""
"Coût et abordabilité d’une alimentation saine
 (CoAHD)","Koweït","Valeur","Number of people unable to afford a healthy diet (NUA), million","2022","Juillet 2025 (rapport SOFI)","millions de No",""
"Coût et abordabilité d’une alimentation saine
 (CoAHD)","Koweït","Valeur","Number of people unable to afford a healthy diet (NUA), million","2023","Juillet 2025 (rapport SOFI)","millions de No",""
"Coût et abordabilité d’une alimentation saine
 (CoAHD)","Koweït","Valeur","Number of people unable to afford a healthy diet (NUA), million","2024","Juillet 2025 (rapport SOFI)","millions de No",""
"Coût et abordabilité d’une alimentation saine
 (CoAHD)","Lesotho","Valeur","Cost of animal source foods, LCU per person per day","2021","Juillet 2025 (rapport SOFI)","UML/personne/jour","7.72"
"Coût et abordabilité d’une alimentation saine
 (CoAHD)","Lesotho","Valeur","Cost of animal source foods, PPP dollar per person per day","2021","Juillet 2025 (rapport SOFI)","Int$ (PPP) per person per day","1.33"
"Coût et abordabilité d’une alimentation saine
 (CoAHD)","Lesotho","Valeur","Number of people unable to afford a healthy diet (NUA), million","2017","Juillet 2025 (rapport SOFI)","millions de No","1.5"
"Coût et abordabilité d’une alimentation saine
 (CoAHD)","Lesotho","Valeur","Number of people unable to afford a healthy diet (NUA), million","2018","Juillet 2025 (rapport SOFI)","millions de No","1.6"
"Coût et abordabilité d’une alimentation saine
 (CoAHD)","Lesotho","Valeur","Number of people unable to afford a healthy diet (NUA), million","2019","Juillet 2025 (rapport SOFI)","millions de No","1.6"
"Coût et abordabilité d’une alimentation saine
 (CoAHD)","Lesotho","Valeur","Number of people unable to afford a healthy diet (NUA), million","2020","Juillet 2025 (rapport SOFI)","millions de No","1.7"
"Coût et abordabilité d’une alimentation saine
 (CoAHD)","Lesotho","Valeur","Number of people unable to afford a healthy diet (NUA), million","2021","Juillet 2025 (rapport SOFI)","millions de No","1.7"
"Coût et abordabilité d’une alimentation saine
 (CoAHD)","Lesotho","Valeur","Number of people unable to afford a healthy diet (NUA), million","2022","Juillet 2025 (rapport SOFI)","millions de No","1.8"
"Coût et abordabilité d’une alimentation saine
 (CoAHD)","Lesotho","Valeur","Number of people unable to afford a healthy diet (NUA), million","2023","Juillet 2025 (rapport SOFI)","millions de No","1.8"
"Coût et abordabilité d’une alimentation saine
 (CoAHD)","Lesotho","Valeur","Number of people unable to afford a healthy diet (NUA), million","2024","Juillet 2025 (rapport SOFI)","millions de No","1.8"
"Coût et abordabilité d’une alimentation saine
 (CoAHD)","Lettonie","Valeur","Cost of animal source foods, LCU per person per day","2021","Juillet 2025 (rapport SOFI)","UML/personne/jour","0.48"
"Coût et abordabilité d’une alimentation saine
 (CoAHD)","Lettonie","Valeur","Cost of animal source foods, PPP dollar per person per day","2021","Juillet 2025 (rapport SOFI)","Int$ (PPP) per person per day","0.92"
"Coût et abordabilité d’une alimentation saine
 (CoAHD)","Lettonie","Valeur","Number of people unable to afford a healthy diet (NUA), million","2017","Juillet 2025 (rapport SOFI)","millions de No","0.5"
"Coût et abordabilité d’une alimentation saine
 (CoAHD)","Lettonie","Valeur","Number of people unable to afford a healthy diet (NUA), million","2018","Juillet 2025 (rapport SOFI)","millions de No","0.4"
"Coût et abordabilité d’une alimentation saine
 (CoAHD)","Lettonie","Valeur","Number of people unable to afford a healthy diet (NUA), million","2019","Juillet 2025 (rapport SOFI)","millions de No","0.3"
"Coût et abordabilité d’une alimentation saine
 (CoAHD)","Lettonie","Valeur","Number of people unable to afford a healthy diet (NUA), million","2020","Juillet 2025 (rapport SOFI)","millions de No","0.3"
"Coût et abordabilité d’une alimentation saine
 (CoAHD)","Lettonie","Valeur","Number of people unable to afford a healthy diet (NUA), million","2021","Juillet 2025 (rapport SOFI)","millions de No","0.3"
"Coût et abordabilité d’une alimentation saine
 (CoAHD)","Lettonie","Valeur","Number of people unable to afford a healthy diet (NUA), million","2022","Juillet 2025 (rapport SOFI)","millions de No","0.2"
"Coût et abordabilité d’une alimentation saine
 (CoAHD)","Lettonie","Valeur","Number of people unable to afford a healthy diet (NUA), million","2023","Juillet 2025 (rapport SOFI)","millions de No","0.2"
"Coût et abordabilité d’une alimentation saine
 (CoAHD)","Lettonie","Valeur","Number of people unable to afford a healthy diet (NUA), million","2024","Juillet 2025 (rapport SOFI)","millions de No","0.2"
"Coût et abordabilité d’une alimentation saine
 (CoAHD)","Liban","Valeur","Cost of animal source foods, LCU per person per day","2021","Juillet 2025 (rapport SOFI)","UML/personne/jour","6231.45"
"Coût et abordabilité d’une alimentation saine
 (CoAHD)","Liban","Valeur","Cost of animal source foods, PPP dollar per person per day","2021","Juillet 2025 (rapport SOFI)","Int$ (PPP) per person per day","1.3"
"Coût et abordabilité d’une alimentation saine
 (CoAHD)","Liban","Valeur","Number of people unable to afford a healthy diet (NUA), million","2017","Juillet 2025 (rapport SOFI)","millions de No","1.9"
"Coût et abordabilité d’une alimentation saine
 (CoAHD)","Liban","Valeur","Number of people unable to afford a healthy diet (NUA), million","2018","Juillet 2025 (rapport SOFI)","millions de No","1.9"
"Coût et abordabilité d’une alimentation saine
 (CoAHD)","Liban","Valeur","Number of people unable to afford a healthy diet (NUA), million","2019","Juillet 2025 (rapport SOFI)","millions de No","1.8"
"Coût et abordabilité d’une alimentation saine
 (CoAHD)","Liban","Valeur","Number of people unable to afford a healthy diet (NUA), million","2020","Juillet 2025 (rapport SOFI)","millions de No","<0.1"
"Coût et abordabilité d’une alimentation saine
 (CoAHD)","Liban","Valeur","Number of people unable to afford a healthy diet (NUA), million","2021","Juillet 2025 (rapport SOFI)","millions de No","0.1"
"Coût et abordabilité d’une alimentation saine
 (CoAHD)","Liban","Valeur","Number of people unable to afford a healthy diet (NUA), million","2022","Juillet 2025 (rapport SOFI)","millions de No","0.2"
"Coût et abordabilité d’une alimentation saine
 (CoAHD)","Liban","Valeur","Number of people unable to afford a healthy diet (NUA), million","2023","Juillet 2025 (rapport SOFI)","millions de No","0.3"
"Coût et abordabilité d’une alimentation saine
 (CoAHD)","Liban","Valeur","Number of people unable to afford a healthy diet (NUA), million","2024","Juillet 2025 (rapport SOFI)","millions de No","0.2"
"Coût et abordabilité d’une alimentation saine
 (CoAHD)","Libéria","Valeur","Cost of animal source foods, LCU per person per day","2021","Juillet 2025 (rapport SOFI)","UML/personne/jour","85.46"
"Coût et abordabilité d’une alimentation saine
 (CoAHD)","Libéria","Valeur","Cost of animal source foods, PPP dollar per person per day","2021","Juillet 2025 (rapport SOFI)","Int$ (PPP) per person per day","1.13"
"Coût et abordabilité d’une alimentation saine
 (CoAHD)","Libéria","Valeur","Number of people unable to afford a healthy diet (NUA), million","2017","Juillet 2025 (rapport SOFI)","millions de No","3.2"
"Coût et abordabilité d’une alimentation saine
 (CoAHD)","Libéria","Valeur","Number of people unable to afford a healthy diet (NUA), million","2018","Juillet 2025 (rapport SOFI)","millions de No","3.3"
"Coût et abordabilité d’une alimentation saine
 (CoAHD)","Libéria","Valeur","Number of people unable to afford a healthy diet (NUA), million","2019","Juillet 2025 (rapport SOFI)","millions de No","3.5"
"Coût et abordabilité d’une alimentation saine
 (CoAHD)","Libéria","Valeur","Number of people unable to afford a healthy diet (NUA), million","2020","Juillet 2025 (rapport SOFI)","millions de No","3.7"
"Coût et abordabilité d’une alimentation saine
 (CoAHD)","Libéria","Valeur","Number of people unable to afford a healthy diet (NUA), million","2021","Juillet 2025 (rapport SOFI)","millions de No","3.5"
"Coût et abordabilité d’une alimentation saine
 (CoAHD)","Libéria","Valeur","Number of people unable to afford a healthy diet (NUA), million","2022","Juillet 2025 (rapport SOFI)","millions de No","3.3"
"Coût et abordabilité d’une alimentation saine
 (CoAHD)","Libéria","Valeur","Number of people unable to afford a healthy diet (NUA), million","2023","Juillet 2025 (rapport SOFI)","millions de No","3.4"
"Coût et abordabilité d’une alimentation saine
 (CoAHD)","Libéria","Valeur","Number of people unable to afford a healthy diet (NUA), million","2024","Juillet 2025 (rapport SOFI)","millions de No","3.6"
"Coût et abordabilité d’une alimentation saine
 (CoAHD)","Lituanie","Valeur","Cost of animal source foods, LCU per person per day","2021","Juillet 2025 (rapport SOFI)","UML/personne/jour","0.39"
"Coût et abordabilité d’une alimentation saine
 (CoAHD)","Lituanie","Valeur","Cost of animal source foods, PPP dollar per person per day","2021","Juillet 2025 (rapport SOFI)","Int$ (PPP) per person per day","0.78"
"Coût et abordabilité d’une alimentation saine
 (CoAHD)","Lituanie","Valeur","Number of people unable to afford a healthy diet (NUA), million","2017","Juillet 2025 (rapport SOFI)","millions de No","0.6"
"Coût et abordabilité d’une alimentation saine
 (CoAHD)","Lituanie","Valeur","Number of people unable to afford a healthy diet (NUA), million","2018","Juillet 2025 (rapport SOFI)","millions de No","0.5"
"Coût et abordabilité d’une alimentation saine
 (CoAHD)","Lituanie","Valeur","Number of people unable to afford a healthy diet (NUA), million","2019","Juillet 2025 (rapport SOFI)","millions de No","0.4"
"Coût et abordabilité d’une alimentation saine
 (CoAHD)","Lituanie","Valeur","Number of people unable to afford a healthy diet (NUA), million","2020","Juillet 2025 (rapport SOFI)","millions de No","0.2"
"Coût et abordabilité d’une alimentation saine
 (CoAHD)","Lituanie","Valeur","Number of people unable to afford a healthy diet (NUA), million","2021","Juillet 2025 (rapport SOFI)","millions de No","0.2"
"Coût et abordabilité d’une alimentation saine
 (CoAHD)","Lituanie","Valeur","Number of people unable to afford a healthy diet (NUA), million","2022","Juillet 2025 (rapport SOFI)","millions de No","0.3"
"Coût et abordabilité d’une alimentation saine
 (CoAHD)","Lituanie","Valeur","Number of people unable to afford a healthy diet (NUA), million","2023","Juillet 2025 (rapport SOFI)","millions de No","0.3"
"Coût et abordabilité d’une alimentation saine
 (CoAHD)","Lituanie","Valeur","Number of people unable to afford a healthy diet (NUA), million","2024","Juillet 2025 (rapport SOFI)","millions de No","0.2"
"Coût et abordabilité d’une alimentation saine
 (CoAHD)","Luxembourg","Valeur","Cost of animal source foods, LCU per person per day","2021","Juillet 2025 (rapport SOFI)","UML/personne/jour","0.51"
"Coût et abordabilité d’une alimentation saine
 (CoAHD)","Luxembourg","Valeur","Cost of animal source foods, PPP dollar per person per day","2021","Juillet 2025 (rapport SOFI)","Int$ (PPP) per person per day","0.53"
"Coût et abordabilité d’une alimentation saine
 (CoAHD)","Luxembourg","Valeur","Number of people unable to afford a healthy diet (NUA), million","2017","Juillet 2025 (rapport SOFI)","millions de No","<0.1"
"Coût et abordabilité d’une alimentation saine
 (CoAHD)","Luxembourg","Valeur","Number of people unable to afford a healthy diet (NUA), million","2018","Juillet 2025 (rapport SOFI)","millions de No","<0.1"
"Coût et abordabilité d’une alimentation saine
 (CoAHD)","Luxembourg","Valeur","Number of people unable to afford a healthy diet (NUA), million","2019","Juillet 2025 (rapport SOFI)","millions de No","<0.1"
"Coût et abordabilité d’une alimentation saine
 (CoAHD)","Luxembourg","Valeur","Number of people unable to afford a healthy diet (NUA), million","2020","Juillet 2025 (rapport SOFI)","millions de No","<0.1"
"Coût et abordabilité d’une alimentation saine
 (CoAHD)","Luxembourg","Valeur","Number of people unable to afford a healthy diet (NUA), million","2021","Juillet 2025 (rapport SOFI)","millions de No","<0.1"
"Coût et abordabilité d’une alimentation saine
 (CoAHD)","Luxembourg","Valeur","Number of people unable to afford a healthy diet (NUA), million","2022","Juillet 2025 (rapport SOFI)","millions de No","<0.1"
"Coût et abordabilité d’une alimentation saine
 (CoAHD)","Luxembourg","Valeur","Number of people unable to afford a healthy diet (NUA), million","2023","Juillet 2025 (rapport SOFI)","millions de No","<0.1"
"Coût et abordabilité d’une alimentation saine
 (CoAHD)","Luxembourg","Valeur","Number of people unable to afford a healthy diet (NUA), million","2024","Juillet 2025 (rapport SOFI)","millions de No","<0.1"
"Coût et abordabilité d’une alimentation saine
 (CoAHD)","Macédoine du Nord","Valeur","Cost of animal source foods, LCU per person per day","2021","Juillet 2025 (rapport SOFI)","UML/personne/jour","24.41"
"Coût et abordabilité d’une alimentation saine
 (CoAHD)","Macédoine du Nord","Valeur","Cost of animal source foods, PPP dollar per person per day","2021","Juillet 2025 (rapport SOFI)","Int$ (PPP) per person per day","1.17"
"Coût et abordabilité d’une alimentation saine
 (CoAHD)","Macédoine du Nord","Valeur","Number of people unable to afford a healthy diet (NUA), million","2017","Juillet 2025 (rapport SOFI)","millions de No","0.5"
"Coût et abordabilité d’une alimentation saine
 (CoAHD)","Macédoine du Nord","Valeur","Number of people unable to afford a healthy diet (NUA), million","2018","Juillet 2025 (rapport SOFI)","millions de No","0.4"
"Coût et abordabilité d’une alimentation saine
 (CoAHD)","Macédoine du Nord","Valeur","Number of people unable to afford a healthy diet (NUA), million","2019","Juillet 2025 (rapport SOFI)","millions de No","0.4"
"Coût et abordabilité d’une alimentation saine
 (CoAHD)","Macédoine du Nord","Valeur","Number of people unable to afford a healthy diet (NUA), million","2020","Juillet 2025 (rapport SOFI)","millions de No","0.4"
"Coût et abordabilité d’une alimentation saine
 (CoAHD)","Macédoine du Nord","Valeur","Number of people unable to afford a healthy diet (NUA), million","2021","Juillet 2025 (rapport SOFI)","millions de No","0.3"
"Coût et abordabilité d’une alimentation saine
 (CoAHD)","Macédoine du Nord","Valeur","Number of people unable to afford a healthy diet (NUA), million","2022","Juillet 2025 (rapport SOFI)","millions de No","0.3"
"Coût et abordabilité d’une alimentation saine
 (CoAHD)","Macédoine du Nord","Valeur","Number of people unable to afford a healthy diet (NUA), million","2023","Juillet 2025 (rapport SOFI)","millions de No","0.3"
"Coût et abordabilité d’une alimentation saine
 (CoAHD)","Macédoine du Nord","Valeur","Number of people unable to afford a healthy diet (NUA), million","2024","Juillet 2025 (rapport SOFI)","millions de No","0.3"
"Coût et abordabilité d’une alimentation saine
 (CoAHD)","Madagascar","Valeur","Cost of animal source foods, LCU per person per day","2021","Juillet 2025 (rapport SOFI)","UML/personne/jour","1432.65"
"Coût et abordabilité d’une alimentation saine
 (CoAHD)","Madagascar","Valeur","Cost of animal source foods, PPP dollar per person per day","2021","Juillet 2025 (rapport SOFI)","Int$ (PPP) per person per day","1.27"
"Coût et abordabilité d’une alimentation saine
 (CoAHD)","Madagascar","Valeur","Number of people unable to afford a healthy diet (NUA), million","2017","Juillet 2025 (rapport SOFI)","millions de No","24.9"
"Coût et abordabilité d’une alimentation saine
 (CoAHD)","Madagascar","Valeur","Number of people unable to afford a healthy diet (NUA), million","2018","Juillet 2025 (rapport SOFI)","millions de No","25.6"
"Coût et abordabilité d’une alimentation saine
 (CoAHD)","Madagascar","Valeur","Number of people unable to afford a healthy diet (NUA), million","2019","Juillet 2025 (rapport SOFI)","millions de No","26.2"
"Coût et abordabilité d’une alimentation saine
 (CoAHD)","Madagascar","Valeur","Number of people unable to afford a healthy diet (NUA), million","2020","Juillet 2025 (rapport SOFI)","millions de No","27.2"
"Coût et abordabilité d’une alimentation saine
 (CoAHD)","Madagascar","Valeur","Number of people unable to afford a healthy diet (NUA), million","2021","Juillet 2025 (rapport SOFI)","millions de No","27.9"
"Coût et abordabilité d’une alimentation saine
 (CoAHD)","Madagascar","Valeur","Number of people unable to afford a healthy diet (NUA), million","2022","Juillet 2025 (rapport SOFI)","millions de No","28.6"
"Coût et abordabilité d’une alimentation saine
 (CoAHD)","Madagascar","Valeur","Number of people unable to afford a healthy diet (NUA), million","2023","Juillet 2025 (rapport SOFI)","millions de No","29.3"
"Coût et abordabilité d’une alimentation saine
 (CoAHD)","Madagascar","Valeur","Number of people unable to afford a healthy diet (NUA), million","2024","Juillet 2025 (rapport SOFI)","millions de No","29.9"
"Coût et abordabilité d’une alimentation saine
 (CoAHD)","Malaisie","Valeur","Cost of animal source foods, LCU per person per day","2021","Juillet 2025 (rapport SOFI)","UML/personne/jour","1.31"
"Coût et abordabilité d’une alimentation saine
 (CoAHD)","Malaisie","Valeur","Cost of animal source foods, PPP dollar per person per day","2021","Juillet 2025 (rapport SOFI)","Int$ (PPP) per person per day","0.84"
"Coût et abordabilité d’une alimentation saine
 (CoAHD)","Malaisie","Valeur","Number of people unable to afford a healthy diet (NUA), million","2017","Juillet 2025 (rapport SOFI)","millions de No","1.4"
"Coût et abordabilité d’une alimentation saine
 (CoAHD)","Malaisie","Valeur","Number of people unable to afford a healthy diet (NUA), million","2018","Juillet 2025 (rapport SOFI)","millions de No","1.2"
"Coût et abordabilité d’une alimentation saine
 (CoAHD)","Malaisie","Valeur","Number of people unable to afford a healthy diet (NUA), million","2019","Juillet 2025 (rapport SOFI)","millions de No","0.9"
"Coût et abordabilité d’une alimentation saine
 (CoAHD)","Malaisie","Valeur","Number of people unable to afford a healthy diet (NUA), million","2020","Juillet 2025 (rapport SOFI)","millions de No","1.1"
"Coût et abordabilité d’une alimentation saine
 (CoAHD)","Malaisie","Valeur","Number of people unable to afford a healthy diet (NUA), million","2021","Juillet 2025 (rapport SOFI)","millions de No","1"
"Coût et abordabilité d’une alimentation saine
 (CoAHD)","Malaisie","Valeur","Number of people unable to afford a healthy diet (NUA), million","2022","Juillet 2025 (rapport SOFI)","millions de No","0.7"
"Coût et abordabilité d’une alimentation saine
 (CoAHD)","Malaisie","Valeur","Number of people unable to afford a healthy diet (NUA), million","2023","Juillet 2025 (rapport SOFI)","millions de No","0.7"
"Coût et abordabilité d’une alimentation saine
 (CoAHD)","Malaisie","Valeur","Number of people unable to afford a healthy diet (NUA), million","2024","Juillet 2025 (rapport SOFI)","millions de No","0.6"
"Coût et abordabilité d’une alimentation saine
 (CoAHD)","Malawi","Valeur","Cost of animal source foods, LCU per person per day","2021","Juillet 2025 (rapport SOFI)","UML/personne/jour","383.39"
"Coût et abordabilité d’une alimentation saine
 (CoAHD)","Malawi","Valeur","Cost of animal source foods, PPP dollar per person per day","2021","Juillet 2025 (rapport SOFI)","Int$ (PPP) per person per day","1.36"
"Coût et abordabilité d’une alimentation saine
 (CoAHD)","Malawi","Valeur","Number of people unable to afford a healthy diet (NUA), million","2017","Juillet 2025 (rapport SOFI)","millions de No","15.1"
"Coût et abordabilité d’une alimentation saine
 (CoAHD)","Malawi","Valeur","Number of people unable to afford a healthy diet (NUA), million","2018","Juillet 2025 (rapport SOFI)","millions de No","15.7"
"Coût et abordabilité d’une alimentation saine
 (CoAHD)","Malawi","Valeur","Number of people unable to afford a healthy diet (NUA), million","2019","Juillet 2025 (rapport SOFI)","millions de No","16.5"
"Coût et abordabilité d’une alimentation saine
 (CoAHD)","Malawi","Valeur","Number of people unable to afford a healthy diet (NUA), million","2020","Juillet 2025 (rapport SOFI)","millions de No","17.2"
"Coût et abordabilité d’une alimentation saine
 (CoAHD)","Malawi","Valeur","Number of people unable to afford a healthy diet (NUA), million","2021","Juillet 2025 (rapport SOFI)","millions de No","17.7"
"Coût et abordabilité d’une alimentation saine
 (CoAHD)","Malawi","Valeur","Number of people unable to afford a healthy diet (NUA), million","2022","Juillet 2025 (rapport SOFI)","millions de No","18.3"
"Coût et abordabilité d’une alimentation saine
 (CoAHD)","Malawi","Valeur","Number of people unable to afford a healthy diet (NUA), million","2023","Juillet 2025 (rapport SOFI)","millions de No","19.1"
"Coût et abordabilité d’une alimentation saine
 (CoAHD)","Malawi","Valeur","Number of people unable to afford a healthy diet (NUA), million","2024","Juillet 2025 (rapport SOFI)","millions de No","19.8"
"Coût et abordabilité d’une alimentation saine
 (CoAHD)","Maldives","Valeur","Cost of animal source foods, LCU per person per day","2021","Juillet 2025 (rapport SOFI)","UML/personne/jour","8.15"
"Coût et abordabilité d’une alimentation saine
 (CoAHD)","Maldives","Valeur","Cost of animal source foods, PPP dollar per person per day","2021","Juillet 2025 (rapport SOFI)","Int$ (PPP) per person per day","0.8"
"Coût et abordabilité d’une alimentation saine
 (CoAHD)","Maldives","Valeur","Number of people unable to afford a healthy diet (NUA), million","2017","Juillet 2025 (rapport SOFI)","millions de No","<0.1"
"Coût et abordabilité d’une alimentation saine
 (CoAHD)","Maldives","Valeur","Number of people unable to afford a healthy diet (NUA), million","2018","Juillet 2025 (rapport SOFI)","millions de No","<0.1"
"Coût et abordabilité d’une alimentation saine
 (CoAHD)","Maldives","Valeur","Number of people unable to afford a healthy diet (NUA), million","2019","Juillet 2025 (rapport SOFI)","millions de No","<0.1"
"Coût et abordabilité d’une alimentation saine
 (CoAHD)","Maldives","Valeur","Number of people unable to afford a healthy diet (NUA), million","2020","Juillet 2025 (rapport SOFI)","millions de No","<0.1"
"Coût et abordabilité d’une alimentation saine
 (CoAHD)","Maldives","Valeur","Number of people unable to afford a healthy diet (NUA), million","2021","Juillet 2025 (rapport SOFI)","millions de No","<0.1"
"Coût et abordabilité d’une alimentation saine
 (CoAHD)","Maldives","Valeur","Number of people unable to afford a healthy diet (NUA), million","2022","Juillet 2025 (rapport SOFI)","millions de No","<0.1"
"Coût et abordabilité d’une alimentation saine
 (CoAHD)","Maldives","Valeur","Number of people unable to afford a healthy diet (NUA), million","2023","Juillet 2025 (rapport SOFI)","millions de No","<0.1"
"Coût et abordabilité d’une alimentation saine
 (CoAHD)","Maldives","Valeur","Number of people unable to afford a healthy diet (NUA), million","2024","Juillet 2025 (rapport SOFI)","millions de No","<0.1"
"Coût et abordabilité d’une alimentation saine
 (CoAHD)","Mali","Valeur","Cost of animal source foods, LCU per person per day","2021","Juillet 2025 (rapport SOFI)","UML/personne/jour","255.58"
"Coût et abordabilité d’une alimentation saine
 (CoAHD)","Mali","Valeur","Cost of animal source foods, PPP dollar per person per day","2021","Juillet 2025 (rapport SOFI)","Int$ (PPP) per person per day","1.33"
"Coût et abordabilité d’une alimentation saine
 (CoAHD)","Mali","Valeur","Number of people unable to afford a healthy diet (NUA), million","2017","Juillet 2025 (rapport SOFI)","millions de No","11.3"
"Coût et abordabilité d’une alimentation saine
 (CoAHD)","Mali","Valeur","Number of people unable to afford a healthy diet (NUA), million","2018","Juillet 2025 (rapport SOFI)","millions de No","10.6"
"Coût et abordabilité d’une alimentation saine
 (CoAHD)","Mali","Valeur","Number of people unable to afford a healthy diet (NUA), million","2019","Juillet 2025 (rapport SOFI)","millions de No","10.4"
"Coût et abordabilité d’une alimentation saine
 (CoAHD)","Mali","Valeur","Number of people unable to afford a healthy diet (NUA), million","2020","Juillet 2025 (rapport SOFI)","millions de No","11.9"
"Coût et abordabilité d’une alimentation saine
 (CoAHD)","Mali","Valeur","Number of people unable to afford a healthy diet (NUA), million","2021","Juillet 2025 (rapport SOFI)","millions de No","12.9"
"Coût et abordabilité d’une alimentation saine
 (CoAHD)","Mali","Valeur","Number of people unable to afford a healthy diet (NUA), million","2022","Juillet 2025 (rapport SOFI)","millions de No","14.1"
"Coût et abordabilité d’une alimentation saine
 (CoAHD)","Mali","Valeur","Number of people unable to afford a healthy diet (NUA), million","2023","Juillet 2025 (rapport SOFI)","millions de No","14.4"
"Coût et abordabilité d’une alimentation saine
 (CoAHD)","Mali","Valeur","Number of people unable to afford a healthy diet (NUA), million","2024","Juillet 2025 (rapport SOFI)","millions de No","14.9"
"Coût et abordabilité d’une alimentation saine
 (CoAHD)","Malte","Valeur","Cost of animal source foods, LCU per person per day","2021","Juillet 2025 (rapport SOFI)","UML/personne/jour","0.54"
"Coût et abordabilité d’une alimentation saine
 (CoAHD)","Malte","Valeur","Cost of animal source foods, PPP dollar per person per day","2021","Juillet 2025 (rapport SOFI)","Int$ (PPP) per person per day","0.86"
"Coût et abordabilité d’une alimentation saine
 (CoAHD)","Malte","Valeur","Number of people unable to afford a healthy diet (NUA), million","2017","Juillet 2025 (rapport SOFI)","millions de No","<0.1"
"Coût et abordabilité d’une alimentation saine
 (CoAHD)","Malte","Valeur","Number of people unable to afford a healthy diet (NUA), million","2018","Juillet 2025 (rapport SOFI)","millions de No","<0.1"
"Coût et abordabilité d’une alimentation saine
 (CoAHD)","Malte","Valeur","Number of people unable to afford a healthy diet (NUA), million","2019","Juillet 2025 (rapport SOFI)","millions de No","<0.1"
"Coût et abordabilité d’une alimentation saine
 (CoAHD)","Malte","Valeur","Number of people unable to afford a healthy diet (NUA), million","2020","Juillet 2025 (rapport SOFI)","millions de No","<0.1"
"Coût et abordabilité d’une alimentation saine
 (CoAHD)","Malte","Valeur","Number of people unable to afford a healthy diet (NUA), million","2021","Juillet 2025 (rapport SOFI)","millions de No","<0.1"
"Coût et abordabilité d’une alimentation saine
 (CoAHD)","Malte","Valeur","Number of people unable to afford a healthy diet (NUA), million","2022","Juillet 2025 (rapport SOFI)","millions de No","<0.1"
"Coût et abordabilité d’une alimentation saine
 (CoAHD)","Malte","Valeur","Number of people unable to afford a healthy diet (NUA), million","2023","Juillet 2025 (rapport SOFI)","millions de No","<0.1"
"Coût et abordabilité d’une alimentation saine
 (CoAHD)","Malte","Valeur","Number of people unable to afford a healthy diet (NUA), million","2024","Juillet 2025 (rapport SOFI)","millions de No","<0.1"
"Coût et abordabilité d’une alimentation saine
 (CoAHD)","Maroc","Valeur","Cost of animal source foods, LCU per person per day","2021","Juillet 2025 (rapport SOFI)","UML/personne/jour","3.36"
"Coût et abordabilité d’une alimentation saine
 (CoAHD)","Maroc","Valeur","Cost of animal source foods, PPP dollar per person per day","2021","Juillet 2025 (rapport SOFI)","Int$ (PPP) per person per day","0.82"
"Coût et abordabilité d’une alimentation saine
 (CoAHD)","Maroc","Valeur","Number of people unable to afford a healthy diet (NUA), million","2017","Juillet 2025 (rapport SOFI)","millions de No","4.7"
"Coût et abordabilité d’une alimentation saine
 (CoAHD)","Maroc","Valeur","Number of people unable to afford a healthy diet (NUA), million","2018","Juillet 2025 (rapport SOFI)","millions de No","4.5"
"Coût et abordabilité d’une alimentation saine
 (CoAHD)","Maroc","Valeur","Number of people unable to afford a healthy diet (NUA), million","2019","Juillet 2025 (rapport SOFI)","millions de No","4.3"
"Coût et abordabilité d’une alimentation saine
 (CoAHD)","Maroc","Valeur","Number of people unable to afford a healthy diet (NUA), million","2020","Juillet 2025 (rapport SOFI)","millions de No","5.1"
"Coût et abordabilité d’une alimentation saine
 (CoAHD)","Maroc","Valeur","Number of people unable to afford a healthy diet (NUA), million","2021","Juillet 2025 (rapport SOFI)","millions de No","4.5"
"Coût et abordabilité d’une alimentation saine
 (CoAHD)","Maroc","Valeur","Number of people unable to afford a healthy diet (NUA), million","2022","Juillet 2025 (rapport SOFI)","millions de No","4.8"
"Coût et abordabilité d’une alimentation saine
 (CoAHD)","Maroc","Valeur","Number of people unable to afford a healthy diet (NUA), million","2023","Juillet 2025 (rapport SOFI)","millions de No","5.3"
"Coût et abordabilité d’une alimentation saine
 (CoAHD)","Maroc","Valeur","Number of people unable to afford a healthy diet (NUA), million","2024","Juillet 2025 (rapport SOFI)","millions de No","5.2"
"Coût et abordabilité d’une alimentation saine
 (CoAHD)","Maurice","Valeur","Cost of animal source foods, LCU per person per day","2021","Juillet 2025 (rapport SOFI)","UML/personne/jour","18.35"
"Coût et abordabilité d’une alimentation saine
 (CoAHD)","Maurice","Valeur","Cost of animal source foods, PPP dollar per person per day","2021","Juillet 2025 (rapport SOFI)","Int$ (PPP) per person per day","0.98"
"Coût et abordabilité d’une alimentation saine
 (CoAHD)","Maurice","Valeur","Number of people unable to afford a healthy diet (NUA), million","2017","Juillet 2025 (rapport SOFI)","millions de No","0.2"
"Coût et abordabilité d’une alimentation saine
 (CoAHD)","Maurice","Valeur","Number of people unable to afford a healthy diet (NUA), million","2018","Juillet 2025 (rapport SOFI)","millions de No","0.2"
"Coût et abordabilité d’une alimentation saine
 (CoAHD)","Maurice","Valeur","Number of people unable to afford a healthy diet (NUA), million","2019","Juillet 2025 (rapport SOFI)","millions de No","0.2"
"Coût et abordabilité d’une alimentation saine
 (CoAHD)","Maurice","Valeur","Number of people unable to afford a healthy diet (NUA), million","2020","Juillet 2025 (rapport SOFI)","millions de No","0.2"
"Coût et abordabilité d’une alimentation saine
 (CoAHD)","Maurice","Valeur","Number of people unable to afford a healthy diet (NUA), million","2021","Juillet 2025 (rapport SOFI)","millions de No","0.2"
"Coût et abordabilité d’une alimentation saine
 (CoAHD)","Maurice","Valeur","Number of people unable to afford a healthy diet (NUA), million","2022","Juillet 2025 (rapport SOFI)","millions de No","0.2"
"Coût et abordabilité d’une alimentation saine
 (CoAHD)","Maurice","Valeur","Number of people unable to afford a healthy diet (NUA), million","2023","Juillet 2025 (rapport SOFI)","millions de No","0.2"
"Coût et abordabilité d’une alimentation saine
 (CoAHD)","Maurice","Valeur","Number of people unable to afford a healthy diet (NUA), million","2024","Juillet 2025 (rapport SOFI)","millions de No","0.2"
"Coût et abordabilité d’une alimentation saine
 (CoAHD)","Mauritanie","Valeur","Cost of animal source foods, LCU per person per day","2021","Juillet 2025 (rapport SOFI)","UML/personne/jour","14.12"
"Coût et abordabilité d’une alimentation saine
 (CoAHD)","Mauritanie","Valeur","Cost of animal source foods, PPP dollar per person per day","2021","Juillet 2025 (rapport SOFI)","Int$ (PPP) per person per day","1.17"
"Coût et abordabilité d’une alimentation saine
 (CoAHD)","Mauritanie","Valeur","Number of people unable to afford a healthy diet (NUA), million","2017","Juillet 2025 (rapport SOFI)","millions de No","2.2"
"Coût et abordabilité d’une alimentation saine
 (CoAHD)","Mauritanie","Valeur","Number of people unable to afford a healthy diet (NUA), million","2018","Juillet 2025 (rapport SOFI)","millions de No","2.2"
"Coût et abordabilité d’une alimentation saine
 (CoAHD)","Mauritanie","Valeur","Number of people unable to afford a healthy diet (NUA), million","2019","Juillet 2025 (rapport SOFI)","millions de No","2.3"
"Coût et abordabilité d’une alimentation saine
 (CoAHD)","Mauritanie","Valeur","Number of people unable to afford a healthy diet (NUA), million","2020","Juillet 2025 (rapport SOFI)","millions de No","2.5"
"Coût et abordabilité d’une alimentation saine
 (CoAHD)","Mauritanie","Valeur","Number of people unable to afford a healthy diet (NUA), million","2021","Juillet 2025 (rapport SOFI)","millions de No","2.7"
"Coût et abordabilité d’une alimentation saine
 (CoAHD)","Mauritanie","Valeur","Number of people unable to afford a healthy diet (NUA), million","2022","Juillet 2025 (rapport SOFI)","millions de No","2.8"
"Coût et abordabilité d’une alimentation saine
 (CoAHD)","Mauritanie","Valeur","Number of people unable to afford a healthy diet (NUA), million","2023","Juillet 2025 (rapport SOFI)","millions de No","2.8"
"Coût et abordabilité d’une alimentation saine
 (CoAHD)","Mauritanie","Valeur","Number of people unable to afford a healthy diet (NUA), million","2024","Juillet 2025 (rapport SOFI)","millions de No","2.9"
"Coût et abordabilité d’une alimentation saine
 (CoAHD)","Mexique","Valeur","Cost of animal source foods, LCU per person per day","2021","Juillet 2025 (rapport SOFI)","UML/personne/jour","9.45"
"Coût et abordabilité d’une alimentation saine
 (CoAHD)","Mexique","Valeur","Cost of animal source foods, PPP dollar per person per day","2021","Juillet 2025 (rapport SOFI)","Int$ (PPP) per person per day","0.84"
"Coût et abordabilité d’une alimentation saine
 (CoAHD)","Mexique","Valeur","Number of people unable to afford a healthy diet (NUA), million","2017","Juillet 2025 (rapport SOFI)","millions de No","34.9"
"Coût et abordabilité d’une alimentation saine
 (CoAHD)","Mexique","Valeur","Number of people unable to afford a healthy diet (NUA), million","2018","Juillet 2025 (rapport SOFI)","millions de No","33.7"
"Coût et abordabilité d’une alimentation saine
 (CoAHD)","Mexique","Valeur","Number of people unable to afford a healthy diet (NUA), million","2019","Juillet 2025 (rapport SOFI)","millions de No","31.4"
"Coût et abordabilité d’une alimentation saine
 (CoAHD)","Mexique","Valeur","Number of people unable to afford a healthy diet (NUA), million","2020","Juillet 2025 (rapport SOFI)","millions de No","37.1"
"Coût et abordabilité d’une alimentation saine
 (CoAHD)","Mexique","Valeur","Number of people unable to afford a healthy diet (NUA), million","2021","Juillet 2025 (rapport SOFI)","millions de No","31.5"
"Coût et abordabilité d’une alimentation saine
 (CoAHD)","Mexique","Valeur","Number of people unable to afford a healthy diet (NUA), million","2022","Juillet 2025 (rapport SOFI)","millions de No","28.4"
"Coût et abordabilité d’une alimentation saine
 (CoAHD)","Mexique","Valeur","Number of people unable to afford a healthy diet (NUA), million","2023","Juillet 2025 (rapport SOFI)","millions de No","28"
"Coût et abordabilité d’une alimentation saine
 (CoAHD)","Mexique","Valeur","Number of people unable to afford a healthy diet (NUA), million","2024","Juillet 2025 (rapport SOFI)","millions de No","27.9"
"Coût et abordabilité d’une alimentation saine
 (CoAHD)","Mongolie","Valeur","Cost of animal source foods, LCU per person per day","2021","Juillet 2025 (rapport SOFI)","UML/personne/jour","843.43"
"Coût et abordabilité d’une alimentation saine
 (CoAHD)","Mongolie","Valeur","Cost of animal source foods, PPP dollar per person per day","2021","Juillet 2025 (rapport SOFI)","Int$ (PPP) per person per day","0.88"
"Coût et abordabilité d’une alimentation saine
 (CoAHD)","Mongolie","Valeur","Number of people unable to afford a healthy diet (NUA), million","2017","Juillet 2025 (rapport SOFI)","millions de No","0.9"
"Coût et abordabilité d’une alimentation saine
 (CoAHD)","Mongolie","Valeur","Number of people unable to afford a healthy diet (NUA), million","2018","Juillet 2025 (rapport SOFI)","millions de No","0.8"
"Coût et abordabilité d’une alimentation saine
 (CoAHD)","Mongolie","Valeur","Number of people unable to afford a healthy diet (NUA), million","2019","Juillet 2025 (rapport SOFI)","millions de No","0.8"
"Coût et abordabilité d’une alimentation saine
 (CoAHD)","Mongolie","Valeur","Number of people unable to afford a healthy diet (NUA), million","2020","Juillet 2025 (rapport SOFI)","millions de No","0.8"
"Coût et abordabilité d’une alimentation saine
 (CoAHD)","Mongolie","Valeur","Number of people unable to afford a healthy diet (NUA), million","2021","Juillet 2025 (rapport SOFI)","millions de No","0.8"
"Coût et abordabilité d’une alimentation saine
 (CoAHD)","Mongolie","Valeur","Number of people unable to afford a healthy diet (NUA), million","2022","Juillet 2025 (rapport SOFI)","millions de No","0.6"
"Coût et abordabilité d’une alimentation saine
 (CoAHD)","Mongolie","Valeur","Number of people unable to afford a healthy diet (NUA), million","2023","Juillet 2025 (rapport SOFI)","millions de No","0.7"
"Coût et abordabilité d’une alimentation saine
 (CoAHD)","Mongolie","Valeur","Number of people unable to afford a healthy diet (NUA), million","2024","Juillet 2025 (rapport SOFI)","millions de No","0.6"
"Coût et abordabilité d’une alimentation saine
 (CoAHD)","Monténégro","Valeur","Cost of animal source foods, LCU per person per day","2021","Juillet 2025 (rapport SOFI)","UML/personne/jour","0.36"
"Coût et abordabilité d’une alimentation saine
 (CoAHD)","Monténégro","Valeur","Cost of animal source foods, PPP dollar per person per day","2021","Juillet 2025 (rapport SOFI)","Int$ (PPP) per person per day","0.88"
"Coût et abordabilité d’une alimentation saine
 (CoAHD)","Monténégro","Valeur","Number of people unable to afford a healthy diet (NUA), million","2017","Juillet 2025 (rapport SOFI)","millions de No","0.1"
"Coût et abordabilité d’une alimentation saine
 (CoAHD)","Monténégro","Valeur","Number of people unable to afford a healthy diet (NUA), million","2018","Juillet 2025 (rapport SOFI)","millions de No","0.1"
"Coût et abordabilité d’une alimentation saine
 (CoAHD)","Monténégro","Valeur","Number of people unable to afford a healthy diet (NUA), million","2019","Juillet 2025 (rapport SOFI)","millions de No","0.1"
"Coût et abordabilité d’une alimentation saine
 (CoAHD)","Monténégro","Valeur","Number of people unable to afford a healthy diet (NUA), million","2020","Juillet 2025 (rapport SOFI)","millions de No","0.1"
"Coût et abordabilité d’une alimentation saine
 (CoAHD)","Monténégro","Valeur","Number of people unable to afford a healthy diet (NUA), million","2021","Juillet 2025 (rapport SOFI)","millions de No","0.1"
"Coût et abordabilité d’une alimentation saine
 (CoAHD)","Monténégro","Valeur","Number of people unable to afford a healthy diet (NUA), million","2022","Juillet 2025 (rapport SOFI)","millions de No","0.1"
"Coût et abordabilité d’une alimentation saine
 (CoAHD)","Monténégro","Valeur","Number of people unable to afford a healthy diet (NUA), million","2023","Juillet 2025 (rapport SOFI)","millions de No","0.1"
"Coût et abordabilité d’une alimentation saine
 (CoAHD)","Monténégro","Valeur","Number of people unable to afford a healthy diet (NUA), million","2024","Juillet 2025 (rapport SOFI)","millions de No","0.1"
"Coût et abordabilité d’une alimentation saine
 (CoAHD)","Mozambique","Valeur","Cost of animal source foods, LCU per person per day","2021","Juillet 2025 (rapport SOFI)","UML/personne/jour","28.21"
"Coût et abordabilité d’une alimentation saine
 (CoAHD)","Mozambique","Valeur","Cost of animal source foods, PPP dollar per person per day","2021","Juillet 2025 (rapport SOFI)","Int$ (PPP) per person per day","1.19"
"Coût et abordabilité d’une alimentation saine
 (CoAHD)","Mozambique","Valeur","Number of people unable to afford a healthy diet (NUA), million","2017","Juillet 2025 (rapport SOFI)","millions de No","23.8"
"Coût et abordabilité d’une alimentation saine
 (CoAHD)","Mozambique","Valeur","Number of people unable to afford a healthy diet (NUA), million","2018","Juillet 2025 (rapport SOFI)","millions de No","24.6"
"Coût et abordabilité d’une alimentation saine
 (CoAHD)","Mozambique","Valeur","Number of people unable to afford a healthy diet (NUA), million","2019","Juillet 2025 (rapport SOFI)","millions de No","25.7"
"Coût et abordabilité d’une alimentation saine
 (CoAHD)","Mozambique","Valeur","Number of people unable to afford a healthy diet (NUA), million","2020","Juillet 2025 (rapport SOFI)","millions de No","27.1"
"Coût et abordabilité d’une alimentation saine
 (CoAHD)","Mozambique","Valeur","Number of people unable to afford a healthy diet (NUA), million","2021","Juillet 2025 (rapport SOFI)","millions de No","28.2"
"Coût et abordabilité d’une alimentation saine
 (CoAHD)","Mozambique","Valeur","Number of people unable to afford a healthy diet (NUA), million","2022","Juillet 2025 (rapport SOFI)","millions de No","29.1"
"Coût et abordabilité d’une alimentation saine
 (CoAHD)","Mozambique","Valeur","Number of people unable to afford a healthy diet (NUA), million","2023","Juillet 2025 (rapport SOFI)","millions de No","29.9"
"Coût et abordabilité d’une alimentation saine
 (CoAHD)","Mozambique","Valeur","Number of people unable to afford a healthy diet (NUA), million","2024","Juillet 2025 (rapport SOFI)","millions de No","30.9"
"Coût et abordabilité d’une alimentation saine
 (CoAHD)","Myanmar","Valeur","Cost of animal source foods, LCU per person per day","2021","Juillet 2025 (rapport SOFI)","UML/personne/jour",""
"Coût et abordabilité d’une alimentation saine
 (CoAHD)","Myanmar","Valeur","Cost of animal source foods, PPP dollar per person per day","2021","Juillet 2025 (rapport SOFI)","Int$ (PPP) per person per day",""
"Coût et abordabilité d’une alimentation saine
 (CoAHD)","Myanmar","Valeur","Number of people unable to afford a healthy diet (NUA), million","2017","Juillet 2025 (rapport SOFI)","millions de No","23.6"
"Coût et abordabilité d’une alimentation saine
 (CoAHD)","Myanmar","Valeur","Number of people unable to afford a healthy diet (NUA), million","2018","Juillet 2025 (rapport SOFI)","millions de No","22"
"Coût et abordabilité d’une alimentation saine
 (CoAHD)","Myanmar","Valeur","Number of people unable to afford a healthy diet (NUA), million","2019","Juillet 2025 (rapport SOFI)","millions de No","21.6"
"Coût et abordabilité d’une alimentation saine
 (CoAHD)","Myanmar","Valeur","Number of people unable to afford a healthy diet (NUA), million","2020","Juillet 2025 (rapport SOFI)","millions de No","24.8"
"Coût et abordabilité d’une alimentation saine
 (CoAHD)","Myanmar","Valeur","Number of people unable to afford a healthy diet (NUA), million","2021","Juillet 2025 (rapport SOFI)","millions de No","27.8"
"Coût et abordabilité d’une alimentation saine
 (CoAHD)","Myanmar","Valeur","Number of people unable to afford a healthy diet (NUA), million","2022","Juillet 2025 (rapport SOFI)","millions de No","26.7"
"Coût et abordabilité d’une alimentation saine
 (CoAHD)","Myanmar","Valeur","Number of people unable to afford a healthy diet (NUA), million","2023","Juillet 2025 (rapport SOFI)","millions de No","23.4"
"Coût et abordabilité d’une alimentation saine
 (CoAHD)","Myanmar","Valeur","Number of people unable to afford a healthy diet (NUA), million","2024","Juillet 2025 (rapport SOFI)","millions de No","20.7"
"Coût et abordabilité d’une alimentation saine
 (CoAHD)","Namibie","Valeur","Cost of animal source foods, LCU per person per day","2021","Juillet 2025 (rapport SOFI)","UML/personne/jour","7.43"
"Coût et abordabilité d’une alimentation saine
 (CoAHD)","Namibie","Valeur","Cost of animal source foods, PPP dollar per person per day","2021","Juillet 2025 (rapport SOFI)","Int$ (PPP) per person per day","1.03"
"Coût et abordabilité d’une alimentation saine
 (CoAHD)","Namibie","Valeur","Number of people unable to afford a healthy diet (NUA), million","2017","Juillet 2025 (rapport SOFI)","millions de No","1.4"
"Coût et abordabilité d’une alimentation saine
 (CoAHD)","Namibie","Valeur","Number of people unable to afford a healthy diet (NUA), million","2018","Juillet 2025 (rapport SOFI)","millions de No","1.5"
"Coût et abordabilité d’une alimentation saine
 (CoAHD)","Namibie","Valeur","Number of people unable to afford a healthy diet (NUA), million","2019","Juillet 2025 (rapport SOFI)","millions de No","1.5"
"Coût et abordabilité d’une alimentation saine
 (CoAHD)","Namibie","Valeur","Number of people unable to afford a healthy diet (NUA), million","2020","Juillet 2025 (rapport SOFI)","millions de No","1.7"
"Coût et abordabilité d’une alimentation saine
 (CoAHD)","Namibie","Valeur","Number of people unable to afford a healthy diet (NUA), million","2021","Juillet 2025 (rapport SOFI)","millions de No","1.7"
"Coût et abordabilité d’une alimentation saine
 (CoAHD)","Namibie","Valeur","Number of people unable to afford a healthy diet (NUA), million","2022","Juillet 2025 (rapport SOFI)","millions de No","1.6"
"Coût et abordabilité d’une alimentation saine
 (CoAHD)","Namibie","Valeur","Number of people unable to afford a healthy diet (NUA), million","2023","Juillet 2025 (rapport SOFI)","millions de No","1.7"
"Coût et abordabilité d’une alimentation saine
 (CoAHD)","Namibie","Valeur","Number of people unable to afford a healthy diet (NUA), million","2024","Juillet 2025 (rapport SOFI)","millions de No","1.7"
"Coût et abordabilité d’une alimentation saine
 (CoAHD)","Népal","Valeur","Cost of animal source foods, LCU per person per day","2021","Juillet 2025 (rapport SOFI)","UML/personne/jour","30.47"
"Coût et abordabilité d’une alimentation saine
 (CoAHD)","Népal","Valeur","Cost of animal source foods, PPP dollar per person per day","2021","Juillet 2025 (rapport SOFI)","Int$ (PPP) per person per day","0.9"
"Coût et abordabilité d’une alimentation saine
 (CoAHD)","Népal","Valeur","Number of people unable to afford a healthy diet (NUA), million","2017","Juillet 2025 (rapport SOFI)","millions de No","9.3"
"Coût et abordabilité d’une alimentation saine
 (CoAHD)","Népal","Valeur","Number of people unable to afford a healthy diet (NUA), million","2018","Juillet 2025 (rapport SOFI)","millions de No","7.5"
"Coût et abordabilité d’une alimentation saine
 (CoAHD)","Népal","Valeur","Number of people unable to afford a healthy diet (NUA), million","2019","Juillet 2025 (rapport SOFI)","millions de No","7.3"
"Coût et abordabilité d’une alimentation saine
 (CoAHD)","Népal","Valeur","Number of people unable to afford a healthy diet (NUA), million","2020","Juillet 2025 (rapport SOFI)","millions de No","7.9"
"Coût et abordabilité d’une alimentation saine
 (CoAHD)","Népal","Valeur","Number of people unable to afford a healthy diet (NUA), million","2021","Juillet 2025 (rapport SOFI)","millions de No","7.2"
"Coût et abordabilité d’une alimentation saine
 (CoAHD)","Népal","Valeur","Number of people unable to afford a healthy diet (NUA), million","2022","Juillet 2025 (rapport SOFI)","millions de No","6.4"
"Coût et abordabilité d’une alimentation saine
 (CoAHD)","Népal","Valeur","Number of people unable to afford a healthy diet (NUA), million","2023","Juillet 2025 (rapport SOFI)","millions de No","6.1"
"Coût et abordabilité d’une alimentation saine
 (CoAHD)","Népal","Valeur","Number of people unable to afford a healthy diet (NUA), million","2024","Juillet 2025 (rapport SOFI)","millions de No","5.9"
"Coût et abordabilité d’une alimentation saine
 (CoAHD)","Nicaragua","Valeur","Cost of animal source foods, LCU per person per day","2021","Juillet 2025 (rapport SOFI)","UML/personne/jour","15.45"
"Coût et abordabilité d’une alimentation saine
 (CoAHD)","Nicaragua","Valeur","Cost of animal source foods, PPP dollar per person per day","2021","Juillet 2025 (rapport SOFI)","Int$ (PPP) per person per day","1.23"
"Coût et abordabilité d’une alimentation saine
 (CoAHD)","Nicaragua","Valeur","Number of people unable to afford a healthy diet (NUA), million","2017","Juillet 2025 (rapport SOFI)","millions de No","1.6"
"Coût et abordabilité d’une alimentation saine
 (CoAHD)","Nicaragua","Valeur","Number of people unable to afford a healthy diet (NUA), million","2018","Juillet 2025 (rapport SOFI)","millions de No","1.8"
"Coût et abordabilité d’une alimentation saine
 (CoAHD)","Nicaragua","Valeur","Number of people unable to afford a healthy diet (NUA), million","2019","Juillet 2025 (rapport SOFI)","millions de No","1.9"
"Coût et abordabilité d’une alimentation saine
 (CoAHD)","Nicaragua","Valeur","Number of people unable to afford a healthy diet (NUA), million","2020","Juillet 2025 (rapport SOFI)","millions de No","2"
"Coût et abordabilité d’une alimentation saine
 (CoAHD)","Nicaragua","Valeur","Number of people unable to afford a healthy diet (NUA), million","2021","Juillet 2025 (rapport SOFI)","millions de No","1.8"
"Coût et abordabilité d’une alimentation saine
 (CoAHD)","Nicaragua","Valeur","Number of people unable to afford a healthy diet (NUA), million","2022","Juillet 2025 (rapport SOFI)","millions de No","1.9"
"Coût et abordabilité d’une alimentation saine
 (CoAHD)","Nicaragua","Valeur","Number of people unable to afford a healthy diet (NUA), million","2023","Juillet 2025 (rapport SOFI)","millions de No","1.9"
"Coût et abordabilité d’une alimentation saine
 (CoAHD)","Nicaragua","Valeur","Number of people unable to afford a healthy diet (NUA), million","2024","Juillet 2025 (rapport SOFI)","millions de No",""
"Coût et abordabilité d’une alimentation saine
 (CoAHD)","Niger","Valeur","Cost of animal source foods, LCU per person per day","2021","Juillet 2025 (rapport SOFI)","UML/personne/jour","358.03"
"Coût et abordabilité d’une alimentation saine
 (CoAHD)","Niger","Valeur","Cost of animal source foods, PPP dollar per person per day","2021","Juillet 2025 (rapport SOFI)","Int$ (PPP) per person per day","1.7"
"Coût et abordabilité d’une alimentation saine
 (CoAHD)","Niger","Valeur","Number of people unable to afford a healthy diet (NUA), million","2017","Juillet 2025 (rapport SOFI)","millions de No","18.5"
"Coût et abordabilité d’une alimentation saine
 (CoAHD)","Niger","Valeur","Number of people unable to afford a healthy diet (NUA), million","2018","Juillet 2025 (rapport SOFI)","millions de No","18.6"
"Coût et abordabilité d’une alimentation saine
 (CoAHD)","Niger","Valeur","Number of people unable to afford a healthy diet (NUA), million","2019","Juillet 2025 (rapport SOFI)","millions de No","19.2"
"Coût et abordabilité d’une alimentation saine
 (CoAHD)","Niger","Valeur","Number of people unable to afford a healthy diet (NUA), million","2020","Juillet 2025 (rapport SOFI)","millions de No","20.1"
"Coût et abordabilité d’une alimentation saine
 (CoAHD)","Niger","Valeur","Number of people unable to afford a healthy diet (NUA), million","2021","Juillet 2025 (rapport SOFI)","millions de No","21.3"
"Coût et abordabilité d’une alimentation saine
 (CoAHD)","Niger","Valeur","Number of people unable to afford a healthy diet (NUA), million","2022","Juillet 2025 (rapport SOFI)","millions de No","21.9"
"Coût et abordabilité d’une alimentation saine
 (CoAHD)","Niger","Valeur","Number of people unable to afford a healthy diet (NUA), million","2023","Juillet 2025 (rapport SOFI)","millions de No","22.7"
"Coût et abordabilité d’une alimentation saine
 (CoAHD)","Niger","Valeur","Number of people unable to afford a healthy diet (NUA), million","2024","Juillet 2025 (rapport SOFI)","millions de No","23.3"
"Coût et abordabilité d’une alimentation saine
 (CoAHD)","Nigéria","Valeur","Cost of animal source foods, LCU per person per day","2021","Juillet 2025 (rapport SOFI)","UML/personne/jour","169.58"
"Coût et abordabilité d’une alimentation saine
 (CoAHD)","Nigéria","Valeur","Cost of animal source foods, PPP dollar per person per day","2021","Juillet 2025 (rapport SOFI)","Int$ (PPP) per person per day","1.09"
"Coût et abordabilité d’une alimentation saine
 (CoAHD)","Nigéria","Valeur","Number of people unable to afford a healthy diet (NUA), million","2017","Juillet 2025 (rapport SOFI)","millions de No","146.6"
"Coût et abordabilité d’une alimentation saine
 (CoAHD)","Nigéria","Valeur","Number of people unable to afford a healthy diet (NUA), million","2018","Juillet 2025 (rapport SOFI)","millions de No","151.7"
"Coût et abordabilité d’une alimentation saine
 (CoAHD)","Nigéria","Valeur","Number of people unable to afford a healthy diet (NUA), million","2019","Juillet 2025 (rapport SOFI)","millions de No","156.7"
"Coût et abordabilité d’une alimentation saine
 (CoAHD)","Nigéria","Valeur","Number of people unable to afford a healthy diet (NUA), million","2020","Juillet 2025 (rapport SOFI)","millions de No","164.8"
"Coût et abordabilité d’une alimentation saine
 (CoAHD)","Nigéria","Valeur","Number of people unable to afford a healthy diet (NUA), million","2021","Juillet 2025 (rapport SOFI)","millions de No","169.3"
"Coût et abordabilité d’une alimentation saine
 (CoAHD)","Nigéria","Valeur","Number of people unable to afford a healthy diet (NUA), million","2022","Juillet 2025 (rapport SOFI)","millions de No","173.3"
"Coût et abordabilité d’une alimentation saine
 (CoAHD)","Nigéria","Valeur","Number of people unable to afford a healthy diet (NUA), million","2023","Juillet 2025 (rapport SOFI)","millions de No","178.4"
"Coût et abordabilité d’une alimentation saine
 (CoAHD)","Nigéria","Valeur","Number of people unable to afford a healthy diet (NUA), million","2024","Juillet 2025 (rapport SOFI)","millions de No","184.5"
"Coût et abordabilité d’une alimentation saine
 (CoAHD)","Norvège","Valeur","Cost of animal source foods, LCU per person per day","2021","Juillet 2025 (rapport SOFI)","UML/personne/jour","8.64"
"Coût et abordabilité d’une alimentation saine
 (CoAHD)","Norvège","Valeur","Cost of animal source foods, PPP dollar per person per day","2021","Juillet 2025 (rapport SOFI)","Int$ (PPP) per person per day","0.87"
"Coût et abordabilité d’une alimentation saine
 (CoAHD)","Norvège","Valeur","Number of people unable to afford a healthy diet (NUA), million","2017","Juillet 2025 (rapport SOFI)","millions de No","0.1"
"Coût et abordabilité d’une alimentation saine
 (CoAHD)","Norvège","Valeur","Number of people unable to afford a healthy diet (NUA), million","2018","Juillet 2025 (rapport SOFI)","millions de No","0.1"
"Coût et abordabilité d’une alimentation saine
 (CoAHD)","Norvège","Valeur","Number of people unable to afford a healthy diet (NUA), million","2019","Juillet 2025 (rapport SOFI)","millions de No","0.1"
"Coût et abordabilité d’une alimentation saine
 (CoAHD)","Norvège","Valeur","Number of people unable to afford a healthy diet (NUA), million","2020","Juillet 2025 (rapport SOFI)","millions de No","0.1"
"Coût et abordabilité d’une alimentation saine
 (CoAHD)","Norvège","Valeur","Number of people unable to afford a healthy diet (NUA), million","2021","Juillet 2025 (rapport SOFI)","millions de No","0.1"
"Coût et abordabilité d’une alimentation saine
 (CoAHD)","Norvège","Valeur","Number of people unable to afford a healthy diet (NUA), million","2022","Juillet 2025 (rapport SOFI)","millions de No","0.1"
"Coût et abordabilité d’une alimentation saine
 (CoAHD)","Norvège","Valeur","Number of people unable to afford a healthy diet (NUA), million","2023","Juillet 2025 (rapport SOFI)","millions de No","0.1"
"Coût et abordabilité d’une alimentation saine
 (CoAHD)","Norvège","Valeur","Number of people unable to afford a healthy diet (NUA), million","2024","Juillet 2025 (rapport SOFI)","millions de No","0.1"
"Coût et abordabilité d’une alimentation saine
 (CoAHD)","Nouvelle-Zélande","Valeur","Cost of animal source foods, LCU per person per day","2021","Juillet 2025 (rapport SOFI)","UML/personne/jour","1.08"
"Coût et abordabilité d’une alimentation saine
 (CoAHD)","Nouvelle-Zélande","Valeur","Cost of animal source foods, PPP dollar per person per day","2021","Juillet 2025 (rapport SOFI)","Int$ (PPP) per person per day","0.69"
"Coût et abordabilité d’une alimentation saine
 (CoAHD)","Nouvelle-Zélande","Valeur","Number of people unable to afford a healthy diet (NUA), million","2017","Juillet 2025 (rapport SOFI)","millions de No","0.7"
"Coût et abordabilité d’une alimentation saine
 (CoAHD)","Nouvelle-Zélande","Valeur","Number of people unable to afford a healthy diet (NUA), million","2018","Juillet 2025 (rapport SOFI)","millions de No","0.8"
"Coût et abordabilité d’une alimentation saine
 (CoAHD)","Nouvelle-Zélande","Valeur","Number of people unable to afford a healthy diet (NUA), million","2019","Juillet 2025 (rapport SOFI)","millions de No","0.8"
"Coût et abordabilité d’une alimentation saine
 (CoAHD)","Nouvelle-Zélande","Valeur","Number of people unable to afford a healthy diet (NUA), million","2020","Juillet 2025 (rapport SOFI)","millions de No","0.9"
"Coût et abordabilité d’une alimentation saine
 (CoAHD)","Nouvelle-Zélande","Valeur","Number of people unable to afford a healthy diet (NUA), million","2021","Juillet 2025 (rapport SOFI)","millions de No","0.8"
"Coût et abordabilité d’une alimentation saine
 (CoAHD)","Nouvelle-Zélande","Valeur","Number of people unable to afford a healthy diet (NUA), million","2022","Juillet 2025 (rapport SOFI)","millions de No","0.8"
"Coût et abordabilité d’une alimentation saine
 (CoAHD)","Nouvelle-Zélande","Valeur","Number of people unable to afford a healthy diet (NUA), million","2023","Juillet 2025 (rapport SOFI)","millions de No","0.9"
"Coût et abordabilité d’une alimentation saine
 (CoAHD)","Nouvelle-Zélande","Valeur","Number of people unable to afford a healthy diet (NUA), million","2024","Juillet 2025 (rapport SOFI)","millions de No","0.9"
"Coût et abordabilité d’une alimentation saine
 (CoAHD)","Oman","Valeur","Cost of animal source foods, LCU per person per day","2021","Juillet 2025 (rapport SOFI)","UML/personne/jour","0.16"
"Coût et abordabilité d’une alimentation saine
 (CoAHD)","Oman","Valeur","Cost of animal source foods, PPP dollar per person per day","2021","Juillet 2025 (rapport SOFI)","Int$ (PPP) per person per day","0.78"
"Coût et abordabilité d’une alimentation saine
 (CoAHD)","Oman","Valeur","Number of people unable to afford a healthy diet (NUA), million","2017","Juillet 2025 (rapport SOFI)","millions de No",""
"Coût et abordabilité d’une alimentation saine
 (CoAHD)","Oman","Valeur","Number of people unable to afford a healthy diet (NUA), million","2018","Juillet 2025 (rapport SOFI)","millions de No",""
"Coût et abordabilité d’une alimentation saine
 (CoAHD)","Oman","Valeur","Number of people unable to afford a healthy diet (NUA), million","2019","Juillet 2025 (rapport SOFI)","millions de No",""
"Coût et abordabilité d’une alimentation saine
 (CoAHD)","Oman","Valeur","Number of people unable to afford a healthy diet (NUA), million","2020","Juillet 2025 (rapport SOFI)","millions de No",""
"Coût et abordabilité d’une alimentation saine
 (CoAHD)","Oman","Valeur","Number of people unable to afford a healthy diet (NUA), million","2021","Juillet 2025 (rapport SOFI)","millions de No",""
"Coût et abordabilité d’une alimentation saine
 (CoAHD)","Oman","Valeur","Number of people unable to afford a healthy diet (NUA), million","2022","Juillet 2025 (rapport SOFI)","millions de No",""
"Coût et abordabilité d’une alimentation saine
 (CoAHD)","Oman","Valeur","Number of people unable to afford a healthy diet (NUA), million","2023","Juillet 2025 (rapport SOFI)","millions de No",""
"Coût et abordabilité d’une alimentation saine
 (CoAHD)","Oman","Valeur","Number of people unable to afford a healthy diet (NUA), million","2024","Juillet 2025 (rapport SOFI)","millions de No",""
"Coût et abordabilité d’une alimentation saine
 (CoAHD)","Ouganda","Valeur","Cost of animal source foods, LCU per person per day","2021","Juillet 2025 (rapport SOFI)","UML/personne/jour","1485.19"
"Coût et abordabilité d’une alimentation saine
 (CoAHD)","Ouganda","Valeur","Cost of animal source foods, PPP dollar per person per day","2021","Juillet 2025 (rapport SOFI)","Int$ (PPP) per person per day","1.13"
"Coût et abordabilité d’une alimentation saine
 (CoAHD)","Ouganda","Valeur","Number of people unable to afford a healthy diet (NUA), million","2017","Juillet 2025 (rapport SOFI)","millions de No","29.9"
"Coût et abordabilité d’une alimentation saine
 (CoAHD)","Ouganda","Valeur","Number of people unable to afford a healthy diet (NUA), million","2018","Juillet 2025 (rapport SOFI)","millions de No","30.3"
"Coût et abordabilité d’une alimentation saine
 (CoAHD)","Ouganda","Valeur","Number of people unable to afford a healthy diet (NUA), million","2019","Juillet 2025 (rapport SOFI)","millions de No","31.1"
"Coût et abordabilité d’une alimentation saine
 (CoAHD)","Ouganda","Valeur","Number of people unable to afford a healthy diet (NUA), million","2020","Juillet 2025 (rapport SOFI)","millions de No","32"
"Coût et abordabilité d’une alimentation saine
 (CoAHD)","Ouganda","Valeur","Number of people unable to afford a healthy diet (NUA), million","2021","Juillet 2025 (rapport SOFI)","millions de No","32.8"
"Coût et abordabilité d’une alimentation saine
 (CoAHD)","Ouganda","Valeur","Number of people unable to afford a healthy diet (NUA), million","2022","Juillet 2025 (rapport SOFI)","millions de No","34.3"
"Coût et abordabilité d’une alimentation saine
 (CoAHD)","Ouganda","Valeur","Number of people unable to afford a healthy diet (NUA), million","2023","Juillet 2025 (rapport SOFI)","millions de No","35.9"
"Coût et abordabilité d’une alimentation saine
 (CoAHD)","Ouganda","Valeur","Number of people unable to afford a healthy diet (NUA), million","2024","Juillet 2025 (rapport SOFI)","millions de No","35.6"
"Coût et abordabilité d’une alimentation saine
 (CoAHD)","Ouzbékistan","Valeur","Cost of animal source foods, LCU per person per day","2021","Juillet 2025 (rapport SOFI)","UML/personne/jour","3226.23"
"Coût et abordabilité d’une alimentation saine
 (CoAHD)","Ouzbékistan","Valeur","Cost of animal source foods, PPP dollar per person per day","2021","Juillet 2025 (rapport SOFI)","Int$ (PPP) per person per day","1.11"
"Coût et abordabilité d’une alimentation saine
 (CoAHD)","Ouzbékistan","Valeur","Number of people unable to afford a healthy diet (NUA), million","2017","Juillet 2025 (rapport SOFI)","millions de No","6.3"
"Coût et abordabilité d’une alimentation saine
 (CoAHD)","Ouzbékistan","Valeur","Number of people unable to afford a healthy diet (NUA), million","2018","Juillet 2025 (rapport SOFI)","millions de No","6"
"Coût et abordabilité d’une alimentation saine
 (CoAHD)","Ouzbékistan","Valeur","Number of people unable to afford a healthy diet (NUA), million","2019","Juillet 2025 (rapport SOFI)","millions de No","5.6"
"Coût et abordabilité d’une alimentation saine
 (CoAHD)","Ouzbékistan","Valeur","Number of people unable to afford a healthy diet (NUA), million","2020","Juillet 2025 (rapport SOFI)","millions de No","6"
"Coût et abordabilité d’une alimentation saine
 (CoAHD)","Ouzbékistan","Valeur","Number of people unable to afford a healthy diet (NUA), million","2021","Juillet 2025 (rapport SOFI)","millions de No","5.5"
"Coût et abordabilité d’une alimentation saine
 (CoAHD)","Ouzbékistan","Valeur","Number of people unable to afford a healthy diet (NUA), million","2022","Juillet 2025 (rapport SOFI)","millions de No","5.4"
"Coût et abordabilité d’une alimentation saine
 (CoAHD)","Ouzbékistan","Valeur","Number of people unable to afford a healthy diet (NUA), million","2023","Juillet 2025 (rapport SOFI)","millions de No","5.4"
"Coût et abordabilité d’une alimentation saine
 (CoAHD)","Ouzbékistan","Valeur","Number of people unable to afford a healthy diet (NUA), million","2024","Juillet 2025 (rapport SOFI)","millions de No","4.8"
"Coût et abordabilité d’une alimentation saine
 (CoAHD)","Pakistan","Valeur","Cost of animal source foods, LCU per person per day","2021","Juillet 2025 (rapport SOFI)","UML/personne/jour","46.11"
"Coût et abordabilité d’une alimentation saine
 (CoAHD)","Pakistan","Valeur","Cost of animal source foods, PPP dollar per person per day","2021","Juillet 2025 (rapport SOFI)","Int$ (PPP) per person per day","1.08"
"Coût et abordabilité d’une alimentation saine
 (CoAHD)","Pakistan","Valeur","Number of people unable to afford a healthy diet (NUA), million","2017","Juillet 2025 (rapport SOFI)","millions de No","130.9"
"Coût et abordabilité d’une alimentation saine
 (CoAHD)","Pakistan","Valeur","Number of people unable to afford a healthy diet (NUA), million","2018","Juillet 2025 (rapport SOFI)","millions de No","130.1"
"Coût et abordabilité d’une alimentation saine
 (CoAHD)","Pakistan","Valeur","Number of people unable to afford a healthy diet (NUA), million","2019","Juillet 2025 (rapport SOFI)","millions de No","135.5"
"Coût et abordabilité d’une alimentation saine
 (CoAHD)","Pakistan","Valeur","Number of people unable to afford a healthy diet (NUA), million","2020","Juillet 2025 (rapport SOFI)","millions de No","143.2"
"Coût et abordabilité d’une alimentation saine
 (CoAHD)","Pakistan","Valeur","Number of people unable to afford a healthy diet (NUA), million","2021","Juillet 2025 (rapport SOFI)","millions de No","142.2"
"Coût et abordabilité d’une alimentation saine
 (CoAHD)","Pakistan","Valeur","Number of people unable to afford a healthy diet (NUA), million","2022","Juillet 2025 (rapport SOFI)","millions de No","144.4"
"Coût et abordabilité d’une alimentation saine
 (CoAHD)","Pakistan","Valeur","Number of people unable to afford a healthy diet (NUA), million","2023","Juillet 2025 (rapport SOFI)","millions de No","157.9"
"Coût et abordabilité d’une alimentation saine
 (CoAHD)","Pakistan","Valeur","Number of people unable to afford a healthy diet (NUA), million","2024","Juillet 2025 (rapport SOFI)","millions de No","151.4"
"Coût et abordabilité d’une alimentation saine
 (CoAHD)","Palestine","Valeur","Cost of animal source foods, LCU per person per day","2021","Juillet 2025 (rapport SOFI)","UML/personne/jour","1.54"
"Coût et abordabilité d’une alimentation saine
 (CoAHD)","Palestine","Valeur","Cost of animal source foods, PPP dollar per person per day","2021","Juillet 2025 (rapport SOFI)","Int$ (PPP) per person per day","0.77"
"Coût et abordabilité d’une alimentation saine
 (CoAHD)","Palestine","Valeur","Number of people unable to afford a healthy diet (NUA), million","2017","Juillet 2025 (rapport SOFI)","millions de No","0.2"
"Coût et abordabilité d’une alimentation saine
 (CoAHD)","Palestine","Valeur","Number of people unable to afford a healthy diet (NUA), million","2018","Juillet 2025 (rapport SOFI)","millions de No","0.2"
"Coût et abordabilité d’une alimentation saine
 (CoAHD)","Palestine","Valeur","Number of people unable to afford a healthy diet (NUA), million","2019","Juillet 2025 (rapport SOFI)","millions de No","0.2"
"Coût et abordabilité d’une alimentation saine
 (CoAHD)","Palestine","Valeur","Number of people unable to afford a healthy diet (NUA), million","2020","Juillet 2025 (rapport SOFI)","millions de No","0.3"
"Coût et abordabilité d’une alimentation saine
 (CoAHD)","Palestine","Valeur","Number of people unable to afford a healthy diet (NUA), million","2021","Juillet 2025 (rapport SOFI)","millions de No","0.3"
"Coût et abordabilité d’une alimentation saine
 (CoAHD)","Palestine","Valeur","Number of people unable to afford a healthy diet (NUA), million","2022","Juillet 2025 (rapport SOFI)","millions de No","0.2"
"Coût et abordabilité d’une alimentation saine
 (CoAHD)","Palestine","Valeur","Number of people unable to afford a healthy diet (NUA), million","2023","Juillet 2025 (rapport SOFI)","millions de No","0.2"
"Coût et abordabilité d’une alimentation saine
 (CoAHD)","Palestine","Valeur","Number of people unable to afford a healthy diet (NUA), million","2024","Juillet 2025 (rapport SOFI)","millions de No","0.3"
"Coût et abordabilité d’une alimentation saine
 (CoAHD)","Panama","Valeur","Cost of animal source foods, LCU per person per day","2021","Juillet 2025 (rapport SOFI)","UML/personne/jour","0.56"
"Coût et abordabilité d’une alimentation saine
 (CoAHD)","Panama","Valeur","Cost of animal source foods, PPP dollar per person per day","2021","Juillet 2025 (rapport SOFI)","Int$ (PPP) per person per day","1"
"Coût et abordabilité d’une alimentation saine
 (CoAHD)","Panama","Valeur","Number of people unable to afford a healthy diet (NUA), million","2017","Juillet 2025 (rapport SOFI)","millions de No","1.8"
"Coût et abordabilité d’une alimentation saine
 (CoAHD)","Panama","Valeur","Number of people unable to afford a healthy diet (NUA), million","2018","Juillet 2025 (rapport SOFI)","millions de No","1.7"
"Coût et abordabilité d’une alimentation saine
 (CoAHD)","Panama","Valeur","Number of people unable to afford a healthy diet (NUA), million","2019","Juillet 2025 (rapport SOFI)","millions de No","1.7"
"Coût et abordabilité d’une alimentation saine
 (CoAHD)","Panama","Valeur","Number of people unable to afford a healthy diet (NUA), million","2020","Juillet 2025 (rapport SOFI)","millions de No","2.2"
"Coût et abordabilité d’une alimentation saine
 (CoAHD)","Panama","Valeur","Number of people unable to afford a healthy diet (NUA), million","2021","Juillet 2025 (rapport SOFI)","millions de No","2"
"Coût et abordabilité d’une alimentation saine
 (CoAHD)","Panama","Valeur","Number of people unable to afford a healthy diet (NUA), million","2022","Juillet 2025 (rapport SOFI)","millions de No","1.9"
"Coût et abordabilité d’une alimentation saine
 (CoAHD)","Panama","Valeur","Number of people unable to afford a healthy diet (NUA), million","2023","Juillet 2025 (rapport SOFI)","millions de No","2"
"Coût et abordabilité d’une alimentation saine
 (CoAHD)","Panama","Valeur","Number of people unable to afford a healthy diet (NUA), million","2024","Juillet 2025 (rapport SOFI)","millions de No","2"
"Coût et abordabilité d’une alimentation saine
 (CoAHD)","Paraguay","Valeur","Cost of animal source foods, LCU per person per day","2021","Juillet 2025 (rapport SOFI)","UML/personne/jour","2211.7"
"Coût et abordabilité d’une alimentation saine
 (CoAHD)","Paraguay","Valeur","Cost of animal source foods, PPP dollar per person per day","2021","Juillet 2025 (rapport SOFI)","Int$ (PPP) per person per day","0.8"
"Coût et abordabilité d’une alimentation saine
 (CoAHD)","Paraguay","Valeur","Number of people unable to afford a healthy diet (NUA), million","2017","Juillet 2025 (rapport SOFI)","millions de No","1.5"
"Coût et abordabilité d’une alimentation saine
 (CoAHD)","Paraguay","Valeur","Number of people unable to afford a healthy diet (NUA), million","2018","Juillet 2025 (rapport SOFI)","millions de No","1.5"
"Coût et abordabilité d’une alimentation saine
 (CoAHD)","Paraguay","Valeur","Number of people unable to afford a healthy diet (NUA), million","2019","Juillet 2025 (rapport SOFI)","millions de No","1.5"
"Coût et abordabilité d’une alimentation saine
 (CoAHD)","Paraguay","Valeur","Number of people unable to afford a healthy diet (NUA), million","2020","Juillet 2025 (rapport SOFI)","millions de No","1.6"
"Coût et abordabilité d’une alimentation saine
 (CoAHD)","Paraguay","Valeur","Number of people unable to afford a healthy diet (NUA), million","2021","Juillet 2025 (rapport SOFI)","millions de No","1.7"
"Coût et abordabilité d’une alimentation saine
 (CoAHD)","Paraguay","Valeur","Number of people unable to afford a healthy diet (NUA), million","2022","Juillet 2025 (rapport SOFI)","millions de No","1.6"
"Coût et abordabilité d’une alimentation saine
 (CoAHD)","Paraguay","Valeur","Number of people unable to afford a healthy diet (NUA), million","2023","Juillet 2025 (rapport SOFI)","millions de No","1.6"
"Coût et abordabilité d’une alimentation saine
 (CoAHD)","Paraguay","Valeur","Number of people unable to afford a healthy diet (NUA), million","2024","Juillet 2025 (rapport SOFI)","millions de No","1.6"
"Coût et abordabilité d’une alimentation saine
 (CoAHD)","Pays-Bas (Royaume des)","Valeur","Cost of animal source foods, LCU per person per day","2021","Juillet 2025 (rapport SOFI)","UML/personne/jour","0.49"
"Coût et abordabilité d’une alimentation saine
 (CoAHD)","Pays-Bas (Royaume des)","Valeur","Cost of animal source foods, PPP dollar per person per day","2021","Juillet 2025 (rapport SOFI)","Int$ (PPP) per person per day","0.61"
"Coût et abordabilité d’une alimentation saine
 (CoAHD)","Pays-Bas (Royaume des)","Valeur","Number of people unable to afford a healthy diet (NUA), million","2017","Juillet 2025 (rapport SOFI)","millions de No","0.3"
"Coût et abordabilité d’une alimentation saine
 (CoAHD)","Pays-Bas (Royaume des)","Valeur","Number of people unable to afford a healthy diet (NUA), million","2018","Juillet 2025 (rapport SOFI)","millions de No","0.3"
"Coût et abordabilité d’une alimentation saine
 (CoAHD)","Pays-Bas (Royaume des)","Valeur","Number of people unable to afford a healthy diet (NUA), million","2019","Juillet 2025 (rapport SOFI)","millions de No","0.3"
"Coût et abordabilité d’une alimentation saine
 (CoAHD)","Pays-Bas (Royaume des)","Valeur","Number of people unable to afford a healthy diet (NUA), million","2020","Juillet 2025 (rapport SOFI)","millions de No","0.3"
"Coût et abordabilité d’une alimentation saine
 (CoAHD)","Pays-Bas (Royaume des)","Valeur","Number of people unable to afford a healthy diet (NUA), million","2021","Juillet 2025 (rapport SOFI)","millions de No","0.2"
"Coût et abordabilité d’une alimentation saine
 (CoAHD)","Pays-Bas (Royaume des)","Valeur","Number of people unable to afford a healthy diet (NUA), million","2022","Juillet 2025 (rapport SOFI)","millions de No","0.2"
"Coût et abordabilité d’une alimentation saine
 (CoAHD)","Pays-Bas (Royaume des)","Valeur","Number of people unable to afford a healthy diet (NUA), million","2023","Juillet 2025 (rapport SOFI)","millions de No","0.2"
"Coût et abordabilité d’une alimentation saine
 (CoAHD)","Pays-Bas (Royaume des)","Valeur","Number of people unable to afford a healthy diet (NUA), million","2024","Juillet 2025 (rapport SOFI)","millions de No","0.2"
"Coût et abordabilité d’une alimentation saine
 (CoAHD)","Pérou","Valeur","Cost of animal source foods, LCU per person per day","2021","Juillet 2025 (rapport SOFI)","UML/personne/jour","1.97"
"Coût et abordabilité d’une alimentation saine
 (CoAHD)","Pérou","Valeur","Cost of animal source foods, PPP dollar per person per day","2021","Juillet 2025 (rapport SOFI)","Int$ (PPP) per person per day","1.03"
"Coût et abordabilité d’une alimentation saine
 (CoAHD)","Pérou","Valeur","Number of people unable to afford a healthy diet (NUA), million","2017","Juillet 2025 (rapport SOFI)","millions de No","10.4"
"Coût et abordabilité d’une alimentation saine
 (CoAHD)","Pérou","Valeur","Number of people unable to afford a healthy diet (NUA), million","2018","Juillet 2025 (rapport SOFI)","millions de No","9.7"
"Coût et abordabilité d’une alimentation saine
 (CoAHD)","Pérou","Valeur","Number of people unable to afford a healthy diet (NUA), million","2019","Juillet 2025 (rapport SOFI)","millions de No","9.3"
"Coût et abordabilité d’une alimentation saine
 (CoAHD)","Pérou","Valeur","Number of people unable to afford a healthy diet (NUA), million","2020","Juillet 2025 (rapport SOFI)","millions de No","14"
"Coût et abordabilité d’une alimentation saine
 (CoAHD)","Pérou","Valeur","Number of people unable to afford a healthy diet (NUA), million","2021","Juillet 2025 (rapport SOFI)","millions de No","11.1"
"Coût et abordabilité d’une alimentation saine
 (CoAHD)","Pérou","Valeur","Number of people unable to afford a healthy diet (NUA), million","2022","Juillet 2025 (rapport SOFI)","millions de No","11.2"
"Coût et abordabilité d’une alimentation saine
 (CoAHD)","Pérou","Valeur","Number of people unable to afford a healthy diet (NUA), million","2023","Juillet 2025 (rapport SOFI)","millions de No","11.6"
"Coût et abordabilité d’une alimentation saine
 (CoAHD)","Pérou","Valeur","Number of people unable to afford a healthy diet (NUA), million","2024","Juillet 2025 (rapport SOFI)","millions de No","11.3"
"Coût et abordabilité d’une alimentation saine
 (CoAHD)","Philippines","Valeur","Cost of animal source foods, LCU per person per day","2021","Juillet 2025 (rapport SOFI)","UML/personne/jour","16.07"
"Coût et abordabilité d’une alimentation saine
 (CoAHD)","Philippines","Valeur","Cost of animal source foods, PPP dollar per person per day","2021","Juillet 2025 (rapport SOFI)","Int$ (PPP) per person per day","0.77"
"Coût et abordabilité d’une alimentation saine
 (CoAHD)","Philippines","Valeur","Number of people unable to afford a healthy diet (NUA), million","2017","Juillet 2025 (rapport SOFI)","millions de No","50.4"
"Coût et abordabilité d’une alimentation saine
 (CoAHD)","Philippines","Valeur","Number of people unable to afford a healthy diet (NUA), million","2018","Juillet 2025 (rapport SOFI)","millions de No","49.7"
"Coût et abordabilité d’une alimentation saine
 (CoAHD)","Philippines","Valeur","Number of people unable to afford a healthy diet (NUA), million","2019","Juillet 2025 (rapport SOFI)","millions de No","48.8"
"Coût et abordabilité d’une alimentation saine
 (CoAHD)","Philippines","Valeur","Number of people unable to afford a healthy diet (NUA), million","2020","Juillet 2025 (rapport SOFI)","millions de No","56.3"
"Coût et abordabilité d’une alimentation saine
 (CoAHD)","Philippines","Valeur","Number of people unable to afford a healthy diet (NUA), million","2021","Juillet 2025 (rapport SOFI)","millions de No","56.3"
"Coût et abordabilité d’une alimentation saine
 (CoAHD)","Philippines","Valeur","Number of people unable to afford a healthy diet (NUA), million","2022","Juillet 2025 (rapport SOFI)","millions de No","53"
"Coût et abordabilité d’une alimentation saine
 (CoAHD)","Philippines","Valeur","Number of people unable to afford a healthy diet (NUA), million","2023","Juillet 2025 (rapport SOFI)","millions de No","52.2"
"Coût et abordabilité d’une alimentation saine
 (CoAHD)","Philippines","Valeur","Number of people unable to afford a healthy diet (NUA), million","2024","Juillet 2025 (rapport SOFI)","millions de No","51"
"Coût et abordabilité d’une alimentation saine
 (CoAHD)","Pologne","Valeur","Cost of animal source foods, LCU per person per day","2021","Juillet 2025 (rapport SOFI)","UML/personne/jour","1.5"
"Coût et abordabilité d’une alimentation saine
 (CoAHD)","Pologne","Valeur","Cost of animal source foods, PPP dollar per person per day","2021","Juillet 2025 (rapport SOFI)","Int$ (PPP) per person per day","0.78"
"Coût et abordabilité d’une alimentation saine
 (CoAHD)","Pologne","Valeur","Number of people unable to afford a healthy diet (NUA), million","2017","Juillet 2025 (rapport SOFI)","millions de No","6.6"
"Coût et abordabilité d’une alimentation saine
 (CoAHD)","Pologne","Valeur","Number of people unable to afford a healthy diet (NUA), million","2018","Juillet 2025 (rapport SOFI)","millions de No","5.7"
"Coût et abordabilité d’une alimentation saine
 (CoAHD)","Pologne","Valeur","Number of people unable to afford a healthy diet (NUA), million","2019","Juillet 2025 (rapport SOFI)","millions de No","3.9"
"Coût et abordabilité d’une alimentation saine
 (CoAHD)","Pologne","Valeur","Number of people unable to afford a healthy diet (NUA), million","2020","Juillet 2025 (rapport SOFI)","millions de No","3.6"
"Coût et abordabilité d’une alimentation saine
 (CoAHD)","Pologne","Valeur","Number of people unable to afford a healthy diet (NUA), million","2021","Juillet 2025 (rapport SOFI)","millions de No","3"
"Coût et abordabilité d’une alimentation saine
 (CoAHD)","Pologne","Valeur","Number of people unable to afford a healthy diet (NUA), million","2022","Juillet 2025 (rapport SOFI)","millions de No","2.5"
"Coût et abordabilité d’une alimentation saine
 (CoAHD)","Pologne","Valeur","Number of people unable to afford a healthy diet (NUA), million","2023","Juillet 2025 (rapport SOFI)","millions de No","2.5"
"Coût et abordabilité d’une alimentation saine
 (CoAHD)","Pologne","Valeur","Number of people unable to afford a healthy diet (NUA), million","2024","Juillet 2025 (rapport SOFI)","millions de No","2.1"
"Coût et abordabilité d’une alimentation saine
 (CoAHD)","Portugal","Valeur","Cost of animal source foods, LCU per person per day","2021","Juillet 2025 (rapport SOFI)","UML/personne/jour","0.45"
"Coût et abordabilité d’une alimentation saine
 (CoAHD)","Portugal","Valeur","Cost of animal source foods, PPP dollar per person per day","2021","Juillet 2025 (rapport SOFI)","Int$ (PPP) per person per day","0.74"
"Coût et abordabilité d’une alimentation saine
 (CoAHD)","Portugal","Valeur","Number of people unable to afford a healthy diet (NUA), million","2017","Juillet 2025 (rapport SOFI)","millions de No","1.9"
"Coût et abordabilité d’une alimentation saine
 (CoAHD)","Portugal","Valeur","Number of people unable to afford a healthy diet (NUA), million","2018","Juillet 2025 (rapport SOFI)","millions de No","1.7"
"Coût et abordabilité d’une alimentation saine
 (CoAHD)","Portugal","Valeur","Number of people unable to afford a healthy diet (NUA), million","2019","Juillet 2025 (rapport SOFI)","millions de No","1.3"
"Coût et abordabilité d’une alimentation saine
 (CoAHD)","Portugal","Valeur","Number of people unable to afford a healthy diet (NUA), million","2020","Juillet 2025 (rapport SOFI)","millions de No","1.4"
"Coût et abordabilité d’une alimentation saine
 (CoAHD)","Portugal","Valeur","Number of people unable to afford a healthy diet (NUA), million","2021","Juillet 2025 (rapport SOFI)","millions de No","1.4"
"Coût et abordabilité d’une alimentation saine
 (CoAHD)","Portugal","Valeur","Number of people unable to afford a healthy diet (NUA), million","2022","Juillet 2025 (rapport SOFI)","millions de No","1.2"
"Coût et abordabilité d’une alimentation saine
 (CoAHD)","Portugal","Valeur","Number of people unable to afford a healthy diet (NUA), million","2023","Juillet 2025 (rapport SOFI)","millions de No","1.2"
"Coût et abordabilité d’une alimentation saine
 (CoAHD)","Portugal","Valeur","Number of people unable to afford a healthy diet (NUA), million","2024","Juillet 2025 (rapport SOFI)","millions de No","1.1"
"Coût et abordabilité d’une alimentation saine
 (CoAHD)","Qatar","Valeur","Cost of animal source foods, LCU per person per day","2021","Juillet 2025 (rapport SOFI)","UML/personne/jour","1.87"
"Coût et abordabilité d’une alimentation saine
 (CoAHD)","Qatar","Valeur","Cost of animal source foods, PPP dollar per person per day","2021","Juillet 2025 (rapport SOFI)","Int$ (PPP) per person per day","0.64"
"Coût et abordabilité d’une alimentation saine
 (CoAHD)","Qatar","Valeur","Number of people unable to afford a healthy diet (NUA), million","2017","Juillet 2025 (rapport SOFI)","millions de No","<0.1"
"Coût et abordabilité d’une alimentation saine
 (CoAHD)","Qatar","Valeur","Number of people unable to afford a healthy diet (NUA), million","2018","Juillet 2025 (rapport SOFI)","millions de No","<0.1"
"Coût et abordabilité d’une alimentation saine
 (CoAHD)","Qatar","Valeur","Number of people unable to afford a healthy diet (NUA), million","2019","Juillet 2025 (rapport SOFI)","millions de No","<0.1"
"Coût et abordabilité d’une alimentation saine
 (CoAHD)","Qatar","Valeur","Number of people unable to afford a healthy diet (NUA), million","2020","Juillet 2025 (rapport SOFI)","millions de No","<0.1"
"Coût et abordabilité d’une alimentation saine
 (CoAHD)","Qatar","Valeur","Number of people unable to afford a healthy diet (NUA), million","2021","Juillet 2025 (rapport SOFI)","millions de No","<0.1"
"Coût et abordabilité d’une alimentation saine
 (CoAHD)","Qatar","Valeur","Number of people unable to afford a healthy diet (NUA), million","2022","Juillet 2025 (rapport SOFI)","millions de No","<0.1"
"Coût et abordabilité d’une alimentation saine
 (CoAHD)","Qatar","Valeur","Number of people unable to afford a healthy diet (NUA), million","2023","Juillet 2025 (rapport SOFI)","millions de No","<0.1"
"Coût et abordabilité d’une alimentation saine
 (CoAHD)","Qatar","Valeur","Number of people unable to afford a healthy diet (NUA), million","2024","Juillet 2025 (rapport SOFI)","millions de No","<0.1"
"Coût et abordabilité d’une alimentation saine
 (CoAHD)","République arabe syrienne","Valeur","Cost of animal source foods, LCU per person per day","2021","Juillet 2025 (rapport SOFI)","UML/personne/jour","923.77"
"Coût et abordabilité d’une alimentation saine
 (CoAHD)","République arabe syrienne","Valeur","Cost of animal source foods, PPP dollar per person per day","2021","Juillet 2025 (rapport SOFI)","Int$ (PPP) per person per day","1.82"
"Coût et abordabilité d’une alimentation saine
 (CoAHD)","République arabe syrienne","Valeur","Number of people unable to afford a healthy diet (NUA), million","2017","Juillet 2025 (rapport SOFI)","millions de No","4.7"
"Coût et abordabilité d’une alimentation saine
 (CoAHD)","République arabe syrienne","Valeur","Number of people unable to afford a healthy diet (NUA), million","2018","Juillet 2025 (rapport SOFI)","millions de No","3.8"
"Coût et abordabilité d’une alimentation saine
 (CoAHD)","République arabe syrienne","Valeur","Number of people unable to afford a healthy diet (NUA), million","2019","Juillet 2025 (rapport SOFI)","millions de No","3.5"
"Coût et abordabilité d’une alimentation saine
 (CoAHD)","République arabe syrienne","Valeur","Number of people unable to afford a healthy diet (NUA), million","2020","Juillet 2025 (rapport SOFI)","millions de No","7.7"
"Coût et abordabilité d’une alimentation saine
 (CoAHD)","République arabe syrienne","Valeur","Number of people unable to afford a healthy diet (NUA), million","2021","Juillet 2025 (rapport SOFI)","millions de No","11.4"
"Coût et abordabilité d’une alimentation saine
 (CoAHD)","République arabe syrienne","Valeur","Number of people unable to afford a healthy diet (NUA), million","2022","Juillet 2025 (rapport SOFI)","millions de No","12.3"
"Coût et abordabilité d’une alimentation saine
 (CoAHD)","République arabe syrienne","Valeur","Number of people unable to afford a healthy diet (NUA), million","2023","Juillet 2025 (rapport SOFI)","millions de No","13.1"
"Coût et abordabilité d’une alimentation saine
 (CoAHD)","République arabe syrienne","Valeur","Number of people unable to afford a healthy diet (NUA), million","2024","Juillet 2025 (rapport SOFI)","millions de No","14.1"
"Coût et abordabilité d’une alimentation saine
 (CoAHD)","République centrafricaine","Valeur","Cost of animal source foods, LCU per person per day","2021","Juillet 2025 (rapport SOFI)","UML/personne/jour","407.34"
"Coût et abordabilité d’une alimentation saine
 (CoAHD)","République centrafricaine","Valeur","Cost of animal source foods, PPP dollar per person per day","2021","Juillet 2025 (rapport SOFI)","Int$ (PPP) per person per day","1.47"
"Coût et abordabilité d’une alimentation saine
 (CoAHD)","République centrafricaine","Valeur","Number of people unable to afford a healthy diet (NUA), million","2017","Juillet 2025 (rapport SOFI)","millions de No","4.2"
"Coût et abordabilité d’une alimentation saine
 (CoAHD)","République centrafricaine","Valeur","Number of people unable to afford a healthy diet (NUA), million","2018","Juillet 2025 (rapport SOFI)","millions de No","4.2"
"Coût et abordabilité d’une alimentation saine
 (CoAHD)","République centrafricaine","Valeur","Number of people unable to afford a healthy diet (NUA), million","2019","Juillet 2025 (rapport SOFI)","millions de No","4.2"
"Coût et abordabilité d’une alimentation saine
 (CoAHD)","République centrafricaine","Valeur","Number of people unable to afford a healthy diet (NUA), million","2020","Juillet 2025 (rapport SOFI)","millions de No","4.3"
"Coût et abordabilité d’une alimentation saine
 (CoAHD)","République centrafricaine","Valeur","Number of people unable to afford a healthy diet (NUA), million","2021","Juillet 2025 (rapport SOFI)","millions de No","4.4"
"Coût et abordabilité d’une alimentation saine
 (CoAHD)","République centrafricaine","Valeur","Number of people unable to afford a healthy diet (NUA), million","2022","Juillet 2025 (rapport SOFI)","millions de No","4.4"
"Coût et abordabilité d’une alimentation saine
 (CoAHD)","République centrafricaine","Valeur","Number of people unable to afford a healthy diet (NUA), million","2023","Juillet 2025 (rapport SOFI)","millions de No","4.5"
"Coût et abordabilité d’une alimentation saine
 (CoAHD)","République centrafricaine","Valeur","Number of people unable to afford a healthy diet (NUA), million","2024","Juillet 2025 (rapport SOFI)","millions de No","4.6"
"Coût et abordabilité d’une alimentation saine
 (CoAHD)","République de Corée","Valeur","Cost of animal source foods, LCU per person per day","2021","Juillet 2025 (rapport SOFI)","UML/personne/jour","1376.79"
"Coût et abordabilité d’une alimentation saine
 (CoAHD)","République de Corée","Valeur","Cost of animal source foods, PPP dollar per person per day","2021","Juillet 2025 (rapport SOFI)","Int$ (PPP) per person per day","1.43"
"Coût et abordabilité d’une alimentation saine
 (CoAHD)","République de Corée","Valeur","Number of people unable to afford a healthy diet (NUA), million","2017","Juillet 2025 (rapport SOFI)","millions de No","5.3"
"Coût et abordabilité d’une alimentation saine
 (CoAHD)","République de Corée","Valeur","Number of people unable to afford a healthy diet (NUA), million","2018","Juillet 2025 (rapport SOFI)","millions de No","4.4"
"Coût et abordabilité d’une alimentation saine
 (CoAHD)","République de Corée","Valeur","Number of people unable to afford a healthy diet (NUA), million","2019","Juillet 2025 (rapport SOFI)","millions de No","3.5"
"Coût et abordabilité d’une alimentation saine
 (CoAHD)","République de Corée","Valeur","Number of people unable to afford a healthy diet (NUA), million","2020","Juillet 2025 (rapport SOFI)","millions de No","2.7"
"Coût et abordabilité d’une alimentation saine
 (CoAHD)","République de Corée","Valeur","Number of people unable to afford a healthy diet (NUA), million","2021","Juillet 2025 (rapport SOFI)","millions de No","2.7"
"Coût et abordabilité d’une alimentation saine
 (CoAHD)","République de Corée","Valeur","Number of people unable to afford a healthy diet (NUA), million","2022","Juillet 2025 (rapport SOFI)","millions de No","2.3"
"Coût et abordabilité d’une alimentation saine
 (CoAHD)","République de Corée","Valeur","Number of people unable to afford a healthy diet (NUA), million","2023","Juillet 2025 (rapport SOFI)","millions de No","2.3"
"Coût et abordabilité d’une alimentation saine
 (CoAHD)","République de Corée","Valeur","Number of people unable to afford a healthy diet (NUA), million","2024","Juillet 2025 (rapport SOFI)","millions de No","2.2"
"Coût et abordabilité d’une alimentation saine
 (CoAHD)","République de Moldova","Valeur","Cost of animal source foods, LCU per person per day","2021","Juillet 2025 (rapport SOFI)","UML/personne/jour","5.29"
"Coût et abordabilité d’une alimentation saine
 (CoAHD)","République de Moldova","Valeur","Cost of animal source foods, PPP dollar per person per day","2021","Juillet 2025 (rapport SOFI)","Int$ (PPP) per person per day","0.84"
"Coût et abordabilité d’une alimentation saine
 (CoAHD)","République de Moldova","Valeur","Number of people unable to afford a healthy diet (NUA), million","2017","Juillet 2025 (rapport SOFI)","millions de No","0.3"
"Coût et abordabilité d’une alimentation saine
 (CoAHD)","République de Moldova","Valeur","Number of people unable to afford a healthy diet (NUA), million","2018","Juillet 2025 (rapport SOFI)","millions de No","0.3"
"Coût et abordabilité d’une alimentation saine
 (CoAHD)","République de Moldova","Valeur","Number of people unable to afford a healthy diet (NUA), million","2019","Juillet 2025 (rapport SOFI)","millions de No","0.3"
"Coût et abordabilité d’une alimentation saine
 (CoAHD)","République de Moldova","Valeur","Number of people unable to afford a healthy diet (NUA), million","2020","Juillet 2025 (rapport SOFI)","millions de No","0.4"
"Coût et abordabilité d’une alimentation saine
 (CoAHD)","République de Moldova","Valeur","Number of people unable to afford a healthy diet (NUA), million","2021","Juillet 2025 (rapport SOFI)","millions de No","0.3"
"Coût et abordabilité d’une alimentation saine
 (CoAHD)","République de Moldova","Valeur","Number of people unable to afford a healthy diet (NUA), million","2022","Juillet 2025 (rapport SOFI)","millions de No","0.4"
"Coût et abordabilité d’une alimentation saine
 (CoAHD)","République de Moldova","Valeur","Number of people unable to afford a healthy diet (NUA), million","2023","Juillet 2025 (rapport SOFI)","millions de No","0.3"
"Coût et abordabilité d’une alimentation saine
 (CoAHD)","République de Moldova","Valeur","Number of people unable to afford a healthy diet (NUA), million","2024","Juillet 2025 (rapport SOFI)","millions de No","0.3"
"Coût et abordabilité d’une alimentation saine
 (CoAHD)","Congo (Rép. dém.)","Valeur","Cost of animal source foods, LCU per person per day","2021","Juillet 2025 (rapport SOFI)","UML/personne/jour","1494.93"
"Coût et abordabilité d’une alimentation saine
 (CoAHD)","Congo (Rép. dém.)","Valeur","Cost of animal source foods, PPP dollar per person per day","2021","Juillet 2025 (rapport SOFI)","Int$ (PPP) per person per day","1.61"
"Coût et abordabilité d’une alimentation saine
 (CoAHD)","Congo (Rép. dém.)","Valeur","Number of people unable to afford a healthy diet (NUA), million","2017","Juillet 2025 (rapport SOFI)","millions de No","82.5"
"Coût et abordabilité d’une alimentation saine
 (CoAHD)","Congo (Rép. dém.)","Valeur","Number of people unable to afford a healthy diet (NUA), million","2018","Juillet 2025 (rapport SOFI)","millions de No","83.2"
"Coût et abordabilité d’une alimentation saine
 (CoAHD)","Congo (Rép. dém.)","Valeur","Number of people unable to afford a healthy diet (NUA), million","2019","Juillet 2025 (rapport SOFI)","millions de No","85.1"
"Coût et abordabilité d’une alimentation saine
 (CoAHD)","Congo (Rép. dém.)","Valeur","Number of people unable to afford a healthy diet (NUA), million","2020","Juillet 2025 (rapport SOFI)","millions de No","88.5"
"Coût et abordabilité d’une alimentation saine
 (CoAHD)","Congo (Rép. dém.)","Valeur","Number of people unable to afford a healthy diet (NUA), million","2021","Juillet 2025 (rapport SOFI)","millions de No","90.7"
"Coût et abordabilité d’une alimentation saine
 (CoAHD)","Congo (Rép. dém.)","Valeur","Number of people unable to afford a healthy diet (NUA), million","2022","Juillet 2025 (rapport SOFI)","millions de No","92.4"
"Coût et abordabilité d’une alimentation saine
 (CoAHD)","Congo (Rép. dém.)","Valeur","Number of people unable to afford a healthy diet (NUA), million","2023","Juillet 2025 (rapport SOFI)","millions de No","94.8"
"Coût et abordabilité d’une alimentation saine
 (CoAHD)","Congo (Rép. dém.)","Valeur","Number of people unable to afford a healthy diet (NUA), million","2024","Juillet 2025 (rapport SOFI)","millions de No","97.3"
"Coût et abordabilité d’une alimentation saine
 (CoAHD)","République démocratique populaire lao","Valeur","Cost of animal source foods, LCU per person per day","2021","Juillet 2025 (rapport SOFI)","UML/personne/jour","3868.5"
"Coût et abordabilité d’une alimentation saine
 (CoAHD)","République démocratique populaire lao","Valeur","Cost of animal source foods, PPP dollar per person per day","2021","Juillet 2025 (rapport SOFI)","Int$ (PPP) per person per day","1.19"
"Coût et abordabilité d’une alimentation saine
 (CoAHD)","République démocratique populaire lao","Valeur","Number of people unable to afford a healthy diet (NUA), million","2017","Juillet 2025 (rapport SOFI)","millions de No","4.1"
"Coût et abordabilité d’une alimentation saine
 (CoAHD)","République démocratique populaire lao","Valeur","Number of people unable to afford a healthy diet (NUA), million","2018","Juillet 2025 (rapport SOFI)","millions de No","4.1"
"Coût et abordabilité d’une alimentation saine
 (CoAHD)","République démocratique populaire lao","Valeur","Number of people unable to afford a healthy diet (NUA), million","2019","Juillet 2025 (rapport SOFI)","millions de No","4.1"
"Coût et abordabilité d’une alimentation saine
 (CoAHD)","République démocratique populaire lao","Valeur","Number of people unable to afford a healthy diet (NUA), million","2020","Juillet 2025 (rapport SOFI)","millions de No","4.3"
"Coût et abordabilité d’une alimentation saine
 (CoAHD)","République démocratique populaire lao","Valeur","Number of people unable to afford a healthy diet (NUA), million","2021","Juillet 2025 (rapport SOFI)","millions de No","4.3"
"Coût et abordabilité d’une alimentation saine
 (CoAHD)","République démocratique populaire lao","Valeur","Number of people unable to afford a healthy diet (NUA), million","2022","Juillet 2025 (rapport SOFI)","millions de No","4.3"
"Coût et abordabilité d’une alimentation saine
 (CoAHD)","République démocratique populaire lao","Valeur","Number of people unable to afford a healthy diet (NUA), million","2023","Juillet 2025 (rapport SOFI)","millions de No","4.4"
"Coût et abordabilité d’une alimentation saine
 (CoAHD)","République démocratique populaire lao","Valeur","Number of people unable to afford a healthy diet (NUA), million","2024","Juillet 2025 (rapport SOFI)","millions de No","4.4"
"Coût et abordabilité d’une alimentation saine
 (CoAHD)","République dominicaine","Valeur","Cost of animal source foods, LCU per person per day","2021","Juillet 2025 (rapport SOFI)","UML/personne/jour","30.45"
"Coût et abordabilité d’une alimentation saine
 (CoAHD)","République dominicaine","Valeur","Cost of animal source foods, PPP dollar per person per day","2021","Juillet 2025 (rapport SOFI)","Int$ (PPP) per person per day","1.32"
"Coût et abordabilité d’une alimentation saine
 (CoAHD)","République dominicaine","Valeur","Number of people unable to afford a healthy diet (NUA), million","2017","Juillet 2025 (rapport SOFI)","millions de No","2.9"
"Coût et abordabilité d’une alimentation saine
 (CoAHD)","République dominicaine","Valeur","Number of people unable to afford a healthy diet (NUA), million","2018","Juillet 2025 (rapport SOFI)","millions de No","2.6"
"Coût et abordabilité d’une alimentation saine
 (CoAHD)","République dominicaine","Valeur","Number of people unable to afford a healthy diet (NUA), million","2019","Juillet 2025 (rapport SOFI)","millions de No","2.4"
"Coût et abordabilité d’une alimentation saine
 (CoAHD)","République dominicaine","Valeur","Number of people unable to afford a healthy diet (NUA), million","2020","Juillet 2025 (rapport SOFI)","millions de No","2.9"
"Coût et abordabilité d’une alimentation saine
 (CoAHD)","République dominicaine","Valeur","Number of people unable to afford a healthy diet (NUA), million","2021","Juillet 2025 (rapport SOFI)","millions de No","2.9"
"Coût et abordabilité d’une alimentation saine
 (CoAHD)","République dominicaine","Valeur","Number of people unable to afford a healthy diet (NUA), million","2022","Juillet 2025 (rapport SOFI)","millions de No","2.8"
"Coût et abordabilité d’une alimentation saine
 (CoAHD)","République dominicaine","Valeur","Number of people unable to afford a healthy diet (NUA), million","2023","Juillet 2025 (rapport SOFI)","millions de No","2.8"
"Coût et abordabilité d’une alimentation saine
 (CoAHD)","République dominicaine","Valeur","Number of people unable to afford a healthy diet (NUA), million","2024","Juillet 2025 (rapport SOFI)","millions de No","2.6"
"Coût et abordabilité d’une alimentation saine
 (CoAHD)","République-Unie de Tanzanie","Valeur","Cost of animal source foods, LCU per person per day","2021","Juillet 2025 (rapport SOFI)","UML/personne/jour","730.64"
"Coût et abordabilité d’une alimentation saine
 (CoAHD)","République-Unie de Tanzanie","Valeur","Cost of animal source foods, PPP dollar per person per day","2021","Juillet 2025 (rapport SOFI)","Int$ (PPP) per person per day","1.07"
"Coût et abordabilité d’une alimentation saine
 (CoAHD)","République-Unie de Tanzanie","Valeur","Number of people unable to afford a healthy diet (NUA), million","2017","Juillet 2025 (rapport SOFI)","millions de No","42.1"
"Coût et abordabilité d’une alimentation saine
 (CoAHD)","République-Unie de Tanzanie","Valeur","Number of people unable to afford a healthy diet (NUA), million","2018","Juillet 2025 (rapport SOFI)","millions de No","43.2"
"Coût et abordabilité d’une alimentation saine
 (CoAHD)","République-Unie de Tanzanie","Valeur","Number of people unable to afford a healthy diet (NUA), million","2019","Juillet 2025 (rapport SOFI)","millions de No","44"
"Coût et abordabilité d’une alimentation saine
 (CoAHD)","République-Unie de Tanzanie","Valeur","Number of people unable to afford a healthy diet (NUA), million","2020","Juillet 2025 (rapport SOFI)","millions de No","45.7"
"Coût et abordabilité d’une alimentation saine
 (CoAHD)","République-Unie de Tanzanie","Valeur","Number of people unable to afford a healthy diet (NUA), million","2021","Juillet 2025 (rapport SOFI)","millions de No","46.8"
"Coût et abordabilité d’une alimentation saine
 (CoAHD)","République-Unie de Tanzanie","Valeur","Number of people unable to afford a healthy diet (NUA), million","2022","Juillet 2025 (rapport SOFI)","millions de No","48.3"
"Coût et abordabilité d’une alimentation saine
 (CoAHD)","République-Unie de Tanzanie","Valeur","Number of people unable to afford a healthy diet (NUA), million","2023","Juillet 2025 (rapport SOFI)","millions de No","49.9"
"Coût et abordabilité d’une alimentation saine
 (CoAHD)","République-Unie de Tanzanie","Valeur","Number of people unable to afford a healthy diet (NUA), million","2024","Juillet 2025 (rapport SOFI)","millions de No","50.6"
"Coût et abordabilité d’une alimentation saine
 (CoAHD)","Roumanie","Valeur","Cost of animal source foods, LCU per person per day","2021","Juillet 2025 (rapport SOFI)","UML/personne/jour","1.94"
"Coût et abordabilité d’une alimentation saine
 (CoAHD)","Roumanie","Valeur","Cost of animal source foods, PPP dollar per person per day","2021","Juillet 2025 (rapport SOFI)","Int$ (PPP) per person per day","1.02"
"Coût et abordabilité d’une alimentation saine
 (CoAHD)","Roumanie","Valeur","Number of people unable to afford a healthy diet (NUA), million","2017","Juillet 2025 (rapport SOFI)","millions de No","10.3"
"Coût et abordabilité d’une alimentation saine
 (CoAHD)","Roumanie","Valeur","Number of people unable to afford a healthy diet (NUA), million","2018","Juillet 2025 (rapport SOFI)","millions de No","13.4"
"Coût et abordabilité d’une alimentation saine
 (CoAHD)","Roumanie","Valeur","Number of people unable to afford a healthy diet (NUA), million","2019","Juillet 2025 (rapport SOFI)","millions de No","12.3"
"Coût et abordabilité d’une alimentation saine
 (CoAHD)","Roumanie","Valeur","Number of people unable to afford a healthy diet (NUA), million","2020","Juillet 2025 (rapport SOFI)","millions de No","12.7"
"Coût et abordabilité d’une alimentation saine
 (CoAHD)","Roumanie","Valeur","Number of people unable to afford a healthy diet (NUA), million","2021","Juillet 2025 (rapport SOFI)","millions de No","11.4"
"Coût et abordabilité d’une alimentation saine
 (CoAHD)","Roumanie","Valeur","Number of people unable to afford a healthy diet (NUA), million","2022","Juillet 2025 (rapport SOFI)","millions de No","10.5"
"Coût et abordabilité d’une alimentation saine
 (CoAHD)","Roumanie","Valeur","Number of people unable to afford a healthy diet (NUA), million","2023","Juillet 2025 (rapport SOFI)","millions de No","10.3"
"Coût et abordabilité d’une alimentation saine
 (CoAHD)","Roumanie","Valeur","Number of people unable to afford a healthy diet (NUA), million","2024","Juillet 2025 (rapport SOFI)","millions de No","10"
"Coût et abordabilité d’une alimentation saine
 (CoAHD)","Royaume-Uni de Grande-Bretagne et d'Irlande du Nord","Valeur","Cost of animal source foods, LCU per person per day","2021","Juillet 2025 (rapport SOFI)","UML/personne/jour","0.34"
"Coût et abordabilité d’une alimentation saine
 (CoAHD)","Royaume-Uni de Grande-Bretagne et d'Irlande du Nord","Valeur","Cost of animal source foods, PPP dollar per person per day","2021","Juillet 2025 (rapport SOFI)","Int$ (PPP) per person per day","0.46"
"Coût et abordabilité d’une alimentation saine
 (CoAHD)","Royaume-Uni de Grande-Bretagne et d'Irlande du Nord","Valeur","Number of people unable to afford a healthy diet (NUA), million","2017","Juillet 2025 (rapport SOFI)","millions de No","2.2"
"Coût et abordabilité d’une alimentation saine
 (CoAHD)","Royaume-Uni de Grande-Bretagne et d'Irlande du Nord","Valeur","Number of people unable to afford a healthy diet (NUA), million","2018","Juillet 2025 (rapport SOFI)","millions de No","2.3"
"Coût et abordabilité d’une alimentation saine
 (CoAHD)","Royaume-Uni de Grande-Bretagne et d'Irlande du Nord","Valeur","Number of people unable to afford a healthy diet (NUA), million","2019","Juillet 2025 (rapport SOFI)","millions de No","2.3"
"Coût et abordabilité d’une alimentation saine
 (CoAHD)","Royaume-Uni de Grande-Bretagne et d'Irlande du Nord","Valeur","Number of people unable to afford a healthy diet (NUA), million","2020","Juillet 2025 (rapport SOFI)","millions de No","1.9"
"Coût et abordabilité d’une alimentation saine
 (CoAHD)","Royaume-Uni de Grande-Bretagne et d'Irlande du Nord","Valeur","Number of people unable to afford a healthy diet (NUA), million","2021","Juillet 2025 (rapport SOFI)","millions de No","2"
"Coût et abordabilité d’une alimentation saine
 (CoAHD)","Royaume-Uni de Grande-Bretagne et d'Irlande du Nord","Valeur","Number of people unable to afford a healthy diet (NUA), million","2022","Juillet 2025 (rapport SOFI)","millions de No","1.7"
"Coût et abordabilité d’une alimentation saine
 (CoAHD)","Royaume-Uni de Grande-Bretagne et d'Irlande du Nord","Valeur","Number of people unable to afford a healthy diet (NUA), million","2023","Juillet 2025 (rapport SOFI)","millions de No","1.9"
"Coût et abordabilité d’une alimentation saine
 (CoAHD)","Royaume-Uni de Grande-Bretagne et d'Irlande du Nord","Valeur","Number of people unable to afford a healthy diet (NUA), million","2024","Juillet 2025 (rapport SOFI)","millions de No","1.7"
"Coût et abordabilité d’une alimentation saine
 (CoAHD)","Rwanda","Valeur","Cost of animal source foods, LCU per person per day","2021","Juillet 2025 (rapport SOFI)","UML/personne/jour","429.06"
"Coût et abordabilité d’une alimentation saine
 (CoAHD)","Rwanda","Valeur","Cost of animal source foods, PPP dollar per person per day","2021","Juillet 2025 (rapport SOFI)","Int$ (PPP) per person per day","1.47"
"Coût et abordabilité d’une alimentation saine
 (CoAHD)","Rwanda","Valeur","Number of people unable to afford a healthy diet (NUA), million","2017","Juillet 2025 (rapport SOFI)","millions de No","9.7"
"Coût et abordabilité d’une alimentation saine
 (CoAHD)","Rwanda","Valeur","Number of people unable to afford a healthy diet (NUA), million","2018","Juillet 2025 (rapport SOFI)","millions de No","9.5"
"Coût et abordabilité d’une alimentation saine
 (CoAHD)","Rwanda","Valeur","Number of people unable to afford a healthy diet (NUA), million","2019","Juillet 2025 (rapport SOFI)","millions de No","9.5"
"Coût et abordabilité d’une alimentation saine
 (CoAHD)","Rwanda","Valeur","Number of people unable to afford a healthy diet (NUA), million","2020","Juillet 2025 (rapport SOFI)","millions de No","10.1"
"Coût et abordabilité d’une alimentation saine
 (CoAHD)","Rwanda","Valeur","Number of people unable to afford a healthy diet (NUA), million","2021","Juillet 2025 (rapport SOFI)","millions de No","9.9"
"Coût et abordabilité d’une alimentation saine
 (CoAHD)","Rwanda","Valeur","Number of people unable to afford a healthy diet (NUA), million","2022","Juillet 2025 (rapport SOFI)","millions de No","10.3"
"Coût et abordabilité d’une alimentation saine
 (CoAHD)","Rwanda","Valeur","Number of people unable to afford a healthy diet (NUA), million","2023","Juillet 2025 (rapport SOFI)","millions de No","10.9"
"Coût et abordabilité d’une alimentation saine
 (CoAHD)","Rwanda","Valeur","Number of people unable to afford a healthy diet (NUA), million","2024","Juillet 2025 (rapport SOFI)","millions de No","10.7"
"Coût et abordabilité d’une alimentation saine
 (CoAHD)","Sainte-Lucie","Valeur","Cost of animal source foods, LCU per person per day","2021","Juillet 2025 (rapport SOFI)","UML/personne/jour","1.8"
"Coût et abordabilité d’une alimentation saine
 (CoAHD)","Sainte-Lucie","Valeur","Cost of animal source foods, PPP dollar per person per day","2021","Juillet 2025 (rapport SOFI)","Int$ (PPP) per person per day","1.1"
"Coût et abordabilité d’une alimentation saine
 (CoAHD)","Sainte-Lucie","Valeur","Number of people unable to afford a healthy diet (NUA), million","2017","Juillet 2025 (rapport SOFI)","millions de No","<0.1"
"Coût et abordabilité d’une alimentation saine
 (CoAHD)","Sainte-Lucie","Valeur","Number of people unable to afford a healthy diet (NUA), million","2018","Juillet 2025 (rapport SOFI)","millions de No","<0.1"
"Coût et abordabilité d’une alimentation saine
 (CoAHD)","Sainte-Lucie","Valeur","Number of people unable to afford a healthy diet (NUA), million","2019","Juillet 2025 (rapport SOFI)","millions de No","<0.1"
"Coût et abordabilité d’une alimentation saine
 (CoAHD)","Sainte-Lucie","Valeur","Number of people unable to afford a healthy diet (NUA), million","2020","Juillet 2025 (rapport SOFI)","millions de No","<0.1"
"Coût et abordabilité d’une alimentation saine
 (CoAHD)","Sainte-Lucie","Valeur","Number of people unable to afford a healthy diet (NUA), million","2021","Juillet 2025 (rapport SOFI)","millions de No","<0.1"
"Coût et abordabilité d’une alimentation saine
 (CoAHD)","Sainte-Lucie","Valeur","Number of people unable to afford a healthy diet (NUA), million","2022","Juillet 2025 (rapport SOFI)","millions de No","<0.1"
"Coût et abordabilité d’une alimentation saine
 (CoAHD)","Sainte-Lucie","Valeur","Number of people unable to afford a healthy diet (NUA), million","2023","Juillet 2025 (rapport SOFI)","millions de No","<0.1"
"Coût et abordabilité d’une alimentation saine
 (CoAHD)","Sainte-Lucie","Valeur","Number of people unable to afford a healthy diet (NUA), million","2024","Juillet 2025 (rapport SOFI)","millions de No","<0.1"
"Coût et abordabilité d’une alimentation saine
 (CoAHD)","Saint-Kitts-et-Nevis","Valeur","Cost of animal source foods, LCU per person per day","2021","Juillet 2025 (rapport SOFI)","UML/personne/jour","1.55"
"Coût et abordabilité d’une alimentation saine
 (CoAHD)","Saint-Kitts-et-Nevis","Valeur","Cost of animal source foods, PPP dollar per person per day","2021","Juillet 2025 (rapport SOFI)","Int$ (PPP) per person per day","0.68"
"Coût et abordabilité d’une alimentation saine
 (CoAHD)","Saint-Kitts-et-Nevis","Valeur","Number of people unable to afford a healthy diet (NUA), million","2017","Juillet 2025 (rapport SOFI)","millions de No",""
"Coût et abordabilité d’une alimentation saine
 (CoAHD)","Saint-Kitts-et-Nevis","Valeur","Number of people unable to afford a healthy diet (NUA), million","2018","Juillet 2025 (rapport SOFI)","millions de No",""
"Coût et abordabilité d’une alimentation saine
 (CoAHD)","Saint-Kitts-et-Nevis","Valeur","Number of people unable to afford a healthy diet (NUA), million","2019","Juillet 2025 (rapport SOFI)","millions de No",""
"Coût et abordabilité d’une alimentation saine
 (CoAHD)","Saint-Kitts-et-Nevis","Valeur","Number of people unable to afford a healthy diet (NUA), million","2020","Juillet 2025 (rapport SOFI)","millions de No",""
"Coût et abordabilité d’une alimentation saine
 (CoAHD)","Saint-Kitts-et-Nevis","Valeur","Number of people unable to afford a healthy diet (NUA), million","2021","Juillet 2025 (rapport SOFI)","millions de No",""
"Coût et abordabilité d’une alimentation saine
 (CoAHD)","Saint-Kitts-et-Nevis","Valeur","Number of people unable to afford a healthy diet (NUA), million","2022","Juillet 2025 (rapport SOFI)","millions de No",""
"Coût et abordabilité d’une alimentation saine
 (CoAHD)","Saint-Kitts-et-Nevis","Valeur","Number of people unable to afford a healthy diet (NUA), million","2023","Juillet 2025 (rapport SOFI)","millions de No",""
"Coût et abordabilité d’une alimentation saine
 (CoAHD)","Saint-Kitts-et-Nevis","Valeur","Number of people unable to afford a healthy diet (NUA), million","2024","Juillet 2025 (rapport SOFI)","millions de No",""
"Coût et abordabilité d’une alimentation saine
 (CoAHD)","Saint-Vincent-et-les-Grenadines","Valeur","Cost of animal source foods, LCU per person per day","2021","Juillet 2025 (rapport SOFI)","UML/personne/jour","1.37"
"Coût et abordabilité d’une alimentation saine
 (CoAHD)","Saint-Vincent-et-les-Grenadines","Valeur","Cost of animal source foods, PPP dollar per person per day","2021","Juillet 2025 (rapport SOFI)","Int$ (PPP) per person per day","0.79"
"Coût et abordabilité d’une alimentation saine
 (CoAHD)","Saint-Vincent-et-les-Grenadines","Valeur","Number of people unable to afford a healthy diet (NUA), million","2017","Juillet 2025 (rapport SOFI)","millions de No",""
"Coût et abordabilité d’une alimentation saine
 (CoAHD)","Saint-Vincent-et-les-Grenadines","Valeur","Number of people unable to afford a healthy diet (NUA), million","2018","Juillet 2025 (rapport SOFI)","millions de No",""
"Coût et abordabilité d’une alimentation saine
 (CoAHD)","Saint-Vincent-et-les-Grenadines","Valeur","Number of people unable to afford a healthy diet (NUA), million","2019","Juillet 2025 (rapport SOFI)","millions de No",""
"Coût et abordabilité d’une alimentation saine
 (CoAHD)","Saint-Vincent-et-les-Grenadines","Valeur","Number of people unable to afford a healthy diet (NUA), million","2020","Juillet 2025 (rapport SOFI)","millions de No",""
"Coût et abordabilité d’une alimentation saine
 (CoAHD)","Saint-Vincent-et-les-Grenadines","Valeur","Number of people unable to afford a healthy diet (NUA), million","2021","Juillet 2025 (rapport SOFI)","millions de No",""
"Coût et abordabilité d’une alimentation saine
 (CoAHD)","Saint-Vincent-et-les-Grenadines","Valeur","Number of people unable to afford a healthy diet (NUA), million","2022","Juillet 2025 (rapport SOFI)","millions de No",""
"Coût et abordabilité d’une alimentation saine
 (CoAHD)","Saint-Vincent-et-les-Grenadines","Valeur","Number of people unable to afford a healthy diet (NUA), million","2023","Juillet 2025 (rapport SOFI)","millions de No",""
"Coût et abordabilité d’une alimentation saine
 (CoAHD)","Saint-Vincent-et-les-Grenadines","Valeur","Number of people unable to afford a healthy diet (NUA), million","2024","Juillet 2025 (rapport SOFI)","millions de No",""
"Coût et abordabilité d’une alimentation saine
 (CoAHD)","Sao Tomé-et-Principe","Valeur","Cost of animal source foods, LCU per person per day","2021","Juillet 2025 (rapport SOFI)","UML/personne/jour","11.67"
"Coût et abordabilité d’une alimentation saine
 (CoAHD)","Sao Tomé-et-Principe","Valeur","Cost of animal source foods, PPP dollar per person per day","2021","Juillet 2025 (rapport SOFI)","Int$ (PPP) per person per day","1.21"
"Coût et abordabilité d’une alimentation saine
 (CoAHD)","Sao Tomé-et-Principe","Valeur","Number of people unable to afford a healthy diet (NUA), million","2017","Juillet 2025 (rapport SOFI)","millions de No","0.1"
"Coût et abordabilité d’une alimentation saine
 (CoAHD)","Sao Tomé-et-Principe","Valeur","Number of people unable to afford a healthy diet (NUA), million","2018","Juillet 2025 (rapport SOFI)","millions de No","0.1"
"Coût et abordabilité d’une alimentation saine
 (CoAHD)","Sao Tomé-et-Principe","Valeur","Number of people unable to afford a healthy diet (NUA), million","2019","Juillet 2025 (rapport SOFI)","millions de No","0.1"
"Coût et abordabilité d’une alimentation saine
 (CoAHD)","Sao Tomé-et-Principe","Valeur","Number of people unable to afford a healthy diet (NUA), million","2020","Juillet 2025 (rapport SOFI)","millions de No","0.1"
"Coût et abordabilité d’une alimentation saine
 (CoAHD)","Sao Tomé-et-Principe","Valeur","Number of people unable to afford a healthy diet (NUA), million","2021","Juillet 2025 (rapport SOFI)","millions de No","0.1"
"Coût et abordabilité d’une alimentation saine
 (CoAHD)","Sao Tomé-et-Principe","Valeur","Number of people unable to afford a healthy diet (NUA), million","2022","Juillet 2025 (rapport SOFI)","millions de No","0.1"
"Coût et abordabilité d’une alimentation saine
 (CoAHD)","Sao Tomé-et-Principe","Valeur","Number of people unable to afford a healthy diet (NUA), million","2023","Juillet 2025 (rapport SOFI)","millions de No","0.1"
"Coût et abordabilité d’une alimentation saine
 (CoAHD)","Sao Tomé-et-Principe","Valeur","Number of people unable to afford a healthy diet (NUA), million","2024","Juillet 2025 (rapport SOFI)","millions de No","0.1"
"Coût et abordabilité d’une alimentation saine
 (CoAHD)","Sénégal","Valeur","Cost of animal source foods, LCU per person per day","2021","Juillet 2025 (rapport SOFI)","UML/personne/jour","243.87"
"Coût et abordabilité d’une alimentation saine
 (CoAHD)","Sénégal","Valeur","Cost of animal source foods, PPP dollar per person per day","2021","Juillet 2025 (rapport SOFI)","Int$ (PPP) per person per day","1.08"
"Coût et abordabilité d’une alimentation saine
 (CoAHD)","Sénégal","Valeur","Number of people unable to afford a healthy diet (NUA), million","2017","Juillet 2025 (rapport SOFI)","millions de No","8.4"
"Coût et abordabilité d’une alimentation saine
 (CoAHD)","Sénégal","Valeur","Number of people unable to afford a healthy diet (NUA), million","2018","Juillet 2025 (rapport SOFI)","millions de No","7.7"
"Coût et abordabilité d’une alimentation saine
 (CoAHD)","Sénégal","Valeur","Number of people unable to afford a healthy diet (NUA), million","2019","Juillet 2025 (rapport SOFI)","millions de No","7.7"
"Coût et abordabilité d’une alimentation saine
 (CoAHD)","Sénégal","Valeur","Number of people unable to afford a healthy diet (NUA), million","2020","Juillet 2025 (rapport SOFI)","millions de No","8.2"
"Coût et abordabilité d’une alimentation saine
 (CoAHD)","Sénégal","Valeur","Number of people unable to afford a healthy diet (NUA), million","2021","Juillet 2025 (rapport SOFI)","millions de No","8.2"
"Coût et abordabilité d’une alimentation saine
 (CoAHD)","Sénégal","Valeur","Number of people unable to afford a healthy diet (NUA), million","2022","Juillet 2025 (rapport SOFI)","millions de No","8.7"
"Coût et abordabilité d’une alimentation saine
 (CoAHD)","Sénégal","Valeur","Number of people unable to afford a healthy diet (NUA), million","2023","Juillet 2025 (rapport SOFI)","millions de No","8.9"
"Coût et abordabilité d’une alimentation saine
 (CoAHD)","Sénégal","Valeur","Number of people unable to afford a healthy diet (NUA), million","2024","Juillet 2025 (rapport SOFI)","millions de No","8.7"
"Coût et abordabilité d’une alimentation saine
 (CoAHD)","Serbie","Valeur","Cost of animal source foods, LCU per person per day","2021","Juillet 2025 (rapport SOFI)","UML/personne/jour","47.86"
"Coût et abordabilité d’une alimentation saine
 (CoAHD)","Serbie","Valeur","Cost of animal source foods, PPP dollar per person per day","2021","Juillet 2025 (rapport SOFI)","Int$ (PPP) per person per day","0.99"
"Coût et abordabilité d’une alimentation saine
 (CoAHD)","Serbie","Valeur","Number of people unable to afford a healthy diet (NUA), million","2017","Juillet 2025 (rapport SOFI)","millions de No","1.7"
"Coût et abordabilité d’une alimentation saine
 (CoAHD)","Serbie","Valeur","Number of people unable to afford a healthy diet (NUA), million","2018","Juillet 2025 (rapport SOFI)","millions de No","0.7"
"Coût et abordabilité d’une alimentation saine
 (CoAHD)","Serbie","Valeur","Number of people unable to afford a healthy diet (NUA), million","2019","Juillet 2025 (rapport SOFI)","millions de No","0.9"
"Coût et abordabilité d’une alimentation saine
 (CoAHD)","Serbie","Valeur","Number of people unable to afford a healthy diet (NUA), million","2020","Juillet 2025 (rapport SOFI)","millions de No","0.8"
"Coût et abordabilité d’une alimentation saine
 (CoAHD)","Serbie","Valeur","Number of people unable to afford a healthy diet (NUA), million","2021","Juillet 2025 (rapport SOFI)","millions de No","0.6"
"Coût et abordabilité d’une alimentation saine
 (CoAHD)","Serbie","Valeur","Number of people unable to afford a healthy diet (NUA), million","2022","Juillet 2025 (rapport SOFI)","millions de No","0.6"
"Coût et abordabilité d’une alimentation saine
 (CoAHD)","Serbie","Valeur","Number of people unable to afford a healthy diet (NUA), million","2023","Juillet 2025 (rapport SOFI)","millions de No","0.6"
"Coût et abordabilité d’une alimentation saine
 (CoAHD)","Serbie","Valeur","Number of people unable to afford a healthy diet (NUA), million","2024","Juillet 2025 (rapport SOFI)","millions de No","0.5"
"Coût et abordabilité d’une alimentation saine
 (CoAHD)","Seychelles","Valeur","Cost of animal source foods, LCU per person per day","2021","Juillet 2025 (rapport SOFI)","UML/personne/jour","10.69"
"Coût et abordabilité d’une alimentation saine
 (CoAHD)","Seychelles","Valeur","Cost of animal source foods, PPP dollar per person per day","2021","Juillet 2025 (rapport SOFI)","Int$ (PPP) per person per day","1.09"
"Coût et abordabilité d’une alimentation saine
 (CoAHD)","Seychelles","Valeur","Number of people unable to afford a healthy diet (NUA), million","2017","Juillet 2025 (rapport SOFI)","millions de No","<0.1"
"Coût et abordabilité d’une alimentation saine
 (CoAHD)","Seychelles","Valeur","Number of people unable to afford a healthy diet (NUA), million","2018","Juillet 2025 (rapport SOFI)","millions de No","<0.1"
"Coût et abordabilité d’une alimentation saine
 (CoAHD)","Seychelles","Valeur","Number of people unable to afford a healthy diet (NUA), million","2019","Juillet 2025 (rapport SOFI)","millions de No","<0.1"
"Coût et abordabilité d’une alimentation saine
 (CoAHD)","Seychelles","Valeur","Number of people unable to afford a healthy diet (NUA), million","2020","Juillet 2025 (rapport SOFI)","millions de No","<0.1"
"Coût et abordabilité d’une alimentation saine
 (CoAHD)","Seychelles","Valeur","Number of people unable to afford a healthy diet (NUA), million","2021","Juillet 2025 (rapport SOFI)","millions de No","<0.1"
"Coût et abordabilité d’une alimentation saine
 (CoAHD)","Seychelles","Valeur","Number of people unable to afford a healthy diet (NUA), million","2022","Juillet 2025 (rapport SOFI)","millions de No","0.1"
"Coût et abordabilité d’une alimentation saine
 (CoAHD)","Seychelles","Valeur","Number of people unable to afford a healthy diet (NUA), million","2023","Juillet 2025 (rapport SOFI)","millions de No","0.1"
"Coût et abordabilité d’une alimentation saine
 (CoAHD)","Seychelles","Valeur","Number of people unable to afford a healthy diet (NUA), million","2024","Juillet 2025 (rapport SOFI)","millions de No","0.1"
"Coût et abordabilité d’une alimentation saine
 (CoAHD)","Sierra Leone","Valeur","Cost of animal source foods, LCU per person per day","2021","Juillet 2025 (rapport SOFI)","UML/personne/jour","3825.45"
"Coût et abordabilité d’une alimentation saine
 (CoAHD)","Sierra Leone","Valeur","Cost of animal source foods, PPP dollar per person per day","2021","Juillet 2025 (rapport SOFI)","Int$ (PPP) per person per day","1.21"
"Coût et abordabilité d’une alimentation saine
 (CoAHD)","Sierra Leone","Valeur","Number of people unable to afford a healthy diet (NUA), million","2017","Juillet 2025 (rapport SOFI)","millions de No","4.5"
"Coût et abordabilité d’une alimentation saine
 (CoAHD)","Sierra Leone","Valeur","Number of people unable to afford a healthy diet (NUA), million","2018","Juillet 2025 (rapport SOFI)","millions de No","4.6"
"Coût et abordabilité d’une alimentation saine
 (CoAHD)","Sierra Leone","Valeur","Number of people unable to afford a healthy diet (NUA), million","2019","Juillet 2025 (rapport SOFI)","millions de No","4.4"
"Coût et abordabilité d’une alimentation saine
 (CoAHD)","Sierra Leone","Valeur","Number of people unable to afford a healthy diet (NUA), million","2020","Juillet 2025 (rapport SOFI)","millions de No","4.7"
"Coût et abordabilité d’une alimentation saine
 (CoAHD)","Sierra Leone","Valeur","Number of people unable to afford a healthy diet (NUA), million","2021","Juillet 2025 (rapport SOFI)","millions de No","4.9"
"Coût et abordabilité d’une alimentation saine
 (CoAHD)","Sierra Leone","Valeur","Number of people unable to afford a healthy diet (NUA), million","2022","Juillet 2025 (rapport SOFI)","millions de No","5.1"
"Coût et abordabilité d’une alimentation saine
 (CoAHD)","Sierra Leone","Valeur","Number of people unable to afford a healthy diet (NUA), million","2023","Juillet 2025 (rapport SOFI)","millions de No","5.4"
"Coût et abordabilité d’une alimentation saine
 (CoAHD)","Sierra Leone","Valeur","Number of people unable to afford a healthy diet (NUA), million","2024","Juillet 2025 (rapport SOFI)","millions de No","5.4"
"Coût et abordabilité d’une alimentation saine
 (CoAHD)","Singapour","Valeur","Cost of animal source foods, LCU per person per day","2021","Juillet 2025 (rapport SOFI)","UML/personne/jour","0.68"
"Coût et abordabilité d’une alimentation saine
 (CoAHD)","Singapour","Valeur","Cost of animal source foods, PPP dollar per person per day","2021","Juillet 2025 (rapport SOFI)","Int$ (PPP) per person per day","0.64"
"Coût et abordabilité d’une alimentation saine
 (CoAHD)","Singapour","Valeur","Number of people unable to afford a healthy diet (NUA), million","2017","Juillet 2025 (rapport SOFI)","millions de No",""
"Coût et abordabilité d’une alimentation saine
 (CoAHD)","Singapour","Valeur","Number of people unable to afford a healthy diet (NUA), million","2018","Juillet 2025 (rapport SOFI)","millions de No",""
"Coût et abordabilité d’une alimentation saine
 (CoAHD)","Singapour","Valeur","Number of people unable to afford a healthy diet (NUA), million","2019","Juillet 2025 (rapport SOFI)","millions de No",""
"Coût et abordabilité d’une alimentation saine
 (CoAHD)","Singapour","Valeur","Number of people unable to afford a healthy diet (NUA), million","2020","Juillet 2025 (rapport SOFI)","millions de No",""
"Coût et abordabilité d’une alimentation saine
 (CoAHD)","Singapour","Valeur","Number of people unable to afford a healthy diet (NUA), million","2021","Juillet 2025 (rapport SOFI)","millions de No",""
"Coût et abordabilité d’une alimentation saine
 (CoAHD)","Singapour","Valeur","Number of people unable to afford a healthy diet (NUA), million","2022","Juillet 2025 (rapport SOFI)","millions de No",""
"Coût et abordabilité d’une alimentation saine
 (CoAHD)","Singapour","Valeur","Number of people unable to afford a healthy diet (NUA), million","2023","Juillet 2025 (rapport SOFI)","millions de No",""
"Coût et abordabilité d’une alimentation saine
 (CoAHD)","Singapour","Valeur","Number of people unable to afford a healthy diet (NUA), million","2024","Juillet 2025 (rapport SOFI)","millions de No",""
"Coût et abordabilité d’une alimentation saine
 (CoAHD)","Sint Maarten (partie néerlandaise)","Valeur","Cost of animal source foods, LCU per person per day","2021","Juillet 2025 (rapport SOFI)","UML/personne/jour",""
"Coût et abordabilité d’une alimentation saine
 (CoAHD)","Sint Maarten (partie néerlandaise)","Valeur","Cost of animal source foods, PPP dollar per person per day","2021","Juillet 2025 (rapport SOFI)","Int$ (PPP) per person per day",""
"Coût et abordabilité d’une alimentation saine
 (CoAHD)","Sint Maarten (partie néerlandaise)","Valeur","Number of people unable to afford a healthy diet (NUA), million","2017","Juillet 2025 (rapport SOFI)","millions de No",""
"Coût et abordabilité d’une alimentation saine
 (CoAHD)","Sint Maarten (partie néerlandaise)","Valeur","Number of people unable to afford a healthy diet (NUA), million","2018","Juillet 2025 (rapport SOFI)","millions de No",""
"Coût et abordabilité d’une alimentation saine
 (CoAHD)","Sint Maarten (partie néerlandaise)","Valeur","Number of people unable to afford a healthy diet (NUA), million","2019","Juillet 2025 (rapport SOFI)","millions de No",""
"Coût et abordabilité d’une alimentation saine
 (CoAHD)","Sint Maarten (partie néerlandaise)","Valeur","Number of people unable to afford a healthy diet (NUA), million","2020","Juillet 2025 (rapport SOFI)","millions de No",""
"Coût et abordabilité d’une alimentation saine
 (CoAHD)","Sint Maarten (partie néerlandaise)","Valeur","Number of people unable to afford a healthy diet (NUA), million","2021","Juillet 2025 (rapport SOFI)","millions de No",""
"Coût et abordabilité d’une alimentation saine
 (CoAHD)","Sint Maarten (partie néerlandaise)","Valeur","Number of people unable to afford a healthy diet (NUA), million","2022","Juillet 2025 (rapport SOFI)","millions de No",""
"Coût et abordabilité d’une alimentation saine
 (CoAHD)","Sint Maarten (partie néerlandaise)","Valeur","Number of people unable to afford a healthy diet (NUA), million","2023","Juillet 2025 (rapport SOFI)","millions de No",""
"Coût et abordabilité d’une alimentation saine
 (CoAHD)","Sint Maarten (partie néerlandaise)","Valeur","Number of people unable to afford a healthy diet (NUA), million","2024","Juillet 2025 (rapport SOFI)","millions de No",""
"Coût et abordabilité d’une alimentation saine
 (CoAHD)","Slovaquie","Valeur","Cost of animal source foods, LCU per person per day","2021","Juillet 2025 (rapport SOFI)","UML/personne/jour","0.36"
"Coût et abordabilité d’une alimentation saine
 (CoAHD)","Slovaquie","Valeur","Cost of animal source foods, PPP dollar per person per day","2021","Juillet 2025 (rapport SOFI)","Int$ (PPP) per person per day","0.63"
"Coût et abordabilité d’une alimentation saine
 (CoAHD)","Slovaquie","Valeur","Number of people unable to afford a healthy diet (NUA), million","2017","Juillet 2025 (rapport SOFI)","millions de No","1.1"
"Coût et abordabilité d’une alimentation saine
 (CoAHD)","Slovaquie","Valeur","Number of people unable to afford a healthy diet (NUA), million","2018","Juillet 2025 (rapport SOFI)","millions de No","1"
"Coût et abordabilité d’une alimentation saine
 (CoAHD)","Slovaquie","Valeur","Number of people unable to afford a healthy diet (NUA), million","2019","Juillet 2025 (rapport SOFI)","millions de No","0.8"
"Coût et abordabilité d’une alimentation saine
 (CoAHD)","Slovaquie","Valeur","Number of people unable to afford a healthy diet (NUA), million","2020","Juillet 2025 (rapport SOFI)","millions de No","1.1"
"Coût et abordabilité d’une alimentation saine
 (CoAHD)","Slovaquie","Valeur","Number of people unable to afford a healthy diet (NUA), million","2021","Juillet 2025 (rapport SOFI)","millions de No","1"
"Coût et abordabilité d’une alimentation saine
 (CoAHD)","Slovaquie","Valeur","Number of people unable to afford a healthy diet (NUA), million","2022","Juillet 2025 (rapport SOFI)","millions de No","0.9"
"Coût et abordabilité d’une alimentation saine
 (CoAHD)","Slovaquie","Valeur","Number of people unable to afford a healthy diet (NUA), million","2023","Juillet 2025 (rapport SOFI)","millions de No","0.9"
"Coût et abordabilité d’une alimentation saine
 (CoAHD)","Slovaquie","Valeur","Number of people unable to afford a healthy diet (NUA), million","2024","Juillet 2025 (rapport SOFI)","millions de No","0.9"
"Coût et abordabilité d’une alimentation saine
 (CoAHD)","Slovénie","Valeur","Cost of animal source foods, LCU per person per day","2021","Juillet 2025 (rapport SOFI)","UML/personne/jour","0.44"
"Coût et abordabilité d’une alimentation saine
 (CoAHD)","Slovénie","Valeur","Cost of animal source foods, PPP dollar per person per day","2021","Juillet 2025 (rapport SOFI)","Int$ (PPP) per person per day","0.73"
"Coût et abordabilité d’une alimentation saine
 (CoAHD)","Slovénie","Valeur","Number of people unable to afford a healthy diet (NUA), million","2017","Juillet 2025 (rapport SOFI)","millions de No","0.1"
"Coût et abordabilité d’une alimentation saine
 (CoAHD)","Slovénie","Valeur","Number of people unable to afford a healthy diet (NUA), million","2018","Juillet 2025 (rapport SOFI)","millions de No","0.1"
"Coût et abordabilité d’une alimentation saine
 (CoAHD)","Slovénie","Valeur","Number of people unable to afford a healthy diet (NUA), million","2019","Juillet 2025 (rapport SOFI)","millions de No","<0.1"
"Coût et abordabilité d’une alimentation saine
 (CoAHD)","Slovénie","Valeur","Number of people unable to afford a healthy diet (NUA), million","2020","Juillet 2025 (rapport SOFI)","millions de No","<0.1"
"Coût et abordabilité d’une alimentation saine
 (CoAHD)","Slovénie","Valeur","Number of people unable to afford a healthy diet (NUA), million","2021","Juillet 2025 (rapport SOFI)","millions de No","<0.1"
"Coût et abordabilité d’une alimentation saine
 (CoAHD)","Slovénie","Valeur","Number of people unable to afford a healthy diet (NUA), million","2022","Juillet 2025 (rapport SOFI)","millions de No","<0.1"
"Coût et abordabilité d’une alimentation saine
 (CoAHD)","Slovénie","Valeur","Number of people unable to afford a healthy diet (NUA), million","2023","Juillet 2025 (rapport SOFI)","millions de No","<0.1"
"Coût et abordabilité d’une alimentation saine
 (CoAHD)","Slovénie","Valeur","Number of people unable to afford a healthy diet (NUA), million","2024","Juillet 2025 (rapport SOFI)","millions de No","<0.1"
"Coût et abordabilité d’une alimentation saine
 (CoAHD)","Somalie","Valeur","Cost of animal source foods, LCU per person per day","2021","Juillet 2025 (rapport SOFI)","UML/personne/jour","0.51"
"Coût et abordabilité d’une alimentation saine
 (CoAHD)","Somalie","Valeur","Cost of animal source foods, PPP dollar per person per day","2021","Juillet 2025 (rapport SOFI)","Int$ (PPP) per person per day","1.28"
"Coût et abordabilité d’une alimentation saine
 (CoAHD)","Somalie","Valeur","Number of people unable to afford a healthy diet (NUA), million","2017","Juillet 2025 (rapport SOFI)","millions de No",""
"Coût et abordabilité d’une alimentation saine
 (CoAHD)","Somalie","Valeur","Number of people unable to afford a healthy diet (NUA), million","2018","Juillet 2025 (rapport SOFI)","millions de No",""
"Coût et abordabilité d’une alimentation saine
 (CoAHD)","Somalie","Valeur","Number of people unable to afford a healthy diet (NUA), million","2019","Juillet 2025 (rapport SOFI)","millions de No",""
"Coût et abordabilité d’une alimentation saine
 (CoAHD)","Somalie","Valeur","Number of people unable to afford a healthy diet (NUA), million","2020","Juillet 2025 (rapport SOFI)","millions de No",""
"Coût et abordabilité d’une alimentation saine
 (CoAHD)","Somalie","Valeur","Number of people unable to afford a healthy diet (NUA), million","2021","Juillet 2025 (rapport SOFI)","millions de No",""
"Coût et abordabilité d’une alimentation saine
 (CoAHD)","Somalie","Valeur","Number of people unable to afford a healthy diet (NUA), million","2022","Juillet 2025 (rapport SOFI)","millions de No",""
"Coût et abordabilité d’une alimentation saine
 (CoAHD)","Somalie","Valeur","Number of people unable to afford a healthy diet (NUA), million","2023","Juillet 2025 (rapport SOFI)","millions de No",""
"Coût et abordabilité d’une alimentation saine
 (CoAHD)","Somalie","Valeur","Number of people unable to afford a healthy diet (NUA), million","2024","Juillet 2025 (rapport SOFI)","millions de No",""
"Coût et abordabilité d’une alimentation saine
 (CoAHD)","Soudan","Valeur","Cost of animal source foods, LCU per person per day","2021","Juillet 2025 (rapport SOFI)","UML/personne/jour","95.15"
"Coût et abordabilité d’une alimentation saine
 (CoAHD)","Soudan","Valeur","Cost of animal source foods, PPP dollar per person per day","2021","Juillet 2025 (rapport SOFI)","Int$ (PPP) per person per day","0.94"
"Coût et abordabilité d’une alimentation saine
 (CoAHD)","Soudan","Valeur","Number of people unable to afford a healthy diet (NUA), million","2017","Juillet 2025 (rapport SOFI)","millions de No","19.8"
"Coût et abordabilité d’une alimentation saine
 (CoAHD)","Soudan","Valeur","Number of people unable to afford a healthy diet (NUA), million","2018","Juillet 2025 (rapport SOFI)","millions de No","22.7"
"Coût et abordabilité d’une alimentation saine
 (CoAHD)","Soudan","Valeur","Number of people unable to afford a healthy diet (NUA), million","2019","Juillet 2025 (rapport SOFI)","millions de No","26.3"
"Coût et abordabilité d’une alimentation saine
 (CoAHD)","Soudan","Valeur","Number of people unable to afford a healthy diet (NUA), million","2020","Juillet 2025 (rapport SOFI)","millions de No","27.6"
"Coût et abordabilité d’une alimentation saine
 (CoAHD)","Soudan","Valeur","Number of people unable to afford a healthy diet (NUA), million","2021","Juillet 2025 (rapport SOFI)","millions de No","21.7"
"Coût et abordabilité d’une alimentation saine
 (CoAHD)","Soudan","Valeur","Number of people unable to afford a healthy diet (NUA), million","2022","Juillet 2025 (rapport SOFI)","millions de No","17.4"
"Coût et abordabilité d’une alimentation saine
 (CoAHD)","Soudan","Valeur","Number of people unable to afford a healthy diet (NUA), million","2023","Juillet 2025 (rapport SOFI)","millions de No","23.5"
"Coût et abordabilité d’une alimentation saine
 (CoAHD)","Soudan","Valeur","Number of people unable to afford a healthy diet (NUA), million","2024","Juillet 2025 (rapport SOFI)","millions de No","27.4"
"Coût et abordabilité d’une alimentation saine
 (CoAHD)","Soudan du Sud","Valeur","Cost of animal source foods, LCU per person per day","2021","Juillet 2025 (rapport SOFI)","UML/personne/jour","230.46"
"Coût et abordabilité d’une alimentation saine
 (CoAHD)","Soudan du Sud","Valeur","Cost of animal source foods, PPP dollar per person per day","2021","Juillet 2025 (rapport SOFI)","Int$ (PPP) per person per day","1.46"
"Coût et abordabilité d’une alimentation saine
 (CoAHD)","Soudan du Sud","Valeur","Number of people unable to afford a healthy diet (NUA), million","2017","Juillet 2025 (rapport SOFI)","millions de No","9.1"
"Coût et abordabilité d’une alimentation saine
 (CoAHD)","Soudan du Sud","Valeur","Number of people unable to afford a healthy diet (NUA), million","2018","Juillet 2025 (rapport SOFI)","millions de No","8.9"
"Coût et abordabilité d’une alimentation saine
 (CoAHD)","Soudan du Sud","Valeur","Number of people unable to afford a healthy diet (NUA), million","2019","Juillet 2025 (rapport SOFI)","millions de No","9.4"
"Coût et abordabilité d’une alimentation saine
 (CoAHD)","Soudan du Sud","Valeur","Number of people unable to afford a healthy diet (NUA), million","2020","Juillet 2025 (rapport SOFI)","millions de No","9.7"
"Coût et abordabilité d’une alimentation saine
 (CoAHD)","Soudan du Sud","Valeur","Number of people unable to afford a healthy diet (NUA), million","2021","Juillet 2025 (rapport SOFI)","millions de No","10"
"Coût et abordabilité d’une alimentation saine
 (CoAHD)","Soudan du Sud","Valeur","Number of people unable to afford a healthy diet (NUA), million","2022","Juillet 2025 (rapport SOFI)","millions de No","10.1"
"Coût et abordabilité d’une alimentation saine
 (CoAHD)","Soudan du Sud","Valeur","Number of people unable to afford a healthy diet (NUA), million","2023","Juillet 2025 (rapport SOFI)","millions de No","10.8"
"Coût et abordabilité d’une alimentation saine
 (CoAHD)","Soudan du Sud","Valeur","Number of people unable to afford a healthy diet (NUA), million","2024","Juillet 2025 (rapport SOFI)","millions de No","11.7"
"Coût et abordabilité d’une alimentation saine
 (CoAHD)","Sri Lanka","Valeur","Cost of animal source foods, LCU per person per day","2021","Juillet 2025 (rapport SOFI)","UML/personne/jour","61.17"
"Coût et abordabilité d’une alimentation saine
 (CoAHD)","Sri Lanka","Valeur","Cost of animal source foods, PPP dollar per person per day","2021","Juillet 2025 (rapport SOFI)","Int$ (PPP) per person per day","1.05"
"Coût et abordabilité d’une alimentation saine
 (CoAHD)","Sri Lanka","Valeur","Number of people unable to afford a healthy diet (NUA), million","2017","Juillet 2025 (rapport SOFI)","millions de No","7.9"
"Coût et abordabilité d’une alimentation saine
 (CoAHD)","Sri Lanka","Valeur","Number of people unable to afford a healthy diet (NUA), million","2018","Juillet 2025 (rapport SOFI)","millions de No","7.2"
"Coût et abordabilité d’une alimentation saine
 (CoAHD)","Sri Lanka","Valeur","Number of people unable to afford a healthy diet (NUA), million","2019","Juillet 2025 (rapport SOFI)","millions de No","7.2"
"Coût et abordabilité d’une alimentation saine
 (CoAHD)","Sri Lanka","Valeur","Number of people unable to afford a healthy diet (NUA), million","2020","Juillet 2025 (rapport SOFI)","millions de No","8.3"
"Coût et abordabilité d’une alimentation saine
 (CoAHD)","Sri Lanka","Valeur","Number of people unable to afford a healthy diet (NUA), million","2021","Juillet 2025 (rapport SOFI)","millions de No","8.5"
"Coût et abordabilité d’une alimentation saine
 (CoAHD)","Sri Lanka","Valeur","Number of people unable to afford a healthy diet (NUA), million","2022","Juillet 2025 (rapport SOFI)","millions de No","10.2"
"Coût et abordabilité d’une alimentation saine
 (CoAHD)","Sri Lanka","Valeur","Number of people unable to afford a healthy diet (NUA), million","2023","Juillet 2025 (rapport SOFI)","millions de No","10"
"Coût et abordabilité d’une alimentation saine
 (CoAHD)","Sri Lanka","Valeur","Number of people unable to afford a healthy diet (NUA), million","2024","Juillet 2025 (rapport SOFI)","millions de No","9.9"
"Coût et abordabilité d’une alimentation saine
 (CoAHD)","Suède","Valeur","Cost of animal source foods, LCU per person per day","2021","Juillet 2025 (rapport SOFI)","UML/personne/jour","5.27"
"Coût et abordabilité d’une alimentation saine
 (CoAHD)","Suède","Valeur","Cost of animal source foods, PPP dollar per person per day","2021","Juillet 2025 (rapport SOFI)","Int$ (PPP) per person per day","0.58"
"Coût et abordabilité d’une alimentation saine
 (CoAHD)","Suède","Valeur","Number of people unable to afford a healthy diet (NUA), million","2017","Juillet 2025 (rapport SOFI)","millions de No","0.4"
"Coût et abordabilité d’une alimentation saine
 (CoAHD)","Suède","Valeur","Number of people unable to afford a healthy diet (NUA), million","2018","Juillet 2025 (rapport SOFI)","millions de No","0.4"
"Coût et abordabilité d’une alimentation saine
 (CoAHD)","Suède","Valeur","Number of people unable to afford a healthy diet (NUA), million","2019","Juillet 2025 (rapport SOFI)","millions de No","0.4"
"Coût et abordabilité d’une alimentation saine
 (CoAHD)","Suède","Valeur","Number of people unable to afford a healthy diet (NUA), million","2020","Juillet 2025 (rapport SOFI)","millions de No","0.3"
"Coût et abordabilité d’une alimentation saine
 (CoAHD)","Suède","Valeur","Number of people unable to afford a healthy diet (NUA), million","2021","Juillet 2025 (rapport SOFI)","millions de No","0.4"
"Coût et abordabilité d’une alimentation saine
 (CoAHD)","Suède","Valeur","Number of people unable to afford a healthy diet (NUA), million","2022","Juillet 2025 (rapport SOFI)","millions de No","0.4"
"Coût et abordabilité d’une alimentation saine
 (CoAHD)","Suède","Valeur","Number of people unable to afford a healthy diet (NUA), million","2023","Juillet 2025 (rapport SOFI)","millions de No","0.4"
"Coût et abordabilité d’une alimentation saine
 (CoAHD)","Suède","Valeur","Number of people unable to afford a healthy diet (NUA), million","2024","Juillet 2025 (rapport SOFI)","millions de No","0.4"
"Coût et abordabilité d’une alimentation saine
 (CoAHD)","Suisse","Valeur","Cost of animal source foods, LCU per person per day","2021","Juillet 2025 (rapport SOFI)","UML/personne/jour","0.78"
"Coût et abordabilité d’une alimentation saine
 (CoAHD)","Suisse","Valeur","Cost of animal source foods, PPP dollar per person per day","2021","Juillet 2025 (rapport SOFI)","Int$ (PPP) per person per day","0.63"
"Coût et abordabilité d’une alimentation saine
 (CoAHD)","Suisse","Valeur","Number of people unable to afford a healthy diet (NUA), million","2017","Juillet 2025 (rapport SOFI)","millions de No","0.1"
"Coût et abordabilité d’une alimentation saine
 (CoAHD)","Suisse","Valeur","Number of people unable to afford a healthy diet (NUA), million","2018","Juillet 2025 (rapport SOFI)","millions de No","0.1"
"Coût et abordabilité d’une alimentation saine
 (CoAHD)","Suisse","Valeur","Number of people unable to afford a healthy diet (NUA), million","2019","Juillet 2025 (rapport SOFI)","millions de No","0.1"
"Coût et abordabilité d’une alimentation saine
 (CoAHD)","Suisse","Valeur","Number of people unable to afford a healthy diet (NUA), million","2020","Juillet 2025 (rapport SOFI)","millions de No","0.1"
"Coût et abordabilité d’une alimentation saine
 (CoAHD)","Suisse","Valeur","Number of people unable to afford a healthy diet (NUA), million","2021","Juillet 2025 (rapport SOFI)","millions de No","0.1"
"Coût et abordabilité d’une alimentation saine
 (CoAHD)","Suisse","Valeur","Number of people unable to afford a healthy diet (NUA), million","2022","Juillet 2025 (rapport SOFI)","millions de No","0.1"
"Coût et abordabilité d’une alimentation saine
 (CoAHD)","Suisse","Valeur","Number of people unable to afford a healthy diet (NUA), million","2023","Juillet 2025 (rapport SOFI)","millions de No","0.1"
"Coût et abordabilité d’une alimentation saine
 (CoAHD)","Suisse","Valeur","Number of people unable to afford a healthy diet (NUA), million","2024","Juillet 2025 (rapport SOFI)","millions de No","0.1"
"Coût et abordabilité d’une alimentation saine
 (CoAHD)","Suriname","Valeur","Cost of animal source foods, LCU per person per day","2021","Juillet 2025 (rapport SOFI)","UML/personne/jour","7.14"
"Coût et abordabilité d’une alimentation saine
 (CoAHD)","Suriname","Valeur","Cost of animal source foods, PPP dollar per person per day","2021","Juillet 2025 (rapport SOFI)","Int$ (PPP) per person per day","1.13"
"Coût et abordabilité d’une alimentation saine
 (CoAHD)","Suriname","Valeur","Number of people unable to afford a healthy diet (NUA), million","2017","Juillet 2025 (rapport SOFI)","millions de No","0.1"
"Coût et abordabilité d’une alimentation saine
 (CoAHD)","Suriname","Valeur","Number of people unable to afford a healthy diet (NUA), million","2018","Juillet 2025 (rapport SOFI)","millions de No","0.1"
"Coût et abordabilité d’une alimentation saine
 (CoAHD)","Suriname","Valeur","Number of people unable to afford a healthy diet (NUA), million","2019","Juillet 2025 (rapport SOFI)","millions de No","0.1"
"Coût et abordabilité d’une alimentation saine
 (CoAHD)","Suriname","Valeur","Number of people unable to afford a healthy diet (NUA), million","2020","Juillet 2025 (rapport SOFI)","millions de No","0.2"
"Coût et abordabilité d’une alimentation saine
 (CoAHD)","Suriname","Valeur","Number of people unable to afford a healthy diet (NUA), million","2021","Juillet 2025 (rapport SOFI)","millions de No","0.2"
"Coût et abordabilité d’une alimentation saine
 (CoAHD)","Suriname","Valeur","Number of people unable to afford a healthy diet (NUA), million","2022","Juillet 2025 (rapport SOFI)","millions de No","0.2"
"Coût et abordabilité d’une alimentation saine
 (CoAHD)","Suriname","Valeur","Number of people unable to afford a healthy diet (NUA), million","2023","Juillet 2025 (rapport SOFI)","millions de No","0.2"
"Coût et abordabilité d’une alimentation saine
 (CoAHD)","Suriname","Valeur","Number of people unable to afford a healthy diet (NUA), million","2024","Juillet 2025 (rapport SOFI)","millions de No","0.2"
"Coût et abordabilité d’une alimentation saine
 (CoAHD)","Tadjikistan","Valeur","Cost of animal source foods, LCU per person per day","2021","Juillet 2025 (rapport SOFI)","UML/personne/jour","3.02"
"Coût et abordabilité d’une alimentation saine
 (CoAHD)","Tadjikistan","Valeur","Cost of animal source foods, PPP dollar per person per day","2021","Juillet 2025 (rapport SOFI)","Int$ (PPP) per person per day","0.94"
"Coût et abordabilité d’une alimentation saine
 (CoAHD)","Tadjikistan","Valeur","Number of people unable to afford a healthy diet (NUA), million","2017","Juillet 2025 (rapport SOFI)","millions de No","3.3"
"Coût et abordabilité d’une alimentation saine
 (CoAHD)","Tadjikistan","Valeur","Number of people unable to afford a healthy diet (NUA), million","2018","Juillet 2025 (rapport SOFI)","millions de No","3.1"
"Coût et abordabilité d’une alimentation saine
 (CoAHD)","Tadjikistan","Valeur","Number of people unable to afford a healthy diet (NUA), million","2019","Juillet 2025 (rapport SOFI)","millions de No","3.1"
"Coût et abordabilité d’une alimentation saine
 (CoAHD)","Tadjikistan","Valeur","Number of people unable to afford a healthy diet (NUA), million","2020","Juillet 2025 (rapport SOFI)","millions de No","3.2"
"Coût et abordabilité d’une alimentation saine
 (CoAHD)","Tadjikistan","Valeur","Number of people unable to afford a healthy diet (NUA), million","2021","Juillet 2025 (rapport SOFI)","millions de No","3"
"Coût et abordabilité d’une alimentation saine
 (CoAHD)","Tadjikistan","Valeur","Number of people unable to afford a healthy diet (NUA), million","2022","Juillet 2025 (rapport SOFI)","millions de No","2.8"
"Coût et abordabilité d’une alimentation saine
 (CoAHD)","Tadjikistan","Valeur","Number of people unable to afford a healthy diet (NUA), million","2023","Juillet 2025 (rapport SOFI)","millions de No","2.7"
"Coût et abordabilité d’une alimentation saine
 (CoAHD)","Tadjikistan","Valeur","Number of people unable to afford a healthy diet (NUA), million","2024","Juillet 2025 (rapport SOFI)","millions de No","2.6"
"Coût et abordabilité d’une alimentation saine
 (CoAHD)","Tchad","Valeur","Cost of animal source foods, LCU per person per day","2021","Juillet 2025 (rapport SOFI)","UML/personne/jour","209.08"
"Coût et abordabilité d’une alimentation saine
 (CoAHD)","Tchad","Valeur","Cost of animal source foods, PPP dollar per person per day","2021","Juillet 2025 (rapport SOFI)","Int$ (PPP) per person per day","0.97"
"Coût et abordabilité d’une alimentation saine
 (CoAHD)","Tchad","Valeur","Number of people unable to afford a healthy diet (NUA), million","2017","Juillet 2025 (rapport SOFI)","millions de No","10"
"Coût et abordabilité d’une alimentation saine
 (CoAHD)","Tchad","Valeur","Number of people unable to afford a healthy diet (NUA), million","2018","Juillet 2025 (rapport SOFI)","millions de No","9.9"
"Coût et abordabilité d’une alimentation saine
 (CoAHD)","Tchad","Valeur","Number of people unable to afford a healthy diet (NUA), million","2019","Juillet 2025 (rapport SOFI)","millions de No","9.7"
"Coût et abordabilité d’une alimentation saine
 (CoAHD)","Tchad","Valeur","Number of people unable to afford a healthy diet (NUA), million","2020","Juillet 2025 (rapport SOFI)","millions de No","10.4"
"Coût et abordabilité d’une alimentation saine
 (CoAHD)","Tchad","Valeur","Number of people unable to afford a healthy diet (NUA), million","2021","Juillet 2025 (rapport SOFI)","millions de No","10.7"
"Coût et abordabilité d’une alimentation saine
 (CoAHD)","Tchad","Valeur","Number of people unable to afford a healthy diet (NUA), million","2022","Juillet 2025 (rapport SOFI)","millions de No","11.4"
"Coût et abordabilité d’une alimentation saine
 (CoAHD)","Tchad","Valeur","Number of people unable to afford a healthy diet (NUA), million","2023","Juillet 2025 (rapport SOFI)","millions de No","12.2"
"Coût et abordabilité d’une alimentation saine
 (CoAHD)","Tchad","Valeur","Number of people unable to afford a healthy diet (NUA), million","2024","Juillet 2025 (rapport SOFI)","millions de No","13"
"Coût et abordabilité d’une alimentation saine
 (CoAHD)","Tchéquie","Valeur","Cost of animal source foods, LCU per person per day","2021","Juillet 2025 (rapport SOFI)","UML/personne/jour","10.9"
"Coût et abordabilité d’une alimentation saine
 (CoAHD)","Tchéquie","Valeur","Cost of animal source foods, PPP dollar per person per day","2021","Juillet 2025 (rapport SOFI)","Int$ (PPP) per person per day","0.74"
"Coût et abordabilité d’une alimentation saine
 (CoAHD)","Tchéquie","Valeur","Number of people unable to afford a healthy diet (NUA), million","2017","Juillet 2025 (rapport SOFI)","millions de No","0.5"
"Coût et abordabilité d’une alimentation saine
 (CoAHD)","Tchéquie","Valeur","Number of people unable to afford a healthy diet (NUA), million","2018","Juillet 2025 (rapport SOFI)","millions de No","0.4"
"Coût et abordabilité d’une alimentation saine
 (CoAHD)","Tchéquie","Valeur","Number of people unable to afford a healthy diet (NUA), million","2019","Juillet 2025 (rapport SOFI)","millions de No","0.4"
"Coût et abordabilité d’une alimentation saine
 (CoAHD)","Tchéquie","Valeur","Number of people unable to afford a healthy diet (NUA), million","2020","Juillet 2025 (rapport SOFI)","millions de No","0.4"
"Coût et abordabilité d’une alimentation saine
 (CoAHD)","Tchéquie","Valeur","Number of people unable to afford a healthy diet (NUA), million","2021","Juillet 2025 (rapport SOFI)","millions de No","0.4"
"Coût et abordabilité d’une alimentation saine
 (CoAHD)","Tchéquie","Valeur","Number of people unable to afford a healthy diet (NUA), million","2022","Juillet 2025 (rapport SOFI)","millions de No","0.4"
"Coût et abordabilité d’une alimentation saine
 (CoAHD)","Tchéquie","Valeur","Number of people unable to afford a healthy diet (NUA), million","2023","Juillet 2025 (rapport SOFI)","millions de No","0.5"
"Coût et abordabilité d’une alimentation saine
 (CoAHD)","Tchéquie","Valeur","Number of people unable to afford a healthy diet (NUA), million","2024","Juillet 2025 (rapport SOFI)","millions de No","0.4"
"Coût et abordabilité d’une alimentation saine
 (CoAHD)","Thaïlande","Valeur","Cost of animal source foods, LCU per person per day","2021","Juillet 2025 (rapport SOFI)","UML/personne/jour","10.91"
"Coût et abordabilité d’une alimentation saine
 (CoAHD)","Thaïlande","Valeur","Cost of animal source foods, PPP dollar per person per day","2021","Juillet 2025 (rapport SOFI)","Int$ (PPP) per person per day","0.93"
"Coût et abordabilité d’une alimentation saine
 (CoAHD)","Thaïlande","Valeur","Number of people unable to afford a healthy diet (NUA), million","2017","Juillet 2025 (rapport SOFI)","millions de No","16.3"
"Coût et abordabilité d’une alimentation saine
 (CoAHD)","Thaïlande","Valeur","Number of people unable to afford a healthy diet (NUA), million","2018","Juillet 2025 (rapport SOFI)","millions de No","16.8"
"Coût et abordabilité d’une alimentation saine
 (CoAHD)","Thaïlande","Valeur","Number of people unable to afford a healthy diet (NUA), million","2019","Juillet 2025 (rapport SOFI)","millions de No","15.3"
"Coût et abordabilité d’une alimentation saine
 (CoAHD)","Thaïlande","Valeur","Number of people unable to afford a healthy diet (NUA), million","2020","Juillet 2025 (rapport SOFI)","millions de No","15.2"
"Coût et abordabilité d’une alimentation saine
 (CoAHD)","Thaïlande","Valeur","Number of people unable to afford a healthy diet (NUA), million","2021","Juillet 2025 (rapport SOFI)","millions de No","14.3"
"Coût et abordabilité d’une alimentation saine
 (CoAHD)","Thaïlande","Valeur","Number of people unable to afford a healthy diet (NUA), million","2022","Juillet 2025 (rapport SOFI)","millions de No","12.9"
"Coût et abordabilité d’une alimentation saine
 (CoAHD)","Thaïlande","Valeur","Number of people unable to afford a healthy diet (NUA), million","2023","Juillet 2025 (rapport SOFI)","millions de No","12.5"
"Coût et abordabilité d’une alimentation saine
 (CoAHD)","Thaïlande","Valeur","Number of people unable to afford a healthy diet (NUA), million","2024","Juillet 2025 (rapport SOFI)","millions de No","12"
"Coût et abordabilité d’une alimentation saine
 (CoAHD)","Togo","Valeur","Cost of animal source foods, LCU per person per day","2021","Juillet 2025 (rapport SOFI)","UML/personne/jour","289.39"
"Coût et abordabilité d’une alimentation saine
 (CoAHD)","Togo","Valeur","Cost of animal source foods, PPP dollar per person per day","2021","Juillet 2025 (rapport SOFI)","Int$ (PPP) per person per day","1.31"
"Coût et abordabilité d’une alimentation saine
 (CoAHD)","Togo","Valeur","Number of people unable to afford a healthy diet (NUA), million","2017","Juillet 2025 (rapport SOFI)","millions de No","5.1"
"Coût et abordabilité d’une alimentation saine
 (CoAHD)","Togo","Valeur","Number of people unable to afford a healthy diet (NUA), million","2018","Juillet 2025 (rapport SOFI)","millions de No","4.6"
"Coût et abordabilité d’une alimentation saine
 (CoAHD)","Togo","Valeur","Number of people unable to afford a healthy diet (NUA), million","2019","Juillet 2025 (rapport SOFI)","millions de No","4.4"
"Coût et abordabilité d’une alimentation saine
 (CoAHD)","Togo","Valeur","Number of people unable to afford a healthy diet (NUA), million","2020","Juillet 2025 (rapport SOFI)","millions de No","4.6"
"Coût et abordabilité d’une alimentation saine
 (CoAHD)","Togo","Valeur","Number of people unable to afford a healthy diet (NUA), million","2021","Juillet 2025 (rapport SOFI)","millions de No","4.9"
"Coût et abordabilité d’une alimentation saine
 (CoAHD)","Togo","Valeur","Number of people unable to afford a healthy diet (NUA), million","2022","Juillet 2025 (rapport SOFI)","millions de No","5.1"
"Coût et abordabilité d’une alimentation saine
 (CoAHD)","Togo","Valeur","Number of people unable to afford a healthy diet (NUA), million","2023","Juillet 2025 (rapport SOFI)","millions de No","5"
"Coût et abordabilité d’une alimentation saine
 (CoAHD)","Togo","Valeur","Number of people unable to afford a healthy diet (NUA), million","2024","Juillet 2025 (rapport SOFI)","millions de No","5.1"
"Coût et abordabilité d’une alimentation saine
 (CoAHD)","Trinité et Tobago","Valeur","Cost of animal source foods, LCU per person per day","2021","Juillet 2025 (rapport SOFI)","UML/personne/jour","3.68"
"Coût et abordabilité d’une alimentation saine
 (CoAHD)","Trinité et Tobago","Valeur","Cost of animal source foods, PPP dollar per person per day","2021","Juillet 2025 (rapport SOFI)","Int$ (PPP) per person per day","0.91"
"Coût et abordabilité d’une alimentation saine
 (CoAHD)","Trinité et Tobago","Valeur","Number of people unable to afford a healthy diet (NUA), million","2017","Juillet 2025 (rapport SOFI)","millions de No","0.5"
"Coût et abordabilité d’une alimentation saine
 (CoAHD)","Trinité et Tobago","Valeur","Number of people unable to afford a healthy diet (NUA), million","2018","Juillet 2025 (rapport SOFI)","millions de No","0.5"
"Coût et abordabilité d’une alimentation saine
 (CoAHD)","Trinité et Tobago","Valeur","Number of people unable to afford a healthy diet (NUA), million","2019","Juillet 2025 (rapport SOFI)","millions de No","0.5"
"Coût et abordabilité d’une alimentation saine
 (CoAHD)","Trinité et Tobago","Valeur","Number of people unable to afford a healthy diet (NUA), million","2020","Juillet 2025 (rapport SOFI)","millions de No","0.6"
"Coût et abordabilité d’une alimentation saine
 (CoAHD)","Trinité et Tobago","Valeur","Number of people unable to afford a healthy diet (NUA), million","2021","Juillet 2025 (rapport SOFI)","millions de No","0.6"
"Coût et abordabilité d’une alimentation saine
 (CoAHD)","Trinité et Tobago","Valeur","Number of people unable to afford a healthy diet (NUA), million","2022","Juillet 2025 (rapport SOFI)","millions de No","0.6"
"Coût et abordabilité d’une alimentation saine
 (CoAHD)","Trinité et Tobago","Valeur","Number of people unable to afford a healthy diet (NUA), million","2023","Juillet 2025 (rapport SOFI)","millions de No","0.6"
"Coût et abordabilité d’une alimentation saine
 (CoAHD)","Trinité et Tobago","Valeur","Number of people unable to afford a healthy diet (NUA), million","2024","Juillet 2025 (rapport SOFI)","millions de No","0.6"
"Coût et abordabilité d’une alimentation saine
 (CoAHD)","Tunisie","Valeur","Cost of animal source foods, LCU per person per day","2021","Juillet 2025 (rapport SOFI)","UML/personne/jour","1"
"Coût et abordabilité d’une alimentation saine
 (CoAHD)","Tunisie","Valeur","Cost of animal source foods, PPP dollar per person per day","2021","Juillet 2025 (rapport SOFI)","Int$ (PPP) per person per day","1.15"
"Coût et abordabilité d’une alimentation saine
 (CoAHD)","Tunisie","Valeur","Number of people unable to afford a healthy diet (NUA), million","2017","Juillet 2025 (rapport SOFI)","millions de No","0.9"
"Coût et abordabilité d’une alimentation saine
 (CoAHD)","Tunisie","Valeur","Number of people unable to afford a healthy diet (NUA), million","2018","Juillet 2025 (rapport SOFI)","millions de No","0.9"
"Coût et abordabilité d’une alimentation saine
 (CoAHD)","Tunisie","Valeur","Number of people unable to afford a healthy diet (NUA), million","2019","Juillet 2025 (rapport SOFI)","millions de No","0.8"
"Coût et abordabilité d’une alimentation saine
 (CoAHD)","Tunisie","Valeur","Number of people unable to afford a healthy diet (NUA), million","2020","Juillet 2025 (rapport SOFI)","millions de No","1"
"Coût et abordabilité d’une alimentation saine
 (CoAHD)","Tunisie","Valeur","Number of people unable to afford a healthy diet (NUA), million","2021","Juillet 2025 (rapport SOFI)","millions de No","0.9"
"Coût et abordabilité d’une alimentation saine
 (CoAHD)","Tunisie","Valeur","Number of people unable to afford a healthy diet (NUA), million","2022","Juillet 2025 (rapport SOFI)","millions de No","0.9"
"Coût et abordabilité d’une alimentation saine
 (CoAHD)","Tunisie","Valeur","Number of people unable to afford a healthy diet (NUA), million","2023","Juillet 2025 (rapport SOFI)","millions de No","1"
"Coût et abordabilité d’une alimentation saine
 (CoAHD)","Tunisie","Valeur","Number of people unable to afford a healthy diet (NUA), million","2024","Juillet 2025 (rapport SOFI)","millions de No","1"
"Coût et abordabilité d’une alimentation saine
 (CoAHD)","Turquie","Valeur","Cost of animal source foods, LCU per person per day","2021","Juillet 2025 (rapport SOFI)","UML/personne/jour","3.48"
"Coût et abordabilité d’une alimentation saine
 (CoAHD)","Turquie","Valeur","Cost of animal source foods, PPP dollar per person per day","2021","Juillet 2025 (rapport SOFI)","Int$ (PPP) per person per day","1.13"
"Coût et abordabilité d’une alimentation saine
 (CoAHD)","Turquie","Valeur","Number of people unable to afford a healthy diet (NUA), million","2017","Juillet 2025 (rapport SOFI)","millions de No","9.7"
"Coût et abordabilité d’une alimentation saine
 (CoAHD)","Turquie","Valeur","Number of people unable to afford a healthy diet (NUA), million","2018","Juillet 2025 (rapport SOFI)","millions de No","10.4"
"Coût et abordabilité d’une alimentation saine
 (CoAHD)","Turquie","Valeur","Number of people unable to afford a healthy diet (NUA), million","2019","Juillet 2025 (rapport SOFI)","millions de No","12.3"
"Coût et abordabilité d’une alimentation saine
 (CoAHD)","Turquie","Valeur","Number of people unable to afford a healthy diet (NUA), million","2020","Juillet 2025 (rapport SOFI)","millions de No","9.8"
"Coût et abordabilité d’une alimentation saine
 (CoAHD)","Turquie","Valeur","Number of people unable to afford a healthy diet (NUA), million","2021","Juillet 2025 (rapport SOFI)","millions de No","8.3"
"Coût et abordabilité d’une alimentation saine
 (CoAHD)","Turquie","Valeur","Number of people unable to afford a healthy diet (NUA), million","2022","Juillet 2025 (rapport SOFI)","millions de No","6"
"Coût et abordabilité d’une alimentation saine
 (CoAHD)","Turquie","Valeur","Number of people unable to afford a healthy diet (NUA), million","2023","Juillet 2025 (rapport SOFI)","millions de No","6.4"
"Coût et abordabilité d’une alimentation saine
 (CoAHD)","Turquie","Valeur","Number of people unable to afford a healthy diet (NUA), million","2024","Juillet 2025 (rapport SOFI)","millions de No","5.8"
"Coût et abordabilité d’une alimentation saine
 (CoAHD)","Uruguay","Valeur","Cost of animal source foods, LCU per person per day","2021","Juillet 2025 (rapport SOFI)","UML/personne/jour","24.38"
"Coût et abordabilité d’une alimentation saine
 (CoAHD)","Uruguay","Valeur","Cost of animal source foods, PPP dollar per person per day","2021","Juillet 2025 (rapport SOFI)","Int$ (PPP) per person per day","0.87"
"Coût et abordabilité d’une alimentation saine
 (CoAHD)","Uruguay","Valeur","Number of people unable to afford a healthy diet (NUA), million","2017","Juillet 2025 (rapport SOFI)","millions de No","1"
"Coût et abordabilité d’une alimentation saine
 (CoAHD)","Uruguay","Valeur","Number of people unable to afford a healthy diet (NUA), million","2018","Juillet 2025 (rapport SOFI)","millions de No","1.1"
"Coût et abordabilité d’une alimentation saine
 (CoAHD)","Uruguay","Valeur","Number of people unable to afford a healthy diet (NUA), million","2019","Juillet 2025 (rapport SOFI)","millions de No","1.1"
"Coût et abordabilité d’une alimentation saine
 (CoAHD)","Uruguay","Valeur","Number of people unable to afford a healthy diet (NUA), million","2020","Juillet 2025 (rapport SOFI)","millions de No","1.3"
"Coût et abordabilité d’une alimentation saine
 (CoAHD)","Uruguay","Valeur","Number of people unable to afford a healthy diet (NUA), million","2021","Juillet 2025 (rapport SOFI)","millions de No","1.3"
"Coût et abordabilité d’une alimentation saine
 (CoAHD)","Uruguay","Valeur","Number of people unable to afford a healthy diet (NUA), million","2022","Juillet 2025 (rapport SOFI)","millions de No","1.2"
"Coût et abordabilité d’une alimentation saine
 (CoAHD)","Uruguay","Valeur","Number of people unable to afford a healthy diet (NUA), million","2023","Juillet 2025 (rapport SOFI)","millions de No","1.2"
"Coût et abordabilité d’une alimentation saine
 (CoAHD)","Uruguay","Valeur","Number of people unable to afford a healthy diet (NUA), million","2024","Juillet 2025 (rapport SOFI)","millions de No","1.2"
"Coût et abordabilité d’une alimentation saine
 (CoAHD)","Viet Nam","Valeur","Cost of animal source foods, LCU per person per day","2021","Juillet 2025 (rapport SOFI)","UML/personne/jour","9793.44"
"Coût et abordabilité d’une alimentation saine
 (CoAHD)","Viet Nam","Valeur","Cost of animal source foods, PPP dollar per person per day","2021","Juillet 2025 (rapport SOFI)","Int$ (PPP) per person per day","1.3"
"Coût et abordabilité d’une alimentation saine
 (CoAHD)","Viet Nam","Valeur","Number of people unable to afford a healthy diet (NUA), million","2017","Juillet 2025 (rapport SOFI)","millions de No","11.5"
"Coût et abordabilité d’une alimentation saine
 (CoAHD)","Viet Nam","Valeur","Number of people unable to afford a healthy diet (NUA), million","2018","Juillet 2025 (rapport SOFI)","millions de No","10.5"
"Coût et abordabilité d’une alimentation saine
 (CoAHD)","Viet Nam","Valeur","Number of people unable to afford a healthy diet (NUA), million","2019","Juillet 2025 (rapport SOFI)","millions de No","9"
"Coût et abordabilité d’une alimentation saine
 (CoAHD)","Viet Nam","Valeur","Number of people unable to afford a healthy diet (NUA), million","2020","Juillet 2025 (rapport SOFI)","millions de No","9.8"
"Coût et abordabilité d’une alimentation saine
 (CoAHD)","Viet Nam","Valeur","Number of people unable to afford a healthy diet (NUA), million","2021","Juillet 2025 (rapport SOFI)","millions de No","10.4"
"Coût et abordabilité d’une alimentation saine
 (CoAHD)","Viet Nam","Valeur","Number of people unable to afford a healthy diet (NUA), million","2022","Juillet 2025 (rapport SOFI)","millions de No","10"
"Coût et abordabilité d’une alimentation saine
 (CoAHD)","Viet Nam","Valeur","Number of people unable to afford a healthy diet (NUA), million","2023","Juillet 2025 (rapport SOFI)","millions de No","9.5"
"Coût et abordabilité d’une alimentation saine
 (CoAHD)","Viet Nam","Valeur","Number of people unable to afford a healthy diet (NUA), million","2024","Juillet 2025 (rapport SOFI)","millions de No","8.9"
"Coût et abordabilité d’une alimentation saine
 (CoAHD)","Zambie","Valeur","Cost of animal source foods, LCU per person per day","2021","Juillet 2025 (rapport SOFI)","UML/personne/jour","6.55"
"Coût et abordabilité d’une alimentation saine
 (CoAHD)","Zambie","Valeur","Cost of animal source foods, PPP dollar per person per day","2021","Juillet 2025 (rapport SOFI)","Int$ (PPP) per person per day","1.06"
"Coût et abordabilité d’une alimentation saine
 (CoAHD)","Zambie","Valeur","Number of people unable to afford a healthy diet (NUA), million","2017","Juillet 2025 (rapport SOFI)","millions de No","13.6"
"Coût et abordabilité d’une alimentation saine
 (CoAHD)","Zambie","Valeur","Number of people unable to afford a healthy diet (NUA), million","2018","Juillet 2025 (rapport SOFI)","millions de No","14"
"Coût et abordabilité d’une alimentation saine
 (CoAHD)","Zambie","Valeur","Number of people unable to afford a healthy diet (NUA), million","2019","Juillet 2025 (rapport SOFI)","millions de No","14.6"
"Coût et abordabilité d’une alimentation saine
 (CoAHD)","Zambie","Valeur","Number of people unable to afford a healthy diet (NUA), million","2020","Juillet 2025 (rapport SOFI)","millions de No","15.3"
"Coût et abordabilité d’une alimentation saine
 (CoAHD)","Zambie","Valeur","Number of people unable to afford a healthy diet (NUA), million","2021","Juillet 2025 (rapport SOFI)","millions de No","15.9"
"Coût et abordabilité d’une alimentation saine
 (CoAHD)","Zambie","Valeur","Number of people unable to afford a healthy diet (NUA), million","2022","Juillet 2025 (rapport SOFI)","millions de No","16.5"
"Coût et abordabilité d’une alimentation saine
 (CoAHD)","Zambie","Valeur","Number of people unable to afford a healthy diet (NUA), million","2023","Juillet 2025 (rapport SOFI)","millions de No","17"
"Coût et abordabilité d’une alimentation saine
 (CoAHD)","Zambie","Valeur","Number of people unable to afford a healthy diet (NUA), million","2024","Juillet 2025 (rapport SOFI)","millions de No","17.5"
"Coût et abordabilité d’une alimentation saine
 (CoAHD)","Zimbabwe","Valeur","Cost of animal source foods, LCU per person per day","2021","Juillet 2025 (rapport SOFI)","UML/personne/jour",""
"Coût et abordabilité d’une alimentation saine
 (CoAHD)","Zimbabwe","Valeur","Cost of animal source foods, PPP dollar per person per day","2021","Juillet 2025 (rapport SOFI)","Int$ (PPP) per person per day",""
"Coût et abordabilité d’une alimentation saine
 (CoAHD)","Zimbabwe","Valeur","Number of people unable to afford a healthy diet (NUA), million","2017","Juillet 2025 (rapport SOFI)","millions de No","11.2"
"Coût et abordabilité d’une alimentation saine
 (CoAHD)","Zimbabwe","Valeur","Number of people unable to afford a healthy diet (NUA), million","2018","Juillet 2025 (rapport SOFI)","millions de No",""
"Coût et abordabilité d’une alimentation saine
 (CoAHD)","Zimbabwe","Valeur","Number of people unable to afford a healthy diet (NUA), million","2019","Juillet 2025 (rapport SOFI)","millions de No",""
"Coût et abordabilité d’une alimentation saine
 (CoAHD)","Zimbabwe","Valeur","Number of people unable to afford a healthy diet (NUA), million","2020","Juillet 2025 (rapport SOFI)","millions de No",""
"Coût et abordabilité d’une alimentation saine
 (CoAHD)","Zimbabwe","Valeur","Number of people unable to afford a healthy diet (NUA), million","2021","Juillet 2025 (rapport SOFI)","millions de No",""
"Coût et abordabilité d’une alimentation saine
 (CoAHD)","Zimbabwe","Valeur","Number of people unable to afford a healthy diet (NUA), million","2022","Juillet 2025 (rapport SOFI)","millions de No",""
"Coût et abordabilité d’une alimentation saine
 (CoAHD)","Zimbabwe","Valeur","Number of people unable to afford a healthy diet (NUA), million","2023","Juillet 2025 (rapport SOFI)","millions de No",""
"Coût et abordabilité d’une alimentation saine
 (CoAHD)","Zimbabwe","Valeur","Number of people unable to afford a healthy diet (NUA), million","2024","Juillet 2025 (rapport SOFI)","millions de No",""
