Domaine,Zone,Élément,Produit,Année,Unité,Valeur
"Compte Disponibilités et Utilisations (CDU) (2010-)","Afghanistan","Importations - quantité","Viande, poulet, fraîche ou réfrigérée","2010","tonnes","38591"
"Compte Disponibilités et Utilisations (CDU) (2010-)","Afghanistan","Importations - quantité","Viande, poulet, fraîche ou réfrigérée","2011","tonnes","51004"
"Compte Disponibilités et Utilisations (CDU) (2010-)","Afghanistan","Importations - quantité","Viande, poulet, fraîche ou réfrigérée","2012","tonnes","21750"
"Compte Disponibilités et Utilisations (CDU) (2010-)","Afghanistan","Importations - quantité","Viande, poulet, fraîche ou réfrigérée","2013","tonnes","48389"
"Compte Disponibilités et Utilisations (CDU) (2010-)","Afghanistan","Importations - quantité","Viande, poulet, fraîche ou réfrigérée","2014","tonnes","42300"
"Compte Disponibilités et Utilisations (CDU) (2010-)","Afghanistan","Importations - quantité","Viande, poulet, fraîche ou réfrigérée","2015","tonnes","41811"
"Compte Disponibilités et Utilisations (CDU) (2010-)","Afghanistan","Importations - quantité","Viande, poulet, fraîche ou réfrigérée","2016","tonnes","35473"
"Compte Disponibilités et Utilisations (CDU) (2010-)","Afghanistan","Importations - quantité","Viande, poulet, fraîche ou réfrigérée","2017","tonnes","28937"
"Compte Disponibilités et Utilisations (CDU) (2010-)","Afghanistan","Importations - quantité","Viande, poulet, fraîche ou réfrigérée","2018","tonnes","23913"
"Compte Disponibilités et Utilisations (CDU) (2010-)","Afghanistan","Importations - quantité","Viande, poulet, fraîche ou réfrigérée","2019","tonnes","42875.43"
"Compte Disponibilités et Utilisations (CDU) (2010-)","Afghanistan","Importations - quantité","Viande, poulet, fraîche ou réfrigérée","2020","tonnes","35617.07"
"Compte Disponibilités et Utilisations (CDU) (2010-)","Afghanistan","Importations - quantité","Viande, poulet, fraîche ou réfrigérée","2021","tonnes","32613.38"
"Compte Disponibilités et Utilisations (CDU) (2010-)","Afghanistan","Importations - quantité","Viande, poulet, fraîche ou réfrigérée","2022","tonnes","6902.31"
"Compte Disponibilités et Utilisations (CDU) (2010-)","Afghanistan","Importations - quantité","Viande, poulet, fraîche ou réfrigérée","2023","tonnes","4811.26"
"Compte Disponibilités et Utilisations (CDU) (2010-)","Afrique du Sud","Importations - quantité","Viande, poulet, fraîche ou réfrigérée","2010","tonnes","219638"
"Compte Disponibilités et Utilisations (CDU) (2010-)","Afrique du Sud","Importations - quantité","Viande, poulet, fraîche ou réfrigérée","2011","tonnes","298560"
"Compte Disponibilités et Utilisations (CDU) (2010-)","Afrique du Sud","Importations - quantité","Viande, poulet, fraîche ou réfrigérée","2012","tonnes","339145"
"Compte Disponibilités et Utilisations (CDU) (2010-)","Afrique du Sud","Importations - quantité","Viande, poulet, fraîche ou réfrigérée","2013","tonnes","319687"
"Compte Disponibilités et Utilisations (CDU) (2010-)","Afrique du Sud","Importations - quantité","Viande, poulet, fraîche ou réfrigérée","2014","tonnes","334717.6"
"Compte Disponibilités et Utilisations (CDU) (2010-)","Afrique du Sud","Importations - quantité","Viande, poulet, fraîche ou réfrigérée","2015","tonnes","317585.42"
"Compte Disponibilités et Utilisations (CDU) (2010-)","Afrique du Sud","Importations - quantité","Viande, poulet, fraîche ou réfrigérée","2016","tonnes","478090.94"
"Compte Disponibilités et Utilisations (CDU) (2010-)","Afrique du Sud","Importations - quantité","Viande, poulet, fraîche ou réfrigérée","2017","tonnes","480345.55"
"Compte Disponibilités et Utilisations (CDU) (2010-)","Afrique du Sud","Importations - quantité","Viande, poulet, fraîche ou réfrigérée","2018","tonnes","487157.1"
"Compte Disponibilités et Utilisations (CDU) (2010-)","Afrique du Sud","Importations - quantité","Viande, poulet, fraîche ou réfrigérée","2019","tonnes","459494.94"
"Compte Disponibilités et Utilisations (CDU) (2010-)","Afrique du Sud","Importations - quantité","Viande, poulet, fraîche ou réfrigérée","2020","tonnes","398923.26"
"Compte Disponibilités et Utilisations (CDU) (2010-)","Afrique du Sud","Importations - quantité","Viande, poulet, fraîche ou réfrigérée","2021","tonnes","345579.16"
"Compte Disponibilités et Utilisations (CDU) (2010-)","Afrique du Sud","Importations - quantité","Viande, poulet, fraîche ou réfrigérée","2022","tonnes","290742.62"
"Compte Disponibilités et Utilisations (CDU) (2010-)","Afrique du Sud","Importations - quantité","Viande, poulet, fraîche ou réfrigérée","2023","tonnes","312852.14"
"Compte Disponibilités et Utilisations (CDU) (2010-)","Albanie","Importations - quantité","Viande, poulet, fraîche ou réfrigérée","2010","tonnes","18668"
"Compte Disponibilités et Utilisations (CDU) (2010-)","Albanie","Importations - quantité","Viande, poulet, fraîche ou réfrigérée","2011","tonnes","22201"
"Compte Disponibilités et Utilisations (CDU) (2010-)","Albanie","Importations - quantité","Viande, poulet, fraîche ou réfrigérée","2012","tonnes","21101"
"Compte Disponibilités et Utilisations (CDU) (2010-)","Albanie","Importations - quantité","Viande, poulet, fraîche ou réfrigérée","2013","tonnes","21813"
"Compte Disponibilités et Utilisations (CDU) (2010-)","Albanie","Importations - quantité","Viande, poulet, fraîche ou réfrigérée","2014","tonnes","21180.91"
"Compte Disponibilités et Utilisations (CDU) (2010-)","Albanie","Importations - quantité","Viande, poulet, fraîche ou réfrigérée","2015","tonnes","21313.85"
"Compte Disponibilités et Utilisations (CDU) (2010-)","Albanie","Importations - quantité","Viande, poulet, fraîche ou réfrigérée","2016","tonnes","24158"
"Compte Disponibilités et Utilisations (CDU) (2010-)","Albanie","Importations - quantité","Viande, poulet, fraîche ou réfrigérée","2017","tonnes","17280"
"Compte Disponibilités et Utilisations (CDU) (2010-)","Albanie","Importations - quantité","Viande, poulet, fraîche ou réfrigérée","2018","tonnes","11587.51"
"Compte Disponibilités et Utilisations (CDU) (2010-)","Albanie","Importations - quantité","Viande, poulet, fraîche ou réfrigérée","2019","tonnes","19304"
"Compte Disponibilités et Utilisations (CDU) (2010-)","Albanie","Importations - quantité","Viande, poulet, fraîche ou réfrigérée","2020","tonnes","23503.19"
"Compte Disponibilités et Utilisations (CDU) (2010-)","Albanie","Importations - quantité","Viande, poulet, fraîche ou réfrigérée","2021","tonnes","21929.5"
"Compte Disponibilités et Utilisations (CDU) (2010-)","Albanie","Importations - quantité","Viande, poulet, fraîche ou réfrigérée","2022","tonnes","43124.46"
"Compte Disponibilités et Utilisations (CDU) (2010-)","Albanie","Importations - quantité","Viande, poulet, fraîche ou réfrigérée","2023","tonnes","47933.76"
"Compte Disponibilités et Utilisations (CDU) (2010-)","Algérie","Importations - quantité","Viande, poulet, fraîche ou réfrigérée","2010","tonnes","0"
"Compte Disponibilités et Utilisations (CDU) (2010-)","Algérie","Importations - quantité","Viande, poulet, fraîche ou réfrigérée","2011","tonnes","0"
"Compte Disponibilités et Utilisations (CDU) (2010-)","Algérie","Importations - quantité","Viande, poulet, fraîche ou réfrigérée","2012","tonnes","1"
"Compte Disponibilités et Utilisations (CDU) (2010-)","Algérie","Importations - quantité","Viande, poulet, fraîche ou réfrigérée","2013","tonnes","0"
"Compte Disponibilités et Utilisations (CDU) (2010-)","Algérie","Importations - quantité","Viande, poulet, fraîche ou réfrigérée","2016","tonnes","0.7"
"Compte Disponibilités et Utilisations (CDU) (2010-)","Algérie","Importations - quantité","Viande, poulet, fraîche ou réfrigérée","2017","tonnes","0.4"
"Compte Disponibilités et Utilisations (CDU) (2010-)","Algérie","Importations - quantité","Viande, poulet, fraîche ou réfrigérée","2018","tonnes","26.74"
"Compte Disponibilités et Utilisations (CDU) (2010-)","Algérie","Importations - quantité","Viande, poulet, fraîche ou réfrigérée","2019","tonnes","0.09"
"Compte Disponibilités et Utilisations (CDU) (2010-)","Algérie","Importations - quantité","Viande, poulet, fraîche ou réfrigérée","2020","tonnes","0.49"
"Compte Disponibilités et Utilisations (CDU) (2010-)","Algérie","Importations - quantité","Viande, poulet, fraîche ou réfrigérée","2021","tonnes","0.4"
"Compte Disponibilités et Utilisations (CDU) (2010-)","Algérie","Importations - quantité","Viande, poulet, fraîche ou réfrigérée","2023","tonnes","28.06"
"Compte Disponibilités et Utilisations (CDU) (2010-)","Allemagne","Importations - quantité","Viande, poulet, fraîche ou réfrigérée","2010","tonnes","299075"
"Compte Disponibilités et Utilisations (CDU) (2010-)","Allemagne","Importations - quantité","Viande, poulet, fraîche ou réfrigérée","2011","tonnes","320551"
"Compte Disponibilités et Utilisations (CDU) (2010-)","Allemagne","Importations - quantité","Viande, poulet, fraîche ou réfrigérée","2012","tonnes","329137"
"Compte Disponibilités et Utilisations (CDU) (2010-)","Allemagne","Importations - quantité","Viande, poulet, fraîche ou réfrigérée","2013","tonnes","343958"
"Compte Disponibilités et Utilisations (CDU) (2010-)","Allemagne","Importations - quantité","Viande, poulet, fraîche ou réfrigérée","2014","tonnes","383239.89"
"Compte Disponibilités et Utilisations (CDU) (2010-)","Allemagne","Importations - quantité","Viande, poulet, fraîche ou réfrigérée","2015","tonnes","402177.61"
"Compte Disponibilités et Utilisations (CDU) (2010-)","Allemagne","Importations - quantité","Viande, poulet, fraîche ou réfrigérée","2016","tonnes","447256.8"
"Compte Disponibilités et Utilisations (CDU) (2010-)","Allemagne","Importations - quantité","Viande, poulet, fraîche ou réfrigérée","2017","tonnes","474950.63"
"Compte Disponibilités et Utilisations (CDU) (2010-)","Allemagne","Importations - quantité","Viande, poulet, fraîche ou réfrigérée","2018","tonnes","496552.41"
"Compte Disponibilités et Utilisations (CDU) (2010-)","Allemagne","Importations - quantité","Viande, poulet, fraîche ou réfrigérée","2019","tonnes","497106.39"
"Compte Disponibilités et Utilisations (CDU) (2010-)","Allemagne","Importations - quantité","Viande, poulet, fraîche ou réfrigérée","2020","tonnes","470860.36"
"Compte Disponibilités et Utilisations (CDU) (2010-)","Allemagne","Importations - quantité","Viande, poulet, fraîche ou réfrigérée","2021","tonnes","475448.52"
"Compte Disponibilités et Utilisations (CDU) (2010-)","Allemagne","Importations - quantité","Viande, poulet, fraîche ou réfrigérée","2022","tonnes","494001.7"
"Compte Disponibilités et Utilisations (CDU) (2010-)","Allemagne","Importations - quantité","Viande, poulet, fraîche ou réfrigérée","2023","tonnes","492941.64"
"Compte Disponibilités et Utilisations (CDU) (2010-)","Angola","Importations - quantité","Viande, poulet, fraîche ou réfrigérée","2010","tonnes","238357"
"Compte Disponibilités et Utilisations (CDU) (2010-)","Angola","Importations - quantité","Viande, poulet, fraîche ou réfrigérée","2011","tonnes","286761"
"Compte Disponibilités et Utilisations (CDU) (2010-)","Angola","Importations - quantité","Viande, poulet, fraîche ou réfrigérée","2012","tonnes","323673"
"Compte Disponibilités et Utilisations (CDU) (2010-)","Angola","Importations - quantité","Viande, poulet, fraîche ou réfrigérée","2013","tonnes","342214"
"Compte Disponibilités et Utilisations (CDU) (2010-)","Angola","Importations - quantité","Viande, poulet, fraîche ou réfrigérée","2014","tonnes","364602.75"
"Compte Disponibilités et Utilisations (CDU) (2010-)","Angola","Importations - quantité","Viande, poulet, fraîche ou réfrigérée","2015","tonnes","220537.84"
"Compte Disponibilités et Utilisations (CDU) (2010-)","Angola","Importations - quantité","Viande, poulet, fraîche ou réfrigérée","2016","tonnes","203908.12"
"Compte Disponibilités et Utilisations (CDU) (2010-)","Angola","Importations - quantité","Viande, poulet, fraîche ou réfrigérée","2017","tonnes","265888.3"
"Compte Disponibilités et Utilisations (CDU) (2010-)","Angola","Importations - quantité","Viande, poulet, fraîche ou réfrigérée","2018","tonnes","322677.63"
"Compte Disponibilités et Utilisations (CDU) (2010-)","Angola","Importations - quantité","Viande, poulet, fraîche ou réfrigérée","2019","tonnes","253768.53"
"Compte Disponibilités et Utilisations (CDU) (2010-)","Angola","Importations - quantité","Viande, poulet, fraîche ou réfrigérée","2020","tonnes","214513.15"
"Compte Disponibilités et Utilisations (CDU) (2010-)","Angola","Importations - quantité","Viande, poulet, fraîche ou réfrigérée","2021","tonnes","240448.8"
"Compte Disponibilités et Utilisations (CDU) (2010-)","Angola","Importations - quantité","Viande, poulet, fraîche ou réfrigérée","2022","tonnes","308122.71"
"Compte Disponibilités et Utilisations (CDU) (2010-)","Angola","Importations - quantité","Viande, poulet, fraîche ou réfrigérée","2023","tonnes","209561.94"
"Compte Disponibilités et Utilisations (CDU) (2010-)","Antigua-et-Barbuda","Importations - quantité","Viande, poulet, fraîche ou réfrigérée","2010","tonnes","7147"
"Compte Disponibilités et Utilisations (CDU) (2010-)","Antigua-et-Barbuda","Importations - quantité","Viande, poulet, fraîche ou réfrigérée","2011","tonnes","5298"
"Compte Disponibilités et Utilisations (CDU) (2010-)","Antigua-et-Barbuda","Importations - quantité","Viande, poulet, fraîche ou réfrigérée","2012","tonnes","7047"
"Compte Disponibilités et Utilisations (CDU) (2010-)","Antigua-et-Barbuda","Importations - quantité","Viande, poulet, fraîche ou réfrigérée","2013","tonnes","5570"
"Compte Disponibilités et Utilisations (CDU) (2010-)","Antigua-et-Barbuda","Importations - quantité","Viande, poulet, fraîche ou réfrigérée","2014","tonnes","5479.78"
"Compte Disponibilités et Utilisations (CDU) (2010-)","Antigua-et-Barbuda","Importations - quantité","Viande, poulet, fraîche ou réfrigérée","2015","tonnes","5878.27"
"Compte Disponibilités et Utilisations (CDU) (2010-)","Antigua-et-Barbuda","Importations - quantité","Viande, poulet, fraîche ou réfrigérée","2016","tonnes","4156.25"
"Compte Disponibilités et Utilisations (CDU) (2010-)","Antigua-et-Barbuda","Importations - quantité","Viande, poulet, fraîche ou réfrigérée","2017","tonnes","6143.69"
"Compte Disponibilités et Utilisations (CDU) (2010-)","Antigua-et-Barbuda","Importations - quantité","Viande, poulet, fraîche ou réfrigérée","2018","tonnes","5943.95"
"Compte Disponibilités et Utilisations (CDU) (2010-)","Antigua-et-Barbuda","Importations - quantité","Viande, poulet, fraîche ou réfrigérée","2019","tonnes","6010.01"
"Compte Disponibilités et Utilisations (CDU) (2010-)","Antigua-et-Barbuda","Importations - quantité","Viande, poulet, fraîche ou réfrigérée","2020","tonnes","5950.08"
"Compte Disponibilités et Utilisations (CDU) (2010-)","Antigua-et-Barbuda","Importations - quantité","Viande, poulet, fraîche ou réfrigérée","2021","tonnes","5724.56"
"Compte Disponibilités et Utilisations (CDU) (2010-)","Antigua-et-Barbuda","Importations - quantité","Viande, poulet, fraîche ou réfrigérée","2022","tonnes","6406.99"
"Compte Disponibilités et Utilisations (CDU) (2010-)","Antigua-et-Barbuda","Importations - quantité","Viande, poulet, fraîche ou réfrigérée","2023","tonnes","6223.52"
"Compte Disponibilités et Utilisations (CDU) (2010-)","Arabie saoudite","Importations - quantité","Viande, poulet, fraîche ou réfrigérée","2010","tonnes","645012"
"Compte Disponibilités et Utilisations (CDU) (2010-)","Arabie saoudite","Importations - quantité","Viande, poulet, fraîche ou réfrigérée","2011","tonnes","737263"
"Compte Disponibilités et Utilisations (CDU) (2010-)","Arabie saoudite","Importations - quantité","Viande, poulet, fraîche ou réfrigérée","2012","tonnes","743338"
"Compte Disponibilités et Utilisations (CDU) (2010-)","Arabie saoudite","Importations - quantité","Viande, poulet, fraîche ou réfrigérée","2013","tonnes","830559"
"Compte Disponibilités et Utilisations (CDU) (2010-)","Arabie saoudite","Importations - quantité","Viande, poulet, fraîche ou réfrigérée","2014","tonnes","721120"
"Compte Disponibilités et Utilisations (CDU) (2010-)","Arabie saoudite","Importations - quantité","Viande, poulet, fraîche ou réfrigérée","2015","tonnes","843509"
"Compte Disponibilités et Utilisations (CDU) (2010-)","Arabie saoudite","Importations - quantité","Viande, poulet, fraîche ou réfrigérée","2016","tonnes","860864"
"Compte Disponibilités et Utilisations (CDU) (2010-)","Arabie saoudite","Importations - quantité","Viande, poulet, fraîche ou réfrigérée","2017","tonnes","730959.6"
"Compte Disponibilités et Utilisations (CDU) (2010-)","Arabie saoudite","Importations - quantité","Viande, poulet, fraîche ou réfrigérée","2018","tonnes","621588.78"
"Compte Disponibilités et Utilisations (CDU) (2010-)","Arabie saoudite","Importations - quantité","Viande, poulet, fraîche ou réfrigérée","2019","tonnes","635651.52"
"Compte Disponibilités et Utilisations (CDU) (2010-)","Arabie saoudite","Importations - quantité","Viande, poulet, fraîche ou réfrigérée","2020","tonnes","617401.57"
"Compte Disponibilités et Utilisations (CDU) (2010-)","Arabie saoudite","Importations - quantité","Viande, poulet, fraîche ou réfrigérée","2021","tonnes","597975.48"
"Compte Disponibilités et Utilisations (CDU) (2010-)","Arabie saoudite","Importations - quantité","Viande, poulet, fraîche ou réfrigérée","2022","tonnes","513726.19"
"Compte Disponibilités et Utilisations (CDU) (2010-)","Arabie saoudite","Importations - quantité","Viande, poulet, fraîche ou réfrigérée","2023","tonnes","424275.1"
"Compte Disponibilités et Utilisations (CDU) (2010-)","Argentine","Importations - quantité","Viande, poulet, fraîche ou réfrigérée","2010","tonnes","7506"
"Compte Disponibilités et Utilisations (CDU) (2010-)","Argentine","Importations - quantité","Viande, poulet, fraîche ou réfrigérée","2011","tonnes","8711"
"Compte Disponibilités et Utilisations (CDU) (2010-)","Argentine","Importations - quantité","Viande, poulet, fraîche ou réfrigérée","2012","tonnes","2533"
"Compte Disponibilités et Utilisations (CDU) (2010-)","Argentine","Importations - quantité","Viande, poulet, fraîche ou réfrigérée","2013","tonnes","2176"
"Compte Disponibilités et Utilisations (CDU) (2010-)","Argentine","Importations - quantité","Viande, poulet, fraîche ou réfrigérée","2014","tonnes","666.37"
"Compte Disponibilités et Utilisations (CDU) (2010-)","Argentine","Importations - quantité","Viande, poulet, fraîche ou réfrigérée","2015","tonnes","666"
"Compte Disponibilités et Utilisations (CDU) (2010-)","Argentine","Importations - quantité","Viande, poulet, fraîche ou réfrigérée","2016","tonnes","5832.32"
"Compte Disponibilités et Utilisations (CDU) (2010-)","Argentine","Importations - quantité","Viande, poulet, fraîche ou réfrigérée","2017","tonnes","2097.23"
"Compte Disponibilités et Utilisations (CDU) (2010-)","Argentine","Importations - quantité","Viande, poulet, fraîche ou réfrigérée","2018","tonnes","6623.56"
"Compte Disponibilités et Utilisations (CDU) (2010-)","Argentine","Importations - quantité","Viande, poulet, fraîche ou réfrigérée","2019","tonnes","5088.79"
"Compte Disponibilités et Utilisations (CDU) (2010-)","Argentine","Importations - quantité","Viande, poulet, fraîche ou réfrigérée","2020","tonnes","5418.11"
"Compte Disponibilités et Utilisations (CDU) (2010-)","Argentine","Importations - quantité","Viande, poulet, fraîche ou réfrigérée","2021","tonnes","6856.16"
"Compte Disponibilités et Utilisations (CDU) (2010-)","Argentine","Importations - quantité","Viande, poulet, fraîche ou réfrigérée","2022","tonnes","10218.32"
"Compte Disponibilités et Utilisations (CDU) (2010-)","Argentine","Importations - quantité","Viande, poulet, fraîche ou réfrigérée","2023","tonnes","1860.92"
"Compte Disponibilités et Utilisations (CDU) (2010-)","Arménie","Importations - quantité","Viande, poulet, fraîche ou réfrigérée","2010","tonnes","35475"
"Compte Disponibilités et Utilisations (CDU) (2010-)","Arménie","Importations - quantité","Viande, poulet, fraîche ou réfrigérée","2011","tonnes","37257"
"Compte Disponibilités et Utilisations (CDU) (2010-)","Arménie","Importations - quantité","Viande, poulet, fraîche ou réfrigérée","2012","tonnes","32495"
"Compte Disponibilités et Utilisations (CDU) (2010-)","Arménie","Importations - quantité","Viande, poulet, fraîche ou réfrigérée","2013","tonnes","31080"
"Compte Disponibilités et Utilisations (CDU) (2010-)","Arménie","Importations - quantité","Viande, poulet, fraîche ou réfrigérée","2014","tonnes","31366"
"Compte Disponibilités et Utilisations (CDU) (2010-)","Arménie","Importations - quantité","Viande, poulet, fraîche ou réfrigérée","2015","tonnes","31779.65"
"Compte Disponibilités et Utilisations (CDU) (2010-)","Arménie","Importations - quantité","Viande, poulet, fraîche ou réfrigérée","2016","tonnes","22718"
"Compte Disponibilités et Utilisations (CDU) (2010-)","Arménie","Importations - quantité","Viande, poulet, fraîche ou réfrigérée","2017","tonnes","34419.23"
"Compte Disponibilités et Utilisations (CDU) (2010-)","Arménie","Importations - quantité","Viande, poulet, fraîche ou réfrigérée","2018","tonnes","32212.25"
"Compte Disponibilités et Utilisations (CDU) (2010-)","Arménie","Importations - quantité","Viande, poulet, fraîche ou réfrigérée","2019","tonnes","42384.6"
"Compte Disponibilités et Utilisations (CDU) (2010-)","Arménie","Importations - quantité","Viande, poulet, fraîche ou réfrigérée","2020","tonnes","32183.53"
"Compte Disponibilités et Utilisations (CDU) (2010-)","Arménie","Importations - quantité","Viande, poulet, fraîche ou réfrigérée","2021","tonnes","37733.64"
"Compte Disponibilités et Utilisations (CDU) (2010-)","Arménie","Importations - quantité","Viande, poulet, fraîche ou réfrigérée","2022","tonnes","37595.23"
"Compte Disponibilités et Utilisations (CDU) (2010-)","Arménie","Importations - quantité","Viande, poulet, fraîche ou réfrigérée","2023","tonnes","38240.73"
"Compte Disponibilités et Utilisations (CDU) (2010-)","Australie","Importations - quantité","Viande, poulet, fraîche ou réfrigérée","2010","tonnes","1837"
"Compte Disponibilités et Utilisations (CDU) (2010-)","Australie","Importations - quantité","Viande, poulet, fraîche ou réfrigérée","2011","tonnes","2113"
"Compte Disponibilités et Utilisations (CDU) (2010-)","Australie","Importations - quantité","Viande, poulet, fraîche ou réfrigérée","2012","tonnes","5126"
"Compte Disponibilités et Utilisations (CDU) (2010-)","Australie","Importations - quantité","Viande, poulet, fraîche ou réfrigérée","2013","tonnes","6211"
"Compte Disponibilités et Utilisations (CDU) (2010-)","Australie","Importations - quantité","Viande, poulet, fraîche ou réfrigérée","2014","tonnes","7393"
"Compte Disponibilités et Utilisations (CDU) (2010-)","Australie","Importations - quantité","Viande, poulet, fraîche ou réfrigérée","2015","tonnes","7654"
"Compte Disponibilités et Utilisations (CDU) (2010-)","Australie","Importations - quantité","Viande, poulet, fraîche ou réfrigérée","2016","tonnes","5396"
"Compte Disponibilités et Utilisations (CDU) (2010-)","Australie","Importations - quantité","Viande, poulet, fraîche ou réfrigérée","2017","tonnes","3043"
"Compte Disponibilités et Utilisations (CDU) (2010-)","Australie","Importations - quantité","Viande, poulet, fraîche ou réfrigérée","2018","tonnes","5137"
"Compte Disponibilités et Utilisations (CDU) (2010-)","Australie","Importations - quantité","Viande, poulet, fraîche ou réfrigérée","2019","tonnes","1861.6"
"Compte Disponibilités et Utilisations (CDU) (2010-)","Australie","Importations - quantité","Viande, poulet, fraîche ou réfrigérée","2020","tonnes","452.42"
"Compte Disponibilités et Utilisations (CDU) (2010-)","Australie","Importations - quantité","Viande, poulet, fraîche ou réfrigérée","2021","tonnes","263.1"
"Compte Disponibilités et Utilisations (CDU) (2010-)","Australie","Importations - quantité","Viande, poulet, fraîche ou réfrigérée","2022","tonnes","83.08"
"Compte Disponibilités et Utilisations (CDU) (2010-)","Australie","Importations - quantité","Viande, poulet, fraîche ou réfrigérée","2023","tonnes","194.34"
"Compte Disponibilités et Utilisations (CDU) (2010-)","Autriche","Importations - quantité","Viande, poulet, fraîche ou réfrigérée","2010","tonnes","37873"
"Compte Disponibilités et Utilisations (CDU) (2010-)","Autriche","Importations - quantité","Viande, poulet, fraîche ou réfrigérée","2011","tonnes","35018"
"Compte Disponibilités et Utilisations (CDU) (2010-)","Autriche","Importations - quantité","Viande, poulet, fraîche ou réfrigérée","2012","tonnes","39893"
"Compte Disponibilités et Utilisations (CDU) (2010-)","Autriche","Importations - quantité","Viande, poulet, fraîche ou réfrigérée","2013","tonnes","40627"
"Compte Disponibilités et Utilisations (CDU) (2010-)","Autriche","Importations - quantité","Viande, poulet, fraîche ou réfrigérée","2014","tonnes","43118.84"
"Compte Disponibilités et Utilisations (CDU) (2010-)","Autriche","Importations - quantité","Viande, poulet, fraîche ou réfrigérée","2015","tonnes","42608.53"
"Compte Disponibilités et Utilisations (CDU) (2010-)","Autriche","Importations - quantité","Viande, poulet, fraîche ou réfrigérée","2016","tonnes","47701.76"
"Compte Disponibilités et Utilisations (CDU) (2010-)","Autriche","Importations - quantité","Viande, poulet, fraîche ou réfrigérée","2017","tonnes","45021.85"
"Compte Disponibilités et Utilisations (CDU) (2010-)","Autriche","Importations - quantité","Viande, poulet, fraîche ou réfrigérée","2018","tonnes","47127.08"
"Compte Disponibilités et Utilisations (CDU) (2010-)","Autriche","Importations - quantité","Viande, poulet, fraîche ou réfrigérée","2019","tonnes","49650.22"
"Compte Disponibilités et Utilisations (CDU) (2010-)","Autriche","Importations - quantité","Viande, poulet, fraîche ou réfrigérée","2020","tonnes","42215.28"
"Compte Disponibilités et Utilisations (CDU) (2010-)","Autriche","Importations - quantité","Viande, poulet, fraîche ou réfrigérée","2021","tonnes","48124.41"
"Compte Disponibilités et Utilisations (CDU) (2010-)","Autriche","Importations - quantité","Viande, poulet, fraîche ou réfrigérée","2022","tonnes","57009.49"
"Compte Disponibilités et Utilisations (CDU) (2010-)","Autriche","Importations - quantité","Viande, poulet, fraîche ou réfrigérée","2023","tonnes","56823.68"
"Compte Disponibilités et Utilisations (CDU) (2010-)","Azerbaïdjan","Importations - quantité","Viande, poulet, fraîche ou réfrigérée","2010","tonnes","12776"
"Compte Disponibilités et Utilisations (CDU) (2010-)","Azerbaïdjan","Importations - quantité","Viande, poulet, fraîche ou réfrigérée","2011","tonnes","15047"
"Compte Disponibilités et Utilisations (CDU) (2010-)","Azerbaïdjan","Importations - quantité","Viande, poulet, fraîche ou réfrigérée","2012","tonnes","10076"
"Compte Disponibilités et Utilisations (CDU) (2010-)","Azerbaïdjan","Importations - quantité","Viande, poulet, fraîche ou réfrigérée","2013","tonnes","2511"
"Compte Disponibilités et Utilisations (CDU) (2010-)","Azerbaïdjan","Importations - quantité","Viande, poulet, fraîche ou réfrigérée","2014","tonnes","9122.17"
"Compte Disponibilités et Utilisations (CDU) (2010-)","Azerbaïdjan","Importations - quantité","Viande, poulet, fraîche ou réfrigérée","2015","tonnes","16374.15"
"Compte Disponibilités et Utilisations (CDU) (2010-)","Azerbaïdjan","Importations - quantité","Viande, poulet, fraîche ou réfrigérée","2016","tonnes","19087.33"
"Compte Disponibilités et Utilisations (CDU) (2010-)","Azerbaïdjan","Importations - quantité","Viande, poulet, fraîche ou réfrigérée","2017","tonnes","23717.45"
"Compte Disponibilités et Utilisations (CDU) (2010-)","Azerbaïdjan","Importations - quantité","Viande, poulet, fraîche ou réfrigérée","2018","tonnes","28238.8"
"Compte Disponibilités et Utilisations (CDU) (2010-)","Azerbaïdjan","Importations - quantité","Viande, poulet, fraîche ou réfrigérée","2019","tonnes","31159.68"
"Compte Disponibilités et Utilisations (CDU) (2010-)","Azerbaïdjan","Importations - quantité","Viande, poulet, fraîche ou réfrigérée","2020","tonnes","24367.09"
"Compte Disponibilités et Utilisations (CDU) (2010-)","Azerbaïdjan","Importations - quantité","Viande, poulet, fraîche ou réfrigérée","2021","tonnes","27808.18"
"Compte Disponibilités et Utilisations (CDU) (2010-)","Azerbaïdjan","Importations - quantité","Viande, poulet, fraîche ou réfrigérée","2022","tonnes","32384.83"
"Compte Disponibilités et Utilisations (CDU) (2010-)","Azerbaïdjan","Importations - quantité","Viande, poulet, fraîche ou réfrigérée","2023","tonnes","25822.73"
"Compte Disponibilités et Utilisations (CDU) (2010-)","Bahamas","Importations - quantité","Viande, poulet, fraîche ou réfrigérée","2010","tonnes","12382"
"Compte Disponibilités et Utilisations (CDU) (2010-)","Bahamas","Importations - quantité","Viande, poulet, fraîche ou réfrigérée","2011","tonnes","15921"
"Compte Disponibilités et Utilisations (CDU) (2010-)","Bahamas","Importations - quantité","Viande, poulet, fraîche ou réfrigérée","2012","tonnes","12469"
"Compte Disponibilités et Utilisations (CDU) (2010-)","Bahamas","Importations - quantité","Viande, poulet, fraîche ou réfrigérée","2013","tonnes","12620"
"Compte Disponibilités et Utilisations (CDU) (2010-)","Bahamas","Importations - quantité","Viande, poulet, fraîche ou réfrigérée","2014","tonnes","7246.91"
"Compte Disponibilités et Utilisations (CDU) (2010-)","Bahamas","Importations - quantité","Viande, poulet, fraîche ou réfrigérée","2015","tonnes","8342.86"
"Compte Disponibilités et Utilisations (CDU) (2010-)","Bahamas","Importations - quantité","Viande, poulet, fraîche ou réfrigérée","2016","tonnes","20128.46"
"Compte Disponibilités et Utilisations (CDU) (2010-)","Bahamas","Importations - quantité","Viande, poulet, fraîche ou réfrigérée","2017","tonnes","20762.29"
"Compte Disponibilités et Utilisations (CDU) (2010-)","Bahamas","Importations - quantité","Viande, poulet, fraîche ou réfrigérée","2018","tonnes","19536.34"
"Compte Disponibilités et Utilisations (CDU) (2010-)","Bahamas","Importations - quantité","Viande, poulet, fraîche ou réfrigérée","2019","tonnes","20534.71"
"Compte Disponibilités et Utilisations (CDU) (2010-)","Bahamas","Importations - quantité","Viande, poulet, fraîche ou réfrigérée","2020","tonnes","28043"
"Compte Disponibilités et Utilisations (CDU) (2010-)","Bahamas","Importations - quantité","Viande, poulet, fraîche ou réfrigérée","2021","tonnes","21486.48"
"Compte Disponibilités et Utilisations (CDU) (2010-)","Bahamas","Importations - quantité","Viande, poulet, fraîche ou réfrigérée","2022","tonnes","17570.61"
"Compte Disponibilités et Utilisations (CDU) (2010-)","Bahamas","Importations - quantité","Viande, poulet, fraîche ou réfrigérée","2023","tonnes","17811.15"
"Compte Disponibilités et Utilisations (CDU) (2010-)","Bahreïn","Importations - quantité","Viande, poulet, fraîche ou réfrigérée","2019","tonnes","57049.79"
"Compte Disponibilités et Utilisations (CDU) (2010-)","Bahreïn","Importations - quantité","Viande, poulet, fraîche ou réfrigérée","2020","tonnes","62970.01"
"Compte Disponibilités et Utilisations (CDU) (2010-)","Bahreïn","Importations - quantité","Viande, poulet, fraîche ou réfrigérée","2021","tonnes","51032.5"
"Compte Disponibilités et Utilisations (CDU) (2010-)","Bahreïn","Importations - quantité","Viande, poulet, fraîche ou réfrigérée","2022","tonnes","56135.26"
"Compte Disponibilités et Utilisations (CDU) (2010-)","Bahreïn","Importations - quantité","Viande, poulet, fraîche ou réfrigérée","2023","tonnes","48725.17"
"Compte Disponibilités et Utilisations (CDU) (2010-)","Bangladesh","Importations - quantité","Viande, poulet, fraîche ou réfrigérée","2010","tonnes","0"
"Compte Disponibilités et Utilisations (CDU) (2010-)","Bangladesh","Importations - quantité","Viande, poulet, fraîche ou réfrigérée","2011","tonnes","0"
"Compte Disponibilités et Utilisations (CDU) (2010-)","Bangladesh","Importations - quantité","Viande, poulet, fraîche ou réfrigérée","2012","tonnes","0"
"Compte Disponibilités et Utilisations (CDU) (2010-)","Bangladesh","Importations - quantité","Viande, poulet, fraîche ou réfrigérée","2013","tonnes","0"
"Compte Disponibilités et Utilisations (CDU) (2010-)","Bangladesh","Importations - quantité","Viande, poulet, fraîche ou réfrigérée","2014","tonnes","24.09"
"Compte Disponibilités et Utilisations (CDU) (2010-)","Bangladesh","Importations - quantité","Viande, poulet, fraîche ou réfrigérée","2015","tonnes","18.61"
"Compte Disponibilités et Utilisations (CDU) (2010-)","Bangladesh","Importations - quantité","Viande, poulet, fraîche ou réfrigérée","2016","tonnes","124.93"
"Compte Disponibilités et Utilisations (CDU) (2010-)","Bangladesh","Importations - quantité","Viande, poulet, fraîche ou réfrigérée","2017","tonnes","167.41"
"Compte Disponibilités et Utilisations (CDU) (2010-)","Bangladesh","Importations - quantité","Viande, poulet, fraîche ou réfrigérée","2018","tonnes","220.95"
"Compte Disponibilités et Utilisations (CDU) (2010-)","Bangladesh","Importations - quantité","Viande, poulet, fraîche ou réfrigérée","2019","tonnes","29.44"
"Compte Disponibilités et Utilisations (CDU) (2010-)","Bangladesh","Importations - quantité","Viande, poulet, fraîche ou réfrigérée","2020","tonnes","1.37"
"Compte Disponibilités et Utilisations (CDU) (2010-)","Bangladesh","Importations - quantité","Viande, poulet, fraîche ou réfrigérée","2021","tonnes","7.38"
"Compte Disponibilités et Utilisations (CDU) (2010-)","Bangladesh","Importations - quantité","Viande, poulet, fraîche ou réfrigérée","2022","tonnes","8.12"
"Compte Disponibilités et Utilisations (CDU) (2010-)","Bangladesh","Importations - quantité","Viande, poulet, fraîche ou réfrigérée","2023","tonnes","47.06"
"Compte Disponibilités et Utilisations (CDU) (2010-)","Barbade","Importations - quantité","Viande, poulet, fraîche ou réfrigérée","2010","tonnes","110"
"Compte Disponibilités et Utilisations (CDU) (2010-)","Barbade","Importations - quantité","Viande, poulet, fraîche ou réfrigérée","2011","tonnes","96"
"Compte Disponibilités et Utilisations (CDU) (2010-)","Barbade","Importations - quantité","Viande, poulet, fraîche ou réfrigérée","2012","tonnes","39"
"Compte Disponibilités et Utilisations (CDU) (2010-)","Barbade","Importations - quantité","Viande, poulet, fraîche ou réfrigérée","2013","tonnes","28"
"Compte Disponibilités et Utilisations (CDU) (2010-)","Barbade","Importations - quantité","Viande, poulet, fraîche ou réfrigérée","2014","tonnes","67.58"
"Compte Disponibilités et Utilisations (CDU) (2010-)","Barbade","Importations - quantité","Viande, poulet, fraîche ou réfrigérée","2015","tonnes","122.27"
"Compte Disponibilités et Utilisations (CDU) (2010-)","Barbade","Importations - quantité","Viande, poulet, fraîche ou réfrigérée","2016","tonnes","574.54"
"Compte Disponibilités et Utilisations (CDU) (2010-)","Barbade","Importations - quantité","Viande, poulet, fraîche ou réfrigérée","2017","tonnes","562.47"
"Compte Disponibilités et Utilisations (CDU) (2010-)","Barbade","Importations - quantité","Viande, poulet, fraîche ou réfrigérée","2018","tonnes","911.43"
"Compte Disponibilités et Utilisations (CDU) (2010-)","Barbade","Importations - quantité","Viande, poulet, fraîche ou réfrigérée","2019","tonnes","1030.52"
"Compte Disponibilités et Utilisations (CDU) (2010-)","Barbade","Importations - quantité","Viande, poulet, fraîche ou réfrigérée","2020","tonnes","1038.08"
"Compte Disponibilités et Utilisations (CDU) (2010-)","Barbade","Importations - quantité","Viande, poulet, fraîche ou réfrigérée","2021","tonnes","334.04"
"Compte Disponibilités et Utilisations (CDU) (2010-)","Barbade","Importations - quantité","Viande, poulet, fraîche ou réfrigérée","2022","tonnes","956.7"
"Compte Disponibilités et Utilisations (CDU) (2010-)","Barbade","Importations - quantité","Viande, poulet, fraîche ou réfrigérée","2023","tonnes","694.11"
"Compte Disponibilités et Utilisations (CDU) (2010-)","Bélarus","Importations - quantité","Viande, poulet, fraîche ou réfrigérée","2010","tonnes","6728"
"Compte Disponibilités et Utilisations (CDU) (2010-)","Bélarus","Importations - quantité","Viande, poulet, fraîche ou réfrigérée","2011","tonnes","11356"
"Compte Disponibilités et Utilisations (CDU) (2010-)","Bélarus","Importations - quantité","Viande, poulet, fraîche ou réfrigérée","2012","tonnes","16946"
"Compte Disponibilités et Utilisations (CDU) (2010-)","Bélarus","Importations - quantité","Viande, poulet, fraîche ou réfrigérée","2013","tonnes","11818"
"Compte Disponibilités et Utilisations (CDU) (2010-)","Bélarus","Importations - quantité","Viande, poulet, fraîche ou réfrigérée","2014","tonnes","28381.5"
"Compte Disponibilités et Utilisations (CDU) (2010-)","Bélarus","Importations - quantité","Viande, poulet, fraîche ou réfrigérée","2015","tonnes","16579.95"
"Compte Disponibilités et Utilisations (CDU) (2010-)","Bélarus","Importations - quantité","Viande, poulet, fraîche ou réfrigérée","2016","tonnes","17235.61"
"Compte Disponibilités et Utilisations (CDU) (2010-)","Bélarus","Importations - quantité","Viande, poulet, fraîche ou réfrigérée","2017","tonnes","17840.21"
"Compte Disponibilités et Utilisations (CDU) (2010-)","Bélarus","Importations - quantité","Viande, poulet, fraîche ou réfrigérée","2018","tonnes","7026.67"
"Compte Disponibilités et Utilisations (CDU) (2010-)","Bélarus","Importations - quantité","Viande, poulet, fraîche ou réfrigérée","2019","tonnes","6716.95"
"Compte Disponibilités et Utilisations (CDU) (2010-)","Bélarus","Importations - quantité","Viande, poulet, fraîche ou réfrigérée","2020","tonnes","19637.68"
"Compte Disponibilités et Utilisations (CDU) (2010-)","Bélarus","Importations - quantité","Viande, poulet, fraîche ou réfrigérée","2021","tonnes","28061.78"
"Compte Disponibilités et Utilisations (CDU) (2010-)","Bélarus","Importations - quantité","Viande, poulet, fraîche ou réfrigérée","2022","tonnes","16337.76"
"Compte Disponibilités et Utilisations (CDU) (2010-)","Bélarus","Importations - quantité","Viande, poulet, fraîche ou réfrigérée","2023","tonnes","26672.13"
"Compte Disponibilités et Utilisations (CDU) (2010-)","Belgique","Importations - quantité","Viande, poulet, fraîche ou réfrigérée","2010","tonnes","105214"
"Compte Disponibilités et Utilisations (CDU) (2010-)","Belgique","Importations - quantité","Viande, poulet, fraîche ou réfrigérée","2011","tonnes","132240"
"Compte Disponibilités et Utilisations (CDU) (2010-)","Belgique","Importations - quantité","Viande, poulet, fraîche ou réfrigérée","2012","tonnes","150088"
"Compte Disponibilités et Utilisations (CDU) (2010-)","Belgique","Importations - quantité","Viande, poulet, fraîche ou réfrigérée","2013","tonnes","151787"
"Compte Disponibilités et Utilisations (CDU) (2010-)","Belgique","Importations - quantité","Viande, poulet, fraîche ou réfrigérée","2014","tonnes","159926.95"
"Compte Disponibilités et Utilisations (CDU) (2010-)","Belgique","Importations - quantité","Viande, poulet, fraîche ou réfrigérée","2015","tonnes","175630.54"
"Compte Disponibilités et Utilisations (CDU) (2010-)","Belgique","Importations - quantité","Viande, poulet, fraîche ou réfrigérée","2016","tonnes","150633.18"
"Compte Disponibilités et Utilisations (CDU) (2010-)","Belgique","Importations - quantité","Viande, poulet, fraîche ou réfrigérée","2017","tonnes","212149.49"
"Compte Disponibilités et Utilisations (CDU) (2010-)","Belgique","Importations - quantité","Viande, poulet, fraîche ou réfrigérée","2018","tonnes","208578.74"
"Compte Disponibilités et Utilisations (CDU) (2010-)","Belgique","Importations - quantité","Viande, poulet, fraîche ou réfrigérée","2019","tonnes","219622.99"
"Compte Disponibilités et Utilisations (CDU) (2010-)","Belgique","Importations - quantité","Viande, poulet, fraîche ou réfrigérée","2020","tonnes","204128.5"
"Compte Disponibilités et Utilisations (CDU) (2010-)","Belgique","Importations - quantité","Viande, poulet, fraîche ou réfrigérée","2021","tonnes","213644.02"
"Compte Disponibilités et Utilisations (CDU) (2010-)","Belgique","Importations - quantité","Viande, poulet, fraîche ou réfrigérée","2022","tonnes","207627.42"
"Compte Disponibilités et Utilisations (CDU) (2010-)","Belgique","Importations - quantité","Viande, poulet, fraîche ou réfrigérée","2023","tonnes","183003.22"
"Compte Disponibilités et Utilisations (CDU) (2010-)","Belize","Importations - quantité","Viande, poulet, fraîche ou réfrigérée","2010","tonnes","0"
"Compte Disponibilités et Utilisations (CDU) (2010-)","Belize","Importations - quantité","Viande, poulet, fraîche ou réfrigérée","2011","tonnes","0"
"Compte Disponibilités et Utilisations (CDU) (2010-)","Belize","Importations - quantité","Viande, poulet, fraîche ou réfrigérée","2012","tonnes","0"
"Compte Disponibilités et Utilisations (CDU) (2010-)","Belize","Importations - quantité","Viande, poulet, fraîche ou réfrigérée","2013","tonnes","1"
"Compte Disponibilités et Utilisations (CDU) (2010-)","Belize","Importations - quantité","Viande, poulet, fraîche ou réfrigérée","2014","tonnes","1"
"Compte Disponibilités et Utilisations (CDU) (2010-)","Belize","Importations - quantité","Viande, poulet, fraîche ou réfrigérée","2015","tonnes","3"
"Compte Disponibilités et Utilisations (CDU) (2010-)","Belize","Importations - quantité","Viande, poulet, fraîche ou réfrigérée","2016","tonnes","1"
"Compte Disponibilités et Utilisations (CDU) (2010-)","Belize","Importations - quantité","Viande, poulet, fraîche ou réfrigérée","2017","tonnes","3"
"Compte Disponibilités et Utilisations (CDU) (2010-)","Belize","Importations - quantité","Viande, poulet, fraîche ou réfrigérée","2018","tonnes","6.9"
"Compte Disponibilités et Utilisations (CDU) (2010-)","Belize","Importations - quantité","Viande, poulet, fraîche ou réfrigérée","2019","tonnes","28.26"
"Compte Disponibilités et Utilisations (CDU) (2010-)","Belize","Importations - quantité","Viande, poulet, fraîche ou réfrigérée","2020","tonnes","33.16"
"Compte Disponibilités et Utilisations (CDU) (2010-)","Belize","Importations - quantité","Viande, poulet, fraîche ou réfrigérée","2021","tonnes","19.53"
"Compte Disponibilités et Utilisations (CDU) (2010-)","Belize","Importations - quantité","Viande, poulet, fraîche ou réfrigérée","2022","tonnes","0.85"
"Compte Disponibilités et Utilisations (CDU) (2010-)","Belize","Importations - quantité","Viande, poulet, fraîche ou réfrigérée","2023","tonnes","37"
"Compte Disponibilités et Utilisations (CDU) (2010-)","Bhoutan","Importations - quantité","Viande, poulet, fraîche ou réfrigérée","2019","tonnes","1373.91"
"Compte Disponibilités et Utilisations (CDU) (2010-)","Bhoutan","Importations - quantité","Viande, poulet, fraîche ou réfrigérée","2020","tonnes","1108.82"
"Compte Disponibilités et Utilisations (CDU) (2010-)","Bhoutan","Importations - quantité","Viande, poulet, fraîche ou réfrigérée","2021","tonnes","1980.11"
"Compte Disponibilités et Utilisations (CDU) (2010-)","Bhoutan","Importations - quantité","Viande, poulet, fraîche ou réfrigérée","2022","tonnes","2819.52"
"Compte Disponibilités et Utilisations (CDU) (2010-)","Bhoutan","Importations - quantité","Viande, poulet, fraîche ou réfrigérée","2023","tonnes","2696.4"
"Compte Disponibilités et Utilisations (CDU) (2010-)","Bolivie (État plurinational de)","Importations - quantité","Viande, poulet, fraîche ou réfrigérée","2010","tonnes","102"
"Compte Disponibilités et Utilisations (CDU) (2010-)","Bolivie (État plurinational de)","Importations - quantité","Viande, poulet, fraîche ou réfrigérée","2011","tonnes","180"
"Compte Disponibilités et Utilisations (CDU) (2010-)","Bolivie (État plurinational de)","Importations - quantité","Viande, poulet, fraîche ou réfrigérée","2012","tonnes","293"
"Compte Disponibilités et Utilisations (CDU) (2010-)","Bolivie (État plurinational de)","Importations - quantité","Viande, poulet, fraîche ou réfrigérée","2013","tonnes","492"
"Compte Disponibilités et Utilisations (CDU) (2010-)","Bolivie (État plurinational de)","Importations - quantité","Viande, poulet, fraîche ou réfrigérée","2014","tonnes","531.17"
"Compte Disponibilités et Utilisations (CDU) (2010-)","Bolivie (État plurinational de)","Importations - quantité","Viande, poulet, fraîche ou réfrigérée","2015","tonnes","1789.76"
"Compte Disponibilités et Utilisations (CDU) (2010-)","Bolivie (État plurinational de)","Importations - quantité","Viande, poulet, fraîche ou réfrigérée","2016","tonnes","1231.84"
"Compte Disponibilités et Utilisations (CDU) (2010-)","Bolivie (État plurinational de)","Importations - quantité","Viande, poulet, fraîche ou réfrigérée","2017","tonnes","690.09"
"Compte Disponibilités et Utilisations (CDU) (2010-)","Bolivie (État plurinational de)","Importations - quantité","Viande, poulet, fraîche ou réfrigérée","2018","tonnes","292.2"
"Compte Disponibilités et Utilisations (CDU) (2010-)","Bolivie (État plurinational de)","Importations - quantité","Viande, poulet, fraîche ou réfrigérée","2019","tonnes","2379.32"
"Compte Disponibilités et Utilisations (CDU) (2010-)","Bolivie (État plurinational de)","Importations - quantité","Viande, poulet, fraîche ou réfrigérée","2020","tonnes","3005.78"
"Compte Disponibilités et Utilisations (CDU) (2010-)","Bolivie (État plurinational de)","Importations - quantité","Viande, poulet, fraîche ou réfrigérée","2021","tonnes","3980.8"
"Compte Disponibilités et Utilisations (CDU) (2010-)","Bolivie (État plurinational de)","Importations - quantité","Viande, poulet, fraîche ou réfrigérée","2022","tonnes","3210.62"
"Compte Disponibilités et Utilisations (CDU) (2010-)","Bolivie (État plurinational de)","Importations - quantité","Viande, poulet, fraîche ou réfrigérée","2023","tonnes","3099.12"
"Compte Disponibilités et Utilisations (CDU) (2010-)","Bosnie-Herzégovine","Importations - quantité","Viande, poulet, fraîche ou réfrigérée","2010","tonnes","11539"
"Compte Disponibilités et Utilisations (CDU) (2010-)","Bosnie-Herzégovine","Importations - quantité","Viande, poulet, fraîche ou réfrigérée","2011","tonnes","12911"
"Compte Disponibilités et Utilisations (CDU) (2010-)","Bosnie-Herzégovine","Importations - quantité","Viande, poulet, fraîche ou réfrigérée","2012","tonnes","13774"
"Compte Disponibilités et Utilisations (CDU) (2010-)","Bosnie-Herzégovine","Importations - quantité","Viande, poulet, fraîche ou réfrigérée","2013","tonnes","11804"
"Compte Disponibilités et Utilisations (CDU) (2010-)","Bosnie-Herzégovine","Importations - quantité","Viande, poulet, fraîche ou réfrigérée","2014","tonnes","12269.88"
"Compte Disponibilités et Utilisations (CDU) (2010-)","Bosnie-Herzégovine","Importations - quantité","Viande, poulet, fraîche ou réfrigérée","2015","tonnes","10811.06"
"Compte Disponibilités et Utilisations (CDU) (2010-)","Bosnie-Herzégovine","Importations - quantité","Viande, poulet, fraîche ou réfrigérée","2016","tonnes","8276.28"
"Compte Disponibilités et Utilisations (CDU) (2010-)","Bosnie-Herzégovine","Importations - quantité","Viande, poulet, fraîche ou réfrigérée","2017","tonnes","7408.64"
"Compte Disponibilités et Utilisations (CDU) (2010-)","Bosnie-Herzégovine","Importations - quantité","Viande, poulet, fraîche ou réfrigérée","2018","tonnes","8600.05"
"Compte Disponibilités et Utilisations (CDU) (2010-)","Bosnie-Herzégovine","Importations - quantité","Viande, poulet, fraîche ou réfrigérée","2019","tonnes","7462.22"
"Compte Disponibilités et Utilisations (CDU) (2010-)","Bosnie-Herzégovine","Importations - quantité","Viande, poulet, fraîche ou réfrigérée","2020","tonnes","8521.79"
"Compte Disponibilités et Utilisations (CDU) (2010-)","Bosnie-Herzégovine","Importations - quantité","Viande, poulet, fraîche ou réfrigérée","2021","tonnes","10325.12"
"Compte Disponibilités et Utilisations (CDU) (2010-)","Bosnie-Herzégovine","Importations - quantité","Viande, poulet, fraîche ou réfrigérée","2022","tonnes","11401.14"
"Compte Disponibilités et Utilisations (CDU) (2010-)","Bosnie-Herzégovine","Importations - quantité","Viande, poulet, fraîche ou réfrigérée","2023","tonnes","11569.33"
"Compte Disponibilités et Utilisations (CDU) (2010-)","Botswana","Importations - quantité","Viande, poulet, fraîche ou réfrigérée","2010","tonnes","4260"
"Compte Disponibilités et Utilisations (CDU) (2010-)","Botswana","Importations - quantité","Viande, poulet, fraîche ou réfrigérée","2011","tonnes","3658"
"Compte Disponibilités et Utilisations (CDU) (2010-)","Botswana","Importations - quantité","Viande, poulet, fraîche ou réfrigérée","2012","tonnes","3648"
"Compte Disponibilités et Utilisations (CDU) (2010-)","Botswana","Importations - quantité","Viande, poulet, fraîche ou réfrigérée","2013","tonnes","3036"
"Compte Disponibilités et Utilisations (CDU) (2010-)","Botswana","Importations - quantité","Viande, poulet, fraîche ou réfrigérée","2014","tonnes","2951.35"
"Compte Disponibilités et Utilisations (CDU) (2010-)","Botswana","Importations - quantité","Viande, poulet, fraîche ou réfrigérée","2015","tonnes","1295.5"
"Compte Disponibilités et Utilisations (CDU) (2010-)","Botswana","Importations - quantité","Viande, poulet, fraîche ou réfrigérée","2016","tonnes","1431.62"
"Compte Disponibilités et Utilisations (CDU) (2010-)","Botswana","Importations - quantité","Viande, poulet, fraîche ou réfrigérée","2017","tonnes","2230.64"
"Compte Disponibilités et Utilisations (CDU) (2010-)","Botswana","Importations - quantité","Viande, poulet, fraîche ou réfrigérée","2018","tonnes","3962.96"
"Compte Disponibilités et Utilisations (CDU) (2010-)","Botswana","Importations - quantité","Viande, poulet, fraîche ou réfrigérée","2019","tonnes","3936.41"
"Compte Disponibilités et Utilisations (CDU) (2010-)","Botswana","Importations - quantité","Viande, poulet, fraîche ou réfrigérée","2020","tonnes","3790.16"
"Compte Disponibilités et Utilisations (CDU) (2010-)","Botswana","Importations - quantité","Viande, poulet, fraîche ou réfrigérée","2021","tonnes","4359.54"
"Compte Disponibilités et Utilisations (CDU) (2010-)","Botswana","Importations - quantité","Viande, poulet, fraîche ou réfrigérée","2022","tonnes","4850.97"
"Compte Disponibilités et Utilisations (CDU) (2010-)","Botswana","Importations - quantité","Viande, poulet, fraîche ou réfrigérée","2023","tonnes","5021.6"
"Compte Disponibilités et Utilisations (CDU) (2010-)","Brésil","Importations - quantité","Viande, poulet, fraîche ou réfrigérée","2010","tonnes","1118"
"Compte Disponibilités et Utilisations (CDU) (2010-)","Brésil","Importations - quantité","Viande, poulet, fraîche ou réfrigérée","2011","tonnes","2220"
"Compte Disponibilités et Utilisations (CDU) (2010-)","Brésil","Importations - quantité","Viande, poulet, fraîche ou réfrigérée","2012","tonnes","2136"
"Compte Disponibilités et Utilisations (CDU) (2010-)","Brésil","Importations - quantité","Viande, poulet, fraîche ou réfrigérée","2013","tonnes","3284"
"Compte Disponibilités et Utilisations (CDU) (2010-)","Brésil","Importations - quantité","Viande, poulet, fraîche ou réfrigérée","2014","tonnes","2665.71"
"Compte Disponibilités et Utilisations (CDU) (2010-)","Brésil","Importations - quantité","Viande, poulet, fraîche ou réfrigérée","2015","tonnes","4038.17"
"Compte Disponibilités et Utilisations (CDU) (2010-)","Brésil","Importations - quantité","Viande, poulet, fraîche ou réfrigérée","2016","tonnes","3119.47"
"Compte Disponibilités et Utilisations (CDU) (2010-)","Brésil","Importations - quantité","Viande, poulet, fraîche ou réfrigérée","2017","tonnes","3305.78"
"Compte Disponibilités et Utilisations (CDU) (2010-)","Brésil","Importations - quantité","Viande, poulet, fraîche ou réfrigérée","2018","tonnes","3396.11"
"Compte Disponibilités et Utilisations (CDU) (2010-)","Brésil","Importations - quantité","Viande, poulet, fraîche ou réfrigérée","2019","tonnes","5029.95"
"Compte Disponibilités et Utilisations (CDU) (2010-)","Brésil","Importations - quantité","Viande, poulet, fraîche ou réfrigérée","2020","tonnes","5155.95"
"Compte Disponibilités et Utilisations (CDU) (2010-)","Brésil","Importations - quantité","Viande, poulet, fraîche ou réfrigérée","2021","tonnes","5281.77"
"Compte Disponibilités et Utilisations (CDU) (2010-)","Brésil","Importations - quantité","Viande, poulet, fraîche ou réfrigérée","2022","tonnes","4821.33"
"Compte Disponibilités et Utilisations (CDU) (2010-)","Brésil","Importations - quantité","Viande, poulet, fraîche ou réfrigérée","2023","tonnes","2104.62"
"Compte Disponibilités et Utilisations (CDU) (2010-)","Bulgarie","Importations - quantité","Viande, poulet, fraîche ou réfrigérée","2010","tonnes","60333"
"Compte Disponibilités et Utilisations (CDU) (2010-)","Bulgarie","Importations - quantité","Viande, poulet, fraîche ou réfrigérée","2011","tonnes","83880"
"Compte Disponibilités et Utilisations (CDU) (2010-)","Bulgarie","Importations - quantité","Viande, poulet, fraîche ou réfrigérée","2012","tonnes","92101"
"Compte Disponibilités et Utilisations (CDU) (2010-)","Bulgarie","Importations - quantité","Viande, poulet, fraîche ou réfrigérée","2013","tonnes","73970"
"Compte Disponibilités et Utilisations (CDU) (2010-)","Bulgarie","Importations - quantité","Viande, poulet, fraîche ou réfrigérée","2014","tonnes","83341.4"
"Compte Disponibilités et Utilisations (CDU) (2010-)","Bulgarie","Importations - quantité","Viande, poulet, fraîche ou réfrigérée","2015","tonnes","84872.2"
"Compte Disponibilités et Utilisations (CDU) (2010-)","Bulgarie","Importations - quantité","Viande, poulet, fraîche ou réfrigérée","2016","tonnes","84947.4"
"Compte Disponibilités et Utilisations (CDU) (2010-)","Bulgarie","Importations - quantité","Viande, poulet, fraîche ou réfrigérée","2017","tonnes","96121.26"
"Compte Disponibilités et Utilisations (CDU) (2010-)","Bulgarie","Importations - quantité","Viande, poulet, fraîche ou réfrigérée","2018","tonnes","96874.11"
"Compte Disponibilités et Utilisations (CDU) (2010-)","Bulgarie","Importations - quantité","Viande, poulet, fraîche ou réfrigérée","2019","tonnes","100169.29"
"Compte Disponibilités et Utilisations (CDU) (2010-)","Bulgarie","Importations - quantité","Viande, poulet, fraîche ou réfrigérée","2020","tonnes","88295.71"
"Compte Disponibilités et Utilisations (CDU) (2010-)","Bulgarie","Importations - quantité","Viande, poulet, fraîche ou réfrigérée","2021","tonnes","82239.04"
"Compte Disponibilités et Utilisations (CDU) (2010-)","Bulgarie","Importations - quantité","Viande, poulet, fraîche ou réfrigérée","2022","tonnes","79739.24"
"Compte Disponibilités et Utilisations (CDU) (2010-)","Bulgarie","Importations - quantité","Viande, poulet, fraîche ou réfrigérée","2023","tonnes","91317.72"
"Compte Disponibilités et Utilisations (CDU) (2010-)","Burkina Faso","Importations - quantité","Viande, poulet, fraîche ou réfrigérée","2010","tonnes","14"
"Compte Disponibilités et Utilisations (CDU) (2010-)","Burkina Faso","Importations - quantité","Viande, poulet, fraîche ou réfrigérée","2011","tonnes","5"
"Compte Disponibilités et Utilisations (CDU) (2010-)","Burkina Faso","Importations - quantité","Viande, poulet, fraîche ou réfrigérée","2012","tonnes","7"
"Compte Disponibilités et Utilisations (CDU) (2010-)","Burkina Faso","Importations - quantité","Viande, poulet, fraîche ou réfrigérée","2013","tonnes","6"
"Compte Disponibilités et Utilisations (CDU) (2010-)","Burkina Faso","Importations - quantité","Viande, poulet, fraîche ou réfrigérée","2014","tonnes","34.69"
"Compte Disponibilités et Utilisations (CDU) (2010-)","Burkina Faso","Importations - quantité","Viande, poulet, fraîche ou réfrigérée","2015","tonnes","35.59"
"Compte Disponibilités et Utilisations (CDU) (2010-)","Burkina Faso","Importations - quantité","Viande, poulet, fraîche ou réfrigérée","2016","tonnes","31.32"
"Compte Disponibilités et Utilisations (CDU) (2010-)","Burkina Faso","Importations - quantité","Viande, poulet, fraîche ou réfrigérée","2017","tonnes","74.92"
"Compte Disponibilités et Utilisations (CDU) (2010-)","Burkina Faso","Importations - quantité","Viande, poulet, fraîche ou réfrigérée","2018","tonnes","63.41"
"Compte Disponibilités et Utilisations (CDU) (2010-)","Burkina Faso","Importations - quantité","Viande, poulet, fraîche ou réfrigérée","2019","tonnes","102.56"
"Compte Disponibilités et Utilisations (CDU) (2010-)","Burkina Faso","Importations - quantité","Viande, poulet, fraîche ou réfrigérée","2020","tonnes","111.45"
"Compte Disponibilités et Utilisations (CDU) (2010-)","Burkina Faso","Importations - quantité","Viande, poulet, fraîche ou réfrigérée","2021","tonnes","96.57"
"Compte Disponibilités et Utilisations (CDU) (2010-)","Burkina Faso","Importations - quantité","Viande, poulet, fraîche ou réfrigérée","2022","tonnes","49.72"
"Compte Disponibilités et Utilisations (CDU) (2010-)","Burkina Faso","Importations - quantité","Viande, poulet, fraîche ou réfrigérée","2023","tonnes","221.81"
"Compte Disponibilités et Utilisations (CDU) (2010-)","Cabo Verde","Importations - quantité","Viande, poulet, fraîche ou réfrigérée","2010","tonnes","7046"
"Compte Disponibilités et Utilisations (CDU) (2010-)","Cabo Verde","Importations - quantité","Viande, poulet, fraîche ou réfrigérée","2011","tonnes","7050"
"Compte Disponibilités et Utilisations (CDU) (2010-)","Cabo Verde","Importations - quantité","Viande, poulet, fraîche ou réfrigérée","2012","tonnes","6143"
"Compte Disponibilités et Utilisations (CDU) (2010-)","Cabo Verde","Importations - quantité","Viande, poulet, fraîche ou réfrigérée","2013","tonnes","7037"
"Compte Disponibilités et Utilisations (CDU) (2010-)","Cabo Verde","Importations - quantité","Viande, poulet, fraîche ou réfrigérée","2014","tonnes","7602.55"
"Compte Disponibilités et Utilisations (CDU) (2010-)","Cabo Verde","Importations - quantité","Viande, poulet, fraîche ou réfrigérée","2015","tonnes","8134.33"
"Compte Disponibilités et Utilisations (CDU) (2010-)","Cabo Verde","Importations - quantité","Viande, poulet, fraîche ou réfrigérée","2016","tonnes","9708.7"
"Compte Disponibilités et Utilisations (CDU) (2010-)","Cabo Verde","Importations - quantité","Viande, poulet, fraîche ou réfrigérée","2017","tonnes","10731.36"
"Compte Disponibilités et Utilisations (CDU) (2010-)","Cabo Verde","Importations - quantité","Viande, poulet, fraîche ou réfrigérée","2018","tonnes","11803.19"
"Compte Disponibilités et Utilisations (CDU) (2010-)","Cabo Verde","Importations - quantité","Viande, poulet, fraîche ou réfrigérée","2019","tonnes","11487.59"
"Compte Disponibilités et Utilisations (CDU) (2010-)","Cabo Verde","Importations - quantité","Viande, poulet, fraîche ou réfrigérée","2020","tonnes","13040"
"Compte Disponibilités et Utilisations (CDU) (2010-)","Cabo Verde","Importations - quantité","Viande, poulet, fraîche ou réfrigérée","2021","tonnes","10828.75"
"Compte Disponibilités et Utilisations (CDU) (2010-)","Cabo Verde","Importations - quantité","Viande, poulet, fraîche ou réfrigérée","2022","tonnes","11203.22"
"Compte Disponibilités et Utilisations (CDU) (2010-)","Cabo Verde","Importations - quantité","Viande, poulet, fraîche ou réfrigérée","2023","tonnes","10713.51"
"Compte Disponibilités et Utilisations (CDU) (2010-)","Cambodge","Importations - quantité","Viande, poulet, fraîche ou réfrigérée","2010","tonnes","178"
"Compte Disponibilités et Utilisations (CDU) (2010-)","Cambodge","Importations - quantité","Viande, poulet, fraîche ou réfrigérée","2011","tonnes","332"
"Compte Disponibilités et Utilisations (CDU) (2010-)","Cambodge","Importations - quantité","Viande, poulet, fraîche ou réfrigérée","2012","tonnes","296"
"Compte Disponibilités et Utilisations (CDU) (2010-)","Cambodge","Importations - quantité","Viande, poulet, fraîche ou réfrigérée","2013","tonnes","516"
"Compte Disponibilités et Utilisations (CDU) (2010-)","Cambodge","Importations - quantité","Viande, poulet, fraîche ou réfrigérée","2014","tonnes","47.8"
"Compte Disponibilités et Utilisations (CDU) (2010-)","Cambodge","Importations - quantité","Viande, poulet, fraîche ou réfrigérée","2015","tonnes","6.13"
"Compte Disponibilités et Utilisations (CDU) (2010-)","Cambodge","Importations - quantité","Viande, poulet, fraîche ou réfrigérée","2016","tonnes","755.97"
"Compte Disponibilités et Utilisations (CDU) (2010-)","Cambodge","Importations - quantité","Viande, poulet, fraîche ou réfrigérée","2017","tonnes","8129.02"
"Compte Disponibilités et Utilisations (CDU) (2010-)","Cambodge","Importations - quantité","Viande, poulet, fraîche ou réfrigérée","2018","tonnes","11927.26"
"Compte Disponibilités et Utilisations (CDU) (2010-)","Cambodge","Importations - quantité","Viande, poulet, fraîche ou réfrigérée","2019","tonnes","30.92"
"Compte Disponibilités et Utilisations (CDU) (2010-)","Cambodge","Importations - quantité","Viande, poulet, fraîche ou réfrigérée","2020","tonnes","25.71"
"Compte Disponibilités et Utilisations (CDU) (2010-)","Cambodge","Importations - quantité","Viande, poulet, fraîche ou réfrigérée","2021","tonnes","154.49"
"Compte Disponibilités et Utilisations (CDU) (2010-)","Cambodge","Importations - quantité","Viande, poulet, fraîche ou réfrigérée","2022","tonnes","880.94"
"Compte Disponibilités et Utilisations (CDU) (2010-)","Cambodge","Importations - quantité","Viande, poulet, fraîche ou réfrigérée","2023","tonnes","29903.36"
"Compte Disponibilités et Utilisations (CDU) (2010-)","Cameroun","Importations - quantité","Viande, poulet, fraîche ou réfrigérée","2010","tonnes","45"
"Compte Disponibilités et Utilisations (CDU) (2010-)","Cameroun","Importations - quantité","Viande, poulet, fraîche ou réfrigérée","2011","tonnes","124"
"Compte Disponibilités et Utilisations (CDU) (2010-)","Cameroun","Importations - quantité","Viande, poulet, fraîche ou réfrigérée","2012","tonnes","85"
"Compte Disponibilités et Utilisations (CDU) (2010-)","Cameroun","Importations - quantité","Viande, poulet, fraîche ou réfrigérée","2013","tonnes","784"
"Compte Disponibilités et Utilisations (CDU) (2010-)","Cameroun","Importations - quantité","Viande, poulet, fraîche ou réfrigérée","2014","tonnes","143.03"
"Compte Disponibilités et Utilisations (CDU) (2010-)","Cameroun","Importations - quantité","Viande, poulet, fraîche ou réfrigérée","2015","tonnes","111.76"
"Compte Disponibilités et Utilisations (CDU) (2010-)","Cameroun","Importations - quantité","Viande, poulet, fraîche ou réfrigérée","2016","tonnes","29.3"
"Compte Disponibilités et Utilisations (CDU) (2010-)","Cameroun","Importations - quantité","Viande, poulet, fraîche ou réfrigérée","2017","tonnes","9.5"
"Compte Disponibilités et Utilisations (CDU) (2010-)","Cameroun","Importations - quantité","Viande, poulet, fraîche ou réfrigérée","2018","tonnes","1352.06"
"Compte Disponibilités et Utilisations (CDU) (2010-)","Cameroun","Importations - quantité","Viande, poulet, fraîche ou réfrigérée","2019","tonnes","1475.8"
"Compte Disponibilités et Utilisations (CDU) (2010-)","Cameroun","Importations - quantité","Viande, poulet, fraîche ou réfrigérée","2020","tonnes","2131.8"
"Compte Disponibilités et Utilisations (CDU) (2010-)","Cameroun","Importations - quantité","Viande, poulet, fraîche ou réfrigérée","2021","tonnes","102.89"
"Compte Disponibilités et Utilisations (CDU) (2010-)","Cameroun","Importations - quantité","Viande, poulet, fraîche ou réfrigérée","2022","tonnes","2060.18"
"Compte Disponibilités et Utilisations (CDU) (2010-)","Cameroun","Importations - quantité","Viande, poulet, fraîche ou réfrigérée","2023","tonnes","1745.54"
"Compte Disponibilités et Utilisations (CDU) (2010-)","Canada","Importations - quantité","Viande, poulet, fraîche ou réfrigérée","2010","tonnes","143151"
"Compte Disponibilités et Utilisations (CDU) (2010-)","Canada","Importations - quantité","Viande, poulet, fraîche ou réfrigérée","2011","tonnes","148045"
"Compte Disponibilités et Utilisations (CDU) (2010-)","Canada","Importations - quantité","Viande, poulet, fraîche ou réfrigérée","2012","tonnes","162263"
"Compte Disponibilités et Utilisations (CDU) (2010-)","Canada","Importations - quantité","Viande, poulet, fraîche ou réfrigérée","2013","tonnes","164218"
"Compte Disponibilités et Utilisations (CDU) (2010-)","Canada","Importations - quantité","Viande, poulet, fraîche ou réfrigérée","2014","tonnes","162648.32"
"Compte Disponibilités et Utilisations (CDU) (2010-)","Canada","Importations - quantité","Viande, poulet, fraîche ou réfrigérée","2015","tonnes","176281.66"
"Compte Disponibilités et Utilisations (CDU) (2010-)","Canada","Importations - quantité","Viande, poulet, fraîche ou réfrigérée","2016","tonnes","157448.33"
"Compte Disponibilités et Utilisations (CDU) (2010-)","Canada","Importations - quantité","Viande, poulet, fraîche ou réfrigérée","2017","tonnes","143243.01"
"Compte Disponibilités et Utilisations (CDU) (2010-)","Canada","Importations - quantité","Viande, poulet, fraîche ou réfrigérée","2018","tonnes","138100.19"
"Compte Disponibilités et Utilisations (CDU) (2010-)","Canada","Importations - quantité","Viande, poulet, fraîche ou réfrigérée","2019","tonnes","137843.19"
"Compte Disponibilités et Utilisations (CDU) (2010-)","Canada","Importations - quantité","Viande, poulet, fraîche ou réfrigérée","2020","tonnes","156234.3"
"Compte Disponibilités et Utilisations (CDU) (2010-)","Canada","Importations - quantité","Viande, poulet, fraîche ou réfrigérée","2021","tonnes","147989.15"
"Compte Disponibilités et Utilisations (CDU) (2010-)","Canada","Importations - quantité","Viande, poulet, fraîche ou réfrigérée","2022","tonnes","148484.18"
"Compte Disponibilités et Utilisations (CDU) (2010-)","Canada","Importations - quantité","Viande, poulet, fraîche ou réfrigérée","2023","tonnes","161363.28"
"Compte Disponibilités et Utilisations (CDU) (2010-)","Chili","Importations - quantité","Viande, poulet, fraîche ou réfrigérée","2010","tonnes","62462"
"Compte Disponibilités et Utilisations (CDU) (2010-)","Chili","Importations - quantité","Viande, poulet, fraîche ou réfrigérée","2011","tonnes","72574"
"Compte Disponibilités et Utilisations (CDU) (2010-)","Chili","Importations - quantité","Viande, poulet, fraîche ou réfrigérée","2012","tonnes","65695"
"Compte Disponibilités et Utilisations (CDU) (2010-)","Chili","Importations - quantité","Viande, poulet, fraîche ou réfrigérée","2013","tonnes","67245"
"Compte Disponibilités et Utilisations (CDU) (2010-)","Chili","Importations - quantité","Viande, poulet, fraîche ou réfrigérée","2014","tonnes","83142.63"
"Compte Disponibilités et Utilisations (CDU) (2010-)","Chili","Importations - quantité","Viande, poulet, fraîche ou réfrigérée","2015","tonnes","100681.44"
"Compte Disponibilités et Utilisations (CDU) (2010-)","Chili","Importations - quantité","Viande, poulet, fraîche ou réfrigérée","2016","tonnes","124495.7"
"Compte Disponibilités et Utilisations (CDU) (2010-)","Chili","Importations - quantité","Viande, poulet, fraîche ou réfrigérée","2017","tonnes","130186.58"
"Compte Disponibilités et Utilisations (CDU) (2010-)","Chili","Importations - quantité","Viande, poulet, fraîche ou réfrigérée","2018","tonnes","138727.7"
"Compte Disponibilités et Utilisations (CDU) (2010-)","Chili","Importations - quantité","Viande, poulet, fraîche ou réfrigérée","2019","tonnes","121878"
"Compte Disponibilités et Utilisations (CDU) (2010-)","Chili","Importations - quantité","Viande, poulet, fraîche ou réfrigérée","2020","tonnes","115239.42"
"Compte Disponibilités et Utilisations (CDU) (2010-)","Chili","Importations - quantité","Viande, poulet, fraîche ou réfrigérée","2021","tonnes","146357.63"
"Compte Disponibilités et Utilisations (CDU) (2010-)","Chili","Importations - quantité","Viande, poulet, fraîche ou réfrigérée","2022","tonnes","153699.72"
"Compte Disponibilités et Utilisations (CDU) (2010-)","Chili","Importations - quantité","Viande, poulet, fraîche ou réfrigérée","2023","tonnes","98908"
"Compte Disponibilités et Utilisations (CDU) (2010-)","Chine","Importations - quantité","Viande, poulet, fraîche ou réfrigérée","2010","tonnes","1648479"
"Compte Disponibilités et Utilisations (CDU) (2010-)","Chine","Importations - quantité","Viande, poulet, fraîche ou réfrigérée","2011","tonnes","1682674"
"Compte Disponibilités et Utilisations (CDU) (2010-)","Chine","Importations - quantité","Viande, poulet, fraîche ou réfrigérée","2012","tonnes","1458988"
"Compte Disponibilités et Utilisations (CDU) (2010-)","Chine","Importations - quantité","Viande, poulet, fraîche ou réfrigérée","2013","tonnes","1663857"
"Compte Disponibilités et Utilisations (CDU) (2010-)","Chine","Importations - quantité","Viande, poulet, fraîche ou réfrigérée","2014","tonnes","1448617.3"
"Compte Disponibilités et Utilisations (CDU) (2010-)","Chine","Importations - quantité","Viande, poulet, fraîche ou réfrigérée","2015","tonnes","1278611.41"
"Compte Disponibilités et Utilisations (CDU) (2010-)","Chine","Importations - quantité","Viande, poulet, fraîche ou réfrigérée","2016","tonnes","1479355.35"
"Compte Disponibilités et Utilisations (CDU) (2010-)","Chine","Importations - quantité","Viande, poulet, fraîche ou réfrigérée","2017","tonnes","1362318.81"
"Compte Disponibilités et Utilisations (CDU) (2010-)","Chine","Importations - quantité","Viande, poulet, fraîche ou réfrigérée","2018","tonnes","1409816.07"
"Compte Disponibilités et Utilisations (CDU) (2010-)","Chine","Importations - quantité","Viande, poulet, fraîche ou réfrigérée","2019","tonnes","1655222.58"
"Compte Disponibilités et Utilisations (CDU) (2010-)","Chine","Importations - quantité","Viande, poulet, fraîche ou réfrigérée","2020","tonnes","2254202.81"
"Compte Disponibilités et Utilisations (CDU) (2010-)","Chine","Importations - quantité","Viande, poulet, fraîche ou réfrigérée","2021","tonnes","1954730.73"
"Compte Disponibilités et Utilisations (CDU) (2010-)","Chine","Importations - quantité","Viande, poulet, fraîche ou réfrigérée","2022","tonnes","1757302.49"
"Compte Disponibilités et Utilisations (CDU) (2010-)","Chine","Importations - quantité","Viande, poulet, fraîche ou réfrigérée","2023","tonnes","1788322.86"
"Compte Disponibilités et Utilisations (CDU) (2010-)","Chine - RAS de Hong-Kong","Importations - quantité","Viande, poulet, fraîche ou réfrigérée","2010","tonnes","1011178"
"Compte Disponibilités et Utilisations (CDU) (2010-)","Chine - RAS de Hong-Kong","Importations - quantité","Viande, poulet, fraîche ou réfrigérée","2011","tonnes","1176978"
"Compte Disponibilités et Utilisations (CDU) (2010-)","Chine - RAS de Hong-Kong","Importations - quantité","Viande, poulet, fraîche ou réfrigérée","2012","tonnes","850396"
"Compte Disponibilités et Utilisations (CDU) (2010-)","Chine - RAS de Hong-Kong","Importations - quantité","Viande, poulet, fraîche ou réfrigérée","2013","tonnes","1000000"
"Compte Disponibilités et Utilisations (CDU) (2010-)","Chine - RAS de Hong-Kong","Importations - quantité","Viande, poulet, fraîche ou réfrigérée","2014","tonnes","853292.04"
"Compte Disponibilités et Utilisations (CDU) (2010-)","Chine - RAS de Hong-Kong","Importations - quantité","Viande, poulet, fraîche ou réfrigérée","2015","tonnes","689390.57"
"Compte Disponibilités et Utilisations (CDU) (2010-)","Chine - RAS de Hong-Kong","Importations - quantité","Viande, poulet, fraîche ou réfrigérée","2016","tonnes","733858.96"
"Compte Disponibilités et Utilisations (CDU) (2010-)","Chine - RAS de Hong-Kong","Importations - quantité","Viande, poulet, fraîche ou réfrigérée","2017","tonnes","736107.78"
"Compte Disponibilités et Utilisations (CDU) (2010-)","Chine - RAS de Hong-Kong","Importations - quantité","Viande, poulet, fraîche ou réfrigérée","2018","tonnes","672694.16"
"Compte Disponibilités et Utilisations (CDU) (2010-)","Chine - RAS de Hong-Kong","Importations - quantité","Viande, poulet, fraîche ou réfrigérée","2019","tonnes","645183.88"
"Compte Disponibilités et Utilisations (CDU) (2010-)","Chine - RAS de Hong-Kong","Importations - quantité","Viande, poulet, fraîche ou réfrigérée","2020","tonnes","451454.48"
"Compte Disponibilités et Utilisations (CDU) (2010-)","Chine - RAS de Hong-Kong","Importations - quantité","Viande, poulet, fraîche ou réfrigérée","2021","tonnes","291914.9"
"Compte Disponibilités et Utilisations (CDU) (2010-)","Chine - RAS de Hong-Kong","Importations - quantité","Viande, poulet, fraîche ou réfrigérée","2022","tonnes","215834.01"
"Compte Disponibilités et Utilisations (CDU) (2010-)","Chine - RAS de Hong-Kong","Importations - quantité","Viande, poulet, fraîche ou réfrigérée","2023","tonnes","236627.79"
"Compte Disponibilités et Utilisations (CDU) (2010-)","Chine - RAS de Macao","Importations - quantité","Viande, poulet, fraîche ou réfrigérée","2010","tonnes","11451"
"Compte Disponibilités et Utilisations (CDU) (2010-)","Chine - RAS de Macao","Importations - quantité","Viande, poulet, fraîche ou réfrigérée","2011","tonnes","12159"
"Compte Disponibilités et Utilisations (CDU) (2010-)","Chine - RAS de Macao","Importations - quantité","Viande, poulet, fraîche ou réfrigérée","2012","tonnes","12502"
"Compte Disponibilités et Utilisations (CDU) (2010-)","Chine - RAS de Macao","Importations - quantité","Viande, poulet, fraîche ou réfrigérée","2013","tonnes","12500"
"Compte Disponibilités et Utilisations (CDU) (2010-)","Chine - RAS de Macao","Importations - quantité","Viande, poulet, fraîche ou réfrigérée","2014","tonnes","14445.37"
"Compte Disponibilités et Utilisations (CDU) (2010-)","Chine - RAS de Macao","Importations - quantité","Viande, poulet, fraîche ou réfrigérée","2015","tonnes","15100.15"
"Compte Disponibilités et Utilisations (CDU) (2010-)","Chine - RAS de Macao","Importations - quantité","Viande, poulet, fraîche ou réfrigérée","2016","tonnes","15993.97"
"Compte Disponibilités et Utilisations (CDU) (2010-)","Chine - RAS de Macao","Importations - quantité","Viande, poulet, fraîche ou réfrigérée","2017","tonnes","18300.46"
"Compte Disponibilités et Utilisations (CDU) (2010-)","Chine - RAS de Macao","Importations - quantité","Viande, poulet, fraîche ou réfrigérée","2018","tonnes","20722.3"
"Compte Disponibilités et Utilisations (CDU) (2010-)","Chine - RAS de Macao","Importations - quantité","Viande, poulet, fraîche ou réfrigérée","2019","tonnes","18301.91"
"Compte Disponibilités et Utilisations (CDU) (2010-)","Chine - RAS de Macao","Importations - quantité","Viande, poulet, fraîche ou réfrigérée","2020","tonnes","23679.67"
"Compte Disponibilités et Utilisations (CDU) (2010-)","Chine - RAS de Macao","Importations - quantité","Viande, poulet, fraîche ou réfrigérée","2021","tonnes","25054.52"
"Compte Disponibilités et Utilisations (CDU) (2010-)","Chine - RAS de Macao","Importations - quantité","Viande, poulet, fraîche ou réfrigérée","2022","tonnes","25543.79"
"Compte Disponibilités et Utilisations (CDU) (2010-)","Chine - RAS de Macao","Importations - quantité","Viande, poulet, fraîche ou réfrigérée","2023","tonnes","26595.59"
"Compte Disponibilités et Utilisations (CDU) (2010-)","Chine, continentale","Importations - quantité","Viande, poulet, fraîche ou réfrigérée","2010","tonnes","515536"
"Compte Disponibilités et Utilisations (CDU) (2010-)","Chine, continentale","Importations - quantité","Viande, poulet, fraîche ou réfrigérée","2011","tonnes","385498"
"Compte Disponibilités et Utilisations (CDU) (2010-)","Chine, continentale","Importations - quantité","Viande, poulet, fraîche ou réfrigérée","2012","tonnes","473157"
"Compte Disponibilités et Utilisations (CDU) (2010-)","Chine, continentale","Importations - quantité","Viande, poulet, fraîche ou réfrigérée","2013","tonnes","540156"
"Compte Disponibilités et Utilisations (CDU) (2010-)","Chine, continentale","Importations - quantité","Viande, poulet, fraîche ou réfrigérée","2014","tonnes","440205.59"
"Compte Disponibilités et Utilisations (CDU) (2010-)","Chine, continentale","Importations - quantité","Viande, poulet, fraîche ou réfrigérée","2015","tonnes","394274.86"
"Compte Disponibilités et Utilisations (CDU) (2010-)","Chine, continentale","Importations - quantité","Viande, poulet, fraîche ou réfrigérée","2016","tonnes","569131.97"
"Compte Disponibilités et Utilisations (CDU) (2010-)","Chine, continentale","Importations - quantité","Viande, poulet, fraîche ou réfrigérée","2017","tonnes","450411.21"
"Compte Disponibilités et Utilisations (CDU) (2010-)","Chine, continentale","Importations - quantité","Viande, poulet, fraîche ou réfrigérée","2018","tonnes","502221.09"
"Compte Disponibilités et Utilisations (CDU) (2010-)","Chine, continentale","Importations - quantité","Viande, poulet, fraîche ou réfrigérée","2019","tonnes","779584.33"
"Compte Disponibilités et Utilisations (CDU) (2010-)","Chine, continentale","Importations - quantité","Viande, poulet, fraîche ou réfrigérée","2020","tonnes","1527147.83"
"Compte Disponibilités et Utilisations (CDU) (2010-)","Chine, continentale","Importations - quantité","Viande, poulet, fraîche ou réfrigérée","2021","tonnes","1462452.93"
"Compte Disponibilités et Utilisations (CDU) (2010-)","Chine, continentale","Importations - quantité","Viande, poulet, fraîche ou réfrigérée","2022","tonnes","1298211.07"
"Compte Disponibilités et Utilisations (CDU) (2010-)","Chine, continentale","Importations - quantité","Viande, poulet, fraîche ou réfrigérée","2023","tonnes","1285570.36"
"Compte Disponibilités et Utilisations (CDU) (2010-)","Chine, Taiwan Province de","Importations - quantité","Viande, poulet, fraîche ou réfrigérée","2010","tonnes","110314"
"Compte Disponibilités et Utilisations (CDU) (2010-)","Chine, Taiwan Province de","Importations - quantité","Viande, poulet, fraîche ou réfrigérée","2011","tonnes","108039"
"Compte Disponibilités et Utilisations (CDU) (2010-)","Chine, Taiwan Province de","Importations - quantité","Viande, poulet, fraîche ou réfrigérée","2012","tonnes","122933"
"Compte Disponibilités et Utilisations (CDU) (2010-)","Chine, Taiwan Province de","Importations - quantité","Viande, poulet, fraîche ou réfrigérée","2013","tonnes","111201"
"Compte Disponibilités et Utilisations (CDU) (2010-)","Chine, Taiwan Province de","Importations - quantité","Viande, poulet, fraîche ou réfrigérée","2014","tonnes","140674.3"
"Compte Disponibilités et Utilisations (CDU) (2010-)","Chine, Taiwan Province de","Importations - quantité","Viande, poulet, fraîche ou réfrigérée","2015","tonnes","179845.83"
"Compte Disponibilités et Utilisations (CDU) (2010-)","Chine, Taiwan Province de","Importations - quantité","Viande, poulet, fraîche ou réfrigérée","2016","tonnes","160370.45"
"Compte Disponibilités et Utilisations (CDU) (2010-)","Chine, Taiwan Province de","Importations - quantité","Viande, poulet, fraîche ou réfrigérée","2017","tonnes","157499.36"
"Compte Disponibilités et Utilisations (CDU) (2010-)","Chine, Taiwan Province de","Importations - quantité","Viande, poulet, fraîche ou réfrigérée","2018","tonnes","214178.52"
"Compte Disponibilités et Utilisations (CDU) (2010-)","Chine, Taiwan Province de","Importations - quantité","Viande, poulet, fraîche ou réfrigérée","2019","tonnes","212152.46"
"Compte Disponibilités et Utilisations (CDU) (2010-)","Chine, Taiwan Province de","Importations - quantité","Viande, poulet, fraîche ou réfrigérée","2020","tonnes","251920.82"
"Compte Disponibilités et Utilisations (CDU) (2010-)","Chine, Taiwan Province de","Importations - quantité","Viande, poulet, fraîche ou réfrigérée","2021","tonnes","175308.38"
"Compte Disponibilités et Utilisations (CDU) (2010-)","Chine, Taiwan Province de","Importations - quantité","Viande, poulet, fraîche ou réfrigérée","2022","tonnes","217713.62"
"Compte Disponibilités et Utilisations (CDU) (2010-)","Chine, Taiwan Province de","Importations - quantité","Viande, poulet, fraîche ou réfrigérée","2023","tonnes","239529.11"
"Compte Disponibilités et Utilisations (CDU) (2010-)","Chypre","Importations - quantité","Viande, poulet, fraîche ou réfrigérée","2010","tonnes","5743"
"Compte Disponibilités et Utilisations (CDU) (2010-)","Chypre","Importations - quantité","Viande, poulet, fraîche ou réfrigérée","2011","tonnes","5958"
"Compte Disponibilités et Utilisations (CDU) (2010-)","Chypre","Importations - quantité","Viande, poulet, fraîche ou réfrigérée","2012","tonnes","6622"
"Compte Disponibilités et Utilisations (CDU) (2010-)","Chypre","Importations - quantité","Viande, poulet, fraîche ou réfrigérée","2013","tonnes","8836"
"Compte Disponibilités et Utilisations (CDU) (2010-)","Chypre","Importations - quantité","Viande, poulet, fraîche ou réfrigérée","2014","tonnes","8300.08"
"Compte Disponibilités et Utilisations (CDU) (2010-)","Chypre","Importations - quantité","Viande, poulet, fraîche ou réfrigérée","2015","tonnes","9124.91"
"Compte Disponibilités et Utilisations (CDU) (2010-)","Chypre","Importations - quantité","Viande, poulet, fraîche ou réfrigérée","2016","tonnes","10021.17"
"Compte Disponibilités et Utilisations (CDU) (2010-)","Chypre","Importations - quantité","Viande, poulet, fraîche ou réfrigérée","2017","tonnes","9641.05"
"Compte Disponibilités et Utilisations (CDU) (2010-)","Chypre","Importations - quantité","Viande, poulet, fraîche ou réfrigérée","2018","tonnes","10049.53"
"Compte Disponibilités et Utilisations (CDU) (2010-)","Chypre","Importations - quantité","Viande, poulet, fraîche ou réfrigérée","2019","tonnes","10908.96"
"Compte Disponibilités et Utilisations (CDU) (2010-)","Chypre","Importations - quantité","Viande, poulet, fraîche ou réfrigérée","2020","tonnes","8783.56"
"Compte Disponibilités et Utilisations (CDU) (2010-)","Chypre","Importations - quantité","Viande, poulet, fraîche ou réfrigérée","2021","tonnes","10623.55"
"Compte Disponibilités et Utilisations (CDU) (2010-)","Chypre","Importations - quantité","Viande, poulet, fraîche ou réfrigérée","2022","tonnes","12655.46"
"Compte Disponibilités et Utilisations (CDU) (2010-)","Chypre","Importations - quantité","Viande, poulet, fraîche ou réfrigérée","2023","tonnes","14993.45"
"Compte Disponibilités et Utilisations (CDU) (2010-)","Colombie","Importations - quantité","Viande, poulet, fraîche ou réfrigérée","2010","tonnes","0"
"Compte Disponibilités et Utilisations (CDU) (2010-)","Colombie","Importations - quantité","Viande, poulet, fraîche ou réfrigérée","2011","tonnes","110"
"Compte Disponibilités et Utilisations (CDU) (2010-)","Colombie","Importations - quantité","Viande, poulet, fraîche ou réfrigérée","2012","tonnes","6260"
"Compte Disponibilités et Utilisations (CDU) (2010-)","Colombie","Importations - quantité","Viande, poulet, fraîche ou réfrigérée","2013","tonnes","29401"
"Compte Disponibilités et Utilisations (CDU) (2010-)","Colombie","Importations - quantité","Viande, poulet, fraîche ou réfrigérée","2014","tonnes","31973.11"
"Compte Disponibilités et Utilisations (CDU) (2010-)","Colombie","Importations - quantité","Viande, poulet, fraîche ou réfrigérée","2015","tonnes","29820.3"
"Compte Disponibilités et Utilisations (CDU) (2010-)","Colombie","Importations - quantité","Viande, poulet, fraîche ou réfrigérée","2016","tonnes","55656.01"
"Compte Disponibilités et Utilisations (CDU) (2010-)","Colombie","Importations - quantité","Viande, poulet, fraîche ou réfrigérée","2017","tonnes","54122.91"
"Compte Disponibilités et Utilisations (CDU) (2010-)","Colombie","Importations - quantité","Viande, poulet, fraîche ou réfrigérée","2018","tonnes","67773.37"
"Compte Disponibilités et Utilisations (CDU) (2010-)","Colombie","Importations - quantité","Viande, poulet, fraîche ou réfrigérée","2019","tonnes","89583.74"
"Compte Disponibilités et Utilisations (CDU) (2010-)","Colombie","Importations - quantité","Viande, poulet, fraîche ou réfrigérée","2020","tonnes","74535.77"
"Compte Disponibilités et Utilisations (CDU) (2010-)","Colombie","Importations - quantité","Viande, poulet, fraîche ou réfrigérée","2021","tonnes","77775.07"
"Compte Disponibilités et Utilisations (CDU) (2010-)","Colombie","Importations - quantité","Viande, poulet, fraîche ou réfrigérée","2022","tonnes","63544.55"
"Compte Disponibilités et Utilisations (CDU) (2010-)","Colombie","Importations - quantité","Viande, poulet, fraîche ou réfrigérée","2023","tonnes","42494.76"
"Compte Disponibilités et Utilisations (CDU) (2010-)","Comores","Importations - quantité","Viande, poulet, fraîche ou réfrigérée","2010","tonnes","10923"
"Compte Disponibilités et Utilisations (CDU) (2010-)","Comores","Importations - quantité","Viande, poulet, fraîche ou réfrigérée","2011","tonnes","8017"
"Compte Disponibilités et Utilisations (CDU) (2010-)","Comores","Importations - quantité","Viande, poulet, fraîche ou réfrigérée","2012","tonnes","12760"
"Compte Disponibilités et Utilisations (CDU) (2010-)","Comores","Importations - quantité","Viande, poulet, fraîche ou réfrigérée","2013","tonnes","7960"
"Compte Disponibilités et Utilisations (CDU) (2010-)","Comores","Importations - quantité","Viande, poulet, fraîche ou réfrigérée","2014","tonnes","11443.73"
"Compte Disponibilités et Utilisations (CDU) (2010-)","Comores","Importations - quantité","Viande, poulet, fraîche ou réfrigérée","2015","tonnes","9539.76"
"Compte Disponibilités et Utilisations (CDU) (2010-)","Comores","Importations - quantité","Viande, poulet, fraîche ou réfrigérée","2016","tonnes","12337.18"
"Compte Disponibilités et Utilisations (CDU) (2010-)","Comores","Importations - quantité","Viande, poulet, fraîche ou réfrigérée","2017","tonnes","13661.44"
"Compte Disponibilités et Utilisations (CDU) (2010-)","Comores","Importations - quantité","Viande, poulet, fraîche ou réfrigérée","2018","tonnes","14681.17"
"Compte Disponibilités et Utilisations (CDU) (2010-)","Comores","Importations - quantité","Viande, poulet, fraîche ou réfrigérée","2019","tonnes","231.6"
"Compte Disponibilités et Utilisations (CDU) (2010-)","Comores","Importations - quantité","Viande, poulet, fraîche ou réfrigérée","2020","tonnes","25121.83"
"Compte Disponibilités et Utilisations (CDU) (2010-)","Comores","Importations - quantité","Viande, poulet, fraîche ou réfrigérée","2021","tonnes","22701.54"
"Compte Disponibilités et Utilisations (CDU) (2010-)","Comores","Importations - quantité","Viande, poulet, fraîche ou réfrigérée","2022","tonnes","13415.68"
"Compte Disponibilités et Utilisations (CDU) (2010-)","Comores","Importations - quantité","Viande, poulet, fraîche ou réfrigérée","2023","tonnes","17591.37"
"Compte Disponibilités et Utilisations (CDU) (2010-)","Congo","Importations - quantité","Viande, poulet, fraîche ou réfrigérée","2010","tonnes","22187"
"Compte Disponibilités et Utilisations (CDU) (2010-)","Congo","Importations - quantité","Viande, poulet, fraîche ou réfrigérée","2011","tonnes","28327"
"Compte Disponibilités et Utilisations (CDU) (2010-)","Congo","Importations - quantité","Viande, poulet, fraîche ou réfrigérée","2012","tonnes","32479"
"Compte Disponibilités et Utilisations (CDU) (2010-)","Congo","Importations - quantité","Viande, poulet, fraîche ou réfrigérée","2013","tonnes","45878"
"Compte Disponibilités et Utilisations (CDU) (2010-)","Congo","Importations - quantité","Viande, poulet, fraîche ou réfrigérée","2014","tonnes","51246.94"
"Compte Disponibilités et Utilisations (CDU) (2010-)","Congo","Importations - quantité","Viande, poulet, fraîche ou réfrigérée","2015","tonnes","62545.83"
"Compte Disponibilités et Utilisations (CDU) (2010-)","Congo","Importations - quantité","Viande, poulet, fraîche ou réfrigérée","2016","tonnes","61684.55"
"Compte Disponibilités et Utilisations (CDU) (2010-)","Congo","Importations - quantité","Viande, poulet, fraîche ou réfrigérée","2017","tonnes","94170.1"
"Compte Disponibilités et Utilisations (CDU) (2010-)","Congo","Importations - quantité","Viande, poulet, fraîche ou réfrigérée","2018","tonnes","105194.7"
"Compte Disponibilités et Utilisations (CDU) (2010-)","Congo","Importations - quantité","Viande, poulet, fraîche ou réfrigérée","2019","tonnes","101613.67"
"Compte Disponibilités et Utilisations (CDU) (2010-)","Congo","Importations - quantité","Viande, poulet, fraîche ou réfrigérée","2020","tonnes","115301.39"
"Compte Disponibilités et Utilisations (CDU) (2010-)","Congo","Importations - quantité","Viande, poulet, fraîche ou réfrigérée","2021","tonnes","138993.78"
"Compte Disponibilités et Utilisations (CDU) (2010-)","Congo","Importations - quantité","Viande, poulet, fraîche ou réfrigérée","2022","tonnes","152771"
"Compte Disponibilités et Utilisations (CDU) (2010-)","Congo","Importations - quantité","Viande, poulet, fraîche ou réfrigérée","2023","tonnes","213739.85"
"Compte Disponibilités et Utilisations (CDU) (2010-)","Costa Rica","Importations - quantité","Viande, poulet, fraîche ou réfrigérée","2010","tonnes","2035"
"Compte Disponibilités et Utilisations (CDU) (2010-)","Costa Rica","Importations - quantité","Viande, poulet, fraîche ou réfrigérée","2011","tonnes","1304"
"Compte Disponibilités et Utilisations (CDU) (2010-)","Costa Rica","Importations - quantité","Viande, poulet, fraîche ou réfrigérée","2012","tonnes","2736"
"Compte Disponibilités et Utilisations (CDU) (2010-)","Costa Rica","Importations - quantité","Viande, poulet, fraîche ou réfrigérée","2013","tonnes","3686"
"Compte Disponibilités et Utilisations (CDU) (2010-)","Costa Rica","Importations - quantité","Viande, poulet, fraîche ou réfrigérée","2014","tonnes","3616.5"
"Compte Disponibilités et Utilisations (CDU) (2010-)","Costa Rica","Importations - quantité","Viande, poulet, fraîche ou réfrigérée","2015","tonnes","7372.18"
"Compte Disponibilités et Utilisations (CDU) (2010-)","Costa Rica","Importations - quantité","Viande, poulet, fraîche ou réfrigérée","2016","tonnes","12028.32"
"Compte Disponibilités et Utilisations (CDU) (2010-)","Costa Rica","Importations - quantité","Viande, poulet, fraîche ou réfrigérée","2017","tonnes","12189.07"
"Compte Disponibilités et Utilisations (CDU) (2010-)","Costa Rica","Importations - quantité","Viande, poulet, fraîche ou réfrigérée","2018","tonnes","10335.71"
"Compte Disponibilités et Utilisations (CDU) (2010-)","Costa Rica","Importations - quantité","Viande, poulet, fraîche ou réfrigérée","2019","tonnes","10692.33"
"Compte Disponibilités et Utilisations (CDU) (2010-)","Costa Rica","Importations - quantité","Viande, poulet, fraîche ou réfrigérée","2020","tonnes","14026.26"
"Compte Disponibilités et Utilisations (CDU) (2010-)","Costa Rica","Importations - quantité","Viande, poulet, fraîche ou réfrigérée","2021","tonnes","12973.47"
"Compte Disponibilités et Utilisations (CDU) (2010-)","Costa Rica","Importations - quantité","Viande, poulet, fraîche ou réfrigérée","2022","tonnes","16352.53"
"Compte Disponibilités et Utilisations (CDU) (2010-)","Costa Rica","Importations - quantité","Viande, poulet, fraîche ou réfrigérée","2023","tonnes","28554.63"
"Compte Disponibilités et Utilisations (CDU) (2010-)","Côte d'Ivoire","Importations - quantité","Viande, poulet, fraîche ou réfrigérée","2010","tonnes","697"
"Compte Disponibilités et Utilisations (CDU) (2010-)","Côte d'Ivoire","Importations - quantité","Viande, poulet, fraîche ou réfrigérée","2011","tonnes","945"
"Compte Disponibilités et Utilisations (CDU) (2010-)","Côte d'Ivoire","Importations - quantité","Viande, poulet, fraîche ou réfrigérée","2012","tonnes","826"
"Compte Disponibilités et Utilisations (CDU) (2010-)","Côte d'Ivoire","Importations - quantité","Viande, poulet, fraîche ou réfrigérée","2013","tonnes","871"
"Compte Disponibilités et Utilisations (CDU) (2010-)","Côte d'Ivoire","Importations - quantité","Viande, poulet, fraîche ou réfrigérée","2014","tonnes","869.37"
"Compte Disponibilités et Utilisations (CDU) (2010-)","Côte d'Ivoire","Importations - quantité","Viande, poulet, fraîche ou réfrigérée","2015","tonnes","160.62"
"Compte Disponibilités et Utilisations (CDU) (2010-)","Côte d'Ivoire","Importations - quantité","Viande, poulet, fraîche ou réfrigérée","2016","tonnes","239.44"
"Compte Disponibilités et Utilisations (CDU) (2010-)","Côte d'Ivoire","Importations - quantité","Viande, poulet, fraîche ou réfrigérée","2017","tonnes","183.15"
"Compte Disponibilités et Utilisations (CDU) (2010-)","Côte d'Ivoire","Importations - quantité","Viande, poulet, fraîche ou réfrigérée","2018","tonnes","546.72"
"Compte Disponibilités et Utilisations (CDU) (2010-)","Côte d'Ivoire","Importations - quantité","Viande, poulet, fraîche ou réfrigérée","2019","tonnes","663.74"
"Compte Disponibilités et Utilisations (CDU) (2010-)","Côte d'Ivoire","Importations - quantité","Viande, poulet, fraîche ou réfrigérée","2020","tonnes","487.39"
"Compte Disponibilités et Utilisations (CDU) (2010-)","Côte d'Ivoire","Importations - quantité","Viande, poulet, fraîche ou réfrigérée","2021","tonnes","760.35"
"Compte Disponibilités et Utilisations (CDU) (2010-)","Côte d'Ivoire","Importations - quantité","Viande, poulet, fraîche ou réfrigérée","2022","tonnes","287.44"
"Compte Disponibilités et Utilisations (CDU) (2010-)","Côte d'Ivoire","Importations - quantité","Viande, poulet, fraîche ou réfrigérée","2023","tonnes","286.62"
"Compte Disponibilités et Utilisations (CDU) (2010-)","Croatie","Importations - quantité","Viande, poulet, fraîche ou réfrigérée","2010","tonnes","11071"
"Compte Disponibilités et Utilisations (CDU) (2010-)","Croatie","Importations - quantité","Viande, poulet, fraîche ou réfrigérée","2011","tonnes","11127"
"Compte Disponibilités et Utilisations (CDU) (2010-)","Croatie","Importations - quantité","Viande, poulet, fraîche ou réfrigérée","2012","tonnes","13460"
"Compte Disponibilités et Utilisations (CDU) (2010-)","Croatie","Importations - quantité","Viande, poulet, fraîche ou réfrigérée","2013","tonnes","12264"
"Compte Disponibilités et Utilisations (CDU) (2010-)","Croatie","Importations - quantité","Viande, poulet, fraîche ou réfrigérée","2014","tonnes","11480.07"
"Compte Disponibilités et Utilisations (CDU) (2010-)","Croatie","Importations - quantité","Viande, poulet, fraîche ou réfrigérée","2015","tonnes","12944.63"
"Compte Disponibilités et Utilisations (CDU) (2010-)","Croatie","Importations - quantité","Viande, poulet, fraîche ou réfrigérée","2016","tonnes","13382.64"
"Compte Disponibilités et Utilisations (CDU) (2010-)","Croatie","Importations - quantité","Viande, poulet, fraîche ou réfrigérée","2017","tonnes","13306.98"
"Compte Disponibilités et Utilisations (CDU) (2010-)","Croatie","Importations - quantité","Viande, poulet, fraîche ou réfrigérée","2018","tonnes","14061.91"
"Compte Disponibilités et Utilisations (CDU) (2010-)","Croatie","Importations - quantité","Viande, poulet, fraîche ou réfrigérée","2019","tonnes","15135.57"
"Compte Disponibilités et Utilisations (CDU) (2010-)","Croatie","Importations - quantité","Viande, poulet, fraîche ou réfrigérée","2020","tonnes","12069.92"
"Compte Disponibilités et Utilisations (CDU) (2010-)","Croatie","Importations - quantité","Viande, poulet, fraîche ou réfrigérée","2021","tonnes","14391.53"
"Compte Disponibilités et Utilisations (CDU) (2010-)","Croatie","Importations - quantité","Viande, poulet, fraîche ou réfrigérée","2022","tonnes","16233.23"
"Compte Disponibilités et Utilisations (CDU) (2010-)","Croatie","Importations - quantité","Viande, poulet, fraîche ou réfrigérée","2023","tonnes","20387.95"
"Compte Disponibilités et Utilisations (CDU) (2010-)","Cuba","Importations - quantité","Viande, poulet, fraîche ou réfrigérée","2010","tonnes","143621"
"Compte Disponibilités et Utilisations (CDU) (2010-)","Cuba","Importations - quantité","Viande, poulet, fraîche ou réfrigérée","2011","tonnes","150358"
"Compte Disponibilités et Utilisations (CDU) (2010-)","Cuba","Importations - quantité","Viande, poulet, fraîche ou réfrigérée","2012","tonnes","154982"
"Compte Disponibilités et Utilisations (CDU) (2010-)","Cuba","Importations - quantité","Viande, poulet, fraîche ou réfrigérée","2013","tonnes","179330"
"Compte Disponibilités et Utilisations (CDU) (2010-)","Cuba","Importations - quantité","Viande, poulet, fraîche ou réfrigérée","2014","tonnes","154880"
"Compte Disponibilités et Utilisations (CDU) (2010-)","Cuba","Importations - quantité","Viande, poulet, fraîche ou réfrigérée","2015","tonnes","178891"
"Compte Disponibilités et Utilisations (CDU) (2010-)","Cuba","Importations - quantité","Viande, poulet, fraîche ou réfrigérée","2016","tonnes","240694"
"Compte Disponibilités et Utilisations (CDU) (2010-)","Cuba","Importations - quantité","Viande, poulet, fraîche ou réfrigérée","2017","tonnes","307421"
"Compte Disponibilités et Utilisations (CDU) (2010-)","Cuba","Importations - quantité","Viande, poulet, fraîche ou réfrigérée","2018","tonnes","279486"
"Compte Disponibilités et Utilisations (CDU) (2010-)","Cuba","Importations - quantité","Viande, poulet, fraîche ou réfrigérée","2019","tonnes","286582"
"Compte Disponibilités et Utilisations (CDU) (2010-)","Danemark","Importations - quantité","Viande, poulet, fraîche ou réfrigérée","2010","tonnes","32908"
"Compte Disponibilités et Utilisations (CDU) (2010-)","Danemark","Importations - quantité","Viande, poulet, fraîche ou réfrigérée","2011","tonnes","35105"
"Compte Disponibilités et Utilisations (CDU) (2010-)","Danemark","Importations - quantité","Viande, poulet, fraîche ou réfrigérée","2012","tonnes","38509"
"Compte Disponibilités et Utilisations (CDU) (2010-)","Danemark","Importations - quantité","Viande, poulet, fraîche ou réfrigérée","2013","tonnes","58330"
"Compte Disponibilités et Utilisations (CDU) (2010-)","Danemark","Importations - quantité","Viande, poulet, fraîche ou réfrigérée","2014","tonnes","28271.64"
"Compte Disponibilités et Utilisations (CDU) (2010-)","Danemark","Importations - quantité","Viande, poulet, fraîche ou réfrigérée","2015","tonnes","29127.75"
"Compte Disponibilités et Utilisations (CDU) (2010-)","Danemark","Importations - quantité","Viande, poulet, fraîche ou réfrigérée","2016","tonnes","33824.48"
"Compte Disponibilités et Utilisations (CDU) (2010-)","Danemark","Importations - quantité","Viande, poulet, fraîche ou réfrigérée","2017","tonnes","33811.68"
"Compte Disponibilités et Utilisations (CDU) (2010-)","Danemark","Importations - quantité","Viande, poulet, fraîche ou réfrigérée","2018","tonnes","37825.78"
"Compte Disponibilités et Utilisations (CDU) (2010-)","Danemark","Importations - quantité","Viande, poulet, fraîche ou réfrigérée","2019","tonnes","37402.39"
"Compte Disponibilités et Utilisations (CDU) (2010-)","Danemark","Importations - quantité","Viande, poulet, fraîche ou réfrigérée","2020","tonnes","35578.04"
"Compte Disponibilités et Utilisations (CDU) (2010-)","Danemark","Importations - quantité","Viande, poulet, fraîche ou réfrigérée","2021","tonnes","37931.53"
"Compte Disponibilités et Utilisations (CDU) (2010-)","Danemark","Importations - quantité","Viande, poulet, fraîche ou réfrigérée","2022","tonnes","45345.04"
"Compte Disponibilités et Utilisations (CDU) (2010-)","Danemark","Importations - quantité","Viande, poulet, fraîche ou réfrigérée","2023","tonnes","38973.93"
"Compte Disponibilités et Utilisations (CDU) (2010-)","Djibouti","Importations - quantité","Viande, poulet, fraîche ou réfrigérée","2010","tonnes","1348"
"Compte Disponibilités et Utilisations (CDU) (2010-)","Djibouti","Importations - quantité","Viande, poulet, fraîche ou réfrigérée","2011","tonnes","714"
"Compte Disponibilités et Utilisations (CDU) (2010-)","Djibouti","Importations - quantité","Viande, poulet, fraîche ou réfrigérée","2012","tonnes","4603"
"Compte Disponibilités et Utilisations (CDU) (2010-)","Djibouti","Importations - quantité","Viande, poulet, fraîche ou réfrigérée","2013","tonnes","1794"
"Compte Disponibilités et Utilisations (CDU) (2010-)","Djibouti","Importations - quantité","Viande, poulet, fraîche ou réfrigérée","2014","tonnes","1228"
"Compte Disponibilités et Utilisations (CDU) (2010-)","Djibouti","Importations - quantité","Viande, poulet, fraîche ou réfrigérée","2015","tonnes","1878.43"
"Compte Disponibilités et Utilisations (CDU) (2010-)","Djibouti","Importations - quantité","Viande, poulet, fraîche ou réfrigérée","2016","tonnes","1868.97"
"Compte Disponibilités et Utilisations (CDU) (2010-)","Djibouti","Importations - quantité","Viande, poulet, fraîche ou réfrigérée","2017","tonnes","2578.47"
"Compte Disponibilités et Utilisations (CDU) (2010-)","Djibouti","Importations - quantité","Viande, poulet, fraîche ou réfrigérée","2018","tonnes","3110.69"
"Compte Disponibilités et Utilisations (CDU) (2010-)","Djibouti","Importations - quantité","Viande, poulet, fraîche ou réfrigérée","2019","tonnes","3492.45"
"Compte Disponibilités et Utilisations (CDU) (2010-)","Djibouti","Importations - quantité","Viande, poulet, fraîche ou réfrigérée","2020","tonnes","3445.08"
"Compte Disponibilités et Utilisations (CDU) (2010-)","Djibouti","Importations - quantité","Viande, poulet, fraîche ou réfrigérée","2021","tonnes","4378.87"
"Compte Disponibilités et Utilisations (CDU) (2010-)","Djibouti","Importations - quantité","Viande, poulet, fraîche ou réfrigérée","2022","tonnes","4250.09"
"Compte Disponibilités et Utilisations (CDU) (2010-)","Djibouti","Importations - quantité","Viande, poulet, fraîche ou réfrigérée","2023","tonnes","3389.86"
"Compte Disponibilités et Utilisations (CDU) (2010-)","Égypte","Importations - quantité","Viande, poulet, fraîche ou réfrigérée","2010","tonnes","126041"
"Compte Disponibilités et Utilisations (CDU) (2010-)","Égypte","Importations - quantité","Viande, poulet, fraîche ou réfrigérée","2011","tonnes","34731"
"Compte Disponibilités et Utilisations (CDU) (2010-)","Égypte","Importations - quantité","Viande, poulet, fraîche ou réfrigérée","2012","tonnes","110372"
"Compte Disponibilités et Utilisations (CDU) (2010-)","Égypte","Importations - quantité","Viande, poulet, fraîche ou réfrigérée","2013","tonnes","123968"
"Compte Disponibilités et Utilisations (CDU) (2010-)","Égypte","Importations - quantité","Viande, poulet, fraîche ou réfrigérée","2014","tonnes","84303.21"
"Compte Disponibilités et Utilisations (CDU) (2010-)","Égypte","Importations - quantité","Viande, poulet, fraîche ou réfrigérée","2015","tonnes","78907.24"
"Compte Disponibilités et Utilisations (CDU) (2010-)","Égypte","Importations - quantité","Viande, poulet, fraîche ou réfrigérée","2016","tonnes","126315.29"
"Compte Disponibilités et Utilisations (CDU) (2010-)","Égypte","Importations - quantité","Viande, poulet, fraîche ou réfrigérée","2017","tonnes","132746.8"
"Compte Disponibilités et Utilisations (CDU) (2010-)","Égypte","Importations - quantité","Viande, poulet, fraîche ou réfrigérée","2018","tonnes","44238.29"
"Compte Disponibilités et Utilisations (CDU) (2010-)","Égypte","Importations - quantité","Viande, poulet, fraîche ou réfrigérée","2019","tonnes","35507.97"
"Compte Disponibilités et Utilisations (CDU) (2010-)","Égypte","Importations - quantité","Viande, poulet, fraîche ou réfrigérée","2020","tonnes","19599.16"
"Compte Disponibilités et Utilisations (CDU) (2010-)","Égypte","Importations - quantité","Viande, poulet, fraîche ou réfrigérée","2021","tonnes","25589.72"
"Compte Disponibilités et Utilisations (CDU) (2010-)","Égypte","Importations - quantité","Viande, poulet, fraîche ou réfrigérée","2022","tonnes","19526.42"
"Compte Disponibilités et Utilisations (CDU) (2010-)","Égypte","Importations - quantité","Viande, poulet, fraîche ou réfrigérée","2023","tonnes","24424.87"
"Compte Disponibilités et Utilisations (CDU) (2010-)","El Salvador","Importations - quantité","Viande, poulet, fraîche ou réfrigérée","2010","tonnes","8095"
"Compte Disponibilités et Utilisations (CDU) (2010-)","El Salvador","Importations - quantité","Viande, poulet, fraîche ou réfrigérée","2011","tonnes","8360"
"Compte Disponibilités et Utilisations (CDU) (2010-)","El Salvador","Importations - quantité","Viande, poulet, fraîche ou réfrigérée","2012","tonnes","10396"
"Compte Disponibilités et Utilisations (CDU) (2010-)","El Salvador","Importations - quantité","Viande, poulet, fraîche ou réfrigérée","2013","tonnes","11143"
"Compte Disponibilités et Utilisations (CDU) (2010-)","El Salvador","Importations - quantité","Viande, poulet, fraîche ou réfrigérée","2014","tonnes","10157.65"
"Compte Disponibilités et Utilisations (CDU) (2010-)","El Salvador","Importations - quantité","Viande, poulet, fraîche ou réfrigérée","2015","tonnes","11397.74"
"Compte Disponibilités et Utilisations (CDU) (2010-)","El Salvador","Importations - quantité","Viande, poulet, fraîche ou réfrigérée","2016","tonnes","10886.02"
"Compte Disponibilités et Utilisations (CDU) (2010-)","El Salvador","Importations - quantité","Viande, poulet, fraîche ou réfrigérée","2017","tonnes","10524.51"
"Compte Disponibilités et Utilisations (CDU) (2010-)","El Salvador","Importations - quantité","Viande, poulet, fraîche ou réfrigérée","2018","tonnes","13078.41"
"Compte Disponibilités et Utilisations (CDU) (2010-)","El Salvador","Importations - quantité","Viande, poulet, fraîche ou réfrigérée","2019","tonnes","12314.07"
"Compte Disponibilités et Utilisations (CDU) (2010-)","El Salvador","Importations - quantité","Viande, poulet, fraîche ou réfrigérée","2020","tonnes","12271.53"
"Compte Disponibilités et Utilisations (CDU) (2010-)","El Salvador","Importations - quantité","Viande, poulet, fraîche ou réfrigérée","2021","tonnes","14504.76"
"Compte Disponibilités et Utilisations (CDU) (2010-)","El Salvador","Importations - quantité","Viande, poulet, fraîche ou réfrigérée","2022","tonnes","12843.14"
"Compte Disponibilités et Utilisations (CDU) (2010-)","El Salvador","Importations - quantité","Viande, poulet, fraîche ou réfrigérée","2023","tonnes","17399.58"
"Compte Disponibilités et Utilisations (CDU) (2010-)","Émirats arabes unis","Importations - quantité","Viande, poulet, fraîche ou réfrigérée","2010","tonnes","285569"
"Compte Disponibilités et Utilisations (CDU) (2010-)","Émirats arabes unis","Importations - quantité","Viande, poulet, fraîche ou réfrigérée","2011","tonnes","319366"
"Compte Disponibilités et Utilisations (CDU) (2010-)","Émirats arabes unis","Importations - quantité","Viande, poulet, fraîche ou réfrigérée","2012","tonnes","355847"
"Compte Disponibilités et Utilisations (CDU) (2010-)","Émirats arabes unis","Importations - quantité","Viande, poulet, fraîche ou réfrigérée","2013","tonnes","355880"
"Compte Disponibilités et Utilisations (CDU) (2010-)","Émirats arabes unis","Importations - quantité","Viande, poulet, fraîche ou réfrigérée","2014","tonnes","390712.31"
"Compte Disponibilités et Utilisations (CDU) (2010-)","Émirats arabes unis","Importations - quantité","Viande, poulet, fraîche ou réfrigérée","2015","tonnes","526492.2"
"Compte Disponibilités et Utilisations (CDU) (2010-)","Émirats arabes unis","Importations - quantité","Viande, poulet, fraîche ou réfrigérée","2016","tonnes","501819.51"
"Compte Disponibilités et Utilisations (CDU) (2010-)","Émirats arabes unis","Importations - quantité","Viande, poulet, fraîche ou réfrigérée","2017","tonnes","440543.31"
"Compte Disponibilités et Utilisations (CDU) (2010-)","Émirats arabes unis","Importations - quantité","Viande, poulet, fraîche ou réfrigérée","2018","tonnes","591186.03"
"Compte Disponibilités et Utilisations (CDU) (2010-)","Émirats arabes unis","Importations - quantité","Viande, poulet, fraîche ou réfrigérée","2019","tonnes","669021.74"
"Compte Disponibilités et Utilisations (CDU) (2010-)","Émirats arabes unis","Importations - quantité","Viande, poulet, fraîche ou réfrigérée","2020","tonnes","474939.04"
"Compte Disponibilités et Utilisations (CDU) (2010-)","Émirats arabes unis","Importations - quantité","Viande, poulet, fraîche ou réfrigérée","2021","tonnes","835237.18"
"Compte Disponibilités et Utilisations (CDU) (2010-)","Émirats arabes unis","Importations - quantité","Viande, poulet, fraîche ou réfrigérée","2022","tonnes","615447.94"
"Compte Disponibilités et Utilisations (CDU) (2010-)","Émirats arabes unis","Importations - quantité","Viande, poulet, fraîche ou réfrigérée","2023","tonnes","585025"
"Compte Disponibilités et Utilisations (CDU) (2010-)","Équateur","Importations - quantité","Viande, poulet, fraîche ou réfrigérée","2010","tonnes","0"
"Compte Disponibilités et Utilisations (CDU) (2010-)","Équateur","Importations - quantité","Viande, poulet, fraîche ou réfrigérée","2011","tonnes","4"
"Compte Disponibilités et Utilisations (CDU) (2010-)","Équateur","Importations - quantité","Viande, poulet, fraîche ou réfrigérée","2012","tonnes","24"
"Compte Disponibilités et Utilisations (CDU) (2010-)","Équateur","Importations - quantité","Viande, poulet, fraîche ou réfrigérée","2013","tonnes","0"
"Compte Disponibilités et Utilisations (CDU) (2010-)","Équateur","Importations - quantité","Viande, poulet, fraîche ou réfrigérée","2023","tonnes","42.61"
"Compte Disponibilités et Utilisations (CDU) (2010-)","Espagne","Importations - quantité","Viande, poulet, fraîche ou réfrigérée","2010","tonnes","97176"
"Compte Disponibilités et Utilisations (CDU) (2010-)","Espagne","Importations - quantité","Viande, poulet, fraîche ou réfrigérée","2011","tonnes","88447"
"Compte Disponibilités et Utilisations (CDU) (2010-)","Espagne","Importations - quantité","Viande, poulet, fraîche ou réfrigérée","2012","tonnes","85711"
"Compte Disponibilités et Utilisations (CDU) (2010-)","Espagne","Importations - quantité","Viande, poulet, fraîche ou réfrigérée","2013","tonnes","90914"
"Compte Disponibilités et Utilisations (CDU) (2010-)","Espagne","Importations - quantité","Viande, poulet, fraîche ou réfrigérée","2014","tonnes","75067.71"
"Compte Disponibilités et Utilisations (CDU) (2010-)","Espagne","Importations - quantité","Viande, poulet, fraîche ou réfrigérée","2015","tonnes","89203.69"
"Compte Disponibilités et Utilisations (CDU) (2010-)","Espagne","Importations - quantité","Viande, poulet, fraîche ou réfrigérée","2016","tonnes","111183.14"
"Compte Disponibilités et Utilisations (CDU) (2010-)","Espagne","Importations - quantité","Viande, poulet, fraîche ou réfrigérée","2017","tonnes","129773.42"
"Compte Disponibilités et Utilisations (CDU) (2010-)","Espagne","Importations - quantité","Viande, poulet, fraîche ou réfrigérée","2018","tonnes","120981.16"
"Compte Disponibilités et Utilisations (CDU) (2010-)","Espagne","Importations - quantité","Viande, poulet, fraîche ou réfrigérée","2019","tonnes","95461.05"
"Compte Disponibilités et Utilisations (CDU) (2010-)","Espagne","Importations - quantité","Viande, poulet, fraîche ou réfrigérée","2020","tonnes","86789.45"
"Compte Disponibilités et Utilisations (CDU) (2010-)","Espagne","Importations - quantité","Viande, poulet, fraîche ou réfrigérée","2021","tonnes","94871.04"
"Compte Disponibilités et Utilisations (CDU) (2010-)","Espagne","Importations - quantité","Viande, poulet, fraîche ou réfrigérée","2022","tonnes","119585.83"
"Compte Disponibilités et Utilisations (CDU) (2010-)","Espagne","Importations - quantité","Viande, poulet, fraîche ou réfrigérée","2023","tonnes","144698.45"
"Compte Disponibilités et Utilisations (CDU) (2010-)","Estonie","Importations - quantité","Viande, poulet, fraîche ou réfrigérée","2010","tonnes","15968"
"Compte Disponibilités et Utilisations (CDU) (2010-)","Estonie","Importations - quantité","Viande, poulet, fraîche ou réfrigérée","2011","tonnes","15500"
"Compte Disponibilités et Utilisations (CDU) (2010-)","Estonie","Importations - quantité","Viande, poulet, fraîche ou réfrigérée","2012","tonnes","14901"
"Compte Disponibilités et Utilisations (CDU) (2010-)","Estonie","Importations - quantité","Viande, poulet, fraîche ou réfrigérée","2013","tonnes","14875"
"Compte Disponibilités et Utilisations (CDU) (2010-)","Estonie","Importations - quantité","Viande, poulet, fraîche ou réfrigérée","2014","tonnes","14146.15"
"Compte Disponibilités et Utilisations (CDU) (2010-)","Estonie","Importations - quantité","Viande, poulet, fraîche ou réfrigérée","2015","tonnes","14801.51"
"Compte Disponibilités et Utilisations (CDU) (2010-)","Estonie","Importations - quantité","Viande, poulet, fraîche ou réfrigérée","2016","tonnes","16903.55"
"Compte Disponibilités et Utilisations (CDU) (2010-)","Estonie","Importations - quantité","Viande, poulet, fraîche ou réfrigérée","2017","tonnes","14818.48"
"Compte Disponibilités et Utilisations (CDU) (2010-)","Estonie","Importations - quantité","Viande, poulet, fraîche ou réfrigérée","2018","tonnes","22010.07"
"Compte Disponibilités et Utilisations (CDU) (2010-)","Estonie","Importations - quantité","Viande, poulet, fraîche ou réfrigérée","2019","tonnes","17807.85"
"Compte Disponibilités et Utilisations (CDU) (2010-)","Estonie","Importations - quantité","Viande, poulet, fraîche ou réfrigérée","2020","tonnes","17171.96"
"Compte Disponibilités et Utilisations (CDU) (2010-)","Estonie","Importations - quantité","Viande, poulet, fraîche ou réfrigérée","2021","tonnes","17493.03"
"Compte Disponibilités et Utilisations (CDU) (2010-)","Estonie","Importations - quantité","Viande, poulet, fraîche ou réfrigérée","2022","tonnes","17916.82"
"Compte Disponibilités et Utilisations (CDU) (2010-)","Estonie","Importations - quantité","Viande, poulet, fraîche ou réfrigérée","2023","tonnes","18166.73"
"Compte Disponibilités et Utilisations (CDU) (2010-)","Eswatini","Importations - quantité","Viande, poulet, fraîche ou réfrigérée","2010","tonnes","21"
"Compte Disponibilités et Utilisations (CDU) (2010-)","Eswatini","Importations - quantité","Viande, poulet, fraîche ou réfrigérée","2011","tonnes","21"
"Compte Disponibilités et Utilisations (CDU) (2010-)","Eswatini","Importations - quantité","Viande, poulet, fraîche ou réfrigérée","2012","tonnes","21"
"Compte Disponibilités et Utilisations (CDU) (2010-)","Eswatini","Importations - quantité","Viande, poulet, fraîche ou réfrigérée","2013","tonnes","1036"
"Compte Disponibilités et Utilisations (CDU) (2010-)","Eswatini","Importations - quantité","Viande, poulet, fraîche ou réfrigérée","2014","tonnes","1039.4"
"Compte Disponibilités et Utilisations (CDU) (2010-)","Eswatini","Importations - quantité","Viande, poulet, fraîche ou réfrigérée","2015","tonnes","1165.75"
"Compte Disponibilités et Utilisations (CDU) (2010-)","Eswatini","Importations - quantité","Viande, poulet, fraîche ou réfrigérée","2016","tonnes","1377.84"
"Compte Disponibilités et Utilisations (CDU) (2010-)","Eswatini","Importations - quantité","Viande, poulet, fraîche ou réfrigérée","2017","tonnes","1331.28"
"Compte Disponibilités et Utilisations (CDU) (2010-)","Eswatini","Importations - quantité","Viande, poulet, fraîche ou réfrigérée","2018","tonnes","1556.34"
"Compte Disponibilités et Utilisations (CDU) (2010-)","Eswatini","Importations - quantité","Viande, poulet, fraîche ou réfrigérée","2019","tonnes","1766.1"
"Compte Disponibilités et Utilisations (CDU) (2010-)","Eswatini","Importations - quantité","Viande, poulet, fraîche ou réfrigérée","2020","tonnes","2177.18"
"Compte Disponibilités et Utilisations (CDU) (2010-)","Eswatini","Importations - quantité","Viande, poulet, fraîche ou réfrigérée","2021","tonnes","2443.46"
"Compte Disponibilités et Utilisations (CDU) (2010-)","Eswatini","Importations - quantité","Viande, poulet, fraîche ou réfrigérée","2022","tonnes","2600.27"
"Compte Disponibilités et Utilisations (CDU) (2010-)","Eswatini","Importations - quantité","Viande, poulet, fraîche ou réfrigérée","2023","tonnes","2911.75"
"Compte Disponibilités et Utilisations (CDU) (2010-)","États-Unis d'Amérique","Importations - quantité","Viande, poulet, fraîche ou réfrigérée","2010","tonnes","50190"
"Compte Disponibilités et Utilisations (CDU) (2010-)","États-Unis d'Amérique","Importations - quantité","Viande, poulet, fraîche ou réfrigérée","2011","tonnes","49207"
"Compte Disponibilités et Utilisations (CDU) (2010-)","États-Unis d'Amérique","Importations - quantité","Viande, poulet, fraîche ou réfrigérée","2012","tonnes","51506"
"Compte Disponibilités et Utilisations (CDU) (2010-)","États-Unis d'Amérique","Importations - quantité","Viande, poulet, fraîche ou réfrigérée","2013","tonnes","56142"
"Compte Disponibilités et Utilisations (CDU) (2010-)","États-Unis d'Amérique","Importations - quantité","Viande, poulet, fraîche ou réfrigérée","2014","tonnes","54109.61"
"Compte Disponibilités et Utilisations (CDU) (2010-)","États-Unis d'Amérique","Importations - quantité","Viande, poulet, fraîche ou réfrigérée","2015","tonnes","59970.41"
"Compte Disponibilités et Utilisations (CDU) (2010-)","États-Unis d'Amérique","Importations - quantité","Viande, poulet, fraîche ou réfrigérée","2016","tonnes","60279.83"
"Compte Disponibilités et Utilisations (CDU) (2010-)","États-Unis d'Amérique","Importations - quantité","Viande, poulet, fraîche ou réfrigérée","2017","tonnes","58075.28"
"Compte Disponibilités et Utilisations (CDU) (2010-)","États-Unis d'Amérique","Importations - quantité","Viande, poulet, fraîche ou réfrigérée","2018","tonnes","63960.46"
"Compte Disponibilités et Utilisations (CDU) (2010-)","États-Unis d'Amérique","Importations - quantité","Viande, poulet, fraîche ou réfrigérée","2019","tonnes","60508.12"
"Compte Disponibilités et Utilisations (CDU) (2010-)","États-Unis d'Amérique","Importations - quantité","Viande, poulet, fraîche ou réfrigérée","2020","tonnes","66140.69"
"Compte Disponibilités et Utilisations (CDU) (2010-)","États-Unis d'Amérique","Importations - quantité","Viande, poulet, fraîche ou réfrigérée","2021","tonnes","69962.36"
"Compte Disponibilités et Utilisations (CDU) (2010-)","États-Unis d'Amérique","Importations - quantité","Viande, poulet, fraîche ou réfrigérée","2022","tonnes","80798.32"
"Compte Disponibilités et Utilisations (CDU) (2010-)","États-Unis d'Amérique","Importations - quantité","Viande, poulet, fraîche ou réfrigérée","2023","tonnes","60044.58"
"Compte Disponibilités et Utilisations (CDU) (2010-)","Éthiopie","Importations - quantité","Viande, poulet, fraîche ou réfrigérée","2010","tonnes","0"
"Compte Disponibilités et Utilisations (CDU) (2010-)","Éthiopie","Importations - quantité","Viande, poulet, fraîche ou réfrigérée","2011","tonnes","1"
"Compte Disponibilités et Utilisations (CDU) (2010-)","Éthiopie","Importations - quantité","Viande, poulet, fraîche ou réfrigérée","2012","tonnes","1"
"Compte Disponibilités et Utilisations (CDU) (2010-)","Éthiopie","Importations - quantité","Viande, poulet, fraîche ou réfrigérée","2013","tonnes","1"
"Compte Disponibilités et Utilisations (CDU) (2010-)","Éthiopie","Importations - quantité","Viande, poulet, fraîche ou réfrigérée","2014","tonnes","39.33"
"Compte Disponibilités et Utilisations (CDU) (2010-)","Éthiopie","Importations - quantité","Viande, poulet, fraîche ou réfrigérée","2015","tonnes","113"
"Compte Disponibilités et Utilisations (CDU) (2010-)","Éthiopie","Importations - quantité","Viande, poulet, fraîche ou réfrigérée","2016","tonnes","65.63"
"Compte Disponibilités et Utilisations (CDU) (2010-)","Éthiopie","Importations - quantité","Viande, poulet, fraîche ou réfrigérée","2017","tonnes","177.49"
"Compte Disponibilités et Utilisations (CDU) (2010-)","Éthiopie","Importations - quantité","Viande, poulet, fraîche ou réfrigérée","2018","tonnes","160.51"
"Compte Disponibilités et Utilisations (CDU) (2010-)","Éthiopie","Importations - quantité","Viande, poulet, fraîche ou réfrigérée","2019","tonnes","667.04"
"Compte Disponibilités et Utilisations (CDU) (2010-)","Éthiopie","Importations - quantité","Viande, poulet, fraîche ou réfrigérée","2020","tonnes","205.11"
"Compte Disponibilités et Utilisations (CDU) (2010-)","Éthiopie","Importations - quantité","Viande, poulet, fraîche ou réfrigérée","2021","tonnes","356.94"
"Compte Disponibilités et Utilisations (CDU) (2010-)","Éthiopie","Importations - quantité","Viande, poulet, fraîche ou réfrigérée","2022","tonnes","223.34"
"Compte Disponibilités et Utilisations (CDU) (2010-)","Éthiopie","Importations - quantité","Viande, poulet, fraîche ou réfrigérée","2023","tonnes","135.2"
"Compte Disponibilités et Utilisations (CDU) (2010-)","Fédération de Russie","Importations - quantité","Viande, poulet, fraîche ou réfrigérée","2010","tonnes","602850"
"Compte Disponibilités et Utilisations (CDU) (2010-)","Fédération de Russie","Importations - quantité","Viande, poulet, fraîche ou réfrigérée","2011","tonnes","384169"
"Compte Disponibilités et Utilisations (CDU) (2010-)","Fédération de Russie","Importations - quantité","Viande, poulet, fraîche ou réfrigérée","2012","tonnes","497750"
"Compte Disponibilités et Utilisations (CDU) (2010-)","Fédération de Russie","Importations - quantité","Viande, poulet, fraîche ou réfrigérée","2013","tonnes","502920"
"Compte Disponibilités et Utilisations (CDU) (2010-)","Fédération de Russie","Importations - quantité","Viande, poulet, fraîche ou réfrigérée","2014","tonnes","435057.93"
"Compte Disponibilités et Utilisations (CDU) (2010-)","Fédération de Russie","Importations - quantité","Viande, poulet, fraîche ou réfrigérée","2015","tonnes","242341.69"
"Compte Disponibilités et Utilisations (CDU) (2010-)","Fédération de Russie","Importations - quantité","Viande, poulet, fraîche ou réfrigérée","2016","tonnes","214218.18"
"Compte Disponibilités et Utilisations (CDU) (2010-)","Fédération de Russie","Importations - quantité","Viande, poulet, fraîche ou réfrigérée","2017","tonnes","218668.52"
"Compte Disponibilités et Utilisations (CDU) (2010-)","Fédération de Russie","Importations - quantité","Viande, poulet, fraîche ou réfrigérée","2018","tonnes","216865.96"
"Compte Disponibilités et Utilisations (CDU) (2010-)","Fédération de Russie","Importations - quantité","Viande, poulet, fraîche ou réfrigérée","2019","tonnes","221058.87"
"Compte Disponibilités et Utilisations (CDU) (2010-)","Fédération de Russie","Importations - quantité","Viande, poulet, fraîche ou réfrigérée","2020","tonnes","217053.02"
"Compte Disponibilités et Utilisations (CDU) (2010-)","Fédération de Russie","Importations - quantité","Viande, poulet, fraîche ou réfrigérée","2021","tonnes","230159.66"
"Compte Disponibilités et Utilisations (CDU) (2010-)","Fédération de Russie","Importations - quantité","Viande, poulet, fraîche ou réfrigérée","2022","tonnes","49613.09"
"Compte Disponibilités et Utilisations (CDU) (2010-)","Fédération de Russie","Importations - quantité","Viande, poulet, fraîche ou réfrigérée","2023","tonnes","89837.77"
"Compte Disponibilités et Utilisations (CDU) (2010-)","Fidji","Importations - quantité","Viande, poulet, fraîche ou réfrigérée","2010","tonnes","1419"
"Compte Disponibilités et Utilisations (CDU) (2010-)","Fidji","Importations - quantité","Viande, poulet, fraîche ou réfrigérée","2011","tonnes","1137"
"Compte Disponibilités et Utilisations (CDU) (2010-)","Fidji","Importations - quantité","Viande, poulet, fraîche ou réfrigérée","2012","tonnes","2101"
"Compte Disponibilités et Utilisations (CDU) (2010-)","Fidji","Importations - quantité","Viande, poulet, fraîche ou réfrigérée","2013","tonnes","845"
"Compte Disponibilités et Utilisations (CDU) (2010-)","Fidji","Importations - quantité","Viande, poulet, fraîche ou réfrigérée","2014","tonnes","783.73"
"Compte Disponibilités et Utilisations (CDU) (2010-)","Fidji","Importations - quantité","Viande, poulet, fraîche ou réfrigérée","2015","tonnes","982.76"
"Compte Disponibilités et Utilisations (CDU) (2010-)","Fidji","Importations - quantité","Viande, poulet, fraîche ou réfrigérée","2016","tonnes","1571.55"
"Compte Disponibilités et Utilisations (CDU) (2010-)","Fidji","Importations - quantité","Viande, poulet, fraîche ou réfrigérée","2017","tonnes","2362.02"
"Compte Disponibilités et Utilisations (CDU) (2010-)","Fidji","Importations - quantité","Viande, poulet, fraîche ou réfrigérée","2018","tonnes","4125.77"
"Compte Disponibilités et Utilisations (CDU) (2010-)","Fidji","Importations - quantité","Viande, poulet, fraîche ou réfrigérée","2019","tonnes","4538.83"
"Compte Disponibilités et Utilisations (CDU) (2010-)","Fidji","Importations - quantité","Viande, poulet, fraîche ou réfrigérée","2020","tonnes","3368.03"
"Compte Disponibilités et Utilisations (CDU) (2010-)","Fidji","Importations - quantité","Viande, poulet, fraîche ou réfrigérée","2021","tonnes","3579.13"
"Compte Disponibilités et Utilisations (CDU) (2010-)","Fidji","Importations - quantité","Viande, poulet, fraîche ou réfrigérée","2022","tonnes","4680.29"
"Compte Disponibilités et Utilisations (CDU) (2010-)","Fidji","Importations - quantité","Viande, poulet, fraîche ou réfrigérée","2023","tonnes","3487.52"
"Compte Disponibilités et Utilisations (CDU) (2010-)","Finlande","Importations - quantité","Viande, poulet, fraîche ou réfrigérée","2010","tonnes","3878"
"Compte Disponibilités et Utilisations (CDU) (2010-)","Finlande","Importations - quantité","Viande, poulet, fraîche ou réfrigérée","2011","tonnes","3069"
"Compte Disponibilités et Utilisations (CDU) (2010-)","Finlande","Importations - quantité","Viande, poulet, fraîche ou réfrigérée","2012","tonnes","2685"
"Compte Disponibilités et Utilisations (CDU) (2010-)","Finlande","Importations - quantité","Viande, poulet, fraîche ou réfrigérée","2013","tonnes","2584"
"Compte Disponibilités et Utilisations (CDU) (2010-)","Finlande","Importations - quantité","Viande, poulet, fraîche ou réfrigérée","2014","tonnes","3445.16"
"Compte Disponibilités et Utilisations (CDU) (2010-)","Finlande","Importations - quantité","Viande, poulet, fraîche ou réfrigérée","2015","tonnes","4246.7"
"Compte Disponibilités et Utilisations (CDU) (2010-)","Finlande","Importations - quantité","Viande, poulet, fraîche ou réfrigérée","2016","tonnes","4984.94"
"Compte Disponibilités et Utilisations (CDU) (2010-)","Finlande","Importations - quantité","Viande, poulet, fraîche ou réfrigérée","2017","tonnes","5432.53"
"Compte Disponibilités et Utilisations (CDU) (2010-)","Finlande","Importations - quantité","Viande, poulet, fraîche ou réfrigérée","2018","tonnes","5154.97"
"Compte Disponibilités et Utilisations (CDU) (2010-)","Finlande","Importations - quantité","Viande, poulet, fraîche ou réfrigérée","2019","tonnes","4517.18"
"Compte Disponibilités et Utilisations (CDU) (2010-)","Finlande","Importations - quantité","Viande, poulet, fraîche ou réfrigérée","2020","tonnes","4342.45"
"Compte Disponibilités et Utilisations (CDU) (2010-)","Finlande","Importations - quantité","Viande, poulet, fraîche ou réfrigérée","2021","tonnes","3745.83"
"Compte Disponibilités et Utilisations (CDU) (2010-)","Finlande","Importations - quantité","Viande, poulet, fraîche ou réfrigérée","2022","tonnes","4823.08"
"Compte Disponibilités et Utilisations (CDU) (2010-)","Finlande","Importations - quantité","Viande, poulet, fraîche ou réfrigérée","2023","tonnes","7999.06"
"Compte Disponibilités et Utilisations (CDU) (2010-)","France","Importations - quantité","Viande, poulet, fraîche ou réfrigérée","2010","tonnes","292493"
"Compte Disponibilités et Utilisations (CDU) (2010-)","France","Importations - quantité","Viande, poulet, fraîche ou réfrigérée","2011","tonnes","317514"
"Compte Disponibilités et Utilisations (CDU) (2010-)","France","Importations - quantité","Viande, poulet, fraîche ou réfrigérée","2012","tonnes","317419"
"Compte Disponibilités et Utilisations (CDU) (2010-)","France","Importations - quantité","Viande, poulet, fraîche ou réfrigérée","2013","tonnes","310000"
"Compte Disponibilités et Utilisations (CDU) (2010-)","France","Importations - quantité","Viande, poulet, fraîche ou réfrigérée","2014","tonnes","322405.95"
"Compte Disponibilités et Utilisations (CDU) (2010-)","France","Importations - quantité","Viande, poulet, fraîche ou réfrigérée","2015","tonnes","347871.32"
"Compte Disponibilités et Utilisations (CDU) (2010-)","France","Importations - quantité","Viande, poulet, fraîche ou réfrigérée","2016","tonnes","355597.14"
"Compte Disponibilités et Utilisations (CDU) (2010-)","France","Importations - quantité","Viande, poulet, fraîche ou réfrigérée","2017","tonnes","374076.19"
"Compte Disponibilités et Utilisations (CDU) (2010-)","France","Importations - quantité","Viande, poulet, fraîche ou réfrigérée","2018","tonnes","383587.86"
"Compte Disponibilités et Utilisations (CDU) (2010-)","France","Importations - quantité","Viande, poulet, fraîche ou réfrigérée","2019","tonnes","386982.33"
"Compte Disponibilités et Utilisations (CDU) (2010-)","France","Importations - quantité","Viande, poulet, fraîche ou réfrigérée","2020","tonnes","367111.55"
"Compte Disponibilités et Utilisations (CDU) (2010-)","France","Importations - quantité","Viande, poulet, fraîche ou réfrigérée","2021","tonnes","440762.28"
"Compte Disponibilités et Utilisations (CDU) (2010-)","France","Importations - quantité","Viande, poulet, fraîche ou réfrigérée","2022","tonnes","478527.55"
"Compte Disponibilités et Utilisations (CDU) (2010-)","France","Importations - quantité","Viande, poulet, fraîche ou réfrigérée","2023","tonnes","495253.06"
"Compte Disponibilités et Utilisations (CDU) (2010-)","Gabon","Importations - quantité","Viande, poulet, fraîche ou réfrigérée","2010","tonnes","43686"
"Compte Disponibilités et Utilisations (CDU) (2010-)","Gabon","Importations - quantité","Viande, poulet, fraîche ou réfrigérée","2011","tonnes","54901"
"Compte Disponibilités et Utilisations (CDU) (2010-)","Gabon","Importations - quantité","Viande, poulet, fraîche ou réfrigérée","2012","tonnes","54617"
"Compte Disponibilités et Utilisations (CDU) (2010-)","Gabon","Importations - quantité","Viande, poulet, fraîche ou réfrigérée","2013","tonnes","58357"
"Compte Disponibilités et Utilisations (CDU) (2010-)","Gabon","Importations - quantité","Viande, poulet, fraîche ou réfrigérée","2014","tonnes","61388.13"
"Compte Disponibilités et Utilisations (CDU) (2010-)","Gabon","Importations - quantité","Viande, poulet, fraîche ou réfrigérée","2015","tonnes","68655.73"
"Compte Disponibilités et Utilisations (CDU) (2010-)","Gabon","Importations - quantité","Viande, poulet, fraîche ou réfrigérée","2016","tonnes","60533.64"
"Compte Disponibilités et Utilisations (CDU) (2010-)","Gabon","Importations - quantité","Viande, poulet, fraîche ou réfrigérée","2017","tonnes","61274.68"
"Compte Disponibilités et Utilisations (CDU) (2010-)","Gabon","Importations - quantité","Viande, poulet, fraîche ou réfrigérée","2018","tonnes","64907.45"
"Compte Disponibilités et Utilisations (CDU) (2010-)","Gabon","Importations - quantité","Viande, poulet, fraîche ou réfrigérée","2019","tonnes","66633.26"
"Compte Disponibilités et Utilisations (CDU) (2010-)","Gabon","Importations - quantité","Viande, poulet, fraîche ou réfrigérée","2020","tonnes","64579.29"
"Compte Disponibilités et Utilisations (CDU) (2010-)","Gabon","Importations - quantité","Viande, poulet, fraîche ou réfrigérée","2021","tonnes","74093.94"
"Compte Disponibilités et Utilisations (CDU) (2010-)","Gabon","Importations - quantité","Viande, poulet, fraîche ou réfrigérée","2022","tonnes","78071.39"
"Compte Disponibilités et Utilisations (CDU) (2010-)","Gabon","Importations - quantité","Viande, poulet, fraîche ou réfrigérée","2023","tonnes","72123.13"
"Compte Disponibilités et Utilisations (CDU) (2010-)","Gambie","Importations - quantité","Viande, poulet, fraîche ou réfrigérée","2010","tonnes","3558"
"Compte Disponibilités et Utilisations (CDU) (2010-)","Gambie","Importations - quantité","Viande, poulet, fraîche ou réfrigérée","2011","tonnes","5682"
"Compte Disponibilités et Utilisations (CDU) (2010-)","Gambie","Importations - quantité","Viande, poulet, fraîche ou réfrigérée","2012","tonnes","5293"
"Compte Disponibilités et Utilisations (CDU) (2010-)","Gambie","Importations - quantité","Viande, poulet, fraîche ou réfrigérée","2013","tonnes","3469"
"Compte Disponibilités et Utilisations (CDU) (2010-)","Gambie","Importations - quantité","Viande, poulet, fraîche ou réfrigérée","2014","tonnes","8060.22"
"Compte Disponibilités et Utilisations (CDU) (2010-)","Gambie","Importations - quantité","Viande, poulet, fraîche ou réfrigérée","2015","tonnes","12546.61"
"Compte Disponibilités et Utilisations (CDU) (2010-)","Gambie","Importations - quantité","Viande, poulet, fraîche ou réfrigérée","2016","tonnes","15120.93"
"Compte Disponibilités et Utilisations (CDU) (2010-)","Gambie","Importations - quantité","Viande, poulet, fraîche ou réfrigérée","2017","tonnes","15984.51"
"Compte Disponibilités et Utilisations (CDU) (2010-)","Gambie","Importations - quantité","Viande, poulet, fraîche ou réfrigérée","2018","tonnes","20834.01"
"Compte Disponibilités et Utilisations (CDU) (2010-)","Gambie","Importations - quantité","Viande, poulet, fraîche ou réfrigérée","2019","tonnes","24688.87"
"Compte Disponibilités et Utilisations (CDU) (2010-)","Gambie","Importations - quantité","Viande, poulet, fraîche ou réfrigérée","2020","tonnes","23985.5"
"Compte Disponibilités et Utilisations (CDU) (2010-)","Gambie","Importations - quantité","Viande, poulet, fraîche ou réfrigérée","2021","tonnes","27882.37"
"Compte Disponibilités et Utilisations (CDU) (2010-)","Gambie","Importations - quantité","Viande, poulet, fraîche ou réfrigérée","2022","tonnes","37233"
"Compte Disponibilités et Utilisations (CDU) (2010-)","Gambie","Importations - quantité","Viande, poulet, fraîche ou réfrigérée","2023","tonnes","40372"
"Compte Disponibilités et Utilisations (CDU) (2010-)","Géorgie","Importations - quantité","Viande, poulet, fraîche ou réfrigérée","2010","tonnes","39558"
"Compte Disponibilités et Utilisations (CDU) (2010-)","Géorgie","Importations - quantité","Viande, poulet, fraîche ou réfrigérée","2011","tonnes","43963"
"Compte Disponibilités et Utilisations (CDU) (2010-)","Géorgie","Importations - quantité","Viande, poulet, fraîche ou réfrigérée","2012","tonnes","43677"
"Compte Disponibilités et Utilisations (CDU) (2010-)","Géorgie","Importations - quantité","Viande, poulet, fraîche ou réfrigérée","2013","tonnes","42890"
"Compte Disponibilités et Utilisations (CDU) (2010-)","Géorgie","Importations - quantité","Viande, poulet, fraîche ou réfrigérée","2014","tonnes","45214.6"
"Compte Disponibilités et Utilisations (CDU) (2010-)","Géorgie","Importations - quantité","Viande, poulet, fraîche ou réfrigérée","2015","tonnes","40309.86"
"Compte Disponibilités et Utilisations (CDU) (2010-)","Géorgie","Importations - quantité","Viande, poulet, fraîche ou réfrigérée","2016","tonnes","51513.58"
"Compte Disponibilités et Utilisations (CDU) (2010-)","Géorgie","Importations - quantité","Viande, poulet, fraîche ou réfrigérée","2017","tonnes","47882.73"
"Compte Disponibilités et Utilisations (CDU) (2010-)","Géorgie","Importations - quantité","Viande, poulet, fraîche ou réfrigérée","2018","tonnes","48528.63"
"Compte Disponibilités et Utilisations (CDU) (2010-)","Géorgie","Importations - quantité","Viande, poulet, fraîche ou réfrigérée","2019","tonnes","51682.32"
"Compte Disponibilités et Utilisations (CDU) (2010-)","Géorgie","Importations - quantité","Viande, poulet, fraîche ou réfrigérée","2020","tonnes","55127.89"
"Compte Disponibilités et Utilisations (CDU) (2010-)","Géorgie","Importations - quantité","Viande, poulet, fraîche ou réfrigérée","2021","tonnes","51275.71"
"Compte Disponibilités et Utilisations (CDU) (2010-)","Géorgie","Importations - quantité","Viande, poulet, fraîche ou réfrigérée","2022","tonnes","62880.31"
"Compte Disponibilités et Utilisations (CDU) (2010-)","Géorgie","Importations - quantité","Viande, poulet, fraîche ou réfrigérée","2023","tonnes","61128.3"
"Compte Disponibilités et Utilisations (CDU) (2010-)","Ghana","Importations - quantité","Viande, poulet, fraîche ou réfrigérée","2010","tonnes","109179"
"Compte Disponibilités et Utilisations (CDU) (2010-)","Ghana","Importations - quantité","Viande, poulet, fraîche ou réfrigérée","2011","tonnes","155056"
"Compte Disponibilités et Utilisations (CDU) (2010-)","Ghana","Importations - quantité","Viande, poulet, fraîche ou réfrigérée","2012","tonnes","154366"
"Compte Disponibilités et Utilisations (CDU) (2010-)","Ghana","Importations - quantité","Viande, poulet, fraîche ou réfrigérée","2013","tonnes","168235"
"Compte Disponibilités et Utilisations (CDU) (2010-)","Ghana","Importations - quantité","Viande, poulet, fraîche ou réfrigérée","2014","tonnes","135356.26"
"Compte Disponibilités et Utilisations (CDU) (2010-)","Ghana","Importations - quantité","Viande, poulet, fraîche ou réfrigérée","2015","tonnes","115334.72"
"Compte Disponibilités et Utilisations (CDU) (2010-)","Ghana","Importations - quantité","Viande, poulet, fraîche ou réfrigérée","2016","tonnes","93107.76"
"Compte Disponibilités et Utilisations (CDU) (2010-)","Ghana","Importations - quantité","Viande, poulet, fraîche ou réfrigérée","2017","tonnes","147537.69"
"Compte Disponibilités et Utilisations (CDU) (2010-)","Ghana","Importations - quantité","Viande, poulet, fraîche ou réfrigérée","2018","tonnes","201812.81"
"Compte Disponibilités et Utilisations (CDU) (2010-)","Ghana","Importations - quantité","Viande, poulet, fraîche ou réfrigérée","2019","tonnes","150038.91"
"Compte Disponibilités et Utilisations (CDU) (2010-)","Ghana","Importations - quantité","Viande, poulet, fraîche ou réfrigérée","2020","tonnes","283828.76"
"Compte Disponibilités et Utilisations (CDU) (2010-)","Ghana","Importations - quantité","Viande, poulet, fraîche ou réfrigérée","2021","tonnes","357456.1"
"Compte Disponibilités et Utilisations (CDU) (2010-)","Ghana","Importations - quantité","Viande, poulet, fraîche ou réfrigérée","2022","tonnes","235394.66"
"Compte Disponibilités et Utilisations (CDU) (2010-)","Ghana","Importations - quantité","Viande, poulet, fraîche ou réfrigérée","2023","tonnes","231024.48"
"Compte Disponibilités et Utilisations (CDU) (2010-)","Grèce","Importations - quantité","Viande, poulet, fraîche ou réfrigérée","2010","tonnes","39686"
"Compte Disponibilités et Utilisations (CDU) (2010-)","Grèce","Importations - quantité","Viande, poulet, fraîche ou réfrigérée","2011","tonnes","41564"
"Compte Disponibilités et Utilisations (CDU) (2010-)","Grèce","Importations - quantité","Viande, poulet, fraîche ou réfrigérée","2012","tonnes","51724"
"Compte Disponibilités et Utilisations (CDU) (2010-)","Grèce","Importations - quantité","Viande, poulet, fraîche ou réfrigérée","2013","tonnes","48113"
"Compte Disponibilités et Utilisations (CDU) (2010-)","Grèce","Importations - quantité","Viande, poulet, fraîche ou réfrigérée","2014","tonnes","46689.54"
"Compte Disponibilités et Utilisations (CDU) (2010-)","Grèce","Importations - quantité","Viande, poulet, fraîche ou réfrigérée","2015","tonnes","45870.62"
"Compte Disponibilités et Utilisations (CDU) (2010-)","Grèce","Importations - quantité","Viande, poulet, fraîche ou réfrigérée","2016","tonnes","51876.34"
"Compte Disponibilités et Utilisations (CDU) (2010-)","Grèce","Importations - quantité","Viande, poulet, fraîche ou réfrigérée","2017","tonnes","53290.8"
"Compte Disponibilités et Utilisations (CDU) (2010-)","Grèce","Importations - quantité","Viande, poulet, fraîche ou réfrigérée","2018","tonnes","55728.44"
"Compte Disponibilités et Utilisations (CDU) (2010-)","Grèce","Importations - quantité","Viande, poulet, fraîche ou réfrigérée","2019","tonnes","53627.73"
"Compte Disponibilités et Utilisations (CDU) (2010-)","Grèce","Importations - quantité","Viande, poulet, fraîche ou réfrigérée","2020","tonnes","43001.18"
"Compte Disponibilités et Utilisations (CDU) (2010-)","Grèce","Importations - quantité","Viande, poulet, fraîche ou réfrigérée","2021","tonnes","50174.68"
"Compte Disponibilités et Utilisations (CDU) (2010-)","Grèce","Importations - quantité","Viande, poulet, fraîche ou réfrigérée","2022","tonnes","56276.24"
"Compte Disponibilités et Utilisations (CDU) (2010-)","Grèce","Importations - quantité","Viande, poulet, fraîche ou réfrigérée","2023","tonnes","59972.41"
"Compte Disponibilités et Utilisations (CDU) (2010-)","Grenade","Importations - quantité","Viande, poulet, fraîche ou réfrigérée","2010","tonnes","5186"
"Compte Disponibilités et Utilisations (CDU) (2010-)","Grenade","Importations - quantité","Viande, poulet, fraîche ou réfrigérée","2011","tonnes","5555"
"Compte Disponibilités et Utilisations (CDU) (2010-)","Grenade","Importations - quantité","Viande, poulet, fraîche ou réfrigérée","2012","tonnes","5606"
"Compte Disponibilités et Utilisations (CDU) (2010-)","Grenade","Importations - quantité","Viande, poulet, fraîche ou réfrigérée","2013","tonnes","6134"
"Compte Disponibilités et Utilisations (CDU) (2010-)","Grenade","Importations - quantité","Viande, poulet, fraîche ou réfrigérée","2014","tonnes","6001.7"
"Compte Disponibilités et Utilisations (CDU) (2010-)","Grenade","Importations - quantité","Viande, poulet, fraîche ou réfrigérée","2015","tonnes","6442.94"
"Compte Disponibilités et Utilisations (CDU) (2010-)","Grenade","Importations - quantité","Viande, poulet, fraîche ou réfrigérée","2016","tonnes","6123"
"Compte Disponibilités et Utilisations (CDU) (2010-)","Grenade","Importations - quantité","Viande, poulet, fraîche ou réfrigérée","2017","tonnes","6230"
"Compte Disponibilités et Utilisations (CDU) (2010-)","Grenade","Importations - quantité","Viande, poulet, fraîche ou réfrigérée","2018","tonnes","6663"
"Compte Disponibilités et Utilisations (CDU) (2010-)","Grenade","Importations - quantité","Viande, poulet, fraîche ou réfrigérée","2019","tonnes","6380"
"Compte Disponibilités et Utilisations (CDU) (2010-)","Grenade","Importations - quantité","Viande, poulet, fraîche ou réfrigérée","2020","tonnes","5129.04"
"Compte Disponibilités et Utilisations (CDU) (2010-)","Grenade","Importations - quantité","Viande, poulet, fraîche ou réfrigérée","2021","tonnes","5782.31"
"Compte Disponibilités et Utilisations (CDU) (2010-)","Grenade","Importations - quantité","Viande, poulet, fraîche ou réfrigérée","2022","tonnes","6794.23"
"Compte Disponibilités et Utilisations (CDU) (2010-)","Grenade","Importations - quantité","Viande, poulet, fraîche ou réfrigérée","2023","tonnes","6352.49"
"Compte Disponibilités et Utilisations (CDU) (2010-)","Guatemala","Importations - quantité","Viande, poulet, fraîche ou réfrigérée","2010","tonnes","68669"
"Compte Disponibilités et Utilisations (CDU) (2010-)","Guatemala","Importations - quantité","Viande, poulet, fraîche ou réfrigérée","2011","tonnes","73604"
"Compte Disponibilités et Utilisations (CDU) (2010-)","Guatemala","Importations - quantité","Viande, poulet, fraîche ou réfrigérée","2012","tonnes","70662"
"Compte Disponibilités et Utilisations (CDU) (2010-)","Guatemala","Importations - quantité","Viande, poulet, fraîche ou réfrigérée","2013","tonnes","82097"
"Compte Disponibilités et Utilisations (CDU) (2010-)","Guatemala","Importations - quantité","Viande, poulet, fraîche ou réfrigérée","2014","tonnes","85972.4"
"Compte Disponibilités et Utilisations (CDU) (2010-)","Guatemala","Importations - quantité","Viande, poulet, fraîche ou réfrigérée","2015","tonnes","107163.39"
"Compte Disponibilités et Utilisations (CDU) (2010-)","Guatemala","Importations - quantité","Viande, poulet, fraîche ou réfrigérée","2016","tonnes","122547.08"
"Compte Disponibilités et Utilisations (CDU) (2010-)","Guatemala","Importations - quantité","Viande, poulet, fraîche ou réfrigérée","2017","tonnes","123620.05"
"Compte Disponibilités et Utilisations (CDU) (2010-)","Guatemala","Importations - quantité","Viande, poulet, fraîche ou réfrigérée","2018","tonnes","125659.68"
"Compte Disponibilités et Utilisations (CDU) (2010-)","Guatemala","Importations - quantité","Viande, poulet, fraîche ou réfrigérée","2019","tonnes","130383.62"
"Compte Disponibilités et Utilisations (CDU) (2010-)","Guatemala","Importations - quantité","Viande, poulet, fraîche ou réfrigérée","2020","tonnes","125364.69"
"Compte Disponibilités et Utilisations (CDU) (2010-)","Guatemala","Importations - quantité","Viande, poulet, fraîche ou réfrigérée","2021","tonnes","135837.32"
"Compte Disponibilités et Utilisations (CDU) (2010-)","Guatemala","Importations - quantité","Viande, poulet, fraîche ou réfrigérée","2022","tonnes","136467.39"
"Compte Disponibilités et Utilisations (CDU) (2010-)","Guatemala","Importations - quantité","Viande, poulet, fraîche ou réfrigérée","2023","tonnes","147615.73"
"Compte Disponibilités et Utilisations (CDU) (2010-)","Guinée","Importations - quantité","Viande, poulet, fraîche ou réfrigérée","2010","tonnes","5569"
"Compte Disponibilités et Utilisations (CDU) (2010-)","Guinée","Importations - quantité","Viande, poulet, fraîche ou réfrigérée","2011","tonnes","8202"
"Compte Disponibilités et Utilisations (CDU) (2010-)","Guinée","Importations - quantité","Viande, poulet, fraîche ou réfrigérée","2012","tonnes","7088"
"Compte Disponibilités et Utilisations (CDU) (2010-)","Guinée","Importations - quantité","Viande, poulet, fraîche ou réfrigérée","2013","tonnes","9213"
"Compte Disponibilités et Utilisations (CDU) (2010-)","Guinée","Importations - quantité","Viande, poulet, fraîche ou réfrigérée","2014","tonnes","8735.46"
"Compte Disponibilités et Utilisations (CDU) (2010-)","Guinée","Importations - quantité","Viande, poulet, fraîche ou réfrigérée","2015","tonnes","15678.14"
"Compte Disponibilités et Utilisations (CDU) (2010-)","Guinée","Importations - quantité","Viande, poulet, fraîche ou réfrigérée","2016","tonnes","26863.64"
"Compte Disponibilités et Utilisations (CDU) (2010-)","Guinée","Importations - quantité","Viande, poulet, fraîche ou réfrigérée","2017","tonnes","31501.45"
"Compte Disponibilités et Utilisations (CDU) (2010-)","Guinée","Importations - quantité","Viande, poulet, fraîche ou réfrigérée","2018","tonnes","37328.15"
"Compte Disponibilités et Utilisations (CDU) (2010-)","Guinée","Importations - quantité","Viande, poulet, fraîche ou réfrigérée","2019","tonnes","34076.03"
"Compte Disponibilités et Utilisations (CDU) (2010-)","Guinée","Importations - quantité","Viande, poulet, fraîche ou réfrigérée","2020","tonnes","49447.34"
"Compte Disponibilités et Utilisations (CDU) (2010-)","Guinée","Importations - quantité","Viande, poulet, fraîche ou réfrigérée","2021","tonnes","58354.37"
"Compte Disponibilités et Utilisations (CDU) (2010-)","Guinée","Importations - quantité","Viande, poulet, fraîche ou réfrigérée","2022","tonnes","66584.05"
"Compte Disponibilités et Utilisations (CDU) (2010-)","Guinée","Importations - quantité","Viande, poulet, fraîche ou réfrigérée","2023","tonnes","64022.45"
"Compte Disponibilités et Utilisations (CDU) (2010-)","Guinée-Bissau","Importations - quantité","Viande, poulet, fraîche ou réfrigérée","2010","tonnes","1208"
"Compte Disponibilités et Utilisations (CDU) (2010-)","Guinée-Bissau","Importations - quantité","Viande, poulet, fraîche ou réfrigérée","2011","tonnes","1450"
"Compte Disponibilités et Utilisations (CDU) (2010-)","Guinée-Bissau","Importations - quantité","Viande, poulet, fraîche ou réfrigérée","2012","tonnes","1201"
"Compte Disponibilités et Utilisations (CDU) (2010-)","Guinée-Bissau","Importations - quantité","Viande, poulet, fraîche ou réfrigérée","2013","tonnes","1279"
"Compte Disponibilités et Utilisations (CDU) (2010-)","Guinée-Bissau","Importations - quantité","Viande, poulet, fraîche ou réfrigérée","2014","tonnes","1704.86"
"Compte Disponibilités et Utilisations (CDU) (2010-)","Guinée-Bissau","Importations - quantité","Viande, poulet, fraîche ou réfrigérée","2015","tonnes","2561.38"
"Compte Disponibilités et Utilisations (CDU) (2010-)","Guinée-Bissau","Importations - quantité","Viande, poulet, fraîche ou réfrigérée","2016","tonnes","3105.38"
"Compte Disponibilités et Utilisations (CDU) (2010-)","Guinée-Bissau","Importations - quantité","Viande, poulet, fraîche ou réfrigérée","2017","tonnes","4205.58"
"Compte Disponibilités et Utilisations (CDU) (2010-)","Guinée-Bissau","Importations - quantité","Viande, poulet, fraîche ou réfrigérée","2018","tonnes","3501.89"
"Compte Disponibilités et Utilisations (CDU) (2010-)","Guinée-Bissau","Importations - quantité","Viande, poulet, fraîche ou réfrigérée","2019","tonnes","2834.42"
"Compte Disponibilités et Utilisations (CDU) (2010-)","Guinée-Bissau","Importations - quantité","Viande, poulet, fraîche ou réfrigérée","2020","tonnes","2776.88"
"Compte Disponibilités et Utilisations (CDU) (2010-)","Guinée-Bissau","Importations - quantité","Viande, poulet, fraîche ou réfrigérée","2021","tonnes","2936.35"
"Compte Disponibilités et Utilisations (CDU) (2010-)","Guinée-Bissau","Importations - quantité","Viande, poulet, fraîche ou réfrigérée","2022","tonnes","2896.41"
"Compte Disponibilités et Utilisations (CDU) (2010-)","Guinée-Bissau","Importations - quantité","Viande, poulet, fraîche ou réfrigérée","2023","tonnes","5035.95"
"Compte Disponibilités et Utilisations (CDU) (2010-)","Guyana","Importations - quantité","Viande, poulet, fraîche ou réfrigérée","2010","tonnes","24"
"Compte Disponibilités et Utilisations (CDU) (2010-)","Guyana","Importations - quantité","Viande, poulet, fraîche ou réfrigérée","2011","tonnes","1037"
"Compte Disponibilités et Utilisations (CDU) (2010-)","Guyana","Importations - quantité","Viande, poulet, fraîche ou réfrigérée","2012","tonnes","2146"
"Compte Disponibilités et Utilisations (CDU) (2010-)","Guyana","Importations - quantité","Viande, poulet, fraîche ou réfrigérée","2013","tonnes","1598"
"Compte Disponibilités et Utilisations (CDU) (2010-)","Guyana","Importations - quantité","Viande, poulet, fraîche ou réfrigérée","2014","tonnes","585.7"
"Compte Disponibilités et Utilisations (CDU) (2010-)","Guyana","Importations - quantité","Viande, poulet, fraîche ou réfrigérée","2015","tonnes","530.65"
"Compte Disponibilités et Utilisations (CDU) (2010-)","Guyana","Importations - quantité","Viande, poulet, fraîche ou réfrigérée","2016","tonnes","746.65"
"Compte Disponibilités et Utilisations (CDU) (2010-)","Guyana","Importations - quantité","Viande, poulet, fraîche ou réfrigérée","2017","tonnes","81.31"
"Compte Disponibilités et Utilisations (CDU) (2010-)","Guyana","Importations - quantité","Viande, poulet, fraîche ou réfrigérée","2018","tonnes","108.2"
"Compte Disponibilités et Utilisations (CDU) (2010-)","Guyana","Importations - quantité","Viande, poulet, fraîche ou réfrigérée","2019","tonnes","127.91"
"Compte Disponibilités et Utilisations (CDU) (2010-)","Guyana","Importations - quantité","Viande, poulet, fraîche ou réfrigérée","2020","tonnes","3.16"
"Compte Disponibilités et Utilisations (CDU) (2010-)","Guyana","Importations - quantité","Viande, poulet, fraîche ou réfrigérée","2021","tonnes","4.58"
"Compte Disponibilités et Utilisations (CDU) (2010-)","Guyana","Importations - quantité","Viande, poulet, fraîche ou réfrigérée","2022","tonnes","447.31"
"Compte Disponibilités et Utilisations (CDU) (2010-)","Guyana","Importations - quantité","Viande, poulet, fraîche ou réfrigérée","2023","tonnes","250.36"
"Compte Disponibilités et Utilisations (CDU) (2010-)","Haïti","Importations - quantité","Viande, poulet, fraîche ou réfrigérée","2010","tonnes","49179"
"Compte Disponibilités et Utilisations (CDU) (2010-)","Haïti","Importations - quantité","Viande, poulet, fraîche ou réfrigérée","2011","tonnes","67173"
"Compte Disponibilités et Utilisations (CDU) (2010-)","Haïti","Importations - quantité","Viande, poulet, fraîche ou réfrigérée","2012","tonnes","72765"
"Compte Disponibilités et Utilisations (CDU) (2010-)","Haïti","Importations - quantité","Viande, poulet, fraîche ou réfrigérée","2013","tonnes","69480"
"Compte Disponibilités et Utilisations (CDU) (2010-)","Haïti","Importations - quantité","Viande, poulet, fraîche ou réfrigérée","2014","tonnes","76275.28"
"Compte Disponibilités et Utilisations (CDU) (2010-)","Haïti","Importations - quantité","Viande, poulet, fraîche ou réfrigérée","2015","tonnes","80497.56"
"Compte Disponibilités et Utilisations (CDU) (2010-)","Haïti","Importations - quantité","Viande, poulet, fraîche ou réfrigérée","2016","tonnes","92771.53"
"Compte Disponibilités et Utilisations (CDU) (2010-)","Haïti","Importations - quantité","Viande, poulet, fraîche ou réfrigérée","2017","tonnes","81374.23"
"Compte Disponibilités et Utilisations (CDU) (2010-)","Haïti","Importations - quantité","Viande, poulet, fraîche ou réfrigérée","2018","tonnes","94811.57"
"Compte Disponibilités et Utilisations (CDU) (2010-)","Haïti","Importations - quantité","Viande, poulet, fraîche ou réfrigérée","2019","tonnes","94574.16"
"Compte Disponibilités et Utilisations (CDU) (2010-)","Haïti","Importations - quantité","Viande, poulet, fraîche ou réfrigérée","2020","tonnes","108291.79"
"Compte Disponibilités et Utilisations (CDU) (2010-)","Haïti","Importations - quantité","Viande, poulet, fraîche ou réfrigérée","2021","tonnes","124618.84"
"Compte Disponibilités et Utilisations (CDU) (2010-)","Haïti","Importations - quantité","Viande, poulet, fraîche ou réfrigérée","2022","tonnes","103344.78"
"Compte Disponibilités et Utilisations (CDU) (2010-)","Haïti","Importations - quantité","Viande, poulet, fraîche ou réfrigérée","2023","tonnes","104656.11"
"Compte Disponibilités et Utilisations (CDU) (2010-)","Honduras","Importations - quantité","Viande, poulet, fraîche ou réfrigérée","2010","tonnes","12398"
"Compte Disponibilités et Utilisations (CDU) (2010-)","Honduras","Importations - quantité","Viande, poulet, fraîche ou réfrigérée","2011","tonnes","11554"
"Compte Disponibilités et Utilisations (CDU) (2010-)","Honduras","Importations - quantité","Viande, poulet, fraîche ou réfrigérée","2012","tonnes","8066"
"Compte Disponibilités et Utilisations (CDU) (2010-)","Honduras","Importations - quantité","Viande, poulet, fraîche ou réfrigérée","2013","tonnes","8327"
"Compte Disponibilités et Utilisations (CDU) (2010-)","Honduras","Importations - quantité","Viande, poulet, fraîche ou réfrigérée","2014","tonnes","9674.66"
"Compte Disponibilités et Utilisations (CDU) (2010-)","Honduras","Importations - quantité","Viande, poulet, fraîche ou réfrigérée","2015","tonnes","11672.34"
"Compte Disponibilités et Utilisations (CDU) (2010-)","Honduras","Importations - quantité","Viande, poulet, fraîche ou réfrigérée","2016","tonnes","12104.33"
"Compte Disponibilités et Utilisations (CDU) (2010-)","Honduras","Importations - quantité","Viande, poulet, fraîche ou réfrigérée","2017","tonnes","8774.57"
"Compte Disponibilités et Utilisations (CDU) (2010-)","Honduras","Importations - quantité","Viande, poulet, fraîche ou réfrigérée","2018","tonnes","11324.5"
"Compte Disponibilités et Utilisations (CDU) (2010-)","Honduras","Importations - quantité","Viande, poulet, fraîche ou réfrigérée","2019","tonnes","10844.14"
"Compte Disponibilités et Utilisations (CDU) (2010-)","Honduras","Importations - quantité","Viande, poulet, fraîche ou réfrigérée","2020","tonnes","11841.99"
"Compte Disponibilités et Utilisations (CDU) (2010-)","Honduras","Importations - quantité","Viande, poulet, fraîche ou réfrigérée","2021","tonnes","10727.53"
"Compte Disponibilités et Utilisations (CDU) (2010-)","Honduras","Importations - quantité","Viande, poulet, fraîche ou réfrigérée","2022","tonnes","12222.01"
"Compte Disponibilités et Utilisations (CDU) (2010-)","Honduras","Importations - quantité","Viande, poulet, fraîche ou réfrigérée","2023","tonnes","15816.19"
"Compte Disponibilités et Utilisations (CDU) (2010-)","Hongrie","Importations - quantité","Viande, poulet, fraîche ou réfrigérée","2010","tonnes","19804"
"Compte Disponibilités et Utilisations (CDU) (2010-)","Hongrie","Importations - quantité","Viande, poulet, fraîche ou réfrigérée","2011","tonnes","27976"
"Compte Disponibilités et Utilisations (CDU) (2010-)","Hongrie","Importations - quantité","Viande, poulet, fraîche ou réfrigérée","2012","tonnes","23313"
"Compte Disponibilités et Utilisations (CDU) (2010-)","Hongrie","Importations - quantité","Viande, poulet, fraîche ou réfrigérée","2013","tonnes","28687"
"Compte Disponibilités et Utilisations (CDU) (2010-)","Hongrie","Importations - quantité","Viande, poulet, fraîche ou réfrigérée","2014","tonnes","30533.34"
"Compte Disponibilités et Utilisations (CDU) (2010-)","Hongrie","Importations - quantité","Viande, poulet, fraîche ou réfrigérée","2015","tonnes","22280.73"
"Compte Disponibilités et Utilisations (CDU) (2010-)","Hongrie","Importations - quantité","Viande, poulet, fraîche ou réfrigérée","2016","tonnes","22786.24"
"Compte Disponibilités et Utilisations (CDU) (2010-)","Hongrie","Importations - quantité","Viande, poulet, fraîche ou réfrigérée","2017","tonnes","37587.78"
"Compte Disponibilités et Utilisations (CDU) (2010-)","Hongrie","Importations - quantité","Viande, poulet, fraîche ou réfrigérée","2018","tonnes","38417.66"
"Compte Disponibilités et Utilisations (CDU) (2010-)","Hongrie","Importations - quantité","Viande, poulet, fraîche ou réfrigérée","2019","tonnes","51086.13"
"Compte Disponibilités et Utilisations (CDU) (2010-)","Hongrie","Importations - quantité","Viande, poulet, fraîche ou réfrigérée","2020","tonnes","60797.72"
"Compte Disponibilités et Utilisations (CDU) (2010-)","Hongrie","Importations - quantité","Viande, poulet, fraîche ou réfrigérée","2021","tonnes","58248.92"
"Compte Disponibilités et Utilisations (CDU) (2010-)","Hongrie","Importations - quantité","Viande, poulet, fraîche ou réfrigérée","2022","tonnes","69684.72"
"Compte Disponibilités et Utilisations (CDU) (2010-)","Hongrie","Importations - quantité","Viande, poulet, fraîche ou réfrigérée","2023","tonnes","85870.58"
"Compte Disponibilités et Utilisations (CDU) (2010-)","Îles Marshall","Importations - quantité","Viande, poulet, fraîche ou réfrigérée","2019","tonnes","2027.7"
"Compte Disponibilités et Utilisations (CDU) (2010-)","Îles Marshall","Importations - quantité","Viande, poulet, fraîche ou réfrigérée","2020","tonnes","2611.52"
"Compte Disponibilités et Utilisations (CDU) (2010-)","Îles Marshall","Importations - quantité","Viande, poulet, fraîche ou réfrigérée","2021","tonnes","3405.65"
"Compte Disponibilités et Utilisations (CDU) (2010-)","Îles Marshall","Importations - quantité","Viande, poulet, fraîche ou réfrigérée","2022","tonnes","2807.35"
"Compte Disponibilités et Utilisations (CDU) (2010-)","Îles Marshall","Importations - quantité","Viande, poulet, fraîche ou réfrigérée","2023","tonnes","2872.52"
"Compte Disponibilités et Utilisations (CDU) (2010-)","Îles Salomon","Importations - quantité","Viande, poulet, fraîche ou réfrigérée","2010","tonnes","879"
"Compte Disponibilités et Utilisations (CDU) (2010-)","Îles Salomon","Importations - quantité","Viande, poulet, fraîche ou réfrigérée","2011","tonnes","2801"
"Compte Disponibilités et Utilisations (CDU) (2010-)","Îles Salomon","Importations - quantité","Viande, poulet, fraîche ou réfrigérée","2012","tonnes","1078"
"Compte Disponibilités et Utilisations (CDU) (2010-)","Îles Salomon","Importations - quantité","Viande, poulet, fraîche ou réfrigérée","2013","tonnes","1509"
"Compte Disponibilités et Utilisations (CDU) (2010-)","Îles Salomon","Importations - quantité","Viande, poulet, fraîche ou réfrigérée","2014","tonnes","2763.29"
"Compte Disponibilités et Utilisations (CDU) (2010-)","Îles Salomon","Importations - quantité","Viande, poulet, fraîche ou réfrigérée","2015","tonnes","2513.17"
"Compte Disponibilités et Utilisations (CDU) (2010-)","Îles Salomon","Importations - quantité","Viande, poulet, fraîche ou réfrigérée","2016","tonnes","3464.84"
"Compte Disponibilités et Utilisations (CDU) (2010-)","Îles Salomon","Importations - quantité","Viande, poulet, fraîche ou réfrigérée","2017","tonnes","3737.25"
"Compte Disponibilités et Utilisations (CDU) (2010-)","Îles Salomon","Importations - quantité","Viande, poulet, fraîche ou réfrigérée","2018","tonnes","3508.31"
"Compte Disponibilités et Utilisations (CDU) (2010-)","Îles Salomon","Importations - quantité","Viande, poulet, fraîche ou réfrigérée","2019","tonnes","3217.26"
"Compte Disponibilités et Utilisations (CDU) (2010-)","Îles Salomon","Importations - quantité","Viande, poulet, fraîche ou réfrigérée","2020","tonnes","3835.69"
"Compte Disponibilités et Utilisations (CDU) (2010-)","Îles Salomon","Importations - quantité","Viande, poulet, fraîche ou réfrigérée","2021","tonnes","4751.12"
"Compte Disponibilités et Utilisations (CDU) (2010-)","Îles Salomon","Importations - quantité","Viande, poulet, fraîche ou réfrigérée","2022","tonnes","4137.29"
"Compte Disponibilités et Utilisations (CDU) (2010-)","Îles Salomon","Importations - quantité","Viande, poulet, fraîche ou réfrigérée","2023","tonnes","5681.5"
"Compte Disponibilités et Utilisations (CDU) (2010-)","Inde","Importations - quantité","Viande, poulet, fraîche ou réfrigérée","2010","tonnes","0"
"Compte Disponibilités et Utilisations (CDU) (2010-)","Inde","Importations - quantité","Viande, poulet, fraîche ou réfrigérée","2011","tonnes","0"
"Compte Disponibilités et Utilisations (CDU) (2010-)","Inde","Importations - quantité","Viande, poulet, fraîche ou réfrigérée","2012","tonnes","0"
"Compte Disponibilités et Utilisations (CDU) (2010-)","Inde","Importations - quantité","Viande, poulet, fraîche ou réfrigérée","2013","tonnes","0"
"Compte Disponibilités et Utilisations (CDU) (2010-)","Inde","Importations - quantité","Viande, poulet, fraîche ou réfrigérée","2015","tonnes","6.04"
"Compte Disponibilités et Utilisations (CDU) (2010-)","Inde","Importations - quantité","Viande, poulet, fraîche ou réfrigérée","2016","tonnes","7.02"
"Compte Disponibilités et Utilisations (CDU) (2010-)","Inde","Importations - quantité","Viande, poulet, fraîche ou réfrigérée","2017","tonnes","17.77"
"Compte Disponibilités et Utilisations (CDU) (2010-)","Inde","Importations - quantité","Viande, poulet, fraîche ou réfrigérée","2018","tonnes","98.79"
"Compte Disponibilités et Utilisations (CDU) (2010-)","Inde","Importations - quantité","Viande, poulet, fraîche ou réfrigérée","2019","tonnes","53.82"
"Compte Disponibilités et Utilisations (CDU) (2010-)","Inde","Importations - quantité","Viande, poulet, fraîche ou réfrigérée","2020","tonnes","163.06"
"Compte Disponibilités et Utilisations (CDU) (2010-)","Inde","Importations - quantité","Viande, poulet, fraîche ou réfrigérée","2021","tonnes","141.43"
"Compte Disponibilités et Utilisations (CDU) (2010-)","Inde","Importations - quantité","Viande, poulet, fraîche ou réfrigérée","2022","tonnes","28.26"
"Compte Disponibilités et Utilisations (CDU) (2010-)","Inde","Importations - quantité","Viande, poulet, fraîche ou réfrigérée","2023","tonnes","25.02"
"Compte Disponibilités et Utilisations (CDU) (2010-)","Indonésie","Importations - quantité","Viande, poulet, fraîche ou réfrigérée","2010","tonnes","125"
"Compte Disponibilités et Utilisations (CDU) (2010-)","Indonésie","Importations - quantité","Viande, poulet, fraîche ou réfrigérée","2011","tonnes","9"
"Compte Disponibilités et Utilisations (CDU) (2010-)","Indonésie","Importations - quantité","Viande, poulet, fraîche ou réfrigérée","2012","tonnes","7"
"Compte Disponibilités et Utilisations (CDU) (2010-)","Indonésie","Importations - quantité","Viande, poulet, fraîche ou réfrigérée","2013","tonnes","11"
"Compte Disponibilités et Utilisations (CDU) (2010-)","Indonésie","Importations - quantité","Viande, poulet, fraîche ou réfrigérée","2017","tonnes","0.03"
"Compte Disponibilités et Utilisations (CDU) (2010-)","Indonésie","Importations - quantité","Viande, poulet, fraîche ou réfrigérée","2018","tonnes","0.02"
"Compte Disponibilités et Utilisations (CDU) (2010-)","Indonésie","Importations - quantité","Viande, poulet, fraîche ou réfrigérée","2019","tonnes","0"
"Compte Disponibilités et Utilisations (CDU) (2010-)","Indonésie","Importations - quantité","Viande, poulet, fraîche ou réfrigérée","2020","tonnes","4.96"
"Compte Disponibilités et Utilisations (CDU) (2010-)","Indonésie","Importations - quantité","Viande, poulet, fraîche ou réfrigérée","2021","tonnes","14.07"
"Compte Disponibilités et Utilisations (CDU) (2010-)","Indonésie","Importations - quantité","Viande, poulet, fraîche ou réfrigérée","2022","tonnes","9.27"
"Compte Disponibilités et Utilisations (CDU) (2010-)","Indonésie","Importations - quantité","Viande, poulet, fraîche ou réfrigérée","2023","tonnes","11.22"
"Compte Disponibilités et Utilisations (CDU) (2010-)","Iran (République islamique d')","Importations - quantité","Viande, poulet, fraîche ou réfrigérée","2010","tonnes","29719"
"Compte Disponibilités et Utilisations (CDU) (2010-)","Iran (République islamique d')","Importations - quantité","Viande, poulet, fraîche ou réfrigérée","2011","tonnes","64569"
"Compte Disponibilités et Utilisations (CDU) (2010-)","Iran (République islamique d')","Importations - quantité","Viande, poulet, fraîche ou réfrigérée","2012","tonnes","46806"
"Compte Disponibilités et Utilisations (CDU) (2010-)","Iran (République islamique d')","Importations - quantité","Viande, poulet, fraîche ou réfrigérée","2013","tonnes","17260"
"Compte Disponibilités et Utilisations (CDU) (2010-)","Iran (République islamique d')","Importations - quantité","Viande, poulet, fraîche ou réfrigérée","2014","tonnes","4943.33"
"Compte Disponibilités et Utilisations (CDU) (2010-)","Iran (République islamique d')","Importations - quantité","Viande, poulet, fraîche ou réfrigérée","2015","tonnes","2685"
"Compte Disponibilités et Utilisations (CDU) (2010-)","Iran (République islamique d')","Importations - quantité","Viande, poulet, fraîche ou réfrigérée","2016","tonnes","3013"
"Compte Disponibilités et Utilisations (CDU) (2010-)","Iran (République islamique d')","Importations - quantité","Viande, poulet, fraîche ou réfrigérée","2017","tonnes","5556"
"Compte Disponibilités et Utilisations (CDU) (2010-)","Iran (République islamique d')","Importations - quantité","Viande, poulet, fraîche ou réfrigérée","2018","tonnes","2947"
"Compte Disponibilités et Utilisations (CDU) (2010-)","Iran (République islamique d')","Importations - quantité","Viande, poulet, fraîche ou réfrigérée","2019","tonnes","4211.69"
"Compte Disponibilités et Utilisations (CDU) (2010-)","Iran (République islamique d')","Importations - quantité","Viande, poulet, fraîche ou réfrigérée","2020","tonnes","3010.52"
"Compte Disponibilités et Utilisations (CDU) (2010-)","Iran (République islamique d')","Importations - quantité","Viande, poulet, fraîche ou réfrigérée","2021","tonnes","117853.26"
"Compte Disponibilités et Utilisations (CDU) (2010-)","Iran (République islamique d')","Importations - quantité","Viande, poulet, fraîche ou réfrigérée","2022","tonnes","107630"
"Compte Disponibilités et Utilisations (CDU) (2010-)","Iran (République islamique d')","Importations - quantité","Viande, poulet, fraîche ou réfrigérée","2023","tonnes","67506.15"
"Compte Disponibilités et Utilisations (CDU) (2010-)","Iraq","Importations - quantité","Viande, poulet, fraîche ou réfrigérée","2010","tonnes","262543"
"Compte Disponibilités et Utilisations (CDU) (2010-)","Iraq","Importations - quantité","Viande, poulet, fraîche ou réfrigérée","2011","tonnes","371978"
"Compte Disponibilités et Utilisations (CDU) (2010-)","Iraq","Importations - quantité","Viande, poulet, fraîche ou réfrigérée","2012","tonnes","352706"
"Compte Disponibilités et Utilisations (CDU) (2010-)","Iraq","Importations - quantité","Viande, poulet, fraîche ou réfrigérée","2013","tonnes","412851"
"Compte Disponibilités et Utilisations (CDU) (2010-)","Iraq","Importations - quantité","Viande, poulet, fraîche ou réfrigérée","2014","tonnes","102217"
"Compte Disponibilités et Utilisations (CDU) (2010-)","Iraq","Importations - quantité","Viande, poulet, fraîche ou réfrigérée","2015","tonnes","347013"
"Compte Disponibilités et Utilisations (CDU) (2010-)","Iraq","Importations - quantité","Viande, poulet, fraîche ou réfrigérée","2016","tonnes","418579"
"Compte Disponibilités et Utilisations (CDU) (2010-)","Iraq","Importations - quantité","Viande, poulet, fraîche ou réfrigérée","2017","tonnes","472062"
"Compte Disponibilités et Utilisations (CDU) (2010-)","Iraq","Importations - quantité","Viande, poulet, fraîche ou réfrigérée","2018","tonnes","449675"
"Compte Disponibilités et Utilisations (CDU) (2010-)","Iraq","Importations - quantité","Viande, poulet, fraîche ou réfrigérée","2019","tonnes","451249"
"Compte Disponibilités et Utilisations (CDU) (2010-)","Iraq","Importations - quantité","Viande, poulet, fraîche ou réfrigérée","2020","tonnes","429000"
"Compte Disponibilités et Utilisations (CDU) (2010-)","Iraq","Importations - quantité","Viande, poulet, fraîche ou réfrigérée","2021","tonnes","327675.69"
"Compte Disponibilités et Utilisations (CDU) (2010-)","Iraq","Importations - quantité","Viande, poulet, fraîche ou réfrigérée","2022","tonnes","452914.01"
"Compte Disponibilités et Utilisations (CDU) (2010-)","Iraq","Importations - quantité","Viande, poulet, fraîche ou réfrigérée","2023","tonnes","504732.02"
"Compte Disponibilités et Utilisations (CDU) (2010-)","Irlande","Importations - quantité","Viande, poulet, fraîche ou réfrigérée","2010","tonnes","40241"
"Compte Disponibilités et Utilisations (CDU) (2010-)","Irlande","Importations - quantité","Viande, poulet, fraîche ou réfrigérée","2011","tonnes","45558"
"Compte Disponibilités et Utilisations (CDU) (2010-)","Irlande","Importations - quantité","Viande, poulet, fraîche ou réfrigérée","2012","tonnes","50828"
"Compte Disponibilités et Utilisations (CDU) (2010-)","Irlande","Importations - quantité","Viande, poulet, fraîche ou réfrigérée","2013","tonnes","56476"
"Compte Disponibilités et Utilisations (CDU) (2010-)","Irlande","Importations - quantité","Viande, poulet, fraîche ou réfrigérée","2014","tonnes","69476.72"
"Compte Disponibilités et Utilisations (CDU) (2010-)","Irlande","Importations - quantité","Viande, poulet, fraîche ou réfrigérée","2015","tonnes","101107"
"Compte Disponibilités et Utilisations (CDU) (2010-)","Irlande","Importations - quantité","Viande, poulet, fraîche ou réfrigérée","2016","tonnes","77387.6"
"Compte Disponibilités et Utilisations (CDU) (2010-)","Irlande","Importations - quantité","Viande, poulet, fraîche ou réfrigérée","2017","tonnes","70413.38"
"Compte Disponibilités et Utilisations (CDU) (2010-)","Irlande","Importations - quantité","Viande, poulet, fraîche ou réfrigérée","2018","tonnes","74718.85"
"Compte Disponibilités et Utilisations (CDU) (2010-)","Irlande","Importations - quantité","Viande, poulet, fraîche ou réfrigérée","2019","tonnes","61195.67"
"Compte Disponibilités et Utilisations (CDU) (2010-)","Irlande","Importations - quantité","Viande, poulet, fraîche ou réfrigérée","2020","tonnes","51871.31"
"Compte Disponibilités et Utilisations (CDU) (2010-)","Irlande","Importations - quantité","Viande, poulet, fraîche ou réfrigérée","2021","tonnes","51326.25"
"Compte Disponibilités et Utilisations (CDU) (2010-)","Irlande","Importations - quantité","Viande, poulet, fraîche ou réfrigérée","2022","tonnes","74966.78"
"Compte Disponibilités et Utilisations (CDU) (2010-)","Irlande","Importations - quantité","Viande, poulet, fraîche ou réfrigérée","2023","tonnes","73758.66"
"Compte Disponibilités et Utilisations (CDU) (2010-)","Islande","Importations - quantité","Viande, poulet, fraîche ou réfrigérée","2010","tonnes","250"
"Compte Disponibilités et Utilisations (CDU) (2010-)","Islande","Importations - quantité","Viande, poulet, fraîche ou réfrigérée","2011","tonnes","467"
"Compte Disponibilités et Utilisations (CDU) (2010-)","Islande","Importations - quantité","Viande, poulet, fraîche ou réfrigérée","2012","tonnes","451"
"Compte Disponibilités et Utilisations (CDU) (2010-)","Islande","Importations - quantité","Viande, poulet, fraîche ou réfrigérée","2013","tonnes","698"
"Compte Disponibilités et Utilisations (CDU) (2010-)","Islande","Importations - quantité","Viande, poulet, fraîche ou réfrigérée","2014","tonnes","781.83"
"Compte Disponibilités et Utilisations (CDU) (2010-)","Islande","Importations - quantité","Viande, poulet, fraîche ou réfrigérée","2015","tonnes","796.34"
"Compte Disponibilités et Utilisations (CDU) (2010-)","Islande","Importations - quantité","Viande, poulet, fraîche ou réfrigérée","2016","tonnes","1037.4"
"Compte Disponibilités et Utilisations (CDU) (2010-)","Islande","Importations - quantité","Viande, poulet, fraîche ou réfrigérée","2017","tonnes","1206.52"
"Compte Disponibilités et Utilisations (CDU) (2010-)","Islande","Importations - quantité","Viande, poulet, fraîche ou réfrigérée","2018","tonnes","971.89"
"Compte Disponibilités et Utilisations (CDU) (2010-)","Islande","Importations - quantité","Viande, poulet, fraîche ou réfrigérée","2019","tonnes","1208.86"
"Compte Disponibilités et Utilisations (CDU) (2010-)","Islande","Importations - quantité","Viande, poulet, fraîche ou réfrigérée","2020","tonnes","1239.41"
"Compte Disponibilités et Utilisations (CDU) (2010-)","Islande","Importations - quantité","Viande, poulet, fraîche ou réfrigérée","2021","tonnes","1298.29"
"Compte Disponibilités et Utilisations (CDU) (2010-)","Islande","Importations - quantité","Viande, poulet, fraîche ou réfrigérée","2022","tonnes","1683.06"
"Compte Disponibilités et Utilisations (CDU) (2010-)","Islande","Importations - quantité","Viande, poulet, fraîche ou réfrigérée","2023","tonnes","1803.86"
"Compte Disponibilités et Utilisations (CDU) (2010-)","Israël","Importations - quantité","Viande, poulet, fraîche ou réfrigérée","2010","tonnes","0"
"Compte Disponibilités et Utilisations (CDU) (2010-)","Israël","Importations - quantité","Viande, poulet, fraîche ou réfrigérée","2011","tonnes","0"
"Compte Disponibilités et Utilisations (CDU) (2010-)","Israël","Importations - quantité","Viande, poulet, fraîche ou réfrigérée","2012","tonnes","0"
"Compte Disponibilités et Utilisations (CDU) (2010-)","Israël","Importations - quantité","Viande, poulet, fraîche ou réfrigérée","2013","tonnes","0"
"Compte Disponibilités et Utilisations (CDU) (2010-)","Israël","Importations - quantité","Viande, poulet, fraîche ou réfrigérée","2022","tonnes","0"
"Compte Disponibilités et Utilisations (CDU) (2010-)","Israël","Importations - quantité","Viande, poulet, fraîche ou réfrigérée","2023","tonnes","0"
"Compte Disponibilités et Utilisations (CDU) (2010-)","Italie","Importations - quantité","Viande, poulet, fraîche ou réfrigérée","2010","tonnes","30384"
"Compte Disponibilités et Utilisations (CDU) (2010-)","Italie","Importations - quantité","Viande, poulet, fraîche ou réfrigérée","2011","tonnes","39586"
"Compte Disponibilités et Utilisations (CDU) (2010-)","Italie","Importations - quantité","Viande, poulet, fraîche ou réfrigérée","2012","tonnes","43105"
"Compte Disponibilités et Utilisations (CDU) (2010-)","Italie","Importations - quantité","Viande, poulet, fraîche ou réfrigérée","2013","tonnes","45786"
"Compte Disponibilités et Utilisations (CDU) (2010-)","Italie","Importations - quantité","Viande, poulet, fraîche ou réfrigérée","2014","tonnes","50232.9"
"Compte Disponibilités et Utilisations (CDU) (2010-)","Italie","Importations - quantité","Viande, poulet, fraîche ou réfrigérée","2015","tonnes","51883.64"
"Compte Disponibilités et Utilisations (CDU) (2010-)","Italie","Importations - quantité","Viande, poulet, fraîche ou réfrigérée","2016","tonnes","42336.42"
"Compte Disponibilités et Utilisations (CDU) (2010-)","Italie","Importations - quantité","Viande, poulet, fraîche ou réfrigérée","2017","tonnes","51247.31"
"Compte Disponibilités et Utilisations (CDU) (2010-)","Italie","Importations - quantité","Viande, poulet, fraîche ou réfrigérée","2018","tonnes","48787.35"
"Compte Disponibilités et Utilisations (CDU) (2010-)","Italie","Importations - quantité","Viande, poulet, fraîche ou réfrigérée","2019","tonnes","51265.86"
"Compte Disponibilités et Utilisations (CDU) (2010-)","Italie","Importations - quantité","Viande, poulet, fraîche ou réfrigérée","2020","tonnes","49508.23"
"Compte Disponibilités et Utilisations (CDU) (2010-)","Italie","Importations - quantité","Viande, poulet, fraîche ou réfrigérée","2021","tonnes","54731.08"
"Compte Disponibilités et Utilisations (CDU) (2010-)","Italie","Importations - quantité","Viande, poulet, fraîche ou réfrigérée","2022","tonnes","87725.1"
"Compte Disponibilités et Utilisations (CDU) (2010-)","Italie","Importations - quantité","Viande, poulet, fraîche ou réfrigérée","2023","tonnes","72052.44"
"Compte Disponibilités et Utilisations (CDU) (2010-)","Jamaïque","Importations - quantité","Viande, poulet, fraîche ou réfrigérée","2010","tonnes","55050"
"Compte Disponibilités et Utilisations (CDU) (2010-)","Jamaïque","Importations - quantité","Viande, poulet, fraîche ou réfrigérée","2011","tonnes","34391"
"Compte Disponibilités et Utilisations (CDU) (2010-)","Jamaïque","Importations - quantité","Viande, poulet, fraîche ou réfrigérée","2012","tonnes","34066"
"Compte Disponibilités et Utilisations (CDU) (2010-)","Jamaïque","Importations - quantité","Viande, poulet, fraîche ou réfrigérée","2013","tonnes","33119"
"Compte Disponibilités et Utilisations (CDU) (2010-)","Jamaïque","Importations - quantité","Viande, poulet, fraîche ou réfrigérée","2014","tonnes","33432.35"
"Compte Disponibilités et Utilisations (CDU) (2010-)","Jamaïque","Importations - quantité","Viande, poulet, fraîche ou réfrigérée","2015","tonnes","32969.67"
"Compte Disponibilités et Utilisations (CDU) (2010-)","Jamaïque","Importations - quantité","Viande, poulet, fraîche ou réfrigérée","2016","tonnes","25655.78"
"Compte Disponibilités et Utilisations (CDU) (2010-)","Jamaïque","Importations - quantité","Viande, poulet, fraîche ou réfrigérée","2017","tonnes","22856.43"
"Compte Disponibilités et Utilisations (CDU) (2010-)","Jamaïque","Importations - quantité","Viande, poulet, fraîche ou réfrigérée","2018","tonnes","23861.57"
"Compte Disponibilités et Utilisations (CDU) (2010-)","Jamaïque","Importations - quantité","Viande, poulet, fraîche ou réfrigérée","2019","tonnes","21369.04"
"Compte Disponibilités et Utilisations (CDU) (2010-)","Jamaïque","Importations - quantité","Viande, poulet, fraîche ou réfrigérée","2020","tonnes","19580.48"
"Compte Disponibilités et Utilisations (CDU) (2010-)","Jamaïque","Importations - quantité","Viande, poulet, fraîche ou réfrigérée","2021","tonnes","13297.67"
"Compte Disponibilités et Utilisations (CDU) (2010-)","Jamaïque","Importations - quantité","Viande, poulet, fraîche ou réfrigérée","2022","tonnes","10709.85"
"Compte Disponibilités et Utilisations (CDU) (2010-)","Jamaïque","Importations - quantité","Viande, poulet, fraîche ou réfrigérée","2023","tonnes","14141.45"
"Compte Disponibilités et Utilisations (CDU) (2010-)","Jordanie","Importations - quantité","Viande, poulet, fraîche ou réfrigérée","2010","tonnes","46953"
"Compte Disponibilités et Utilisations (CDU) (2010-)","Jordanie","Importations - quantité","Viande, poulet, fraîche ou réfrigérée","2011","tonnes","47117"
"Compte Disponibilités et Utilisations (CDU) (2010-)","Jordanie","Importations - quantité","Viande, poulet, fraîche ou réfrigérée","2012","tonnes","55621"
"Compte Disponibilités et Utilisations (CDU) (2010-)","Jordanie","Importations - quantité","Viande, poulet, fraîche ou réfrigérée","2013","tonnes","73653"
"Compte Disponibilités et Utilisations (CDU) (2010-)","Jordanie","Importations - quantité","Viande, poulet, fraîche ou réfrigérée","2014","tonnes","75662.17"
"Compte Disponibilités et Utilisations (CDU) (2010-)","Jordanie","Importations - quantité","Viande, poulet, fraîche ou réfrigérée","2015","tonnes","77348.03"
"Compte Disponibilités et Utilisations (CDU) (2010-)","Jordanie","Importations - quantité","Viande, poulet, fraîche ou réfrigérée","2016","tonnes","61687.41"
"Compte Disponibilités et Utilisations (CDU) (2010-)","Jordanie","Importations - quantité","Viande, poulet, fraîche ou réfrigérée","2017","tonnes","52808.43"
"Compte Disponibilités et Utilisations (CDU) (2010-)","Jordanie","Importations - quantité","Viande, poulet, fraîche ou réfrigérée","2018","tonnes","55619.45"
"Compte Disponibilités et Utilisations (CDU) (2010-)","Jordanie","Importations - quantité","Viande, poulet, fraîche ou réfrigérée","2019","tonnes","55700.52"
"Compte Disponibilités et Utilisations (CDU) (2010-)","Jordanie","Importations - quantité","Viande, poulet, fraîche ou réfrigérée","2020","tonnes","48920.44"
"Compte Disponibilités et Utilisations (CDU) (2010-)","Jordanie","Importations - quantité","Viande, poulet, fraîche ou réfrigérée","2021","tonnes","69676.8"
"Compte Disponibilités et Utilisations (CDU) (2010-)","Jordanie","Importations - quantité","Viande, poulet, fraîche ou réfrigérée","2022","tonnes","52475.4"
"Compte Disponibilités et Utilisations (CDU) (2010-)","Jordanie","Importations - quantité","Viande, poulet, fraîche ou réfrigérée","2023","tonnes","55075.41"
"Compte Disponibilités et Utilisations (CDU) (2010-)","Kazakhstan","Importations - quantité","Viande, poulet, fraîche ou réfrigérée","2010","tonnes","123634"
"Compte Disponibilités et Utilisations (CDU) (2010-)","Kazakhstan","Importations - quantité","Viande, poulet, fraîche ou réfrigérée","2011","tonnes","156756"
"Compte Disponibilités et Utilisations (CDU) (2010-)","Kazakhstan","Importations - quantité","Viande, poulet, fraîche ou réfrigérée","2012","tonnes","191131"
"Compte Disponibilités et Utilisations (CDU) (2010-)","Kazakhstan","Importations - quantité","Viande, poulet, fraîche ou réfrigérée","2013","tonnes","168869"
"Compte Disponibilités et Utilisations (CDU) (2010-)","Kazakhstan","Importations - quantité","Viande, poulet, fraîche ou réfrigérée","2014","tonnes","157963.15"
"Compte Disponibilités et Utilisations (CDU) (2010-)","Kazakhstan","Importations - quantité","Viande, poulet, fraîche ou réfrigérée","2015","tonnes","160291.02"
"Compte Disponibilités et Utilisations (CDU) (2010-)","Kazakhstan","Importations - quantité","Viande, poulet, fraîche ou réfrigérée","2016","tonnes","164386.3"
"Compte Disponibilités et Utilisations (CDU) (2010-)","Kazakhstan","Importations - quantité","Viande, poulet, fraîche ou réfrigérée","2017","tonnes","168860.94"
"Compte Disponibilités et Utilisations (CDU) (2010-)","Kazakhstan","Importations - quantité","Viande, poulet, fraîche ou réfrigérée","2018","tonnes","188613.79"
"Compte Disponibilités et Utilisations (CDU) (2010-)","Kazakhstan","Importations - quantité","Viande, poulet, fraîche ou réfrigérée","2019","tonnes","170925.81"
"Compte Disponibilités et Utilisations (CDU) (2010-)","Kazakhstan","Importations - quantité","Viande, poulet, fraîche ou réfrigérée","2020","tonnes","182100.88"
"Compte Disponibilités et Utilisations (CDU) (2010-)","Kazakhstan","Importations - quantité","Viande, poulet, fraîche ou réfrigérée","2021","tonnes","166455.53"
"Compte Disponibilités et Utilisations (CDU) (2010-)","Kazakhstan","Importations - quantité","Viande, poulet, fraîche ou réfrigérée","2022","tonnes","151990.84"
"Compte Disponibilités et Utilisations (CDU) (2010-)","Kazakhstan","Importations - quantité","Viande, poulet, fraîche ou réfrigérée","2023","tonnes","150027.67"
"Compte Disponibilités et Utilisations (CDU) (2010-)","Kenya","Importations - quantité","Viande, poulet, fraîche ou réfrigérée","2010","tonnes","0"
"Compte Disponibilités et Utilisations (CDU) (2010-)","Kenya","Importations - quantité","Viande, poulet, fraîche ou réfrigérée","2011","tonnes","0"
"Compte Disponibilités et Utilisations (CDU) (2010-)","Kenya","Importations - quantité","Viande, poulet, fraîche ou réfrigérée","2012","tonnes","1827"
"Compte Disponibilités et Utilisations (CDU) (2010-)","Kenya","Importations - quantité","Viande, poulet, fraîche ou réfrigérée","2013","tonnes","9"
"Compte Disponibilités et Utilisations (CDU) (2010-)","Kenya","Importations - quantité","Viande, poulet, fraîche ou réfrigérée","2014","tonnes","1980.39"
"Compte Disponibilités et Utilisations (CDU) (2010-)","Kenya","Importations - quantité","Viande, poulet, fraîche ou réfrigérée","2017","tonnes","75.14"
"Compte Disponibilités et Utilisations (CDU) (2010-)","Kenya","Importations - quantité","Viande, poulet, fraîche ou réfrigérée","2018","tonnes","792.25"
"Compte Disponibilités et Utilisations (CDU) (2010-)","Kenya","Importations - quantité","Viande, poulet, fraîche ou réfrigérée","2019","tonnes","379.64"
"Compte Disponibilités et Utilisations (CDU) (2010-)","Kenya","Importations - quantité","Viande, poulet, fraîche ou réfrigérée","2020","tonnes","1397.03"
"Compte Disponibilités et Utilisations (CDU) (2010-)","Kenya","Importations - quantité","Viande, poulet, fraîche ou réfrigérée","2021","tonnes","665.5"
"Compte Disponibilités et Utilisations (CDU) (2010-)","Kenya","Importations - quantité","Viande, poulet, fraîche ou réfrigérée","2022","tonnes","1653.28"
"Compte Disponibilités et Utilisations (CDU) (2010-)","Kenya","Importations - quantité","Viande, poulet, fraîche ou réfrigérée","2023","tonnes","1096.16"
"Compte Disponibilités et Utilisations (CDU) (2010-)","Kirghizistan","Importations - quantité","Viande, poulet, fraîche ou réfrigérée","2010","tonnes","86804"
"Compte Disponibilités et Utilisations (CDU) (2010-)","Kirghizistan","Importations - quantité","Viande, poulet, fraîche ou réfrigérée","2011","tonnes","72825"
"Compte Disponibilités et Utilisations (CDU) (2010-)","Kirghizistan","Importations - quantité","Viande, poulet, fraîche ou réfrigérée","2012","tonnes","66282"
"Compte Disponibilités et Utilisations (CDU) (2010-)","Kirghizistan","Importations - quantité","Viande, poulet, fraîche ou réfrigérée","2013","tonnes","50400"
"Compte Disponibilités et Utilisations (CDU) (2010-)","Kirghizistan","Importations - quantité","Viande, poulet, fraîche ou réfrigérée","2014","tonnes","17969"
"Compte Disponibilités et Utilisations (CDU) (2010-)","Kirghizistan","Importations - quantité","Viande, poulet, fraîche ou réfrigérée","2015","tonnes","18994.75"
"Compte Disponibilités et Utilisations (CDU) (2010-)","Kirghizistan","Importations - quantité","Viande, poulet, fraîche ou réfrigérée","2016","tonnes","11168.54"
"Compte Disponibilités et Utilisations (CDU) (2010-)","Kirghizistan","Importations - quantité","Viande, poulet, fraîche ou réfrigérée","2017","tonnes","23141.71"
"Compte Disponibilités et Utilisations (CDU) (2010-)","Kirghizistan","Importations - quantité","Viande, poulet, fraîche ou réfrigérée","2018","tonnes","26527.59"
"Compte Disponibilités et Utilisations (CDU) (2010-)","Kirghizistan","Importations - quantité","Viande, poulet, fraîche ou réfrigérée","2019","tonnes","30348.03"
"Compte Disponibilités et Utilisations (CDU) (2010-)","Kirghizistan","Importations - quantité","Viande, poulet, fraîche ou réfrigérée","2020","tonnes","28381.75"
"Compte Disponibilités et Utilisations (CDU) (2010-)","Kirghizistan","Importations - quantité","Viande, poulet, fraîche ou réfrigérée","2021","tonnes","35887.7"
"Compte Disponibilités et Utilisations (CDU) (2010-)","Kirghizistan","Importations - quantité","Viande, poulet, fraîche ou réfrigérée","2022","tonnes","38417.79"
"Compte Disponibilités et Utilisations (CDU) (2010-)","Kirghizistan","Importations - quantité","Viande, poulet, fraîche ou réfrigérée","2023","tonnes","47561.63"
"Compte Disponibilités et Utilisations (CDU) (2010-)","Kiribati","Importations - quantité","Viande, poulet, fraîche ou réfrigérée","2010","tonnes","617"
"Compte Disponibilités et Utilisations (CDU) (2010-)","Kiribati","Importations - quantité","Viande, poulet, fraîche ou réfrigérée","2011","tonnes","492"
"Compte Disponibilités et Utilisations (CDU) (2010-)","Kiribati","Importations - quantité","Viande, poulet, fraîche ou réfrigérée","2012","tonnes","641"
"Compte Disponibilités et Utilisations (CDU) (2010-)","Kiribati","Importations - quantité","Viande, poulet, fraîche ou réfrigérée","2013","tonnes","683"
"Compte Disponibilités et Utilisations (CDU) (2010-)","Kiribati","Importations - quantité","Viande, poulet, fraîche ou réfrigérée","2014","tonnes","820.09"
"Compte Disponibilités et Utilisations (CDU) (2010-)","Kiribati","Importations - quantité","Viande, poulet, fraîche ou réfrigérée","2015","tonnes","960.78"
"Compte Disponibilités et Utilisations (CDU) (2010-)","Kiribati","Importations - quantité","Viande, poulet, fraîche ou réfrigérée","2016","tonnes","753.28"
"Compte Disponibilités et Utilisations (CDU) (2010-)","Kiribati","Importations - quantité","Viande, poulet, fraîche ou réfrigérée","2017","tonnes","1185.36"
"Compte Disponibilités et Utilisations (CDU) (2010-)","Kiribati","Importations - quantité","Viande, poulet, fraîche ou réfrigérée","2018","tonnes","1567.95"
"Compte Disponibilités et Utilisations (CDU) (2010-)","Kiribati","Importations - quantité","Viande, poulet, fraîche ou réfrigérée","2019","tonnes","1496.4"
"Compte Disponibilités et Utilisations (CDU) (2010-)","Kiribati","Importations - quantité","Viande, poulet, fraîche ou réfrigérée","2020","tonnes","17.95"
"Compte Disponibilités et Utilisations (CDU) (2010-)","Kiribati","Importations - quantité","Viande, poulet, fraîche ou réfrigérée","2021","tonnes","141.51"
"Compte Disponibilités et Utilisations (CDU) (2010-)","Kiribati","Importations - quantité","Viande, poulet, fraîche ou réfrigérée","2022","tonnes","1805.64"
"Compte Disponibilités et Utilisations (CDU) (2010-)","Kiribati","Importations - quantité","Viande, poulet, fraîche ou réfrigérée","2023","tonnes","1992.12"
"Compte Disponibilités et Utilisations (CDU) (2010-)","Koweït","Importations - quantité","Viande, poulet, fraîche ou réfrigérée","2010","tonnes","184506"
"Compte Disponibilités et Utilisations (CDU) (2010-)","Koweït","Importations - quantité","Viande, poulet, fraîche ou réfrigérée","2011","tonnes","159397"
"Compte Disponibilités et Utilisations (CDU) (2010-)","Koweït","Importations - quantité","Viande, poulet, fraîche ou réfrigérée","2012","tonnes","134448"
"Compte Disponibilités et Utilisations (CDU) (2010-)","Koweït","Importations - quantité","Viande, poulet, fraîche ou réfrigérée","2013","tonnes","129835"
"Compte Disponibilités et Utilisations (CDU) (2010-)","Koweït","Importations - quantité","Viande, poulet, fraîche ou réfrigérée","2014","tonnes","119271.72"
"Compte Disponibilités et Utilisations (CDU) (2010-)","Koweït","Importations - quantité","Viande, poulet, fraîche ou réfrigérée","2015","tonnes","122424.69"
"Compte Disponibilités et Utilisations (CDU) (2010-)","Koweït","Importations - quantité","Viande, poulet, fraîche ou réfrigérée","2016","tonnes","128335.21"
"Compte Disponibilités et Utilisations (CDU) (2010-)","Koweït","Importations - quantité","Viande, poulet, fraîche ou réfrigérée","2017","tonnes","131028.14"
"Compte Disponibilités et Utilisations (CDU) (2010-)","Koweït","Importations - quantité","Viande, poulet, fraîche ou réfrigérée","2018","tonnes","140601.36"
"Compte Disponibilités et Utilisations (CDU) (2010-)","Koweït","Importations - quantité","Viande, poulet, fraîche ou réfrigérée","2019","tonnes","139256.28"
"Compte Disponibilités et Utilisations (CDU) (2010-)","Koweït","Importations - quantité","Viande, poulet, fraîche ou réfrigérée","2020","tonnes","134749.62"
"Compte Disponibilités et Utilisations (CDU) (2010-)","Koweït","Importations - quantité","Viande, poulet, fraîche ou réfrigérée","2021","tonnes","111891.08"
"Compte Disponibilités et Utilisations (CDU) (2010-)","Koweït","Importations - quantité","Viande, poulet, fraîche ou réfrigérée","2022","tonnes","105259"
"Compte Disponibilités et Utilisations (CDU) (2010-)","Koweït","Importations - quantité","Viande, poulet, fraîche ou réfrigérée","2023","tonnes","100808"
"Compte Disponibilités et Utilisations (CDU) (2010-)","Lesotho","Importations - quantité","Viande, poulet, fraîche ou réfrigérée","2010","tonnes","8000"
"Compte Disponibilités et Utilisations (CDU) (2010-)","Lesotho","Importations - quantité","Viande, poulet, fraîche ou réfrigérée","2011","tonnes","9000"
"Compte Disponibilités et Utilisations (CDU) (2010-)","Lesotho","Importations - quantité","Viande, poulet, fraîche ou réfrigérée","2012","tonnes","9500"
"Compte Disponibilités et Utilisations (CDU) (2010-)","Lesotho","Importations - quantité","Viande, poulet, fraîche ou réfrigérée","2013","tonnes","17229"
"Compte Disponibilités et Utilisations (CDU) (2010-)","Lesotho","Importations - quantité","Viande, poulet, fraîche ou réfrigérée","2014","tonnes","19259.99"
"Compte Disponibilités et Utilisations (CDU) (2010-)","Lesotho","Importations - quantité","Viande, poulet, fraîche ou réfrigérée","2015","tonnes","14964.07"
"Compte Disponibilités et Utilisations (CDU) (2010-)","Lesotho","Importations - quantité","Viande, poulet, fraîche ou réfrigérée","2016","tonnes","11929.12"
"Compte Disponibilités et Utilisations (CDU) (2010-)","Lesotho","Importations - quantité","Viande, poulet, fraîche ou réfrigérée","2017","tonnes","10541.63"
"Compte Disponibilités et Utilisations (CDU) (2010-)","Lesotho","Importations - quantité","Viande, poulet, fraîche ou réfrigérée","2018","tonnes","16919.11"
"Compte Disponibilités et Utilisations (CDU) (2010-)","Lesotho","Importations - quantité","Viande, poulet, fraîche ou réfrigérée","2019","tonnes","1218.43"
"Compte Disponibilités et Utilisations (CDU) (2010-)","Lesotho","Importations - quantité","Viande, poulet, fraîche ou réfrigérée","2020","tonnes","2059.28"
"Compte Disponibilités et Utilisations (CDU) (2010-)","Lesotho","Importations - quantité","Viande, poulet, fraîche ou réfrigérée","2021","tonnes","1135.96"
"Compte Disponibilités et Utilisations (CDU) (2010-)","Lesotho","Importations - quantité","Viande, poulet, fraîche ou réfrigérée","2022","tonnes","1257.4"
"Compte Disponibilités et Utilisations (CDU) (2010-)","Lesotho","Importations - quantité","Viande, poulet, fraîche ou réfrigérée","2023","tonnes","16779.41"
"Compte Disponibilités et Utilisations (CDU) (2010-)","Lettonie","Importations - quantité","Viande, poulet, fraîche ou réfrigérée","2010","tonnes","23255"
"Compte Disponibilités et Utilisations (CDU) (2010-)","Lettonie","Importations - quantité","Viande, poulet, fraîche ou réfrigérée","2011","tonnes","23290"
"Compte Disponibilités et Utilisations (CDU) (2010-)","Lettonie","Importations - quantité","Viande, poulet, fraîche ou réfrigérée","2012","tonnes","22062"
"Compte Disponibilités et Utilisations (CDU) (2010-)","Lettonie","Importations - quantité","Viande, poulet, fraîche ou réfrigérée","2013","tonnes","22608"
"Compte Disponibilités et Utilisations (CDU) (2010-)","Lettonie","Importations - quantité","Viande, poulet, fraîche ou réfrigérée","2014","tonnes","24527.45"
"Compte Disponibilités et Utilisations (CDU) (2010-)","Lettonie","Importations - quantité","Viande, poulet, fraîche ou réfrigérée","2015","tonnes","20437.55"
"Compte Disponibilités et Utilisations (CDU) (2010-)","Lettonie","Importations - quantité","Viande, poulet, fraîche ou réfrigérée","2016","tonnes","29102.5"
"Compte Disponibilités et Utilisations (CDU) (2010-)","Lettonie","Importations - quantité","Viande, poulet, fraîche ou réfrigérée","2017","tonnes","34695.41"
"Compte Disponibilités et Utilisations (CDU) (2010-)","Lettonie","Importations - quantité","Viande, poulet, fraîche ou réfrigérée","2018","tonnes","37896"
"Compte Disponibilités et Utilisations (CDU) (2010-)","Lettonie","Importations - quantité","Viande, poulet, fraîche ou réfrigérée","2019","tonnes","39415.08"
"Compte Disponibilités et Utilisations (CDU) (2010-)","Lettonie","Importations - quantité","Viande, poulet, fraîche ou réfrigérée","2020","tonnes","39816.24"
"Compte Disponibilités et Utilisations (CDU) (2010-)","Lettonie","Importations - quantité","Viande, poulet, fraîche ou réfrigérée","2021","tonnes","38625.86"
"Compte Disponibilités et Utilisations (CDU) (2010-)","Lettonie","Importations - quantité","Viande, poulet, fraîche ou réfrigérée","2022","tonnes","34159.14"
"Compte Disponibilités et Utilisations (CDU) (2010-)","Lettonie","Importations - quantité","Viande, poulet, fraîche ou réfrigérée","2023","tonnes","34675.63"
"Compte Disponibilités et Utilisations (CDU) (2010-)","Liban","Importations - quantité","Viande, poulet, fraîche ou réfrigérée","2010","tonnes","8829"
"Compte Disponibilités et Utilisations (CDU) (2010-)","Liban","Importations - quantité","Viande, poulet, fraîche ou réfrigérée","2011","tonnes","3719"
"Compte Disponibilités et Utilisations (CDU) (2010-)","Liban","Importations - quantité","Viande, poulet, fraîche ou réfrigérée","2012","tonnes","10496"
"Compte Disponibilités et Utilisations (CDU) (2010-)","Liban","Importations - quantité","Viande, poulet, fraîche ou réfrigérée","2013","tonnes","11222"
"Compte Disponibilités et Utilisations (CDU) (2010-)","Liban","Importations - quantité","Viande, poulet, fraîche ou réfrigérée","2014","tonnes","12978.98"
"Compte Disponibilités et Utilisations (CDU) (2010-)","Liban","Importations - quantité","Viande, poulet, fraîche ou réfrigérée","2015","tonnes","9853.98"
"Compte Disponibilités et Utilisations (CDU) (2010-)","Liban","Importations - quantité","Viande, poulet, fraîche ou réfrigérée","2016","tonnes","9402.91"
"Compte Disponibilités et Utilisations (CDU) (2010-)","Liban","Importations - quantité","Viande, poulet, fraîche ou réfrigérée","2017","tonnes","7848.18"
"Compte Disponibilités et Utilisations (CDU) (2010-)","Liban","Importations - quantité","Viande, poulet, fraîche ou réfrigérée","2018","tonnes","5947.49"
"Compte Disponibilités et Utilisations (CDU) (2010-)","Liban","Importations - quantité","Viande, poulet, fraîche ou réfrigérée","2019","tonnes","5404.65"
"Compte Disponibilités et Utilisations (CDU) (2010-)","Liban","Importations - quantité","Viande, poulet, fraîche ou réfrigérée","2020","tonnes","1586.59"
"Compte Disponibilités et Utilisations (CDU) (2010-)","Liban","Importations - quantité","Viande, poulet, fraîche ou réfrigérée","2021","tonnes","3476.19"
"Compte Disponibilités et Utilisations (CDU) (2010-)","Liban","Importations - quantité","Viande, poulet, fraîche ou réfrigérée","2022","tonnes","6485.69"
"Compte Disponibilités et Utilisations (CDU) (2010-)","Liban","Importations - quantité","Viande, poulet, fraîche ou réfrigérée","2023","tonnes","6203.55"
"Compte Disponibilités et Utilisations (CDU) (2010-)","Libéria","Importations - quantité","Viande, poulet, fraîche ou réfrigérée","2010","tonnes","11441"
"Compte Disponibilités et Utilisations (CDU) (2010-)","Libéria","Importations - quantité","Viande, poulet, fraîche ou réfrigérée","2011","tonnes","20397"
"Compte Disponibilités et Utilisations (CDU) (2010-)","Libéria","Importations - quantité","Viande, poulet, fraîche ou réfrigérée","2012","tonnes","22340"
"Compte Disponibilités et Utilisations (CDU) (2010-)","Libéria","Importations - quantité","Viande, poulet, fraîche ou réfrigérée","2013","tonnes","25290"
"Compte Disponibilités et Utilisations (CDU) (2010-)","Libéria","Importations - quantité","Viande, poulet, fraîche ou réfrigérée","2014","tonnes","22365.57"
"Compte Disponibilités et Utilisations (CDU) (2010-)","Libéria","Importations - quantité","Viande, poulet, fraîche ou réfrigérée","2015","tonnes","32583.13"
"Compte Disponibilités et Utilisations (CDU) (2010-)","Libéria","Importations - quantité","Viande, poulet, fraîche ou réfrigérée","2016","tonnes","33778.59"
"Compte Disponibilités et Utilisations (CDU) (2010-)","Libéria","Importations - quantité","Viande, poulet, fraîche ou réfrigérée","2017","tonnes","41179.37"
"Compte Disponibilités et Utilisations (CDU) (2010-)","Libéria","Importations - quantité","Viande, poulet, fraîche ou réfrigérée","2018","tonnes","27542.69"
"Compte Disponibilités et Utilisations (CDU) (2010-)","Libéria","Importations - quantité","Viande, poulet, fraîche ou réfrigérée","2019","tonnes","32365.25"
"Compte Disponibilités et Utilisations (CDU) (2010-)","Libéria","Importations - quantité","Viande, poulet, fraîche ou réfrigérée","2020","tonnes","37114.16"
"Compte Disponibilités et Utilisations (CDU) (2010-)","Libéria","Importations - quantité","Viande, poulet, fraîche ou réfrigérée","2021","tonnes","45874.28"
"Compte Disponibilités et Utilisations (CDU) (2010-)","Libéria","Importations - quantité","Viande, poulet, fraîche ou réfrigérée","2022","tonnes","3434.66"
"Compte Disponibilités et Utilisations (CDU) (2010-)","Libéria","Importations - quantité","Viande, poulet, fraîche ou réfrigérée","2023","tonnes","1738.27"
"Compte Disponibilités et Utilisations (CDU) (2010-)","Libye","Importations - quantité","Viande, poulet, fraîche ou réfrigérée","2010","tonnes","0"
"Compte Disponibilités et Utilisations (CDU) (2010-)","Libye","Importations - quantité","Viande, poulet, fraîche ou réfrigérée","2011","tonnes","23850"
"Compte Disponibilités et Utilisations (CDU) (2010-)","Libye","Importations - quantité","Viande, poulet, fraîche ou réfrigérée","2012","tonnes","0"
"Compte Disponibilités et Utilisations (CDU) (2010-)","Libye","Importations - quantité","Viande, poulet, fraîche ou réfrigérée","2013","tonnes","0"
"Compte Disponibilités et Utilisations (CDU) (2010-)","Libye","Importations - quantité","Viande, poulet, fraîche ou réfrigérée","2014","tonnes","81907.47"
"Compte Disponibilités et Utilisations (CDU) (2010-)","Libye","Importations - quantité","Viande, poulet, fraîche ou réfrigérée","2015","tonnes","88124.23"
"Compte Disponibilités et Utilisations (CDU) (2010-)","Libye","Importations - quantité","Viande, poulet, fraîche ou réfrigérée","2016","tonnes","66027.92"
"Compte Disponibilités et Utilisations (CDU) (2010-)","Libye","Importations - quantité","Viande, poulet, fraîche ou réfrigérée","2017","tonnes","56961.63"
"Compte Disponibilités et Utilisations (CDU) (2010-)","Libye","Importations - quantité","Viande, poulet, fraîche ou réfrigérée","2018","tonnes","121307.73"
"Compte Disponibilités et Utilisations (CDU) (2010-)","Libye","Importations - quantité","Viande, poulet, fraîche ou réfrigérée","2019","tonnes","74948.59"
"Compte Disponibilités et Utilisations (CDU) (2010-)","Libye","Importations - quantité","Viande, poulet, fraîche ou réfrigérée","2020","tonnes","94978.48"
"Compte Disponibilités et Utilisations (CDU) (2010-)","Libye","Importations - quantité","Viande, poulet, fraîche ou réfrigérée","2021","tonnes","129707.09"
"Compte Disponibilités et Utilisations (CDU) (2010-)","Libye","Importations - quantité","Viande, poulet, fraîche ou réfrigérée","2022","tonnes","104256.62"
"Compte Disponibilités et Utilisations (CDU) (2010-)","Libye","Importations - quantité","Viande, poulet, fraîche ou réfrigérée","2023","tonnes","96518.78"
"Compte Disponibilités et Utilisations (CDU) (2010-)","Lituanie","Importations - quantité","Viande, poulet, fraîche ou réfrigérée","2010","tonnes","15500"
"Compte Disponibilités et Utilisations (CDU) (2010-)","Lituanie","Importations - quantité","Viande, poulet, fraîche ou réfrigérée","2011","tonnes","18619"
"Compte Disponibilités et Utilisations (CDU) (2010-)","Lituanie","Importations - quantité","Viande, poulet, fraîche ou réfrigérée","2012","tonnes","23850"
"Compte Disponibilités et Utilisations (CDU) (2010-)","Lituanie","Importations - quantité","Viande, poulet, fraîche ou réfrigérée","2013","tonnes","26544"
"Compte Disponibilités et Utilisations (CDU) (2010-)","Lituanie","Importations - quantité","Viande, poulet, fraîche ou réfrigérée","2014","tonnes","29252.16"
"Compte Disponibilités et Utilisations (CDU) (2010-)","Lituanie","Importations - quantité","Viande, poulet, fraîche ou réfrigérée","2015","tonnes","32969.94"
"Compte Disponibilités et Utilisations (CDU) (2010-)","Lituanie","Importations - quantité","Viande, poulet, fraîche ou réfrigérée","2016","tonnes","29533.3"
"Compte Disponibilités et Utilisations (CDU) (2010-)","Lituanie","Importations - quantité","Viande, poulet, fraîche ou réfrigérée","2017","tonnes","35085.39"
"Compte Disponibilités et Utilisations (CDU) (2010-)","Lituanie","Importations - quantité","Viande, poulet, fraîche ou réfrigérée","2018","tonnes","35034.21"
"Compte Disponibilités et Utilisations (CDU) (2010-)","Lituanie","Importations - quantité","Viande, poulet, fraîche ou réfrigérée","2019","tonnes","37307.07"
"Compte Disponibilités et Utilisations (CDU) (2010-)","Lituanie","Importations - quantité","Viande, poulet, fraîche ou réfrigérée","2020","tonnes","41465.93"
"Compte Disponibilités et Utilisations (CDU) (2010-)","Lituanie","Importations - quantité","Viande, poulet, fraîche ou réfrigérée","2021","tonnes","40694.85"
"Compte Disponibilités et Utilisations (CDU) (2010-)","Lituanie","Importations - quantité","Viande, poulet, fraîche ou réfrigérée","2022","tonnes","37352.87"
"Compte Disponibilités et Utilisations (CDU) (2010-)","Lituanie","Importations - quantité","Viande, poulet, fraîche ou réfrigérée","2023","tonnes","42595.82"
"Compte Disponibilités et Utilisations (CDU) (2010-)","Luxembourg","Importations - quantité","Viande, poulet, fraîche ou réfrigérée","2010","tonnes","5757"
"Compte Disponibilités et Utilisations (CDU) (2010-)","Luxembourg","Importations - quantité","Viande, poulet, fraîche ou réfrigérée","2011","tonnes","8012"
"Compte Disponibilités et Utilisations (CDU) (2010-)","Luxembourg","Importations - quantité","Viande, poulet, fraîche ou réfrigérée","2012","tonnes","6027"
"Compte Disponibilités et Utilisations (CDU) (2010-)","Luxembourg","Importations - quantité","Viande, poulet, fraîche ou réfrigérée","2013","tonnes","6252"
"Compte Disponibilités et Utilisations (CDU) (2010-)","Luxembourg","Importations - quantité","Viande, poulet, fraîche ou réfrigérée","2014","tonnes","6562.56"
"Compte Disponibilités et Utilisations (CDU) (2010-)","Luxembourg","Importations - quantité","Viande, poulet, fraîche ou réfrigérée","2015","tonnes","6951.94"
"Compte Disponibilités et Utilisations (CDU) (2010-)","Luxembourg","Importations - quantité","Viande, poulet, fraîche ou réfrigérée","2016","tonnes","7293.64"
"Compte Disponibilités et Utilisations (CDU) (2010-)","Luxembourg","Importations - quantité","Viande, poulet, fraîche ou réfrigérée","2017","tonnes","7521.03"
"Compte Disponibilités et Utilisations (CDU) (2010-)","Luxembourg","Importations - quantité","Viande, poulet, fraîche ou réfrigérée","2018","tonnes","7816.2"
"Compte Disponibilités et Utilisations (CDU) (2010-)","Luxembourg","Importations - quantité","Viande, poulet, fraîche ou réfrigérée","2019","tonnes","8087.01"
"Compte Disponibilités et Utilisations (CDU) (2010-)","Luxembourg","Importations - quantité","Viande, poulet, fraîche ou réfrigérée","2020","tonnes","8269.13"
"Compte Disponibilités et Utilisations (CDU) (2010-)","Luxembourg","Importations - quantité","Viande, poulet, fraîche ou réfrigérée","2021","tonnes","8366.92"
"Compte Disponibilités et Utilisations (CDU) (2010-)","Luxembourg","Importations - quantité","Viande, poulet, fraîche ou réfrigérée","2022","tonnes","9171.91"
"Compte Disponibilités et Utilisations (CDU) (2010-)","Luxembourg","Importations - quantité","Viande, poulet, fraîche ou réfrigérée","2023","tonnes","9056.16"
"Compte Disponibilités et Utilisations (CDU) (2010-)","Macédoine du Nord","Importations - quantité","Viande, poulet, fraîche ou réfrigérée","2010","tonnes","30340"
"Compte Disponibilités et Utilisations (CDU) (2010-)","Macédoine du Nord","Importations - quantité","Viande, poulet, fraîche ou réfrigérée","2011","tonnes","30364"
"Compte Disponibilités et Utilisations (CDU) (2010-)","Macédoine du Nord","Importations - quantité","Viande, poulet, fraîche ou réfrigérée","2012","tonnes","33754"
"Compte Disponibilités et Utilisations (CDU) (2010-)","Macédoine du Nord","Importations - quantité","Viande, poulet, fraîche ou réfrigérée","2013","tonnes","34024"
"Compte Disponibilités et Utilisations (CDU) (2010-)","Macédoine du Nord","Importations - quantité","Viande, poulet, fraîche ou réfrigérée","2014","tonnes","32710.91"
"Compte Disponibilités et Utilisations (CDU) (2010-)","Macédoine du Nord","Importations - quantité","Viande, poulet, fraîche ou réfrigérée","2015","tonnes","34789.46"
"Compte Disponibilités et Utilisations (CDU) (2010-)","Macédoine du Nord","Importations - quantité","Viande, poulet, fraîche ou réfrigérée","2016","tonnes","33322.47"
"Compte Disponibilités et Utilisations (CDU) (2010-)","Macédoine du Nord","Importations - quantité","Viande, poulet, fraîche ou réfrigérée","2017","tonnes","36647.87"
"Compte Disponibilités et Utilisations (CDU) (2010-)","Macédoine du Nord","Importations - quantité","Viande, poulet, fraîche ou réfrigérée","2018","tonnes","37153.93"
"Compte Disponibilités et Utilisations (CDU) (2010-)","Macédoine du Nord","Importations - quantité","Viande, poulet, fraîche ou réfrigérée","2019","tonnes","37438.64"
"Compte Disponibilités et Utilisations (CDU) (2010-)","Macédoine du Nord","Importations - quantité","Viande, poulet, fraîche ou réfrigérée","2020","tonnes","37223.17"
"Compte Disponibilités et Utilisations (CDU) (2010-)","Macédoine du Nord","Importations - quantité","Viande, poulet, fraîche ou réfrigérée","2021","tonnes","33987"
"Compte Disponibilités et Utilisations (CDU) (2010-)","Macédoine du Nord","Importations - quantité","Viande, poulet, fraîche ou réfrigérée","2022","tonnes","32680.04"
"Compte Disponibilités et Utilisations (CDU) (2010-)","Macédoine du Nord","Importations - quantité","Viande, poulet, fraîche ou réfrigérée","2023","tonnes","36153.31"
"Compte Disponibilités et Utilisations (CDU) (2010-)","Madagascar","Importations - quantité","Viande, poulet, fraîche ou réfrigérée","2010","tonnes","161"
"Compte Disponibilités et Utilisations (CDU) (2010-)","Madagascar","Importations - quantité","Viande, poulet, fraîche ou réfrigérée","2011","tonnes","553"
"Compte Disponibilités et Utilisations (CDU) (2010-)","Madagascar","Importations - quantité","Viande, poulet, fraîche ou réfrigérée","2012","tonnes","553"
"Compte Disponibilités et Utilisations (CDU) (2010-)","Madagascar","Importations - quantité","Viande, poulet, fraîche ou réfrigérée","2013","tonnes","27"
"Compte Disponibilités et Utilisations (CDU) (2010-)","Madagascar","Importations - quantité","Viande, poulet, fraîche ou réfrigérée","2014","tonnes","84.22"
"Compte Disponibilités et Utilisations (CDU) (2010-)","Madagascar","Importations - quantité","Viande, poulet, fraîche ou réfrigérée","2015","tonnes","6.44"
"Compte Disponibilités et Utilisations (CDU) (2010-)","Madagascar","Importations - quantité","Viande, poulet, fraîche ou réfrigérée","2016","tonnes","67.44"
"Compte Disponibilités et Utilisations (CDU) (2010-)","Madagascar","Importations - quantité","Viande, poulet, fraîche ou réfrigérée","2020","tonnes","24.69"
"Compte Disponibilités et Utilisations (CDU) (2010-)","Madagascar","Importations - quantité","Viande, poulet, fraîche ou réfrigérée","2022","tonnes","20.15"
"Compte Disponibilités et Utilisations (CDU) (2010-)","Madagascar","Importations - quantité","Viande, poulet, fraîche ou réfrigérée","2023","tonnes","0.23"
"Compte Disponibilités et Utilisations (CDU) (2010-)","Malaisie","Importations - quantité","Viande, poulet, fraîche ou réfrigérée","2010","tonnes","36097"
"Compte Disponibilités et Utilisations (CDU) (2010-)","Malaisie","Importations - quantité","Viande, poulet, fraîche ou réfrigérée","2011","tonnes","39822"
"Compte Disponibilités et Utilisations (CDU) (2010-)","Malaisie","Importations - quantité","Viande, poulet, fraîche ou réfrigérée","2012","tonnes","44845"
"Compte Disponibilités et Utilisations (CDU) (2010-)","Malaisie","Importations - quantité","Viande, poulet, fraîche ou réfrigérée","2013","tonnes","45412"
"Compte Disponibilités et Utilisations (CDU) (2010-)","Malaisie","Importations - quantité","Viande, poulet, fraîche ou réfrigérée","2014","tonnes","48005.75"
"Compte Disponibilités et Utilisations (CDU) (2010-)","Malaisie","Importations - quantité","Viande, poulet, fraîche ou réfrigérée","2015","tonnes","55898.16"
"Compte Disponibilités et Utilisations (CDU) (2010-)","Malaisie","Importations - quantité","Viande, poulet, fraîche ou réfrigérée","2016","tonnes","71533.57"
"Compte Disponibilités et Utilisations (CDU) (2010-)","Malaisie","Importations - quantité","Viande, poulet, fraîche ou réfrigérée","2017","tonnes","66697.04"
"Compte Disponibilités et Utilisations (CDU) (2010-)","Malaisie","Importations - quantité","Viande, poulet, fraîche ou réfrigérée","2018","tonnes","71409.59"
"Compte Disponibilités et Utilisations (CDU) (2010-)","Malaisie","Importations - quantité","Viande, poulet, fraîche ou réfrigérée","2019","tonnes","72375.01"
"Compte Disponibilités et Utilisations (CDU) (2010-)","Malaisie","Importations - quantité","Viande, poulet, fraîche ou réfrigérée","2020","tonnes","69771.86"
"Compte Disponibilités et Utilisations (CDU) (2010-)","Malaisie","Importations - quantité","Viande, poulet, fraîche ou réfrigérée","2021","tonnes","96430.63"
"Compte Disponibilités et Utilisations (CDU) (2010-)","Malaisie","Importations - quantité","Viande, poulet, fraîche ou réfrigérée","2022","tonnes","176356.73"
"Compte Disponibilités et Utilisations (CDU) (2010-)","Malaisie","Importations - quantité","Viande, poulet, fraîche ou réfrigérée","2023","tonnes","237671.44"
"Compte Disponibilités et Utilisations (CDU) (2010-)","Malawi","Importations - quantité","Viande, poulet, fraîche ou réfrigérée","2010","tonnes","3"
"Compte Disponibilités et Utilisations (CDU) (2010-)","Malawi","Importations - quantité","Viande, poulet, fraîche ou réfrigérée","2011","tonnes","4"
"Compte Disponibilités et Utilisations (CDU) (2010-)","Malawi","Importations - quantité","Viande, poulet, fraîche ou réfrigérée","2012","tonnes","38"
"Compte Disponibilités et Utilisations (CDU) (2010-)","Malawi","Importations - quantité","Viande, poulet, fraîche ou réfrigérée","2013","tonnes","264"
"Compte Disponibilités et Utilisations (CDU) (2010-)","Malawi","Importations - quantité","Viande, poulet, fraîche ou réfrigérée","2014","tonnes","298.32"
"Compte Disponibilités et Utilisations (CDU) (2010-)","Malawi","Importations - quantité","Viande, poulet, fraîche ou réfrigérée","2015","tonnes","182.09"
"Compte Disponibilités et Utilisations (CDU) (2010-)","Malawi","Importations - quantité","Viande, poulet, fraîche ou réfrigérée","2016","tonnes","327.64"
"Compte Disponibilités et Utilisations (CDU) (2010-)","Malawi","Importations - quantité","Viande, poulet, fraîche ou réfrigérée","2017","tonnes","352.84"
"Compte Disponibilités et Utilisations (CDU) (2010-)","Malawi","Importations - quantité","Viande, poulet, fraîche ou réfrigérée","2018","tonnes","294.98"
"Compte Disponibilités et Utilisations (CDU) (2010-)","Malawi","Importations - quantité","Viande, poulet, fraîche ou réfrigérée","2019","tonnes","247.02"
"Compte Disponibilités et Utilisations (CDU) (2010-)","Malawi","Importations - quantité","Viande, poulet, fraîche ou réfrigérée","2020","tonnes","300.43"
"Compte Disponibilités et Utilisations (CDU) (2010-)","Malawi","Importations - quantité","Viande, poulet, fraîche ou réfrigérée","2021","tonnes","265.17"
"Compte Disponibilités et Utilisations (CDU) (2010-)","Malawi","Importations - quantité","Viande, poulet, fraîche ou réfrigérée","2022","tonnes","90.31"
"Compte Disponibilités et Utilisations (CDU) (2010-)","Malawi","Importations - quantité","Viande, poulet, fraîche ou réfrigérée","2023","tonnes","301.28"
"Compte Disponibilités et Utilisations (CDU) (2010-)","Maldives","Importations - quantité","Viande, poulet, fraîche ou réfrigérée","2010","tonnes","6175"
"Compte Disponibilités et Utilisations (CDU) (2010-)","Maldives","Importations - quantité","Viande, poulet, fraîche ou réfrigérée","2011","tonnes","6847"
"Compte Disponibilités et Utilisations (CDU) (2010-)","Maldives","Importations - quantité","Viande, poulet, fraîche ou réfrigérée","2012","tonnes","6677"
"Compte Disponibilités et Utilisations (CDU) (2010-)","Maldives","Importations - quantité","Viande, poulet, fraîche ou réfrigérée","2013","tonnes","9894"
"Compte Disponibilités et Utilisations (CDU) (2010-)","Maldives","Importations - quantité","Viande, poulet, fraîche ou réfrigérée","2014","tonnes","8946.1"
"Compte Disponibilités et Utilisations (CDU) (2010-)","Maldives","Importations - quantité","Viande, poulet, fraîche ou réfrigérée","2015","tonnes","10113.56"
"Compte Disponibilités et Utilisations (CDU) (2010-)","Maldives","Importations - quantité","Viande, poulet, fraîche ou réfrigérée","2016","tonnes","11890.8"
"Compte Disponibilités et Utilisations (CDU) (2010-)","Maldives","Importations - quantité","Viande, poulet, fraîche ou réfrigérée","2017","tonnes","11248.29"
"Compte Disponibilités et Utilisations (CDU) (2010-)","Maldives","Importations - quantité","Viande, poulet, fraîche ou réfrigérée","2018","tonnes","12484.93"
"Compte Disponibilités et Utilisations (CDU) (2010-)","Maldives","Importations - quantité","Viande, poulet, fraîche ou réfrigérée","2019","tonnes","12670.85"
"Compte Disponibilités et Utilisations (CDU) (2010-)","Maldives","Importations - quantité","Viande, poulet, fraîche ou réfrigérée","2020","tonnes","10244.59"
"Compte Disponibilités et Utilisations (CDU) (2010-)","Maldives","Importations - quantité","Viande, poulet, fraîche ou réfrigérée","2021","tonnes","14016.55"
"Compte Disponibilités et Utilisations (CDU) (2010-)","Maldives","Importations - quantité","Viande, poulet, fraîche ou réfrigérée","2022","tonnes","17050.84"
"Compte Disponibilités et Utilisations (CDU) (2010-)","Maldives","Importations - quantité","Viande, poulet, fraîche ou réfrigérée","2023","tonnes","14119.76"
"Compte Disponibilités et Utilisations (CDU) (2010-)","Malte","Importations - quantité","Viande, poulet, fraîche ou réfrigérée","2010","tonnes","4582"
"Compte Disponibilités et Utilisations (CDU) (2010-)","Malte","Importations - quantité","Viande, poulet, fraîche ou réfrigérée","2011","tonnes","4876"
"Compte Disponibilités et Utilisations (CDU) (2010-)","Malte","Importations - quantité","Viande, poulet, fraîche ou réfrigérée","2012","tonnes","4211"
"Compte Disponibilités et Utilisations (CDU) (2010-)","Malte","Importations - quantité","Viande, poulet, fraîche ou réfrigérée","2013","tonnes","5058"
"Compte Disponibilités et Utilisations (CDU) (2010-)","Malte","Importations - quantité","Viande, poulet, fraîche ou réfrigérée","2014","tonnes","5051.28"
"Compte Disponibilités et Utilisations (CDU) (2010-)","Malte","Importations - quantité","Viande, poulet, fraîche ou réfrigérée","2015","tonnes","5448.99"
"Compte Disponibilités et Utilisations (CDU) (2010-)","Malte","Importations - quantité","Viande, poulet, fraîche ou réfrigérée","2016","tonnes","5201.67"
"Compte Disponibilités et Utilisations (CDU) (2010-)","Malte","Importations - quantité","Viande, poulet, fraîche ou réfrigérée","2017","tonnes","5245.84"
"Compte Disponibilités et Utilisations (CDU) (2010-)","Malte","Importations - quantité","Viande, poulet, fraîche ou réfrigérée","2018","tonnes","5515.8"
"Compte Disponibilités et Utilisations (CDU) (2010-)","Malte","Importations - quantité","Viande, poulet, fraîche ou réfrigérée","2019","tonnes","5649.08"
"Compte Disponibilités et Utilisations (CDU) (2010-)","Malte","Importations - quantité","Viande, poulet, fraîche ou réfrigérée","2020","tonnes","5398.35"
"Compte Disponibilités et Utilisations (CDU) (2010-)","Malte","Importations - quantité","Viande, poulet, fraîche ou réfrigérée","2021","tonnes","4869.85"
"Compte Disponibilités et Utilisations (CDU) (2010-)","Malte","Importations - quantité","Viande, poulet, fraîche ou réfrigérée","2022","tonnes","4956.64"
"Compte Disponibilités et Utilisations (CDU) (2010-)","Malte","Importations - quantité","Viande, poulet, fraîche ou réfrigérée","2023","tonnes","5619.7"
"Compte Disponibilités et Utilisations (CDU) (2010-)","Maroc","Importations - quantité","Viande, poulet, fraîche ou réfrigérée","2010","tonnes","364"
"Compte Disponibilités et Utilisations (CDU) (2010-)","Maroc","Importations - quantité","Viande, poulet, fraîche ou réfrigérée","2011","tonnes","412"
"Compte Disponibilités et Utilisations (CDU) (2010-)","Maroc","Importations - quantité","Viande, poulet, fraîche ou réfrigérée","2012","tonnes","300"
"Compte Disponibilités et Utilisations (CDU) (2010-)","Maroc","Importations - quantité","Viande, poulet, fraîche ou réfrigérée","2013","tonnes","505"
"Compte Disponibilités et Utilisations (CDU) (2010-)","Maroc","Importations - quantité","Viande, poulet, fraîche ou réfrigérée","2014","tonnes","618.02"
"Compte Disponibilités et Utilisations (CDU) (2010-)","Maroc","Importations - quantité","Viande, poulet, fraîche ou réfrigérée","2015","tonnes","447.12"
"Compte Disponibilités et Utilisations (CDU) (2010-)","Maroc","Importations - quantité","Viande, poulet, fraîche ou réfrigérée","2016","tonnes","753.97"
"Compte Disponibilités et Utilisations (CDU) (2010-)","Maroc","Importations - quantité","Viande, poulet, fraîche ou réfrigérée","2017","tonnes","404.35"
"Compte Disponibilités et Utilisations (CDU) (2010-)","Maroc","Importations - quantité","Viande, poulet, fraîche ou réfrigérée","2018","tonnes","338.21"
"Compte Disponibilités et Utilisations (CDU) (2010-)","Maroc","Importations - quantité","Viande, poulet, fraîche ou réfrigérée","2019","tonnes","2054.36"
"Compte Disponibilités et Utilisations (CDU) (2010-)","Maroc","Importations - quantité","Viande, poulet, fraîche ou réfrigérée","2020","tonnes","1201.8"
"Compte Disponibilités et Utilisations (CDU) (2010-)","Maroc","Importations - quantité","Viande, poulet, fraîche ou réfrigérée","2021","tonnes","4575.66"
"Compte Disponibilités et Utilisations (CDU) (2010-)","Maroc","Importations - quantité","Viande, poulet, fraîche ou réfrigérée","2022","tonnes","4878.44"
"Compte Disponibilités et Utilisations (CDU) (2010-)","Maroc","Importations - quantité","Viande, poulet, fraîche ou réfrigérée","2023","tonnes","5771.89"
"Compte Disponibilités et Utilisations (CDU) (2010-)","Maurice","Importations - quantité","Viande, poulet, fraîche ou réfrigérée","2010","tonnes","146"
"Compte Disponibilités et Utilisations (CDU) (2010-)","Maurice","Importations - quantité","Viande, poulet, fraîche ou réfrigérée","2011","tonnes","117"
"Compte Disponibilités et Utilisations (CDU) (2010-)","Maurice","Importations - quantité","Viande, poulet, fraîche ou réfrigérée","2012","tonnes","93"
"Compte Disponibilités et Utilisations (CDU) (2010-)","Maurice","Importations - quantité","Viande, poulet, fraîche ou réfrigérée","2013","tonnes","82"
"Compte Disponibilités et Utilisations (CDU) (2010-)","Maurice","Importations - quantité","Viande, poulet, fraîche ou réfrigérée","2014","tonnes","95.18"
"Compte Disponibilités et Utilisations (CDU) (2010-)","Maurice","Importations - quantité","Viande, poulet, fraîche ou réfrigérée","2015","tonnes","197.62"
"Compte Disponibilités et Utilisations (CDU) (2010-)","Maurice","Importations - quantité","Viande, poulet, fraîche ou réfrigérée","2016","tonnes","201.94"
"Compte Disponibilités et Utilisations (CDU) (2010-)","Maurice","Importations - quantité","Viande, poulet, fraîche ou réfrigérée","2017","tonnes","49.45"
"Compte Disponibilités et Utilisations (CDU) (2010-)","Maurice","Importations - quantité","Viande, poulet, fraîche ou réfrigérée","2018","tonnes","175.41"
"Compte Disponibilités et Utilisations (CDU) (2010-)","Maurice","Importations - quantité","Viande, poulet, fraîche ou réfrigérée","2019","tonnes","229.56"
"Compte Disponibilités et Utilisations (CDU) (2010-)","Maurice","Importations - quantité","Viande, poulet, fraîche ou réfrigérée","2020","tonnes","140.9"
"Compte Disponibilités et Utilisations (CDU) (2010-)","Maurice","Importations - quantité","Viande, poulet, fraîche ou réfrigérée","2021","tonnes","122.76"
"Compte Disponibilités et Utilisations (CDU) (2010-)","Maurice","Importations - quantité","Viande, poulet, fraîche ou réfrigérée","2022","tonnes","112.41"
"Compte Disponibilités et Utilisations (CDU) (2010-)","Maurice","Importations - quantité","Viande, poulet, fraîche ou réfrigérée","2023","tonnes","303.08"
"Compte Disponibilités et Utilisations (CDU) (2010-)","Mauritanie","Importations - quantité","Viande, poulet, fraîche ou réfrigérée","2010","tonnes","7306"
"Compte Disponibilités et Utilisations (CDU) (2010-)","Mauritanie","Importations - quantité","Viande, poulet, fraîche ou réfrigérée","2011","tonnes","11377"
"Compte Disponibilités et Utilisations (CDU) (2010-)","Mauritanie","Importations - quantité","Viande, poulet, fraîche ou réfrigérée","2012","tonnes","11902"
"Compte Disponibilités et Utilisations (CDU) (2010-)","Mauritanie","Importations - quantité","Viande, poulet, fraîche ou réfrigérée","2013","tonnes","17143"
"Compte Disponibilités et Utilisations (CDU) (2010-)","Mauritanie","Importations - quantité","Viande, poulet, fraîche ou réfrigérée","2014","tonnes","14765.93"
"Compte Disponibilités et Utilisations (CDU) (2010-)","Mauritanie","Importations - quantité","Viande, poulet, fraîche ou réfrigérée","2015","tonnes","24107.62"
"Compte Disponibilités et Utilisations (CDU) (2010-)","Mauritanie","Importations - quantité","Viande, poulet, fraîche ou réfrigérée","2016","tonnes","22291.42"
"Compte Disponibilités et Utilisations (CDU) (2010-)","Mauritanie","Importations - quantité","Viande, poulet, fraîche ou réfrigérée","2017","tonnes","23473"
"Compte Disponibilités et Utilisations (CDU) (2010-)","Mauritanie","Importations - quantité","Viande, poulet, fraîche ou réfrigérée","2018","tonnes","29410.87"
"Compte Disponibilités et Utilisations (CDU) (2010-)","Mauritanie","Importations - quantité","Viande, poulet, fraîche ou réfrigérée","2019","tonnes","30983.02"
"Compte Disponibilités et Utilisations (CDU) (2010-)","Mauritanie","Importations - quantité","Viande, poulet, fraîche ou réfrigérée","2020","tonnes","34379.17"
"Compte Disponibilités et Utilisations (CDU) (2010-)","Mauritanie","Importations - quantité","Viande, poulet, fraîche ou réfrigérée","2021","tonnes","42475.48"
"Compte Disponibilités et Utilisations (CDU) (2010-)","Mauritanie","Importations - quantité","Viande, poulet, fraîche ou réfrigérée","2022","tonnes","46764.58"
"Compte Disponibilités et Utilisations (CDU) (2010-)","Mauritanie","Importations - quantité","Viande, poulet, fraîche ou réfrigérée","2023","tonnes","51423.32"
"Compte Disponibilités et Utilisations (CDU) (2010-)","Mexique","Importations - quantité","Viande, poulet, fraîche ou réfrigérée","2010","tonnes","535732"
"Compte Disponibilités et Utilisations (CDU) (2010-)","Mexique","Importations - quantité","Viande, poulet, fraîche ou réfrigérée","2011","tonnes","564314"
"Compte Disponibilités et Utilisations (CDU) (2010-)","Mexique","Importations - quantité","Viande, poulet, fraîche ou réfrigérée","2012","tonnes","603525"
"Compte Disponibilités et Utilisations (CDU) (2010-)","Mexique","Importations - quantité","Viande, poulet, fraîche ou réfrigérée","2013","tonnes","667549"
"Compte Disponibilités et Utilisations (CDU) (2010-)","Mexique","Importations - quantité","Viande, poulet, fraîche ou réfrigérée","2014","tonnes","706483.44"
"Compte Disponibilités et Utilisations (CDU) (2010-)","Mexique","Importations - quantité","Viande, poulet, fraîche ou réfrigérée","2015","tonnes","777034.72"
"Compte Disponibilités et Utilisations (CDU) (2010-)","Mexique","Importations - quantité","Viande, poulet, fraîche ou réfrigérée","2016","tonnes","780608.4"
"Compte Disponibilités et Utilisations (CDU) (2010-)","Mexique","Importations - quantité","Viande, poulet, fraîche ou réfrigérée","2017","tonnes","788451.84"
"Compte Disponibilités et Utilisations (CDU) (2010-)","Mexique","Importations - quantité","Viande, poulet, fraîche ou réfrigérée","2018","tonnes","803931.86"
"Compte Disponibilités et Utilisations (CDU) (2010-)","Mexique","Importations - quantité","Viande, poulet, fraîche ou réfrigérée","2019","tonnes","970362.17"
"Compte Disponibilités et Utilisations (CDU) (2010-)","Mexique","Importations - quantité","Viande, poulet, fraîche ou réfrigérée","2020","tonnes","881133.87"
"Compte Disponibilités et Utilisations (CDU) (2010-)","Mexique","Importations - quantité","Viande, poulet, fraîche ou réfrigérée","2021","tonnes","1029674.12"
"Compte Disponibilités et Utilisations (CDU) (2010-)","Mexique","Importations - quantité","Viande, poulet, fraîche ou réfrigérée","2022","tonnes","1047430.73"
"Compte Disponibilités et Utilisations (CDU) (2010-)","Mexique","Importations - quantité","Viande, poulet, fraîche ou réfrigérée","2023","tonnes","967112.39"
"Compte Disponibilités et Utilisations (CDU) (2010-)","Micronésie (États fédérés de)","Importations - quantité","Viande, poulet, fraîche ou réfrigérée","2019","tonnes","3946.53"
"Compte Disponibilités et Utilisations (CDU) (2010-)","Micronésie (États fédérés de)","Importations - quantité","Viande, poulet, fraîche ou réfrigérée","2020","tonnes","4065.79"
"Compte Disponibilités et Utilisations (CDU) (2010-)","Micronésie (États fédérés de)","Importations - quantité","Viande, poulet, fraîche ou réfrigérée","2021","tonnes","4291.35"
"Compte Disponibilités et Utilisations (CDU) (2010-)","Micronésie (États fédérés de)","Importations - quantité","Viande, poulet, fraîche ou réfrigérée","2022","tonnes","3977.67"
"Compte Disponibilités et Utilisations (CDU) (2010-)","Micronésie (États fédérés de)","Importations - quantité","Viande, poulet, fraîche ou réfrigérée","2023","tonnes","3764.79"
"Compte Disponibilités et Utilisations (CDU) (2010-)","Mongolie","Importations - quantité","Viande, poulet, fraîche ou réfrigérée","2010","tonnes","4479"
"Compte Disponibilités et Utilisations (CDU) (2010-)","Mongolie","Importations - quantité","Viande, poulet, fraîche ou réfrigérée","2011","tonnes","5210"
"Compte Disponibilités et Utilisations (CDU) (2010-)","Mongolie","Importations - quantité","Viande, poulet, fraîche ou réfrigérée","2012","tonnes","4999"
"Compte Disponibilités et Utilisations (CDU) (2010-)","Mongolie","Importations - quantité","Viande, poulet, fraîche ou réfrigérée","2013","tonnes","8149"
"Compte Disponibilités et Utilisations (CDU) (2010-)","Mongolie","Importations - quantité","Viande, poulet, fraîche ou réfrigérée","2014","tonnes","9755.42"
"Compte Disponibilités et Utilisations (CDU) (2010-)","Mongolie","Importations - quantité","Viande, poulet, fraîche ou réfrigérée","2015","tonnes","5799.31"
"Compte Disponibilités et Utilisations (CDU) (2010-)","Mongolie","Importations - quantité","Viande, poulet, fraîche ou réfrigérée","2016","tonnes","7372.32"
"Compte Disponibilités et Utilisations (CDU) (2010-)","Mongolie","Importations - quantité","Viande, poulet, fraîche ou réfrigérée","2017","tonnes","9378.2"
"Compte Disponibilités et Utilisations (CDU) (2010-)","Mongolie","Importations - quantité","Viande, poulet, fraîche ou réfrigérée","2018","tonnes","11642.08"
"Compte Disponibilités et Utilisations (CDU) (2010-)","Mongolie","Importations - quantité","Viande, poulet, fraîche ou réfrigérée","2019","tonnes","13204.98"
"Compte Disponibilités et Utilisations (CDU) (2010-)","Mongolie","Importations - quantité","Viande, poulet, fraîche ou réfrigérée","2020","tonnes","15028.18"
"Compte Disponibilités et Utilisations (CDU) (2010-)","Mongolie","Importations - quantité","Viande, poulet, fraîche ou réfrigérée","2021","tonnes","19366.37"
"Compte Disponibilités et Utilisations (CDU) (2010-)","Mongolie","Importations - quantité","Viande, poulet, fraîche ou réfrigérée","2022","tonnes","22521.59"
"Compte Disponibilités et Utilisations (CDU) (2010-)","Mongolie","Importations - quantité","Viande, poulet, fraîche ou réfrigérée","2023","tonnes","25250.08"
"Compte Disponibilités et Utilisations (CDU) (2010-)","Monténégro","Importations - quantité","Viande, poulet, fraîche ou réfrigérée","2010","tonnes","4758"
"Compte Disponibilités et Utilisations (CDU) (2010-)","Monténégro","Importations - quantité","Viande, poulet, fraîche ou réfrigérée","2011","tonnes","4350"
"Compte Disponibilités et Utilisations (CDU) (2010-)","Monténégro","Importations - quantité","Viande, poulet, fraîche ou réfrigérée","2012","tonnes","5046"
"Compte Disponibilités et Utilisations (CDU) (2010-)","Monténégro","Importations - quantité","Viande, poulet, fraîche ou réfrigérée","2013","tonnes","5442"
"Compte Disponibilités et Utilisations (CDU) (2010-)","Monténégro","Importations - quantité","Viande, poulet, fraîche ou réfrigérée","2014","tonnes","5670.29"
"Compte Disponibilités et Utilisations (CDU) (2010-)","Monténégro","Importations - quantité","Viande, poulet, fraîche ou réfrigérée","2015","tonnes","6336.76"
"Compte Disponibilités et Utilisations (CDU) (2010-)","Monténégro","Importations - quantité","Viande, poulet, fraîche ou réfrigérée","2016","tonnes","6171.04"
"Compte Disponibilités et Utilisations (CDU) (2010-)","Monténégro","Importations - quantité","Viande, poulet, fraîche ou réfrigérée","2017","tonnes","6749.48"
"Compte Disponibilités et Utilisations (CDU) (2010-)","Monténégro","Importations - quantité","Viande, poulet, fraîche ou réfrigérée","2018","tonnes","7268.14"
"Compte Disponibilités et Utilisations (CDU) (2010-)","Monténégro","Importations - quantité","Viande, poulet, fraîche ou réfrigérée","2019","tonnes","6257.25"
"Compte Disponibilités et Utilisations (CDU) (2010-)","Monténégro","Importations - quantité","Viande, poulet, fraîche ou réfrigérée","2020","tonnes","7159.72"
"Compte Disponibilités et Utilisations (CDU) (2010-)","Monténégro","Importations - quantité","Viande, poulet, fraîche ou réfrigérée","2021","tonnes","8416.15"
"Compte Disponibilités et Utilisations (CDU) (2010-)","Monténégro","Importations - quantité","Viande, poulet, fraîche ou réfrigérée","2022","tonnes","9939.92"
"Compte Disponibilités et Utilisations (CDU) (2010-)","Monténégro","Importations - quantité","Viande, poulet, fraîche ou réfrigérée","2023","tonnes","10464.9"
"Compte Disponibilités et Utilisations (CDU) (2010-)","Mozambique","Importations - quantité","Viande, poulet, fraîche ou réfrigérée","2010","tonnes","9748"
"Compte Disponibilités et Utilisations (CDU) (2010-)","Mozambique","Importations - quantité","Viande, poulet, fraîche ou réfrigérée","2011","tonnes","12797"
"Compte Disponibilités et Utilisations (CDU) (2010-)","Mozambique","Importations - quantité","Viande, poulet, fraîche ou réfrigérée","2012","tonnes","6573"
"Compte Disponibilités et Utilisations (CDU) (2010-)","Mozambique","Importations - quantité","Viande, poulet, fraîche ou réfrigérée","2013","tonnes","8305"
"Compte Disponibilités et Utilisations (CDU) (2010-)","Mozambique","Importations - quantité","Viande, poulet, fraîche ou réfrigérée","2014","tonnes","13647.65"
"Compte Disponibilités et Utilisations (CDU) (2010-)","Mozambique","Importations - quantité","Viande, poulet, fraîche ou réfrigérée","2015","tonnes","22594.45"
"Compte Disponibilités et Utilisations (CDU) (2010-)","Mozambique","Importations - quantité","Viande, poulet, fraîche ou réfrigérée","2016","tonnes","23499"
"Compte Disponibilités et Utilisations (CDU) (2010-)","Mozambique","Importations - quantité","Viande, poulet, fraîche ou réfrigérée","2017","tonnes","22211.56"
"Compte Disponibilités et Utilisations (CDU) (2010-)","Mozambique","Importations - quantité","Viande, poulet, fraîche ou réfrigérée","2018","tonnes","22288.34"
"Compte Disponibilités et Utilisations (CDU) (2010-)","Mozambique","Importations - quantité","Viande, poulet, fraîche ou réfrigérée","2019","tonnes","21292.55"
"Compte Disponibilités et Utilisations (CDU) (2010-)","Mozambique","Importations - quantité","Viande, poulet, fraîche ou réfrigérée","2020","tonnes","25018.05"
"Compte Disponibilités et Utilisations (CDU) (2010-)","Mozambique","Importations - quantité","Viande, poulet, fraîche ou réfrigérée","2021","tonnes","38371.97"
"Compte Disponibilités et Utilisations (CDU) (2010-)","Mozambique","Importations - quantité","Viande, poulet, fraîche ou réfrigérée","2022","tonnes","40647.75"
"Compte Disponibilités et Utilisations (CDU) (2010-)","Mozambique","Importations - quantité","Viande, poulet, fraîche ou réfrigérée","2023","tonnes","44069.89"
"Compte Disponibilités et Utilisations (CDU) (2010-)","Myanmar","Importations - quantité","Viande, poulet, fraîche ou réfrigérée","2010","tonnes","3279"
"Compte Disponibilités et Utilisations (CDU) (2010-)","Myanmar","Importations - quantité","Viande, poulet, fraîche ou réfrigérée","2011","tonnes","558"
"Compte Disponibilités et Utilisations (CDU) (2010-)","Myanmar","Importations - quantité","Viande, poulet, fraîche ou réfrigérée","2012","tonnes","97"
"Compte Disponibilités et Utilisations (CDU) (2010-)","Myanmar","Importations - quantité","Viande, poulet, fraîche ou réfrigérée","2013","tonnes","1200"
"Compte Disponibilités et Utilisations (CDU) (2010-)","Myanmar","Importations - quantité","Viande, poulet, fraîche ou réfrigérée","2017","tonnes","20.4"
"Compte Disponibilités et Utilisations (CDU) (2010-)","Myanmar","Importations - quantité","Viande, poulet, fraîche ou réfrigérée","2018","tonnes","190.79"
"Compte Disponibilités et Utilisations (CDU) (2010-)","Myanmar","Importations - quantité","Viande, poulet, fraîche ou réfrigérée","2019","tonnes","267.67"
"Compte Disponibilités et Utilisations (CDU) (2010-)","Myanmar","Importations - quantité","Viande, poulet, fraîche ou réfrigérée","2020","tonnes","87.69"
"Compte Disponibilités et Utilisations (CDU) (2010-)","Namibie","Importations - quantité","Viande, poulet, fraîche ou réfrigérée","2010","tonnes","3245"
"Compte Disponibilités et Utilisations (CDU) (2010-)","Namibie","Importations - quantité","Viande, poulet, fraîche ou réfrigérée","2011","tonnes","9970"
"Compte Disponibilités et Utilisations (CDU) (2010-)","Namibie","Importations - quantité","Viande, poulet, fraîche ou réfrigérée","2012","tonnes","30148"
"Compte Disponibilités et Utilisations (CDU) (2010-)","Namibie","Importations - quantité","Viande, poulet, fraîche ou réfrigérée","2013","tonnes","16982"
"Compte Disponibilités et Utilisations (CDU) (2010-)","Namibie","Importations - quantité","Viande, poulet, fraîche ou réfrigérée","2014","tonnes","16809.6"
"Compte Disponibilités et Utilisations (CDU) (2010-)","Namibie","Importations - quantité","Viande, poulet, fraîche ou réfrigérée","2015","tonnes","24052.45"
"Compte Disponibilités et Utilisations (CDU) (2010-)","Namibie","Importations - quantité","Viande, poulet, fraîche ou réfrigérée","2016","tonnes","20461.04"
"Compte Disponibilités et Utilisations (CDU) (2010-)","Namibie","Importations - quantité","Viande, poulet, fraîche ou réfrigérée","2017","tonnes","26899.36"
"Compte Disponibilités et Utilisations (CDU) (2010-)","Namibie","Importations - quantité","Viande, poulet, fraîche ou réfrigérée","2018","tonnes","25276.58"
"Compte Disponibilités et Utilisations (CDU) (2010-)","Namibie","Importations - quantité","Viande, poulet, fraîche ou réfrigérée","2019","tonnes","34810.14"
"Compte Disponibilités et Utilisations (CDU) (2010-)","Namibie","Importations - quantité","Viande, poulet, fraîche ou réfrigérée","2020","tonnes","28595.72"
"Compte Disponibilités et Utilisations (CDU) (2010-)","Namibie","Importations - quantité","Viande, poulet, fraîche ou réfrigérée","2021","tonnes","36883"
"Compte Disponibilités et Utilisations (CDU) (2010-)","Namibie","Importations - quantité","Viande, poulet, fraîche ou réfrigérée","2022","tonnes","59767.98"
"Compte Disponibilités et Utilisations (CDU) (2010-)","Namibie","Importations - quantité","Viande, poulet, fraîche ou réfrigérée","2023","tonnes","23816.74"
"Compte Disponibilités et Utilisations (CDU) (2010-)","Nauru","Importations - quantité","Viande, poulet, fraîche ou réfrigérée","2019","tonnes","556.4"
"Compte Disponibilités et Utilisations (CDU) (2010-)","Nauru","Importations - quantité","Viande, poulet, fraîche ou réfrigérée","2020","tonnes","526.08"
"Compte Disponibilités et Utilisations (CDU) (2010-)","Nauru","Importations - quantité","Viande, poulet, fraîche ou réfrigérée","2021","tonnes","503.77"
"Compte Disponibilités et Utilisations (CDU) (2010-)","Nauru","Importations - quantité","Viande, poulet, fraîche ou réfrigérée","2022","tonnes","572.4"
"Compte Disponibilités et Utilisations (CDU) (2010-)","Nauru","Importations - quantité","Viande, poulet, fraîche ou réfrigérée","2023","tonnes","587.56"
"Compte Disponibilités et Utilisations (CDU) (2010-)","Népal","Importations - quantité","Viande, poulet, fraîche ou réfrigérée","2010","tonnes","196"
"Compte Disponibilités et Utilisations (CDU) (2010-)","Népal","Importations - quantité","Viande, poulet, fraîche ou réfrigérée","2011","tonnes","313"
"Compte Disponibilités et Utilisations (CDU) (2010-)","Népal","Importations - quantité","Viande, poulet, fraîche ou réfrigérée","2012","tonnes","311"
"Compte Disponibilités et Utilisations (CDU) (2010-)","Népal","Importations - quantité","Viande, poulet, fraîche ou réfrigérée","2013","tonnes","165"
"Compte Disponibilités et Utilisations (CDU) (2010-)","Népal","Importations - quantité","Viande, poulet, fraîche ou réfrigérée","2014","tonnes","122.77"
"Compte Disponibilités et Utilisations (CDU) (2010-)","Népal","Importations - quantité","Viande, poulet, fraîche ou réfrigérée","2015","tonnes","53.3"
"Compte Disponibilités et Utilisations (CDU) (2010-)","Népal","Importations - quantité","Viande, poulet, fraîche ou réfrigérée","2016","tonnes","107"
"Compte Disponibilités et Utilisations (CDU) (2010-)","Népal","Importations - quantité","Viande, poulet, fraîche ou réfrigérée","2017","tonnes","114.76"
"Compte Disponibilités et Utilisations (CDU) (2010-)","Népal","Importations - quantité","Viande, poulet, fraîche ou réfrigérée","2018","tonnes","180.78"
"Compte Disponibilités et Utilisations (CDU) (2010-)","Népal","Importations - quantité","Viande, poulet, fraîche ou réfrigérée","2019","tonnes","22.41"
"Compte Disponibilités et Utilisations (CDU) (2010-)","Népal","Importations - quantité","Viande, poulet, fraîche ou réfrigérée","2020","tonnes","0.03"
"Compte Disponibilités et Utilisations (CDU) (2010-)","Nicaragua","Importations - quantité","Viande, poulet, fraîche ou réfrigérée","2010","tonnes","1940"
"Compte Disponibilités et Utilisations (CDU) (2010-)","Nicaragua","Importations - quantité","Viande, poulet, fraîche ou réfrigérée","2011","tonnes","4000"
"Compte Disponibilités et Utilisations (CDU) (2010-)","Nicaragua","Importations - quantité","Viande, poulet, fraîche ou réfrigérée","2012","tonnes","4760"
"Compte Disponibilités et Utilisations (CDU) (2010-)","Nicaragua","Importations - quantité","Viande, poulet, fraîche ou réfrigérée","2013","tonnes","4772"
"Compte Disponibilités et Utilisations (CDU) (2010-)","Nicaragua","Importations - quantité","Viande, poulet, fraîche ou réfrigérée","2014","tonnes","4765.65"
"Compte Disponibilités et Utilisations (CDU) (2010-)","Nicaragua","Importations - quantité","Viande, poulet, fraîche ou réfrigérée","2015","tonnes","6553.45"
"Compte Disponibilités et Utilisations (CDU) (2010-)","Nicaragua","Importations - quantité","Viande, poulet, fraîche ou réfrigérée","2016","tonnes","5091.55"
"Compte Disponibilités et Utilisations (CDU) (2010-)","Nicaragua","Importations - quantité","Viande, poulet, fraîche ou réfrigérée","2017","tonnes","5225.63"
"Compte Disponibilités et Utilisations (CDU) (2010-)","Nicaragua","Importations - quantité","Viande, poulet, fraîche ou réfrigérée","2018","tonnes","5599.63"
"Compte Disponibilités et Utilisations (CDU) (2010-)","Nicaragua","Importations - quantité","Viande, poulet, fraîche ou réfrigérée","2019","tonnes","6132.54"
"Compte Disponibilités et Utilisations (CDU) (2010-)","Nicaragua","Importations - quantité","Viande, poulet, fraîche ou réfrigérée","2020","tonnes","8478.16"
"Compte Disponibilités et Utilisations (CDU) (2010-)","Nicaragua","Importations - quantité","Viande, poulet, fraîche ou réfrigérée","2021","tonnes","11958.07"
"Compte Disponibilités et Utilisations (CDU) (2010-)","Nicaragua","Importations - quantité","Viande, poulet, fraîche ou réfrigérée","2022","tonnes","9608.93"
"Compte Disponibilités et Utilisations (CDU) (2010-)","Nicaragua","Importations - quantité","Viande, poulet, fraîche ou réfrigérée","2023","tonnes","14185.37"
"Compte Disponibilités et Utilisations (CDU) (2010-)","Niger","Importations - quantité","Viande, poulet, fraîche ou réfrigérée","2010","tonnes","118"
"Compte Disponibilités et Utilisations (CDU) (2010-)","Niger","Importations - quantité","Viande, poulet, fraîche ou réfrigérée","2011","tonnes","298"
"Compte Disponibilités et Utilisations (CDU) (2010-)","Niger","Importations - quantité","Viande, poulet, fraîche ou réfrigérée","2012","tonnes","530"
"Compte Disponibilités et Utilisations (CDU) (2010-)","Niger","Importations - quantité","Viande, poulet, fraîche ou réfrigérée","2013","tonnes","1416"
"Compte Disponibilités et Utilisations (CDU) (2010-)","Niger","Importations - quantité","Viande, poulet, fraîche ou réfrigérée","2014","tonnes","5685.32"
"Compte Disponibilités et Utilisations (CDU) (2010-)","Niger","Importations - quantité","Viande, poulet, fraîche ou réfrigérée","2015","tonnes","4828.06"
"Compte Disponibilités et Utilisations (CDU) (2010-)","Niger","Importations - quantité","Viande, poulet, fraîche ou réfrigérée","2016","tonnes","3394.26"
"Compte Disponibilités et Utilisations (CDU) (2010-)","Niger","Importations - quantité","Viande, poulet, fraîche ou réfrigérée","2017","tonnes","2182"
"Compte Disponibilités et Utilisations (CDU) (2010-)","Niger","Importations - quantité","Viande, poulet, fraîche ou réfrigérée","2018","tonnes","1485.38"
"Compte Disponibilités et Utilisations (CDU) (2010-)","Niger","Importations - quantité","Viande, poulet, fraîche ou réfrigérée","2019","tonnes","2818.44"
"Compte Disponibilités et Utilisations (CDU) (2010-)","Niger","Importations - quantité","Viande, poulet, fraîche ou réfrigérée","2020","tonnes","3161.52"
"Compte Disponibilités et Utilisations (CDU) (2010-)","Niger","Importations - quantité","Viande, poulet, fraîche ou réfrigérée","2021","tonnes","1836.55"
"Compte Disponibilités et Utilisations (CDU) (2010-)","Niger","Importations - quantité","Viande, poulet, fraîche ou réfrigérée","2022","tonnes","2063.01"
"Compte Disponibilités et Utilisations (CDU) (2010-)","Niger","Importations - quantité","Viande, poulet, fraîche ou réfrigérée","2023","tonnes","4803.39"
"Compte Disponibilités et Utilisations (CDU) (2010-)","Nigéria","Importations - quantité","Viande, poulet, fraîche ou réfrigérée","2010","tonnes","45032"
"Compte Disponibilités et Utilisations (CDU) (2010-)","Nigéria","Importations - quantité","Viande, poulet, fraîche ou réfrigérée","2011","tonnes","1009"
"Compte Disponibilités et Utilisations (CDU) (2010-)","Nigéria","Importations - quantité","Viande, poulet, fraîche ou réfrigérée","2012","tonnes","1009"
"Compte Disponibilités et Utilisations (CDU) (2010-)","Nigéria","Importations - quantité","Viande, poulet, fraîche ou réfrigérée","2013","tonnes","1009"
"Compte Disponibilités et Utilisations (CDU) (2010-)","Nigéria","Importations - quantité","Viande, poulet, fraîche ou réfrigérée","2016","tonnes","278.91"
"Compte Disponibilités et Utilisations (CDU) (2010-)","Nigéria","Importations - quantité","Viande, poulet, fraîche ou réfrigérée","2017","tonnes","12625.47"
"Compte Disponibilités et Utilisations (CDU) (2010-)","Nigéria","Importations - quantité","Viande, poulet, fraîche ou réfrigérée","2018","tonnes","15671.83"
"Compte Disponibilités et Utilisations (CDU) (2010-)","Nigéria","Importations - quantité","Viande, poulet, fraîche ou réfrigérée","2019","tonnes","10655.22"
"Compte Disponibilités et Utilisations (CDU) (2010-)","Nigéria","Importations - quantité","Viande, poulet, fraîche ou réfrigérée","2020","tonnes","190"
"Compte Disponibilités et Utilisations (CDU) (2010-)","Nigéria","Importations - quantité","Viande, poulet, fraîche ou réfrigérée","2021","tonnes","335.1"
"Compte Disponibilités et Utilisations (CDU) (2010-)","Nigéria","Importations - quantité","Viande, poulet, fraîche ou réfrigérée","2022","tonnes","162"
"Compte Disponibilités et Utilisations (CDU) (2010-)","Nigéria","Importations - quantité","Viande, poulet, fraîche ou réfrigérée","2023","tonnes","678.63"
"Compte Disponibilités et Utilisations (CDU) (2010-)","Norvège","Importations - quantité","Viande, poulet, fraîche ou réfrigérée","2010","tonnes","52"
"Compte Disponibilités et Utilisations (CDU) (2010-)","Norvège","Importations - quantité","Viande, poulet, fraîche ou réfrigérée","2011","tonnes","45"
"Compte Disponibilités et Utilisations (CDU) (2010-)","Norvège","Importations - quantité","Viande, poulet, fraîche ou réfrigérée","2012","tonnes","1401"
"Compte Disponibilités et Utilisations (CDU) (2010-)","Norvège","Importations - quantité","Viande, poulet, fraîche ou réfrigérée","2013","tonnes","1009"
"Compte Disponibilités et Utilisations (CDU) (2010-)","Norvège","Importations - quantité","Viande, poulet, fraîche ou réfrigérée","2014","tonnes","289.86"
"Compte Disponibilités et Utilisations (CDU) (2010-)","Norvège","Importations - quantité","Viande, poulet, fraîche ou réfrigérée","2015","tonnes","612.21"
"Compte Disponibilités et Utilisations (CDU) (2010-)","Norvège","Importations - quantité","Viande, poulet, fraîche ou réfrigérée","2016","tonnes","709.52"
"Compte Disponibilités et Utilisations (CDU) (2010-)","Norvège","Importations - quantité","Viande, poulet, fraîche ou réfrigérée","2017","tonnes","525.81"
"Compte Disponibilités et Utilisations (CDU) (2010-)","Norvège","Importations - quantité","Viande, poulet, fraîche ou réfrigérée","2018","tonnes","550.14"
"Compte Disponibilités et Utilisations (CDU) (2010-)","Norvège","Importations - quantité","Viande, poulet, fraîche ou réfrigérée","2019","tonnes","767.27"
"Compte Disponibilités et Utilisations (CDU) (2010-)","Norvège","Importations - quantité","Viande, poulet, fraîche ou réfrigérée","2020","tonnes","962.97"
"Compte Disponibilités et Utilisations (CDU) (2010-)","Norvège","Importations - quantité","Viande, poulet, fraîche ou réfrigérée","2021","tonnes","1108.94"
"Compte Disponibilités et Utilisations (CDU) (2010-)","Norvège","Importations - quantité","Viande, poulet, fraîche ou réfrigérée","2022","tonnes","967.48"
"Compte Disponibilités et Utilisations (CDU) (2010-)","Norvège","Importations - quantité","Viande, poulet, fraîche ou réfrigérée","2023","tonnes","701.48"
"Compte Disponibilités et Utilisations (CDU) (2010-)","Nouvelle-Calédonie","Importations - quantité","Viande, poulet, fraîche ou réfrigérée","2010","tonnes","7709"
"Compte Disponibilités et Utilisations (CDU) (2010-)","Nouvelle-Calédonie","Importations - quantité","Viande, poulet, fraîche ou réfrigérée","2011","tonnes","8478"
"Compte Disponibilités et Utilisations (CDU) (2010-)","Nouvelle-Calédonie","Importations - quantité","Viande, poulet, fraîche ou réfrigérée","2012","tonnes","7893"
"Compte Disponibilités et Utilisations (CDU) (2010-)","Nouvelle-Calédonie","Importations - quantité","Viande, poulet, fraîche ou réfrigérée","2013","tonnes","8941"
"Compte Disponibilités et Utilisations (CDU) (2010-)","Nouvelle-Calédonie","Importations - quantité","Viande, poulet, fraîche ou réfrigérée","2014","tonnes","8579.49"
"Compte Disponibilités et Utilisations (CDU) (2010-)","Nouvelle-Calédonie","Importations - quantité","Viande, poulet, fraîche ou réfrigérée","2015","tonnes","8375.08"
"Compte Disponibilités et Utilisations (CDU) (2010-)","Nouvelle-Calédonie","Importations - quantité","Viande, poulet, fraîche ou réfrigérée","2016","tonnes","8564.23"
"Compte Disponibilités et Utilisations (CDU) (2010-)","Nouvelle-Calédonie","Importations - quantité","Viande, poulet, fraîche ou réfrigérée","2017","tonnes","8216.11"
"Compte Disponibilités et Utilisations (CDU) (2010-)","Nouvelle-Calédonie","Importations - quantité","Viande, poulet, fraîche ou réfrigérée","2018","tonnes","8180.91"
"Compte Disponibilités et Utilisations (CDU) (2010-)","Nouvelle-Calédonie","Importations - quantité","Viande, poulet, fraîche ou réfrigérée","2019","tonnes","8696.91"
"Compte Disponibilités et Utilisations (CDU) (2010-)","Nouvelle-Calédonie","Importations - quantité","Viande, poulet, fraîche ou réfrigérée","2020","tonnes","9871.23"
"Compte Disponibilités et Utilisations (CDU) (2010-)","Nouvelle-Calédonie","Importations - quantité","Viande, poulet, fraîche ou réfrigérée","2021","tonnes","7777.87"
"Compte Disponibilités et Utilisations (CDU) (2010-)","Nouvelle-Calédonie","Importations - quantité","Viande, poulet, fraîche ou réfrigérée","2022","tonnes","8267.98"
"Compte Disponibilités et Utilisations (CDU) (2010-)","Nouvelle-Calédonie","Importations - quantité","Viande, poulet, fraîche ou réfrigérée","2023","tonnes","8540.08"
"Compte Disponibilités et Utilisations (CDU) (2010-)","Nouvelle-Zélande","Importations - quantité","Viande, poulet, fraîche ou réfrigérée","2010","tonnes",""
"Compte Disponibilités et Utilisations (CDU) (2010-)","Nouvelle-Zélande","Importations - quantité","Viande, poulet, fraîche ou réfrigérée","2011","tonnes",""
"Compte Disponibilités et Utilisations (CDU) (2010-)","Nouvelle-Zélande","Importations - quantité","Viande, poulet, fraîche ou réfrigérée","2012","tonnes","21"
"Compte Disponibilités et Utilisations (CDU) (2010-)","Nouvelle-Zélande","Importations - quantité","Viande, poulet, fraîche ou réfrigérée","2013","tonnes","2"
"Compte Disponibilités et Utilisations (CDU) (2010-)","Nouvelle-Zélande","Importations - quantité","Viande, poulet, fraîche ou réfrigérée","2014","tonnes","2.48"
"Compte Disponibilités et Utilisations (CDU) (2010-)","Nouvelle-Zélande","Importations - quantité","Viande, poulet, fraîche ou réfrigérée","2015","tonnes","0.35"
"Compte Disponibilités et Utilisations (CDU) (2010-)","Nouvelle-Zélande","Importations - quantité","Viande, poulet, fraîche ou réfrigérée","2019","tonnes","16.1"
"Compte Disponibilités et Utilisations (CDU) (2010-)","Nouvelle-Zélande","Importations - quantité","Viande, poulet, fraîche ou réfrigérée","2020","tonnes","9.5"
"Compte Disponibilités et Utilisations (CDU) (2010-)","Nouvelle-Zélande","Importations - quantité","Viande, poulet, fraîche ou réfrigérée","2021","tonnes","1.67"
"Compte Disponibilités et Utilisations (CDU) (2010-)","Oman","Importations - quantité","Viande, poulet, fraîche ou réfrigérée","2010","tonnes","74126"
"Compte Disponibilités et Utilisations (CDU) (2010-)","Oman","Importations - quantité","Viande, poulet, fraîche ou réfrigérée","2011","tonnes","90060"
"Compte Disponibilités et Utilisations (CDU) (2010-)","Oman","Importations - quantité","Viande, poulet, fraîche ou réfrigérée","2012","tonnes","176469"
"Compte Disponibilités et Utilisations (CDU) (2010-)","Oman","Importations - quantité","Viande, poulet, fraîche ou réfrigérée","2013","tonnes","110261"
"Compte Disponibilités et Utilisations (CDU) (2010-)","Oman","Importations - quantité","Viande, poulet, fraîche ou réfrigérée","2014","tonnes","106608.18"
"Compte Disponibilités et Utilisations (CDU) (2010-)","Oman","Importations - quantité","Viande, poulet, fraîche ou réfrigérée","2015","tonnes","114274.3"
"Compte Disponibilités et Utilisations (CDU) (2010-)","Oman","Importations - quantité","Viande, poulet, fraîche ou réfrigérée","2016","tonnes","112113.86"
"Compte Disponibilités et Utilisations (CDU) (2010-)","Oman","Importations - quantité","Viande, poulet, fraîche ou réfrigérée","2017","tonnes","121508.28"
"Compte Disponibilités et Utilisations (CDU) (2010-)","Oman","Importations - quantité","Viande, poulet, fraîche ou réfrigérée","2018","tonnes","117284.32"
"Compte Disponibilités et Utilisations (CDU) (2010-)","Oman","Importations - quantité","Viande, poulet, fraîche ou réfrigérée","2019","tonnes","124027.84"
"Compte Disponibilités et Utilisations (CDU) (2010-)","Oman","Importations - quantité","Viande, poulet, fraîche ou réfrigérée","2020","tonnes","107809.81"
"Compte Disponibilités et Utilisations (CDU) (2010-)","Oman","Importations - quantité","Viande, poulet, fraîche ou réfrigérée","2021","tonnes","114115.08"
"Compte Disponibilités et Utilisations (CDU) (2010-)","Oman","Importations - quantité","Viande, poulet, fraîche ou réfrigérée","2022","tonnes","95139.77"
"Compte Disponibilités et Utilisations (CDU) (2010-)","Oman","Importations - quantité","Viande, poulet, fraîche ou réfrigérée","2023","tonnes","91463.91"
"Compte Disponibilités et Utilisations (CDU) (2010-)","Ouganda","Importations - quantité","Viande, poulet, fraîche ou réfrigérée","2010","tonnes","17"
"Compte Disponibilités et Utilisations (CDU) (2010-)","Ouganda","Importations - quantité","Viande, poulet, fraîche ou réfrigérée","2011","tonnes","351"
"Compte Disponibilités et Utilisations (CDU) (2010-)","Ouganda","Importations - quantité","Viande, poulet, fraîche ou réfrigérée","2012","tonnes","682"
"Compte Disponibilités et Utilisations (CDU) (2010-)","Ouganda","Importations - quantité","Viande, poulet, fraîche ou réfrigérée","2013","tonnes","265"
"Compte Disponibilités et Utilisations (CDU) (2010-)","Ouganda","Importations - quantité","Viande, poulet, fraîche ou réfrigérée","2014","tonnes","205.17"
"Compte Disponibilités et Utilisations (CDU) (2010-)","Ouganda","Importations - quantité","Viande, poulet, fraîche ou réfrigérée","2015","tonnes","258.92"
"Compte Disponibilités et Utilisations (CDU) (2010-)","Ouganda","Importations - quantité","Viande, poulet, fraîche ou réfrigérée","2016","tonnes","144.92"
"Compte Disponibilités et Utilisations (CDU) (2010-)","Ouganda","Importations - quantité","Viande, poulet, fraîche ou réfrigérée","2017","tonnes","184.05"
"Compte Disponibilités et Utilisations (CDU) (2010-)","Ouganda","Importations - quantité","Viande, poulet, fraîche ou réfrigérée","2018","tonnes","326.68"
"Compte Disponibilités et Utilisations (CDU) (2010-)","Ouganda","Importations - quantité","Viande, poulet, fraîche ou réfrigérée","2019","tonnes","280"
"Compte Disponibilités et Utilisations (CDU) (2010-)","Ouganda","Importations - quantité","Viande, poulet, fraîche ou réfrigérée","2020","tonnes","150.53"
"Compte Disponibilités et Utilisations (CDU) (2010-)","Ouganda","Importations - quantité","Viande, poulet, fraîche ou réfrigérée","2021","tonnes","43.73"
"Compte Disponibilités et Utilisations (CDU) (2010-)","Ouganda","Importations - quantité","Viande, poulet, fraîche ou réfrigérée","2022","tonnes","76.72"
"Compte Disponibilités et Utilisations (CDU) (2010-)","Ouganda","Importations - quantité","Viande, poulet, fraîche ou réfrigérée","2023","tonnes","59.71"
"Compte Disponibilités et Utilisations (CDU) (2010-)","Ouzbékistan","Importations - quantité","Viande, poulet, fraîche ou réfrigérée","2010","tonnes","4758"
"Compte Disponibilités et Utilisations (CDU) (2010-)","Ouzbékistan","Importations - quantité","Viande, poulet, fraîche ou réfrigérée","2011","tonnes","11089"
"Compte Disponibilités et Utilisations (CDU) (2010-)","Ouzbékistan","Importations - quantité","Viande, poulet, fraîche ou réfrigérée","2012","tonnes","15013"
"Compte Disponibilités et Utilisations (CDU) (2010-)","Ouzbékistan","Importations - quantité","Viande, poulet, fraîche ou réfrigérée","2013","tonnes","20378"
"Compte Disponibilités et Utilisations (CDU) (2010-)","Ouzbékistan","Importations - quantité","Viande, poulet, fraîche ou réfrigérée","2014","tonnes","30676.32"
"Compte Disponibilités et Utilisations (CDU) (2010-)","Ouzbékistan","Importations - quantité","Viande, poulet, fraîche ou réfrigérée","2015","tonnes","14118.22"
"Compte Disponibilités et Utilisations (CDU) (2010-)","Ouzbékistan","Importations - quantité","Viande, poulet, fraîche ou réfrigérée","2016","tonnes","11240.98"
"Compte Disponibilités et Utilisations (CDU) (2010-)","Ouzbékistan","Importations - quantité","Viande, poulet, fraîche ou réfrigérée","2017","tonnes","7695.82"
"Compte Disponibilités et Utilisations (CDU) (2010-)","Ouzbékistan","Importations - quantité","Viande, poulet, fraîche ou réfrigérée","2018","tonnes","6247.78"
"Compte Disponibilités et Utilisations (CDU) (2010-)","Ouzbékistan","Importations - quantité","Viande, poulet, fraîche ou réfrigérée","2019","tonnes","19715.89"
"Compte Disponibilités et Utilisations (CDU) (2010-)","Ouzbékistan","Importations - quantité","Viande, poulet, fraîche ou réfrigérée","2020","tonnes","30777.84"
"Compte Disponibilités et Utilisations (CDU) (2010-)","Ouzbékistan","Importations - quantité","Viande, poulet, fraîche ou réfrigérée","2021","tonnes","72438.36"
"Compte Disponibilités et Utilisations (CDU) (2010-)","Ouzbékistan","Importations - quantité","Viande, poulet, fraîche ou réfrigérée","2022","tonnes","50737.42"
"Compte Disponibilités et Utilisations (CDU) (2010-)","Ouzbékistan","Importations - quantité","Viande, poulet, fraîche ou réfrigérée","2023","tonnes","71328.39"
"Compte Disponibilités et Utilisations (CDU) (2010-)","Pakistan","Importations - quantité","Viande, poulet, fraîche ou réfrigérée","2010","tonnes","5"
"Compte Disponibilités et Utilisations (CDU) (2010-)","Pakistan","Importations - quantité","Viande, poulet, fraîche ou réfrigérée","2011","tonnes","6"
"Compte Disponibilités et Utilisations (CDU) (2010-)","Pakistan","Importations - quantité","Viande, poulet, fraîche ou réfrigérée","2012","tonnes","90"
"Compte Disponibilités et Utilisations (CDU) (2010-)","Pakistan","Importations - quantité","Viande, poulet, fraîche ou réfrigérée","2013","tonnes","26"
"Compte Disponibilités et Utilisations (CDU) (2010-)","Pakistan","Importations - quantité","Viande, poulet, fraîche ou réfrigérée","2014","tonnes","20.53"
"Compte Disponibilités et Utilisations (CDU) (2010-)","Pakistan","Importations - quantité","Viande, poulet, fraîche ou réfrigérée","2015","tonnes","44.1"
"Compte Disponibilités et Utilisations (CDU) (2010-)","Pakistan","Importations - quantité","Viande, poulet, fraîche ou réfrigérée","2016","tonnes","23.73"
"Compte Disponibilités et Utilisations (CDU) (2010-)","Pakistan","Importations - quantité","Viande, poulet, fraîche ou réfrigérée","2017","tonnes","64.48"
"Compte Disponibilités et Utilisations (CDU) (2010-)","Pakistan","Importations - quantité","Viande, poulet, fraîche ou réfrigérée","2018","tonnes","318.52"
"Compte Disponibilités et Utilisations (CDU) (2010-)","Pakistan","Importations - quantité","Viande, poulet, fraîche ou réfrigérée","2019","tonnes","42.45"
"Compte Disponibilités et Utilisations (CDU) (2010-)","Pakistan","Importations - quantité","Viande, poulet, fraîche ou réfrigérée","2020","tonnes","107.81"
"Compte Disponibilités et Utilisations (CDU) (2010-)","Pakistan","Importations - quantité","Viande, poulet, fraîche ou réfrigérée","2021","tonnes","156.71"
"Compte Disponibilités et Utilisations (CDU) (2010-)","Pakistan","Importations - quantité","Viande, poulet, fraîche ou réfrigérée","2022","tonnes","213.96"
"Compte Disponibilités et Utilisations (CDU) (2010-)","Pakistan","Importations - quantité","Viande, poulet, fraîche ou réfrigérée","2023","tonnes","61.62"
"Compte Disponibilités et Utilisations (CDU) (2010-)","Panama","Importations - quantité","Viande, poulet, fraîche ou réfrigérée","2010","tonnes","6723"
"Compte Disponibilités et Utilisations (CDU) (2010-)","Panama","Importations - quantité","Viande, poulet, fraîche ou réfrigérée","2011","tonnes","7530"
"Compte Disponibilités et Utilisations (CDU) (2010-)","Panama","Importations - quantité","Viande, poulet, fraîche ou réfrigérée","2012","tonnes","7831"
"Compte Disponibilités et Utilisations (CDU) (2010-)","Panama","Importations - quantité","Viande, poulet, fraîche ou réfrigérée","2013","tonnes","9589"
"Compte Disponibilités et Utilisations (CDU) (2010-)","Panama","Importations - quantité","Viande, poulet, fraîche ou réfrigérée","2014","tonnes","9492"
"Compte Disponibilités et Utilisations (CDU) (2010-)","Panama","Importations - quantité","Viande, poulet, fraîche ou réfrigérée","2015","tonnes","11077"
"Compte Disponibilités et Utilisations (CDU) (2010-)","Panama","Importations - quantité","Viande, poulet, fraîche ou réfrigérée","2016","tonnes","11446"
"Compte Disponibilités et Utilisations (CDU) (2010-)","Panama","Importations - quantité","Viande, poulet, fraîche ou réfrigérée","2017","tonnes","12439.47"
"Compte Disponibilités et Utilisations (CDU) (2010-)","Panama","Importations - quantité","Viande, poulet, fraîche ou réfrigérée","2018","tonnes","14005.45"
"Compte Disponibilités et Utilisations (CDU) (2010-)","Panama","Importations - quantité","Viande, poulet, fraîche ou réfrigérée","2019","tonnes","15160.14"
"Compte Disponibilités et Utilisations (CDU) (2010-)","Panama","Importations - quantité","Viande, poulet, fraîche ou réfrigérée","2020","tonnes","12419.39"
"Compte Disponibilités et Utilisations (CDU) (2010-)","Panama","Importations - quantité","Viande, poulet, fraîche ou réfrigérée","2021","tonnes","15702.99"
"Compte Disponibilités et Utilisations (CDU) (2010-)","Panama","Importations - quantité","Viande, poulet, fraîche ou réfrigérée","2022","tonnes","11981.5"
"Compte Disponibilités et Utilisations (CDU) (2010-)","Panama","Importations - quantité","Viande, poulet, fraîche ou réfrigérée","2023","tonnes","12307.87"
"Compte Disponibilités et Utilisations (CDU) (2010-)","Papouasie-Nouvelle-Guinée","Importations - quantité","Viande, poulet, fraîche ou réfrigérée","2010","tonnes","3779"
"Compte Disponibilités et Utilisations (CDU) (2010-)","Papouasie-Nouvelle-Guinée","Importations - quantité","Viande, poulet, fraîche ou réfrigérée","2011","tonnes","6169"
"Compte Disponibilités et Utilisations (CDU) (2010-)","Papouasie-Nouvelle-Guinée","Importations - quantité","Viande, poulet, fraîche ou réfrigérée","2012","tonnes","12058"
"Compte Disponibilités et Utilisations (CDU) (2010-)","Papouasie-Nouvelle-Guinée","Importations - quantité","Viande, poulet, fraîche ou réfrigérée","2013","tonnes","16203"
"Compte Disponibilités et Utilisations (CDU) (2010-)","Papouasie-Nouvelle-Guinée","Importations - quantité","Viande, poulet, fraîche ou réfrigérée","2014","tonnes","17579.52"
"Compte Disponibilités et Utilisations (CDU) (2010-)","Papouasie-Nouvelle-Guinée","Importations - quantité","Viande, poulet, fraîche ou réfrigérée","2015","tonnes","14454.54"
"Compte Disponibilités et Utilisations (CDU) (2010-)","Papouasie-Nouvelle-Guinée","Importations - quantité","Viande, poulet, fraîche ou réfrigérée","2016","tonnes","18920"
"Compte Disponibilités et Utilisations (CDU) (2010-)","Papouasie-Nouvelle-Guinée","Importations - quantité","Viande, poulet, fraîche ou réfrigérée","2017","tonnes","22715.16"
"Compte Disponibilités et Utilisations (CDU) (2010-)","Papouasie-Nouvelle-Guinée","Importations - quantité","Viande, poulet, fraîche ou réfrigérée","2018","tonnes","18006.26"
"Compte Disponibilités et Utilisations (CDU) (2010-)","Papouasie-Nouvelle-Guinée","Importations - quantité","Viande, poulet, fraîche ou réfrigérée","2019","tonnes","24062.89"
"Compte Disponibilités et Utilisations (CDU) (2010-)","Papouasie-Nouvelle-Guinée","Importations - quantité","Viande, poulet, fraîche ou réfrigérée","2020","tonnes","20021.87"
"Compte Disponibilités et Utilisations (CDU) (2010-)","Papouasie-Nouvelle-Guinée","Importations - quantité","Viande, poulet, fraîche ou réfrigérée","2021","tonnes","21446.58"
"Compte Disponibilités et Utilisations (CDU) (2010-)","Papouasie-Nouvelle-Guinée","Importations - quantité","Viande, poulet, fraîche ou réfrigérée","2022","tonnes","27503.59"
"Compte Disponibilités et Utilisations (CDU) (2010-)","Papouasie-Nouvelle-Guinée","Importations - quantité","Viande, poulet, fraîche ou réfrigérée","2023","tonnes","28845.98"
"Compte Disponibilités et Utilisations (CDU) (2010-)","Paraguay","Importations - quantité","Viande, poulet, fraîche ou réfrigérée","2010","tonnes","239"
"Compte Disponibilités et Utilisations (CDU) (2010-)","Paraguay","Importations - quantité","Viande, poulet, fraîche ou réfrigérée","2011","tonnes","268"
"Compte Disponibilités et Utilisations (CDU) (2010-)","Paraguay","Importations - quantité","Viande, poulet, fraîche ou réfrigérée","2012","tonnes","116"
"Compte Disponibilités et Utilisations (CDU) (2010-)","Paraguay","Importations - quantité","Viande, poulet, fraîche ou réfrigérée","2013","tonnes","88"
"Compte Disponibilités et Utilisations (CDU) (2010-)","Paraguay","Importations - quantité","Viande, poulet, fraîche ou réfrigérée","2014","tonnes","6.25"
"Compte Disponibilités et Utilisations (CDU) (2010-)","Paraguay","Importations - quantité","Viande, poulet, fraîche ou réfrigérée","2016","tonnes","20"
"Compte Disponibilités et Utilisations (CDU) (2010-)","Paraguay","Importations - quantité","Viande, poulet, fraîche ou réfrigérée","2020","tonnes","138.32"
"Compte Disponibilités et Utilisations (CDU) (2010-)","Paraguay","Importations - quantité","Viande, poulet, fraîche ou réfrigérée","2021","tonnes","118.72"
"Compte Disponibilités et Utilisations (CDU) (2010-)","Paraguay","Importations - quantité","Viande, poulet, fraîche ou réfrigérée","2022","tonnes","57.85"
"Compte Disponibilités et Utilisations (CDU) (2010-)","Paraguay","Importations - quantité","Viande, poulet, fraîche ou réfrigérée","2023","tonnes","5.5"
"Compte Disponibilités et Utilisations (CDU) (2010-)","Pays-Bas (Royaume des)","Importations - quantité","Viande, poulet, fraîche ou réfrigérée","2010","tonnes","308155"
"Compte Disponibilités et Utilisations (CDU) (2010-)","Pays-Bas (Royaume des)","Importations - quantité","Viande, poulet, fraîche ou réfrigérée","2011","tonnes","355311"
"Compte Disponibilités et Utilisations (CDU) (2010-)","Pays-Bas (Royaume des)","Importations - quantité","Viande, poulet, fraîche ou réfrigérée","2012","tonnes","340533"
"Compte Disponibilités et Utilisations (CDU) (2010-)","Pays-Bas (Royaume des)","Importations - quantité","Viande, poulet, fraîche ou réfrigérée","2013","tonnes","311693"
"Compte Disponibilités et Utilisations (CDU) (2010-)","Pays-Bas (Royaume des)","Importations - quantité","Viande, poulet, fraîche ou réfrigérée","2014","tonnes","317737.77"
"Compte Disponibilités et Utilisations (CDU) (2010-)","Pays-Bas (Royaume des)","Importations - quantité","Viande, poulet, fraîche ou réfrigérée","2015","tonnes","273218.65"
"Compte Disponibilités et Utilisations (CDU) (2010-)","Pays-Bas (Royaume des)","Importations - quantité","Viande, poulet, fraîche ou réfrigérée","2016","tonnes","274370.18"
"Compte Disponibilités et Utilisations (CDU) (2010-)","Pays-Bas (Royaume des)","Importations - quantité","Viande, poulet, fraîche ou réfrigérée","2017","tonnes","358733.16"
"Compte Disponibilités et Utilisations (CDU) (2010-)","Pays-Bas (Royaume des)","Importations - quantité","Viande, poulet, fraîche ou réfrigérée","2018","tonnes","380380.72"
"Compte Disponibilités et Utilisations (CDU) (2010-)","Pays-Bas (Royaume des)","Importations - quantité","Viande, poulet, fraîche ou réfrigérée","2019","tonnes","388002.9"
"Compte Disponibilités et Utilisations (CDU) (2010-)","Pays-Bas (Royaume des)","Importations - quantité","Viande, poulet, fraîche ou réfrigérée","2020","tonnes","363525.28"
"Compte Disponibilités et Utilisations (CDU) (2010-)","Pays-Bas (Royaume des)","Importations - quantité","Viande, poulet, fraîche ou réfrigérée","2021","tonnes","530277.37"
"Compte Disponibilités et Utilisations (CDU) (2010-)","Pays-Bas (Royaume des)","Importations - quantité","Viande, poulet, fraîche ou réfrigérée","2022","tonnes","619335.69"
"Compte Disponibilités et Utilisations (CDU) (2010-)","Pays-Bas (Royaume des)","Importations - quantité","Viande, poulet, fraîche ou réfrigérée","2023","tonnes","652620.62"
"Compte Disponibilités et Utilisations (CDU) (2010-)","Pérou","Importations - quantité","Viande, poulet, fraîche ou réfrigérée","2010","tonnes","19812"
"Compte Disponibilités et Utilisations (CDU) (2010-)","Pérou","Importations - quantité","Viande, poulet, fraîche ou réfrigérée","2011","tonnes","16479"
"Compte Disponibilités et Utilisations (CDU) (2010-)","Pérou","Importations - quantité","Viande, poulet, fraîche ou réfrigérée","2012","tonnes","20671"
"Compte Disponibilités et Utilisations (CDU) (2010-)","Pérou","Importations - quantité","Viande, poulet, fraîche ou réfrigérée","2013","tonnes","23045"
"Compte Disponibilités et Utilisations (CDU) (2010-)","Pérou","Importations - quantité","Viande, poulet, fraîche ou réfrigérée","2014","tonnes","22011.47"
"Compte Disponibilités et Utilisations (CDU) (2010-)","Pérou","Importations - quantité","Viande, poulet, fraîche ou réfrigérée","2015","tonnes","25933.33"
"Compte Disponibilités et Utilisations (CDU) (2010-)","Pérou","Importations - quantité","Viande, poulet, fraîche ou réfrigérée","2016","tonnes","38549.11"
"Compte Disponibilités et Utilisations (CDU) (2010-)","Pérou","Importations - quantité","Viande, poulet, fraîche ou réfrigérée","2017","tonnes","46126.43"
"Compte Disponibilités et Utilisations (CDU) (2010-)","Pérou","Importations - quantité","Viande, poulet, fraîche ou réfrigérée","2018","tonnes","57660.9"
"Compte Disponibilités et Utilisations (CDU) (2010-)","Pérou","Importations - quantité","Viande, poulet, fraîche ou réfrigérée","2019","tonnes","54868.98"
"Compte Disponibilités et Utilisations (CDU) (2010-)","Pérou","Importations - quantité","Viande, poulet, fraîche ou réfrigérée","2020","tonnes","63284.66"
"Compte Disponibilités et Utilisations (CDU) (2010-)","Pérou","Importations - quantité","Viande, poulet, fraîche ou réfrigérée","2021","tonnes","93722.62"
"Compte Disponibilités et Utilisations (CDU) (2010-)","Pérou","Importations - quantité","Viande, poulet, fraîche ou réfrigérée","2022","tonnes","80660.93"
"Compte Disponibilités et Utilisations (CDU) (2010-)","Pérou","Importations - quantité","Viande, poulet, fraîche ou réfrigérée","2023","tonnes","94825.3"
"Compte Disponibilités et Utilisations (CDU) (2010-)","Philippines","Importations - quantité","Viande, poulet, fraîche ou réfrigérée","2010","tonnes","98005"
"Compte Disponibilités et Utilisations (CDU) (2010-)","Philippines","Importations - quantité","Viande, poulet, fraîche ou réfrigérée","2011","tonnes","111855"
"Compte Disponibilités et Utilisations (CDU) (2010-)","Philippines","Importations - quantité","Viande, poulet, fraîche ou réfrigérée","2012","tonnes","107208"
"Compte Disponibilités et Utilisations (CDU) (2010-)","Philippines","Importations - quantité","Viande, poulet, fraîche ou réfrigérée","2013","tonnes","95727"
"Compte Disponibilités et Utilisations (CDU) (2010-)","Philippines","Importations - quantité","Viande, poulet, fraîche ou réfrigérée","2014","tonnes","171472.21"
"Compte Disponibilités et Utilisations (CDU) (2010-)","Philippines","Importations - quantité","Viande, poulet, fraîche ou réfrigérée","2015","tonnes","167762.59"
"Compte Disponibilités et Utilisations (CDU) (2010-)","Philippines","Importations - quantité","Viande, poulet, fraîche ou réfrigérée","2016","tonnes","241859.38"
"Compte Disponibilités et Utilisations (CDU) (2010-)","Philippines","Importations - quantité","Viande, poulet, fraîche ou réfrigérée","2017","tonnes","246015.63"
"Compte Disponibilités et Utilisations (CDU) (2010-)","Philippines","Importations - quantité","Viande, poulet, fraîche ou réfrigérée","2018","tonnes","276597.32"
"Compte Disponibilités et Utilisations (CDU) (2010-)","Philippines","Importations - quantité","Viande, poulet, fraîche ou réfrigérée","2019","tonnes","301082.41"
"Compte Disponibilités et Utilisations (CDU) (2010-)","Philippines","Importations - quantité","Viande, poulet, fraîche ou réfrigérée","2020","tonnes","312257"
"Compte Disponibilités et Utilisations (CDU) (2010-)","Philippines","Importations - quantité","Viande, poulet, fraîche ou réfrigérée","2021","tonnes","359910.33"
"Compte Disponibilités et Utilisations (CDU) (2010-)","Philippines","Importations - quantité","Viande, poulet, fraîche ou réfrigérée","2022","tonnes","342864.09"
"Compte Disponibilités et Utilisations (CDU) (2010-)","Philippines","Importations - quantité","Viande, poulet, fraîche ou réfrigérée","2023","tonnes","268537.88"
"Compte Disponibilités et Utilisations (CDU) (2010-)","Pologne","Importations - quantité","Viande, poulet, fraîche ou réfrigérée","2010","tonnes","17337"
"Compte Disponibilités et Utilisations (CDU) (2010-)","Pologne","Importations - quantité","Viande, poulet, fraîche ou réfrigérée","2011","tonnes","14886"
"Compte Disponibilités et Utilisations (CDU) (2010-)","Pologne","Importations - quantité","Viande, poulet, fraîche ou réfrigérée","2012","tonnes","20304"
"Compte Disponibilités et Utilisations (CDU) (2010-)","Pologne","Importations - quantité","Viande, poulet, fraîche ou réfrigérée","2013","tonnes","19484"
"Compte Disponibilités et Utilisations (CDU) (2010-)","Pologne","Importations - quantité","Viande, poulet, fraîche ou réfrigérée","2014","tonnes","16697.07"
"Compte Disponibilités et Utilisations (CDU) (2010-)","Pologne","Importations - quantité","Viande, poulet, fraîche ou réfrigérée","2015","tonnes","16022.33"
"Compte Disponibilités et Utilisations (CDU) (2010-)","Pologne","Importations - quantité","Viande, poulet, fraîche ou réfrigérée","2016","tonnes","19226.47"
"Compte Disponibilités et Utilisations (CDU) (2010-)","Pologne","Importations - quantité","Viande, poulet, fraîche ou réfrigérée","2017","tonnes","31348.32"
"Compte Disponibilités et Utilisations (CDU) (2010-)","Pologne","Importations - quantité","Viande, poulet, fraîche ou réfrigérée","2018","tonnes","53301.93"
"Compte Disponibilités et Utilisations (CDU) (2010-)","Pologne","Importations - quantité","Viande, poulet, fraîche ou réfrigérée","2019","tonnes","55257.26"
"Compte Disponibilités et Utilisations (CDU) (2010-)","Pologne","Importations - quantité","Viande, poulet, fraîche ou réfrigérée","2020","tonnes","25860.56"
"Compte Disponibilités et Utilisations (CDU) (2010-)","Pologne","Importations - quantité","Viande, poulet, fraîche ou réfrigérée","2021","tonnes","27278.56"
"Compte Disponibilités et Utilisations (CDU) (2010-)","Pologne","Importations - quantité","Viande, poulet, fraîche ou réfrigérée","2022","tonnes","30154.82"
"Compte Disponibilités et Utilisations (CDU) (2010-)","Pologne","Importations - quantité","Viande, poulet, fraîche ou réfrigérée","2023","tonnes","27822.07"
"Compte Disponibilités et Utilisations (CDU) (2010-)","Polynésie française","Importations - quantité","Viande, poulet, fraîche ou réfrigérée","2010","tonnes","12755"
"Compte Disponibilités et Utilisations (CDU) (2010-)","Polynésie française","Importations - quantité","Viande, poulet, fraîche ou réfrigérée","2011","tonnes","13763"
"Compte Disponibilités et Utilisations (CDU) (2010-)","Polynésie française","Importations - quantité","Viande, poulet, fraîche ou réfrigérée","2012","tonnes","13220"
"Compte Disponibilités et Utilisations (CDU) (2010-)","Polynésie française","Importations - quantité","Viande, poulet, fraîche ou réfrigérée","2013","tonnes","14291"
"Compte Disponibilités et Utilisations (CDU) (2010-)","Polynésie française","Importations - quantité","Viande, poulet, fraîche ou réfrigérée","2014","tonnes","15253.76"
"Compte Disponibilités et Utilisations (CDU) (2010-)","Polynésie française","Importations - quantité","Viande, poulet, fraîche ou réfrigérée","2015","tonnes","15003.89"
"Compte Disponibilités et Utilisations (CDU) (2010-)","Polynésie française","Importations - quantité","Viande, poulet, fraîche ou réfrigérée","2016","tonnes","15743.85"
"Compte Disponibilités et Utilisations (CDU) (2010-)","Polynésie française","Importations - quantité","Viande, poulet, fraîche ou réfrigérée","2017","tonnes","14000.76"
"Compte Disponibilités et Utilisations (CDU) (2010-)","Polynésie française","Importations - quantité","Viande, poulet, fraîche ou réfrigérée","2018","tonnes","15292.69"
"Compte Disponibilités et Utilisations (CDU) (2010-)","Polynésie française","Importations - quantité","Viande, poulet, fraîche ou réfrigérée","2019","tonnes","15754.45"
"Compte Disponibilités et Utilisations (CDU) (2010-)","Polynésie française","Importations - quantité","Viande, poulet, fraîche ou réfrigérée","2020","tonnes","16056.16"
"Compte Disponibilités et Utilisations (CDU) (2010-)","Polynésie française","Importations - quantité","Viande, poulet, fraîche ou réfrigérée","2021","tonnes","14455.54"
"Compte Disponibilités et Utilisations (CDU) (2010-)","Polynésie française","Importations - quantité","Viande, poulet, fraîche ou réfrigérée","2022","tonnes","16367.45"
"Compte Disponibilités et Utilisations (CDU) (2010-)","Polynésie française","Importations - quantité","Viande, poulet, fraîche ou réfrigérée","2023","tonnes","15818.64"
"Compte Disponibilités et Utilisations (CDU) (2010-)","Portugal","Importations - quantité","Viande, poulet, fraîche ou réfrigérée","2010","tonnes","24264"
"Compte Disponibilités et Utilisations (CDU) (2010-)","Portugal","Importations - quantité","Viande, poulet, fraîche ou réfrigérée","2011","tonnes","25184"
"Compte Disponibilités et Utilisations (CDU) (2010-)","Portugal","Importations - quantité","Viande, poulet, fraîche ou réfrigérée","2012","tonnes","27432"
"Compte Disponibilités et Utilisations (CDU) (2010-)","Portugal","Importations - quantité","Viande, poulet, fraîche ou réfrigérée","2013","tonnes","30120"
"Compte Disponibilités et Utilisations (CDU) (2010-)","Portugal","Importations - quantité","Viande, poulet, fraîche ou réfrigérée","2014","tonnes","30397.96"
"Compte Disponibilités et Utilisations (CDU) (2010-)","Portugal","Importations - quantité","Viande, poulet, fraîche ou réfrigérée","2015","tonnes","32307.84"
"Compte Disponibilités et Utilisations (CDU) (2010-)","Portugal","Importations - quantité","Viande, poulet, fraîche ou réfrigérée","2016","tonnes","33544.06"
"Compte Disponibilités et Utilisations (CDU) (2010-)","Portugal","Importations - quantité","Viande, poulet, fraîche ou réfrigérée","2017","tonnes","37998.25"
"Compte Disponibilités et Utilisations (CDU) (2010-)","Portugal","Importations - quantité","Viande, poulet, fraîche ou réfrigérée","2018","tonnes","43730.04"
"Compte Disponibilités et Utilisations (CDU) (2010-)","Portugal","Importations - quantité","Viande, poulet, fraîche ou réfrigérée","2019","tonnes","45572.53"
"Compte Disponibilités et Utilisations (CDU) (2010-)","Portugal","Importations - quantité","Viande, poulet, fraîche ou réfrigérée","2020","tonnes","39608.2"
"Compte Disponibilités et Utilisations (CDU) (2010-)","Portugal","Importations - quantité","Viande, poulet, fraîche ou réfrigérée","2021","tonnes","40260.52"
"Compte Disponibilités et Utilisations (CDU) (2010-)","Portugal","Importations - quantité","Viande, poulet, fraîche ou réfrigérée","2022","tonnes","48015.17"
"Compte Disponibilités et Utilisations (CDU) (2010-)","Portugal","Importations - quantité","Viande, poulet, fraîche ou réfrigérée","2023","tonnes","59745"
"Compte Disponibilités et Utilisations (CDU) (2010-)","Qatar","Importations - quantité","Viande, poulet, fraîche ou réfrigérée","2019","tonnes","124644.12"
"Compte Disponibilités et Utilisations (CDU) (2010-)","Qatar","Importations - quantité","Viande, poulet, fraîche ou réfrigérée","2020","tonnes","120552.34"
"Compte Disponibilités et Utilisations (CDU) (2010-)","Qatar","Importations - quantité","Viande, poulet, fraîche ou réfrigérée","2021","tonnes","106875.89"
"Compte Disponibilités et Utilisations (CDU) (2010-)","Qatar","Importations - quantité","Viande, poulet, fraîche ou réfrigérée","2022","tonnes","136296.66"
"Compte Disponibilités et Utilisations (CDU) (2010-)","Qatar","Importations - quantité","Viande, poulet, fraîche ou réfrigérée","2023","tonnes","97070.57"
"Compte Disponibilités et Utilisations (CDU) (2010-)","République arabe syrienne","Importations - quantité","Viande, poulet, fraîche ou réfrigérée","2010","tonnes","2845"
"Compte Disponibilités et Utilisations (CDU) (2010-)","République arabe syrienne","Importations - quantité","Viande, poulet, fraîche ou réfrigérée","2011","tonnes","8581"
"Compte Disponibilités et Utilisations (CDU) (2010-)","République arabe syrienne","Importations - quantité","Viande, poulet, fraîche ou réfrigérée","2012","tonnes","9855"
"Compte Disponibilités et Utilisations (CDU) (2010-)","République arabe syrienne","Importations - quantité","Viande, poulet, fraîche ou réfrigérée","2013","tonnes","28027"
"Compte Disponibilités et Utilisations (CDU) (2010-)","République arabe syrienne","Importations - quantité","Viande, poulet, fraîche ou réfrigérée","2014","tonnes","28885.94"
"Compte Disponibilités et Utilisations (CDU) (2010-)","République arabe syrienne","Importations - quantité","Viande, poulet, fraîche ou réfrigérée","2015","tonnes","22300.15"
"Compte Disponibilités et Utilisations (CDU) (2010-)","République arabe syrienne","Importations - quantité","Viande, poulet, fraîche ou réfrigérée","2016","tonnes","15928.64"
"Compte Disponibilités et Utilisations (CDU) (2010-)","République arabe syrienne","Importations - quantité","Viande, poulet, fraîche ou réfrigérée","2017","tonnes","24297.67"
"Compte Disponibilités et Utilisations (CDU) (2010-)","République arabe syrienne","Importations - quantité","Viande, poulet, fraîche ou réfrigérée","2018","tonnes","18276.24"
"Compte Disponibilités et Utilisations (CDU) (2010-)","République arabe syrienne","Importations - quantité","Viande, poulet, fraîche ou réfrigérée","2019","tonnes","12817"
"Compte Disponibilités et Utilisations (CDU) (2010-)","République arabe syrienne","Importations - quantité","Viande, poulet, fraîche ou réfrigérée","2020","tonnes","13139.34"
"Compte Disponibilités et Utilisations (CDU) (2010-)","République arabe syrienne","Importations - quantité","Viande, poulet, fraîche ou réfrigérée","2021","tonnes","13211.01"
"Compte Disponibilités et Utilisations (CDU) (2010-)","République arabe syrienne","Importations - quantité","Viande, poulet, fraîche ou réfrigérée","2022","tonnes","11334.51"
"Compte Disponibilités et Utilisations (CDU) (2010-)","République arabe syrienne","Importations - quantité","Viande, poulet, fraîche ou réfrigérée","2023","tonnes","9321.86"
"Compte Disponibilités et Utilisations (CDU) (2010-)","République de Corée","Importations - quantité","Viande, poulet, fraîche ou réfrigérée","2010","tonnes","92881"
"Compte Disponibilités et Utilisations (CDU) (2010-)","République de Corée","Importations - quantité","Viande, poulet, fraîche ou réfrigérée","2011","tonnes","116849"
"Compte Disponibilités et Utilisations (CDU) (2010-)","République de Corée","Importations - quantité","Viande, poulet, fraîche ou réfrigérée","2012","tonnes","115564"
"Compte Disponibilités et Utilisations (CDU) (2010-)","République de Corée","Importations - quantité","Viande, poulet, fraîche ou réfrigérée","2013","tonnes","110334"
"Compte Disponibilités et Utilisations (CDU) (2010-)","République de Corée","Importations - quantité","Viande, poulet, fraîche ou réfrigérée","2014","tonnes","124465.97"
"Compte Disponibilités et Utilisations (CDU) (2010-)","République de Corée","Importations - quantité","Viande, poulet, fraîche ou réfrigérée","2015","tonnes","99885.6"
"Compte Disponibilités et Utilisations (CDU) (2010-)","République de Corée","Importations - quantité","Viande, poulet, fraîche ou réfrigérée","2016","tonnes","109262.4"
"Compte Disponibilités et Utilisations (CDU) (2010-)","République de Corée","Importations - quantité","Viande, poulet, fraîche ou réfrigérée","2017","tonnes","106358.86"
"Compte Disponibilités et Utilisations (CDU) (2010-)","République de Corée","Importations - quantité","Viande, poulet, fraîche ou réfrigérée","2018","tonnes","132482.71"
"Compte Disponibilités et Utilisations (CDU) (2010-)","République de Corée","Importations - quantité","Viande, poulet, fraîche ou réfrigérée","2019","tonnes","141686.3"
"Compte Disponibilités et Utilisations (CDU) (2010-)","République de Corée","Importations - quantité","Viande, poulet, fraîche ou réfrigérée","2020","tonnes","139065.82"
"Compte Disponibilités et Utilisations (CDU) (2010-)","République de Corée","Importations - quantité","Viande, poulet, fraîche ou réfrigérée","2021","tonnes","148874.05"
"Compte Disponibilités et Utilisations (CDU) (2010-)","République de Corée","Importations - quantité","Viande, poulet, fraîche ou réfrigérée","2022","tonnes","181625.17"
"Compte Disponibilités et Utilisations (CDU) (2010-)","République de Corée","Importations - quantité","Viande, poulet, fraîche ou réfrigérée","2023","tonnes","245834.72"
"Compte Disponibilités et Utilisations (CDU) (2010-)","République de Moldova","Importations - quantité","Viande, poulet, fraîche ou réfrigérée","2010","tonnes","13883"
"Compte Disponibilités et Utilisations (CDU) (2010-)","République de Moldova","Importations - quantité","Viande, poulet, fraîche ou réfrigérée","2011","tonnes","12356"
"Compte Disponibilités et Utilisations (CDU) (2010-)","République de Moldova","Importations - quantité","Viande, poulet, fraîche ou réfrigérée","2012","tonnes","16006"
"Compte Disponibilités et Utilisations (CDU) (2010-)","République de Moldova","Importations - quantité","Viande, poulet, fraîche ou réfrigérée","2013","tonnes","17946"
"Compte Disponibilités et Utilisations (CDU) (2010-)","République de Moldova","Importations - quantité","Viande, poulet, fraîche ou réfrigérée","2014","tonnes","18313.48"
"Compte Disponibilités et Utilisations (CDU) (2010-)","République de Moldova","Importations - quantité","Viande, poulet, fraîche ou réfrigérée","2015","tonnes","15442.46"
"Compte Disponibilités et Utilisations (CDU) (2010-)","République de Moldova","Importations - quantité","Viande, poulet, fraîche ou réfrigérée","2016","tonnes","13539.41"
"Compte Disponibilités et Utilisations (CDU) (2010-)","République de Moldova","Importations - quantité","Viande, poulet, fraîche ou réfrigérée","2017","tonnes","11876.52"
"Compte Disponibilités et Utilisations (CDU) (2010-)","République de Moldova","Importations - quantité","Viande, poulet, fraîche ou réfrigérée","2018","tonnes","14362.72"
"Compte Disponibilités et Utilisations (CDU) (2010-)","République de Moldova","Importations - quantité","Viande, poulet, fraîche ou réfrigérée","2019","tonnes","18567.47"
"Compte Disponibilités et Utilisations (CDU) (2010-)","République de Moldova","Importations - quantité","Viande, poulet, fraîche ou réfrigérée","2020","tonnes","19825.04"
"Compte Disponibilités et Utilisations (CDU) (2010-)","République de Moldova","Importations - quantité","Viande, poulet, fraîche ou réfrigérée","2021","tonnes","22025.9"
"Compte Disponibilités et Utilisations (CDU) (2010-)","République de Moldova","Importations - quantité","Viande, poulet, fraîche ou réfrigérée","2022","tonnes","20479.24"
"Compte Disponibilités et Utilisations (CDU) (2010-)","République de Moldova","Importations - quantité","Viande, poulet, fraîche ou réfrigérée","2023","tonnes","20623.92"
"Compte Disponibilités et Utilisations (CDU) (2010-)","République démocratique du Congo","Importations - quantité","Viande, poulet, fraîche ou réfrigérée","2010","tonnes","58348"
"Compte Disponibilités et Utilisations (CDU) (2010-)","République démocratique du Congo","Importations - quantité","Viande, poulet, fraîche ou réfrigérée","2011","tonnes","66384"
"Compte Disponibilités et Utilisations (CDU) (2010-)","République démocratique du Congo","Importations - quantité","Viande, poulet, fraîche ou réfrigérée","2012","tonnes","66384"
"Compte Disponibilités et Utilisations (CDU) (2010-)","République démocratique du Congo","Importations - quantité","Viande, poulet, fraîche ou réfrigérée","2013","tonnes","66384"
"Compte Disponibilités et Utilisations (CDU) (2010-)","République démocratique du Congo","Importations - quantité","Viande, poulet, fraîche ou réfrigérée","2014","tonnes","81717.11"
"Compte Disponibilités et Utilisations (CDU) (2010-)","République démocratique du Congo","Importations - quantité","Viande, poulet, fraîche ou réfrigérée","2015","tonnes","81721.69"
"Compte Disponibilités et Utilisations (CDU) (2010-)","République démocratique du Congo","Importations - quantité","Viande, poulet, fraîche ou réfrigérée","2016","tonnes","84551.79"
"Compte Disponibilités et Utilisations (CDU) (2010-)","République démocratique du Congo","Importations - quantité","Viande, poulet, fraîche ou réfrigérée","2017","tonnes","95327.15"
"Compte Disponibilités et Utilisations (CDU) (2010-)","République démocratique du Congo","Importations - quantité","Viande, poulet, fraîche ou réfrigérée","2018","tonnes","116479.87"
"Compte Disponibilités et Utilisations (CDU) (2010-)","République démocratique du Congo","Importations - quantité","Viande, poulet, fraîche ou réfrigérée","2019","tonnes","122790.92"
"Compte Disponibilités et Utilisations (CDU) (2010-)","République démocratique du Congo","Importations - quantité","Viande, poulet, fraîche ou réfrigérée","2020","tonnes","72425.54"
"Compte Disponibilités et Utilisations (CDU) (2010-)","République démocratique du Congo","Importations - quantité","Viande, poulet, fraîche ou réfrigérée","2021","tonnes","72905.46"
"Compte Disponibilités et Utilisations (CDU) (2010-)","République démocratique du Congo","Importations - quantité","Viande, poulet, fraîche ou réfrigérée","2022","tonnes","76883"
"Compte Disponibilités et Utilisations (CDU) (2010-)","République démocratique du Congo","Importations - quantité","Viande, poulet, fraîche ou réfrigérée","2023","tonnes","58553"
"Compte Disponibilités et Utilisations (CDU) (2010-)","République démocratique populaire lao","Importations - quantité","Viande, poulet, fraîche ou réfrigérée","2010","tonnes","0"
"Compte Disponibilités et Utilisations (CDU) (2010-)","République démocratique populaire lao","Importations - quantité","Viande, poulet, fraîche ou réfrigérée","2011","tonnes","0"
"Compte Disponibilités et Utilisations (CDU) (2010-)","République démocratique populaire lao","Importations - quantité","Viande, poulet, fraîche ou réfrigérée","2012","tonnes","0"
"Compte Disponibilités et Utilisations (CDU) (2010-)","République démocratique populaire lao","Importations - quantité","Viande, poulet, fraîche ou réfrigérée","2013","tonnes","0"
"Compte Disponibilités et Utilisations (CDU) (2010-)","République démocratique populaire lao","Importations - quantité","Viande, poulet, fraîche ou réfrigérée","2014","tonnes","141"
"Compte Disponibilités et Utilisations (CDU) (2010-)","République démocratique populaire lao","Importations - quantité","Viande, poulet, fraîche ou réfrigérée","2015","tonnes","109"
"Compte Disponibilités et Utilisations (CDU) (2010-)","République démocratique populaire lao","Importations - quantité","Viande, poulet, fraîche ou réfrigérée","2016","tonnes","3099"
"Compte Disponibilités et Utilisations (CDU) (2010-)","République démocratique populaire lao","Importations - quantité","Viande, poulet, fraîche ou réfrigérée","2017","tonnes","4129"
"Compte Disponibilités et Utilisations (CDU) (2010-)","République démocratique populaire lao","Importations - quantité","Viande, poulet, fraîche ou réfrigérée","2018","tonnes","3363"
"Compte Disponibilités et Utilisations (CDU) (2010-)","République démocratique populaire lao","Importations - quantité","Viande, poulet, fraîche ou réfrigérée","2019","tonnes","1050.21"
"Compte Disponibilités et Utilisations (CDU) (2010-)","République démocratique populaire lao","Importations - quantité","Viande, poulet, fraîche ou réfrigérée","2020","tonnes","116.65"
"Compte Disponibilités et Utilisations (CDU) (2010-)","République démocratique populaire lao","Importations - quantité","Viande, poulet, fraîche ou réfrigérée","2021","tonnes","114.11"
"Compte Disponibilités et Utilisations (CDU) (2010-)","République démocratique populaire lao","Importations - quantité","Viande, poulet, fraîche ou réfrigérée","2022","tonnes","4720.97"
"Compte Disponibilités et Utilisations (CDU) (2010-)","République démocratique populaire lao","Importations - quantité","Viande, poulet, fraîche ou réfrigérée","2023","tonnes","9283.38"
"Compte Disponibilités et Utilisations (CDU) (2010-)","République dominicaine","Importations - quantité","Viande, poulet, fraîche ou réfrigérée","2010","tonnes","20890"
"Compte Disponibilités et Utilisations (CDU) (2010-)","République dominicaine","Importations - quantité","Viande, poulet, fraîche ou réfrigérée","2011","tonnes","17653"
"Compte Disponibilités et Utilisations (CDU) (2010-)","République dominicaine","Importations - quantité","Viande, poulet, fraîche ou réfrigérée","2012","tonnes","14500"
"Compte Disponibilités et Utilisations (CDU) (2010-)","République dominicaine","Importations - quantité","Viande, poulet, fraîche ou réfrigérée","2013","tonnes","24000"
"Compte Disponibilités et Utilisations (CDU) (2010-)","République dominicaine","Importations - quantité","Viande, poulet, fraîche ou réfrigérée","2014","tonnes","18822.41"
"Compte Disponibilités et Utilisations (CDU) (2010-)","République dominicaine","Importations - quantité","Viande, poulet, fraîche ou réfrigérée","2015","tonnes","23485.07"
"Compte Disponibilités et Utilisations (CDU) (2010-)","République dominicaine","Importations - quantité","Viande, poulet, fraîche ou réfrigérée","2016","tonnes","26685.62"
"Compte Disponibilités et Utilisations (CDU) (2010-)","République dominicaine","Importations - quantité","Viande, poulet, fraîche ou réfrigérée","2017","tonnes","21674.29"
"Compte Disponibilités et Utilisations (CDU) (2010-)","République dominicaine","Importations - quantité","Viande, poulet, fraîche ou réfrigérée","2018","tonnes","10112"
"Compte Disponibilités et Utilisations (CDU) (2010-)","République dominicaine","Importations - quantité","Viande, poulet, fraîche ou réfrigérée","2019","tonnes","36375.33"
"Compte Disponibilités et Utilisations (CDU) (2010-)","République dominicaine","Importations - quantité","Viande, poulet, fraîche ou réfrigérée","2020","tonnes","40387.2"
"Compte Disponibilités et Utilisations (CDU) (2010-)","République dominicaine","Importations - quantité","Viande, poulet, fraîche ou réfrigérée","2021","tonnes","46650.19"
"Compte Disponibilités et Utilisations (CDU) (2010-)","République dominicaine","Importations - quantité","Viande, poulet, fraîche ou réfrigérée","2022","tonnes","49966.69"
"Compte Disponibilités et Utilisations (CDU) (2010-)","République dominicaine","Importations - quantité","Viande, poulet, fraîche ou réfrigérée","2023","tonnes","46601.89"
"Compte Disponibilités et Utilisations (CDU) (2010-)","République populaire démocratique de Corée","Importations - quantité","Viande, poulet, fraîche ou réfrigérée","2018","tonnes","55.89"
"Compte Disponibilités et Utilisations (CDU) (2010-)","République-Unie de Tanzanie","Importations - quantité","Viande, poulet, fraîche ou réfrigérée","2010","tonnes","72"
"Compte Disponibilités et Utilisations (CDU) (2010-)","République-Unie de Tanzanie","Importations - quantité","Viande, poulet, fraîche ou réfrigérée","2011","tonnes","786"
"Compte Disponibilités et Utilisations (CDU) (2010-)","République-Unie de Tanzanie","Importations - quantité","Viande, poulet, fraîche ou réfrigérée","2012","tonnes","671"
"Compte Disponibilités et Utilisations (CDU) (2010-)","République-Unie de Tanzanie","Importations - quantité","Viande, poulet, fraîche ou réfrigérée","2013","tonnes","383"
"Compte Disponibilités et Utilisations (CDU) (2010-)","République-Unie de Tanzanie","Importations - quantité","Viande, poulet, fraîche ou réfrigérée","2014","tonnes","307.62"
"Compte Disponibilités et Utilisations (CDU) (2010-)","République-Unie de Tanzanie","Importations - quantité","Viande, poulet, fraîche ou réfrigérée","2015","tonnes","308.03"
"Compte Disponibilités et Utilisations (CDU) (2010-)","République-Unie de Tanzanie","Importations - quantité","Viande, poulet, fraîche ou réfrigérée","2016","tonnes","1518.66"
"Compte Disponibilités et Utilisations (CDU) (2010-)","République-Unie de Tanzanie","Importations - quantité","Viande, poulet, fraîche ou réfrigérée","2017","tonnes","2326.6"
"Compte Disponibilités et Utilisations (CDU) (2010-)","République-Unie de Tanzanie","Importations - quantité","Viande, poulet, fraîche ou réfrigérée","2018","tonnes","1125.76"
"Compte Disponibilités et Utilisations (CDU) (2010-)","République-Unie de Tanzanie","Importations - quantité","Viande, poulet, fraîche ou réfrigérée","2019","tonnes","5751.34"
"Compte Disponibilités et Utilisations (CDU) (2010-)","République-Unie de Tanzanie","Importations - quantité","Viande, poulet, fraîche ou réfrigérée","2020","tonnes","5232.84"
"Compte Disponibilités et Utilisations (CDU) (2010-)","République-Unie de Tanzanie","Importations - quantité","Viande, poulet, fraîche ou réfrigérée","2021","tonnes","8395.59"
"Compte Disponibilités et Utilisations (CDU) (2010-)","République-Unie de Tanzanie","Importations - quantité","Viande, poulet, fraîche ou réfrigérée","2022","tonnes","9456.53"
"Compte Disponibilités et Utilisations (CDU) (2010-)","République-Unie de Tanzanie","Importations - quantité","Viande, poulet, fraîche ou réfrigérée","2023","tonnes","9418.34"
"Compte Disponibilités et Utilisations (CDU) (2010-)","Roumanie","Importations - quantité","Viande, poulet, fraîche ou réfrigérée","2010","tonnes","69065"
"Compte Disponibilités et Utilisations (CDU) (2010-)","Roumanie","Importations - quantité","Viande, poulet, fraîche ou réfrigérée","2011","tonnes","63817"
"Compte Disponibilités et Utilisations (CDU) (2010-)","Roumanie","Importations - quantité","Viande, poulet, fraîche ou réfrigérée","2012","tonnes","80197"
"Compte Disponibilités et Utilisations (CDU) (2010-)","Roumanie","Importations - quantité","Viande, poulet, fraîche ou réfrigérée","2013","tonnes","68154"
"Compte Disponibilités et Utilisations (CDU) (2010-)","Roumanie","Importations - quantité","Viande, poulet, fraîche ou réfrigérée","2014","tonnes","90835.66"
"Compte Disponibilités et Utilisations (CDU) (2010-)","Roumanie","Importations - quantité","Viande, poulet, fraîche ou réfrigérée","2015","tonnes","100412.33"
"Compte Disponibilités et Utilisations (CDU) (2010-)","Roumanie","Importations - quantité","Viande, poulet, fraîche ou réfrigérée","2016","tonnes","107824.57"
"Compte Disponibilités et Utilisations (CDU) (2010-)","Roumanie","Importations - quantité","Viande, poulet, fraîche ou réfrigérée","2017","tonnes","110910.09"
"Compte Disponibilités et Utilisations (CDU) (2010-)","Roumanie","Importations - quantité","Viande, poulet, fraîche ou réfrigérée","2018","tonnes","105781.13"
"Compte Disponibilités et Utilisations (CDU) (2010-)","Roumanie","Importations - quantité","Viande, poulet, fraîche ou réfrigérée","2019","tonnes","90497.35"
"Compte Disponibilités et Utilisations (CDU) (2010-)","Roumanie","Importations - quantité","Viande, poulet, fraîche ou réfrigérée","2020","tonnes","100514.87"
"Compte Disponibilités et Utilisations (CDU) (2010-)","Roumanie","Importations - quantité","Viande, poulet, fraîche ou réfrigérée","2021","tonnes","88208.19"
"Compte Disponibilités et Utilisations (CDU) (2010-)","Roumanie","Importations - quantité","Viande, poulet, fraîche ou réfrigérée","2022","tonnes","86449.92"
"Compte Disponibilités et Utilisations (CDU) (2010-)","Roumanie","Importations - quantité","Viande, poulet, fraîche ou réfrigérée","2023","tonnes","82764.25"
"Compte Disponibilités et Utilisations (CDU) (2010-)","Royaume-Uni de Grande-Bretagne et d'Irlande du Nord","Importations - quantité","Viande, poulet, fraîche ou réfrigérée","2010","tonnes","342373"
"Compte Disponibilités et Utilisations (CDU) (2010-)","Royaume-Uni de Grande-Bretagne et d'Irlande du Nord","Importations - quantité","Viande, poulet, fraîche ou réfrigérée","2011","tonnes","371557"
"Compte Disponibilités et Utilisations (CDU) (2010-)","Royaume-Uni de Grande-Bretagne et d'Irlande du Nord","Importations - quantité","Viande, poulet, fraîche ou réfrigérée","2012","tonnes","355693"
"Compte Disponibilités et Utilisations (CDU) (2010-)","Royaume-Uni de Grande-Bretagne et d'Irlande du Nord","Importations - quantité","Viande, poulet, fraîche ou réfrigérée","2013","tonnes","350658"
"Compte Disponibilités et Utilisations (CDU) (2010-)","Royaume-Uni de Grande-Bretagne et d'Irlande du Nord","Importations - quantité","Viande, poulet, fraîche ou réfrigérée","2014","tonnes","339981.52"
"Compte Disponibilités et Utilisations (CDU) (2010-)","Royaume-Uni de Grande-Bretagne et d'Irlande du Nord","Importations - quantité","Viande, poulet, fraîche ou réfrigérée","2015","tonnes","360050.67"
"Compte Disponibilités et Utilisations (CDU) (2010-)","Royaume-Uni de Grande-Bretagne et d'Irlande du Nord","Importations - quantité","Viande, poulet, fraîche ou réfrigérée","2016","tonnes","378285.1"
"Compte Disponibilités et Utilisations (CDU) (2010-)","Royaume-Uni de Grande-Bretagne et d'Irlande du Nord","Importations - quantité","Viande, poulet, fraîche ou réfrigérée","2017","tonnes","366959.6"
"Compte Disponibilités et Utilisations (CDU) (2010-)","Royaume-Uni de Grande-Bretagne et d'Irlande du Nord","Importations - quantité","Viande, poulet, fraîche ou réfrigérée","2018","tonnes","382643.46"
"Compte Disponibilités et Utilisations (CDU) (2010-)","Royaume-Uni de Grande-Bretagne et d'Irlande du Nord","Importations - quantité","Viande, poulet, fraîche ou réfrigérée","2019","tonnes","378688.15"
"Compte Disponibilités et Utilisations (CDU) (2010-)","Royaume-Uni de Grande-Bretagne et d'Irlande du Nord","Importations - quantité","Viande, poulet, fraîche ou réfrigérée","2020","tonnes","368593.39"
"Compte Disponibilités et Utilisations (CDU) (2010-)","Royaume-Uni de Grande-Bretagne et d'Irlande du Nord","Importations - quantité","Viande, poulet, fraîche ou réfrigérée","2021","tonnes","355374.17"
"Compte Disponibilités et Utilisations (CDU) (2010-)","Royaume-Uni de Grande-Bretagne et d'Irlande du Nord","Importations - quantité","Viande, poulet, fraîche ou réfrigérée","2022","tonnes","444974.18"
"Compte Disponibilités et Utilisations (CDU) (2010-)","Royaume-Uni de Grande-Bretagne et d'Irlande du Nord","Importations - quantité","Viande, poulet, fraîche ou réfrigérée","2023","tonnes","451829.95"
"Compte Disponibilités et Utilisations (CDU) (2010-)","Rwanda","Importations - quantité","Viande, poulet, fraîche ou réfrigérée","2010","tonnes","2"
"Compte Disponibilités et Utilisations (CDU) (2010-)","Rwanda","Importations - quantité","Viande, poulet, fraîche ou réfrigérée","2011","tonnes","9"
"Compte Disponibilités et Utilisations (CDU) (2010-)","Rwanda","Importations - quantité","Viande, poulet, fraîche ou réfrigérée","2012","tonnes","34"
"Compte Disponibilités et Utilisations (CDU) (2010-)","Rwanda","Importations - quantité","Viande, poulet, fraîche ou réfrigérée","2013","tonnes","26"
"Compte Disponibilités et Utilisations (CDU) (2010-)","Rwanda","Importations - quantité","Viande, poulet, fraîche ou réfrigérée","2014","tonnes","1.53"
"Compte Disponibilités et Utilisations (CDU) (2010-)","Rwanda","Importations - quantité","Viande, poulet, fraîche ou réfrigérée","2015","tonnes","12.08"
"Compte Disponibilités et Utilisations (CDU) (2010-)","Rwanda","Importations - quantité","Viande, poulet, fraîche ou réfrigérée","2016","tonnes","19.07"
"Compte Disponibilités et Utilisations (CDU) (2010-)","Rwanda","Importations - quantité","Viande, poulet, fraîche ou réfrigérée","2017","tonnes","11.64"
"Compte Disponibilités et Utilisations (CDU) (2010-)","Rwanda","Importations - quantité","Viande, poulet, fraîche ou réfrigérée","2018","tonnes","0.66"
"Compte Disponibilités et Utilisations (CDU) (2010-)","Rwanda","Importations - quantité","Viande, poulet, fraîche ou réfrigérée","2019","tonnes","0.5"
"Compte Disponibilités et Utilisations (CDU) (2010-)","Rwanda","Importations - quantité","Viande, poulet, fraîche ou réfrigérée","2020","tonnes","182.78"
"Compte Disponibilités et Utilisations (CDU) (2010-)","Rwanda","Importations - quantité","Viande, poulet, fraîche ou réfrigérée","2021","tonnes","1507.64"
"Compte Disponibilités et Utilisations (CDU) (2010-)","Rwanda","Importations - quantité","Viande, poulet, fraîche ou réfrigérée","2022","tonnes","3914.34"
"Compte Disponibilités et Utilisations (CDU) (2010-)","Rwanda","Importations - quantité","Viande, poulet, fraîche ou réfrigérée","2023","tonnes","2161.08"
"Compte Disponibilités et Utilisations (CDU) (2010-)","Sainte-Lucie","Importations - quantité","Viande, poulet, fraîche ou réfrigérée","2010","tonnes","8720"
"Compte Disponibilités et Utilisations (CDU) (2010-)","Sainte-Lucie","Importations - quantité","Viande, poulet, fraîche ou réfrigérée","2011","tonnes","9937"
"Compte Disponibilités et Utilisations (CDU) (2010-)","Sainte-Lucie","Importations - quantité","Viande, poulet, fraîche ou réfrigérée","2012","tonnes","9808"
"Compte Disponibilités et Utilisations (CDU) (2010-)","Sainte-Lucie","Importations - quantité","Viande, poulet, fraîche ou réfrigérée","2013","tonnes","10670"
"Compte Disponibilités et Utilisations (CDU) (2010-)","Sainte-Lucie","Importations - quantité","Viande, poulet, fraîche ou réfrigérée","2014","tonnes","8500.22"
"Compte Disponibilités et Utilisations (CDU) (2010-)","Sainte-Lucie","Importations - quantité","Viande, poulet, fraîche ou réfrigérée","2015","tonnes","8646.89"
"Compte Disponibilités et Utilisations (CDU) (2010-)","Sainte-Lucie","Importations - quantité","Viande, poulet, fraîche ou réfrigérée","2016","tonnes","8640.41"
"Compte Disponibilités et Utilisations (CDU) (2010-)","Sainte-Lucie","Importations - quantité","Viande, poulet, fraîche ou réfrigérée","2017","tonnes","8268.72"
"Compte Disponibilités et Utilisations (CDU) (2010-)","Sainte-Lucie","Importations - quantité","Viande, poulet, fraîche ou réfrigérée","2018","tonnes","8772.99"
"Compte Disponibilités et Utilisations (CDU) (2010-)","Sainte-Lucie","Importations - quantité","Viande, poulet, fraîche ou réfrigérée","2019","tonnes","3416.19"
"Compte Disponibilités et Utilisations (CDU) (2010-)","Sainte-Lucie","Importations - quantité","Viande, poulet, fraîche ou réfrigérée","2020","tonnes","3451.01"
"Compte Disponibilités et Utilisations (CDU) (2010-)","Sainte-Lucie","Importations - quantité","Viande, poulet, fraîche ou réfrigérée","2021","tonnes","8747"
"Compte Disponibilités et Utilisations (CDU) (2010-)","Sainte-Lucie","Importations - quantité","Viande, poulet, fraîche ou réfrigérée","2022","tonnes","9649"
"Compte Disponibilités et Utilisations (CDU) (2010-)","Sainte-Lucie","Importations - quantité","Viande, poulet, fraîche ou réfrigérée","2023","tonnes","9286.11"
"Compte Disponibilités et Utilisations (CDU) (2010-)","Saint-Kitts-et-Nevis","Importations - quantité","Viande, poulet, fraîche ou réfrigérée","2010","tonnes","3762"
"Compte Disponibilités et Utilisations (CDU) (2010-)","Saint-Kitts-et-Nevis","Importations - quantité","Viande, poulet, fraîche ou réfrigérée","2011","tonnes","3816"
"Compte Disponibilités et Utilisations (CDU) (2010-)","Saint-Kitts-et-Nevis","Importations - quantité","Viande, poulet, fraîche ou réfrigérée","2012","tonnes","3719"
"Compte Disponibilités et Utilisations (CDU) (2010-)","Saint-Kitts-et-Nevis","Importations - quantité","Viande, poulet, fraîche ou réfrigérée","2013","tonnes","3703"
"Compte Disponibilités et Utilisations (CDU) (2010-)","Saint-Kitts-et-Nevis","Importations - quantité","Viande, poulet, fraîche ou réfrigérée","2014","tonnes","3282.31"
"Compte Disponibilités et Utilisations (CDU) (2010-)","Saint-Kitts-et-Nevis","Importations - quantité","Viande, poulet, fraîche ou réfrigérée","2015","tonnes","3533.76"
"Compte Disponibilités et Utilisations (CDU) (2010-)","Saint-Kitts-et-Nevis","Importations - quantité","Viande, poulet, fraîche ou réfrigérée","2016","tonnes","3609.39"
"Compte Disponibilités et Utilisations (CDU) (2010-)","Saint-Kitts-et-Nevis","Importations - quantité","Viande, poulet, fraîche ou réfrigérée","2017","tonnes","3421.08"
"Compte Disponibilités et Utilisations (CDU) (2010-)","Saint-Kitts-et-Nevis","Importations - quantité","Viande, poulet, fraîche ou réfrigérée","2018","tonnes","3377.26"
"Compte Disponibilités et Utilisations (CDU) (2010-)","Saint-Kitts-et-Nevis","Importations - quantité","Viande, poulet, fraîche ou réfrigérée","2019","tonnes","3560.24"
"Compte Disponibilités et Utilisations (CDU) (2010-)","Saint-Kitts-et-Nevis","Importations - quantité","Viande, poulet, fraîche ou réfrigérée","2020","tonnes","3334.32"
"Compte Disponibilités et Utilisations (CDU) (2010-)","Saint-Kitts-et-Nevis","Importations - quantité","Viande, poulet, fraîche ou réfrigérée","2021","tonnes","3273.11"
"Compte Disponibilités et Utilisations (CDU) (2010-)","Saint-Kitts-et-Nevis","Importations - quantité","Viande, poulet, fraîche ou réfrigérée","2022","tonnes","3255.63"
"Compte Disponibilités et Utilisations (CDU) (2010-)","Saint-Kitts-et-Nevis","Importations - quantité","Viande, poulet, fraîche ou réfrigérée","2023","tonnes","3593.06"
"Compte Disponibilités et Utilisations (CDU) (2010-)","Saint-Vincent-et-les Grenadines","Importations - quantité","Viande, poulet, fraîche ou réfrigérée","2010","tonnes","5927"
"Compte Disponibilités et Utilisations (CDU) (2010-)","Saint-Vincent-et-les Grenadines","Importations - quantité","Viande, poulet, fraîche ou réfrigérée","2011","tonnes","6896"
"Compte Disponibilités et Utilisations (CDU) (2010-)","Saint-Vincent-et-les Grenadines","Importations - quantité","Viande, poulet, fraîche ou réfrigérée","2012","tonnes","7496"
"Compte Disponibilités et Utilisations (CDU) (2010-)","Saint-Vincent-et-les Grenadines","Importations - quantité","Viande, poulet, fraîche ou réfrigérée","2013","tonnes","7212"
"Compte Disponibilités et Utilisations (CDU) (2010-)","Saint-Vincent-et-les Grenadines","Importations - quantité","Viande, poulet, fraîche ou réfrigérée","2014","tonnes","7381.81"
"Compte Disponibilités et Utilisations (CDU) (2010-)","Saint-Vincent-et-les Grenadines","Importations - quantité","Viande, poulet, fraîche ou réfrigérée","2015","tonnes","7510.24"
"Compte Disponibilités et Utilisations (CDU) (2010-)","Saint-Vincent-et-les Grenadines","Importations - quantité","Viande, poulet, fraîche ou réfrigérée","2016","tonnes","7232.1"
"Compte Disponibilités et Utilisations (CDU) (2010-)","Saint-Vincent-et-les Grenadines","Importations - quantité","Viande, poulet, fraîche ou réfrigérée","2017","tonnes","7020.64"
"Compte Disponibilités et Utilisations (CDU) (2010-)","Saint-Vincent-et-les Grenadines","Importations - quantité","Viande, poulet, fraîche ou réfrigérée","2018","tonnes","7218.68"
"Compte Disponibilités et Utilisations (CDU) (2010-)","Saint-Vincent-et-les Grenadines","Importations - quantité","Viande, poulet, fraîche ou réfrigérée","2019","tonnes","7323.8"
"Compte Disponibilités et Utilisations (CDU) (2010-)","Saint-Vincent-et-les Grenadines","Importations - quantité","Viande, poulet, fraîche ou réfrigérée","2020","tonnes","7368.17"
"Compte Disponibilités et Utilisations (CDU) (2010-)","Saint-Vincent-et-les Grenadines","Importations - quantité","Viande, poulet, fraîche ou réfrigérée","2021","tonnes","7239.35"
"Compte Disponibilités et Utilisations (CDU) (2010-)","Saint-Vincent-et-les Grenadines","Importations - quantité","Viande, poulet, fraîche ou réfrigérée","2022","tonnes","8867.46"
"Compte Disponibilités et Utilisations (CDU) (2010-)","Saint-Vincent-et-les Grenadines","Importations - quantité","Viande, poulet, fraîche ou réfrigérée","2023","tonnes","7897.23"
"Compte Disponibilités et Utilisations (CDU) (2010-)","Samoa","Importations - quantité","Viande, poulet, fraîche ou réfrigérée","2010","tonnes","9660"
"Compte Disponibilités et Utilisations (CDU) (2010-)","Samoa","Importations - quantité","Viande, poulet, fraîche ou réfrigérée","2011","tonnes","10859"
"Compte Disponibilités et Utilisations (CDU) (2010-)","Samoa","Importations - quantité","Viande, poulet, fraîche ou réfrigérée","2012","tonnes","13467"
"Compte Disponibilités et Utilisations (CDU) (2010-)","Samoa","Importations - quantité","Viande, poulet, fraîche ou réfrigérée","2013","tonnes","12703"
"Compte Disponibilités et Utilisations (CDU) (2010-)","Samoa","Importations - quantité","Viande, poulet, fraîche ou réfrigérée","2014","tonnes","16208.34"
"Compte Disponibilités et Utilisations (CDU) (2010-)","Samoa","Importations - quantité","Viande, poulet, fraîche ou réfrigérée","2015","tonnes","10903.92"
"Compte Disponibilités et Utilisations (CDU) (2010-)","Samoa","Importations - quantité","Viande, poulet, fraîche ou réfrigérée","2016","tonnes","18208.3"
"Compte Disponibilités et Utilisations (CDU) (2010-)","Samoa","Importations - quantité","Viande, poulet, fraîche ou réfrigérée","2017","tonnes","15053.22"
"Compte Disponibilités et Utilisations (CDU) (2010-)","Samoa","Importations - quantité","Viande, poulet, fraîche ou réfrigérée","2018","tonnes","16640.41"
"Compte Disponibilités et Utilisations (CDU) (2010-)","Samoa","Importations - quantité","Viande, poulet, fraîche ou réfrigérée","2019","tonnes","17322.9"
"Compte Disponibilités et Utilisations (CDU) (2010-)","Samoa","Importations - quantité","Viande, poulet, fraîche ou réfrigérée","2020","tonnes","13614"
"Compte Disponibilités et Utilisations (CDU) (2010-)","Samoa","Importations - quantité","Viande, poulet, fraîche ou réfrigérée","2021","tonnes","20098.65"
"Compte Disponibilités et Utilisations (CDU) (2010-)","Samoa","Importations - quantité","Viande, poulet, fraîche ou réfrigérée","2022","tonnes","16291.1"
"Compte Disponibilités et Utilisations (CDU) (2010-)","Samoa","Importations - quantité","Viande, poulet, fraîche ou réfrigérée","2023","tonnes","16076.59"
"Compte Disponibilités et Utilisations (CDU) (2010-)","Sao Tomé-et-Principe","Importations - quantité","Viande, poulet, fraîche ou réfrigérée","2010","tonnes","1145"
"Compte Disponibilités et Utilisations (CDU) (2010-)","Sao Tomé-et-Principe","Importations - quantité","Viande, poulet, fraîche ou réfrigérée","2011","tonnes","1131"
"Compte Disponibilités et Utilisations (CDU) (2010-)","Sao Tomé-et-Principe","Importations - quantité","Viande, poulet, fraîche ou réfrigérée","2012","tonnes","1147"
"Compte Disponibilités et Utilisations (CDU) (2010-)","Sao Tomé-et-Principe","Importations - quantité","Viande, poulet, fraîche ou réfrigérée","2013","tonnes","1301"
"Compte Disponibilités et Utilisations (CDU) (2010-)","Sao Tomé-et-Principe","Importations - quantité","Viande, poulet, fraîche ou réfrigérée","2014","tonnes","2142.53"
"Compte Disponibilités et Utilisations (CDU) (2010-)","Sao Tomé-et-Principe","Importations - quantité","Viande, poulet, fraîche ou réfrigérée","2015","tonnes","1855.08"
"Compte Disponibilités et Utilisations (CDU) (2010-)","Sao Tomé-et-Principe","Importations - quantité","Viande, poulet, fraîche ou réfrigérée","2016","tonnes","2124.05"
"Compte Disponibilités et Utilisations (CDU) (2010-)","Sao Tomé-et-Principe","Importations - quantité","Viande, poulet, fraîche ou réfrigérée","2017","tonnes","1860.1"
"Compte Disponibilités et Utilisations (CDU) (2010-)","Sao Tomé-et-Principe","Importations - quantité","Viande, poulet, fraîche ou réfrigérée","2018","tonnes","2208.43"
"Compte Disponibilités et Utilisations (CDU) (2010-)","Sao Tomé-et-Principe","Importations - quantité","Viande, poulet, fraîche ou réfrigérée","2019","tonnes","3108.44"
"Compte Disponibilités et Utilisations (CDU) (2010-)","Sao Tomé-et-Principe","Importations - quantité","Viande, poulet, fraîche ou réfrigérée","2020","tonnes","2854.71"
"Compte Disponibilités et Utilisations (CDU) (2010-)","Sao Tomé-et-Principe","Importations - quantité","Viande, poulet, fraîche ou réfrigérée","2021","tonnes","3592"
"Compte Disponibilités et Utilisations (CDU) (2010-)","Sao Tomé-et-Principe","Importations - quantité","Viande, poulet, fraîche ou réfrigérée","2022","tonnes","2299.49"
"Compte Disponibilités et Utilisations (CDU) (2010-)","Sao Tomé-et-Principe","Importations - quantité","Viande, poulet, fraîche ou réfrigérée","2023","tonnes","3380.22"
"Compte Disponibilités et Utilisations (CDU) (2010-)","Sénégal","Importations - quantité","Viande, poulet, fraîche ou réfrigérée","2010","tonnes","0"
"Compte Disponibilités et Utilisations (CDU) (2010-)","Sénégal","Importations - quantité","Viande, poulet, fraîche ou réfrigérée","2011","tonnes","0"
"Compte Disponibilités et Utilisations (CDU) (2010-)","Sénégal","Importations - quantité","Viande, poulet, fraîche ou réfrigérée","2012","tonnes","0"
"Compte Disponibilités et Utilisations (CDU) (2010-)","Sénégal","Importations - quantité","Viande, poulet, fraîche ou réfrigérée","2013","tonnes","1"
"Compte Disponibilités et Utilisations (CDU) (2010-)","Sénégal","Importations - quantité","Viande, poulet, fraîche ou réfrigérée","2015","tonnes","6.16"
"Compte Disponibilités et Utilisations (CDU) (2010-)","Sénégal","Importations - quantité","Viande, poulet, fraîche ou réfrigérée","2016","tonnes","0.1"
"Compte Disponibilités et Utilisations (CDU) (2010-)","Sénégal","Importations - quantité","Viande, poulet, fraîche ou réfrigérée","2017","tonnes","8.98"
"Compte Disponibilités et Utilisations (CDU) (2010-)","Sénégal","Importations - quantité","Viande, poulet, fraîche ou réfrigérée","2018","tonnes","31.39"
"Compte Disponibilités et Utilisations (CDU) (2010-)","Sénégal","Importations - quantité","Viande, poulet, fraîche ou réfrigérée","2019","tonnes","2.72"
"Compte Disponibilités et Utilisations (CDU) (2010-)","Sénégal","Importations - quantité","Viande, poulet, fraîche ou réfrigérée","2020","tonnes","14.31"
"Compte Disponibilités et Utilisations (CDU) (2010-)","Sénégal","Importations - quantité","Viande, poulet, fraîche ou réfrigérée","2021","tonnes","21.88"
"Compte Disponibilités et Utilisations (CDU) (2010-)","Sénégal","Importations - quantité","Viande, poulet, fraîche ou réfrigérée","2022","tonnes","18.74"
"Compte Disponibilités et Utilisations (CDU) (2010-)","Sénégal","Importations - quantité","Viande, poulet, fraîche ou réfrigérée","2023","tonnes","124.19"
"Compte Disponibilités et Utilisations (CDU) (2010-)","Serbie","Importations - quantité","Viande, poulet, fraîche ou réfrigérée","2010","tonnes","949"
"Compte Disponibilités et Utilisations (CDU) (2010-)","Serbie","Importations - quantité","Viande, poulet, fraîche ou réfrigérée","2011","tonnes","3131"
"Compte Disponibilités et Utilisations (CDU) (2010-)","Serbie","Importations - quantité","Viande, poulet, fraîche ou réfrigérée","2012","tonnes","6363"
"Compte Disponibilités et Utilisations (CDU) (2010-)","Serbie","Importations - quantité","Viande, poulet, fraîche ou réfrigérée","2013","tonnes","8468"
"Compte Disponibilités et Utilisations (CDU) (2010-)","Serbie","Importations - quantité","Viande, poulet, fraîche ou réfrigérée","2014","tonnes","11801.16"
"Compte Disponibilités et Utilisations (CDU) (2010-)","Serbie","Importations - quantité","Viande, poulet, fraîche ou réfrigérée","2015","tonnes","9734.72"
"Compte Disponibilités et Utilisations (CDU) (2010-)","Serbie","Importations - quantité","Viande, poulet, fraîche ou réfrigérée","2016","tonnes","3755.18"
"Compte Disponibilités et Utilisations (CDU) (2010-)","Serbie","Importations - quantité","Viande, poulet, fraîche ou réfrigérée","2017","tonnes","7182.47"
"Compte Disponibilités et Utilisations (CDU) (2010-)","Serbie","Importations - quantité","Viande, poulet, fraîche ou réfrigérée","2018","tonnes","11455.72"
"Compte Disponibilités et Utilisations (CDU) (2010-)","Serbie","Importations - quantité","Viande, poulet, fraîche ou réfrigérée","2019","tonnes","9811.31"
"Compte Disponibilités et Utilisations (CDU) (2010-)","Serbie","Importations - quantité","Viande, poulet, fraîche ou réfrigérée","2020","tonnes","9814.03"
"Compte Disponibilités et Utilisations (CDU) (2010-)","Serbie","Importations - quantité","Viande, poulet, fraîche ou réfrigérée","2021","tonnes","9437.97"
"Compte Disponibilités et Utilisations (CDU) (2010-)","Serbie","Importations - quantité","Viande, poulet, fraîche ou réfrigérée","2022","tonnes","11815.72"
"Compte Disponibilités et Utilisations (CDU) (2010-)","Serbie","Importations - quantité","Viande, poulet, fraîche ou réfrigérée","2023","tonnes","11640.12"
"Compte Disponibilités et Utilisations (CDU) (2010-)","Seychelles","Importations - quantité","Viande, poulet, fraîche ou réfrigérée","2010","tonnes","1767"
"Compte Disponibilités et Utilisations (CDU) (2010-)","Seychelles","Importations - quantité","Viande, poulet, fraîche ou réfrigérée","2011","tonnes","2691"
"Compte Disponibilités et Utilisations (CDU) (2010-)","Seychelles","Importations - quantité","Viande, poulet, fraîche ou réfrigérée","2012","tonnes","2746"
"Compte Disponibilités et Utilisations (CDU) (2010-)","Seychelles","Importations - quantité","Viande, poulet, fraîche ou réfrigérée","2013","tonnes","3099"
"Compte Disponibilités et Utilisations (CDU) (2010-)","Seychelles","Importations - quantité","Viande, poulet, fraîche ou réfrigérée","2014","tonnes","1659.49"
"Compte Disponibilités et Utilisations (CDU) (2010-)","Seychelles","Importations - quantité","Viande, poulet, fraîche ou réfrigérée","2015","tonnes","2308.57"
"Compte Disponibilités et Utilisations (CDU) (2010-)","Seychelles","Importations - quantité","Viande, poulet, fraîche ou réfrigérée","2016","tonnes","2719.27"
"Compte Disponibilités et Utilisations (CDU) (2010-)","Seychelles","Importations - quantité","Viande, poulet, fraîche ou réfrigérée","2017","tonnes","3124.38"
"Compte Disponibilités et Utilisations (CDU) (2010-)","Seychelles","Importations - quantité","Viande, poulet, fraîche ou réfrigérée","2018","tonnes","3210.16"
"Compte Disponibilités et Utilisations (CDU) (2010-)","Seychelles","Importations - quantité","Viande, poulet, fraîche ou réfrigérée","2019","tonnes","2964.39"
"Compte Disponibilités et Utilisations (CDU) (2010-)","Seychelles","Importations - quantité","Viande, poulet, fraîche ou réfrigérée","2020","tonnes","2984.52"
"Compte Disponibilités et Utilisations (CDU) (2010-)","Seychelles","Importations - quantité","Viande, poulet, fraîche ou réfrigérée","2021","tonnes","2909.91"
"Compte Disponibilités et Utilisations (CDU) (2010-)","Seychelles","Importations - quantité","Viande, poulet, fraîche ou réfrigérée","2022","tonnes","3059.47"
"Compte Disponibilités et Utilisations (CDU) (2010-)","Seychelles","Importations - quantité","Viande, poulet, fraîche ou réfrigérée","2023","tonnes","3787.55"
"Compte Disponibilités et Utilisations (CDU) (2010-)","Sierra Leone","Importations - quantité","Viande, poulet, fraîche ou réfrigérée","2010","tonnes","6421"
"Compte Disponibilités et Utilisations (CDU) (2010-)","Sierra Leone","Importations - quantité","Viande, poulet, fraîche ou réfrigérée","2011","tonnes","8840"
"Compte Disponibilités et Utilisations (CDU) (2010-)","Sierra Leone","Importations - quantité","Viande, poulet, fraîche ou réfrigérée","2012","tonnes","18230"
"Compte Disponibilités et Utilisations (CDU) (2010-)","Sierra Leone","Importations - quantité","Viande, poulet, fraîche ou réfrigérée","2013","tonnes","13034"
"Compte Disponibilités et Utilisations (CDU) (2010-)","Sierra Leone","Importations - quantité","Viande, poulet, fraîche ou réfrigérée","2014","tonnes","8888.98"
"Compte Disponibilités et Utilisations (CDU) (2010-)","Sierra Leone","Importations - quantité","Viande, poulet, fraîche ou réfrigérée","2015","tonnes","16685.08"
"Compte Disponibilités et Utilisations (CDU) (2010-)","Sierra Leone","Importations - quantité","Viande, poulet, fraîche ou réfrigérée","2016","tonnes","15436.41"
"Compte Disponibilités et Utilisations (CDU) (2010-)","Sierra Leone","Importations - quantité","Viande, poulet, fraîche ou réfrigérée","2017","tonnes","13069.56"
"Compte Disponibilités et Utilisations (CDU) (2010-)","Sierra Leone","Importations - quantité","Viande, poulet, fraîche ou réfrigérée","2018","tonnes","17695.23"
"Compte Disponibilités et Utilisations (CDU) (2010-)","Sierra Leone","Importations - quantité","Viande, poulet, fraîche ou réfrigérée","2019","tonnes","18887.38"
"Compte Disponibilités et Utilisations (CDU) (2010-)","Sierra Leone","Importations - quantité","Viande, poulet, fraîche ou réfrigérée","2020","tonnes","29538.52"
"Compte Disponibilités et Utilisations (CDU) (2010-)","Sierra Leone","Importations - quantité","Viande, poulet, fraîche ou réfrigérée","2021","tonnes","36903.3"
"Compte Disponibilités et Utilisations (CDU) (2010-)","Sierra Leone","Importations - quantité","Viande, poulet, fraîche ou réfrigérée","2022","tonnes","25632.93"
"Compte Disponibilités et Utilisations (CDU) (2010-)","Sierra Leone","Importations - quantité","Viande, poulet, fraîche ou réfrigérée","2023","tonnes","30817.78"
"Compte Disponibilités et Utilisations (CDU) (2010-)","Slovaquie","Importations - quantité","Viande, poulet, fraîche ou réfrigérée","2010","tonnes","34088"
"Compte Disponibilités et Utilisations (CDU) (2010-)","Slovaquie","Importations - quantité","Viande, poulet, fraîche ou réfrigérée","2011","tonnes","31518"
"Compte Disponibilités et Utilisations (CDU) (2010-)","Slovaquie","Importations - quantité","Viande, poulet, fraîche ou réfrigérée","2012","tonnes","23870"
"Compte Disponibilités et Utilisations (CDU) (2010-)","Slovaquie","Importations - quantité","Viande, poulet, fraîche ou réfrigérée","2013","tonnes","44477"
"Compte Disponibilités et Utilisations (CDU) (2010-)","Slovaquie","Importations - quantité","Viande, poulet, fraîche ou réfrigérée","2014","tonnes","35429.39"
"Compte Disponibilités et Utilisations (CDU) (2010-)","Slovaquie","Importations - quantité","Viande, poulet, fraîche ou réfrigérée","2015","tonnes","39870.45"
"Compte Disponibilités et Utilisations (CDU) (2010-)","Slovaquie","Importations - quantité","Viande, poulet, fraîche ou réfrigérée","2016","tonnes","43148.42"
"Compte Disponibilités et Utilisations (CDU) (2010-)","Slovaquie","Importations - quantité","Viande, poulet, fraîche ou réfrigérée","2017","tonnes","48808.16"
"Compte Disponibilités et Utilisations (CDU) (2010-)","Slovaquie","Importations - quantité","Viande, poulet, fraîche ou réfrigérée","2018","tonnes","73736.33"
"Compte Disponibilités et Utilisations (CDU) (2010-)","Slovaquie","Importations - quantité","Viande, poulet, fraîche ou réfrigérée","2019","tonnes","89313.91"
"Compte Disponibilités et Utilisations (CDU) (2010-)","Slovaquie","Importations - quantité","Viande, poulet, fraîche ou réfrigérée","2020","tonnes","75829.54"
"Compte Disponibilités et Utilisations (CDU) (2010-)","Slovaquie","Importations - quantité","Viande, poulet, fraîche ou réfrigérée","2021","tonnes","49317.1"
"Compte Disponibilités et Utilisations (CDU) (2010-)","Slovaquie","Importations - quantité","Viande, poulet, fraîche ou réfrigérée","2022","tonnes","71805.88"
"Compte Disponibilités et Utilisations (CDU) (2010-)","Slovaquie","Importations - quantité","Viande, poulet, fraîche ou réfrigérée","2023","tonnes","108601.13"
"Compte Disponibilités et Utilisations (CDU) (2010-)","Slovénie","Importations - quantité","Viande, poulet, fraîche ou réfrigérée","2010","tonnes","6957"
"Compte Disponibilités et Utilisations (CDU) (2010-)","Slovénie","Importations - quantité","Viande, poulet, fraîche ou réfrigérée","2011","tonnes","8062"
"Compte Disponibilités et Utilisations (CDU) (2010-)","Slovénie","Importations - quantité","Viande, poulet, fraîche ou réfrigérée","2012","tonnes","9401"
"Compte Disponibilités et Utilisations (CDU) (2010-)","Slovénie","Importations - quantité","Viande, poulet, fraîche ou réfrigérée","2013","tonnes","9212"
"Compte Disponibilités et Utilisations (CDU) (2010-)","Slovénie","Importations - quantité","Viande, poulet, fraîche ou réfrigérée","2014","tonnes","10036.4"
"Compte Disponibilités et Utilisations (CDU) (2010-)","Slovénie","Importations - quantité","Viande, poulet, fraîche ou réfrigérée","2015","tonnes","11699.4"
"Compte Disponibilités et Utilisations (CDU) (2010-)","Slovénie","Importations - quantité","Viande, poulet, fraîche ou réfrigérée","2016","tonnes","11637.1"
"Compte Disponibilités et Utilisations (CDU) (2010-)","Slovénie","Importations - quantité","Viande, poulet, fraîche ou réfrigérée","2017","tonnes","11272.44"
"Compte Disponibilités et Utilisations (CDU) (2010-)","Slovénie","Importations - quantité","Viande, poulet, fraîche ou réfrigérée","2018","tonnes","13660.76"
"Compte Disponibilités et Utilisations (CDU) (2010-)","Slovénie","Importations - quantité","Viande, poulet, fraîche ou réfrigérée","2019","tonnes","14324.27"
"Compte Disponibilités et Utilisations (CDU) (2010-)","Slovénie","Importations - quantité","Viande, poulet, fraîche ou réfrigérée","2020","tonnes","13615.45"
"Compte Disponibilités et Utilisations (CDU) (2010-)","Slovénie","Importations - quantité","Viande, poulet, fraîche ou réfrigérée","2021","tonnes","13210.65"
"Compte Disponibilités et Utilisations (CDU) (2010-)","Slovénie","Importations - quantité","Viande, poulet, fraîche ou réfrigérée","2022","tonnes","15525.13"
"Compte Disponibilités et Utilisations (CDU) (2010-)","Slovénie","Importations - quantité","Viande, poulet, fraîche ou réfrigérée","2023","tonnes","19069.17"
"Compte Disponibilités et Utilisations (CDU) (2010-)","Sri Lanka","Importations - quantité","Viande, poulet, fraîche ou réfrigérée","2010","tonnes","841"
"Compte Disponibilités et Utilisations (CDU) (2010-)","Sri Lanka","Importations - quantité","Viande, poulet, fraîche ou réfrigérée","2011","tonnes","1891"
"Compte Disponibilités et Utilisations (CDU) (2010-)","Sri Lanka","Importations - quantité","Viande, poulet, fraîche ou réfrigérée","2012","tonnes","800"
"Compte Disponibilités et Utilisations (CDU) (2010-)","Sri Lanka","Importations - quantité","Viande, poulet, fraîche ou réfrigérée","2013","tonnes","295"
"Compte Disponibilités et Utilisations (CDU) (2010-)","Sri Lanka","Importations - quantité","Viande, poulet, fraîche ou réfrigérée","2014","tonnes","249.14"
"Compte Disponibilités et Utilisations (CDU) (2010-)","Sri Lanka","Importations - quantité","Viande, poulet, fraîche ou réfrigérée","2015","tonnes","512.76"
"Compte Disponibilités et Utilisations (CDU) (2010-)","Sri Lanka","Importations - quantité","Viande, poulet, fraîche ou réfrigérée","2016","tonnes","195.65"
"Compte Disponibilités et Utilisations (CDU) (2010-)","Sri Lanka","Importations - quantité","Viande, poulet, fraîche ou réfrigérée","2017","tonnes","209.69"
"Compte Disponibilités et Utilisations (CDU) (2010-)","Sri Lanka","Importations - quantité","Viande, poulet, fraîche ou réfrigérée","2018","tonnes","192.82"
"Compte Disponibilités et Utilisations (CDU) (2010-)","Sri Lanka","Importations - quantité","Viande, poulet, fraîche ou réfrigérée","2019","tonnes","142.58"
"Compte Disponibilités et Utilisations (CDU) (2010-)","Sri Lanka","Importations - quantité","Viande, poulet, fraîche ou réfrigérée","2020","tonnes","90.52"
"Compte Disponibilités et Utilisations (CDU) (2010-)","Sri Lanka","Importations - quantité","Viande, poulet, fraîche ou réfrigérée","2021","tonnes","22.09"
"Compte Disponibilités et Utilisations (CDU) (2010-)","Sri Lanka","Importations - quantité","Viande, poulet, fraîche ou réfrigérée","2022","tonnes","124.18"
"Compte Disponibilités et Utilisations (CDU) (2010-)","Sri Lanka","Importations - quantité","Viande, poulet, fraîche ou réfrigérée","2023","tonnes","200.34"
"Compte Disponibilités et Utilisations (CDU) (2010-)","Suède","Importations - quantité","Viande, poulet, fraîche ou réfrigérée","2010","tonnes","36850"
"Compte Disponibilités et Utilisations (CDU) (2010-)","Suède","Importations - quantité","Viande, poulet, fraîche ou réfrigérée","2011","tonnes","33506"
"Compte Disponibilités et Utilisations (CDU) (2010-)","Suède","Importations - quantité","Viande, poulet, fraîche ou réfrigérée","2012","tonnes","38467"
"Compte Disponibilités et Utilisations (CDU) (2010-)","Suède","Importations - quantité","Viande, poulet, fraîche ou réfrigérée","2013","tonnes","41266"
"Compte Disponibilités et Utilisations (CDU) (2010-)","Suède","Importations - quantité","Viande, poulet, fraîche ou réfrigérée","2014","tonnes","44991.11"
"Compte Disponibilités et Utilisations (CDU) (2010-)","Suède","Importations - quantité","Viande, poulet, fraîche ou réfrigérée","2015","tonnes","47596.03"
"Compte Disponibilités et Utilisations (CDU) (2010-)","Suède","Importations - quantité","Viande, poulet, fraîche ou réfrigérée","2016","tonnes","50222.02"
"Compte Disponibilités et Utilisations (CDU) (2010-)","Suède","Importations - quantité","Viande, poulet, fraîche ou réfrigérée","2017","tonnes","52918.15"
"Compte Disponibilités et Utilisations (CDU) (2010-)","Suède","Importations - quantité","Viande, poulet, fraîche ou réfrigérée","2018","tonnes","50128.84"
"Compte Disponibilités et Utilisations (CDU) (2010-)","Suède","Importations - quantité","Viande, poulet, fraîche ou réfrigérée","2019","tonnes","52713.43"
"Compte Disponibilités et Utilisations (CDU) (2010-)","Suède","Importations - quantité","Viande, poulet, fraîche ou réfrigérée","2020","tonnes","49189.46"
"Compte Disponibilités et Utilisations (CDU) (2010-)","Suède","Importations - quantité","Viande, poulet, fraîche ou réfrigérée","2021","tonnes","53318.32"
"Compte Disponibilités et Utilisations (CDU) (2010-)","Suède","Importations - quantité","Viande, poulet, fraîche ou réfrigérée","2022","tonnes","59789.2"
"Compte Disponibilités et Utilisations (CDU) (2010-)","Suède","Importations - quantité","Viande, poulet, fraîche ou réfrigérée","2023","tonnes","66789.32"
"Compte Disponibilités et Utilisations (CDU) (2010-)","Suisse","Importations - quantité","Viande, poulet, fraîche ou réfrigérée","2010","tonnes","34916"
"Compte Disponibilités et Utilisations (CDU) (2010-)","Suisse","Importations - quantité","Viande, poulet, fraîche ou réfrigérée","2011","tonnes","35453"
"Compte Disponibilités et Utilisations (CDU) (2010-)","Suisse","Importations - quantité","Viande, poulet, fraîche ou réfrigérée","2012","tonnes","35485"
"Compte Disponibilités et Utilisations (CDU) (2010-)","Suisse","Importations - quantité","Viande, poulet, fraîche ou réfrigérée","2013","tonnes","34342"
"Compte Disponibilités et Utilisations (CDU) (2010-)","Suisse","Importations - quantité","Viande, poulet, fraîche ou réfrigérée","2014","tonnes","37521.59"
"Compte Disponibilités et Utilisations (CDU) (2010-)","Suisse","Importations - quantité","Viande, poulet, fraîche ou réfrigérée","2015","tonnes","37173.16"
"Compte Disponibilités et Utilisations (CDU) (2010-)","Suisse","Importations - quantité","Viande, poulet, fraîche ou réfrigérée","2016","tonnes","35901.19"
"Compte Disponibilités et Utilisations (CDU) (2010-)","Suisse","Importations - quantité","Viande, poulet, fraîche ou réfrigérée","2017","tonnes","33791.47"
"Compte Disponibilités et Utilisations (CDU) (2010-)","Suisse","Importations - quantité","Viande, poulet, fraîche ou réfrigérée","2018","tonnes","30719.87"
"Compte Disponibilités et Utilisations (CDU) (2010-)","Suisse","Importations - quantité","Viande, poulet, fraîche ou réfrigérée","2019","tonnes","30900.15"
"Compte Disponibilités et Utilisations (CDU) (2010-)","Suisse","Importations - quantité","Viande, poulet, fraîche ou réfrigérée","2020","tonnes","28048.61"
"Compte Disponibilités et Utilisations (CDU) (2010-)","Suisse","Importations - quantité","Viande, poulet, fraîche ou réfrigérée","2021","tonnes","30051.49"
"Compte Disponibilités et Utilisations (CDU) (2010-)","Suisse","Importations - quantité","Viande, poulet, fraîche ou réfrigérée","2022","tonnes","33317.48"
"Compte Disponibilités et Utilisations (CDU) (2010-)","Suisse","Importations - quantité","Viande, poulet, fraîche ou réfrigérée","2023","tonnes","32588.76"
"Compte Disponibilités et Utilisations (CDU) (2010-)","Suriname","Importations - quantité","Viande, poulet, fraîche ou réfrigérée","2010","tonnes","17297"
"Compte Disponibilités et Utilisations (CDU) (2010-)","Suriname","Importations - quantité","Viande, poulet, fraîche ou réfrigérée","2011","tonnes","18530"
"Compte Disponibilités et Utilisations (CDU) (2010-)","Suriname","Importations - quantité","Viande, poulet, fraîche ou réfrigérée","2012","tonnes","17855"
"Compte Disponibilités et Utilisations (CDU) (2010-)","Suriname","Importations - quantité","Viande, poulet, fraîche ou réfrigérée","2013","tonnes","20144"
"Compte Disponibilités et Utilisations (CDU) (2010-)","Suriname","Importations - quantité","Viande, poulet, fraîche ou réfrigérée","2014","tonnes","18714"
"Compte Disponibilités et Utilisations (CDU) (2010-)","Suriname","Importations - quantité","Viande, poulet, fraîche ou réfrigérée","2015","tonnes","24026.42"
"Compte Disponibilités et Utilisations (CDU) (2010-)","Suriname","Importations - quantité","Viande, poulet, fraîche ou réfrigérée","2016","tonnes","23545"
"Compte Disponibilités et Utilisations (CDU) (2010-)","Suriname","Importations - quantité","Viande, poulet, fraîche ou réfrigérée","2017","tonnes","17706.96"
"Compte Disponibilités et Utilisations (CDU) (2010-)","Suriname","Importations - quantité","Viande, poulet, fraîche ou réfrigérée","2018","tonnes","21991"
"Compte Disponibilités et Utilisations (CDU) (2010-)","Suriname","Importations - quantité","Viande, poulet, fraîche ou réfrigérée","2019","tonnes","18463.56"
"Compte Disponibilités et Utilisations (CDU) (2010-)","Suriname","Importations - quantité","Viande, poulet, fraîche ou réfrigérée","2020","tonnes","17712.89"
"Compte Disponibilités et Utilisations (CDU) (2010-)","Suriname","Importations - quantité","Viande, poulet, fraîche ou réfrigérée","2021","tonnes","15631.17"
"Compte Disponibilités et Utilisations (CDU) (2010-)","Suriname","Importations - quantité","Viande, poulet, fraîche ou réfrigérée","2022","tonnes","17234.42"
"Compte Disponibilités et Utilisations (CDU) (2010-)","Suriname","Importations - quantité","Viande, poulet, fraîche ou réfrigérée","2023","tonnes","16090.73"
"Compte Disponibilités et Utilisations (CDU) (2010-)","Tadjikistan","Importations - quantité","Viande, poulet, fraîche ou réfrigérée","2010","tonnes","23568"
"Compte Disponibilités et Utilisations (CDU) (2010-)","Tadjikistan","Importations - quantité","Viande, poulet, fraîche ou réfrigérée","2011","tonnes","23773"
"Compte Disponibilités et Utilisations (CDU) (2010-)","Tadjikistan","Importations - quantité","Viande, poulet, fraîche ou réfrigérée","2012","tonnes","19286"
"Compte Disponibilités et Utilisations (CDU) (2010-)","Tadjikistan","Importations - quantité","Viande, poulet, fraîche ou réfrigérée","2013","tonnes","20000"
"Compte Disponibilités et Utilisations (CDU) (2010-)","Tadjikistan","Importations - quantité","Viande, poulet, fraîche ou réfrigérée","2014","tonnes","31730.78"
"Compte Disponibilités et Utilisations (CDU) (2010-)","Tadjikistan","Importations - quantité","Viande, poulet, fraîche ou réfrigérée","2015","tonnes","30771.59"
"Compte Disponibilités et Utilisations (CDU) (2010-)","Tadjikistan","Importations - quantité","Viande, poulet, fraîche ou réfrigérée","2016","tonnes","29235.53"
"Compte Disponibilités et Utilisations (CDU) (2010-)","Tadjikistan","Importations - quantité","Viande, poulet, fraîche ou réfrigérée","2017","tonnes","30059.1"
"Compte Disponibilités et Utilisations (CDU) (2010-)","Tadjikistan","Importations - quantité","Viande, poulet, fraîche ou réfrigérée","2018","tonnes","11050"
"Compte Disponibilités et Utilisations (CDU) (2010-)","Tadjikistan","Importations - quantité","Viande, poulet, fraîche ou réfrigérée","2019","tonnes","9310"
"Compte Disponibilités et Utilisations (CDU) (2010-)","Tadjikistan","Importations - quantité","Viande, poulet, fraîche ou réfrigérée","2020","tonnes","3516.72"
"Compte Disponibilités et Utilisations (CDU) (2010-)","Tadjikistan","Importations - quantité","Viande, poulet, fraîche ou réfrigérée","2021","tonnes","1902.42"
"Compte Disponibilités et Utilisations (CDU) (2010-)","Tadjikistan","Importations - quantité","Viande, poulet, fraîche ou réfrigérée","2022","tonnes","892.14"
"Compte Disponibilités et Utilisations (CDU) (2010-)","Tadjikistan","Importations - quantité","Viande, poulet, fraîche ou réfrigérée","2023","tonnes","1430"
"Compte Disponibilités et Utilisations (CDU) (2010-)","Tchéquie","Importations - quantité","Viande, poulet, fraîche ou réfrigérée","2010","tonnes","57192"
"Compte Disponibilités et Utilisations (CDU) (2010-)","Tchéquie","Importations - quantité","Viande, poulet, fraîche ou réfrigérée","2011","tonnes","66452"
"Compte Disponibilités et Utilisations (CDU) (2010-)","Tchéquie","Importations - quantité","Viande, poulet, fraîche ou réfrigérée","2012","tonnes","71992"
"Compte Disponibilités et Utilisations (CDU) (2010-)","Tchéquie","Importations - quantité","Viande, poulet, fraîche ou réfrigérée","2013","tonnes","63684"
"Compte Disponibilités et Utilisations (CDU) (2010-)","Tchéquie","Importations - quantité","Viande, poulet, fraîche ou réfrigérée","2014","tonnes","70596.33"
"Compte Disponibilités et Utilisations (CDU) (2010-)","Tchéquie","Importations - quantité","Viande, poulet, fraîche ou réfrigérée","2015","tonnes","87470.54"
"Compte Disponibilités et Utilisations (CDU) (2010-)","Tchéquie","Importations - quantité","Viande, poulet, fraîche ou réfrigérée","2016","tonnes","88978.58"
"Compte Disponibilités et Utilisations (CDU) (2010-)","Tchéquie","Importations - quantité","Viande, poulet, fraîche ou réfrigérée","2017","tonnes","81880.34"
"Compte Disponibilités et Utilisations (CDU) (2010-)","Tchéquie","Importations - quantité","Viande, poulet, fraîche ou réfrigérée","2018","tonnes","82586.22"
"Compte Disponibilités et Utilisations (CDU) (2010-)","Tchéquie","Importations - quantité","Viande, poulet, fraîche ou réfrigérée","2019","tonnes","79043.63"
"Compte Disponibilités et Utilisations (CDU) (2010-)","Tchéquie","Importations - quantité","Viande, poulet, fraîche ou réfrigérée","2020","tonnes","82646.22"
"Compte Disponibilités et Utilisations (CDU) (2010-)","Tchéquie","Importations - quantité","Viande, poulet, fraîche ou réfrigérée","2021","tonnes","69295.51"
"Compte Disponibilités et Utilisations (CDU) (2010-)","Tchéquie","Importations - quantité","Viande, poulet, fraîche ou réfrigérée","2022","tonnes","92215.42"
"Compte Disponibilités et Utilisations (CDU) (2010-)","Tchéquie","Importations - quantité","Viande, poulet, fraîche ou réfrigérée","2023","tonnes","100733.61"
"Compte Disponibilités et Utilisations (CDU) (2010-)","Thaïlande","Importations - quantité","Viande, poulet, fraîche ou réfrigérée","2010","tonnes","310"
"Compte Disponibilités et Utilisations (CDU) (2010-)","Thaïlande","Importations - quantité","Viande, poulet, fraîche ou réfrigérée","2011","tonnes","1162"
"Compte Disponibilités et Utilisations (CDU) (2010-)","Thaïlande","Importations - quantité","Viande, poulet, fraîche ou réfrigérée","2012","tonnes","990"
"Compte Disponibilités et Utilisations (CDU) (2010-)","Thaïlande","Importations - quantité","Viande, poulet, fraîche ou réfrigérée","2013","tonnes","9597"
"Compte Disponibilités et Utilisations (CDU) (2010-)","Thaïlande","Importations - quantité","Viande, poulet, fraîche ou réfrigérée","2014","tonnes","7762.49"
"Compte Disponibilités et Utilisations (CDU) (2010-)","Thaïlande","Importations - quantité","Viande, poulet, fraîche ou réfrigérée","2015","tonnes","3600.83"
"Compte Disponibilités et Utilisations (CDU) (2010-)","Thaïlande","Importations - quantité","Viande, poulet, fraîche ou réfrigérée","2016","tonnes","1906.82"
"Compte Disponibilités et Utilisations (CDU) (2010-)","Thaïlande","Importations - quantité","Viande, poulet, fraîche ou réfrigérée","2017","tonnes","356.38"
"Compte Disponibilités et Utilisations (CDU) (2010-)","Thaïlande","Importations - quantité","Viande, poulet, fraîche ou réfrigérée","2018","tonnes","1176.14"
"Compte Disponibilités et Utilisations (CDU) (2010-)","Thaïlande","Importations - quantité","Viande, poulet, fraîche ou réfrigérée","2019","tonnes","1740.57"
"Compte Disponibilités et Utilisations (CDU) (2010-)","Thaïlande","Importations - quantité","Viande, poulet, fraîche ou réfrigérée","2020","tonnes","1038.95"
"Compte Disponibilités et Utilisations (CDU) (2010-)","Thaïlande","Importations - quantité","Viande, poulet, fraîche ou réfrigérée","2021","tonnes","934.24"
"Compte Disponibilités et Utilisations (CDU) (2010-)","Thaïlande","Importations - quantité","Viande, poulet, fraîche ou réfrigérée","2022","tonnes","929.33"
"Compte Disponibilités et Utilisations (CDU) (2010-)","Thaïlande","Importations - quantité","Viande, poulet, fraîche ou réfrigérée","2023","tonnes","792.75"
"Compte Disponibilités et Utilisations (CDU) (2010-)","Timor-Leste","Importations - quantité","Viande, poulet, fraîche ou réfrigérée","2010","tonnes","4500"
"Compte Disponibilités et Utilisations (CDU) (2010-)","Timor-Leste","Importations - quantité","Viande, poulet, fraîche ou réfrigérée","2011","tonnes","4617"
"Compte Disponibilités et Utilisations (CDU) (2010-)","Timor-Leste","Importations - quantité","Viande, poulet, fraîche ou réfrigérée","2012","tonnes","4531"
"Compte Disponibilités et Utilisations (CDU) (2010-)","Timor-Leste","Importations - quantité","Viande, poulet, fraîche ou réfrigérée","2013","tonnes","5614"
"Compte Disponibilités et Utilisations (CDU) (2010-)","Timor-Leste","Importations - quantité","Viande, poulet, fraîche ou réfrigérée","2014","tonnes","4747.7"
"Compte Disponibilités et Utilisations (CDU) (2010-)","Timor-Leste","Importations - quantité","Viande, poulet, fraîche ou réfrigérée","2015","tonnes","6094.6"
"Compte Disponibilités et Utilisations (CDU) (2010-)","Timor-Leste","Importations - quantité","Viande, poulet, fraîche ou réfrigérée","2016","tonnes","7644.99"
"Compte Disponibilités et Utilisations (CDU) (2010-)","Timor-Leste","Importations - quantité","Viande, poulet, fraîche ou réfrigérée","2017","tonnes","11950.55"
"Compte Disponibilités et Utilisations (CDU) (2010-)","Timor-Leste","Importations - quantité","Viande, poulet, fraîche ou réfrigérée","2018","tonnes","9253.52"
"Compte Disponibilités et Utilisations (CDU) (2010-)","Timor-Leste","Importations - quantité","Viande, poulet, fraîche ou réfrigérée","2019","tonnes","10374.72"
"Compte Disponibilités et Utilisations (CDU) (2010-)","Timor-Leste","Importations - quantité","Viande, poulet, fraîche ou réfrigérée","2020","tonnes","10972.43"
"Compte Disponibilités et Utilisations (CDU) (2010-)","Timor-Leste","Importations - quantité","Viande, poulet, fraîche ou réfrigérée","2021","tonnes","5734.19"
"Compte Disponibilités et Utilisations (CDU) (2010-)","Timor-Leste","Importations - quantité","Viande, poulet, fraîche ou réfrigérée","2022","tonnes","6155.38"
"Compte Disponibilités et Utilisations (CDU) (2010-)","Timor-Leste","Importations - quantité","Viande, poulet, fraîche ou réfrigérée","2023","tonnes","6154"
"Compte Disponibilités et Utilisations (CDU) (2010-)","Tonga","Importations - quantité","Viande, poulet, fraîche ou réfrigérée","2019","tonnes","11081.82"
"Compte Disponibilités et Utilisations (CDU) (2010-)","Tonga","Importations - quantité","Viande, poulet, fraîche ou réfrigérée","2020","tonnes","8783.95"
"Compte Disponibilités et Utilisations (CDU) (2010-)","Tonga","Importations - quantité","Viande, poulet, fraîche ou réfrigérée","2021","tonnes","12111.63"
"Compte Disponibilités et Utilisations (CDU) (2010-)","Tonga","Importations - quantité","Viande, poulet, fraîche ou réfrigérée","2022","tonnes","9234.31"
"Compte Disponibilités et Utilisations (CDU) (2010-)","Tonga","Importations - quantité","Viande, poulet, fraîche ou réfrigérée","2023","tonnes","8609.1"
"Compte Disponibilités et Utilisations (CDU) (2010-)","Trinité-et-Tobago","Importations - quantité","Viande, poulet, fraîche ou réfrigérée","2010","tonnes","13292"
"Compte Disponibilités et Utilisations (CDU) (2010-)","Trinité-et-Tobago","Importations - quantité","Viande, poulet, fraîche ou réfrigérée","2011","tonnes","18183"
"Compte Disponibilités et Utilisations (CDU) (2010-)","Trinité-et-Tobago","Importations - quantité","Viande, poulet, fraîche ou réfrigérée","2012","tonnes","17161"
"Compte Disponibilités et Utilisations (CDU) (2010-)","Trinité-et-Tobago","Importations - quantité","Viande, poulet, fraîche ou réfrigérée","2013","tonnes","20339"
"Compte Disponibilités et Utilisations (CDU) (2010-)","Trinité-et-Tobago","Importations - quantité","Viande, poulet, fraîche ou réfrigérée","2014","tonnes","21473.7"
"Compte Disponibilités et Utilisations (CDU) (2010-)","Trinité-et-Tobago","Importations - quantité","Viande, poulet, fraîche ou réfrigérée","2015","tonnes","21585"
"Compte Disponibilités et Utilisations (CDU) (2010-)","Trinité-et-Tobago","Importations - quantité","Viande, poulet, fraîche ou réfrigérée","2016","tonnes","19778"
"Compte Disponibilités et Utilisations (CDU) (2010-)","Trinité-et-Tobago","Importations - quantité","Viande, poulet, fraîche ou réfrigérée","2017","tonnes","16970"
"Compte Disponibilités et Utilisations (CDU) (2010-)","Trinité-et-Tobago","Importations - quantité","Viande, poulet, fraîche ou réfrigérée","2018","tonnes","16610"
"Compte Disponibilités et Utilisations (CDU) (2010-)","Trinité-et-Tobago","Importations - quantité","Viande, poulet, fraîche ou réfrigérée","2019","tonnes","17340"
"Compte Disponibilités et Utilisations (CDU) (2010-)","Trinité-et-Tobago","Importations - quantité","Viande, poulet, fraîche ou réfrigérée","2020","tonnes","17566"
"Compte Disponibilités et Utilisations (CDU) (2010-)","Trinité-et-Tobago","Importations - quantité","Viande, poulet, fraîche ou réfrigérée","2021","tonnes","16397.9"
"Compte Disponibilités et Utilisations (CDU) (2010-)","Trinité-et-Tobago","Importations - quantité","Viande, poulet, fraîche ou réfrigérée","2022","tonnes","18964.93"
"Compte Disponibilités et Utilisations (CDU) (2010-)","Trinité-et-Tobago","Importations - quantité","Viande, poulet, fraîche ou réfrigérée","2023","tonnes","20282.82"
"Compte Disponibilités et Utilisations (CDU) (2010-)","Tunisie","Importations - quantité","Viande, poulet, fraîche ou réfrigérée","2010","tonnes","2599"
"Compte Disponibilités et Utilisations (CDU) (2010-)","Tunisie","Importations - quantité","Viande, poulet, fraîche ou réfrigérée","2011","tonnes","2529"
"Compte Disponibilités et Utilisations (CDU) (2010-)","Tunisie","Importations - quantité","Viande, poulet, fraîche ou réfrigérée","2012","tonnes","5200"
"Compte Disponibilités et Utilisations (CDU) (2010-)","Tunisie","Importations - quantité","Viande, poulet, fraîche ou réfrigérée","2013","tonnes","1413"
"Compte Disponibilités et Utilisations (CDU) (2010-)","Tunisie","Importations - quantité","Viande, poulet, fraîche ou réfrigérée","2014","tonnes","2691.34"
"Compte Disponibilités et Utilisations (CDU) (2010-)","Tunisie","Importations - quantité","Viande, poulet, fraîche ou réfrigérée","2015","tonnes","73.66"
"Compte Disponibilités et Utilisations (CDU) (2010-)","Tunisie","Importations - quantité","Viande, poulet, fraîche ou réfrigérée","2016","tonnes","213.03"
"Compte Disponibilités et Utilisations (CDU) (2010-)","Tunisie","Importations - quantité","Viande, poulet, fraîche ou réfrigérée","2017","tonnes","233.14"
"Compte Disponibilités et Utilisations (CDU) (2010-)","Tunisie","Importations - quantité","Viande, poulet, fraîche ou réfrigérée","2018","tonnes","1461.96"
"Compte Disponibilités et Utilisations (CDU) (2010-)","Tunisie","Importations - quantité","Viande, poulet, fraîche ou réfrigérée","2019","tonnes","1255.02"
"Compte Disponibilités et Utilisations (CDU) (2010-)","Tunisie","Importations - quantité","Viande, poulet, fraîche ou réfrigérée","2021","tonnes","271.61"
"Compte Disponibilités et Utilisations (CDU) (2010-)","Tunisie","Importations - quantité","Viande, poulet, fraîche ou réfrigérée","2022","tonnes","1672.34"
"Compte Disponibilités et Utilisations (CDU) (2010-)","Tunisie","Importations - quantité","Viande, poulet, fraîche ou réfrigérée","2023","tonnes","453.79"
"Compte Disponibilités et Utilisations (CDU) (2010-)","Türkiye","Importations - quantité","Viande, poulet, fraîche ou réfrigérée","2010","tonnes","446"
"Compte Disponibilités et Utilisations (CDU) (2010-)","Türkiye","Importations - quantité","Viande, poulet, fraîche ou réfrigérée","2011","tonnes","539"
"Compte Disponibilités et Utilisations (CDU) (2010-)","Türkiye","Importations - quantité","Viande, poulet, fraîche ou réfrigérée","2012","tonnes","385"
"Compte Disponibilités et Utilisations (CDU) (2010-)","Türkiye","Importations - quantité","Viande, poulet, fraîche ou réfrigérée","2013","tonnes","350"
"Compte Disponibilités et Utilisations (CDU) (2010-)","Türkiye","Importations - quantité","Viande, poulet, fraîche ou réfrigérée","2014","tonnes","316.93"
"Compte Disponibilités et Utilisations (CDU) (2010-)","Türkiye","Importations - quantité","Viande, poulet, fraîche ou réfrigérée","2015","tonnes","886.93"
"Compte Disponibilités et Utilisations (CDU) (2010-)","Türkiye","Importations - quantité","Viande, poulet, fraîche ou réfrigérée","2016","tonnes","84.54"
"Compte Disponibilités et Utilisations (CDU) (2010-)","Türkiye","Importations - quantité","Viande, poulet, fraîche ou réfrigérée","2017","tonnes","2752.28"
"Compte Disponibilités et Utilisations (CDU) (2010-)","Türkiye","Importations - quantité","Viande, poulet, fraîche ou réfrigérée","2018","tonnes","5869.26"
"Compte Disponibilités et Utilisations (CDU) (2010-)","Türkiye","Importations - quantité","Viande, poulet, fraîche ou réfrigérée","2019","tonnes","44003.42"
"Compte Disponibilités et Utilisations (CDU) (2010-)","Türkiye","Importations - quantité","Viande, poulet, fraîche ou réfrigérée","2020","tonnes","44420.43"
"Compte Disponibilités et Utilisations (CDU) (2010-)","Türkiye","Importations - quantité","Viande, poulet, fraîche ou réfrigérée","2021","tonnes","40699.28"
"Compte Disponibilités et Utilisations (CDU) (2010-)","Türkiye","Importations - quantité","Viande, poulet, fraîche ou réfrigérée","2022","tonnes","63189.91"
"Compte Disponibilités et Utilisations (CDU) (2010-)","Türkiye","Importations - quantité","Viande, poulet, fraîche ou réfrigérée","2023","tonnes","67854.27"
"Compte Disponibilités et Utilisations (CDU) (2010-)","Turkménistan","Importations - quantité","Viande, poulet, fraîche ou réfrigérée","2010","tonnes","2000"
"Compte Disponibilités et Utilisations (CDU) (2010-)","Turkménistan","Importations - quantité","Viande, poulet, fraîche ou réfrigérée","2011","tonnes","588"
"Compte Disponibilités et Utilisations (CDU) (2010-)","Turkménistan","Importations - quantité","Viande, poulet, fraîche ou réfrigérée","2012","tonnes","600"
"Compte Disponibilités et Utilisations (CDU) (2010-)","Turkménistan","Importations - quantité","Viande, poulet, fraîche ou réfrigérée","2013","tonnes","600"
"Compte Disponibilités et Utilisations (CDU) (2010-)","Turkménistan","Importations - quantité","Viande, poulet, fraîche ou réfrigérée","2014","tonnes","22154.96"
"Compte Disponibilités et Utilisations (CDU) (2010-)","Turkménistan","Importations - quantité","Viande, poulet, fraîche ou réfrigérée","2015","tonnes","10135.47"
"Compte Disponibilités et Utilisations (CDU) (2010-)","Turkménistan","Importations - quantité","Viande, poulet, fraîche ou réfrigérée","2016","tonnes","5776.69"
"Compte Disponibilités et Utilisations (CDU) (2010-)","Turkménistan","Importations - quantité","Viande, poulet, fraîche ou réfrigérée","2017","tonnes","9647.53"
"Compte Disponibilités et Utilisations (CDU) (2010-)","Turkménistan","Importations - quantité","Viande, poulet, fraîche ou réfrigérée","2018","tonnes","31261.26"
"Compte Disponibilités et Utilisations (CDU) (2010-)","Turkménistan","Importations - quantité","Viande, poulet, fraîche ou réfrigérée","2019","tonnes","14396.33"
"Compte Disponibilités et Utilisations (CDU) (2010-)","Turkménistan","Importations - quantité","Viande, poulet, fraîche ou réfrigérée","2020","tonnes","18459.57"
"Compte Disponibilités et Utilisations (CDU) (2010-)","Turkménistan","Importations - quantité","Viande, poulet, fraîche ou réfrigérée","2021","tonnes","34156.72"
"Compte Disponibilités et Utilisations (CDU) (2010-)","Turkménistan","Importations - quantité","Viande, poulet, fraîche ou réfrigérée","2022","tonnes","45942.26"
"Compte Disponibilités et Utilisations (CDU) (2010-)","Turkménistan","Importations - quantité","Viande, poulet, fraîche ou réfrigérée","2023","tonnes","39443.21"
"Compte Disponibilités et Utilisations (CDU) (2010-)","Tuvalu","Importations - quantité","Viande, poulet, fraîche ou réfrigérée","2019","tonnes","537.23"
"Compte Disponibilités et Utilisations (CDU) (2010-)","Tuvalu","Importations - quantité","Viande, poulet, fraîche ou réfrigérée","2020","tonnes","534.04"
"Compte Disponibilités et Utilisations (CDU) (2010-)","Tuvalu","Importations - quantité","Viande, poulet, fraîche ou réfrigérée","2021","tonnes","416.31"
"Compte Disponibilités et Utilisations (CDU) (2010-)","Tuvalu","Importations - quantité","Viande, poulet, fraîche ou réfrigérée","2022","tonnes","405.3"
"Compte Disponibilités et Utilisations (CDU) (2010-)","Tuvalu","Importations - quantité","Viande, poulet, fraîche ou réfrigérée","2023","tonnes","393.73"
"Compte Disponibilités et Utilisations (CDU) (2010-)","Ukraine","Importations - quantité","Viande, poulet, fraîche ou réfrigérée","2010","tonnes","122834"
"Compte Disponibilités et Utilisations (CDU) (2010-)","Ukraine","Importations - quantité","Viande, poulet, fraîche ou réfrigérée","2011","tonnes","50770"
"Compte Disponibilités et Utilisations (CDU) (2010-)","Ukraine","Importations - quantité","Viande, poulet, fraîche ou réfrigérée","2012","tonnes","104157"
"Compte Disponibilités et Utilisations (CDU) (2010-)","Ukraine","Importations - quantité","Viande, poulet, fraîche ou réfrigérée","2013","tonnes","61380"
"Compte Disponibilités et Utilisations (CDU) (2010-)","Ukraine","Importations - quantité","Viande, poulet, fraîche ou réfrigérée","2014","tonnes","53723.55"
"Compte Disponibilités et Utilisations (CDU) (2010-)","Ukraine","Importations - quantité","Viande, poulet, fraîche ou réfrigérée","2015","tonnes","55812.32"
"Compte Disponibilités et Utilisations (CDU) (2010-)","Ukraine","Importations - quantité","Viande, poulet, fraîche ou réfrigérée","2016","tonnes","74505.34"
"Compte Disponibilités et Utilisations (CDU) (2010-)","Ukraine","Importations - quantité","Viande, poulet, fraîche ou réfrigérée","2017","tonnes","106930.34"
"Compte Disponibilités et Utilisations (CDU) (2010-)","Ukraine","Importations - quantité","Viande, poulet, fraîche ou réfrigérée","2018","tonnes","121749.85"
"Compte Disponibilités et Utilisations (CDU) (2010-)","Ukraine","Importations - quantité","Viande, poulet, fraîche ou réfrigérée","2019","tonnes","76455.61"
"Compte Disponibilités et Utilisations (CDU) (2010-)","Ukraine","Importations - quantité","Viande, poulet, fraîche ou réfrigérée","2020","tonnes","100152.76"
"Compte Disponibilités et Utilisations (CDU) (2010-)","Ukraine","Importations - quantité","Viande, poulet, fraîche ou réfrigérée","2021","tonnes","110671.6"
"Compte Disponibilités et Utilisations (CDU) (2010-)","Ukraine","Importations - quantité","Viande, poulet, fraîche ou réfrigérée","2022","tonnes","71069.88"
"Compte Disponibilités et Utilisations (CDU) (2010-)","Ukraine","Importations - quantité","Viande, poulet, fraîche ou réfrigérée","2023","tonnes","56840.43"
"Compte Disponibilités et Utilisations (CDU) (2010-)","Uruguay","Importations - quantité","Viande, poulet, fraîche ou réfrigérée","2010","tonnes","4"
"Compte Disponibilités et Utilisations (CDU) (2010-)","Uruguay","Importations - quantité","Viande, poulet, fraîche ou réfrigérée","2011","tonnes","3"
"Compte Disponibilités et Utilisations (CDU) (2010-)","Uruguay","Importations - quantité","Viande, poulet, fraîche ou réfrigérée","2012","tonnes","0"
"Compte Disponibilités et Utilisations (CDU) (2010-)","Uruguay","Importations - quantité","Viande, poulet, fraîche ou réfrigérée","2013","tonnes","1"
"Compte Disponibilités et Utilisations (CDU) (2010-)","Uruguay","Importations - quantité","Viande, poulet, fraîche ou réfrigérée","2014","tonnes","115.54"
"Compte Disponibilités et Utilisations (CDU) (2010-)","Uruguay","Importations - quantité","Viande, poulet, fraîche ou réfrigérée","2015","tonnes","128.06"
"Compte Disponibilités et Utilisations (CDU) (2010-)","Uruguay","Importations - quantité","Viande, poulet, fraîche ou réfrigérée","2016","tonnes","126.93"
"Compte Disponibilités et Utilisations (CDU) (2010-)","Uruguay","Importations - quantité","Viande, poulet, fraîche ou réfrigérée","2017","tonnes","347.87"
"Compte Disponibilités et Utilisations (CDU) (2010-)","Uruguay","Importations - quantité","Viande, poulet, fraîche ou réfrigérée","2018","tonnes","1459.08"
"Compte Disponibilités et Utilisations (CDU) (2010-)","Uruguay","Importations - quantité","Viande, poulet, fraîche ou réfrigérée","2019","tonnes","1220.72"
"Compte Disponibilités et Utilisations (CDU) (2010-)","Uruguay","Importations - quantité","Viande, poulet, fraîche ou réfrigérée","2020","tonnes","3438.81"
"Compte Disponibilités et Utilisations (CDU) (2010-)","Uruguay","Importations - quantité","Viande, poulet, fraîche ou réfrigérée","2021","tonnes","2573.51"
"Compte Disponibilités et Utilisations (CDU) (2010-)","Uruguay","Importations - quantité","Viande, poulet, fraîche ou réfrigérée","2022","tonnes","5325.13"
"Compte Disponibilités et Utilisations (CDU) (2010-)","Uruguay","Importations - quantité","Viande, poulet, fraîche ou réfrigérée","2023","tonnes","2863.32"
"Compte Disponibilités et Utilisations (CDU) (2010-)","Vanuatu","Importations - quantité","Viande, poulet, fraîche ou réfrigérée","2010","tonnes","1720"
"Compte Disponibilités et Utilisations (CDU) (2010-)","Vanuatu","Importations - quantité","Viande, poulet, fraîche ou réfrigérée","2011","tonnes","1933"
"Compte Disponibilités et Utilisations (CDU) (2010-)","Vanuatu","Importations - quantité","Viande, poulet, fraîche ou réfrigérée","2012","tonnes","1873"
"Compte Disponibilités et Utilisations (CDU) (2010-)","Vanuatu","Importations - quantité","Viande, poulet, fraîche ou réfrigérée","2013","tonnes","1848"
"Compte Disponibilités et Utilisations (CDU) (2010-)","Vanuatu","Importations - quantité","Viande, poulet, fraîche ou réfrigérée","2014","tonnes","1752.38"
"Compte Disponibilités et Utilisations (CDU) (2010-)","Vanuatu","Importations - quantité","Viande, poulet, fraîche ou réfrigérée","2015","tonnes","2317.75"
"Compte Disponibilités et Utilisations (CDU) (2010-)","Vanuatu","Importations - quantité","Viande, poulet, fraîche ou réfrigérée","2016","tonnes","2835.55"
"Compte Disponibilités et Utilisations (CDU) (2010-)","Vanuatu","Importations - quantité","Viande, poulet, fraîche ou réfrigérée","2017","tonnes","3394.02"
"Compte Disponibilités et Utilisations (CDU) (2010-)","Vanuatu","Importations - quantité","Viande, poulet, fraîche ou réfrigérée","2018","tonnes","3777.62"
"Compte Disponibilités et Utilisations (CDU) (2010-)","Vanuatu","Importations - quantité","Viande, poulet, fraîche ou réfrigérée","2019","tonnes","3692.53"
"Compte Disponibilités et Utilisations (CDU) (2010-)","Vanuatu","Importations - quantité","Viande, poulet, fraîche ou réfrigérée","2020","tonnes","3719.76"
"Compte Disponibilités et Utilisations (CDU) (2010-)","Vanuatu","Importations - quantité","Viande, poulet, fraîche ou réfrigérée","2021","tonnes","4819.62"
"Compte Disponibilités et Utilisations (CDU) (2010-)","Vanuatu","Importations - quantité","Viande, poulet, fraîche ou réfrigérée","2022","tonnes","4543.27"
"Compte Disponibilités et Utilisations (CDU) (2010-)","Vanuatu","Importations - quantité","Viande, poulet, fraîche ou réfrigérée","2023","tonnes","5452.36"
"Compte Disponibilités et Utilisations (CDU) (2010-)","Venezuela (République bolivarienne du)","Importations - quantité","Viande, poulet, fraîche ou réfrigérée","2010","tonnes","200973"
"Compte Disponibilités et Utilisations (CDU) (2010-)","Venezuela (République bolivarienne du)","Importations - quantité","Viande, poulet, fraîche ou réfrigérée","2011","tonnes","168402"
"Compte Disponibilités et Utilisations (CDU) (2010-)","Venezuela (République bolivarienne du)","Importations - quantité","Viande, poulet, fraîche ou réfrigérée","2012","tonnes","169950"
"Compte Disponibilités et Utilisations (CDU) (2010-)","Venezuela (République bolivarienne du)","Importations - quantité","Viande, poulet, fraîche ou réfrigérée","2013","tonnes","278863"
"Compte Disponibilités et Utilisations (CDU) (2010-)","Venezuela (République bolivarienne du)","Importations - quantité","Viande, poulet, fraîche ou réfrigérée","2014","tonnes","425902.59"
"Compte Disponibilités et Utilisations (CDU) (2010-)","Venezuela (République bolivarienne du)","Importations - quantité","Viande, poulet, fraîche ou réfrigérée","2015","tonnes","132794.95"
"Compte Disponibilités et Utilisations (CDU) (2010-)","Venezuela (République bolivarienne du)","Importations - quantité","Viande, poulet, fraîche ou réfrigérée","2016","tonnes","71856.81"
"Compte Disponibilités et Utilisations (CDU) (2010-)","Venezuela (République bolivarienne du)","Importations - quantité","Viande, poulet, fraîche ou réfrigérée","2017","tonnes","23121.08"
"Compte Disponibilités et Utilisations (CDU) (2010-)","Venezuela (République bolivarienne du)","Importations - quantité","Viande, poulet, fraîche ou réfrigérée","2018","tonnes","2675.92"
"Compte Disponibilités et Utilisations (CDU) (2010-)","Venezuela (République bolivarienne du)","Importations - quantité","Viande, poulet, fraîche ou réfrigérée","2019","tonnes","32550"
"Compte Disponibilités et Utilisations (CDU) (2010-)","Venezuela (République bolivarienne du)","Importations - quantité","Viande, poulet, fraîche ou réfrigérée","2020","tonnes","522.05"
"Compte Disponibilités et Utilisations (CDU) (2010-)","Venezuela (République bolivarienne du)","Importations - quantité","Viande, poulet, fraîche ou réfrigérée","2021","tonnes","33147.31"
"Compte Disponibilités et Utilisations (CDU) (2010-)","Venezuela (République bolivarienne du)","Importations - quantité","Viande, poulet, fraîche ou réfrigérée","2022","tonnes","15578.37"
"Compte Disponibilités et Utilisations (CDU) (2010-)","Venezuela (République bolivarienne du)","Importations - quantité","Viande, poulet, fraîche ou réfrigérée","2023","tonnes","192.52"
"Compte Disponibilités et Utilisations (CDU) (2010-)","Viet Nam","Importations - quantité","Viande, poulet, fraîche ou réfrigérée","2010","tonnes","506971"
"Compte Disponibilités et Utilisations (CDU) (2010-)","Viet Nam","Importations - quantité","Viande, poulet, fraîche ou réfrigérée","2011","tonnes","802233"
"Compte Disponibilités et Utilisations (CDU) (2010-)","Viet Nam","Importations - quantité","Viande, poulet, fraîche ou réfrigérée","2012","tonnes","500000"
"Compte Disponibilités et Utilisations (CDU) (2010-)","Viet Nam","Importations - quantité","Viande, poulet, fraîche ou réfrigérée","2013","tonnes","500000"
"Compte Disponibilités et Utilisations (CDU) (2010-)","Viet Nam","Importations - quantité","Viande, poulet, fraîche ou réfrigérée","2014","tonnes","68985.74"
"Compte Disponibilités et Utilisations (CDU) (2010-)","Viet Nam","Importations - quantité","Viande, poulet, fraîche ou réfrigérée","2015","tonnes","75743.08"
"Compte Disponibilités et Utilisations (CDU) (2010-)","Viet Nam","Importations - quantité","Viande, poulet, fraîche ou réfrigérée","2016","tonnes","76606.65"
"Compte Disponibilités et Utilisations (CDU) (2010-)","Viet Nam","Importations - quantité","Viande, poulet, fraîche ou réfrigérée","2017","tonnes","60009.8"
"Compte Disponibilités et Utilisations (CDU) (2010-)","Viet Nam","Importations - quantité","Viande, poulet, fraîche ou réfrigérée","2018","tonnes","159351.58"
"Compte Disponibilités et Utilisations (CDU) (2010-)","Viet Nam","Importations - quantité","Viande, poulet, fraîche ou réfrigérée","2019","tonnes","204610.96"
"Compte Disponibilités et Utilisations (CDU) (2010-)","Viet Nam","Importations - quantité","Viande, poulet, fraîche ou réfrigérée","2020","tonnes","285592.69"
"Compte Disponibilités et Utilisations (CDU) (2010-)","Viet Nam","Importations - quantité","Viande, poulet, fraîche ou réfrigérée","2021","tonnes","206448.19"
"Compte Disponibilités et Utilisations (CDU) (2010-)","Viet Nam","Importations - quantité","Viande, poulet, fraîche ou réfrigérée","2022","tonnes","267072.32"
"Compte Disponibilités et Utilisations (CDU) (2010-)","Viet Nam","Importations - quantité","Viande, poulet, fraîche ou réfrigérée","2023","tonnes","236321.76"
"Compte Disponibilités et Utilisations (CDU) (2010-)","Yémen","Importations - quantité","Viande, poulet, fraîche ou réfrigérée","2010","tonnes","104280"
"Compte Disponibilités et Utilisations (CDU) (2010-)","Yémen","Importations - quantité","Viande, poulet, fraîche ou réfrigérée","2011","tonnes","81683"
"Compte Disponibilités et Utilisations (CDU) (2010-)","Yémen","Importations - quantité","Viande, poulet, fraîche ou réfrigérée","2012","tonnes","113215"
"Compte Disponibilités et Utilisations (CDU) (2010-)","Yémen","Importations - quantité","Viande, poulet, fraîche ou réfrigérée","2013","tonnes","107834"
"Compte Disponibilités et Utilisations (CDU) (2010-)","Yémen","Importations - quantité","Viande, poulet, fraîche ou réfrigérée","2014","tonnes","123858.38"
"Compte Disponibilités et Utilisations (CDU) (2010-)","Yémen","Importations - quantité","Viande, poulet, fraîche ou réfrigérée","2015","tonnes","55401.36"
"Compte Disponibilités et Utilisations (CDU) (2010-)","Yémen","Importations - quantité","Viande, poulet, fraîche ou réfrigérée","2016","tonnes","85979.28"
"Compte Disponibilités et Utilisations (CDU) (2010-)","Yémen","Importations - quantité","Viande, poulet, fraîche ou réfrigérée","2017","tonnes","81697.39"
"Compte Disponibilités et Utilisations (CDU) (2010-)","Yémen","Importations - quantité","Viande, poulet, fraîche ou réfrigérée","2018","tonnes","95992"
"Compte Disponibilités et Utilisations (CDU) (2010-)","Yémen","Importations - quantité","Viande, poulet, fraîche ou réfrigérée","2019","tonnes","139437"
"Compte Disponibilités et Utilisations (CDU) (2010-)","Yémen","Importations - quantité","Viande, poulet, fraîche ou réfrigérée","2020","tonnes","146893.49"
"Compte Disponibilités et Utilisations (CDU) (2010-)","Yémen","Importations - quantité","Viande, poulet, fraîche ou réfrigérée","2021","tonnes","147000.04"
"Compte Disponibilités et Utilisations (CDU) (2010-)","Yémen","Importations - quantité","Viande, poulet, fraîche ou réfrigérée","2022","tonnes","103036.43"
"Compte Disponibilités et Utilisations (CDU) (2010-)","Yémen","Importations - quantité","Viande, poulet, fraîche ou réfrigérée","2023","tonnes","116791.59"
"Compte Disponibilités et Utilisations (CDU) (2010-)","Zambie","Importations - quantité","Viande, poulet, fraîche ou réfrigérée","2010","tonnes","558"
"Compte Disponibilités et Utilisations (CDU) (2010-)","Zambie","Importations - quantité","Viande, poulet, fraîche ou réfrigérée","2011","tonnes","967"
"Compte Disponibilités et Utilisations (CDU) (2010-)","Zambie","Importations - quantité","Viande, poulet, fraîche ou réfrigérée","2012","tonnes","1606"
"Compte Disponibilités et Utilisations (CDU) (2010-)","Zambie","Importations - quantité","Viande, poulet, fraîche ou réfrigérée","2013","tonnes","1522"
"Compte Disponibilités et Utilisations (CDU) (2010-)","Zambie","Importations - quantité","Viande, poulet, fraîche ou réfrigérée","2014","tonnes","4426.95"
"Compte Disponibilités et Utilisations (CDU) (2010-)","Zambie","Importations - quantité","Viande, poulet, fraîche ou réfrigérée","2015","tonnes","7087.82"
"Compte Disponibilités et Utilisations (CDU) (2010-)","Zambie","Importations - quantité","Viande, poulet, fraîche ou réfrigérée","2016","tonnes","9605.74"
"Compte Disponibilités et Utilisations (CDU) (2010-)","Zambie","Importations - quantité","Viande, poulet, fraîche ou réfrigérée","2017","tonnes","12010.62"
"Compte Disponibilités et Utilisations (CDU) (2010-)","Zambie","Importations - quantité","Viande, poulet, fraîche ou réfrigérée","2018","tonnes","10540.44"
"Compte Disponibilités et Utilisations (CDU) (2010-)","Zambie","Importations - quantité","Viande, poulet, fraîche ou réfrigérée","2019","tonnes","22926.27"
"Compte Disponibilités et Utilisations (CDU) (2010-)","Zambie","Importations - quantité","Viande, poulet, fraîche ou réfrigérée","2020","tonnes","20922.34"
"Compte Disponibilités et Utilisations (CDU) (2010-)","Zambie","Importations - quantité","Viande, poulet, fraîche ou réfrigérée","2021","tonnes","19511.18"
"Compte Disponibilités et Utilisations (CDU) (2010-)","Zambie","Importations - quantité","Viande, poulet, fraîche ou réfrigérée","2022","tonnes","54804.02"
"Compte Disponibilités et Utilisations (CDU) (2010-)","Zambie","Importations - quantité","Viande, poulet, fraîche ou réfrigérée","2023","tonnes","22622.43"
"Compte Disponibilités et Utilisations (CDU) (2010-)","Zimbabwe","Importations - quantité","Viande, poulet, fraîche ou réfrigérée","2010","tonnes","17123"
"Compte Disponibilités et Utilisations (CDU) (2010-)","Zimbabwe","Importations - quantité","Viande, poulet, fraîche ou réfrigérée","2011","tonnes","25905"
"Compte Disponibilités et Utilisations (CDU) (2010-)","Zimbabwe","Importations - quantité","Viande, poulet, fraîche ou réfrigérée","2012","tonnes","27948"
"Compte Disponibilités et Utilisations (CDU) (2010-)","Zimbabwe","Importations - quantité","Viande, poulet, fraîche ou réfrigérée","2013","tonnes","5657"
"Compte Disponibilités et Utilisations (CDU) (2010-)","Zimbabwe","Importations - quantité","Viande, poulet, fraîche ou réfrigérée","2014","tonnes","7552.89"
"Compte Disponibilités et Utilisations (CDU) (2010-)","Zimbabwe","Importations - quantité","Viande, poulet, fraîche ou réfrigérée","2015","tonnes","7968.81"
"Compte Disponibilités et Utilisations (CDU) (2010-)","Zimbabwe","Importations - quantité","Viande, poulet, fraîche ou réfrigérée","2016","tonnes","7860.04"
"Compte Disponibilités et Utilisations (CDU) (2010-)","Zimbabwe","Importations - quantité","Viande, poulet, fraîche ou réfrigérée","2017","tonnes","5876.56"
"Compte Disponibilités et Utilisations (CDU) (2010-)","Zimbabwe","Importations - quantité","Viande, poulet, fraîche ou réfrigérée","2018","tonnes","3758"
"Compte Disponibilités et Utilisations (CDU) (2010-)","Zimbabwe","Importations - quantité","Viande, poulet, fraîche ou réfrigérée","2019","tonnes","1353.12"
"Compte Disponibilités et Utilisations (CDU) (2010-)","Zimbabwe","Importations - quantité","Viande, poulet, fraîche ou réfrigérée","2020","tonnes","1288.1"
"Compte Disponibilités et Utilisations (CDU) (2010-)","Zimbabwe","Importations - quantité","Viande, poulet, fraîche ou réfrigérée","2021","tonnes","4071.36"
"Compte Disponibilités et Utilisations (CDU) (2010-)","Zimbabwe","Importations - quantité","Viande, poulet, fraîche ou réfrigérée","2022","tonnes","5124.7"
"Compte Disponibilités et Utilisations (CDU) (2010-)","Zimbabwe","Importations - quantité","Viande, poulet, fraîche ou réfrigérée","2023","tonnes","7629.48"
