Domaine,Zone,Élément,Produit,Année,Unité,Valeur
"Compte Disponibilités et Utilisations (CDU) (2010-)","Afghanistan","Disponibilité alimentaire en quantité (tonnes)","Viande, poulet, fraîche ou réfrigérée","2010","tonnes","64538.38"
"Compte Disponibilités et Utilisations (CDU) (2010-)","Afghanistan","Disponibilité alimentaire en quantité (tonnes)","Viande, poulet, fraîche ou réfrigérée","2011","tonnes","56121.71"
"Compte Disponibilités et Utilisations (CDU) (2010-)","Afghanistan","Disponibilité alimentaire en quantité (tonnes)","Viande, poulet, fraîche ou réfrigérée","2012","tonnes","62405.56"
"Compte Disponibilités et Utilisations (CDU) (2010-)","Afghanistan","Disponibilité alimentaire en quantité (tonnes)","Viande, poulet, fraîche ou réfrigérée","2013","tonnes","66510.55"
"Compte Disponibilités et Utilisations (CDU) (2010-)","Afghanistan","Disponibilité alimentaire en quantité (tonnes)","Viande, poulet, fraîche ou réfrigérée","2014","tonnes","68235.2"
"Compte Disponibilités et Utilisations (CDU) (2010-)","Afghanistan","Disponibilité alimentaire en quantité (tonnes)","Viande, poulet, fraîche ou réfrigérée","2015","tonnes","65396.36"
"Compte Disponibilités et Utilisations (CDU) (2010-)","Afghanistan","Disponibilité alimentaire en quantité (tonnes)","Viande, poulet, fraîche ou réfrigérée","2016","tonnes","67967.81"
"Compte Disponibilités et Utilisations (CDU) (2010-)","Afghanistan","Disponibilité alimentaire en quantité (tonnes)","Viande, poulet, fraîche ou réfrigérée","2017","tonnes","63514.11"
"Compte Disponibilités et Utilisations (CDU) (2010-)","Afghanistan","Disponibilité alimentaire en quantité (tonnes)","Viande, poulet, fraîche ou réfrigérée","2018","tonnes","52832.16"
"Compte Disponibilités et Utilisations (CDU) (2010-)","Afghanistan","Disponibilité alimentaire en quantité (tonnes)","Viande, poulet, fraîche ou réfrigérée","2019","tonnes","67725.12"
"Compte Disponibilités et Utilisations (CDU) (2010-)","Afghanistan","Disponibilité alimentaire en quantité (tonnes)","Viande, poulet, fraîche ou réfrigérée","2020","tonnes","63370.79"
"Compte Disponibilités et Utilisations (CDU) (2010-)","Afghanistan","Disponibilité alimentaire en quantité (tonnes)","Viande, poulet, fraîche ou réfrigérée","2021","tonnes","60165.64"
"Compte Disponibilités et Utilisations (CDU) (2010-)","Afghanistan","Disponibilité alimentaire en quantité (tonnes)","Viande, poulet, fraîche ou réfrigérée","2022","tonnes","34644.15"
"Compte Disponibilités et Utilisations (CDU) (2010-)","Afghanistan","Disponibilité alimentaire en quantité (tonnes)","Viande, poulet, fraîche ou réfrigérée","2023","tonnes","32936.83"
"Compte Disponibilités et Utilisations (CDU) (2010-)","Afrique du Sud","Disponibilité alimentaire en quantité (tonnes)","Viande, poulet, fraîche ou réfrigérée","2010","tonnes","1676497"
"Compte Disponibilités et Utilisations (CDU) (2010-)","Afrique du Sud","Disponibilité alimentaire en quantité (tonnes)","Viande, poulet, fraîche ou réfrigérée","2011","tonnes","1777384"
"Compte Disponibilités et Utilisations (CDU) (2010-)","Afrique du Sud","Disponibilité alimentaire en quantité (tonnes)","Viande, poulet, fraîche ou réfrigérée","2012","tonnes","1819869"
"Compte Disponibilités et Utilisations (CDU) (2010-)","Afrique du Sud","Disponibilité alimentaire en quantité (tonnes)","Viande, poulet, fraîche ou réfrigérée","2013","tonnes","1944098"
"Compte Disponibilités et Utilisations (CDU) (2010-)","Afrique du Sud","Disponibilité alimentaire en quantité (tonnes)","Viande, poulet, fraîche ou réfrigérée","2014","tonnes","1986438.62"
"Compte Disponibilités et Utilisations (CDU) (2010-)","Afrique du Sud","Disponibilité alimentaire en quantité (tonnes)","Viande, poulet, fraîche ou réfrigérée","2015","tonnes","1979704.49"
"Compte Disponibilités et Utilisations (CDU) (2010-)","Afrique du Sud","Disponibilité alimentaire en quantité (tonnes)","Viande, poulet, fraîche ou réfrigérée","2016","tonnes","2084047.13"
"Compte Disponibilités et Utilisations (CDU) (2010-)","Afrique du Sud","Disponibilité alimentaire en quantité (tonnes)","Viande, poulet, fraîche ou réfrigérée","2017","tonnes","2075700.26"
"Compte Disponibilités et Utilisations (CDU) (2010-)","Afrique du Sud","Disponibilité alimentaire en quantité (tonnes)","Viande, poulet, fraîche ou réfrigérée","2018","tonnes","2192144.54"
"Compte Disponibilités et Utilisations (CDU) (2010-)","Afrique du Sud","Disponibilité alimentaire en quantité (tonnes)","Viande, poulet, fraîche ou réfrigérée","2019","tonnes","2219385.28"
"Compte Disponibilités et Utilisations (CDU) (2010-)","Afrique du Sud","Disponibilité alimentaire en quantité (tonnes)","Viande, poulet, fraîche ou réfrigérée","2020","tonnes","2228541.23"
"Compte Disponibilités et Utilisations (CDU) (2010-)","Afrique du Sud","Disponibilité alimentaire en quantité (tonnes)","Viande, poulet, fraîche ou réfrigérée","2021","tonnes","2207246.75"
"Compte Disponibilités et Utilisations (CDU) (2010-)","Afrique du Sud","Disponibilité alimentaire en quantité (tonnes)","Viande, poulet, fraîche ou réfrigérée","2022","tonnes","2191243.1"
"Compte Disponibilités et Utilisations (CDU) (2010-)","Afrique du Sud","Disponibilité alimentaire en quantité (tonnes)","Viande, poulet, fraîche ou réfrigérée","2023","tonnes","2122618.28"
"Compte Disponibilités et Utilisations (CDU) (2010-)","Albanie","Disponibilité alimentaire en quantité (tonnes)","Viande, poulet, fraîche ou réfrigérée","2010","tonnes","35668"
"Compte Disponibilités et Utilisations (CDU) (2010-)","Albanie","Disponibilité alimentaire en quantité (tonnes)","Viande, poulet, fraîche ou réfrigérée","2011","tonnes","39301"
"Compte Disponibilités et Utilisations (CDU) (2010-)","Albanie","Disponibilité alimentaire en quantité (tonnes)","Viande, poulet, fraîche ou réfrigérée","2012","tonnes","37101"
"Compte Disponibilités et Utilisations (CDU) (2010-)","Albanie","Disponibilité alimentaire en quantité (tonnes)","Viande, poulet, fraîche ou réfrigérée","2013","tonnes","38813"
"Compte Disponibilités et Utilisations (CDU) (2010-)","Albanie","Disponibilité alimentaire en quantité (tonnes)","Viande, poulet, fraîche ou réfrigérée","2014","tonnes","33955.91"
"Compte Disponibilités et Utilisations (CDU) (2010-)","Albanie","Disponibilité alimentaire en quantité (tonnes)","Viande, poulet, fraîche ou réfrigérée","2015","tonnes","34218.85"
"Compte Disponibilités et Utilisations (CDU) (2010-)","Albanie","Disponibilité alimentaire en quantité (tonnes)","Viande, poulet, fraîche ou réfrigérée","2016","tonnes","36860"
"Compte Disponibilités et Utilisations (CDU) (2010-)","Albanie","Disponibilité alimentaire en quantité (tonnes)","Viande, poulet, fraîche ou réfrigérée","2017","tonnes","30192"
"Compte Disponibilités et Utilisations (CDU) (2010-)","Albanie","Disponibilité alimentaire en quantité (tonnes)","Viande, poulet, fraîche ou réfrigérée","2018","tonnes","27174.78"
"Compte Disponibilités et Utilisations (CDU) (2010-)","Albanie","Disponibilité alimentaire en quantité (tonnes)","Viande, poulet, fraîche ou réfrigérée","2019","tonnes","30937.32"
"Compte Disponibilités et Utilisations (CDU) (2010-)","Albanie","Disponibilité alimentaire en quantité (tonnes)","Viande, poulet, fraîche ou réfrigérée","2020","tonnes","35737.1"
"Compte Disponibilités et Utilisations (CDU) (2010-)","Albanie","Disponibilité alimentaire en quantité (tonnes)","Viande, poulet, fraîche ou réfrigérée","2021","tonnes","35179.5"
"Compte Disponibilités et Utilisations (CDU) (2010-)","Albanie","Disponibilité alimentaire en quantité (tonnes)","Viande, poulet, fraîche ou réfrigérée","2022","tonnes","59460.03"
"Compte Disponibilités et Utilisations (CDU) (2010-)","Albanie","Disponibilité alimentaire en quantité (tonnes)","Viande, poulet, fraîche ou réfrigérée","2023","tonnes","64659.76"
"Compte Disponibilités et Utilisations (CDU) (2010-)","Algérie","Disponibilité alimentaire en quantité (tonnes)","Viande, poulet, fraîche ou réfrigérée","2010","tonnes","239491.2"
"Compte Disponibilités et Utilisations (CDU) (2010-)","Algérie","Disponibilité alimentaire en quantité (tonnes)","Viande, poulet, fraîche ou réfrigérée","2011","tonnes","245963.68"
"Compte Disponibilités et Utilisations (CDU) (2010-)","Algérie","Disponibilité alimentaire en quantité (tonnes)","Viande, poulet, fraîche ou réfrigérée","2012","tonnes","253635.21"
"Compte Disponibilités et Utilisations (CDU) (2010-)","Algérie","Disponibilité alimentaire en quantité (tonnes)","Viande, poulet, fraîche ou réfrigérée","2013","tonnes","260346.41"
"Compte Disponibilités et Utilisations (CDU) (2010-)","Algérie","Disponibilité alimentaire en quantité (tonnes)","Viande, poulet, fraîche ou réfrigérée","2014","tonnes","277864.17"
"Compte Disponibilités et Utilisations (CDU) (2010-)","Algérie","Disponibilité alimentaire en quantité (tonnes)","Viande, poulet, fraîche ou réfrigérée","2015","tonnes","287208.57"
"Compte Disponibilités et Utilisations (CDU) (2010-)","Algérie","Disponibilité alimentaire en quantité (tonnes)","Viande, poulet, fraîche ou réfrigérée","2016","tonnes","270284.74"
"Compte Disponibilités et Utilisations (CDU) (2010-)","Algérie","Disponibilité alimentaire en quantité (tonnes)","Viande, poulet, fraîche ou réfrigérée","2017","tonnes","262965.46"
"Compte Disponibilités et Utilisations (CDU) (2010-)","Algérie","Disponibilité alimentaire en quantité (tonnes)","Viande, poulet, fraîche ou réfrigérée","2018","tonnes","263184.3"
"Compte Disponibilités et Utilisations (CDU) (2010-)","Algérie","Disponibilité alimentaire en quantité (tonnes)","Viande, poulet, fraîche ou réfrigérée","2019","tonnes","259141.41"
"Compte Disponibilités et Utilisations (CDU) (2010-)","Algérie","Disponibilité alimentaire en quantité (tonnes)","Viande, poulet, fraîche ou réfrigérée","2020","tonnes","257018.24"
"Compte Disponibilités et Utilisations (CDU) (2010-)","Algérie","Disponibilité alimentaire en quantité (tonnes)","Viande, poulet, fraîche ou réfrigérée","2021","tonnes","271904.25"
"Compte Disponibilités et Utilisations (CDU) (2010-)","Algérie","Disponibilité alimentaire en quantité (tonnes)","Viande, poulet, fraîche ou réfrigérée","2022","tonnes","407715.31"
"Compte Disponibilités et Utilisations (CDU) (2010-)","Algérie","Disponibilité alimentaire en quantité (tonnes)","Viande, poulet, fraîche ou réfrigérée","2023","tonnes","421134.48"
"Compte Disponibilités et Utilisations (CDU) (2010-)","Allemagne","Disponibilité alimentaire en quantité (tonnes)","Viande, poulet, fraîche ou réfrigérée","2010","tonnes","821917"
"Compte Disponibilités et Utilisations (CDU) (2010-)","Allemagne","Disponibilité alimentaire en quantité (tonnes)","Viande, poulet, fraîche ou réfrigérée","2011","tonnes","858888"
"Compte Disponibilités et Utilisations (CDU) (2010-)","Allemagne","Disponibilité alimentaire en quantité (tonnes)","Viande, poulet, fraîche ou réfrigérée","2012","tonnes","840633"
"Compte Disponibilités et Utilisations (CDU) (2010-)","Allemagne","Disponibilité alimentaire en quantité (tonnes)","Viande, poulet, fraîche ou réfrigérée","2013","tonnes","890583"
"Compte Disponibilités et Utilisations (CDU) (2010-)","Allemagne","Disponibilité alimentaire en quantité (tonnes)","Viande, poulet, fraîche ou réfrigérée","2014","tonnes","877886.11"
"Compte Disponibilités et Utilisations (CDU) (2010-)","Allemagne","Disponibilité alimentaire en quantité (tonnes)","Viande, poulet, fraîche ou réfrigérée","2015","tonnes","888456.83"
"Compte Disponibilités et Utilisations (CDU) (2010-)","Allemagne","Disponibilité alimentaire en quantité (tonnes)","Viande, poulet, fraîche ou réfrigérée","2016","tonnes","900506.51"
"Compte Disponibilités et Utilisations (CDU) (2010-)","Allemagne","Disponibilité alimentaire en quantité (tonnes)","Viande, poulet, fraîche ou réfrigérée","2017","tonnes","913829.25"
"Compte Disponibilités et Utilisations (CDU) (2010-)","Allemagne","Disponibilité alimentaire en quantité (tonnes)","Viande, poulet, fraîche ou réfrigérée","2018","tonnes","924332.25"
"Compte Disponibilités et Utilisations (CDU) (2010-)","Allemagne","Disponibilité alimentaire en quantité (tonnes)","Viande, poulet, fraîche ou réfrigérée","2019","tonnes","878119.11"
"Compte Disponibilités et Utilisations (CDU) (2010-)","Allemagne","Disponibilité alimentaire en quantité (tonnes)","Viande, poulet, fraîche ou réfrigérée","2020","tonnes","946225.36"
"Compte Disponibilités et Utilisations (CDU) (2010-)","Allemagne","Disponibilité alimentaire en quantité (tonnes)","Viande, poulet, fraîche ou réfrigérée","2021","tonnes","910325.8"
"Compte Disponibilités et Utilisations (CDU) (2010-)","Allemagne","Disponibilité alimentaire en quantité (tonnes)","Viande, poulet, fraîche ou réfrigérée","2022","tonnes","939915.68"
"Compte Disponibilités et Utilisations (CDU) (2010-)","Allemagne","Disponibilité alimentaire en quantité (tonnes)","Viande, poulet, fraîche ou réfrigérée","2023","tonnes","940232.9"
"Compte Disponibilités et Utilisations (CDU) (2010-)","Angola","Disponibilité alimentaire en quantité (tonnes)","Viande, poulet, fraîche ou réfrigérée","2010","tonnes","257437"
"Compte Disponibilités et Utilisations (CDU) (2010-)","Angola","Disponibilité alimentaire en quantité (tonnes)","Viande, poulet, fraîche ou réfrigérée","2011","tonnes","308811"
"Compte Disponibilités et Utilisations (CDU) (2010-)","Angola","Disponibilité alimentaire en quantité (tonnes)","Viande, poulet, fraîche ou réfrigérée","2012","tonnes","349323"
"Compte Disponibilités et Utilisations (CDU) (2010-)","Angola","Disponibilité alimentaire en quantité (tonnes)","Viande, poulet, fraîche ou réfrigérée","2013","tonnes","372094"
"Compte Disponibilités et Utilisations (CDU) (2010-)","Angola","Disponibilité alimentaire en quantité (tonnes)","Viande, poulet, fraîche ou réfrigérée","2014","tonnes","399638.87"
"Compte Disponibilités et Utilisations (CDU) (2010-)","Angola","Disponibilité alimentaire en quantité (tonnes)","Viande, poulet, fraîche ou réfrigérée","2015","tonnes","260049.86"
"Compte Disponibilités et Utilisations (CDU) (2010-)","Angola","Disponibilité alimentaire en quantité (tonnes)","Viande, poulet, fraîche ou réfrigérée","2016","tonnes","243450.06"
"Compte Disponibilités et Utilisations (CDU) (2010-)","Angola","Disponibilité alimentaire en quantité (tonnes)","Viande, poulet, fraîche ou réfrigérée","2017","tonnes","306286.65"
"Compte Disponibilités et Utilisations (CDU) (2010-)","Angola","Disponibilité alimentaire en quantité (tonnes)","Viande, poulet, fraîche ou réfrigérée","2018","tonnes","364044.38"
"Compte Disponibilités et Utilisations (CDU) (2010-)","Angola","Disponibilité alimentaire en quantité (tonnes)","Viande, poulet, fraîche ou réfrigérée","2019","tonnes","302318.03"
"Compte Disponibilités et Utilisations (CDU) (2010-)","Angola","Disponibilité alimentaire en quantité (tonnes)","Viande, poulet, fraîche ou réfrigérée","2020","tonnes","266805.06"
"Compte Disponibilités et Utilisations (CDU) (2010-)","Angola","Disponibilité alimentaire en quantité (tonnes)","Viande, poulet, fraîche ou réfrigérée","2021","tonnes","295831.67"
"Compte Disponibilités et Utilisations (CDU) (2010-)","Angola","Disponibilité alimentaire en quantité (tonnes)","Viande, poulet, fraîche ou réfrigérée","2022","tonnes","365289.23"
"Compte Disponibilités et Utilisations (CDU) (2010-)","Angola","Disponibilité alimentaire en quantité (tonnes)","Viande, poulet, fraîche ou réfrigérée","2023","tonnes","269798.32"
"Compte Disponibilités et Utilisations (CDU) (2010-)","Antigua-et-Barbuda","Disponibilité alimentaire en quantité (tonnes)","Viande, poulet, fraîche ou réfrigérée","2010","tonnes","6986.02"
"Compte Disponibilités et Utilisations (CDU) (2010-)","Antigua-et-Barbuda","Disponibilité alimentaire en quantité (tonnes)","Viande, poulet, fraîche ou réfrigérée","2011","tonnes","5039.84"
"Compte Disponibilités et Utilisations (CDU) (2010-)","Antigua-et-Barbuda","Disponibilité alimentaire en quantité (tonnes)","Viande, poulet, fraîche ou réfrigérée","2012","tonnes","6427.78"
"Compte Disponibilités et Utilisations (CDU) (2010-)","Antigua-et-Barbuda","Disponibilité alimentaire en quantité (tonnes)","Viande, poulet, fraîche ou réfrigérée","2013","tonnes","5214.9"
"Compte Disponibilités et Utilisations (CDU) (2010-)","Antigua-et-Barbuda","Disponibilité alimentaire en quantité (tonnes)","Viande, poulet, fraîche ou réfrigérée","2014","tonnes","5123.86"
"Compte Disponibilités et Utilisations (CDU) (2010-)","Antigua-et-Barbuda","Disponibilité alimentaire en quantité (tonnes)","Viande, poulet, fraîche ou réfrigérée","2015","tonnes","5604.99"
"Compte Disponibilités et Utilisations (CDU) (2010-)","Antigua-et-Barbuda","Disponibilité alimentaire en quantité (tonnes)","Viande, poulet, fraîche ou réfrigérée","2016","tonnes","3900"
"Compte Disponibilités et Utilisations (CDU) (2010-)","Antigua-et-Barbuda","Disponibilité alimentaire en quantité (tonnes)","Viande, poulet, fraîche ou réfrigérée","2017","tonnes","5840.95"
"Compte Disponibilités et Utilisations (CDU) (2010-)","Antigua-et-Barbuda","Disponibilité alimentaire en quantité (tonnes)","Viande, poulet, fraîche ou réfrigérée","2018","tonnes","5642.59"
"Compte Disponibilités et Utilisations (CDU) (2010-)","Antigua-et-Barbuda","Disponibilité alimentaire en quantité (tonnes)","Viande, poulet, fraîche ou réfrigérée","2019","tonnes","5599.23"
"Compte Disponibilités et Utilisations (CDU) (2010-)","Antigua-et-Barbuda","Disponibilité alimentaire en quantité (tonnes)","Viande, poulet, fraîche ou réfrigérée","2020","tonnes","5900.67"
"Compte Disponibilités et Utilisations (CDU) (2010-)","Antigua-et-Barbuda","Disponibilité alimentaire en quantité (tonnes)","Viande, poulet, fraîche ou réfrigérée","2021","tonnes","5757.41"
"Compte Disponibilités et Utilisations (CDU) (2010-)","Antigua-et-Barbuda","Disponibilité alimentaire en quantité (tonnes)","Viande, poulet, fraîche ou réfrigérée","2022","tonnes","5939.46"
"Compte Disponibilités et Utilisations (CDU) (2010-)","Antigua-et-Barbuda","Disponibilité alimentaire en quantité (tonnes)","Viande, poulet, fraîche ou réfrigérée","2023","tonnes","5738.13"
"Compte Disponibilités et Utilisations (CDU) (2010-)","Arabie saoudite","Disponibilité alimentaire en quantité (tonnes)","Viande, poulet, fraîche ou réfrigérée","2010","tonnes","1211676"
"Compte Disponibilités et Utilisations (CDU) (2010-)","Arabie saoudite","Disponibilité alimentaire en quantité (tonnes)","Viande, poulet, fraîche ou réfrigérée","2011","tonnes","1195291"
"Compte Disponibilités et Utilisations (CDU) (2010-)","Arabie saoudite","Disponibilité alimentaire en quantité (tonnes)","Viande, poulet, fraîche ou réfrigérée","2012","tonnes","1181285"
"Compte Disponibilités et Utilisations (CDU) (2010-)","Arabie saoudite","Disponibilité alimentaire en quantité (tonnes)","Viande, poulet, fraîche ou réfrigérée","2013","tonnes","1379021"
"Compte Disponibilités et Utilisations (CDU) (2010-)","Arabie saoudite","Disponibilité alimentaire en quantité (tonnes)","Viande, poulet, fraîche ou réfrigérée","2014","tonnes","1207318.66"
"Compte Disponibilités et Utilisations (CDU) (2010-)","Arabie saoudite","Disponibilité alimentaire en quantité (tonnes)","Viande, poulet, fraîche ou réfrigérée","2015","tonnes","1336812.28"
"Compte Disponibilités et Utilisations (CDU) (2010-)","Arabie saoudite","Disponibilité alimentaire en quantité (tonnes)","Viande, poulet, fraîche ou réfrigérée","2016","tonnes","1378886.96"
"Compte Disponibilités et Utilisations (CDU) (2010-)","Arabie saoudite","Disponibilité alimentaire en quantité (tonnes)","Viande, poulet, fraîche ou réfrigérée","2017","tonnes","1233802.09"
"Compte Disponibilités et Utilisations (CDU) (2010-)","Arabie saoudite","Disponibilité alimentaire en quantité (tonnes)","Viande, poulet, fraîche ou réfrigérée","2018","tonnes","1145596.46"
"Compte Disponibilités et Utilisations (CDU) (2010-)","Arabie saoudite","Disponibilité alimentaire en quantité (tonnes)","Viande, poulet, fraîche ou réfrigérée","2019","tonnes","1401991.96"
"Compte Disponibilités et Utilisations (CDU) (2010-)","Arabie saoudite","Disponibilité alimentaire en quantité (tonnes)","Viande, poulet, fraîche ou réfrigérée","2020","tonnes","1485937.78"
"Compte Disponibilités et Utilisations (CDU) (2010-)","Arabie saoudite","Disponibilité alimentaire en quantité (tonnes)","Viande, poulet, fraîche ou réfrigérée","2021","tonnes","1487242.45"
"Compte Disponibilités et Utilisations (CDU) (2010-)","Arabie saoudite","Disponibilité alimentaire en quantité (tonnes)","Viande, poulet, fraîche ou réfrigérée","2022","tonnes","1607080.71"
"Compte Disponibilités et Utilisations (CDU) (2010-)","Arabie saoudite","Disponibilité alimentaire en quantité (tonnes)","Viande, poulet, fraîche ou réfrigérée","2023","tonnes","1409702.27"
"Compte Disponibilités et Utilisations (CDU) (2010-)","Argentine","Disponibilité alimentaire en quantité (tonnes)","Viande, poulet, fraîche ou réfrigérée","2010","tonnes","1351707.03"
"Compte Disponibilités et Utilisations (CDU) (2010-)","Argentine","Disponibilité alimentaire en quantité (tonnes)","Viande, poulet, fraîche ou réfrigérée","2011","tonnes","1518101.99"
"Compte Disponibilités et Utilisations (CDU) (2010-)","Argentine","Disponibilité alimentaire en quantité (tonnes)","Viande, poulet, fraîche ou réfrigérée","2012","tonnes","1573191.04"
"Compte Disponibilités et Utilisations (CDU) (2010-)","Argentine","Disponibilité alimentaire en quantité (tonnes)","Viande, poulet, fraîche ou réfrigérée","2013","tonnes","1554445.58"
"Compte Disponibilités et Utilisations (CDU) (2010-)","Argentine","Disponibilité alimentaire en quantité (tonnes)","Viande, poulet, fraîche ou réfrigérée","2014","tonnes","1621135.11"
"Compte Disponibilités et Utilisations (CDU) (2010-)","Argentine","Disponibilité alimentaire en quantité (tonnes)","Viande, poulet, fraîche ou réfrigérée","2015","tonnes","1877213.37"
"Compte Disponibilités et Utilisations (CDU) (2010-)","Argentine","Disponibilité alimentaire en quantité (tonnes)","Viande, poulet, fraîche ou réfrigérée","2016","tonnes","1873484.98"
"Compte Disponibilités et Utilisations (CDU) (2010-)","Argentine","Disponibilité alimentaire en quantité (tonnes)","Viande, poulet, fraîche ou réfrigérée","2017","tonnes","1909665.06"
"Compte Disponibilités et Utilisations (CDU) (2010-)","Argentine","Disponibilité alimentaire en quantité (tonnes)","Viande, poulet, fraîche ou réfrigérée","2018","tonnes","1909256.53"
"Compte Disponibilités et Utilisations (CDU) (2010-)","Argentine","Disponibilité alimentaire en quantité (tonnes)","Viande, poulet, fraîche ou réfrigérée","2019","tonnes","1973680.94"
"Compte Disponibilités et Utilisations (CDU) (2010-)","Argentine","Disponibilité alimentaire en quantité (tonnes)","Viande, poulet, fraîche ou réfrigérée","2020","tonnes","2040713.88"
"Compte Disponibilités et Utilisations (CDU) (2010-)","Argentine","Disponibilité alimentaire en quantité (tonnes)","Viande, poulet, fraîche ou réfrigérée","2021","tonnes","2139767.36"
"Compte Disponibilités et Utilisations (CDU) (2010-)","Argentine","Disponibilité alimentaire en quantité (tonnes)","Viande, poulet, fraîche ou réfrigérée","2022","tonnes","2145381.79"
"Compte Disponibilités et Utilisations (CDU) (2010-)","Argentine","Disponibilité alimentaire en quantité (tonnes)","Viande, poulet, fraîche ou réfrigérée","2023","tonnes","2079712.18"
"Compte Disponibilités et Utilisations (CDU) (2010-)","Arménie","Disponibilité alimentaire en quantité (tonnes)","Viande, poulet, fraîche ou réfrigérée","2010","tonnes","40752.27"
"Compte Disponibilités et Utilisations (CDU) (2010-)","Arménie","Disponibilité alimentaire en quantité (tonnes)","Viande, poulet, fraîche ou réfrigérée","2011","tonnes","42827.46"
"Compte Disponibilités et Utilisations (CDU) (2010-)","Arménie","Disponibilité alimentaire en quantité (tonnes)","Viande, poulet, fraîche ou réfrigérée","2012","tonnes","40590.37"
"Compte Disponibilités et Utilisations (CDU) (2010-)","Arménie","Disponibilité alimentaire en quantité (tonnes)","Viande, poulet, fraîche ou réfrigérée","2013","tonnes","39047.64"
"Compte Disponibilités et Utilisations (CDU) (2010-)","Arménie","Disponibilité alimentaire en quantité (tonnes)","Viande, poulet, fraîche ou réfrigérée","2014","tonnes","40120.57"
"Compte Disponibilités et Utilisations (CDU) (2010-)","Arménie","Disponibilité alimentaire en quantité (tonnes)","Viande, poulet, fraîche ou réfrigérée","2015","tonnes","41223.85"
"Compte Disponibilités et Utilisations (CDU) (2010-)","Arménie","Disponibilité alimentaire en quantité (tonnes)","Viande, poulet, fraîche ou réfrigérée","2016","tonnes","32399"
"Compte Disponibilités et Utilisations (CDU) (2010-)","Arménie","Disponibilité alimentaire en quantité (tonnes)","Viande, poulet, fraîche ou réfrigérée","2017","tonnes","45019.23"
"Compte Disponibilités et Utilisations (CDU) (2010-)","Arménie","Disponibilité alimentaire en quantité (tonnes)","Viande, poulet, fraîche ou réfrigérée","2018","tonnes","44254.78"
"Compte Disponibilités et Utilisations (CDU) (2010-)","Arménie","Disponibilité alimentaire en quantité (tonnes)","Viande, poulet, fraîche ou réfrigérée","2019","tonnes","54784.6"
"Compte Disponibilités et Utilisations (CDU) (2010-)","Arménie","Disponibilité alimentaire en quantité (tonnes)","Viande, poulet, fraîche ou réfrigérée","2020","tonnes","44481.93"
"Compte Disponibilités et Utilisations (CDU) (2010-)","Arménie","Disponibilité alimentaire en quantité (tonnes)","Viande, poulet, fraîche ou réfrigérée","2021","tonnes","52104.8"
"Compte Disponibilités et Utilisations (CDU) (2010-)","Arménie","Disponibilité alimentaire en quantité (tonnes)","Viande, poulet, fraîche ou réfrigérée","2022","tonnes","51291.19"
"Compte Disponibilités et Utilisations (CDU) (2010-)","Arménie","Disponibilité alimentaire en quantité (tonnes)","Viande, poulet, fraîche ou réfrigérée","2023","tonnes","51184.33"
"Compte Disponibilités et Utilisations (CDU) (2010-)","Australie","Disponibilité alimentaire en quantité (tonnes)","Viande, poulet, fraîche ou réfrigérée","2010","tonnes","977067.79"
"Compte Disponibilités et Utilisations (CDU) (2010-)","Australie","Disponibilité alimentaire en quantité (tonnes)","Viande, poulet, fraîche ou réfrigérée","2011","tonnes","1005156.62"
"Compte Disponibilités et Utilisations (CDU) (2010-)","Australie","Disponibilité alimentaire en quantité (tonnes)","Viande, poulet, fraîche ou réfrigérée","2012","tonnes","1027188.87"
"Compte Disponibilités et Utilisations (CDU) (2010-)","Australie","Disponibilité alimentaire en quantité (tonnes)","Viande, poulet, fraîche ou réfrigérée","2013","tonnes","1049574.4"
"Compte Disponibilités et Utilisations (CDU) (2010-)","Australie","Disponibilité alimentaire en quantité (tonnes)","Viande, poulet, fraîche ou réfrigérée","2014","tonnes","1056074.42"
"Compte Disponibilités et Utilisations (CDU) (2010-)","Australie","Disponibilité alimentaire en quantité (tonnes)","Viande, poulet, fraîche ou réfrigérée","2015","tonnes","1079465.99"
"Compte Disponibilités et Utilisations (CDU) (2010-)","Australie","Disponibilité alimentaire en quantité (tonnes)","Viande, poulet, fraîche ou réfrigérée","2016","tonnes","1149109.56"
"Compte Disponibilités et Utilisations (CDU) (2010-)","Australie","Disponibilité alimentaire en quantité (tonnes)","Viande, poulet, fraîche ou réfrigérée","2017","tonnes","1177493.34"
"Compte Disponibilités et Utilisations (CDU) (2010-)","Australie","Disponibilité alimentaire en quantité (tonnes)","Viande, poulet, fraîche ou réfrigérée","2018","tonnes","1147079.13"
"Compte Disponibilités et Utilisations (CDU) (2010-)","Australie","Disponibilité alimentaire en quantité (tonnes)","Viande, poulet, fraîche ou réfrigérée","2019","tonnes","1187793.14"
"Compte Disponibilités et Utilisations (CDU) (2010-)","Australie","Disponibilité alimentaire en quantité (tonnes)","Viande, poulet, fraîche ou réfrigérée","2020","tonnes","1195735.78"
"Compte Disponibilités et Utilisations (CDU) (2010-)","Australie","Disponibilité alimentaire en quantité (tonnes)","Viande, poulet, fraîche ou réfrigérée","2021","tonnes","1202674.05"
"Compte Disponibilités et Utilisations (CDU) (2010-)","Australie","Disponibilité alimentaire en quantité (tonnes)","Viande, poulet, fraîche ou réfrigérée","2022","tonnes","1249123.93"
"Compte Disponibilités et Utilisations (CDU) (2010-)","Australie","Disponibilité alimentaire en quantité (tonnes)","Viande, poulet, fraîche ou réfrigérée","2023","tonnes","1355271.84"
"Compte Disponibilités et Utilisations (CDU) (2010-)","Autriche","Disponibilité alimentaire en quantité (tonnes)","Viande, poulet, fraîche ou réfrigérée","2010","tonnes","106805.86"
"Compte Disponibilités et Utilisations (CDU) (2010-)","Autriche","Disponibilité alimentaire en quantité (tonnes)","Viande, poulet, fraîche ou réfrigérée","2011","tonnes","108582.02"
"Compte Disponibilités et Utilisations (CDU) (2010-)","Autriche","Disponibilité alimentaire en quantité (tonnes)","Viande, poulet, fraîche ou réfrigérée","2012","tonnes","109299.83"
"Compte Disponibilités et Utilisations (CDU) (2010-)","Autriche","Disponibilité alimentaire en quantité (tonnes)","Viande, poulet, fraîche ou réfrigérée","2013","tonnes","109714.57"
"Compte Disponibilités et Utilisations (CDU) (2010-)","Autriche","Disponibilité alimentaire en quantité (tonnes)","Viande, poulet, fraîche ou réfrigérée","2014","tonnes","110339.43"
"Compte Disponibilités et Utilisations (CDU) (2010-)","Autriche","Disponibilité alimentaire en quantité (tonnes)","Viande, poulet, fraîche ou réfrigérée","2015","tonnes","111276.89"
"Compte Disponibilités et Utilisations (CDU) (2010-)","Autriche","Disponibilité alimentaire en quantité (tonnes)","Viande, poulet, fraîche ou réfrigérée","2016","tonnes","112539.5"
"Compte Disponibilités et Utilisations (CDU) (2010-)","Autriche","Disponibilité alimentaire en quantité (tonnes)","Viande, poulet, fraîche ou réfrigérée","2017","tonnes","114464.56"
"Compte Disponibilités et Utilisations (CDU) (2010-)","Autriche","Disponibilité alimentaire en quantité (tonnes)","Viande, poulet, fraîche ou réfrigérée","2018","tonnes","116243.88"
"Compte Disponibilités et Utilisations (CDU) (2010-)","Autriche","Disponibilité alimentaire en quantité (tonnes)","Viande, poulet, fraîche ou réfrigérée","2019","tonnes","98478.81"
"Compte Disponibilités et Utilisations (CDU) (2010-)","Autriche","Disponibilité alimentaire en quantité (tonnes)","Viande, poulet, fraîche ou réfrigérée","2020","tonnes","100414.69"
"Compte Disponibilités et Utilisations (CDU) (2010-)","Autriche","Disponibilité alimentaire en quantité (tonnes)","Viande, poulet, fraîche ou réfrigérée","2021","tonnes","104046.09"
"Compte Disponibilités et Utilisations (CDU) (2010-)","Autriche","Disponibilité alimentaire en quantité (tonnes)","Viande, poulet, fraîche ou réfrigérée","2022","tonnes","106220.57"
"Compte Disponibilités et Utilisations (CDU) (2010-)","Autriche","Disponibilité alimentaire en quantité (tonnes)","Viande, poulet, fraîche ou réfrigérée","2023","tonnes","106159.19"
"Compte Disponibilités et Utilisations (CDU) (2010-)","Azerbaïdjan","Disponibilité alimentaire en quantité (tonnes)","Viande, poulet, fraîche ou réfrigérée","2010","tonnes","76924"
"Compte Disponibilités et Utilisations (CDU) (2010-)","Azerbaïdjan","Disponibilité alimentaire en quantité (tonnes)","Viande, poulet, fraîche ou réfrigérée","2011","tonnes","86523"
"Compte Disponibilités et Utilisations (CDU) (2010-)","Azerbaïdjan","Disponibilité alimentaire en quantité (tonnes)","Viande, poulet, fraîche ou réfrigérée","2012","tonnes","96594"
"Compte Disponibilités et Utilisations (CDU) (2010-)","Azerbaïdjan","Disponibilité alimentaire en quantité (tonnes)","Viande, poulet, fraîche ou réfrigérée","2013","tonnes","96922"
"Compte Disponibilités et Utilisations (CDU) (2010-)","Azerbaïdjan","Disponibilité alimentaire en quantité (tonnes)","Viande, poulet, fraîche ou réfrigérée","2014","tonnes","108342.83"
"Compte Disponibilités et Utilisations (CDU) (2010-)","Azerbaïdjan","Disponibilité alimentaire en quantité (tonnes)","Viande, poulet, fraîche ou réfrigérée","2015","tonnes","113585.15"
"Compte Disponibilités et Utilisations (CDU) (2010-)","Azerbaïdjan","Disponibilité alimentaire en quantité (tonnes)","Viande, poulet, fraîche ou réfrigérée","2016","tonnes","114604.33"
"Compte Disponibilités et Utilisations (CDU) (2010-)","Azerbaïdjan","Disponibilité alimentaire en quantité (tonnes)","Viande, poulet, fraîche ou réfrigérée","2017","tonnes","128010.45"
"Compte Disponibilités et Utilisations (CDU) (2010-)","Azerbaïdjan","Disponibilité alimentaire en quantité (tonnes)","Viande, poulet, fraîche ou réfrigérée","2018","tonnes","136845.34"
"Compte Disponibilités et Utilisations (CDU) (2010-)","Azerbaïdjan","Disponibilité alimentaire en quantité (tonnes)","Viande, poulet, fraîche ou réfrigérée","2019","tonnes","142359.81"
"Compte Disponibilités et Utilisations (CDU) (2010-)","Azerbaïdjan","Disponibilité alimentaire en quantité (tonnes)","Viande, poulet, fraîche ou réfrigérée","2020","tonnes","139724.13"
"Compte Disponibilités et Utilisations (CDU) (2010-)","Azerbaïdjan","Disponibilité alimentaire en quantité (tonnes)","Viande, poulet, fraîche ou réfrigérée","2021","tonnes","151517.88"
"Compte Disponibilités et Utilisations (CDU) (2010-)","Azerbaïdjan","Disponibilité alimentaire en quantité (tonnes)","Viande, poulet, fraîche ou réfrigérée","2022","tonnes","154112.51"
"Compte Disponibilités et Utilisations (CDU) (2010-)","Azerbaïdjan","Disponibilité alimentaire en quantité (tonnes)","Viande, poulet, fraîche ou réfrigérée","2023","tonnes","155285.23"
"Compte Disponibilités et Utilisations (CDU) (2010-)","Bahamas","Disponibilité alimentaire en quantité (tonnes)","Viande, poulet, fraîche ou réfrigérée","2010","tonnes","15582"
"Compte Disponibilités et Utilisations (CDU) (2010-)","Bahamas","Disponibilité alimentaire en quantité (tonnes)","Viande, poulet, fraîche ou réfrigérée","2011","tonnes","14822.34"
"Compte Disponibilités et Utilisations (CDU) (2010-)","Bahamas","Disponibilité alimentaire en quantité (tonnes)","Viande, poulet, fraîche ou réfrigérée","2012","tonnes","12569"
"Compte Disponibilités et Utilisations (CDU) (2010-)","Bahamas","Disponibilité alimentaire en quantité (tonnes)","Viande, poulet, fraîche ou réfrigérée","2013","tonnes","13920.66"
"Compte Disponibilités et Utilisations (CDU) (2010-)","Bahamas","Disponibilité alimentaire en quantité (tonnes)","Viande, poulet, fraîche ou réfrigérée","2014","tonnes","13885.57"
"Compte Disponibilités et Utilisations (CDU) (2010-)","Bahamas","Disponibilité alimentaire en quantité (tonnes)","Viande, poulet, fraîche ou réfrigérée","2015","tonnes","13948.61"
"Compte Disponibilités et Utilisations (CDU) (2010-)","Bahamas","Disponibilité alimentaire en quantité (tonnes)","Viande, poulet, fraîche ou réfrigérée","2016","tonnes","13948.52"
"Compte Disponibilités et Utilisations (CDU) (2010-)","Bahamas","Disponibilité alimentaire en quantité (tonnes)","Viande, poulet, fraîche ou réfrigérée","2017","tonnes","14122.45"
"Compte Disponibilités et Utilisations (CDU) (2010-)","Bahamas","Disponibilité alimentaire en quantité (tonnes)","Viande, poulet, fraîche ou réfrigérée","2018","tonnes","16000"
"Compte Disponibilités et Utilisations (CDU) (2010-)","Bahamas","Disponibilité alimentaire en quantité (tonnes)","Viande, poulet, fraîche ou réfrigérée","2019","tonnes","17205.31"
"Compte Disponibilités et Utilisations (CDU) (2010-)","Bahamas","Disponibilité alimentaire en quantité (tonnes)","Viande, poulet, fraîche ou réfrigérée","2020","tonnes","25273.88"
"Compte Disponibilités et Utilisations (CDU) (2010-)","Bahamas","Disponibilité alimentaire en quantité (tonnes)","Viande, poulet, fraîche ou réfrigérée","2021","tonnes","26222.33"
"Compte Disponibilités et Utilisations (CDU) (2010-)","Bahamas","Disponibilité alimentaire en quantité (tonnes)","Viande, poulet, fraîche ou réfrigérée","2022","tonnes","22482.86"
"Compte Disponibilités et Utilisations (CDU) (2010-)","Bahamas","Disponibilité alimentaire en quantité (tonnes)","Viande, poulet, fraîche ou réfrigérée","2023","tonnes","22630.38"
"Compte Disponibilités et Utilisations (CDU) (2010-)","Bahreïn","Disponibilité alimentaire en quantité (tonnes)","Viande, poulet, fraîche ou réfrigérée","2019","tonnes","64095.85"
"Compte Disponibilités et Utilisations (CDU) (2010-)","Bahreïn","Disponibilité alimentaire en quantité (tonnes)","Viande, poulet, fraîche ou réfrigérée","2020","tonnes","68117.23"
"Compte Disponibilités et Utilisations (CDU) (2010-)","Bahreïn","Disponibilité alimentaire en quantité (tonnes)","Viande, poulet, fraîche ou réfrigérée","2021","tonnes","55875.14"
"Compte Disponibilités et Utilisations (CDU) (2010-)","Bahreïn","Disponibilité alimentaire en quantité (tonnes)","Viande, poulet, fraîche ou réfrigérée","2022","tonnes","62338.22"
"Compte Disponibilités et Utilisations (CDU) (2010-)","Bahreïn","Disponibilité alimentaire en quantité (tonnes)","Viande, poulet, fraîche ou réfrigérée","2023","tonnes","55420.02"
"Compte Disponibilités et Utilisations (CDU) (2010-)","Bangladesh","Disponibilité alimentaire en quantité (tonnes)","Viande, poulet, fraîche ou réfrigérée","2010","tonnes","154568.39"
"Compte Disponibilités et Utilisations (CDU) (2010-)","Bangladesh","Disponibilité alimentaire en quantité (tonnes)","Viande, poulet, fraîche ou réfrigérée","2011","tonnes","162158.53"
"Compte Disponibilités et Utilisations (CDU) (2010-)","Bangladesh","Disponibilité alimentaire en quantité (tonnes)","Viande, poulet, fraîche ou réfrigérée","2012","tonnes","170192.35"
"Compte Disponibilités et Utilisations (CDU) (2010-)","Bangladesh","Disponibilité alimentaire en quantité (tonnes)","Viande, poulet, fraîche ou réfrigérée","2013","tonnes","178007.33"
"Compte Disponibilités et Utilisations (CDU) (2010-)","Bangladesh","Disponibilité alimentaire en quantité (tonnes)","Viande, poulet, fraîche ou réfrigérée","2014","tonnes","186121.22"
"Compte Disponibilités et Utilisations (CDU) (2010-)","Bangladesh","Disponibilité alimentaire en quantité (tonnes)","Viande, poulet, fraîche ou réfrigérée","2015","tonnes","195103.46"
"Compte Disponibilités et Utilisations (CDU) (2010-)","Bangladesh","Disponibilité alimentaire en quantité (tonnes)","Viande, poulet, fraîche ou réfrigérée","2016","tonnes","205228.26"
"Compte Disponibilités et Utilisations (CDU) (2010-)","Bangladesh","Disponibilité alimentaire en quantité (tonnes)","Viande, poulet, fraîche ou réfrigérée","2017","tonnes","200478.03"
"Compte Disponibilités et Utilisations (CDU) (2010-)","Bangladesh","Disponibilité alimentaire en quantité (tonnes)","Viande, poulet, fraîche ou réfrigérée","2018","tonnes","200579.7"
"Compte Disponibilités et Utilisations (CDU) (2010-)","Bangladesh","Disponibilité alimentaire en quantité (tonnes)","Viande, poulet, fraîche ou réfrigérée","2019","tonnes","203734.74"
"Compte Disponibilités et Utilisations (CDU) (2010-)","Bangladesh","Disponibilité alimentaire en quantité (tonnes)","Viande, poulet, fraîche ou réfrigérée","2020","tonnes","210832.84"
"Compte Disponibilités et Utilisations (CDU) (2010-)","Bangladesh","Disponibilité alimentaire en quantité (tonnes)","Viande, poulet, fraîche ou réfrigérée","2021","tonnes","215845.31"
"Compte Disponibilités et Utilisations (CDU) (2010-)","Bangladesh","Disponibilité alimentaire en quantité (tonnes)","Viande, poulet, fraîche ou réfrigérée","2022","tonnes","221295.83"
"Compte Disponibilités et Utilisations (CDU) (2010-)","Bangladesh","Disponibilité alimentaire en quantité (tonnes)","Viande, poulet, fraîche ou réfrigérée","2023","tonnes","226954.9"
"Compte Disponibilités et Utilisations (CDU) (2010-)","Barbade","Disponibilité alimentaire en quantité (tonnes)","Viande, poulet, fraîche ou réfrigérée","2010","tonnes","10575.08"
"Compte Disponibilités et Utilisations (CDU) (2010-)","Barbade","Disponibilité alimentaire en quantité (tonnes)","Viande, poulet, fraîche ou réfrigérée","2011","tonnes","10840.75"
"Compte Disponibilités et Utilisations (CDU) (2010-)","Barbade","Disponibilité alimentaire en quantité (tonnes)","Viande, poulet, fraîche ou réfrigérée","2012","tonnes","10566.8"
"Compte Disponibilités et Utilisations (CDU) (2010-)","Barbade","Disponibilité alimentaire en quantité (tonnes)","Viande, poulet, fraîche ou réfrigérée","2013","tonnes","10061.79"
"Compte Disponibilités et Utilisations (CDU) (2010-)","Barbade","Disponibilité alimentaire en quantité (tonnes)","Viande, poulet, fraîche ou réfrigérée","2014","tonnes","10804.33"
"Compte Disponibilités et Utilisations (CDU) (2010-)","Barbade","Disponibilité alimentaire en quantité (tonnes)","Viande, poulet, fraîche ou réfrigérée","2015","tonnes","12220.1"
"Compte Disponibilités et Utilisations (CDU) (2010-)","Barbade","Disponibilité alimentaire en quantité (tonnes)","Viande, poulet, fraîche ou réfrigérée","2016","tonnes","11568.58"
"Compte Disponibilités et Utilisations (CDU) (2010-)","Barbade","Disponibilité alimentaire en quantité (tonnes)","Viande, poulet, fraîche ou réfrigérée","2017","tonnes","12257.76"
"Compte Disponibilités et Utilisations (CDU) (2010-)","Barbade","Disponibilité alimentaire en quantité (tonnes)","Viande, poulet, fraîche ou réfrigérée","2018","tonnes","13024.17"
"Compte Disponibilités et Utilisations (CDU) (2010-)","Barbade","Disponibilité alimentaire en quantité (tonnes)","Viande, poulet, fraîche ou réfrigérée","2019","tonnes","12889.19"
"Compte Disponibilités et Utilisations (CDU) (2010-)","Barbade","Disponibilité alimentaire en quantité (tonnes)","Viande, poulet, fraîche ou réfrigérée","2020","tonnes","12960.6"
"Compte Disponibilités et Utilisations (CDU) (2010-)","Barbade","Disponibilité alimentaire en quantité (tonnes)","Viande, poulet, fraîche ou réfrigérée","2021","tonnes","13515.23"
"Compte Disponibilités et Utilisations (CDU) (2010-)","Barbade","Disponibilité alimentaire en quantité (tonnes)","Viande, poulet, fraîche ou réfrigérée","2022","tonnes","12476.12"
"Compte Disponibilités et Utilisations (CDU) (2010-)","Barbade","Disponibilité alimentaire en quantité (tonnes)","Viande, poulet, fraîche ou réfrigérée","2023","tonnes","11804.94"
"Compte Disponibilités et Utilisations (CDU) (2010-)","Bélarus","Disponibilité alimentaire en quantité (tonnes)","Viande, poulet, fraîche ou réfrigérée","2010","tonnes","252172.93"
"Compte Disponibilités et Utilisations (CDU) (2010-)","Bélarus","Disponibilité alimentaire en quantité (tonnes)","Viande, poulet, fraîche ou réfrigérée","2011","tonnes","260556.73"
"Compte Disponibilités et Utilisations (CDU) (2010-)","Bélarus","Disponibilité alimentaire en quantité (tonnes)","Viande, poulet, fraîche ou réfrigérée","2012","tonnes","263312.57"
"Compte Disponibilités et Utilisations (CDU) (2010-)","Bélarus","Disponibilité alimentaire en quantité (tonnes)","Viande, poulet, fraîche ou réfrigérée","2013","tonnes","264888.37"
"Compte Disponibilités et Utilisations (CDU) (2010-)","Bélarus","Disponibilité alimentaire en quantité (tonnes)","Viande, poulet, fraîche ou réfrigérée","2014","tonnes","267214.64"
"Compte Disponibilités et Utilisations (CDU) (2010-)","Bélarus","Disponibilité alimentaire en quantité (tonnes)","Viande, poulet, fraîche ou réfrigérée","2015","tonnes","261036.04"
"Compte Disponibilités et Utilisations (CDU) (2010-)","Bélarus","Disponibilité alimentaire en quantité (tonnes)","Viande, poulet, fraîche ou réfrigérée","2016","tonnes","256910.28"
"Compte Disponibilités et Utilisations (CDU) (2010-)","Bélarus","Disponibilité alimentaire en quantité (tonnes)","Viande, poulet, fraîche ou réfrigérée","2017","tonnes","260692.62"
"Compte Disponibilités et Utilisations (CDU) (2010-)","Bélarus","Disponibilité alimentaire en quantité (tonnes)","Viande, poulet, fraîche ou réfrigérée","2018","tonnes","269023.98"
"Compte Disponibilités et Utilisations (CDU) (2010-)","Bélarus","Disponibilité alimentaire en quantité (tonnes)","Viande, poulet, fraîche ou réfrigérée","2019","tonnes","259280.14"
"Compte Disponibilités et Utilisations (CDU) (2010-)","Bélarus","Disponibilité alimentaire en quantité (tonnes)","Viande, poulet, fraîche ou réfrigérée","2020","tonnes","316258.51"
"Compte Disponibilités et Utilisations (CDU) (2010-)","Bélarus","Disponibilité alimentaire en quantité (tonnes)","Viande, poulet, fraîche ou réfrigérée","2021","tonnes","308199.27"
"Compte Disponibilités et Utilisations (CDU) (2010-)","Bélarus","Disponibilité alimentaire en quantité (tonnes)","Viande, poulet, fraîche ou réfrigérée","2022","tonnes","331343.65"
"Compte Disponibilités et Utilisations (CDU) (2010-)","Bélarus","Disponibilité alimentaire en quantité (tonnes)","Viande, poulet, fraîche ou réfrigérée","2023","tonnes","410531.76"
"Compte Disponibilités et Utilisations (CDU) (2010-)","Belgique","Disponibilité alimentaire en quantité (tonnes)","Viande, poulet, fraîche ou réfrigérée","2010","tonnes","89591"
"Compte Disponibilités et Utilisations (CDU) (2010-)","Belgique","Disponibilité alimentaire en quantité (tonnes)","Viande, poulet, fraîche ou réfrigérée","2011","tonnes","98119"
"Compte Disponibilités et Utilisations (CDU) (2010-)","Belgique","Disponibilité alimentaire en quantité (tonnes)","Viande, poulet, fraîche ou réfrigérée","2012","tonnes","104009"
"Compte Disponibilités et Utilisations (CDU) (2010-)","Belgique","Disponibilité alimentaire en quantité (tonnes)","Viande, poulet, fraîche ou réfrigérée","2013","tonnes","102575"
"Compte Disponibilités et Utilisations (CDU) (2010-)","Belgique","Disponibilité alimentaire en quantité (tonnes)","Viande, poulet, fraîche ou réfrigérée","2014","tonnes","102945.59"
"Compte Disponibilités et Utilisations (CDU) (2010-)","Belgique","Disponibilité alimentaire en quantité (tonnes)","Viande, poulet, fraîche ou réfrigérée","2015","tonnes","103889.73"
"Compte Disponibilités et Utilisations (CDU) (2010-)","Belgique","Disponibilité alimentaire en quantité (tonnes)","Viande, poulet, fraîche ou réfrigérée","2016","tonnes","104864.47"
"Compte Disponibilités et Utilisations (CDU) (2010-)","Belgique","Disponibilité alimentaire en quantité (tonnes)","Viande, poulet, fraîche ou réfrigérée","2017","tonnes","105953.86"
"Compte Disponibilités et Utilisations (CDU) (2010-)","Belgique","Disponibilité alimentaire en quantité (tonnes)","Viande, poulet, fraîche ou réfrigérée","2018","tonnes","107341.15"
"Compte Disponibilités et Utilisations (CDU) (2010-)","Belgique","Disponibilité alimentaire en quantité (tonnes)","Viande, poulet, fraîche ou réfrigérée","2019","tonnes","109037.2"
"Compte Disponibilités et Utilisations (CDU) (2010-)","Belgique","Disponibilité alimentaire en quantité (tonnes)","Viande, poulet, fraîche ou réfrigérée","2020","tonnes","143638.28"
"Compte Disponibilités et Utilisations (CDU) (2010-)","Belgique","Disponibilité alimentaire en quantité (tonnes)","Viande, poulet, fraîche ou réfrigérée","2021","tonnes","120861.86"
"Compte Disponibilités et Utilisations (CDU) (2010-)","Belgique","Disponibilité alimentaire en quantité (tonnes)","Viande, poulet, fraîche ou réfrigérée","2022","tonnes","138366.31"
"Compte Disponibilités et Utilisations (CDU) (2010-)","Belgique","Disponibilité alimentaire en quantité (tonnes)","Viande, poulet, fraîche ou réfrigérée","2023","tonnes","111654.37"
"Compte Disponibilités et Utilisations (CDU) (2010-)","Belize","Disponibilité alimentaire en quantité (tonnes)","Viande, poulet, fraîche ou réfrigérée","2010","tonnes","8751.46"
"Compte Disponibilités et Utilisations (CDU) (2010-)","Belize","Disponibilité alimentaire en quantité (tonnes)","Viande, poulet, fraîche ou réfrigérée","2011","tonnes","8917.55"
"Compte Disponibilités et Utilisations (CDU) (2010-)","Belize","Disponibilité alimentaire en quantité (tonnes)","Viande, poulet, fraîche ou réfrigérée","2012","tonnes","9010.71"
"Compte Disponibilités et Utilisations (CDU) (2010-)","Belize","Disponibilité alimentaire en quantité (tonnes)","Viande, poulet, fraîche ou réfrigérée","2013","tonnes","9274.82"
"Compte Disponibilités et Utilisations (CDU) (2010-)","Belize","Disponibilité alimentaire en quantité (tonnes)","Viande, poulet, fraîche ou réfrigérée","2014","tonnes","10170.07"
"Compte Disponibilités et Utilisations (CDU) (2010-)","Belize","Disponibilité alimentaire en quantité (tonnes)","Viande, poulet, fraîche ou réfrigérée","2015","tonnes","10749.98"
"Compte Disponibilités et Utilisations (CDU) (2010-)","Belize","Disponibilité alimentaire en quantité (tonnes)","Viande, poulet, fraîche ou réfrigérée","2016","tonnes","10998.21"
"Compte Disponibilités et Utilisations (CDU) (2010-)","Belize","Disponibilité alimentaire en quantité (tonnes)","Viande, poulet, fraîche ou réfrigérée","2017","tonnes","11418.96"
"Compte Disponibilités et Utilisations (CDU) (2010-)","Belize","Disponibilité alimentaire en quantité (tonnes)","Viande, poulet, fraîche ou réfrigérée","2018","tonnes","11439.24"
"Compte Disponibilités et Utilisations (CDU) (2010-)","Belize","Disponibilité alimentaire en quantité (tonnes)","Viande, poulet, fraîche ou réfrigérée","2019","tonnes","11853.23"
"Compte Disponibilités et Utilisations (CDU) (2010-)","Belize","Disponibilité alimentaire en quantité (tonnes)","Viande, poulet, fraîche ou réfrigérée","2020","tonnes","12442.34"
"Compte Disponibilités et Utilisations (CDU) (2010-)","Belize","Disponibilité alimentaire en quantité (tonnes)","Viande, poulet, fraîche ou réfrigérée","2021","tonnes","13036.34"
"Compte Disponibilités et Utilisations (CDU) (2010-)","Belize","Disponibilité alimentaire en quantité (tonnes)","Viande, poulet, fraîche ou réfrigérée","2022","tonnes","17600"
"Compte Disponibilités et Utilisations (CDU) (2010-)","Belize","Disponibilité alimentaire en quantité (tonnes)","Viande, poulet, fraîche ou réfrigérée","2023","tonnes","19005.84"
"Compte Disponibilités et Utilisations (CDU) (2010-)","Bhoutan","Disponibilité alimentaire en quantité (tonnes)","Viande, poulet, fraîche ou réfrigérée","2019","tonnes","2431.62"
"Compte Disponibilités et Utilisations (CDU) (2010-)","Bhoutan","Disponibilité alimentaire en quantité (tonnes)","Viande, poulet, fraîche ou réfrigérée","2020","tonnes","2944.21"
"Compte Disponibilités et Utilisations (CDU) (2010-)","Bhoutan","Disponibilité alimentaire en quantité (tonnes)","Viande, poulet, fraîche ou réfrigérée","2021","tonnes","3845.61"
"Compte Disponibilités et Utilisations (CDU) (2010-)","Bhoutan","Disponibilité alimentaire en quantité (tonnes)","Viande, poulet, fraîche ou réfrigérée","2022","tonnes","3725.95"
"Compte Disponibilités et Utilisations (CDU) (2010-)","Bhoutan","Disponibilité alimentaire en quantité (tonnes)","Viande, poulet, fraîche ou réfrigérée","2023","tonnes","3861.52"
"Compte Disponibilités et Utilisations (CDU) (2010-)","Bolivie (État plurinational de)","Disponibilité alimentaire en quantité (tonnes)","Viande, poulet, fraîche ou réfrigérée","2010","tonnes","381278"
"Compte Disponibilités et Utilisations (CDU) (2010-)","Bolivie (État plurinational de)","Disponibilité alimentaire en quantité (tonnes)","Viande, poulet, fraîche ou réfrigérée","2011","tonnes","374610"
"Compte Disponibilités et Utilisations (CDU) (2010-)","Bolivie (État plurinational de)","Disponibilité alimentaire en quantité (tonnes)","Viande, poulet, fraîche ou réfrigérée","2012","tonnes","359830.55"
"Compte Disponibilités et Utilisations (CDU) (2010-)","Bolivie (État plurinational de)","Disponibilité alimentaire en quantité (tonnes)","Viande, poulet, fraîche ou réfrigérée","2013","tonnes","364692.45"
"Compte Disponibilités et Utilisations (CDU) (2010-)","Bolivie (État plurinational de)","Disponibilité alimentaire en quantité (tonnes)","Viande, poulet, fraîche ou réfrigérée","2014","tonnes","370279.19"
"Compte Disponibilités et Utilisations (CDU) (2010-)","Bolivie (État plurinational de)","Disponibilité alimentaire en quantité (tonnes)","Viande, poulet, fraîche ou réfrigérée","2015","tonnes","504792.46"
"Compte Disponibilités et Utilisations (CDU) (2010-)","Bolivie (État plurinational de)","Disponibilité alimentaire en quantité (tonnes)","Viande, poulet, fraîche ou réfrigérée","2016","tonnes","465888.04"
"Compte Disponibilités et Utilisations (CDU) (2010-)","Bolivie (État plurinational de)","Disponibilité alimentaire en quantité (tonnes)","Viande, poulet, fraîche ou réfrigérée","2017","tonnes","503934.99"
"Compte Disponibilités et Utilisations (CDU) (2010-)","Bolivie (État plurinational de)","Disponibilité alimentaire en quantité (tonnes)","Viande, poulet, fraîche ou réfrigérée","2018","tonnes","481948.35"
"Compte Disponibilités et Utilisations (CDU) (2010-)","Bolivie (État plurinational de)","Disponibilité alimentaire en quantité (tonnes)","Viande, poulet, fraîche ou réfrigérée","2019","tonnes","486806.32"
"Compte Disponibilités et Utilisations (CDU) (2010-)","Bolivie (État plurinational de)","Disponibilité alimentaire en quantité (tonnes)","Viande, poulet, fraîche ou réfrigérée","2020","tonnes","473894.22"
"Compte Disponibilités et Utilisations (CDU) (2010-)","Bolivie (État plurinational de)","Disponibilité alimentaire en quantité (tonnes)","Viande, poulet, fraîche ou réfrigérée","2021","tonnes","509948.94"
"Compte Disponibilités et Utilisations (CDU) (2010-)","Bolivie (État plurinational de)","Disponibilité alimentaire en quantité (tonnes)","Viande, poulet, fraîche ou réfrigérée","2022","tonnes","540241.62"
"Compte Disponibilités et Utilisations (CDU) (2010-)","Bolivie (État plurinational de)","Disponibilité alimentaire en quantité (tonnes)","Viande, poulet, fraîche ou réfrigérée","2023","tonnes","552899.12"
"Compte Disponibilités et Utilisations (CDU) (2010-)","Bosnie-Herzégovine","Disponibilité alimentaire en quantité (tonnes)","Viande, poulet, fraîche ou réfrigérée","2010","tonnes","43745.34"
"Compte Disponibilités et Utilisations (CDU) (2010-)","Bosnie-Herzégovine","Disponibilité alimentaire en quantité (tonnes)","Viande, poulet, fraîche ou réfrigérée","2011","tonnes","52011.28"
"Compte Disponibilités et Utilisations (CDU) (2010-)","Bosnie-Herzégovine","Disponibilité alimentaire en quantité (tonnes)","Viande, poulet, fraîche ou réfrigérée","2012","tonnes","59707.03"
"Compte Disponibilités et Utilisations (CDU) (2010-)","Bosnie-Herzégovine","Disponibilité alimentaire en quantité (tonnes)","Viande, poulet, fraîche ou réfrigérée","2013","tonnes","48332.94"
"Compte Disponibilités et Utilisations (CDU) (2010-)","Bosnie-Herzégovine","Disponibilité alimentaire en quantité (tonnes)","Viande, poulet, fraîche ou réfrigérée","2014","tonnes","49323.55"
"Compte Disponibilités et Utilisations (CDU) (2010-)","Bosnie-Herzégovine","Disponibilité alimentaire en quantité (tonnes)","Viande, poulet, fraîche ou réfrigérée","2015","tonnes","54255.78"
"Compte Disponibilités et Utilisations (CDU) (2010-)","Bosnie-Herzégovine","Disponibilité alimentaire en quantité (tonnes)","Viande, poulet, fraîche ou réfrigérée","2016","tonnes","60234.29"
"Compte Disponibilités et Utilisations (CDU) (2010-)","Bosnie-Herzégovine","Disponibilité alimentaire en quantité (tonnes)","Viande, poulet, fraîche ou réfrigérée","2017","tonnes","61509.12"
"Compte Disponibilités et Utilisations (CDU) (2010-)","Bosnie-Herzégovine","Disponibilité alimentaire en quantité (tonnes)","Viande, poulet, fraîche ou réfrigérée","2018","tonnes","63936.92"
"Compte Disponibilités et Utilisations (CDU) (2010-)","Bosnie-Herzégovine","Disponibilité alimentaire en quantité (tonnes)","Viande, poulet, fraîche ou réfrigérée","2019","tonnes","67716.5"
"Compte Disponibilités et Utilisations (CDU) (2010-)","Bosnie-Herzégovine","Disponibilité alimentaire en quantité (tonnes)","Viande, poulet, fraîche ou réfrigérée","2020","tonnes","64229.6"
"Compte Disponibilités et Utilisations (CDU) (2010-)","Bosnie-Herzégovine","Disponibilité alimentaire en quantité (tonnes)","Viande, poulet, fraîche ou réfrigérée","2021","tonnes","62760.33"
"Compte Disponibilités et Utilisations (CDU) (2010-)","Bosnie-Herzégovine","Disponibilité alimentaire en quantité (tonnes)","Viande, poulet, fraîche ou réfrigérée","2022","tonnes","65517.85"
"Compte Disponibilités et Utilisations (CDU) (2010-)","Bosnie-Herzégovine","Disponibilité alimentaire en quantité (tonnes)","Viande, poulet, fraîche ou réfrigérée","2023","tonnes","67599.16"
"Compte Disponibilités et Utilisations (CDU) (2010-)","Botswana","Disponibilité alimentaire en quantité (tonnes)","Viande, poulet, fraîche ou réfrigérée","2010","tonnes","10165.36"
"Compte Disponibilités et Utilisations (CDU) (2010-)","Botswana","Disponibilité alimentaire en quantité (tonnes)","Viande, poulet, fraîche ou réfrigérée","2011","tonnes","9757.48"
"Compte Disponibilités et Utilisations (CDU) (2010-)","Botswana","Disponibilité alimentaire en quantité (tonnes)","Viande, poulet, fraîche ou réfrigérée","2012","tonnes","10076.68"
"Compte Disponibilités et Utilisations (CDU) (2010-)","Botswana","Disponibilité alimentaire en quantité (tonnes)","Viande, poulet, fraîche ou réfrigérée","2013","tonnes","10772.19"
"Compte Disponibilités et Utilisations (CDU) (2010-)","Botswana","Disponibilité alimentaire en quantité (tonnes)","Viande, poulet, fraîche ou réfrigérée","2014","tonnes","9733.89"
"Compte Disponibilités et Utilisations (CDU) (2010-)","Botswana","Disponibilité alimentaire en quantité (tonnes)","Viande, poulet, fraîche ou réfrigérée","2015","tonnes","4464.95"
"Compte Disponibilités et Utilisations (CDU) (2010-)","Botswana","Disponibilité alimentaire en quantité (tonnes)","Viande, poulet, fraîche ou réfrigérée","2016","tonnes","5393.25"
"Compte Disponibilités et Utilisations (CDU) (2010-)","Botswana","Disponibilité alimentaire en quantité (tonnes)","Viande, poulet, fraîche ou réfrigérée","2017","tonnes","6785.42"
"Compte Disponibilités et Utilisations (CDU) (2010-)","Botswana","Disponibilité alimentaire en quantité (tonnes)","Viande, poulet, fraîche ou réfrigérée","2018","tonnes","8128.21"
"Compte Disponibilités et Utilisations (CDU) (2010-)","Botswana","Disponibilité alimentaire en quantité (tonnes)","Viande, poulet, fraîche ou réfrigérée","2019","tonnes","7826.07"
"Compte Disponibilités et Utilisations (CDU) (2010-)","Botswana","Disponibilité alimentaire en quantité (tonnes)","Viande, poulet, fraîche ou réfrigérée","2020","tonnes","7471.93"
"Compte Disponibilités et Utilisations (CDU) (2010-)","Botswana","Disponibilité alimentaire en quantité (tonnes)","Viande, poulet, fraîche ou réfrigérée","2021","tonnes","5594.84"
"Compte Disponibilités et Utilisations (CDU) (2010-)","Botswana","Disponibilité alimentaire en quantité (tonnes)","Viande, poulet, fraîche ou réfrigérée","2022","tonnes","6344.16"
"Compte Disponibilités et Utilisations (CDU) (2010-)","Botswana","Disponibilité alimentaire en quantité (tonnes)","Viande, poulet, fraîche ou réfrigérée","2023","tonnes","6482.96"
"Compte Disponibilités et Utilisations (CDU) (2010-)","Brésil","Disponibilité alimentaire en quantité (tonnes)","Viande, poulet, fraîche ou réfrigérée","2010","tonnes","6954414"
"Compte Disponibilités et Utilisations (CDU) (2010-)","Brésil","Disponibilité alimentaire en quantité (tonnes)","Viande, poulet, fraîche ou réfrigérée","2011","tonnes","7577947"
"Compte Disponibilités et Utilisations (CDU) (2010-)","Brésil","Disponibilité alimentaire en quantité (tonnes)","Viande, poulet, fraîche ou réfrigérée","2012","tonnes","7692038"
"Compte Disponibilités et Utilisations (CDU) (2010-)","Brésil","Disponibilité alimentaire en quantité (tonnes)","Viande, poulet, fraîche ou réfrigérée","2013","tonnes","8158692"
"Compte Disponibilités et Utilisations (CDU) (2010-)","Brésil","Disponibilité alimentaire en quantité (tonnes)","Viande, poulet, fraîche ou réfrigérée","2014","tonnes","8600880.12"
"Compte Disponibilités et Utilisations (CDU) (2010-)","Brésil","Disponibilité alimentaire en quantité (tonnes)","Viande, poulet, fraîche ou réfrigérée","2015","tonnes","9000688.95"
"Compte Disponibilités et Utilisations (CDU) (2010-)","Brésil","Disponibilité alimentaire en quantité (tonnes)","Viande, poulet, fraîche ou réfrigérée","2016","tonnes","9022581.55"
"Compte Disponibilités et Utilisations (CDU) (2010-)","Brésil","Disponibilité alimentaire en quantité (tonnes)","Viande, poulet, fraîche ou réfrigérée","2017","tonnes","9391699.35"
"Compte Disponibilités et Utilisations (CDU) (2010-)","Brésil","Disponibilité alimentaire en quantité (tonnes)","Viande, poulet, fraîche ou réfrigérée","2018","tonnes","9419361.43"
"Compte Disponibilités et Utilisations (CDU) (2010-)","Brésil","Disponibilité alimentaire en quantité (tonnes)","Viande, poulet, fraîche ou réfrigérée","2019","tonnes","9301584.83"
"Compte Disponibilités et Utilisations (CDU) (2010-)","Brésil","Disponibilité alimentaire en quantité (tonnes)","Viande, poulet, fraîche ou réfrigérée","2020","tonnes","9613937.8"
"Compte Disponibilités et Utilisations (CDU) (2010-)","Brésil","Disponibilité alimentaire en quantité (tonnes)","Viande, poulet, fraîche ou réfrigérée","2021","tonnes","9847949.72"
"Compte Disponibilités et Utilisations (CDU) (2010-)","Brésil","Disponibilité alimentaire en quantité (tonnes)","Viande, poulet, fraîche ou réfrigérée","2022","tonnes","9878659.18"
"Compte Disponibilités et Utilisations (CDU) (2010-)","Brésil","Disponibilité alimentaire en quantité (tonnes)","Viande, poulet, fraîche ou réfrigérée","2023","tonnes","9820762.62"
"Compte Disponibilités et Utilisations (CDU) (2010-)","Bulgarie","Disponibilité alimentaire en quantité (tonnes)","Viande, poulet, fraîche ou réfrigérée","2010","tonnes","129069.02"
"Compte Disponibilités et Utilisations (CDU) (2010-)","Bulgarie","Disponibilité alimentaire en quantité (tonnes)","Viande, poulet, fraîche ou réfrigérée","2011","tonnes","129912.39"
"Compte Disponibilités et Utilisations (CDU) (2010-)","Bulgarie","Disponibilité alimentaire en quantité (tonnes)","Viande, poulet, fraîche ou réfrigérée","2012","tonnes","129540.13"
"Compte Disponibilités et Utilisations (CDU) (2010-)","Bulgarie","Disponibilité alimentaire en quantité (tonnes)","Viande, poulet, fraîche ou réfrigérée","2013","tonnes","129714.21"
"Compte Disponibilités et Utilisations (CDU) (2010-)","Bulgarie","Disponibilité alimentaire en quantité (tonnes)","Viande, poulet, fraîche ou réfrigérée","2014","tonnes","130233.56"
"Compte Disponibilités et Utilisations (CDU) (2010-)","Bulgarie","Disponibilité alimentaire en quantité (tonnes)","Viande, poulet, fraîche ou réfrigérée","2015","tonnes","132090.43"
"Compte Disponibilités et Utilisations (CDU) (2010-)","Bulgarie","Disponibilité alimentaire en quantité (tonnes)","Viande, poulet, fraîche ou réfrigérée","2016","tonnes","134152.7"
"Compte Disponibilités et Utilisations (CDU) (2010-)","Bulgarie","Disponibilité alimentaire en quantité (tonnes)","Viande, poulet, fraîche ou réfrigérée","2017","tonnes","136145.37"
"Compte Disponibilités et Utilisations (CDU) (2010-)","Bulgarie","Disponibilité alimentaire en quantité (tonnes)","Viande, poulet, fraîche ou réfrigérée","2018","tonnes","137683.02"
"Compte Disponibilités et Utilisations (CDU) (2010-)","Bulgarie","Disponibilité alimentaire en quantité (tonnes)","Viande, poulet, fraîche ou réfrigérée","2019","tonnes","141748.32"
"Compte Disponibilités et Utilisations (CDU) (2010-)","Bulgarie","Disponibilité alimentaire en quantité (tonnes)","Viande, poulet, fraîche ou réfrigérée","2020","tonnes","129416.17"
"Compte Disponibilités et Utilisations (CDU) (2010-)","Bulgarie","Disponibilité alimentaire en quantité (tonnes)","Viande, poulet, fraîche ou réfrigérée","2021","tonnes","136689.54"
"Compte Disponibilités et Utilisations (CDU) (2010-)","Bulgarie","Disponibilité alimentaire en quantité (tonnes)","Viande, poulet, fraîche ou réfrigérée","2022","tonnes","144285.6"
"Compte Disponibilités et Utilisations (CDU) (2010-)","Bulgarie","Disponibilité alimentaire en quantité (tonnes)","Viande, poulet, fraîche ou réfrigérée","2023","tonnes","158063.81"
"Compte Disponibilités et Utilisations (CDU) (2010-)","Burkina Faso","Disponibilité alimentaire en quantité (tonnes)","Viande, poulet, fraîche ou réfrigérée","2010","tonnes","37294"
"Compte Disponibilités et Utilisations (CDU) (2010-)","Burkina Faso","Disponibilité alimentaire en quantité (tonnes)","Viande, poulet, fraîche ou réfrigérée","2011","tonnes","38245"
"Compte Disponibilités et Utilisations (CDU) (2010-)","Burkina Faso","Disponibilité alimentaire en quantité (tonnes)","Viande, poulet, fraîche ou réfrigérée","2012","tonnes","38807"
"Compte Disponibilités et Utilisations (CDU) (2010-)","Burkina Faso","Disponibilité alimentaire en quantité (tonnes)","Viande, poulet, fraîche ou réfrigérée","2013","tonnes","38166"
"Compte Disponibilités et Utilisations (CDU) (2010-)","Burkina Faso","Disponibilité alimentaire en quantité (tonnes)","Viande, poulet, fraîche ou réfrigérée","2014","tonnes","39242.42"
"Compte Disponibilités et Utilisations (CDU) (2010-)","Burkina Faso","Disponibilité alimentaire en quantité (tonnes)","Viande, poulet, fraîche ou réfrigérée","2015","tonnes","51518.78"
"Compte Disponibilités et Utilisations (CDU) (2010-)","Burkina Faso","Disponibilité alimentaire en quantité (tonnes)","Viande, poulet, fraîche ou réfrigérée","2016","tonnes","46031.32"
"Compte Disponibilités et Utilisations (CDU) (2010-)","Burkina Faso","Disponibilité alimentaire en quantité (tonnes)","Viande, poulet, fraîche ou réfrigérée","2017","tonnes","41618.34"
"Compte Disponibilités et Utilisations (CDU) (2010-)","Burkina Faso","Disponibilité alimentaire en quantité (tonnes)","Viande, poulet, fraîche ou réfrigérée","2018","tonnes","42496.64"
"Compte Disponibilités et Utilisations (CDU) (2010-)","Burkina Faso","Disponibilité alimentaire en quantité (tonnes)","Viande, poulet, fraîche ou réfrigérée","2019","tonnes","204102.56"
"Compte Disponibilités et Utilisations (CDU) (2010-)","Burkina Faso","Disponibilité alimentaire en quantité (tonnes)","Viande, poulet, fraîche ou réfrigérée","2020","tonnes","198111.45"
"Compte Disponibilités et Utilisations (CDU) (2010-)","Burkina Faso","Disponibilité alimentaire en quantité (tonnes)","Viande, poulet, fraîche ou réfrigérée","2021","tonnes","149217.57"
"Compte Disponibilités et Utilisations (CDU) (2010-)","Burkina Faso","Disponibilité alimentaire en quantité (tonnes)","Viande, poulet, fraîche ou réfrigérée","2022","tonnes","150954.72"
"Compte Disponibilités et Utilisations (CDU) (2010-)","Burkina Faso","Disponibilité alimentaire en quantité (tonnes)","Viande, poulet, fraîche ou réfrigérée","2023","tonnes","152928.6"
"Compte Disponibilités et Utilisations (CDU) (2010-)","Cabo Verde","Disponibilité alimentaire en quantité (tonnes)","Viande, poulet, fraîche ou réfrigérée","2010","tonnes","7777.89"
"Compte Disponibilités et Utilisations (CDU) (2010-)","Cabo Verde","Disponibilité alimentaire en quantité (tonnes)","Viande, poulet, fraîche ou réfrigérée","2011","tonnes","7585.25"
"Compte Disponibilités et Utilisations (CDU) (2010-)","Cabo Verde","Disponibilité alimentaire en quantité (tonnes)","Viande, poulet, fraîche ou réfrigérée","2012","tonnes","6754.87"
"Compte Disponibilités et Utilisations (CDU) (2010-)","Cabo Verde","Disponibilité alimentaire en quantité (tonnes)","Viande, poulet, fraîche ou réfrigérée","2013","tonnes","7822.58"
"Compte Disponibilités et Utilisations (CDU) (2010-)","Cabo Verde","Disponibilité alimentaire en quantité (tonnes)","Viande, poulet, fraîche ou réfrigérée","2014","tonnes","8393.38"
"Compte Disponibilités et Utilisations (CDU) (2010-)","Cabo Verde","Disponibilité alimentaire en quantité (tonnes)","Viande, poulet, fraîche ou réfrigérée","2015","tonnes","8931.2"
"Compte Disponibilités et Utilisations (CDU) (2010-)","Cabo Verde","Disponibilité alimentaire en quantité (tonnes)","Viande, poulet, fraîche ou réfrigérée","2016","tonnes","10562.81"
"Compte Disponibilités et Utilisations (CDU) (2010-)","Cabo Verde","Disponibilité alimentaire en quantité (tonnes)","Viande, poulet, fraîche ou réfrigérée","2017","tonnes","11496.02"
"Compte Disponibilités et Utilisations (CDU) (2010-)","Cabo Verde","Disponibilité alimentaire en quantité (tonnes)","Viande, poulet, fraîche ou réfrigérée","2018","tonnes","12564.85"
"Compte Disponibilités et Utilisations (CDU) (2010-)","Cabo Verde","Disponibilité alimentaire en quantité (tonnes)","Viande, poulet, fraîche ou réfrigérée","2019","tonnes","11944.15"
"Compte Disponibilités et Utilisations (CDU) (2010-)","Cabo Verde","Disponibilité alimentaire en quantité (tonnes)","Viande, poulet, fraîche ou réfrigérée","2020","tonnes","13795.97"
"Compte Disponibilités et Utilisations (CDU) (2010-)","Cabo Verde","Disponibilité alimentaire en quantité (tonnes)","Viande, poulet, fraîche ou réfrigérée","2021","tonnes","11410.1"
"Compte Disponibilités et Utilisations (CDU) (2010-)","Cabo Verde","Disponibilité alimentaire en quantité (tonnes)","Viande, poulet, fraîche ou réfrigérée","2022","tonnes","11593.8"
"Compte Disponibilités et Utilisations (CDU) (2010-)","Cabo Verde","Disponibilité alimentaire en quantité (tonnes)","Viande, poulet, fraîche ou réfrigérée","2023","tonnes","11155.25"
"Compte Disponibilités et Utilisations (CDU) (2010-)","Cambodge","Disponibilité alimentaire en quantité (tonnes)","Viande, poulet, fraîche ou réfrigérée","2010","tonnes","19624.12"
"Compte Disponibilités et Utilisations (CDU) (2010-)","Cambodge","Disponibilité alimentaire en quantité (tonnes)","Viande, poulet, fraîche ou réfrigérée","2011","tonnes","19278.27"
"Compte Disponibilités et Utilisations (CDU) (2010-)","Cambodge","Disponibilité alimentaire en quantité (tonnes)","Viande, poulet, fraîche ou réfrigérée","2012","tonnes","17038.3"
"Compte Disponibilités et Utilisations (CDU) (2010-)","Cambodge","Disponibilité alimentaire en quantité (tonnes)","Viande, poulet, fraîche ou réfrigérée","2013","tonnes","16508.01"
"Compte Disponibilités et Utilisations (CDU) (2010-)","Cambodge","Disponibilité alimentaire en quantité (tonnes)","Viande, poulet, fraîche ou réfrigérée","2014","tonnes","16268.81"
"Compte Disponibilités et Utilisations (CDU) (2010-)","Cambodge","Disponibilité alimentaire en quantité (tonnes)","Viande, poulet, fraîche ou réfrigérée","2015","tonnes","15664.99"
"Compte Disponibilités et Utilisations (CDU) (2010-)","Cambodge","Disponibilité alimentaire en quantité (tonnes)","Viande, poulet, fraîche ou réfrigérée","2016","tonnes","16868.66"
"Compte Disponibilités et Utilisations (CDU) (2010-)","Cambodge","Disponibilité alimentaire en quantité (tonnes)","Viande, poulet, fraîche ou réfrigérée","2017","tonnes","23805.4"
"Compte Disponibilités et Utilisations (CDU) (2010-)","Cambodge","Disponibilité alimentaire en quantité (tonnes)","Viande, poulet, fraîche ou réfrigérée","2018","tonnes","27633.93"
"Compte Disponibilités et Utilisations (CDU) (2010-)","Cambodge","Disponibilité alimentaire en quantité (tonnes)","Viande, poulet, fraîche ou réfrigérée","2019","tonnes","17670.09"
"Compte Disponibilités et Utilisations (CDU) (2010-)","Cambodge","Disponibilité alimentaire en quantité (tonnes)","Viande, poulet, fraîche ou réfrigérée","2020","tonnes","17575.55"
"Compte Disponibilités et Utilisations (CDU) (2010-)","Cambodge","Disponibilité alimentaire en quantité (tonnes)","Viande, poulet, fraîche ou réfrigérée","2021","tonnes","15647.84"
"Compte Disponibilités et Utilisations (CDU) (2010-)","Cambodge","Disponibilité alimentaire en quantité (tonnes)","Viande, poulet, fraîche ou réfrigérée","2022","tonnes","18191.02"
"Compte Disponibilités et Utilisations (CDU) (2010-)","Cambodge","Disponibilité alimentaire en quantité (tonnes)","Viande, poulet, fraîche ou réfrigérée","2023","tonnes","45866.54"
"Compte Disponibilités et Utilisations (CDU) (2010-)","Cameroun","Disponibilité alimentaire en quantité (tonnes)","Viande, poulet, fraîche ou réfrigérée","2010","tonnes","68044"
"Compte Disponibilités et Utilisations (CDU) (2010-)","Cameroun","Disponibilité alimentaire en quantité (tonnes)","Viande, poulet, fraîche ou réfrigérée","2011","tonnes","70124"
"Compte Disponibilités et Utilisations (CDU) (2010-)","Cameroun","Disponibilité alimentaire en quantité (tonnes)","Viande, poulet, fraîche ou réfrigérée","2012","tonnes","70485"
"Compte Disponibilités et Utilisations (CDU) (2010-)","Cameroun","Disponibilité alimentaire en quantité (tonnes)","Viande, poulet, fraîche ou réfrigérée","2013","tonnes","72784"
"Compte Disponibilités et Utilisations (CDU) (2010-)","Cameroun","Disponibilité alimentaire en quantité (tonnes)","Viande, poulet, fraîche ou réfrigérée","2014","tonnes","76618"
"Compte Disponibilités et Utilisations (CDU) (2010-)","Cameroun","Disponibilité alimentaire en quantité (tonnes)","Viande, poulet, fraîche ou réfrigérée","2015","tonnes","80948.04"
"Compte Disponibilités et Utilisations (CDU) (2010-)","Cameroun","Disponibilité alimentaire en quantité (tonnes)","Viande, poulet, fraîche ou réfrigérée","2016","tonnes","84550.59"
"Compte Disponibilités et Utilisations (CDU) (2010-)","Cameroun","Disponibilité alimentaire en quantité (tonnes)","Viande, poulet, fraîche ou réfrigérée","2017","tonnes","77994.85"
"Compte Disponibilités et Utilisations (CDU) (2010-)","Cameroun","Disponibilité alimentaire en quantité (tonnes)","Viande, poulet, fraîche ou réfrigérée","2018","tonnes","80960.32"
"Compte Disponibilités et Utilisations (CDU) (2010-)","Cameroun","Disponibilité alimentaire en quantité (tonnes)","Viande, poulet, fraîche ou réfrigérée","2019","tonnes","86386.64"
"Compte Disponibilités et Utilisations (CDU) (2010-)","Cameroun","Disponibilité alimentaire en quantité (tonnes)","Viande, poulet, fraîche ou réfrigérée","2020","tonnes","17984.38"
"Compte Disponibilités et Utilisations (CDU) (2010-)","Cameroun","Disponibilité alimentaire en quantité (tonnes)","Viande, poulet, fraîche ou réfrigérée","2021","tonnes","104864.96"
"Compte Disponibilités et Utilisations (CDU) (2010-)","Cameroun","Disponibilité alimentaire en quantité (tonnes)","Viande, poulet, fraîche ou réfrigérée","2022","tonnes","128175.03"
"Compte Disponibilités et Utilisations (CDU) (2010-)","Cameroun","Disponibilité alimentaire en quantité (tonnes)","Viande, poulet, fraîche ou réfrigérée","2023","tonnes","119597.5"
"Compte Disponibilités et Utilisations (CDU) (2010-)","Canada","Disponibilité alimentaire en quantité (tonnes)","Viande, poulet, fraîche ou réfrigérée","2010","tonnes","1066209"
"Compte Disponibilités et Utilisations (CDU) (2010-)","Canada","Disponibilité alimentaire en quantité (tonnes)","Viande, poulet, fraîche ou réfrigérée","2011","tonnes","1084682"
"Compte Disponibilités et Utilisations (CDU) (2010-)","Canada","Disponibilité alimentaire en quantité (tonnes)","Viande, poulet, fraîche ou réfrigérée","2012","tonnes","1102396"
"Compte Disponibilités et Utilisations (CDU) (2010-)","Canada","Disponibilité alimentaire en quantité (tonnes)","Viande, poulet, fraîche ou réfrigérée","2013","tonnes","1114068"
"Compte Disponibilités et Utilisations (CDU) (2010-)","Canada","Disponibilité alimentaire en quantité (tonnes)","Viande, poulet, fraîche ou réfrigérée","2014","tonnes","1154288.95"
"Compte Disponibilités et Utilisations (CDU) (2010-)","Canada","Disponibilité alimentaire en quantité (tonnes)","Viande, poulet, fraîche ou réfrigérée","2015","tonnes","1200855.78"
"Compte Disponibilités et Utilisations (CDU) (2010-)","Canada","Disponibilité alimentaire en quantité (tonnes)","Viande, poulet, fraîche ou réfrigérée","2016","tonnes","1236960.9"
"Compte Disponibilités et Utilisations (CDU) (2010-)","Canada","Disponibilité alimentaire en quantité (tonnes)","Viande, poulet, fraîche ou réfrigérée","2017","tonnes","1273995.8"
"Compte Disponibilités et Utilisations (CDU) (2010-)","Canada","Disponibilité alimentaire en quantité (tonnes)","Viande, poulet, fraîche ou réfrigérée","2018","tonnes","1338478.09"
"Compte Disponibilités et Utilisations (CDU) (2010-)","Canada","Disponibilité alimentaire en quantité (tonnes)","Viande, poulet, fraîche ou réfrigérée","2019","tonnes","1374909.68"
"Compte Disponibilités et Utilisations (CDU) (2010-)","Canada","Disponibilité alimentaire en quantité (tonnes)","Viande, poulet, fraîche ou réfrigérée","2020","tonnes","1392539.75"
"Compte Disponibilités et Utilisations (CDU) (2010-)","Canada","Disponibilité alimentaire en quantité (tonnes)","Viande, poulet, fraîche ou réfrigérée","2021","tonnes","1384111.4"
"Compte Disponibilités et Utilisations (CDU) (2010-)","Canada","Disponibilité alimentaire en quantité (tonnes)","Viande, poulet, fraîche ou réfrigérée","2022","tonnes","1442488.42"
"Compte Disponibilités et Utilisations (CDU) (2010-)","Canada","Disponibilité alimentaire en quantité (tonnes)","Viande, poulet, fraîche ou réfrigérée","2023","tonnes","1483479.97"
"Compte Disponibilités et Utilisations (CDU) (2010-)","Chili","Disponibilité alimentaire en quantité (tonnes)","Viande, poulet, fraîche ou réfrigérée","2010","tonnes","475733.27"
"Compte Disponibilités et Utilisations (CDU) (2010-)","Chili","Disponibilité alimentaire en quantité (tonnes)","Viande, poulet, fraîche ou réfrigérée","2011","tonnes","529471.08"
"Compte Disponibilités et Utilisations (CDU) (2010-)","Chili","Disponibilité alimentaire en quantité (tonnes)","Viande, poulet, fraîche ou réfrigérée","2012","tonnes","532421.77"
"Compte Disponibilités et Utilisations (CDU) (2010-)","Chili","Disponibilité alimentaire en quantité (tonnes)","Viande, poulet, fraîche ou réfrigérée","2013","tonnes","547866.37"
"Compte Disponibilités et Utilisations (CDU) (2010-)","Chili","Disponibilité alimentaire en quantité (tonnes)","Viande, poulet, fraîche ou réfrigérée","2014","tonnes","552276.69"
"Compte Disponibilités et Utilisations (CDU) (2010-)","Chili","Disponibilité alimentaire en quantité (tonnes)","Viande, poulet, fraîche ou réfrigérée","2015","tonnes","598881.11"
"Compte Disponibilités et Utilisations (CDU) (2010-)","Chili","Disponibilité alimentaire en quantité (tonnes)","Viande, poulet, fraîche ou réfrigérée","2016","tonnes","642366.4"
"Compte Disponibilités et Utilisations (CDU) (2010-)","Chili","Disponibilité alimentaire en quantité (tonnes)","Viande, poulet, fraîche ou réfrigérée","2017","tonnes","649998.56"
"Compte Disponibilités et Utilisations (CDU) (2010-)","Chili","Disponibilité alimentaire en quantité (tonnes)","Viande, poulet, fraîche ou réfrigérée","2018","tonnes","655060.07"
"Compte Disponibilités et Utilisations (CDU) (2010-)","Chili","Disponibilité alimentaire en quantité (tonnes)","Viande, poulet, fraîche ou réfrigérée","2019","tonnes","659936.38"
"Compte Disponibilités et Utilisations (CDU) (2010-)","Chili","Disponibilité alimentaire en quantité (tonnes)","Viande, poulet, fraîche ou réfrigérée","2020","tonnes","635811.46"
"Compte Disponibilités et Utilisations (CDU) (2010-)","Chili","Disponibilité alimentaire en quantité (tonnes)","Viande, poulet, fraîche ou réfrigérée","2021","tonnes","666837.07"
"Compte Disponibilités et Utilisations (CDU) (2010-)","Chili","Disponibilité alimentaire en quantité (tonnes)","Viande, poulet, fraîche ou réfrigérée","2022","tonnes","678331.26"
"Compte Disponibilités et Utilisations (CDU) (2010-)","Chili","Disponibilité alimentaire en quantité (tonnes)","Viande, poulet, fraîche ou réfrigérée","2023","tonnes","665381.85"
"Compte Disponibilités et Utilisations (CDU) (2010-)","Chine","Disponibilité alimentaire en quantité (tonnes)","Viande, poulet, fraîche ou réfrigérée","2010","tonnes","12483961.15"
"Compte Disponibilités et Utilisations (CDU) (2010-)","Chine","Disponibilité alimentaire en quantité (tonnes)","Viande, poulet, fraîche ou réfrigérée","2011","tonnes","12891744.37"
"Compte Disponibilités et Utilisations (CDU) (2010-)","Chine","Disponibilité alimentaire en quantité (tonnes)","Viande, poulet, fraîche ou réfrigérée","2012","tonnes","13177321.35"
"Compte Disponibilités et Utilisations (CDU) (2010-)","Chine","Disponibilité alimentaire en quantité (tonnes)","Viande, poulet, fraîche ou réfrigérée","2013","tonnes","13437305.65"
"Compte Disponibilités et Utilisations (CDU) (2010-)","Chine","Disponibilité alimentaire en quantité (tonnes)","Viande, poulet, fraîche ou réfrigérée","2014","tonnes","12907179.13"
"Compte Disponibilités et Utilisations (CDU) (2010-)","Chine","Disponibilité alimentaire en quantité (tonnes)","Viande, poulet, fraîche ou réfrigérée","2015","tonnes","12675975.22"
"Compte Disponibilités et Utilisations (CDU) (2010-)","Chine","Disponibilité alimentaire en quantité (tonnes)","Viande, poulet, fraîche ou réfrigérée","2016","tonnes","13601231.67"
"Compte Disponibilités et Utilisations (CDU) (2010-)","Chine","Disponibilité alimentaire en quantité (tonnes)","Viande, poulet, fraîche ou réfrigérée","2017","tonnes","13603536.9"
"Compte Disponibilités et Utilisations (CDU) (2010-)","Chine","Disponibilité alimentaire en quantité (tonnes)","Viande, poulet, fraîche ou réfrigérée","2018","tonnes","15100559.51"
"Compte Disponibilités et Utilisations (CDU) (2010-)","Chine","Disponibilité alimentaire en quantité (tonnes)","Viande, poulet, fraîche ou réfrigérée","2019","tonnes","16446803.44"
"Compte Disponibilités et Utilisations (CDU) (2010-)","Chine","Disponibilité alimentaire en quantité (tonnes)","Viande, poulet, fraîche ou réfrigérée","2020","tonnes","16652883.2"
"Compte Disponibilités et Utilisations (CDU) (2010-)","Chine","Disponibilité alimentaire en quantité (tonnes)","Viande, poulet, fraîche ou réfrigérée","2021","tonnes","16586055.59"
"Compte Disponibilités et Utilisations (CDU) (2010-)","Chine","Disponibilité alimentaire en quantité (tonnes)","Viande, poulet, fraîche ou réfrigérée","2022","tonnes","16111887.26"
"Compte Disponibilités et Utilisations (CDU) (2010-)","Chine","Disponibilité alimentaire en quantité (tonnes)","Viande, poulet, fraîche ou réfrigérée","2023","tonnes","17210135.23"
"Compte Disponibilités et Utilisations (CDU) (2010-)","Chine - RAS de Hong-Kong","Disponibilité alimentaire en quantité (tonnes)","Viande, poulet, fraîche ou réfrigérée","2010","tonnes","280000"
"Compte Disponibilités et Utilisations (CDU) (2010-)","Chine - RAS de Hong-Kong","Disponibilité alimentaire en quantité (tonnes)","Viande, poulet, fraîche ou réfrigérée","2011","tonnes","280000"
"Compte Disponibilités et Utilisations (CDU) (2010-)","Chine - RAS de Hong-Kong","Disponibilité alimentaire en quantité (tonnes)","Viande, poulet, fraîche ou réfrigérée","2012","tonnes","262273.12"
"Compte Disponibilités et Utilisations (CDU) (2010-)","Chine - RAS de Hong-Kong","Disponibilité alimentaire en quantité (tonnes)","Viande, poulet, fraîche ou réfrigérée","2013","tonnes","232074.75"
"Compte Disponibilités et Utilisations (CDU) (2010-)","Chine - RAS de Hong-Kong","Disponibilité alimentaire en quantité (tonnes)","Viande, poulet, fraîche ou réfrigérée","2014","tonnes","200737.69"
"Compte Disponibilités et Utilisations (CDU) (2010-)","Chine - RAS de Hong-Kong","Disponibilité alimentaire en quantité (tonnes)","Viande, poulet, fraîche ou réfrigérée","2015","tonnes","174471.61"
"Compte Disponibilités et Utilisations (CDU) (2010-)","Chine - RAS de Hong-Kong","Disponibilité alimentaire en quantité (tonnes)","Viande, poulet, fraîche ou réfrigérée","2016","tonnes","186953.41"
"Compte Disponibilités et Utilisations (CDU) (2010-)","Chine - RAS de Hong-Kong","Disponibilité alimentaire en quantité (tonnes)","Viande, poulet, fraîche ou réfrigérée","2017","tonnes","195645.86"
"Compte Disponibilités et Utilisations (CDU) (2010-)","Chine - RAS de Hong-Kong","Disponibilité alimentaire en quantité (tonnes)","Viande, poulet, fraîche ou réfrigérée","2018","tonnes","184964.7"
"Compte Disponibilités et Utilisations (CDU) (2010-)","Chine - RAS de Hong-Kong","Disponibilité alimentaire en quantité (tonnes)","Viande, poulet, fraîche ou réfrigérée","2019","tonnes","322235.97"
"Compte Disponibilités et Utilisations (CDU) (2010-)","Chine - RAS de Hong-Kong","Disponibilité alimentaire en quantité (tonnes)","Viande, poulet, fraîche ou réfrigérée","2020","tonnes","322022.02"
"Compte Disponibilités et Utilisations (CDU) (2010-)","Chine - RAS de Hong-Kong","Disponibilité alimentaire en quantité (tonnes)","Viande, poulet, fraîche ou réfrigérée","2021","tonnes","277530.86"
"Compte Disponibilités et Utilisations (CDU) (2010-)","Chine - RAS de Hong-Kong","Disponibilité alimentaire en quantité (tonnes)","Viande, poulet, fraîche ou réfrigérée","2022","tonnes","211627.17"
"Compte Disponibilités et Utilisations (CDU) (2010-)","Chine - RAS de Hong-Kong","Disponibilité alimentaire en quantité (tonnes)","Viande, poulet, fraîche ou réfrigérée","2023","tonnes","220924.95"
"Compte Disponibilités et Utilisations (CDU) (2010-)","Chine - RAS de Macao","Disponibilité alimentaire en quantité (tonnes)","Viande, poulet, fraîche ou réfrigérée","2010","tonnes","14216.39"
"Compte Disponibilités et Utilisations (CDU) (2010-)","Chine - RAS de Macao","Disponibilité alimentaire en quantité (tonnes)","Viande, poulet, fraîche ou réfrigérée","2011","tonnes","15109.64"
"Compte Disponibilités et Utilisations (CDU) (2010-)","Chine - RAS de Macao","Disponibilité alimentaire en quantité (tonnes)","Viande, poulet, fraîche ou réfrigérée","2012","tonnes","15679.99"
"Compte Disponibilités et Utilisations (CDU) (2010-)","Chine - RAS de Macao","Disponibilité alimentaire en quantité (tonnes)","Viande, poulet, fraîche ou réfrigérée","2013","tonnes","16330.15"
"Compte Disponibilités et Utilisations (CDU) (2010-)","Chine - RAS de Macao","Disponibilité alimentaire en quantité (tonnes)","Viande, poulet, fraîche ou réfrigérée","2014","tonnes","16533.98"
"Compte Disponibilités et Utilisations (CDU) (2010-)","Chine - RAS de Macao","Disponibilité alimentaire en quantité (tonnes)","Viande, poulet, fraîche ou réfrigérée","2015","tonnes","15884.02"
"Compte Disponibilités et Utilisations (CDU) (2010-)","Chine - RAS de Macao","Disponibilité alimentaire en quantité (tonnes)","Viande, poulet, fraîche ou réfrigérée","2016","tonnes","16038.55"
"Compte Disponibilités et Utilisations (CDU) (2010-)","Chine - RAS de Macao","Disponibilité alimentaire en quantité (tonnes)","Viande, poulet, fraîche ou réfrigérée","2017","tonnes","16519.43"
"Compte Disponibilités et Utilisations (CDU) (2010-)","Chine - RAS de Macao","Disponibilité alimentaire en quantité (tonnes)","Viande, poulet, fraîche ou réfrigérée","2018","tonnes","16915.02"
"Compte Disponibilités et Utilisations (CDU) (2010-)","Chine - RAS de Macao","Disponibilité alimentaire en quantité (tonnes)","Viande, poulet, fraîche ou réfrigérée","2019","tonnes","16600.74"
"Compte Disponibilités et Utilisations (CDU) (2010-)","Chine - RAS de Macao","Disponibilité alimentaire en quantité (tonnes)","Viande, poulet, fraîche ou réfrigérée","2020","tonnes","19867.74"
"Compte Disponibilités et Utilisations (CDU) (2010-)","Chine - RAS de Macao","Disponibilité alimentaire en quantité (tonnes)","Viande, poulet, fraîche ou réfrigérée","2021","tonnes","27271.26"
"Compte Disponibilités et Utilisations (CDU) (2010-)","Chine - RAS de Macao","Disponibilité alimentaire en quantité (tonnes)","Viande, poulet, fraîche ou réfrigérée","2022","tonnes","28779.45"
"Compte Disponibilités et Utilisations (CDU) (2010-)","Chine - RAS de Macao","Disponibilité alimentaire en quantité (tonnes)","Viande, poulet, fraîche ou réfrigérée","2023","tonnes","23743.72"
"Compte Disponibilités et Utilisations (CDU) (2010-)","Chine, continentale","Disponibilité alimentaire en quantité (tonnes)","Viande, poulet, fraîche ou réfrigérée","2010","tonnes","11537221.66"
"Compte Disponibilités et Utilisations (CDU) (2010-)","Chine, continentale","Disponibilité alimentaire en quantité (tonnes)","Viande, poulet, fraîche ou réfrigérée","2011","tonnes","11915548.03"
"Compte Disponibilités et Utilisations (CDU) (2010-)","Chine, continentale","Disponibilité alimentaire en quantité (tonnes)","Viande, poulet, fraîche ou réfrigérée","2012","tonnes","12247551.52"
"Compte Disponibilités et Utilisations (CDU) (2010-)","Chine, continentale","Disponibilité alimentaire en quantité (tonnes)","Viande, poulet, fraîche ou réfrigérée","2013","tonnes","12584590.55"
"Compte Disponibilités et Utilisations (CDU) (2010-)","Chine, continentale","Disponibilité alimentaire en quantité (tonnes)","Viande, poulet, fraîche ou réfrigérée","2014","tonnes","12023535.95"
"Compte Disponibilités et Utilisations (CDU) (2010-)","Chine, continentale","Disponibilité alimentaire en quantité (tonnes)","Viande, poulet, fraîche ou réfrigérée","2015","tonnes","11788753.66"
"Compte Disponibilités et Utilisations (CDU) (2010-)","Chine, continentale","Disponibilité alimentaire en quantité (tonnes)","Viande, poulet, fraîche ou réfrigérée","2016","tonnes","12692724.02"
"Compte Disponibilités et Utilisations (CDU) (2010-)","Chine, continentale","Disponibilité alimentaire en quantité (tonnes)","Viande, poulet, fraîche ou réfrigérée","2017","tonnes","12695316.05"
"Compte Disponibilités et Utilisations (CDU) (2010-)","Chine, continentale","Disponibilité alimentaire en quantité (tonnes)","Viande, poulet, fraîche ou réfrigérée","2018","tonnes","14149457.59"
"Compte Disponibilités et Utilisations (CDU) (2010-)","Chine, continentale","Disponibilité alimentaire en quantité (tonnes)","Viande, poulet, fraîche ou réfrigérée","2019","tonnes","15286680.77"
"Compte Disponibilités et Utilisations (CDU) (2010-)","Chine, continentale","Disponibilité alimentaire en quantité (tonnes)","Viande, poulet, fraîche ou réfrigérée","2020","tonnes","15422516.97"
"Compte Disponibilités et Utilisations (CDU) (2010-)","Chine, continentale","Disponibilité alimentaire en quantité (tonnes)","Viande, poulet, fraîche ou réfrigérée","2021","tonnes","15438313.95"
"Compte Disponibilités et Utilisations (CDU) (2010-)","Chine, continentale","Disponibilité alimentaire en quantité (tonnes)","Viande, poulet, fraîche ou réfrigérée","2022","tonnes","14995870.5"
"Compte Disponibilités et Utilisations (CDU) (2010-)","Chine, continentale","Disponibilité alimentaire en quantité (tonnes)","Viande, poulet, fraîche ou réfrigérée","2023","tonnes","16092847.99"
"Compte Disponibilités et Utilisations (CDU) (2010-)","Chine, Taiwan Province de","Disponibilité alimentaire en quantité (tonnes)","Viande, poulet, fraîche ou réfrigérée","2010","tonnes","652523.1"
"Compte Disponibilités et Utilisations (CDU) (2010-)","Chine, Taiwan Province de","Disponibilité alimentaire en quantité (tonnes)","Viande, poulet, fraîche ou réfrigérée","2011","tonnes","681086.69"
"Compte Disponibilités et Utilisations (CDU) (2010-)","Chine, Taiwan Province de","Disponibilité alimentaire en quantité (tonnes)","Viande, poulet, fraîche ou réfrigérée","2012","tonnes","651816.72"
"Compte Disponibilités et Utilisations (CDU) (2010-)","Chine, Taiwan Province de","Disponibilité alimentaire en quantité (tonnes)","Viande, poulet, fraîche ou réfrigérée","2013","tonnes","604310.19"
"Compte Disponibilités et Utilisations (CDU) (2010-)","Chine, Taiwan Province de","Disponibilité alimentaire en quantité (tonnes)","Viande, poulet, fraîche ou réfrigérée","2014","tonnes","666371.51"
"Compte Disponibilités et Utilisations (CDU) (2010-)","Chine, Taiwan Province de","Disponibilité alimentaire en quantité (tonnes)","Viande, poulet, fraîche ou réfrigérée","2015","tonnes","696865.93"
"Compte Disponibilités et Utilisations (CDU) (2010-)","Chine, Taiwan Province de","Disponibilité alimentaire en quantité (tonnes)","Viande, poulet, fraîche ou réfrigérée","2016","tonnes","705515.69"
"Compte Disponibilités et Utilisations (CDU) (2010-)","Chine, Taiwan Province de","Disponibilité alimentaire en quantité (tonnes)","Viande, poulet, fraîche ou réfrigérée","2017","tonnes","696055.56"
"Compte Disponibilités et Utilisations (CDU) (2010-)","Chine, Taiwan Province de","Disponibilité alimentaire en quantité (tonnes)","Viande, poulet, fraîche ou réfrigérée","2018","tonnes","749222.2"
"Compte Disponibilités et Utilisations (CDU) (2010-)","Chine, Taiwan Province de","Disponibilité alimentaire en quantité (tonnes)","Viande, poulet, fraîche ou réfrigérée","2019","tonnes","821285.96"
"Compte Disponibilités et Utilisations (CDU) (2010-)","Chine, Taiwan Province de","Disponibilité alimentaire en quantité (tonnes)","Viande, poulet, fraîche ou réfrigérée","2020","tonnes","888476.47"
"Compte Disponibilités et Utilisations (CDU) (2010-)","Chine, Taiwan Province de","Disponibilité alimentaire en quantité (tonnes)","Viande, poulet, fraîche ou réfrigérée","2021","tonnes","842939.52"
"Compte Disponibilités et Utilisations (CDU) (2010-)","Chine, Taiwan Province de","Disponibilité alimentaire en quantité (tonnes)","Viande, poulet, fraîche ou réfrigérée","2022","tonnes","875610.15"
"Compte Disponibilités et Utilisations (CDU) (2010-)","Chine, Taiwan Province de","Disponibilité alimentaire en quantité (tonnes)","Viande, poulet, fraîche ou réfrigérée","2023","tonnes","872618.57"
"Compte Disponibilités et Utilisations (CDU) (2010-)","Chypre","Disponibilité alimentaire en quantité (tonnes)","Viande, poulet, fraîche ou réfrigérée","2010","tonnes","28430.82"
"Compte Disponibilités et Utilisations (CDU) (2010-)","Chypre","Disponibilité alimentaire en quantité (tonnes)","Viande, poulet, fraîche ou réfrigérée","2011","tonnes","26510"
"Compte Disponibilités et Utilisations (CDU) (2010-)","Chypre","Disponibilité alimentaire en quantité (tonnes)","Viande, poulet, fraîche ou réfrigérée","2012","tonnes","24440.26"
"Compte Disponibilités et Utilisations (CDU) (2010-)","Chypre","Disponibilité alimentaire en quantité (tonnes)","Viande, poulet, fraîche ou réfrigérée","2013","tonnes","24630.17"
"Compte Disponibilités et Utilisations (CDU) (2010-)","Chypre","Disponibilité alimentaire en quantité (tonnes)","Viande, poulet, fraîche ou réfrigérée","2014","tonnes","24807.88"
"Compte Disponibilités et Utilisations (CDU) (2010-)","Chypre","Disponibilité alimentaire en quantité (tonnes)","Viande, poulet, fraîche ou réfrigérée","2015","tonnes","24995.18"
"Compte Disponibilités et Utilisations (CDU) (2010-)","Chypre","Disponibilité alimentaire en quantité (tonnes)","Viande, poulet, fraîche ou réfrigérée","2016","tonnes","25193.29"
"Compte Disponibilités et Utilisations (CDU) (2010-)","Chypre","Disponibilité alimentaire en quantité (tonnes)","Viande, poulet, fraîche ou réfrigérée","2017","tonnes","25397.63"
"Compte Disponibilités et Utilisations (CDU) (2010-)","Chypre","Disponibilité alimentaire en quantité (tonnes)","Viande, poulet, fraîche ou réfrigérée","2018","tonnes","25604.03"
"Compte Disponibilités et Utilisations (CDU) (2010-)","Chypre","Disponibilité alimentaire en quantité (tonnes)","Viande, poulet, fraîche ou réfrigérée","2019","tonnes","32450.75"
"Compte Disponibilités et Utilisations (CDU) (2010-)","Chypre","Disponibilité alimentaire en quantité (tonnes)","Viande, poulet, fraîche ou réfrigérée","2020","tonnes","27972.25"
"Compte Disponibilités et Utilisations (CDU) (2010-)","Chypre","Disponibilité alimentaire en quantité (tonnes)","Viande, poulet, fraîche ou réfrigérée","2021","tonnes","30157.72"
"Compte Disponibilités et Utilisations (CDU) (2010-)","Chypre","Disponibilité alimentaire en quantité (tonnes)","Viande, poulet, fraîche ou réfrigérée","2022","tonnes","34937.14"
"Compte Disponibilités et Utilisations (CDU) (2010-)","Chypre","Disponibilité alimentaire en quantité (tonnes)","Viande, poulet, fraîche ou réfrigérée","2023","tonnes","37079.66"
"Compte Disponibilités et Utilisations (CDU) (2010-)","Colombie","Disponibilité alimentaire en quantité (tonnes)","Viande, poulet, fraîche ou réfrigérée","2010","tonnes","1062262"
"Compte Disponibilités et Utilisations (CDU) (2010-)","Colombie","Disponibilité alimentaire en quantité (tonnes)","Viande, poulet, fraîche ou réfrigérée","2011","tonnes","1070798.8"
"Compte Disponibilités et Utilisations (CDU) (2010-)","Colombie","Disponibilité alimentaire en quantité (tonnes)","Viande, poulet, fraîche ou réfrigérée","2012","tonnes","1117604"
"Compte Disponibilités et Utilisations (CDU) (2010-)","Colombie","Disponibilité alimentaire en quantité (tonnes)","Viande, poulet, fraîche ou réfrigérée","2013","tonnes","1302593"
"Compte Disponibilités et Utilisations (CDU) (2010-)","Colombie","Disponibilité alimentaire en quantité (tonnes)","Viande, poulet, fraîche ou réfrigérée","2014","tonnes","1388179.96"
"Compte Disponibilités et Utilisations (CDU) (2010-)","Colombie","Disponibilité alimentaire en quantité (tonnes)","Viande, poulet, fraîche ou réfrigérée","2015","tonnes","1452591.11"
"Compte Disponibilités et Utilisations (CDU) (2010-)","Colombie","Disponibilité alimentaire en quantité (tonnes)","Viande, poulet, fraîche ou réfrigérée","2016","tonnes","1533635.33"
"Compte Disponibilités et Utilisations (CDU) (2010-)","Colombie","Disponibilité alimentaire en quantité (tonnes)","Viande, poulet, fraîche ou réfrigérée","2017","tonnes","1615495.2"
"Compte Disponibilités et Utilisations (CDU) (2010-)","Colombie","Disponibilité alimentaire en quantité (tonnes)","Viande, poulet, fraîche ou réfrigérée","2018","tonnes","1695698.86"
"Compte Disponibilités et Utilisations (CDU) (2010-)","Colombie","Disponibilité alimentaire en quantité (tonnes)","Viande, poulet, fraîche ou réfrigérée","2019","tonnes","1782416.03"
"Compte Disponibilités et Utilisations (CDU) (2010-)","Colombie","Disponibilité alimentaire en quantité (tonnes)","Viande, poulet, fraîche ou réfrigérée","2020","tonnes","1694314.29"
"Compte Disponibilités et Utilisations (CDU) (2010-)","Colombie","Disponibilité alimentaire en quantité (tonnes)","Viande, poulet, fraîche ou réfrigérée","2021","tonnes","1772079.83"
"Compte Disponibilités et Utilisations (CDU) (2010-)","Colombie","Disponibilité alimentaire en quantité (tonnes)","Viande, poulet, fraîche ou réfrigérée","2022","tonnes","1883670.55"
"Compte Disponibilités et Utilisations (CDU) (2010-)","Colombie","Disponibilité alimentaire en quantité (tonnes)","Viande, poulet, fraîche ou réfrigérée","2023","tonnes","1859218.01"
"Compte Disponibilités et Utilisations (CDU) (2010-)","Comores","Disponibilité alimentaire en quantité (tonnes)","Viande, poulet, fraîche ou réfrigérée","2010","tonnes","9344.31"
"Compte Disponibilités et Utilisations (CDU) (2010-)","Comores","Disponibilité alimentaire en quantité (tonnes)","Viande, poulet, fraîche ou réfrigérée","2011","tonnes","9724.53"
"Compte Disponibilités et Utilisations (CDU) (2010-)","Comores","Disponibilité alimentaire en quantité (tonnes)","Viande, poulet, fraîche ou réfrigérée","2012","tonnes","10036.33"
"Compte Disponibilités et Utilisations (CDU) (2010-)","Comores","Disponibilité alimentaire en quantité (tonnes)","Viande, poulet, fraîche ou réfrigérée","2013","tonnes","11189.45"
"Compte Disponibilités et Utilisations (CDU) (2010-)","Comores","Disponibilité alimentaire en quantité (tonnes)","Viande, poulet, fraîche ou réfrigérée","2014","tonnes","11984.99"
"Compte Disponibilités et Utilisations (CDU) (2010-)","Comores","Disponibilité alimentaire en quantité (tonnes)","Viande, poulet, fraîche ou réfrigérée","2015","tonnes","11877.35"
"Compte Disponibilités et Utilisations (CDU) (2010-)","Comores","Disponibilité alimentaire en quantité (tonnes)","Viande, poulet, fraîche ou réfrigérée","2016","tonnes","12899.78"
"Compte Disponibilités et Utilisations (CDU) (2010-)","Comores","Disponibilité alimentaire en quantité (tonnes)","Viande, poulet, fraîche ou réfrigérée","2017","tonnes","13369.14"
"Compte Disponibilités et Utilisations (CDU) (2010-)","Comores","Disponibilité alimentaire en quantité (tonnes)","Viande, poulet, fraîche ou réfrigérée","2018","tonnes","11919"
"Compte Disponibilités et Utilisations (CDU) (2010-)","Comores","Disponibilité alimentaire en quantité (tonnes)","Viande, poulet, fraîche ou réfrigérée","2019","tonnes","814.54"
"Compte Disponibilités et Utilisations (CDU) (2010-)","Comores","Disponibilité alimentaire en quantité (tonnes)","Viande, poulet, fraîche ou réfrigérée","2020","tonnes","15691.72"
"Compte Disponibilités et Utilisations (CDU) (2010-)","Comores","Disponibilité alimentaire en quantité (tonnes)","Viande, poulet, fraîche ou réfrigérée","2021","tonnes","20286.56"
"Compte Disponibilités et Utilisations (CDU) (2010-)","Comores","Disponibilité alimentaire en quantité (tonnes)","Viande, poulet, fraîche ou réfrigérée","2022","tonnes","18992.15"
"Compte Disponibilités et Utilisations (CDU) (2010-)","Comores","Disponibilité alimentaire en quantité (tonnes)","Viande, poulet, fraîche ou réfrigérée","2023","tonnes","18168.06"
"Compte Disponibilités et Utilisations (CDU) (2010-)","Congo","Disponibilité alimentaire en quantité (tonnes)","Viande, poulet, fraîche ou réfrigérée","2010","tonnes","28437"
"Compte Disponibilités et Utilisations (CDU) (2010-)","Congo","Disponibilité alimentaire en quantité (tonnes)","Viande, poulet, fraîche ou réfrigérée","2011","tonnes","34827"
"Compte Disponibilités et Utilisations (CDU) (2010-)","Congo","Disponibilité alimentaire en quantité (tonnes)","Viande, poulet, fraîche ou réfrigérée","2012","tonnes","39079"
"Compte Disponibilités et Utilisations (CDU) (2010-)","Congo","Disponibilité alimentaire en quantité (tonnes)","Viande, poulet, fraîche ou réfrigérée","2013","tonnes","52578"
"Compte Disponibilités et Utilisations (CDU) (2010-)","Congo","Disponibilité alimentaire en quantité (tonnes)","Viande, poulet, fraîche ou réfrigérée","2014","tonnes","57759.02"
"Compte Disponibilités et Utilisations (CDU) (2010-)","Congo","Disponibilité alimentaire en quantité (tonnes)","Viande, poulet, fraîche ou réfrigérée","2015","tonnes","69041.28"
"Compte Disponibilités et Utilisations (CDU) (2010-)","Congo","Disponibilité alimentaire en quantité (tonnes)","Viande, poulet, fraîche ou réfrigérée","2016","tonnes","68395.27"
"Compte Disponibilités et Utilisations (CDU) (2010-)","Congo","Disponibilité alimentaire en quantité (tonnes)","Viande, poulet, fraîche ou réfrigérée","2017","tonnes","100815.23"
"Compte Disponibilités et Utilisations (CDU) (2010-)","Congo","Disponibilité alimentaire en quantité (tonnes)","Viande, poulet, fraîche ou réfrigérée","2018","tonnes","112008.33"
"Compte Disponibilités et Utilisations (CDU) (2010-)","Congo","Disponibilité alimentaire en quantité (tonnes)","Viande, poulet, fraîche ou réfrigérée","2019","tonnes","107581.29"
"Compte Disponibilités et Utilisations (CDU) (2010-)","Congo","Disponibilité alimentaire en quantité (tonnes)","Viande, poulet, fraîche ou réfrigérée","2020","tonnes","121877.19"
"Compte Disponibilités et Utilisations (CDU) (2010-)","Congo","Disponibilité alimentaire en quantité (tonnes)","Viande, poulet, fraîche ou réfrigérée","2021","tonnes","145586.9"
"Compte Disponibilités et Utilisations (CDU) (2010-)","Congo","Disponibilité alimentaire en quantité (tonnes)","Viande, poulet, fraîche ou réfrigérée","2022","tonnes","159680.61"
"Compte Disponibilités et Utilisations (CDU) (2010-)","Congo","Disponibilité alimentaire en quantité (tonnes)","Viande, poulet, fraîche ou réfrigérée","2023","tonnes","220766.65"
"Compte Disponibilités et Utilisations (CDU) (2010-)","Costa Rica","Disponibilité alimentaire en quantité (tonnes)","Viande, poulet, fraîche ou réfrigérée","2010","tonnes","106209.21"
"Compte Disponibilités et Utilisations (CDU) (2010-)","Costa Rica","Disponibilité alimentaire en quantité (tonnes)","Viande, poulet, fraîche ou réfrigérée","2011","tonnes","102471.54"
"Compte Disponibilités et Utilisations (CDU) (2010-)","Costa Rica","Disponibilité alimentaire en quantité (tonnes)","Viande, poulet, fraîche ou réfrigérée","2012","tonnes","107453.86"
"Compte Disponibilités et Utilisations (CDU) (2010-)","Costa Rica","Disponibilité alimentaire en quantité (tonnes)","Viande, poulet, fraîche ou réfrigérée","2013","tonnes","109898.64"
"Compte Disponibilités et Utilisations (CDU) (2010-)","Costa Rica","Disponibilité alimentaire en quantité (tonnes)","Viande, poulet, fraîche ou réfrigérée","2014","tonnes","114161.09"
"Compte Disponibilités et Utilisations (CDU) (2010-)","Costa Rica","Disponibilité alimentaire en quantité (tonnes)","Viande, poulet, fraîche ou réfrigérée","2015","tonnes","119479.78"
"Compte Disponibilités et Utilisations (CDU) (2010-)","Costa Rica","Disponibilité alimentaire en quantité (tonnes)","Viande, poulet, fraîche ou réfrigérée","2016","tonnes","124589.53"
"Compte Disponibilités et Utilisations (CDU) (2010-)","Costa Rica","Disponibilité alimentaire en quantité (tonnes)","Viande, poulet, fraîche ou réfrigérée","2017","tonnes","128537.65"
"Compte Disponibilités et Utilisations (CDU) (2010-)","Costa Rica","Disponibilité alimentaire en quantité (tonnes)","Viande, poulet, fraîche ou réfrigérée","2018","tonnes","132276.12"
"Compte Disponibilités et Utilisations (CDU) (2010-)","Costa Rica","Disponibilité alimentaire en quantité (tonnes)","Viande, poulet, fraîche ou réfrigérée","2019","tonnes","191764.79"
"Compte Disponibilités et Utilisations (CDU) (2010-)","Costa Rica","Disponibilité alimentaire en quantité (tonnes)","Viande, poulet, fraîche ou réfrigérée","2020","tonnes","162669.17"
"Compte Disponibilités et Utilisations (CDU) (2010-)","Costa Rica","Disponibilité alimentaire en quantité (tonnes)","Viande, poulet, fraîche ou réfrigérée","2021","tonnes","157662.59"
"Compte Disponibilités et Utilisations (CDU) (2010-)","Costa Rica","Disponibilité alimentaire en quantité (tonnes)","Viande, poulet, fraîche ou réfrigérée","2022","tonnes","166271.98"
"Compte Disponibilités et Utilisations (CDU) (2010-)","Costa Rica","Disponibilité alimentaire en quantité (tonnes)","Viande, poulet, fraîche ou réfrigérée","2023","tonnes","175921.49"
"Compte Disponibilités et Utilisations (CDU) (2010-)","Côte d'Ivoire","Disponibilité alimentaire en quantité (tonnes)","Viande, poulet, fraîche ou réfrigérée","2010","tonnes","35953.97"
"Compte Disponibilités et Utilisations (CDU) (2010-)","Côte d'Ivoire","Disponibilité alimentaire en quantité (tonnes)","Viande, poulet, fraîche ou réfrigérée","2011","tonnes","34955.4"
"Compte Disponibilités et Utilisations (CDU) (2010-)","Côte d'Ivoire","Disponibilité alimentaire en quantité (tonnes)","Viande, poulet, fraîche ou réfrigérée","2012","tonnes","40442.71"
"Compte Disponibilités et Utilisations (CDU) (2010-)","Côte d'Ivoire","Disponibilité alimentaire en quantité (tonnes)","Viande, poulet, fraîche ou réfrigérée","2013","tonnes","41058.49"
"Compte Disponibilités et Utilisations (CDU) (2010-)","Côte d'Ivoire","Disponibilité alimentaire en quantité (tonnes)","Viande, poulet, fraîche ou réfrigérée","2014","tonnes","44785.41"
"Compte Disponibilités et Utilisations (CDU) (2010-)","Côte d'Ivoire","Disponibilité alimentaire en quantité (tonnes)","Viande, poulet, fraîche ou réfrigérée","2015","tonnes","48223.98"
"Compte Disponibilités et Utilisations (CDU) (2010-)","Côte d'Ivoire","Disponibilité alimentaire en quantité (tonnes)","Viande, poulet, fraîche ou réfrigérée","2016","tonnes","50082.99"
"Compte Disponibilités et Utilisations (CDU) (2010-)","Côte d'Ivoire","Disponibilité alimentaire en quantité (tonnes)","Viande, poulet, fraîche ou réfrigérée","2017","tonnes","48453.97"
"Compte Disponibilités et Utilisations (CDU) (2010-)","Côte d'Ivoire","Disponibilité alimentaire en quantité (tonnes)","Viande, poulet, fraîche ou réfrigérée","2018","tonnes","51662.82"
"Compte Disponibilités et Utilisations (CDU) (2010-)","Côte d'Ivoire","Disponibilité alimentaire en quantité (tonnes)","Viande, poulet, fraîche ou réfrigérée","2019","tonnes","74729.99"
"Compte Disponibilités et Utilisations (CDU) (2010-)","Côte d'Ivoire","Disponibilité alimentaire en quantité (tonnes)","Viande, poulet, fraîche ou réfrigérée","2020","tonnes","71760"
"Compte Disponibilités et Utilisations (CDU) (2010-)","Côte d'Ivoire","Disponibilité alimentaire en quantité (tonnes)","Viande, poulet, fraîche ou réfrigérée","2021","tonnes","64697.82"
"Compte Disponibilités et Utilisations (CDU) (2010-)","Côte d'Ivoire","Disponibilité alimentaire en quantité (tonnes)","Viande, poulet, fraîche ou réfrigérée","2022","tonnes","106153.32"
"Compte Disponibilités et Utilisations (CDU) (2010-)","Côte d'Ivoire","Disponibilité alimentaire en quantité (tonnes)","Viande, poulet, fraîche ou réfrigérée","2023","tonnes","118891.28"
"Compte Disponibilités et Utilisations (CDU) (2010-)","Croatie","Disponibilité alimentaire en quantité (tonnes)","Viande, poulet, fraîche ou réfrigérée","2010","tonnes","26707"
"Compte Disponibilités et Utilisations (CDU) (2010-)","Croatie","Disponibilité alimentaire en quantité (tonnes)","Viande, poulet, fraîche ou réfrigérée","2011","tonnes","24289"
"Compte Disponibilités et Utilisations (CDU) (2010-)","Croatie","Disponibilité alimentaire en quantité (tonnes)","Viande, poulet, fraîche ou réfrigérée","2012","tonnes","31586"
"Compte Disponibilités et Utilisations (CDU) (2010-)","Croatie","Disponibilité alimentaire en quantité (tonnes)","Viande, poulet, fraîche ou réfrigérée","2013","tonnes","28909"
"Compte Disponibilités et Utilisations (CDU) (2010-)","Croatie","Disponibilité alimentaire en quantité (tonnes)","Viande, poulet, fraîche ou réfrigérée","2014","tonnes","28017.88"
"Compte Disponibilités et Utilisations (CDU) (2010-)","Croatie","Disponibilité alimentaire en quantité (tonnes)","Viande, poulet, fraîche ou réfrigérée","2015","tonnes","28186.94"
"Compte Disponibilités et Utilisations (CDU) (2010-)","Croatie","Disponibilité alimentaire en quantité (tonnes)","Viande, poulet, fraîche ou réfrigérée","2016","tonnes","28417.52"
"Compte Disponibilités et Utilisations (CDU) (2010-)","Croatie","Disponibilité alimentaire en quantité (tonnes)","Viande, poulet, fraîche ou réfrigérée","2017","tonnes","28638.32"
"Compte Disponibilités et Utilisations (CDU) (2010-)","Croatie","Disponibilité alimentaire en quantité (tonnes)","Viande, poulet, fraîche ou réfrigérée","2018","tonnes","54654.61"
"Compte Disponibilités et Utilisations (CDU) (2010-)","Croatie","Disponibilité alimentaire en quantité (tonnes)","Viande, poulet, fraîche ou réfrigérée","2019","tonnes","39248.65"
"Compte Disponibilités et Utilisations (CDU) (2010-)","Croatie","Disponibilité alimentaire en quantité (tonnes)","Viande, poulet, fraîche ou réfrigérée","2020","tonnes","42626.09"
"Compte Disponibilités et Utilisations (CDU) (2010-)","Croatie","Disponibilité alimentaire en quantité (tonnes)","Viande, poulet, fraîche ou réfrigérée","2021","tonnes","52321.21"
"Compte Disponibilités et Utilisations (CDU) (2010-)","Croatie","Disponibilité alimentaire en quantité (tonnes)","Viande, poulet, fraîche ou réfrigérée","2022","tonnes","53698.16"
"Compte Disponibilités et Utilisations (CDU) (2010-)","Croatie","Disponibilité alimentaire en quantité (tonnes)","Viande, poulet, fraîche ou réfrigérée","2023","tonnes","50063.92"
"Compte Disponibilités et Utilisations (CDU) (2010-)","Cuba","Disponibilité alimentaire en quantité (tonnes)","Viande, poulet, fraîche ou réfrigérée","2010","tonnes","176024.08"
"Compte Disponibilités et Utilisations (CDU) (2010-)","Cuba","Disponibilité alimentaire en quantité (tonnes)","Viande, poulet, fraîche ou réfrigérée","2011","tonnes","184373.22"
"Compte Disponibilités et Utilisations (CDU) (2010-)","Cuba","Disponibilité alimentaire en quantité (tonnes)","Viande, poulet, fraîche ou réfrigérée","2012","tonnes","188413.44"
"Compte Disponibilités et Utilisations (CDU) (2010-)","Cuba","Disponibilité alimentaire en quantité (tonnes)","Viande, poulet, fraîche ou réfrigérée","2013","tonnes","210100.88"
"Compte Disponibilités et Utilisations (CDU) (2010-)","Cuba","Disponibilité alimentaire en quantité (tonnes)","Viande, poulet, fraîche ou réfrigérée","2014","tonnes","185956"
"Compte Disponibilités et Utilisations (CDU) (2010-)","Cuba","Disponibilité alimentaire en quantité (tonnes)","Viande, poulet, fraîche ou réfrigérée","2015","tonnes","209896.11"
"Compte Disponibilités et Utilisations (CDU) (2010-)","Cuba","Disponibilité alimentaire en quantité (tonnes)","Viande, poulet, fraîche ou réfrigérée","2016","tonnes","268474.12"
"Compte Disponibilités et Utilisations (CDU) (2010-)","Cuba","Disponibilité alimentaire en quantité (tonnes)","Viande, poulet, fraîche ou réfrigérée","2017","tonnes","333875.12"
"Compte Disponibilités et Utilisations (CDU) (2010-)","Cuba","Disponibilité alimentaire en quantité (tonnes)","Viande, poulet, fraîche ou réfrigérée","2018","tonnes","301991.37"
"Compte Disponibilités et Utilisations (CDU) (2010-)","Cuba","Disponibilité alimentaire en quantité (tonnes)","Viande, poulet, fraîche ou réfrigérée","2019","tonnes","318948.12"
"Compte Disponibilités et Utilisations (CDU) (2010-)","Danemark","Disponibilité alimentaire en quantité (tonnes)","Viande, poulet, fraîche ou réfrigérée","2010","tonnes","104989.25"
"Compte Disponibilités et Utilisations (CDU) (2010-)","Danemark","Disponibilité alimentaire en quantité (tonnes)","Viande, poulet, fraîche ou réfrigérée","2011","tonnes","105948.2"
"Compte Disponibilités et Utilisations (CDU) (2010-)","Danemark","Disponibilité alimentaire en quantité (tonnes)","Viande, poulet, fraîche ou réfrigérée","2012","tonnes","112517"
"Compte Disponibilités et Utilisations (CDU) (2010-)","Danemark","Disponibilité alimentaire en quantité (tonnes)","Viande, poulet, fraîche ou réfrigérée","2013","tonnes","105345.32"
"Compte Disponibilités et Utilisations (CDU) (2010-)","Danemark","Disponibilité alimentaire en quantité (tonnes)","Viande, poulet, fraîche ou réfrigérée","2014","tonnes","121949.83"
"Compte Disponibilités et Utilisations (CDU) (2010-)","Danemark","Disponibilité alimentaire en quantité (tonnes)","Viande, poulet, fraîche ou réfrigérée","2015","tonnes","94201.14"
"Compte Disponibilités et Utilisations (CDU) (2010-)","Danemark","Disponibilité alimentaire en quantité (tonnes)","Viande, poulet, fraîche ou réfrigérée","2016","tonnes","104195.27"
"Compte Disponibilités et Utilisations (CDU) (2010-)","Danemark","Disponibilité alimentaire en quantité (tonnes)","Viande, poulet, fraîche ou réfrigérée","2017","tonnes","91718.9"
"Compte Disponibilités et Utilisations (CDU) (2010-)","Danemark","Disponibilité alimentaire en quantité (tonnes)","Viande, poulet, fraîche ou réfrigérée","2018","tonnes","98591.45"
"Compte Disponibilités et Utilisations (CDU) (2010-)","Danemark","Disponibilité alimentaire en quantité (tonnes)","Viande, poulet, fraîche ou réfrigérée","2019","tonnes","99192.73"
"Compte Disponibilités et Utilisations (CDU) (2010-)","Danemark","Disponibilité alimentaire en quantité (tonnes)","Viande, poulet, fraîche ou réfrigérée","2020","tonnes","108015.72"
"Compte Disponibilités et Utilisations (CDU) (2010-)","Danemark","Disponibilité alimentaire en quantité (tonnes)","Viande, poulet, fraîche ou réfrigérée","2021","tonnes","87796.89"
"Compte Disponibilités et Utilisations (CDU) (2010-)","Danemark","Disponibilité alimentaire en quantité (tonnes)","Viande, poulet, fraîche ou réfrigérée","2022","tonnes","86589.11"
"Compte Disponibilités et Utilisations (CDU) (2010-)","Danemark","Disponibilité alimentaire en quantité (tonnes)","Viande, poulet, fraîche ou réfrigérée","2023","tonnes","98147.14"
"Compte Disponibilités et Utilisations (CDU) (2010-)","Djibouti","Disponibilité alimentaire en quantité (tonnes)","Viande, poulet, fraîche ou réfrigérée","2010","tonnes","1348"
"Compte Disponibilités et Utilisations (CDU) (2010-)","Djibouti","Disponibilité alimentaire en quantité (tonnes)","Viande, poulet, fraîche ou réfrigérée","2011","tonnes","714"
"Compte Disponibilités et Utilisations (CDU) (2010-)","Djibouti","Disponibilité alimentaire en quantité (tonnes)","Viande, poulet, fraîche ou réfrigérée","2012","tonnes","4603"
"Compte Disponibilités et Utilisations (CDU) (2010-)","Djibouti","Disponibilité alimentaire en quantité (tonnes)","Viande, poulet, fraîche ou réfrigérée","2013","tonnes","1794"
"Compte Disponibilités et Utilisations (CDU) (2010-)","Djibouti","Disponibilité alimentaire en quantité (tonnes)","Viande, poulet, fraîche ou réfrigérée","2014","tonnes","1228"
"Compte Disponibilités et Utilisations (CDU) (2010-)","Djibouti","Disponibilité alimentaire en quantité (tonnes)","Viande, poulet, fraîche ou réfrigérée","2015","tonnes","1878.43"
"Compte Disponibilités et Utilisations (CDU) (2010-)","Djibouti","Disponibilité alimentaire en quantité (tonnes)","Viande, poulet, fraîche ou réfrigérée","2016","tonnes","1868.97"
"Compte Disponibilités et Utilisations (CDU) (2010-)","Djibouti","Disponibilité alimentaire en quantité (tonnes)","Viande, poulet, fraîche ou réfrigérée","2017","tonnes","2578.47"
"Compte Disponibilités et Utilisations (CDU) (2010-)","Djibouti","Disponibilité alimentaire en quantité (tonnes)","Viande, poulet, fraîche ou réfrigérée","2018","tonnes","3110.69"
"Compte Disponibilités et Utilisations (CDU) (2010-)","Djibouti","Disponibilité alimentaire en quantité (tonnes)","Viande, poulet, fraîche ou réfrigérée","2019","tonnes","3492.45"
"Compte Disponibilités et Utilisations (CDU) (2010-)","Djibouti","Disponibilité alimentaire en quantité (tonnes)","Viande, poulet, fraîche ou réfrigérée","2020","tonnes","3445.08"
"Compte Disponibilités et Utilisations (CDU) (2010-)","Djibouti","Disponibilité alimentaire en quantité (tonnes)","Viande, poulet, fraîche ou réfrigérée","2021","tonnes","4378.87"
"Compte Disponibilités et Utilisations (CDU) (2010-)","Djibouti","Disponibilité alimentaire en quantité (tonnes)","Viande, poulet, fraîche ou réfrigérée","2022","tonnes","4177.52"
"Compte Disponibilités et Utilisations (CDU) (2010-)","Djibouti","Disponibilité alimentaire en quantité (tonnes)","Viande, poulet, fraîche ou réfrigérée","2023","tonnes","3389.86"
"Compte Disponibilités et Utilisations (CDU) (2010-)","Égypte","Disponibilité alimentaire en quantité (tonnes)","Viande, poulet, fraîche ou réfrigérée","2010","tonnes","863503.12"
"Compte Disponibilités et Utilisations (CDU) (2010-)","Égypte","Disponibilité alimentaire en quantité (tonnes)","Viande, poulet, fraîche ou réfrigérée","2011","tonnes","825424.12"
"Compte Disponibilités et Utilisations (CDU) (2010-)","Égypte","Disponibilité alimentaire en quantité (tonnes)","Viande, poulet, fraîche ou réfrigérée","2012","tonnes","927303.24"
"Compte Disponibilités et Utilisations (CDU) (2010-)","Égypte","Disponibilité alimentaire en quantité (tonnes)","Viande, poulet, fraîche ou réfrigérée","2013","tonnes","1073740.62"
"Compte Disponibilités et Utilisations (CDU) (2010-)","Égypte","Disponibilité alimentaire en quantité (tonnes)","Viande, poulet, fraîche ou réfrigérée","2014","tonnes","1116346.95"
"Compte Disponibilités et Utilisations (CDU) (2010-)","Égypte","Disponibilité alimentaire en quantité (tonnes)","Viande, poulet, fraîche ou réfrigérée","2015","tonnes","1104122.56"
"Compte Disponibilités et Utilisations (CDU) (2010-)","Égypte","Disponibilité alimentaire en quantité (tonnes)","Viande, poulet, fraîche ou réfrigérée","2016","tonnes","1132239.01"
"Compte Disponibilités et Utilisations (CDU) (2010-)","Égypte","Disponibilité alimentaire en quantité (tonnes)","Viande, poulet, fraîche ou réfrigérée","2017","tonnes","1435315.3"
"Compte Disponibilités et Utilisations (CDU) (2010-)","Égypte","Disponibilité alimentaire en quantité (tonnes)","Viande, poulet, fraîche ou réfrigérée","2018","tonnes","1581131.51"
"Compte Disponibilités et Utilisations (CDU) (2010-)","Égypte","Disponibilité alimentaire en quantité (tonnes)","Viande, poulet, fraîche ou réfrigérée","2019","tonnes","1574571.9"
"Compte Disponibilités et Utilisations (CDU) (2010-)","Égypte","Disponibilité alimentaire en quantité (tonnes)","Viande, poulet, fraîche ou réfrigérée","2020","tonnes","2049781.49"
"Compte Disponibilités et Utilisations (CDU) (2010-)","Égypte","Disponibilité alimentaire en quantité (tonnes)","Viande, poulet, fraîche ou réfrigérée","2021","tonnes","2425360.74"
"Compte Disponibilités et Utilisations (CDU) (2010-)","Égypte","Disponibilité alimentaire en quantité (tonnes)","Viande, poulet, fraîche ou réfrigérée","2022","tonnes","1955954.81"
"Compte Disponibilités et Utilisations (CDU) (2010-)","Égypte","Disponibilité alimentaire en quantité (tonnes)","Viande, poulet, fraîche ou réfrigérée","2023","tonnes","2098487.4"
"Compte Disponibilités et Utilisations (CDU) (2010-)","El Salvador","Disponibilité alimentaire en quantité (tonnes)","Viande, poulet, fraîche ou réfrigérée","2010","tonnes","107145.45"
"Compte Disponibilités et Utilisations (CDU) (2010-)","El Salvador","Disponibilité alimentaire en quantité (tonnes)","Viande, poulet, fraîche ou réfrigérée","2011","tonnes","112310"
"Compte Disponibilités et Utilisations (CDU) (2010-)","El Salvador","Disponibilité alimentaire en quantité (tonnes)","Viande, poulet, fraîche ou réfrigérée","2012","tonnes","118365"
"Compte Disponibilités et Utilisations (CDU) (2010-)","El Salvador","Disponibilité alimentaire en quantité (tonnes)","Viande, poulet, fraîche ou réfrigérée","2013","tonnes","123758"
"Compte Disponibilités et Utilisations (CDU) (2010-)","El Salvador","Disponibilité alimentaire en quantité (tonnes)","Viande, poulet, fraîche ou réfrigérée","2014","tonnes","144065.67"
"Compte Disponibilités et Utilisations (CDU) (2010-)","El Salvador","Disponibilité alimentaire en quantité (tonnes)","Viande, poulet, fraîche ou réfrigérée","2015","tonnes","144046.02"
"Compte Disponibilités et Utilisations (CDU) (2010-)","El Salvador","Disponibilité alimentaire en quantité (tonnes)","Viande, poulet, fraîche ou réfrigérée","2016","tonnes","145949.23"
"Compte Disponibilités et Utilisations (CDU) (2010-)","El Salvador","Disponibilité alimentaire en quantité (tonnes)","Viande, poulet, fraîche ou réfrigérée","2017","tonnes","144997.32"
"Compte Disponibilités et Utilisations (CDU) (2010-)","El Salvador","Disponibilité alimentaire en quantité (tonnes)","Viande, poulet, fraîche ou réfrigérée","2018","tonnes","155686.3"
"Compte Disponibilités et Utilisations (CDU) (2010-)","El Salvador","Disponibilité alimentaire en quantité (tonnes)","Viande, poulet, fraîche ou réfrigérée","2019","tonnes","152777.38"
"Compte Disponibilités et Utilisations (CDU) (2010-)","El Salvador","Disponibilité alimentaire en quantité (tonnes)","Viande, poulet, fraîche ou réfrigérée","2020","tonnes","145367.08"
"Compte Disponibilités et Utilisations (CDU) (2010-)","El Salvador","Disponibilité alimentaire en quantité (tonnes)","Viande, poulet, fraîche ou réfrigérée","2021","tonnes","168306.26"
"Compte Disponibilités et Utilisations (CDU) (2010-)","El Salvador","Disponibilité alimentaire en quantité (tonnes)","Viande, poulet, fraîche ou réfrigérée","2022","tonnes","170868.92"
"Compte Disponibilités et Utilisations (CDU) (2010-)","El Salvador","Disponibilité alimentaire en quantité (tonnes)","Viande, poulet, fraîche ou réfrigérée","2023","tonnes","182241.48"
"Compte Disponibilités et Utilisations (CDU) (2010-)","Émirats arabes unis","Disponibilité alimentaire en quantité (tonnes)","Viande, poulet, fraîche ou réfrigérée","2010","tonnes","155543"
"Compte Disponibilités et Utilisations (CDU) (2010-)","Émirats arabes unis","Disponibilité alimentaire en quantité (tonnes)","Viande, poulet, fraîche ou réfrigérée","2011","tonnes","173441.5"
"Compte Disponibilités et Utilisations (CDU) (2010-)","Émirats arabes unis","Disponibilité alimentaire en quantité (tonnes)","Viande, poulet, fraîche ou réfrigérée","2012","tonnes","189790.5"
"Compte Disponibilités et Utilisations (CDU) (2010-)","Émirats arabes unis","Disponibilité alimentaire en quantité (tonnes)","Viande, poulet, fraîche ou réfrigérée","2013","tonnes","188637.5"
"Compte Disponibilités et Utilisations (CDU) (2010-)","Émirats arabes unis","Disponibilité alimentaire en quantité (tonnes)","Viande, poulet, fraîche ou réfrigérée","2014","tonnes","208518.25"
"Compte Disponibilités et Utilisations (CDU) (2010-)","Émirats arabes unis","Disponibilité alimentaire en quantité (tonnes)","Viande, poulet, fraîche ou réfrigérée","2015","tonnes","282147.51"
"Compte Disponibilités et Utilisations (CDU) (2010-)","Émirats arabes unis","Disponibilité alimentaire en quantité (tonnes)","Viande, poulet, fraîche ou réfrigérée","2016","tonnes","268263.38"
"Compte Disponibilités et Utilisations (CDU) (2010-)","Émirats arabes unis","Disponibilité alimentaire en quantité (tonnes)","Viande, poulet, fraîche ou réfrigérée","2017","tonnes","237399.57"
"Compte Disponibilités et Utilisations (CDU) (2010-)","Émirats arabes unis","Disponibilité alimentaire en quantité (tonnes)","Viande, poulet, fraîche ou réfrigérée","2018","tonnes","301011.7"
"Compte Disponibilités et Utilisations (CDU) (2010-)","Émirats arabes unis","Disponibilité alimentaire en quantité (tonnes)","Viande, poulet, fraîche ou réfrigérée","2019","tonnes","320812.08"
"Compte Disponibilités et Utilisations (CDU) (2010-)","Émirats arabes unis","Disponibilité alimentaire en quantité (tonnes)","Viande, poulet, fraîche ou réfrigérée","2020","tonnes","435582.67"
"Compte Disponibilités et Utilisations (CDU) (2010-)","Émirats arabes unis","Disponibilité alimentaire en quantité (tonnes)","Viande, poulet, fraîche ou réfrigérée","2021","tonnes","509088.14"
"Compte Disponibilités et Utilisations (CDU) (2010-)","Émirats arabes unis","Disponibilité alimentaire en quantité (tonnes)","Viande, poulet, fraîche ou réfrigérée","2022","tonnes","476913.39"
"Compte Disponibilités et Utilisations (CDU) (2010-)","Émirats arabes unis","Disponibilité alimentaire en quantité (tonnes)","Viande, poulet, fraîche ou réfrigérée","2023","tonnes","488961.91"
"Compte Disponibilités et Utilisations (CDU) (2010-)","Équateur","Disponibilité alimentaire en quantité (tonnes)","Viande, poulet, fraîche ou réfrigérée","2010","tonnes","339617"
"Compte Disponibilités et Utilisations (CDU) (2010-)","Équateur","Disponibilité alimentaire en quantité (tonnes)","Viande, poulet, fraîche ou réfrigérée","2011","tonnes","328973.58"
"Compte Disponibilités et Utilisations (CDU) (2010-)","Équateur","Disponibilité alimentaire en quantité (tonnes)","Viande, poulet, fraîche ou réfrigérée","2012","tonnes","329222.98"
"Compte Disponibilités et Utilisations (CDU) (2010-)","Équateur","Disponibilité alimentaire en quantité (tonnes)","Viande, poulet, fraîche ou réfrigérée","2013","tonnes","339950"
"Compte Disponibilités et Utilisations (CDU) (2010-)","Équateur","Disponibilité alimentaire en quantité (tonnes)","Viande, poulet, fraîche ou réfrigérée","2014","tonnes","339864.49"
"Compte Disponibilités et Utilisations (CDU) (2010-)","Équateur","Disponibilité alimentaire en quantité (tonnes)","Viande, poulet, fraîche ou réfrigérée","2015","tonnes","337999.84"
"Compte Disponibilités et Utilisations (CDU) (2010-)","Équateur","Disponibilité alimentaire en quantité (tonnes)","Viande, poulet, fraîche ou réfrigérée","2016","tonnes","336000"
"Compte Disponibilités et Utilisations (CDU) (2010-)","Équateur","Disponibilité alimentaire en quantité (tonnes)","Viande, poulet, fraîche ou réfrigérée","2017","tonnes","338000"
"Compte Disponibilités et Utilisations (CDU) (2010-)","Équateur","Disponibilité alimentaire en quantité (tonnes)","Viande, poulet, fraîche ou réfrigérée","2018","tonnes","328548.15"
"Compte Disponibilités et Utilisations (CDU) (2010-)","Équateur","Disponibilité alimentaire en quantité (tonnes)","Viande, poulet, fraîche ou réfrigérée","2019","tonnes","320000"
"Compte Disponibilités et Utilisations (CDU) (2010-)","Équateur","Disponibilité alimentaire en quantité (tonnes)","Viande, poulet, fraîche ou réfrigérée","2020","tonnes","452047"
"Compte Disponibilités et Utilisations (CDU) (2010-)","Équateur","Disponibilité alimentaire en quantité (tonnes)","Viande, poulet, fraîche ou réfrigérée","2021","tonnes","489785.99"
"Compte Disponibilités et Utilisations (CDU) (2010-)","Équateur","Disponibilité alimentaire en quantité (tonnes)","Viande, poulet, fraîche ou réfrigérée","2022","tonnes","513693.99"
"Compte Disponibilités et Utilisations (CDU) (2010-)","Équateur","Disponibilité alimentaire en quantité (tonnes)","Viande, poulet, fraîche ou réfrigérée","2023","tonnes","563248.4"
"Compte Disponibilités et Utilisations (CDU) (2010-)","Espagne","Disponibilité alimentaire en quantité (tonnes)","Viande, poulet, fraîche ou réfrigérée","2010","tonnes","1117554"
"Compte Disponibilités et Utilisations (CDU) (2010-)","Espagne","Disponibilité alimentaire en quantité (tonnes)","Viande, poulet, fraîche ou réfrigérée","2011","tonnes","1180427"
"Compte Disponibilités et Utilisations (CDU) (2010-)","Espagne","Disponibilité alimentaire en quantité (tonnes)","Viande, poulet, fraîche ou réfrigérée","2012","tonnes","1176551"
"Compte Disponibilités et Utilisations (CDU) (2010-)","Espagne","Disponibilité alimentaire en quantité (tonnes)","Viande, poulet, fraîche ou réfrigérée","2013","tonnes","1154056"
"Compte Disponibilités et Utilisations (CDU) (2010-)","Espagne","Disponibilité alimentaire en quantité (tonnes)","Viande, poulet, fraîche ou réfrigérée","2014","tonnes","1164882.39"
"Compte Disponibilités et Utilisations (CDU) (2010-)","Espagne","Disponibilité alimentaire en quantité (tonnes)","Viande, poulet, fraîche ou réfrigérée","2015","tonnes","1187174.6"
"Compte Disponibilités et Utilisations (CDU) (2010-)","Espagne","Disponibilité alimentaire en quantité (tonnes)","Viande, poulet, fraîche ou réfrigérée","2016","tonnes","1209564.61"
"Compte Disponibilités et Utilisations (CDU) (2010-)","Espagne","Disponibilité alimentaire en quantité (tonnes)","Viande, poulet, fraîche ou réfrigérée","2017","tonnes","1229088.67"
"Compte Disponibilités et Utilisations (CDU) (2010-)","Espagne","Disponibilité alimentaire en quantité (tonnes)","Viande, poulet, fraîche ou réfrigérée","2018","tonnes","1346799.46"
"Compte Disponibilités et Utilisations (CDU) (2010-)","Espagne","Disponibilité alimentaire en quantité (tonnes)","Viande, poulet, fraîche ou réfrigérée","2019","tonnes","1320662"
"Compte Disponibilités et Utilisations (CDU) (2010-)","Espagne","Disponibilité alimentaire en quantité (tonnes)","Viande, poulet, fraîche ou réfrigérée","2020","tonnes","1304456.96"
"Compte Disponibilités et Utilisations (CDU) (2010-)","Espagne","Disponibilité alimentaire en quantité (tonnes)","Viande, poulet, fraîche ou réfrigérée","2021","tonnes","1237505.91"
"Compte Disponibilités et Utilisations (CDU) (2010-)","Espagne","Disponibilité alimentaire en quantité (tonnes)","Viande, poulet, fraîche ou réfrigérée","2022","tonnes","1309400.25"
"Compte Disponibilités et Utilisations (CDU) (2010-)","Espagne","Disponibilité alimentaire en quantité (tonnes)","Viande, poulet, fraîche ou réfrigérée","2023","tonnes","1371100.89"
"Compte Disponibilités et Utilisations (CDU) (2010-)","Estonie","Disponibilité alimentaire en quantité (tonnes)","Viande, poulet, fraîche ou réfrigérée","2010","tonnes","23801"
"Compte Disponibilités et Utilisations (CDU) (2010-)","Estonie","Disponibilité alimentaire en quantité (tonnes)","Viande, poulet, fraîche ou réfrigérée","2011","tonnes","20700"
"Compte Disponibilités et Utilisations (CDU) (2010-)","Estonie","Disponibilité alimentaire en quantité (tonnes)","Viande, poulet, fraîche ou réfrigérée","2012","tonnes","21048"
"Compte Disponibilités et Utilisations (CDU) (2010-)","Estonie","Disponibilité alimentaire en quantité (tonnes)","Viande, poulet, fraîche ou réfrigérée","2013","tonnes","22011"
"Compte Disponibilités et Utilisations (CDU) (2010-)","Estonie","Disponibilité alimentaire en quantité (tonnes)","Viande, poulet, fraîche ou réfrigérée","2014","tonnes","21364.27"
"Compte Disponibilités et Utilisations (CDU) (2010-)","Estonie","Disponibilité alimentaire en quantité (tonnes)","Viande, poulet, fraîche ou réfrigérée","2015","tonnes","21422.29"
"Compte Disponibilités et Utilisations (CDU) (2010-)","Estonie","Disponibilité alimentaire en quantité (tonnes)","Viande, poulet, fraîche ou réfrigérée","2016","tonnes","21524.65"
"Compte Disponibilités et Utilisations (CDU) (2010-)","Estonie","Disponibilité alimentaire en quantité (tonnes)","Viande, poulet, fraîche ou réfrigérée","2017","tonnes","21763.31"
"Compte Disponibilités et Utilisations (CDU) (2010-)","Estonie","Disponibilité alimentaire en quantité (tonnes)","Viande, poulet, fraîche ou réfrigérée","2018","tonnes","22039.7"
"Compte Disponibilités et Utilisations (CDU) (2010-)","Estonie","Disponibilité alimentaire en quantité (tonnes)","Viande, poulet, fraîche ou réfrigérée","2019","tonnes","22208.64"
"Compte Disponibilités et Utilisations (CDU) (2010-)","Estonie","Disponibilité alimentaire en quantité (tonnes)","Viande, poulet, fraîche ou réfrigérée","2020","tonnes","22216.6"
"Compte Disponibilités et Utilisations (CDU) (2010-)","Estonie","Disponibilité alimentaire en quantité (tonnes)","Viande, poulet, fraîche ou réfrigérée","2021","tonnes","22483.52"
"Compte Disponibilités et Utilisations (CDU) (2010-)","Estonie","Disponibilité alimentaire en quantité (tonnes)","Viande, poulet, fraîche ou réfrigérée","2022","tonnes","22853.1"
"Compte Disponibilités et Utilisations (CDU) (2010-)","Estonie","Disponibilité alimentaire en quantité (tonnes)","Viande, poulet, fraîche ou réfrigérée","2023","tonnes","22939.64"
"Compte Disponibilités et Utilisations (CDU) (2010-)","Eswatini","Disponibilité alimentaire en quantité (tonnes)","Viande, poulet, fraîche ou réfrigérée","2010","tonnes","6188.6"
"Compte Disponibilités et Utilisations (CDU) (2010-)","Eswatini","Disponibilité alimentaire en quantité (tonnes)","Viande, poulet, fraîche ou réfrigérée","2011","tonnes","6296.82"
"Compte Disponibilités et Utilisations (CDU) (2010-)","Eswatini","Disponibilité alimentaire en quantité (tonnes)","Viande, poulet, fraîche ou réfrigérée","2012","tonnes","6585.84"
"Compte Disponibilités et Utilisations (CDU) (2010-)","Eswatini","Disponibilité alimentaire en quantité (tonnes)","Viande, poulet, fraîche ou réfrigérée","2013","tonnes","6913.04"
"Compte Disponibilités et Utilisations (CDU) (2010-)","Eswatini","Disponibilité alimentaire en quantité (tonnes)","Viande, poulet, fraîche ou réfrigérée","2014","tonnes","7431.06"
"Compte Disponibilités et Utilisations (CDU) (2010-)","Eswatini","Disponibilité alimentaire en quantité (tonnes)","Viande, poulet, fraîche ou réfrigérée","2015","tonnes","7157.25"
"Compte Disponibilités et Utilisations (CDU) (2010-)","Eswatini","Disponibilité alimentaire en quantité (tonnes)","Viande, poulet, fraîche ou réfrigérée","2016","tonnes","7572.47"
"Compte Disponibilités et Utilisations (CDU) (2010-)","Eswatini","Disponibilité alimentaire en quantité (tonnes)","Viande, poulet, fraîche ou réfrigérée","2017","tonnes","7436.63"
"Compte Disponibilités et Utilisations (CDU) (2010-)","Eswatini","Disponibilité alimentaire en quantité (tonnes)","Viande, poulet, fraîche ou réfrigérée","2018","tonnes","7186.73"
"Compte Disponibilités et Utilisations (CDU) (2010-)","Eswatini","Disponibilité alimentaire en quantité (tonnes)","Viande, poulet, fraîche ou réfrigérée","2019","tonnes","7730.67"
"Compte Disponibilités et Utilisations (CDU) (2010-)","Eswatini","Disponibilité alimentaire en quantité (tonnes)","Viande, poulet, fraîche ou réfrigérée","2020","tonnes","7911.82"
"Compte Disponibilités et Utilisations (CDU) (2010-)","Eswatini","Disponibilité alimentaire en quantité (tonnes)","Viande, poulet, fraîche ou réfrigérée","2021","tonnes","7588.85"
"Compte Disponibilités et Utilisations (CDU) (2010-)","Eswatini","Disponibilité alimentaire en quantité (tonnes)","Viande, poulet, fraîche ou réfrigérée","2022","tonnes","4804.82"
"Compte Disponibilités et Utilisations (CDU) (2010-)","Eswatini","Disponibilité alimentaire en quantité (tonnes)","Viande, poulet, fraîche ou réfrigérée","2023","tonnes","4872.42"
"Compte Disponibilités et Utilisations (CDU) (2010-)","États-Unis d'Amérique","Disponibilité alimentaire en quantité (tonnes)","Viande, poulet, fraîche ou réfrigérée","2010","tonnes","13528312"
"Compte Disponibilités et Utilisations (CDU) (2010-)","États-Unis d'Amérique","Disponibilité alimentaire en quantité (tonnes)","Viande, poulet, fraîche ou réfrigérée","2011","tonnes","13809645"
"Compte Disponibilités et Utilisations (CDU) (2010-)","États-Unis d'Amérique","Disponibilité alimentaire en quantité (tonnes)","Viande, poulet, fraîche ou réfrigérée","2012","tonnes","13285939"
"Compte Disponibilités et Utilisations (CDU) (2010-)","États-Unis d'Amérique","Disponibilité alimentaire en quantité (tonnes)","Viande, poulet, fraîche ou réfrigérée","2013","tonnes","13622848"
"Compte Disponibilités et Utilisations (CDU) (2010-)","États-Unis d'Amérique","Disponibilité alimentaire en quantité (tonnes)","Viande, poulet, fraîche ou réfrigérée","2014","tonnes","13954431.28"
"Compte Disponibilités et Utilisations (CDU) (2010-)","États-Unis d'Amérique","Disponibilité alimentaire en quantité (tonnes)","Viande, poulet, fraîche ou réfrigérée","2015","tonnes","15121649.88"
"Compte Disponibilités et Utilisations (CDU) (2010-)","États-Unis d'Amérique","Disponibilité alimentaire en quantité (tonnes)","Viande, poulet, fraîche ou réfrigérée","2016","tonnes","15374093.84"
"Compte Disponibilités et Utilisations (CDU) (2010-)","États-Unis d'Amérique","Disponibilité alimentaire en quantité (tonnes)","Viande, poulet, fraîche ou réfrigérée","2017","tonnes","15595072.1"
"Compte Disponibilités et Utilisations (CDU) (2010-)","États-Unis d'Amérique","Disponibilité alimentaire en quantité (tonnes)","Viande, poulet, fraîche ou réfrigérée","2018","tonnes","16110500"
"Compte Disponibilités et Utilisations (CDU) (2010-)","États-Unis d'Amérique","Disponibilité alimentaire en quantité (tonnes)","Viande, poulet, fraîche ou réfrigérée","2019","tonnes","16754318.35"
"Compte Disponibilités et Utilisations (CDU) (2010-)","États-Unis d'Amérique","Disponibilité alimentaire en quantité (tonnes)","Viande, poulet, fraîche ou réfrigérée","2020","tonnes","17004568.59"
"Compte Disponibilités et Utilisations (CDU) (2010-)","États-Unis d'Amérique","Disponibilité alimentaire en quantité (tonnes)","Viande, poulet, fraîche ou réfrigérée","2021","tonnes","15432263.59"
"Compte Disponibilités et Utilisations (CDU) (2010-)","États-Unis d'Amérique","Disponibilité alimentaire en quantité (tonnes)","Viande, poulet, fraîche ou réfrigérée","2022","tonnes","16031590.56"
"Compte Disponibilités et Utilisations (CDU) (2010-)","États-Unis d'Amérique","Disponibilité alimentaire en quantité (tonnes)","Viande, poulet, fraîche ou réfrigérée","2023","tonnes","16252468.75"
"Compte Disponibilités et Utilisations (CDU) (2010-)","Éthiopie","Disponibilité alimentaire en quantité (tonnes)","Viande, poulet, fraîche ou réfrigérée","2010","tonnes","57472.19"
"Compte Disponibilités et Utilisations (CDU) (2010-)","Éthiopie","Disponibilité alimentaire en quantité (tonnes)","Viande, poulet, fraîche ou réfrigérée","2011","tonnes","50261.95"
"Compte Disponibilités et Utilisations (CDU) (2010-)","Éthiopie","Disponibilité alimentaire en quantité (tonnes)","Viande, poulet, fraîche ou réfrigérée","2012","tonnes","54693.22"
"Compte Disponibilités et Utilisations (CDU) (2010-)","Éthiopie","Disponibilité alimentaire en quantité (tonnes)","Viande, poulet, fraîche ou réfrigérée","2013","tonnes","60647.44"
"Compte Disponibilités et Utilisations (CDU) (2010-)","Éthiopie","Disponibilité alimentaire en quantité (tonnes)","Viande, poulet, fraîche ou réfrigérée","2014","tonnes","67777.3"
"Compte Disponibilités et Utilisations (CDU) (2010-)","Éthiopie","Disponibilité alimentaire en quantité (tonnes)","Viande, poulet, fraîche ou réfrigérée","2015","tonnes","68911.95"
"Compte Disponibilités et Utilisations (CDU) (2010-)","Éthiopie","Disponibilité alimentaire en quantité (tonnes)","Viande, poulet, fraîche ou réfrigérée","2016","tonnes","71416.51"
"Compte Disponibilités et Utilisations (CDU) (2010-)","Éthiopie","Disponibilité alimentaire en quantité (tonnes)","Viande, poulet, fraîche ou réfrigérée","2017","tonnes","67720.32"
"Compte Disponibilités et Utilisations (CDU) (2010-)","Éthiopie","Disponibilité alimentaire en quantité (tonnes)","Viande, poulet, fraîche ou réfrigérée","2018","tonnes","69906.27"
"Compte Disponibilités et Utilisations (CDU) (2010-)","Éthiopie","Disponibilité alimentaire en quantité (tonnes)","Viande, poulet, fraîche ou réfrigérée","2019","tonnes","55538.63"
"Compte Disponibilités et Utilisations (CDU) (2010-)","Éthiopie","Disponibilité alimentaire en quantité (tonnes)","Viande, poulet, fraîche ou réfrigérée","2020","tonnes","63719.9"
"Compte Disponibilités et Utilisations (CDU) (2010-)","Éthiopie","Disponibilité alimentaire en quantité (tonnes)","Viande, poulet, fraîche ou réfrigérée","2021","tonnes","48205.16"
"Compte Disponibilités et Utilisations (CDU) (2010-)","Éthiopie","Disponibilité alimentaire en quantité (tonnes)","Viande, poulet, fraîche ou réfrigérée","2022","tonnes","55826.48"
"Compte Disponibilités et Utilisations (CDU) (2010-)","Éthiopie","Disponibilité alimentaire en quantité (tonnes)","Viande, poulet, fraîche ou réfrigérée","2023","tonnes","64477.45"
"Compte Disponibilités et Utilisations (CDU) (2010-)","Fédération de Russie","Disponibilité alimentaire en quantité (tonnes)","Viande, poulet, fraîche ou réfrigérée","2010","tonnes","3149024"
"Compte Disponibilités et Utilisations (CDU) (2010-)","Fédération de Russie","Disponibilité alimentaire en quantité (tonnes)","Viande, poulet, fraîche ou réfrigérée","2011","tonnes","3263571"
"Compte Disponibilités et Utilisations (CDU) (2010-)","Fédération de Russie","Disponibilité alimentaire en quantité (tonnes)","Viande, poulet, fraîche ou réfrigérée","2012","tonnes","3773301"
"Compte Disponibilités et Utilisations (CDU) (2010-)","Fédération de Russie","Disponibilité alimentaire en quantité (tonnes)","Viande, poulet, fraîche ou réfrigérée","2013","tonnes","3902625"
"Compte Disponibilités et Utilisations (CDU) (2010-)","Fédération de Russie","Disponibilité alimentaire en quantité (tonnes)","Viande, poulet, fraîche ou réfrigérée","2014","tonnes","4132378.84"
"Compte Disponibilités et Utilisations (CDU) (2010-)","Fédération de Russie","Disponibilité alimentaire en quantité (tonnes)","Viande, poulet, fraîche ou réfrigérée","2015","tonnes","4271299.77"
"Compte Disponibilités et Utilisations (CDU) (2010-)","Fédération de Russie","Disponibilité alimentaire en quantité (tonnes)","Viande, poulet, fraîche ou réfrigérée","2016","tonnes","4339079.82"
"Compte Disponibilités et Utilisations (CDU) (2010-)","Fédération de Russie","Disponibilité alimentaire en quantité (tonnes)","Viande, poulet, fraîche ou réfrigérée","2017","tonnes","4630493.56"
"Compte Disponibilités et Utilisations (CDU) (2010-)","Fédération de Russie","Disponibilité alimentaire en quantité (tonnes)","Viande, poulet, fraîche ou réfrigérée","2018","tonnes","4555858.57"
"Compte Disponibilités et Utilisations (CDU) (2010-)","Fédération de Russie","Disponibilité alimentaire en quantité (tonnes)","Viande, poulet, fraîche ou réfrigérée","2019","tonnes","4568125.53"
"Compte Disponibilités et Utilisations (CDU) (2010-)","Fédération de Russie","Disponibilité alimentaire en quantité (tonnes)","Viande, poulet, fraîche ou réfrigérée","2020","tonnes","4488341.57"
"Compte Disponibilités et Utilisations (CDU) (2010-)","Fédération de Russie","Disponibilité alimentaire en quantité (tonnes)","Viande, poulet, fraîche ou réfrigérée","2021","tonnes","4552335.54"
"Compte Disponibilités et Utilisations (CDU) (2010-)","Fédération de Russie","Disponibilité alimentaire en quantité (tonnes)","Viande, poulet, fraîche ou réfrigérée","2022","tonnes","4947767.49"
"Compte Disponibilités et Utilisations (CDU) (2010-)","Fédération de Russie","Disponibilité alimentaire en quantité (tonnes)","Viande, poulet, fraîche ou réfrigérée","2023","tonnes","5038423.8"
"Compte Disponibilités et Utilisations (CDU) (2010-)","Fidji","Disponibilité alimentaire en quantité (tonnes)","Viande, poulet, fraîche ou réfrigérée","2010","tonnes","14499.28"
"Compte Disponibilités et Utilisations (CDU) (2010-)","Fidji","Disponibilité alimentaire en quantité (tonnes)","Viande, poulet, fraîche ou réfrigérée","2011","tonnes","19767.29"
"Compte Disponibilités et Utilisations (CDU) (2010-)","Fidji","Disponibilité alimentaire en quantité (tonnes)","Viande, poulet, fraîche ou réfrigérée","2012","tonnes","25585.22"
"Compte Disponibilités et Utilisations (CDU) (2010-)","Fidji","Disponibilité alimentaire en quantité (tonnes)","Viande, poulet, fraîche ou réfrigérée","2013","tonnes","16387.68"
"Compte Disponibilités et Utilisations (CDU) (2010-)","Fidji","Disponibilité alimentaire en quantité (tonnes)","Viande, poulet, fraîche ou réfrigérée","2014","tonnes","20900"
"Compte Disponibilités et Utilisations (CDU) (2010-)","Fidji","Disponibilité alimentaire en quantité (tonnes)","Viande, poulet, fraîche ou réfrigérée","2015","tonnes","22237.07"
"Compte Disponibilités et Utilisations (CDU) (2010-)","Fidji","Disponibilité alimentaire en quantité (tonnes)","Viande, poulet, fraîche ou réfrigérée","2016","tonnes","15800"
"Compte Disponibilités et Utilisations (CDU) (2010-)","Fidji","Disponibilité alimentaire en quantité (tonnes)","Viande, poulet, fraîche ou réfrigérée","2017","tonnes","32308.35"
"Compte Disponibilités et Utilisations (CDU) (2010-)","Fidji","Disponibilité alimentaire en quantité (tonnes)","Viande, poulet, fraîche ou réfrigérée","2018","tonnes","26700"
"Compte Disponibilités et Utilisations (CDU) (2010-)","Fidji","Disponibilité alimentaire en quantité (tonnes)","Viande, poulet, fraîche ou réfrigérée","2019","tonnes","35500"
"Compte Disponibilités et Utilisations (CDU) (2010-)","Fidji","Disponibilité alimentaire en quantité (tonnes)","Viande, poulet, fraîche ou réfrigérée","2020","tonnes","28100"
"Compte Disponibilités et Utilisations (CDU) (2010-)","Fidji","Disponibilité alimentaire en quantité (tonnes)","Viande, poulet, fraîche ou réfrigérée","2021","tonnes","25200"
"Compte Disponibilités et Utilisations (CDU) (2010-)","Fidji","Disponibilité alimentaire en quantité (tonnes)","Viande, poulet, fraîche ou réfrigérée","2022","tonnes","42686.98"
"Compte Disponibilités et Utilisations (CDU) (2010-)","Fidji","Disponibilité alimentaire en quantité (tonnes)","Viande, poulet, fraîche ou réfrigérée","2023","tonnes","40104.84"
"Compte Disponibilités et Utilisations (CDU) (2010-)","Finlande","Disponibilité alimentaire en quantité (tonnes)","Viande, poulet, fraîche ou réfrigérée","2010","tonnes","84912.17"
"Compte Disponibilités et Utilisations (CDU) (2010-)","Finlande","Disponibilité alimentaire en quantité (tonnes)","Viande, poulet, fraîche ou réfrigérée","2011","tonnes","86377.79"
"Compte Disponibilités et Utilisations (CDU) (2010-)","Finlande","Disponibilité alimentaire en quantité (tonnes)","Viande, poulet, fraîche ou réfrigérée","2012","tonnes","85798.98"
"Compte Disponibilités et Utilisations (CDU) (2010-)","Finlande","Disponibilité alimentaire en quantité (tonnes)","Viande, poulet, fraîche ou réfrigérée","2013","tonnes","85562.94"
"Compte Disponibilités et Utilisations (CDU) (2010-)","Finlande","Disponibilité alimentaire en quantité (tonnes)","Viande, poulet, fraîche ou réfrigérée","2014","tonnes","85060.06"
"Compte Disponibilités et Utilisations (CDU) (2010-)","Finlande","Disponibilité alimentaire en quantité (tonnes)","Viande, poulet, fraîche ou réfrigérée","2015","tonnes","85178.13"
"Compte Disponibilités et Utilisations (CDU) (2010-)","Finlande","Disponibilité alimentaire en quantité (tonnes)","Viande, poulet, fraîche ou réfrigérée","2016","tonnes","86259.56"
"Compte Disponibilités et Utilisations (CDU) (2010-)","Finlande","Disponibilité alimentaire en quantité (tonnes)","Viande, poulet, fraîche ou réfrigérée","2017","tonnes","87755.65"
"Compte Disponibilités et Utilisations (CDU) (2010-)","Finlande","Disponibilité alimentaire en quantité (tonnes)","Viande, poulet, fraîche ou réfrigérée","2018","tonnes","89419.8"
"Compte Disponibilités et Utilisations (CDU) (2010-)","Finlande","Disponibilité alimentaire en quantité (tonnes)","Viande, poulet, fraîche ou réfrigérée","2019","tonnes","94027.28"
"Compte Disponibilités et Utilisations (CDU) (2010-)","Finlande","Disponibilité alimentaire en quantité (tonnes)","Viande, poulet, fraîche ou réfrigérée","2020","tonnes","97689.5"
"Compte Disponibilités et Utilisations (CDU) (2010-)","Finlande","Disponibilité alimentaire en quantité (tonnes)","Viande, poulet, fraîche ou réfrigérée","2021","tonnes","105000"
"Compte Disponibilités et Utilisations (CDU) (2010-)","Finlande","Disponibilité alimentaire en quantité (tonnes)","Viande, poulet, fraîche ou réfrigérée","2022","tonnes","105925.02"
"Compte Disponibilités et Utilisations (CDU) (2010-)","Finlande","Disponibilité alimentaire en quantité (tonnes)","Viande, poulet, fraîche ou réfrigérée","2023","tonnes","105501.31"
"Compte Disponibilités et Utilisations (CDU) (2010-)","France","Disponibilité alimentaire en quantité (tonnes)","Viande, poulet, fraîche ou réfrigérée","2010","tonnes","880056"
"Compte Disponibilités et Utilisations (CDU) (2010-)","France","Disponibilité alimentaire en quantité (tonnes)","Viande, poulet, fraîche ou réfrigérée","2011","tonnes","885719"
"Compte Disponibilités et Utilisations (CDU) (2010-)","France","Disponibilité alimentaire en quantité (tonnes)","Viande, poulet, fraîche ou réfrigérée","2012","tonnes","938678"
"Compte Disponibilités et Utilisations (CDU) (2010-)","France","Disponibilité alimentaire en quantité (tonnes)","Viande, poulet, fraîche ou réfrigérée","2013","tonnes","947467"
"Compte Disponibilités et Utilisations (CDU) (2010-)","France","Disponibilité alimentaire en quantité (tonnes)","Viande, poulet, fraîche ou réfrigérée","2014","tonnes","1014117.2"
"Compte Disponibilités et Utilisations (CDU) (2010-)","France","Disponibilité alimentaire en quantité (tonnes)","Viande, poulet, fraîche ou réfrigérée","2015","tonnes","1042305.27"
"Compte Disponibilités et Utilisations (CDU) (2010-)","France","Disponibilité alimentaire en quantité (tonnes)","Viande, poulet, fraîche ou réfrigérée","2016","tonnes","1080312.74"
"Compte Disponibilités et Utilisations (CDU) (2010-)","France","Disponibilité alimentaire en quantité (tonnes)","Viande, poulet, fraîche ou réfrigérée","2017","tonnes","1121700.39"
"Compte Disponibilités et Utilisations (CDU) (2010-)","France","Disponibilité alimentaire en quantité (tonnes)","Viande, poulet, fraîche ou réfrigérée","2018","tonnes","1155207.37"
"Compte Disponibilités et Utilisations (CDU) (2010-)","France","Disponibilité alimentaire en quantité (tonnes)","Viande, poulet, fraîche ou réfrigérée","2019","tonnes","1145911.51"
"Compte Disponibilités et Utilisations (CDU) (2010-)","France","Disponibilité alimentaire en quantité (tonnes)","Viande, poulet, fraîche ou réfrigérée","2020","tonnes","1158179.45"
"Compte Disponibilités et Utilisations (CDU) (2010-)","France","Disponibilité alimentaire en quantité (tonnes)","Viande, poulet, fraîche ou réfrigérée","2021","tonnes","1151248.04"
"Compte Disponibilités et Utilisations (CDU) (2010-)","France","Disponibilité alimentaire en quantité (tonnes)","Viande, poulet, fraîche ou réfrigérée","2022","tonnes","1177716.48"
"Compte Disponibilités et Utilisations (CDU) (2010-)","France","Disponibilité alimentaire en quantité (tonnes)","Viande, poulet, fraîche ou réfrigérée","2023","tonnes","1181666.15"
"Compte Disponibilités et Utilisations (CDU) (2010-)","Gabon","Disponibilité alimentaire en quantité (tonnes)","Viande, poulet, fraîche ou réfrigérée","2010","tonnes","47446"
"Compte Disponibilités et Utilisations (CDU) (2010-)","Gabon","Disponibilité alimentaire en quantité (tonnes)","Viande, poulet, fraîche ou réfrigérée","2011","tonnes","58661"
"Compte Disponibilités et Utilisations (CDU) (2010-)","Gabon","Disponibilité alimentaire en quantité (tonnes)","Viande, poulet, fraîche ou réfrigérée","2012","tonnes","58457"
"Compte Disponibilités et Utilisations (CDU) (2010-)","Gabon","Disponibilité alimentaire en quantité (tonnes)","Viande, poulet, fraîche ou réfrigérée","2013","tonnes","62277"
"Compte Disponibilités et Utilisations (CDU) (2010-)","Gabon","Disponibilité alimentaire en quantité (tonnes)","Viande, poulet, fraîche ou réfrigérée","2014","tonnes","65300"
"Compte Disponibilités et Utilisations (CDU) (2010-)","Gabon","Disponibilité alimentaire en quantité (tonnes)","Viande, poulet, fraîche ou réfrigérée","2015","tonnes","72600"
"Compte Disponibilités et Utilisations (CDU) (2010-)","Gabon","Disponibilité alimentaire en quantité (tonnes)","Viande, poulet, fraîche ou réfrigérée","2016","tonnes","64400"
"Compte Disponibilités et Utilisations (CDU) (2010-)","Gabon","Disponibilité alimentaire en quantité (tonnes)","Viande, poulet, fraîche ou réfrigérée","2017","tonnes","65200"
"Compte Disponibilités et Utilisations (CDU) (2010-)","Gabon","Disponibilité alimentaire en quantité (tonnes)","Viande, poulet, fraîche ou réfrigérée","2018","tonnes","68820"
"Compte Disponibilités et Utilisations (CDU) (2010-)","Gabon","Disponibilité alimentaire en quantité (tonnes)","Viande, poulet, fraîche ou réfrigérée","2019","tonnes","70678.13"
"Compte Disponibilités et Utilisations (CDU) (2010-)","Gabon","Disponibilité alimentaire en quantité (tonnes)","Viande, poulet, fraîche ou réfrigérée","2020","tonnes","68671.97"
"Compte Disponibilités et Utilisations (CDU) (2010-)","Gabon","Disponibilité alimentaire en quantité (tonnes)","Viande, poulet, fraîche ou réfrigérée","2021","tonnes","78219.14"
"Compte Disponibilités et Utilisations (CDU) (2010-)","Gabon","Disponibilité alimentaire en quantité (tonnes)","Viande, poulet, fraîche ou réfrigérée","2022","tonnes","82228.45"
"Compte Disponibilités et Utilisations (CDU) (2010-)","Gabon","Disponibilité alimentaire en quantité (tonnes)","Viande, poulet, fraîche ou réfrigérée","2023","tonnes","76313.28"
"Compte Disponibilités et Utilisations (CDU) (2010-)","Gambie","Disponibilité alimentaire en quantité (tonnes)","Viande, poulet, fraîche ou réfrigérée","2010","tonnes","4758"
"Compte Disponibilités et Utilisations (CDU) (2010-)","Gambie","Disponibilité alimentaire en quantité (tonnes)","Viande, poulet, fraîche ou réfrigérée","2011","tonnes","6932"
"Compte Disponibilités et Utilisations (CDU) (2010-)","Gambie","Disponibilité alimentaire en quantité (tonnes)","Viande, poulet, fraîche ou réfrigérée","2012","tonnes","6793"
"Compte Disponibilités et Utilisations (CDU) (2010-)","Gambie","Disponibilité alimentaire en quantité (tonnes)","Viande, poulet, fraîche ou réfrigérée","2013","tonnes","4999"
"Compte Disponibilités et Utilisations (CDU) (2010-)","Gambie","Disponibilité alimentaire en quantité (tonnes)","Viande, poulet, fraîche ou réfrigérée","2014","tonnes","9600"
"Compte Disponibilités et Utilisations (CDU) (2010-)","Gambie","Disponibilité alimentaire en quantité (tonnes)","Viande, poulet, fraîche ou réfrigérée","2015","tonnes","14121.68"
"Compte Disponibilités et Utilisations (CDU) (2010-)","Gambie","Disponibilité alimentaire en quantité (tonnes)","Viande, poulet, fraîche ou réfrigérée","2016","tonnes","16701.29"
"Compte Disponibilités et Utilisations (CDU) (2010-)","Gambie","Disponibilité alimentaire en quantité (tonnes)","Viande, poulet, fraîche ou réfrigérée","2017","tonnes","17534.51"
"Compte Disponibilités et Utilisations (CDU) (2010-)","Gambie","Disponibilité alimentaire en quantité (tonnes)","Viande, poulet, fraîche ou réfrigérée","2018","tonnes","22465.69"
"Compte Disponibilités et Utilisations (CDU) (2010-)","Gambie","Disponibilité alimentaire en quantité (tonnes)","Viande, poulet, fraîche ou réfrigérée","2019","tonnes","26337.55"
"Compte Disponibilités et Utilisations (CDU) (2010-)","Gambie","Disponibilité alimentaire en quantité (tonnes)","Viande, poulet, fraîche ou réfrigérée","2020","tonnes","25623.23"
"Compte Disponibilités et Utilisations (CDU) (2010-)","Gambie","Disponibilité alimentaire en quantité (tonnes)","Viande, poulet, fraîche ou réfrigérée","2021","tonnes","28980.92"
"Compte Disponibilités et Utilisations (CDU) (2010-)","Gambie","Disponibilité alimentaire en quantité (tonnes)","Viande, poulet, fraîche ou réfrigérée","2022","tonnes","38310.26"
"Compte Disponibilités et Utilisations (CDU) (2010-)","Gambie","Disponibilité alimentaire en quantité (tonnes)","Viande, poulet, fraîche ou réfrigérée","2023","tonnes","41430.81"
"Compte Disponibilités et Utilisations (CDU) (2010-)","Géorgie","Disponibilité alimentaire en quantité (tonnes)","Viande, poulet, fraîche ou réfrigérée","2010","tonnes","50142.32"
"Compte Disponibilités et Utilisations (CDU) (2010-)","Géorgie","Disponibilité alimentaire en quantité (tonnes)","Viande, poulet, fraîche ou réfrigérée","2011","tonnes","52245.48"
"Compte Disponibilités et Utilisations (CDU) (2010-)","Géorgie","Disponibilité alimentaire en quantité (tonnes)","Viande, poulet, fraîche ou réfrigérée","2012","tonnes","54164.84"
"Compte Disponibilités et Utilisations (CDU) (2010-)","Géorgie","Disponibilité alimentaire en quantité (tonnes)","Viande, poulet, fraîche ou réfrigérée","2013","tonnes","55188.16"
"Compte Disponibilités et Utilisations (CDU) (2010-)","Géorgie","Disponibilité alimentaire en quantité (tonnes)","Viande, poulet, fraîche ou réfrigérée","2014","tonnes","56680.13"
"Compte Disponibilités et Utilisations (CDU) (2010-)","Géorgie","Disponibilité alimentaire en quantité (tonnes)","Viande, poulet, fraîche ou réfrigérée","2015","tonnes","57580.46"
"Compte Disponibilités et Utilisations (CDU) (2010-)","Géorgie","Disponibilité alimentaire en quantité (tonnes)","Viande, poulet, fraîche ou réfrigérée","2016","tonnes","62377.83"
"Compte Disponibilités et Utilisations (CDU) (2010-)","Géorgie","Disponibilité alimentaire en quantité (tonnes)","Viande, poulet, fraîche ou réfrigérée","2017","tonnes","63885.3"
"Compte Disponibilités et Utilisations (CDU) (2010-)","Géorgie","Disponibilité alimentaire en quantité (tonnes)","Viande, poulet, fraîche ou réfrigérée","2018","tonnes","59698.8"
"Compte Disponibilités et Utilisations (CDU) (2010-)","Géorgie","Disponibilité alimentaire en quantité (tonnes)","Viande, poulet, fraîche ou réfrigérée","2019","tonnes","69947.01"
"Compte Disponibilités et Utilisations (CDU) (2010-)","Géorgie","Disponibilité alimentaire en quantité (tonnes)","Viande, poulet, fraîche ou réfrigérée","2020","tonnes","70085.62"
"Compte Disponibilités et Utilisations (CDU) (2010-)","Géorgie","Disponibilité alimentaire en quantité (tonnes)","Viande, poulet, fraîche ou réfrigérée","2021","tonnes","66427.57"
"Compte Disponibilités et Utilisations (CDU) (2010-)","Géorgie","Disponibilité alimentaire en quantité (tonnes)","Viande, poulet, fraîche ou réfrigérée","2022","tonnes","67179.22"
"Compte Disponibilités et Utilisations (CDU) (2010-)","Géorgie","Disponibilité alimentaire en quantité (tonnes)","Viande, poulet, fraîche ou réfrigérée","2023","tonnes","71821.03"
"Compte Disponibilités et Utilisations (CDU) (2010-)","Ghana","Disponibilité alimentaire en quantité (tonnes)","Viande, poulet, fraîche ou réfrigérée","2010","tonnes","146426"
"Compte Disponibilités et Utilisations (CDU) (2010-)","Ghana","Disponibilité alimentaire en quantité (tonnes)","Viande, poulet, fraîche ou réfrigérée","2011","tonnes","196064"
"Compte Disponibilités et Utilisations (CDU) (2010-)","Ghana","Disponibilité alimentaire en quantité (tonnes)","Viande, poulet, fraîche ou réfrigérée","2012","tonnes","200669"
"Compte Disponibilités et Utilisations (CDU) (2010-)","Ghana","Disponibilité alimentaire en quantité (tonnes)","Viande, poulet, fraîche ou réfrigérée","2013","tonnes","219180"
"Compte Disponibilités et Utilisations (CDU) (2010-)","Ghana","Disponibilité alimentaire en quantité (tonnes)","Viande, poulet, fraîche ou réfrigérée","2014","tonnes","187844.94"
"Compte Disponibilités et Utilisations (CDU) (2010-)","Ghana","Disponibilité alimentaire en quantité (tonnes)","Viande, poulet, fraîche ou réfrigérée","2015","tonnes","170741.86"
"Compte Disponibilités et Utilisations (CDU) (2010-)","Ghana","Disponibilité alimentaire en quantité (tonnes)","Viande, poulet, fraîche ou réfrigérée","2016","tonnes","150380.36"
"Compte Disponibilités et Utilisations (CDU) (2010-)","Ghana","Disponibilité alimentaire en quantité (tonnes)","Viande, poulet, fraîche ou réfrigérée","2017","tonnes","205761.42"
"Compte Disponibilités et Utilisations (CDU) (2010-)","Ghana","Disponibilité alimentaire en quantité (tonnes)","Viande, poulet, fraîche ou réfrigérée","2018","tonnes","266863.85"
"Compte Disponibilités et Utilisations (CDU) (2010-)","Ghana","Disponibilité alimentaire en quantité (tonnes)","Viande, poulet, fraîche ou réfrigérée","2019","tonnes","217994.99"
"Compte Disponibilités et Utilisations (CDU) (2010-)","Ghana","Disponibilité alimentaire en quantité (tonnes)","Viande, poulet, fraîche ou réfrigérée","2020","tonnes","357054.5"
"Compte Disponibilités et Utilisations (CDU) (2010-)","Ghana","Disponibilité alimentaire en quantité (tonnes)","Viande, poulet, fraîche ou réfrigérée","2021","tonnes","422609.01"
"Compte Disponibilités et Utilisations (CDU) (2010-)","Ghana","Disponibilité alimentaire en quantité (tonnes)","Viande, poulet, fraîche ou réfrigérée","2022","tonnes","300207.02"
"Compte Disponibilités et Utilisations (CDU) (2010-)","Ghana","Disponibilité alimentaire en quantité (tonnes)","Viande, poulet, fraîche ou réfrigérée","2023","tonnes","305398.54"
"Compte Disponibilités et Utilisations (CDU) (2010-)","Grèce","Disponibilité alimentaire en quantité (tonnes)","Viande, poulet, fraîche ou réfrigérée","2010","tonnes","143990.84"
"Compte Disponibilités et Utilisations (CDU) (2010-)","Grèce","Disponibilité alimentaire en quantité (tonnes)","Viande, poulet, fraîche ou réfrigérée","2011","tonnes","124967.16"
"Compte Disponibilités et Utilisations (CDU) (2010-)","Grèce","Disponibilité alimentaire en quantité (tonnes)","Viande, poulet, fraîche ou réfrigérée","2012","tonnes","139922.56"
"Compte Disponibilités et Utilisations (CDU) (2010-)","Grèce","Disponibilité alimentaire en quantité (tonnes)","Viande, poulet, fraîche ou réfrigérée","2013","tonnes","149909.22"
"Compte Disponibilités et Utilisations (CDU) (2010-)","Grèce","Disponibilité alimentaire en quantité (tonnes)","Viande, poulet, fraîche ou réfrigérée","2014","tonnes","135732.98"
"Compte Disponibilités et Utilisations (CDU) (2010-)","Grèce","Disponibilité alimentaire en quantité (tonnes)","Viande, poulet, fraîche ou réfrigérée","2015","tonnes","135284.44"
"Compte Disponibilités et Utilisations (CDU) (2010-)","Grèce","Disponibilité alimentaire en quantité (tonnes)","Viande, poulet, fraîche ou réfrigérée","2016","tonnes","134859.77"
"Compte Disponibilités et Utilisations (CDU) (2010-)","Grèce","Disponibilité alimentaire en quantité (tonnes)","Viande, poulet, fraîche ou réfrigérée","2017","tonnes","135936.67"
"Compte Disponibilités et Utilisations (CDU) (2010-)","Grèce","Disponibilité alimentaire en quantité (tonnes)","Viande, poulet, fraîche ou réfrigérée","2018","tonnes","269158"
"Compte Disponibilités et Utilisations (CDU) (2010-)","Grèce","Disponibilité alimentaire en quantité (tonnes)","Viande, poulet, fraîche ou réfrigérée","2019","tonnes","247774"
"Compte Disponibilités et Utilisations (CDU) (2010-)","Grèce","Disponibilité alimentaire en quantité (tonnes)","Viande, poulet, fraîche ou réfrigérée","2020","tonnes","223112.86"
"Compte Disponibilités et Utilisations (CDU) (2010-)","Grèce","Disponibilité alimentaire en quantité (tonnes)","Viande, poulet, fraîche ou réfrigérée","2021","tonnes","246968.07"
"Compte Disponibilités et Utilisations (CDU) (2010-)","Grèce","Disponibilité alimentaire en quantité (tonnes)","Viande, poulet, fraîche ou réfrigérée","2022","tonnes","258065.24"
"Compte Disponibilités et Utilisations (CDU) (2010-)","Grèce","Disponibilité alimentaire en quantité (tonnes)","Viande, poulet, fraîche ou réfrigérée","2023","tonnes","289204.6"
"Compte Disponibilités et Utilisations (CDU) (2010-)","Grenade","Disponibilité alimentaire en quantité (tonnes)","Viande, poulet, fraîche ou réfrigérée","2010","tonnes","3567.66"
"Compte Disponibilités et Utilisations (CDU) (2010-)","Grenade","Disponibilité alimentaire en quantité (tonnes)","Viande, poulet, fraîche ou réfrigérée","2011","tonnes","3790.94"
"Compte Disponibilités et Utilisations (CDU) (2010-)","Grenade","Disponibilité alimentaire en quantité (tonnes)","Viande, poulet, fraîche ou réfrigérée","2012","tonnes","3821.8"
"Compte Disponibilités et Utilisations (CDU) (2010-)","Grenade","Disponibilité alimentaire en quantité (tonnes)","Viande, poulet, fraîche ou réfrigérée","2013","tonnes","4110.39"
"Compte Disponibilités et Utilisations (CDU) (2010-)","Grenade","Disponibilité alimentaire en quantité (tonnes)","Viande, poulet, fraîche ou réfrigérée","2014","tonnes","3960.14"
"Compte Disponibilités et Utilisations (CDU) (2010-)","Grenade","Disponibilité alimentaire en quantité (tonnes)","Viande, poulet, fraîche ou réfrigérée","2015","tonnes","4223.74"
"Compte Disponibilités et Utilisations (CDU) (2010-)","Grenade","Disponibilité alimentaire en quantité (tonnes)","Viande, poulet, fraîche ou réfrigérée","2016","tonnes","3957.38"
"Compte Disponibilités et Utilisations (CDU) (2010-)","Grenade","Disponibilité alimentaire en quantité (tonnes)","Viande, poulet, fraîche ou réfrigérée","2017","tonnes","3995.4"
"Compte Disponibilités et Utilisations (CDU) (2010-)","Grenade","Disponibilité alimentaire en quantité (tonnes)","Viande, poulet, fraîche ou réfrigérée","2018","tonnes","4162.51"
"Compte Disponibilités et Utilisations (CDU) (2010-)","Grenade","Disponibilité alimentaire en quantité (tonnes)","Viande, poulet, fraîche ou réfrigérée","2019","tonnes","4330.08"
"Compte Disponibilités et Utilisations (CDU) (2010-)","Grenade","Disponibilité alimentaire en quantité (tonnes)","Viande, poulet, fraîche ou réfrigérée","2020","tonnes","5667.62"
"Compte Disponibilités et Utilisations (CDU) (2010-)","Grenade","Disponibilité alimentaire en quantité (tonnes)","Viande, poulet, fraîche ou réfrigérée","2021","tonnes","5803.34"
"Compte Disponibilités et Utilisations (CDU) (2010-)","Grenade","Disponibilité alimentaire en quantité (tonnes)","Viande, poulet, fraîche ou réfrigérée","2022","tonnes","4492.76"
"Compte Disponibilités et Utilisations (CDU) (2010-)","Grenade","Disponibilité alimentaire en quantité (tonnes)","Viande, poulet, fraîche ou réfrigérée","2023","tonnes","4241.72"
"Compte Disponibilités et Utilisations (CDU) (2010-)","Guatemala","Disponibilité alimentaire en quantité (tonnes)","Viande, poulet, fraîche ou réfrigérée","2010","tonnes","244828.09"
"Compte Disponibilités et Utilisations (CDU) (2010-)","Guatemala","Disponibilité alimentaire en quantité (tonnes)","Viande, poulet, fraîche ou réfrigérée","2011","tonnes","253836.62"
"Compte Disponibilités et Utilisations (CDU) (2010-)","Guatemala","Disponibilité alimentaire en quantité (tonnes)","Viande, poulet, fraîche ou réfrigérée","2012","tonnes","260385.15"
"Compte Disponibilités et Utilisations (CDU) (2010-)","Guatemala","Disponibilité alimentaire en quantité (tonnes)","Viande, poulet, fraîche ou réfrigérée","2013","tonnes","268036.72"
"Compte Disponibilités et Utilisations (CDU) (2010-)","Guatemala","Disponibilité alimentaire en quantité (tonnes)","Viande, poulet, fraîche ou réfrigérée","2014","tonnes","278242.02"
"Compte Disponibilités et Utilisations (CDU) (2010-)","Guatemala","Disponibilité alimentaire en quantité (tonnes)","Viande, poulet, fraîche ou réfrigérée","2015","tonnes","311765.67"
"Compte Disponibilités et Utilisations (CDU) (2010-)","Guatemala","Disponibilité alimentaire en quantité (tonnes)","Viande, poulet, fraîche ou réfrigérée","2016","tonnes","328089.94"
"Compte Disponibilités et Utilisations (CDU) (2010-)","Guatemala","Disponibilité alimentaire en quantité (tonnes)","Viande, poulet, fraîche ou réfrigérée","2017","tonnes","329017.11"
"Compte Disponibilités et Utilisations (CDU) (2010-)","Guatemala","Disponibilité alimentaire en quantité (tonnes)","Viande, poulet, fraîche ou réfrigérée","2018","tonnes","325807.3"
"Compte Disponibilités et Utilisations (CDU) (2010-)","Guatemala","Disponibilité alimentaire en quantité (tonnes)","Viande, poulet, fraîche ou réfrigérée","2019","tonnes","376792"
"Compte Disponibilités et Utilisations (CDU) (2010-)","Guatemala","Disponibilité alimentaire en quantité (tonnes)","Viande, poulet, fraîche ou réfrigérée","2020","tonnes","441868"
"Compte Disponibilités et Utilisations (CDU) (2010-)","Guatemala","Disponibilité alimentaire en quantité (tonnes)","Viande, poulet, fraîche ou réfrigérée","2021","tonnes","385701"
"Compte Disponibilités et Utilisations (CDU) (2010-)","Guatemala","Disponibilité alimentaire en quantité (tonnes)","Viande, poulet, fraîche ou réfrigérée","2022","tonnes","444095.44"
"Compte Disponibilités et Utilisations (CDU) (2010-)","Guatemala","Disponibilité alimentaire en quantité (tonnes)","Viande, poulet, fraîche ou réfrigérée","2023","tonnes","465747.77"
"Compte Disponibilités et Utilisations (CDU) (2010-)","Guinée","Disponibilité alimentaire en quantité (tonnes)","Viande, poulet, fraîche ou réfrigérée","2010","tonnes","16126.11"
"Compte Disponibilités et Utilisations (CDU) (2010-)","Guinée","Disponibilité alimentaire en quantité (tonnes)","Viande, poulet, fraîche ou réfrigérée","2011","tonnes","17040.57"
"Compte Disponibilités et Utilisations (CDU) (2010-)","Guinée","Disponibilité alimentaire en quantité (tonnes)","Viande, poulet, fraîche ou réfrigérée","2012","tonnes","18059.94"
"Compte Disponibilités et Utilisations (CDU) (2010-)","Guinée","Disponibilité alimentaire en quantité (tonnes)","Viande, poulet, fraîche ou réfrigérée","2013","tonnes","19278.8"
"Compte Disponibilités et Utilisations (CDU) (2010-)","Guinée","Disponibilité alimentaire en quantité (tonnes)","Viande, poulet, fraîche ou réfrigérée","2014","tonnes","19329.84"
"Compte Disponibilités et Utilisations (CDU) (2010-)","Guinée","Disponibilité alimentaire en quantité (tonnes)","Viande, poulet, fraîche ou réfrigérée","2015","tonnes","20189.53"
"Compte Disponibilités et Utilisations (CDU) (2010-)","Guinée","Disponibilité alimentaire en quantité (tonnes)","Viande, poulet, fraîche ou réfrigérée","2016","tonnes","21512.57"
"Compte Disponibilités et Utilisations (CDU) (2010-)","Guinée","Disponibilité alimentaire en quantité (tonnes)","Viande, poulet, fraîche ou réfrigérée","2017","tonnes","23256.58"
"Compte Disponibilités et Utilisations (CDU) (2010-)","Guinée","Disponibilité alimentaire en quantité (tonnes)","Viande, poulet, fraîche ou réfrigérée","2018","tonnes","25209.21"
"Compte Disponibilités et Utilisations (CDU) (2010-)","Guinée","Disponibilité alimentaire en quantité (tonnes)","Viande, poulet, fraîche ou réfrigérée","2019","tonnes","30072.73"
"Compte Disponibilités et Utilisations (CDU) (2010-)","Guinée","Disponibilité alimentaire en quantité (tonnes)","Viande, poulet, fraîche ou réfrigérée","2020","tonnes","61547.66"
"Compte Disponibilités et Utilisations (CDU) (2010-)","Guinée","Disponibilité alimentaire en quantité (tonnes)","Viande, poulet, fraîche ou réfrigérée","2021","tonnes","73351.3"
"Compte Disponibilités et Utilisations (CDU) (2010-)","Guinée","Disponibilité alimentaire en quantité (tonnes)","Viande, poulet, fraîche ou réfrigérée","2022","tonnes","81195.23"
"Compte Disponibilités et Utilisations (CDU) (2010-)","Guinée","Disponibilité alimentaire en quantité (tonnes)","Viande, poulet, fraîche ou réfrigérée","2023","tonnes","78829.88"
"Compte Disponibilités et Utilisations (CDU) (2010-)","Guinée-Bissau","Disponibilité alimentaire en quantité (tonnes)","Viande, poulet, fraîche ou réfrigérée","2010","tonnes","3242.9"
"Compte Disponibilités et Utilisations (CDU) (2010-)","Guinée-Bissau","Disponibilité alimentaire en quantité (tonnes)","Viande, poulet, fraîche ou réfrigérée","2011","tonnes","3604.6"
"Compte Disponibilités et Utilisations (CDU) (2010-)","Guinée-Bissau","Disponibilité alimentaire en quantité (tonnes)","Viande, poulet, fraîche ou réfrigérée","2012","tonnes","3395.5"
"Compte Disponibilités et Utilisations (CDU) (2010-)","Guinée-Bissau","Disponibilité alimentaire en quantité (tonnes)","Viande, poulet, fraîche ou réfrigérée","2013","tonnes","3723.27"
"Compte Disponibilités et Utilisations (CDU) (2010-)","Guinée-Bissau","Disponibilité alimentaire en quantité (tonnes)","Viande, poulet, fraîche ou réfrigérée","2014","tonnes","4215.71"
"Compte Disponibilités et Utilisations (CDU) (2010-)","Guinée-Bissau","Disponibilité alimentaire en quantité (tonnes)","Viande, poulet, fraîche ou réfrigérée","2015","tonnes","5160.76"
"Compte Disponibilités et Utilisations (CDU) (2010-)","Guinée-Bissau","Disponibilité alimentaire en quantité (tonnes)","Viande, poulet, fraîche ou réfrigérée","2016","tonnes","5634.99"
"Compte Disponibilités et Utilisations (CDU) (2010-)","Guinée-Bissau","Disponibilité alimentaire en quantité (tonnes)","Viande, poulet, fraîche ou réfrigérée","2017","tonnes","6777.19"
"Compte Disponibilités et Utilisations (CDU) (2010-)","Guinée-Bissau","Disponibilité alimentaire en quantité (tonnes)","Viande, poulet, fraîche ou réfrigérée","2018","tonnes","6123.31"
"Compte Disponibilités et Utilisations (CDU) (2010-)","Guinée-Bissau","Disponibilité alimentaire en quantité (tonnes)","Viande, poulet, fraîche ou réfrigérée","2019","tonnes","5890.33"
"Compte Disponibilités et Utilisations (CDU) (2010-)","Guinée-Bissau","Disponibilité alimentaire en quantité (tonnes)","Viande, poulet, fraîche ou réfrigérée","2020","tonnes","5767.6"
"Compte Disponibilités et Utilisations (CDU) (2010-)","Guinée-Bissau","Disponibilité alimentaire en quantité (tonnes)","Viande, poulet, fraîche ou réfrigérée","2021","tonnes","6013.21"
"Compte Disponibilités et Utilisations (CDU) (2010-)","Guinée-Bissau","Disponibilité alimentaire en quantité (tonnes)","Viande, poulet, fraîche ou réfrigérée","2022","tonnes","6068.61"
"Compte Disponibilités et Utilisations (CDU) (2010-)","Guinée-Bissau","Disponibilité alimentaire en quantité (tonnes)","Viande, poulet, fraîche ou réfrigérée","2023","tonnes","8284.6"
"Compte Disponibilités et Utilisations (CDU) (2010-)","Guyana","Disponibilité alimentaire en quantité (tonnes)","Viande, poulet, fraîche ou réfrigérée","2010","tonnes","23046.53"
"Compte Disponibilités et Utilisations (CDU) (2010-)","Guyana","Disponibilité alimentaire en quantité (tonnes)","Viande, poulet, fraîche ou réfrigérée","2011","tonnes","24681"
"Compte Disponibilités et Utilisations (CDU) (2010-)","Guyana","Disponibilité alimentaire en quantité (tonnes)","Viande, poulet, fraîche ou réfrigérée","2012","tonnes","30011.65"
"Compte Disponibilités et Utilisations (CDU) (2010-)","Guyana","Disponibilité alimentaire en quantité (tonnes)","Viande, poulet, fraîche ou réfrigérée","2013","tonnes","28533.47"
"Compte Disponibilités et Utilisations (CDU) (2010-)","Guyana","Disponibilité alimentaire en quantité (tonnes)","Viande, poulet, fraîche ou réfrigérée","2014","tonnes","29006.7"
"Compte Disponibilités et Utilisations (CDU) (2010-)","Guyana","Disponibilité alimentaire en quantité (tonnes)","Viande, poulet, fraîche ou réfrigérée","2015","tonnes","31208.63"
"Compte Disponibilités et Utilisations (CDU) (2010-)","Guyana","Disponibilité alimentaire en quantité (tonnes)","Viande, poulet, fraîche ou réfrigérée","2016","tonnes","32907.68"
"Compte Disponibilités et Utilisations (CDU) (2010-)","Guyana","Disponibilité alimentaire en quantité (tonnes)","Viande, poulet, fraîche ou réfrigérée","2017","tonnes","30749.27"
"Compte Disponibilités et Utilisations (CDU) (2010-)","Guyana","Disponibilité alimentaire en quantité (tonnes)","Viande, poulet, fraîche ou réfrigérée","2018","tonnes","42028.2"
"Compte Disponibilités et Utilisations (CDU) (2010-)","Guyana","Disponibilité alimentaire en quantité (tonnes)","Viande, poulet, fraîche ou réfrigérée","2019","tonnes","38857.1"
"Compte Disponibilités et Utilisations (CDU) (2010-)","Guyana","Disponibilité alimentaire en quantité (tonnes)","Viande, poulet, fraîche ou réfrigérée","2020","tonnes","42750.72"
"Compte Disponibilités et Utilisations (CDU) (2010-)","Guyana","Disponibilité alimentaire en quantité (tonnes)","Viande, poulet, fraîche ou réfrigérée","2021","tonnes","48948.54"
"Compte Disponibilités et Utilisations (CDU) (2010-)","Guyana","Disponibilité alimentaire en quantité (tonnes)","Viande, poulet, fraîche ou réfrigérée","2022","tonnes","57368.31"
"Compte Disponibilités et Utilisations (CDU) (2010-)","Guyana","Disponibilité alimentaire en quantité (tonnes)","Viande, poulet, fraîche ou réfrigérée","2023","tonnes","62778.36"
"Compte Disponibilités et Utilisations (CDU) (2010-)","Haïti","Disponibilité alimentaire en quantité (tonnes)","Viande, poulet, fraîche ou réfrigérée","2010","tonnes","57909"
"Compte Disponibilités et Utilisations (CDU) (2010-)","Haïti","Disponibilité alimentaire en quantité (tonnes)","Viande, poulet, fraîche ou réfrigérée","2011","tonnes","75813"
"Compte Disponibilités et Utilisations (CDU) (2010-)","Haïti","Disponibilité alimentaire en quantité (tonnes)","Viande, poulet, fraîche ou réfrigérée","2012","tonnes","80865"
"Compte Disponibilités et Utilisations (CDU) (2010-)","Haïti","Disponibilité alimentaire en quantité (tonnes)","Viande, poulet, fraîche ou réfrigérée","2013","tonnes","77580"
"Compte Disponibilités et Utilisations (CDU) (2010-)","Haïti","Disponibilité alimentaire en quantité (tonnes)","Viande, poulet, fraîche ou réfrigérée","2014","tonnes","84556.57"
"Compte Disponibilités et Utilisations (CDU) (2010-)","Haïti","Disponibilité alimentaire en quantité (tonnes)","Viande, poulet, fraîche ou réfrigérée","2015","tonnes","88955.43"
"Compte Disponibilités et Utilisations (CDU) (2010-)","Haïti","Disponibilité alimentaire en quantité (tonnes)","Viande, poulet, fraîche ou réfrigérée","2016","tonnes","101303.79"
"Compte Disponibilités et Utilisations (CDU) (2010-)","Haïti","Disponibilité alimentaire en quantité (tonnes)","Viande, poulet, fraîche ou réfrigérée","2017","tonnes","89910.58"
"Compte Disponibilités et Utilisations (CDU) (2010-)","Haïti","Disponibilité alimentaire en quantité (tonnes)","Viande, poulet, fraîche ou réfrigérée","2018","tonnes","103400.67"
"Compte Disponibilités et Utilisations (CDU) (2010-)","Haïti","Disponibilité alimentaire en quantité (tonnes)","Viande, poulet, fraîche ou réfrigérée","2019","tonnes","103227.89"
"Compte Disponibilités et Utilisations (CDU) (2010-)","Haïti","Disponibilité alimentaire en quantité (tonnes)","Viande, poulet, fraîche ou réfrigérée","2020","tonnes","116988.82"
"Compte Disponibilités et Utilisations (CDU) (2010-)","Haïti","Disponibilité alimentaire en quantité (tonnes)","Viande, poulet, fraîche ou réfrigérée","2021","tonnes","133372.11"
"Compte Disponibilités et Utilisations (CDU) (2010-)","Haïti","Disponibilité alimentaire en quantité (tonnes)","Viande, poulet, fraîche ou réfrigérée","2022","tonnes","112190.23"
"Compte Disponibilités et Utilisations (CDU) (2010-)","Haïti","Disponibilité alimentaire en quantité (tonnes)","Viande, poulet, fraîche ou réfrigérée","2023","tonnes","113560.01"
"Compte Disponibilités et Utilisations (CDU) (2010-)","Honduras","Disponibilité alimentaire en quantité (tonnes)","Viande, poulet, fraîche ou réfrigérée","2010","tonnes","143697.49"
"Compte Disponibilités et Utilisations (CDU) (2010-)","Honduras","Disponibilité alimentaire en quantité (tonnes)","Viande, poulet, fraîche ou réfrigérée","2011","tonnes","155475.83"
"Compte Disponibilités et Utilisations (CDU) (2010-)","Honduras","Disponibilité alimentaire en quantité (tonnes)","Viande, poulet, fraîche ou réfrigérée","2012","tonnes","162150.31"
"Compte Disponibilités et Utilisations (CDU) (2010-)","Honduras","Disponibilité alimentaire en quantité (tonnes)","Viande, poulet, fraîche ou réfrigérée","2013","tonnes","155531.09"
"Compte Disponibilités et Utilisations (CDU) (2010-)","Honduras","Disponibilité alimentaire en quantité (tonnes)","Viande, poulet, fraîche ou réfrigérée","2014","tonnes","164569.01"
"Compte Disponibilités et Utilisations (CDU) (2010-)","Honduras","Disponibilité alimentaire en quantité (tonnes)","Viande, poulet, fraîche ou réfrigérée","2015","tonnes","185768.13"
"Compte Disponibilités et Utilisations (CDU) (2010-)","Honduras","Disponibilité alimentaire en quantité (tonnes)","Viande, poulet, fraîche ou réfrigérée","2016","tonnes","198164.8"
"Compte Disponibilités et Utilisations (CDU) (2010-)","Honduras","Disponibilité alimentaire en quantité (tonnes)","Viande, poulet, fraîche ou réfrigérée","2017","tonnes","200614.52"
"Compte Disponibilités et Utilisations (CDU) (2010-)","Honduras","Disponibilité alimentaire en quantité (tonnes)","Viande, poulet, fraîche ou réfrigérée","2018","tonnes","217050.77"
"Compte Disponibilités et Utilisations (CDU) (2010-)","Honduras","Disponibilité alimentaire en quantité (tonnes)","Viande, poulet, fraîche ou réfrigérée","2019","tonnes","222345.59"
"Compte Disponibilités et Utilisations (CDU) (2010-)","Honduras","Disponibilité alimentaire en quantité (tonnes)","Viande, poulet, fraîche ou réfrigérée","2020","tonnes","200829.39"
"Compte Disponibilités et Utilisations (CDU) (2010-)","Honduras","Disponibilité alimentaire en quantité (tonnes)","Viande, poulet, fraîche ou réfrigérée","2021","tonnes","253000.73"
"Compte Disponibilités et Utilisations (CDU) (2010-)","Honduras","Disponibilité alimentaire en quantité (tonnes)","Viande, poulet, fraîche ou réfrigérée","2022","tonnes","245002.27"
"Compte Disponibilités et Utilisations (CDU) (2010-)","Honduras","Disponibilité alimentaire en quantité (tonnes)","Viande, poulet, fraîche ou réfrigérée","2023","tonnes","252312.5"
"Compte Disponibilités et Utilisations (CDU) (2010-)","Hongrie","Disponibilité alimentaire en quantité (tonnes)","Viande, poulet, fraîche ou réfrigérée","2010","tonnes","144233"
"Compte Disponibilités et Utilisations (CDU) (2010-)","Hongrie","Disponibilité alimentaire en quantité (tonnes)","Viande, poulet, fraîche ou réfrigérée","2011","tonnes","148258"
"Compte Disponibilités et Utilisations (CDU) (2010-)","Hongrie","Disponibilité alimentaire en quantité (tonnes)","Viande, poulet, fraîche ou réfrigérée","2012","tonnes","169974"
"Compte Disponibilités et Utilisations (CDU) (2010-)","Hongrie","Disponibilité alimentaire en quantité (tonnes)","Viande, poulet, fraîche ou réfrigérée","2013","tonnes","155686"
"Compte Disponibilités et Utilisations (CDU) (2010-)","Hongrie","Disponibilité alimentaire en quantité (tonnes)","Viande, poulet, fraîche ou réfrigérée","2014","tonnes","159138.25"
"Compte Disponibilités et Utilisations (CDU) (2010-)","Hongrie","Disponibilité alimentaire en quantité (tonnes)","Viande, poulet, fraîche ou réfrigérée","2015","tonnes","159821.55"
"Compte Disponibilités et Utilisations (CDU) (2010-)","Hongrie","Disponibilité alimentaire en quantité (tonnes)","Viande, poulet, fraîche ou réfrigérée","2016","tonnes","160185.57"
"Compte Disponibilités et Utilisations (CDU) (2010-)","Hongrie","Disponibilité alimentaire en quantité (tonnes)","Viande, poulet, fraîche ou réfrigérée","2017","tonnes","161128.92"
"Compte Disponibilités et Utilisations (CDU) (2010-)","Hongrie","Disponibilité alimentaire en quantité (tonnes)","Viande, poulet, fraîche ou réfrigérée","2018","tonnes","162614.8"
"Compte Disponibilités et Utilisations (CDU) (2010-)","Hongrie","Disponibilité alimentaire en quantité (tonnes)","Viande, poulet, fraîche ou réfrigérée","2019","tonnes","158959.04"
"Compte Disponibilités et Utilisations (CDU) (2010-)","Hongrie","Disponibilité alimentaire en quantité (tonnes)","Viande, poulet, fraîche ou réfrigérée","2020","tonnes","157539.1"
"Compte Disponibilités et Utilisations (CDU) (2010-)","Hongrie","Disponibilité alimentaire en quantité (tonnes)","Viande, poulet, fraîche ou réfrigérée","2021","tonnes","159514.18"
"Compte Disponibilités et Utilisations (CDU) (2010-)","Hongrie","Disponibilité alimentaire en quantité (tonnes)","Viande, poulet, fraîche ou réfrigérée","2022","tonnes","161332.64"
"Compte Disponibilités et Utilisations (CDU) (2010-)","Hongrie","Disponibilité alimentaire en quantité (tonnes)","Viande, poulet, fraîche ou réfrigérée","2023","tonnes","161065.99"
"Compte Disponibilités et Utilisations (CDU) (2010-)","Îles Marshall","Disponibilité alimentaire en quantité (tonnes)","Viande, poulet, fraîche ou réfrigérée","2019","tonnes","2002.31"
"Compte Disponibilités et Utilisations (CDU) (2010-)","Îles Marshall","Disponibilité alimentaire en quantité (tonnes)","Viande, poulet, fraîche ou réfrigérée","2020","tonnes","2546.19"
"Compte Disponibilités et Utilisations (CDU) (2010-)","Îles Marshall","Disponibilité alimentaire en quantité (tonnes)","Viande, poulet, fraîche ou réfrigérée","2021","tonnes","2738.59"
"Compte Disponibilités et Utilisations (CDU) (2010-)","Îles Marshall","Disponibilité alimentaire en quantité (tonnes)","Viande, poulet, fraîche ou réfrigérée","2022","tonnes","2807.07"
"Compte Disponibilités et Utilisations (CDU) (2010-)","Îles Marshall","Disponibilité alimentaire en quantité (tonnes)","Viande, poulet, fraîche ou réfrigérée","2023","tonnes","2819.83"
"Compte Disponibilités et Utilisations (CDU) (2010-)","Îles Salomon","Disponibilité alimentaire en quantité (tonnes)","Viande, poulet, fraîche ou réfrigérée","2010","tonnes","1167.17"
"Compte Disponibilités et Utilisations (CDU) (2010-)","Îles Salomon","Disponibilité alimentaire en quantité (tonnes)","Viande, poulet, fraîche ou réfrigérée","2011","tonnes","3088.48"
"Compte Disponibilités et Utilisations (CDU) (2010-)","Îles Salomon","Disponibilité alimentaire en quantité (tonnes)","Viande, poulet, fraîche ou réfrigérée","2012","tonnes","1365.07"
"Compte Disponibilités et Utilisations (CDU) (2010-)","Îles Salomon","Disponibilité alimentaire en quantité (tonnes)","Viande, poulet, fraîche ou réfrigérée","2013","tonnes","1792.39"
"Compte Disponibilités et Utilisations (CDU) (2010-)","Îles Salomon","Disponibilité alimentaire en quantité (tonnes)","Viande, poulet, fraîche ou réfrigérée","2014","tonnes","3050.76"
"Compte Disponibilités et Utilisations (CDU) (2010-)","Îles Salomon","Disponibilité alimentaire en quantité (tonnes)","Viande, poulet, fraîche ou réfrigérée","2015","tonnes","2801.77"
"Compte Disponibilités et Utilisations (CDU) (2010-)","Îles Salomon","Disponibilité alimentaire en quantité (tonnes)","Viande, poulet, fraîche ou réfrigérée","2016","tonnes","3758.28"
"Compte Disponibilités et Utilisations (CDU) (2010-)","Îles Salomon","Disponibilité alimentaire en quantité (tonnes)","Viande, poulet, fraîche ou réfrigérée","2017","tonnes","4031.03"
"Compte Disponibilités et Utilisations (CDU) (2010-)","Îles Salomon","Disponibilité alimentaire en quantité (tonnes)","Viande, poulet, fraîche ou réfrigérée","2018","tonnes","3803.9"
"Compte Disponibilités et Utilisations (CDU) (2010-)","Îles Salomon","Disponibilité alimentaire en quantité (tonnes)","Viande, poulet, fraîche ou réfrigérée","2019","tonnes","3496.64"
"Compte Disponibilités et Utilisations (CDU) (2010-)","Îles Salomon","Disponibilité alimentaire en quantité (tonnes)","Viande, poulet, fraîche ou réfrigérée","2020","tonnes","4119.37"
"Compte Disponibilités et Utilisations (CDU) (2010-)","Îles Salomon","Disponibilité alimentaire en quantité (tonnes)","Viande, poulet, fraîche ou réfrigérée","2021","tonnes","5035.66"
"Compte Disponibilités et Utilisations (CDU) (2010-)","Îles Salomon","Disponibilité alimentaire en quantité (tonnes)","Viande, poulet, fraîche ou réfrigérée","2022","tonnes","4422.24"
"Compte Disponibilités et Utilisations (CDU) (2010-)","Îles Salomon","Disponibilité alimentaire en quantité (tonnes)","Viande, poulet, fraîche ou réfrigérée","2023","tonnes","5966.18"
"Compte Disponibilités et Utilisations (CDU) (2010-)","Inde","Disponibilité alimentaire en quantité (tonnes)","Viande, poulet, fraîche ou réfrigérée","2010","tonnes","2190766"
"Compte Disponibilités et Utilisations (CDU) (2010-)","Inde","Disponibilité alimentaire en quantité (tonnes)","Viande, poulet, fraîche ou réfrigérée","2011","tonnes","2400626.38"
"Compte Disponibilités et Utilisations (CDU) (2010-)","Inde","Disponibilité alimentaire en quantité (tonnes)","Viande, poulet, fraîche ou réfrigérée","2012","tonnes","2449896.58"
"Compte Disponibilités et Utilisations (CDU) (2010-)","Inde","Disponibilité alimentaire en quantité (tonnes)","Viande, poulet, fraîche ou réfrigérée","2013","tonnes","2680381.8"
"Compte Disponibilités et Utilisations (CDU) (2010-)","Inde","Disponibilité alimentaire en quantité (tonnes)","Viande, poulet, fraîche ou réfrigérée","2014","tonnes","3036876.33"
"Compte Disponibilités et Utilisations (CDU) (2010-)","Inde","Disponibilité alimentaire en quantité (tonnes)","Viande, poulet, fraîche ou réfrigérée","2015","tonnes","3256243.33"
"Compte Disponibilités et Utilisations (CDU) (2010-)","Inde","Disponibilité alimentaire en quantité (tonnes)","Viande, poulet, fraîche ou réfrigérée","2016","tonnes","3435398.05"
"Compte Disponibilités et Utilisations (CDU) (2010-)","Inde","Disponibilité alimentaire en quantité (tonnes)","Viande, poulet, fraîche ou réfrigérée","2017","tonnes","3763311.9"
"Compte Disponibilités et Utilisations (CDU) (2010-)","Inde","Disponibilité alimentaire en quantité (tonnes)","Viande, poulet, fraîche ou réfrigérée","2018","tonnes","4055164.53"
"Compte Disponibilités et Utilisations (CDU) (2010-)","Inde","Disponibilité alimentaire en quantité (tonnes)","Viande, poulet, fraîche ou réfrigérée","2019","tonnes","4338065.38"
"Compte Disponibilités et Utilisations (CDU) (2010-)","Inde","Disponibilité alimentaire en quantité (tonnes)","Viande, poulet, fraîche ou réfrigérée","2020","tonnes","4469747.79"
"Compte Disponibilités et Utilisations (CDU) (2010-)","Inde","Disponibilité alimentaire en quantité (tonnes)","Viande, poulet, fraîche ou réfrigérée","2021","tonnes","4638029.8"
"Compte Disponibilités et Utilisations (CDU) (2010-)","Inde","Disponibilité alimentaire en quantité (tonnes)","Viande, poulet, fraîche ou réfrigérée","2022","tonnes","4990766.75"
"Compte Disponibilités et Utilisations (CDU) (2010-)","Inde","Disponibilité alimentaire en quantité (tonnes)","Viande, poulet, fraîche ou réfrigérée","2023","tonnes","5014749.11"
"Compte Disponibilités et Utilisations (CDU) (2010-)","Indonésie","Disponibilité alimentaire en quantité (tonnes)","Viande, poulet, fraîche ou réfrigérée","2010","tonnes","1599358.58"
"Compte Disponibilités et Utilisations (CDU) (2010-)","Indonésie","Disponibilité alimentaire en quantité (tonnes)","Viande, poulet, fraîche ou réfrigérée","2011","tonnes","1660009.49"
"Compte Disponibilités et Utilisations (CDU) (2010-)","Indonésie","Disponibilité alimentaire en quantité (tonnes)","Viande, poulet, fraîche ou réfrigérée","2012","tonnes","1721804.32"
"Compte Disponibilités et Utilisations (CDU) (2010-)","Indonésie","Disponibilité alimentaire en quantité (tonnes)","Viande, poulet, fraîche ou réfrigérée","2013","tonnes","1781645.87"
"Compte Disponibilités et Utilisations (CDU) (2010-)","Indonésie","Disponibilité alimentaire en quantité (tonnes)","Viande, poulet, fraîche ou réfrigérée","2014","tonnes","1838628.4"
"Compte Disponibilités et Utilisations (CDU) (2010-)","Indonésie","Disponibilité alimentaire en quantité (tonnes)","Viande, poulet, fraîche ou réfrigérée","2015","tonnes","1894325.66"
"Compte Disponibilités et Utilisations (CDU) (2010-)","Indonésie","Disponibilité alimentaire en quantité (tonnes)","Viande, poulet, fraîche ou réfrigérée","2016","tonnes","1952482.83"
"Compte Disponibilités et Utilisations (CDU) (2010-)","Indonésie","Disponibilité alimentaire en quantité (tonnes)","Viande, poulet, fraîche ou réfrigérée","2017","tonnes","2010041.19"
"Compte Disponibilités et Utilisations (CDU) (2010-)","Indonésie","Disponibilité alimentaire en quantité (tonnes)","Viande, poulet, fraîche ou réfrigérée","2018","tonnes","2075454.26"
"Compte Disponibilités et Utilisations (CDU) (2010-)","Indonésie","Disponibilité alimentaire en quantité (tonnes)","Viande, poulet, fraîche ou réfrigérée","2019","tonnes","3927734.08"
"Compte Disponibilités et Utilisations (CDU) (2010-)","Indonésie","Disponibilité alimentaire en quantité (tonnes)","Viande, poulet, fraîche ou réfrigérée","2020","tonnes","3641042.45"
"Compte Disponibilités et Utilisations (CDU) (2010-)","Indonésie","Disponibilité alimentaire en quantité (tonnes)","Viande, poulet, fraîche ou réfrigérée","2021","tonnes","3455341.46"
"Compte Disponibilités et Utilisations (CDU) (2010-)","Indonésie","Disponibilité alimentaire en quantité (tonnes)","Viande, poulet, fraîche ou réfrigérée","2022","tonnes","4107722.86"
"Compte Disponibilités et Utilisations (CDU) (2010-)","Indonésie","Disponibilité alimentaire en quantité (tonnes)","Viande, poulet, fraîche ou réfrigérée","2023","tonnes","4443029.51"
"Compte Disponibilités et Utilisations (CDU) (2010-)","Iran (République islamique d')","Disponibilité alimentaire en quantité (tonnes)","Viande, poulet, fraîche ou réfrigérée","2010","tonnes","1670235"
"Compte Disponibilités et Utilisations (CDU) (2010-)","Iran (République islamique d')","Disponibilité alimentaire en quantité (tonnes)","Viande, poulet, fraîche ou réfrigérée","2011","tonnes","1820323"
"Compte Disponibilités et Utilisations (CDU) (2010-)","Iran (République islamique d')","Disponibilité alimentaire en quantité (tonnes)","Viande, poulet, fraîche ou réfrigérée","2012","tonnes","1875889"
"Compte Disponibilités et Utilisations (CDU) (2010-)","Iran (République islamique d')","Disponibilité alimentaire en quantité (tonnes)","Viande, poulet, fraîche ou réfrigérée","2013","tonnes","1953743"
"Compte Disponibilités et Utilisations (CDU) (2010-)","Iran (République islamique d')","Disponibilité alimentaire en quantité (tonnes)","Viande, poulet, fraîche ou réfrigérée","2014","tonnes","2077139.92"
"Compte Disponibilités et Utilisations (CDU) (2010-)","Iran (République islamique d')","Disponibilité alimentaire en quantité (tonnes)","Viande, poulet, fraîche ou réfrigérée","2015","tonnes","2071076.85"
"Compte Disponibilités et Utilisations (CDU) (2010-)","Iran (République islamique d')","Disponibilité alimentaire en quantité (tonnes)","Viande, poulet, fraîche ou réfrigérée","2016","tonnes","2237340.58"
"Compte Disponibilités et Utilisations (CDU) (2010-)","Iran (République islamique d')","Disponibilité alimentaire en quantité (tonnes)","Viande, poulet, fraîche ou réfrigérée","2017","tonnes","2177249.34"
"Compte Disponibilités et Utilisations (CDU) (2010-)","Iran (République islamique d')","Disponibilité alimentaire en quantité (tonnes)","Viande, poulet, fraîche ou réfrigérée","2018","tonnes","2182180.98"
"Compte Disponibilités et Utilisations (CDU) (2010-)","Iran (République islamique d')","Disponibilité alimentaire en quantité (tonnes)","Viande, poulet, fraîche ou réfrigérée","2019","tonnes","2136086.87"
"Compte Disponibilités et Utilisations (CDU) (2010-)","Iran (République islamique d')","Disponibilité alimentaire en quantité (tonnes)","Viande, poulet, fraîche ou réfrigérée","2020","tonnes","2429017.52"
"Compte Disponibilités et Utilisations (CDU) (2010-)","Iran (République islamique d')","Disponibilité alimentaire en quantité (tonnes)","Viande, poulet, fraîche ou réfrigérée","2021","tonnes","2220531.26"
"Compte Disponibilités et Utilisations (CDU) (2010-)","Iran (République islamique d')","Disponibilité alimentaire en quantité (tonnes)","Viande, poulet, fraîche ou réfrigérée","2022","tonnes","2178931"
"Compte Disponibilités et Utilisations (CDU) (2010-)","Iran (République islamique d')","Disponibilité alimentaire en quantité (tonnes)","Viande, poulet, fraîche ou réfrigérée","2023","tonnes","2115176.26"
"Compte Disponibilités et Utilisations (CDU) (2010-)","Iraq","Disponibilité alimentaire en quantité (tonnes)","Viande, poulet, fraîche ou réfrigérée","2010","tonnes","315355"
"Compte Disponibilités et Utilisations (CDU) (2010-)","Iraq","Disponibilité alimentaire en quantité (tonnes)","Viande, poulet, fraîche ou réfrigérée","2011","tonnes","459134"
"Compte Disponibilités et Utilisations (CDU) (2010-)","Iraq","Disponibilité alimentaire en quantité (tonnes)","Viande, poulet, fraîche ou réfrigérée","2012","tonnes","440626"
"Compte Disponibilités et Utilisations (CDU) (2010-)","Iraq","Disponibilité alimentaire en quantité (tonnes)","Viande, poulet, fraîche ou réfrigérée","2013","tonnes","513851"
"Compte Disponibilités et Utilisations (CDU) (2010-)","Iraq","Disponibilité alimentaire en quantité (tonnes)","Viande, poulet, fraîche ou réfrigérée","2014","tonnes","172217"
"Compte Disponibilités et Utilisations (CDU) (2010-)","Iraq","Disponibilité alimentaire en quantité (tonnes)","Viande, poulet, fraîche ou réfrigérée","2015","tonnes","433013"
"Compte Disponibilités et Utilisations (CDU) (2010-)","Iraq","Disponibilité alimentaire en quantité (tonnes)","Viande, poulet, fraîche ou réfrigérée","2016","tonnes","505579"
"Compte Disponibilités et Utilisations (CDU) (2010-)","Iraq","Disponibilité alimentaire en quantité (tonnes)","Viande, poulet, fraîche ou réfrigérée","2017","tonnes","567820"
"Compte Disponibilités et Utilisations (CDU) (2010-)","Iraq","Disponibilité alimentaire en quantité (tonnes)","Viande, poulet, fraîche ou réfrigérée","2018","tonnes","557896.24"
"Compte Disponibilités et Utilisations (CDU) (2010-)","Iraq","Disponibilité alimentaire en quantité (tonnes)","Viande, poulet, fraîche ou réfrigérée","2019","tonnes","598000"
"Compte Disponibilités et Utilisations (CDU) (2010-)","Iraq","Disponibilité alimentaire en quantité (tonnes)","Viande, poulet, fraîche ou réfrigérée","2020","tonnes","583400"
"Compte Disponibilités et Utilisations (CDU) (2010-)","Iraq","Disponibilité alimentaire en quantité (tonnes)","Viande, poulet, fraîche ou réfrigérée","2021","tonnes","471698.07"
"Compte Disponibilités et Utilisations (CDU) (2010-)","Iraq","Disponibilité alimentaire en quantité (tonnes)","Viande, poulet, fraîche ou réfrigérée","2022","tonnes","615088.01"
"Compte Disponibilités et Utilisations (CDU) (2010-)","Iraq","Disponibilité alimentaire en quantité (tonnes)","Viande, poulet, fraîche ou réfrigérée","2023","tonnes","679108.86"
"Compte Disponibilités et Utilisations (CDU) (2010-)","Irlande","Disponibilité alimentaire en quantité (tonnes)","Viande, poulet, fraîche ou réfrigérée","2010","tonnes","76317"
"Compte Disponibilités et Utilisations (CDU) (2010-)","Irlande","Disponibilité alimentaire en quantité (tonnes)","Viande, poulet, fraîche ou réfrigérée","2011","tonnes","68652"
"Compte Disponibilités et Utilisations (CDU) (2010-)","Irlande","Disponibilité alimentaire en quantité (tonnes)","Viande, poulet, fraîche ou réfrigérée","2012","tonnes","79227"
"Compte Disponibilités et Utilisations (CDU) (2010-)","Irlande","Disponibilité alimentaire en quantité (tonnes)","Viande, poulet, fraîche ou réfrigérée","2013","tonnes","84431"
"Compte Disponibilités et Utilisations (CDU) (2010-)","Irlande","Disponibilité alimentaire en quantité (tonnes)","Viande, poulet, fraîche ou réfrigérée","2014","tonnes","79858.15"
"Compte Disponibilités et Utilisations (CDU) (2010-)","Irlande","Disponibilité alimentaire en quantité (tonnes)","Viande, poulet, fraîche ou réfrigérée","2015","tonnes","85243.32"
"Compte Disponibilités et Utilisations (CDU) (2010-)","Irlande","Disponibilité alimentaire en quantité (tonnes)","Viande, poulet, fraîche ou réfrigérée","2016","tonnes","87077.3"
"Compte Disponibilités et Utilisations (CDU) (2010-)","Irlande","Disponibilité alimentaire en quantité (tonnes)","Viande, poulet, fraîche ou réfrigérée","2017","tonnes","89773.2"
"Compte Disponibilités et Utilisations (CDU) (2010-)","Irlande","Disponibilité alimentaire en quantité (tonnes)","Viande, poulet, fraîche ou réfrigérée","2018","tonnes","91674.16"
"Compte Disponibilités et Utilisations (CDU) (2010-)","Irlande","Disponibilité alimentaire en quantité (tonnes)","Viande, poulet, fraîche ou réfrigérée","2019","tonnes","91096.78"
"Compte Disponibilités et Utilisations (CDU) (2010-)","Irlande","Disponibilité alimentaire en quantité (tonnes)","Viande, poulet, fraîche ou réfrigérée","2020","tonnes","82298.9"
"Compte Disponibilités et Utilisations (CDU) (2010-)","Irlande","Disponibilité alimentaire en quantité (tonnes)","Viande, poulet, fraîche ou réfrigérée","2021","tonnes","98618.83"
"Compte Disponibilités et Utilisations (CDU) (2010-)","Irlande","Disponibilité alimentaire en quantité (tonnes)","Viande, poulet, fraîche ou réfrigérée","2022","tonnes","96648.31"
"Compte Disponibilités et Utilisations (CDU) (2010-)","Irlande","Disponibilité alimentaire en quantité (tonnes)","Viande, poulet, fraîche ou réfrigérée","2023","tonnes","115239.46"
"Compte Disponibilités et Utilisations (CDU) (2010-)","Islande","Disponibilité alimentaire en quantité (tonnes)","Viande, poulet, fraîche ou réfrigérée","2010","tonnes","8016.56"
"Compte Disponibilités et Utilisations (CDU) (2010-)","Islande","Disponibilité alimentaire en quantité (tonnes)","Viande, poulet, fraîche ou réfrigérée","2011","tonnes","8151.81"
"Compte Disponibilités et Utilisations (CDU) (2010-)","Islande","Disponibilité alimentaire en quantité (tonnes)","Viande, poulet, fraîche ou réfrigérée","2012","tonnes","8237.78"
"Compte Disponibilités et Utilisations (CDU) (2010-)","Islande","Disponibilité alimentaire en quantité (tonnes)","Viande, poulet, fraîche ou réfrigérée","2013","tonnes","8505.65"
"Compte Disponibilités et Utilisations (CDU) (2010-)","Islande","Disponibilité alimentaire en quantité (tonnes)","Viande, poulet, fraîche ou réfrigérée","2014","tonnes","8574.3"
"Compte Disponibilités et Utilisations (CDU) (2010-)","Islande","Disponibilité alimentaire en quantité (tonnes)","Viande, poulet, fraîche ou réfrigérée","2015","tonnes","8829.31"
"Compte Disponibilités et Utilisations (CDU) (2010-)","Islande","Disponibilité alimentaire en quantité (tonnes)","Viande, poulet, fraîche ou réfrigérée","2016","tonnes","8851.32"
"Compte Disponibilités et Utilisations (CDU) (2010-)","Islande","Disponibilité alimentaire en quantité (tonnes)","Viande, poulet, fraîche ou réfrigérée","2017","tonnes","10651.38"
"Compte Disponibilités et Utilisations (CDU) (2010-)","Islande","Disponibilité alimentaire en quantité (tonnes)","Viande, poulet, fraîche ou réfrigérée","2018","tonnes","9913.97"
"Compte Disponibilités et Utilisations (CDU) (2010-)","Islande","Disponibilité alimentaire en quantité (tonnes)","Viande, poulet, fraîche ou réfrigérée","2019","tonnes","10548.18"
"Compte Disponibilités et Utilisations (CDU) (2010-)","Islande","Disponibilité alimentaire en quantité (tonnes)","Viande, poulet, fraîche ou réfrigérée","2020","tonnes","10056.21"
"Compte Disponibilités et Utilisations (CDU) (2010-)","Islande","Disponibilité alimentaire en quantité (tonnes)","Viande, poulet, fraîche ou réfrigérée","2021","tonnes","9958.21"
"Compte Disponibilités et Utilisations (CDU) (2010-)","Islande","Disponibilité alimentaire en quantité (tonnes)","Viande, poulet, fraîche ou réfrigérée","2022","tonnes","10849.93"
"Compte Disponibilités et Utilisations (CDU) (2010-)","Islande","Disponibilité alimentaire en quantité (tonnes)","Viande, poulet, fraîche ou réfrigérée","2023","tonnes","11116.82"
"Compte Disponibilités et Utilisations (CDU) (2010-)","Israël","Disponibilité alimentaire en quantité (tonnes)","Viande, poulet, fraîche ou réfrigérée","2010","tonnes","389285.42"
"Compte Disponibilités et Utilisations (CDU) (2010-)","Israël","Disponibilité alimentaire en quantité (tonnes)","Viande, poulet, fraîche ou réfrigérée","2011","tonnes","399317.46"
"Compte Disponibilités et Utilisations (CDU) (2010-)","Israël","Disponibilité alimentaire en quantité (tonnes)","Viande, poulet, fraîche ou réfrigérée","2012","tonnes","406526.63"
"Compte Disponibilités et Utilisations (CDU) (2010-)","Israël","Disponibilité alimentaire en quantité (tonnes)","Viande, poulet, fraîche ou réfrigérée","2013","tonnes","415070.34"
"Compte Disponibilités et Utilisations (CDU) (2010-)","Israël","Disponibilité alimentaire en quantité (tonnes)","Viande, poulet, fraîche ou réfrigérée","2014","tonnes","471000"
"Compte Disponibilités et Utilisations (CDU) (2010-)","Israël","Disponibilité alimentaire en quantité (tonnes)","Viande, poulet, fraîche ou réfrigérée","2015","tonnes","486000"
"Compte Disponibilités et Utilisations (CDU) (2010-)","Israël","Disponibilité alimentaire en quantité (tonnes)","Viande, poulet, fraîche ou réfrigérée","2016","tonnes","524000"
"Compte Disponibilités et Utilisations (CDU) (2010-)","Israël","Disponibilité alimentaire en quantité (tonnes)","Viande, poulet, fraîche ou réfrigérée","2017","tonnes","526000"
"Compte Disponibilités et Utilisations (CDU) (2010-)","Israël","Disponibilité alimentaire en quantité (tonnes)","Viande, poulet, fraîche ou réfrigérée","2018","tonnes","534000"
"Compte Disponibilités et Utilisations (CDU) (2010-)","Israël","Disponibilité alimentaire en quantité (tonnes)","Viande, poulet, fraîche ou réfrigérée","2019","tonnes","505000"
"Compte Disponibilités et Utilisations (CDU) (2010-)","Israël","Disponibilité alimentaire en quantité (tonnes)","Viande, poulet, fraîche ou réfrigérée","2020","tonnes","564000"
"Compte Disponibilités et Utilisations (CDU) (2010-)","Israël","Disponibilité alimentaire en quantité (tonnes)","Viande, poulet, fraîche ou réfrigérée","2021","tonnes","529000"
"Compte Disponibilités et Utilisations (CDU) (2010-)","Israël","Disponibilité alimentaire en quantité (tonnes)","Viande, poulet, fraîche ou réfrigérée","2022","tonnes","540000"
"Compte Disponibilités et Utilisations (CDU) (2010-)","Israël","Disponibilité alimentaire en quantité (tonnes)","Viande, poulet, fraîche ou réfrigérée","2023","tonnes","567519.12"
"Compte Disponibilités et Utilisations (CDU) (2010-)","Italie","Disponibilité alimentaire en quantité (tonnes)","Viande, poulet, fraîche ou réfrigérée","2010","tonnes","789286"
"Compte Disponibilités et Utilisations (CDU) (2010-)","Italie","Disponibilité alimentaire en quantité (tonnes)","Viande, poulet, fraîche ou réfrigérée","2011","tonnes","821565"
"Compte Disponibilités et Utilisations (CDU) (2010-)","Italie","Disponibilité alimentaire en quantité (tonnes)","Viande, poulet, fraîche ou réfrigérée","2012","tonnes","857467"
"Compte Disponibilités et Utilisations (CDU) (2010-)","Italie","Disponibilité alimentaire en quantité (tonnes)","Viande, poulet, fraîche ou réfrigérée","2013","tonnes","851856"
"Compte Disponibilités et Utilisations (CDU) (2010-)","Italie","Disponibilité alimentaire en quantité (tonnes)","Viande, poulet, fraîche ou réfrigérée","2014","tonnes","836164.8"
"Compte Disponibilités et Utilisations (CDU) (2010-)","Italie","Disponibilité alimentaire en quantité (tonnes)","Viande, poulet, fraîche ou réfrigérée","2015","tonnes","842690.63"
"Compte Disponibilités et Utilisations (CDU) (2010-)","Italie","Disponibilité alimentaire en quantité (tonnes)","Viande, poulet, fraîche ou réfrigérée","2016","tonnes","848583.51"
"Compte Disponibilités et Utilisations (CDU) (2010-)","Italie","Disponibilité alimentaire en quantité (tonnes)","Viande, poulet, fraîche ou réfrigérée","2017","tonnes","857095.46"
"Compte Disponibilités et Utilisations (CDU) (2010-)","Italie","Disponibilité alimentaire en quantité (tonnes)","Viande, poulet, fraîche ou réfrigérée","2018","tonnes","862527.83"
"Compte Disponibilités et Utilisations (CDU) (2010-)","Italie","Disponibilité alimentaire en quantité (tonnes)","Viande, poulet, fraîche ou réfrigérée","2019","tonnes","906349.23"
"Compte Disponibilités et Utilisations (CDU) (2010-)","Italie","Disponibilité alimentaire en quantité (tonnes)","Viande, poulet, fraîche ou réfrigérée","2020","tonnes","970000"
"Compte Disponibilités et Utilisations (CDU) (2010-)","Italie","Disponibilité alimentaire en quantité (tonnes)","Viande, poulet, fraîche ou réfrigérée","2021","tonnes","970000"
"Compte Disponibilités et Utilisations (CDU) (2010-)","Italie","Disponibilité alimentaire en quantité (tonnes)","Viande, poulet, fraîche ou réfrigérée","2022","tonnes","970000"
"Compte Disponibilités et Utilisations (CDU) (2010-)","Italie","Disponibilité alimentaire en quantité (tonnes)","Viande, poulet, fraîche ou réfrigérée","2023","tonnes","965566.98"
"Compte Disponibilités et Utilisations (CDU) (2010-)","Jamaïque","Disponibilité alimentaire en quantité (tonnes)","Viande, poulet, fraîche ou réfrigérée","2010","tonnes","137290.3"
"Compte Disponibilités et Utilisations (CDU) (2010-)","Jamaïque","Disponibilité alimentaire en quantité (tonnes)","Viande, poulet, fraîche ou réfrigérée","2011","tonnes","138859.06"
"Compte Disponibilités et Utilisations (CDU) (2010-)","Jamaïque","Disponibilité alimentaire en quantité (tonnes)","Viande, poulet, fraîche ou réfrigérée","2012","tonnes","138826.4"
"Compte Disponibilités et Utilisations (CDU) (2010-)","Jamaïque","Disponibilité alimentaire en quantité (tonnes)","Viande, poulet, fraîche ou réfrigérée","2013","tonnes","139577.54"
"Compte Disponibilités et Utilisations (CDU) (2010-)","Jamaïque","Disponibilité alimentaire en quantité (tonnes)","Viande, poulet, fraîche ou réfrigérée","2014","tonnes","141194.05"
"Compte Disponibilités et Utilisations (CDU) (2010-)","Jamaïque","Disponibilité alimentaire en quantité (tonnes)","Viande, poulet, fraîche ou réfrigérée","2015","tonnes","143179.11"
"Compte Disponibilités et Utilisations (CDU) (2010-)","Jamaïque","Disponibilité alimentaire en quantité (tonnes)","Viande, poulet, fraîche ou réfrigérée","2016","tonnes","140037.02"
"Compte Disponibilités et Utilisations (CDU) (2010-)","Jamaïque","Disponibilité alimentaire en quantité (tonnes)","Viande, poulet, fraîche ou réfrigérée","2017","tonnes","141073.05"
"Compte Disponibilités et Utilisations (CDU) (2010-)","Jamaïque","Disponibilité alimentaire en quantité (tonnes)","Viande, poulet, fraîche ou réfrigérée","2018","tonnes","153076.59"
"Compte Disponibilités et Utilisations (CDU) (2010-)","Jamaïque","Disponibilité alimentaire en quantité (tonnes)","Viande, poulet, fraîche ou réfrigérée","2019","tonnes","152221.03"
"Compte Disponibilités et Utilisations (CDU) (2010-)","Jamaïque","Disponibilité alimentaire en quantité (tonnes)","Viande, poulet, fraîche ou réfrigérée","2020","tonnes","145982.63"
"Compte Disponibilités et Utilisations (CDU) (2010-)","Jamaïque","Disponibilité alimentaire en quantité (tonnes)","Viande, poulet, fraîche ou réfrigérée","2021","tonnes","137189.5"
"Compte Disponibilités et Utilisations (CDU) (2010-)","Jamaïque","Disponibilité alimentaire en quantité (tonnes)","Viande, poulet, fraîche ou réfrigérée","2022","tonnes","147373.46"
"Compte Disponibilités et Utilisations (CDU) (2010-)","Jamaïque","Disponibilité alimentaire en quantité (tonnes)","Viande, poulet, fraîche ou réfrigérée","2023","tonnes","150301.24"
"Compte Disponibilités et Utilisations (CDU) (2010-)","Jordanie","Disponibilité alimentaire en quantité (tonnes)","Viande, poulet, fraîche ou réfrigérée","2010","tonnes","214599.08"
"Compte Disponibilités et Utilisations (CDU) (2010-)","Jordanie","Disponibilité alimentaire en quantité (tonnes)","Viande, poulet, fraîche ou réfrigérée","2011","tonnes","220515.29"
"Compte Disponibilités et Utilisations (CDU) (2010-)","Jordanie","Disponibilité alimentaire en quantité (tonnes)","Viande, poulet, fraîche ou réfrigérée","2012","tonnes","227117.49"
"Compte Disponibilités et Utilisations (CDU) (2010-)","Jordanie","Disponibilité alimentaire en quantité (tonnes)","Viande, poulet, fraîche ou réfrigérée","2013","tonnes","233959.77"
"Compte Disponibilités et Utilisations (CDU) (2010-)","Jordanie","Disponibilité alimentaire en quantité (tonnes)","Viande, poulet, fraîche ou réfrigérée","2014","tonnes","250223.46"
"Compte Disponibilités et Utilisations (CDU) (2010-)","Jordanie","Disponibilité alimentaire en quantité (tonnes)","Viande, poulet, fraîche ou réfrigérée","2015","tonnes","241587.27"
"Compte Disponibilités et Utilisations (CDU) (2010-)","Jordanie","Disponibilité alimentaire en quantité (tonnes)","Viande, poulet, fraîche ou réfrigérée","2016","tonnes","239623.08"
"Compte Disponibilités et Utilisations (CDU) (2010-)","Jordanie","Disponibilité alimentaire en quantité (tonnes)","Viande, poulet, fraîche ou réfrigérée","2017","tonnes","237132.64"
"Compte Disponibilités et Utilisations (CDU) (2010-)","Jordanie","Disponibilité alimentaire en quantité (tonnes)","Viande, poulet, fraîche ou réfrigérée","2018","tonnes","260545.2"
"Compte Disponibilités et Utilisations (CDU) (2010-)","Jordanie","Disponibilité alimentaire en quantité (tonnes)","Viande, poulet, fraîche ou réfrigérée","2019","tonnes","229665.03"
"Compte Disponibilités et Utilisations (CDU) (2010-)","Jordanie","Disponibilité alimentaire en quantité (tonnes)","Viande, poulet, fraîche ou réfrigérée","2020","tonnes","259228.65"
"Compte Disponibilités et Utilisations (CDU) (2010-)","Jordanie","Disponibilité alimentaire en quantité (tonnes)","Viande, poulet, fraîche ou réfrigérée","2021","tonnes","308728.49"
"Compte Disponibilités et Utilisations (CDU) (2010-)","Jordanie","Disponibilité alimentaire en quantité (tonnes)","Viande, poulet, fraîche ou réfrigérée","2022","tonnes","295139.59"
"Compte Disponibilités et Utilisations (CDU) (2010-)","Jordanie","Disponibilité alimentaire en quantité (tonnes)","Viande, poulet, fraîche ou réfrigérée","2023","tonnes","258634.9"
"Compte Disponibilités et Utilisations (CDU) (2010-)","Kazakhstan","Disponibilité alimentaire en quantité (tonnes)","Viande, poulet, fraîche ou réfrigérée","2010","tonnes","225173"
"Compte Disponibilités et Utilisations (CDU) (2010-)","Kazakhstan","Disponibilité alimentaire en quantité (tonnes)","Viande, poulet, fraîche ou réfrigérée","2011","tonnes","258721"
"Compte Disponibilités et Utilisations (CDU) (2010-)","Kazakhstan","Disponibilité alimentaire en quantité (tonnes)","Viande, poulet, fraîche ou réfrigérée","2012","tonnes","312779"
"Compte Disponibilités et Utilisations (CDU) (2010-)","Kazakhstan","Disponibilité alimentaire en quantité (tonnes)","Viande, poulet, fraîche ou réfrigérée","2013","tonnes","297380.1"
"Compte Disponibilités et Utilisations (CDU) (2010-)","Kazakhstan","Disponibilité alimentaire en quantité (tonnes)","Viande, poulet, fraîche ou réfrigérée","2014","tonnes","280824.1"
"Compte Disponibilités et Utilisations (CDU) (2010-)","Kazakhstan","Disponibilité alimentaire en quantité (tonnes)","Viande, poulet, fraîche ou réfrigérée","2015","tonnes","291993.67"
"Compte Disponibilités et Utilisations (CDU) (2010-)","Kazakhstan","Disponibilité alimentaire en quantité (tonnes)","Viande, poulet, fraîche ou réfrigérée","2016","tonnes","301850.95"
"Compte Disponibilités et Utilisations (CDU) (2010-)","Kazakhstan","Disponibilité alimentaire en quantité (tonnes)","Viande, poulet, fraîche ou réfrigérée","2017","tonnes","336617.9"
"Compte Disponibilités et Utilisations (CDU) (2010-)","Kazakhstan","Disponibilité alimentaire en quantité (tonnes)","Viande, poulet, fraîche ou réfrigérée","2018","tonnes","365913.07"
"Compte Disponibilités et Utilisations (CDU) (2010-)","Kazakhstan","Disponibilité alimentaire en quantité (tonnes)","Viande, poulet, fraîche ou réfrigérée","2019","tonnes","373926.89"
"Compte Disponibilités et Utilisations (CDU) (2010-)","Kazakhstan","Disponibilité alimentaire en quantité (tonnes)","Viande, poulet, fraîche ou réfrigérée","2020","tonnes","401084.58"
"Compte Disponibilités et Utilisations (CDU) (2010-)","Kazakhstan","Disponibilité alimentaire en quantité (tonnes)","Viande, poulet, fraîche ou réfrigérée","2021","tonnes","408789.16"
"Compte Disponibilités et Utilisations (CDU) (2010-)","Kazakhstan","Disponibilité alimentaire en quantité (tonnes)","Viande, poulet, fraîche ou réfrigérée","2022","tonnes","421334.1"
"Compte Disponibilités et Utilisations (CDU) (2010-)","Kazakhstan","Disponibilité alimentaire en quantité (tonnes)","Viande, poulet, fraîche ou réfrigérée","2023","tonnes","457337.85"
"Compte Disponibilités et Utilisations (CDU) (2010-)","Kenya","Disponibilité alimentaire en quantité (tonnes)","Viande, poulet, fraîche ou réfrigérée","2010","tonnes","27078.69"
"Compte Disponibilités et Utilisations (CDU) (2010-)","Kenya","Disponibilité alimentaire en quantité (tonnes)","Viande, poulet, fraîche ou réfrigérée","2011","tonnes","21452.82"
"Compte Disponibilités et Utilisations (CDU) (2010-)","Kenya","Disponibilité alimentaire en quantité (tonnes)","Viande, poulet, fraîche ou réfrigérée","2012","tonnes","23416.31"
"Compte Disponibilités et Utilisations (CDU) (2010-)","Kenya","Disponibilité alimentaire en quantité (tonnes)","Viande, poulet, fraîche ou réfrigérée","2013","tonnes","37349.76"
"Compte Disponibilités et Utilisations (CDU) (2010-)","Kenya","Disponibilité alimentaire en quantité (tonnes)","Viande, poulet, fraîche ou réfrigérée","2014","tonnes","44247"
"Compte Disponibilités et Utilisations (CDU) (2010-)","Kenya","Disponibilité alimentaire en quantité (tonnes)","Viande, poulet, fraîche ou réfrigérée","2015","tonnes","42418.52"
"Compte Disponibilités et Utilisations (CDU) (2010-)","Kenya","Disponibilité alimentaire en quantité (tonnes)","Viande, poulet, fraîche ou réfrigérée","2016","tonnes","39973.01"
"Compte Disponibilités et Utilisations (CDU) (2010-)","Kenya","Disponibilité alimentaire en quantité (tonnes)","Viande, poulet, fraîche ou réfrigérée","2017","tonnes","106513.58"
"Compte Disponibilités et Utilisations (CDU) (2010-)","Kenya","Disponibilité alimentaire en quantité (tonnes)","Viande, poulet, fraîche ou réfrigérée","2018","tonnes","132437.2"
"Compte Disponibilités et Utilisations (CDU) (2010-)","Kenya","Disponibilité alimentaire en quantité (tonnes)","Viande, poulet, fraîche ou réfrigérée","2019","tonnes","89065.59"
"Compte Disponibilités et Utilisations (CDU) (2010-)","Kenya","Disponibilité alimentaire en quantité (tonnes)","Viande, poulet, fraîche ou réfrigérée","2020","tonnes","69343.11"
"Compte Disponibilités et Utilisations (CDU) (2010-)","Kenya","Disponibilité alimentaire en quantité (tonnes)","Viande, poulet, fraîche ou réfrigérée","2021","tonnes","90042.24"
"Compte Disponibilités et Utilisations (CDU) (2010-)","Kenya","Disponibilité alimentaire en quantité (tonnes)","Viande, poulet, fraîche ou réfrigérée","2022","tonnes","94647.35"
"Compte Disponibilités et Utilisations (CDU) (2010-)","Kenya","Disponibilité alimentaire en quantité (tonnes)","Viande, poulet, fraîche ou réfrigérée","2023","tonnes","94509.85"
"Compte Disponibilités et Utilisations (CDU) (2010-)","Kirghizistan","Disponibilité alimentaire en quantité (tonnes)","Viande, poulet, fraîche ou réfrigérée","2010","tonnes","58166.32"
"Compte Disponibilités et Utilisations (CDU) (2010-)","Kirghizistan","Disponibilité alimentaire en quantité (tonnes)","Viande, poulet, fraîche ou réfrigérée","2011","tonnes","46165.94"
"Compte Disponibilités et Utilisations (CDU) (2010-)","Kirghizistan","Disponibilité alimentaire en quantité (tonnes)","Viande, poulet, fraîche ou réfrigérée","2012","tonnes","39315.5"
"Compte Disponibilités et Utilisations (CDU) (2010-)","Kirghizistan","Disponibilité alimentaire en quantité (tonnes)","Viande, poulet, fraîche ou réfrigérée","2013","tonnes","30747.68"
"Compte Disponibilités et Utilisations (CDU) (2010-)","Kirghizistan","Disponibilité alimentaire en quantité (tonnes)","Viande, poulet, fraîche ou réfrigérée","2014","tonnes","20490.24"
"Compte Disponibilités et Utilisations (CDU) (2010-)","Kirghizistan","Disponibilité alimentaire en quantité (tonnes)","Viande, poulet, fraîche ou réfrigérée","2015","tonnes","20803.61"
"Compte Disponibilités et Utilisations (CDU) (2010-)","Kirghizistan","Disponibilité alimentaire en quantité (tonnes)","Viande, poulet, fraîche ou réfrigérée","2016","tonnes","18598.78"
"Compte Disponibilités et Utilisations (CDU) (2010-)","Kirghizistan","Disponibilité alimentaire en quantité (tonnes)","Viande, poulet, fraîche ou réfrigérée","2017","tonnes","17406.93"
"Compte Disponibilités et Utilisations (CDU) (2010-)","Kirghizistan","Disponibilité alimentaire en quantité (tonnes)","Viande, poulet, fraîche ou réfrigérée","2018","tonnes","34800"
"Compte Disponibilités et Utilisations (CDU) (2010-)","Kirghizistan","Disponibilité alimentaire en quantité (tonnes)","Viande, poulet, fraîche ou réfrigérée","2019","tonnes","33792.99"
"Compte Disponibilités et Utilisations (CDU) (2010-)","Kirghizistan","Disponibilité alimentaire en quantité (tonnes)","Viande, poulet, fraîche ou réfrigérée","2020","tonnes","35879.63"
"Compte Disponibilités et Utilisations (CDU) (2010-)","Kirghizistan","Disponibilité alimentaire en quantité (tonnes)","Viande, poulet, fraîche ou réfrigérée","2021","tonnes","50000"
"Compte Disponibilités et Utilisations (CDU) (2010-)","Kirghizistan","Disponibilité alimentaire en quantité (tonnes)","Viande, poulet, fraîche ou réfrigérée","2022","tonnes","53241.91"
"Compte Disponibilités et Utilisations (CDU) (2010-)","Kirghizistan","Disponibilité alimentaire en quantité (tonnes)","Viande, poulet, fraîche ou réfrigérée","2023","tonnes","55537.09"
"Compte Disponibilités et Utilisations (CDU) (2010-)","Kiribati","Disponibilité alimentaire en quantité (tonnes)","Viande, poulet, fraîche ou réfrigérée","2010","tonnes","1365"
"Compte Disponibilités et Utilisations (CDU) (2010-)","Kiribati","Disponibilité alimentaire en quantité (tonnes)","Viande, poulet, fraîche ou réfrigérée","2011","tonnes","1257"
"Compte Disponibilités et Utilisations (CDU) (2010-)","Kiribati","Disponibilité alimentaire en quantité (tonnes)","Viande, poulet, fraîche ou réfrigérée","2012","tonnes","1415.96"
"Compte Disponibilités et Utilisations (CDU) (2010-)","Kiribati","Disponibilité alimentaire en quantité (tonnes)","Viande, poulet, fraîche ou réfrigérée","2013","tonnes","1489.83"
"Compte Disponibilités et Utilisations (CDU) (2010-)","Kiribati","Disponibilité alimentaire en quantité (tonnes)","Viande, poulet, fraîche ou réfrigérée","2014","tonnes","1639.73"
"Compte Disponibilités et Utilisations (CDU) (2010-)","Kiribati","Disponibilité alimentaire en quantité (tonnes)","Viande, poulet, fraîche ou réfrigérée","2015","tonnes","1797.18"
"Compte Disponibilités et Utilisations (CDU) (2010-)","Kiribati","Disponibilité alimentaire en quantité (tonnes)","Viande, poulet, fraîche ou réfrigérée","2016","tonnes","1662.05"
"Compte Disponibilités et Utilisations (CDU) (2010-)","Kiribati","Disponibilité alimentaire en quantité (tonnes)","Viande, poulet, fraîche ou réfrigérée","2017","tonnes","2110.1"
"Compte Disponibilités et Utilisations (CDU) (2010-)","Kiribati","Disponibilité alimentaire en quantité (tonnes)","Viande, poulet, fraîche ou réfrigérée","2018","tonnes","2442.21"
"Compte Disponibilités et Utilisations (CDU) (2010-)","Kiribati","Disponibilité alimentaire en quantité (tonnes)","Viande, poulet, fraîche ou réfrigérée","2019","tonnes","2452.35"
"Compte Disponibilités et Utilisations (CDU) (2010-)","Kiribati","Disponibilité alimentaire en quantité (tonnes)","Viande, poulet, fraîche ou réfrigérée","2020","tonnes","978.28"
"Compte Disponibilités et Utilisations (CDU) (2010-)","Kiribati","Disponibilité alimentaire en quantité (tonnes)","Viande, poulet, fraîche ou réfrigérée","2021","tonnes","1132.54"
"Compte Disponibilités et Utilisations (CDU) (2010-)","Kiribati","Disponibilité alimentaire en quantité (tonnes)","Viande, poulet, fraîche ou réfrigérée","2022","tonnes","2823.63"
"Compte Disponibilités et Utilisations (CDU) (2010-)","Kiribati","Disponibilité alimentaire en quantité (tonnes)","Viande, poulet, fraîche ou réfrigérée","2023","tonnes","3032.36"
"Compte Disponibilités et Utilisations (CDU) (2010-)","Koweït","Disponibilité alimentaire en quantité (tonnes)","Viande, poulet, fraîche ou réfrigérée","2010","tonnes","200000"
"Compte Disponibilités et Utilisations (CDU) (2010-)","Koweït","Disponibilité alimentaire en quantité (tonnes)","Viande, poulet, fraîche ou réfrigérée","2011","tonnes","205000"
"Compte Disponibilités et Utilisations (CDU) (2010-)","Koweït","Disponibilité alimentaire en quantité (tonnes)","Viande, poulet, fraîche ou réfrigérée","2012","tonnes","190000"
"Compte Disponibilités et Utilisations (CDU) (2010-)","Koweït","Disponibilité alimentaire en quantité (tonnes)","Viande, poulet, fraîche ou réfrigérée","2013","tonnes","180000"
"Compte Disponibilités et Utilisations (CDU) (2010-)","Koweït","Disponibilité alimentaire en quantité (tonnes)","Viande, poulet, fraîche ou réfrigérée","2014","tonnes","163747.5"
"Compte Disponibilités et Utilisations (CDU) (2010-)","Koweït","Disponibilité alimentaire en quantité (tonnes)","Viande, poulet, fraîche ou réfrigérée","2015","tonnes","172318.47"
"Compte Disponibilités et Utilisations (CDU) (2010-)","Koweït","Disponibilité alimentaire en quantité (tonnes)","Viande, poulet, fraîche ou réfrigérée","2016","tonnes","179070.42"
"Compte Disponibilités et Utilisations (CDU) (2010-)","Koweït","Disponibilité alimentaire en quantité (tonnes)","Viande, poulet, fraîche ou réfrigérée","2017","tonnes","182121.81"
"Compte Disponibilités et Utilisations (CDU) (2010-)","Koweït","Disponibilité alimentaire en quantité (tonnes)","Viande, poulet, fraîche ou réfrigérée","2018","tonnes","195200"
"Compte Disponibilités et Utilisations (CDU) (2010-)","Koweït","Disponibilité alimentaire en quantité (tonnes)","Viande, poulet, fraîche ou réfrigérée","2019","tonnes","199810.35"
"Compte Disponibilités et Utilisations (CDU) (2010-)","Koweït","Disponibilité alimentaire en quantité (tonnes)","Viande, poulet, fraîche ou réfrigérée","2020","tonnes","192450"
"Compte Disponibilités et Utilisations (CDU) (2010-)","Koweït","Disponibilité alimentaire en quantité (tonnes)","Viande, poulet, fraîche ou réfrigérée","2021","tonnes","174609.18"
"Compte Disponibilités et Utilisations (CDU) (2010-)","Koweït","Disponibilité alimentaire en quantité (tonnes)","Viande, poulet, fraîche ou réfrigérée","2022","tonnes","164619.51"
"Compte Disponibilités et Utilisations (CDU) (2010-)","Koweït","Disponibilité alimentaire en quantité (tonnes)","Viande, poulet, fraîche ou réfrigérée","2023","tonnes","161286.77"
"Compte Disponibilités et Utilisations (CDU) (2010-)","Lesotho","Disponibilité alimentaire en quantité (tonnes)","Viande, poulet, fraîche ou réfrigérée","2010","tonnes","12556.96"
"Compte Disponibilités et Utilisations (CDU) (2010-)","Lesotho","Disponibilité alimentaire en quantité (tonnes)","Viande, poulet, fraîche ou réfrigérée","2011","tonnes","13389.53"
"Compte Disponibilités et Utilisations (CDU) (2010-)","Lesotho","Disponibilité alimentaire en quantité (tonnes)","Viande, poulet, fraîche ou réfrigérée","2012","tonnes","14179.69"
"Compte Disponibilités et Utilisations (CDU) (2010-)","Lesotho","Disponibilité alimentaire en quantité (tonnes)","Viande, poulet, fraîche ou réfrigérée","2013","tonnes","14583.2"
"Compte Disponibilités et Utilisations (CDU) (2010-)","Lesotho","Disponibilité alimentaire en quantité (tonnes)","Viande, poulet, fraîche ou réfrigérée","2014","tonnes","20939.63"
"Compte Disponibilités et Utilisations (CDU) (2010-)","Lesotho","Disponibilité alimentaire en quantité (tonnes)","Viande, poulet, fraîche ou réfrigérée","2015","tonnes","16723.79"
"Compte Disponibilités et Utilisations (CDU) (2010-)","Lesotho","Disponibilité alimentaire en quantité (tonnes)","Viande, poulet, fraîche ou réfrigérée","2016","tonnes","13769.12"
"Compte Disponibilités et Utilisations (CDU) (2010-)","Lesotho","Disponibilité alimentaire en quantité (tonnes)","Viande, poulet, fraîche ou réfrigérée","2017","tonnes","12461.63"
"Compte Disponibilités et Utilisations (CDU) (2010-)","Lesotho","Disponibilité alimentaire en quantité (tonnes)","Viande, poulet, fraîche ou réfrigérée","2018","tonnes","18226.93"
"Compte Disponibilités et Utilisations (CDU) (2010-)","Lesotho","Disponibilité alimentaire en quantité (tonnes)","Viande, poulet, fraîche ou réfrigérée","2019","tonnes","1516.83"
"Compte Disponibilités et Utilisations (CDU) (2010-)","Lesotho","Disponibilité alimentaire en quantité (tonnes)","Viande, poulet, fraîche ou réfrigérée","2020","tonnes","3238.28"
"Compte Disponibilités et Utilisations (CDU) (2010-)","Lesotho","Disponibilité alimentaire en quantité (tonnes)","Viande, poulet, fraîche ou réfrigérée","2021","tonnes","2196.09"
"Compte Disponibilités et Utilisations (CDU) (2010-)","Lesotho","Disponibilité alimentaire en quantité (tonnes)","Viande, poulet, fraîche ou réfrigérée","2022","tonnes","1831.95"
"Compte Disponibilités et Utilisations (CDU) (2010-)","Lesotho","Disponibilité alimentaire en quantité (tonnes)","Viande, poulet, fraîche ou réfrigérée","2023","tonnes","17274.29"
"Compte Disponibilités et Utilisations (CDU) (2010-)","Lettonie","Disponibilité alimentaire en quantité (tonnes)","Viande, poulet, fraîche ou réfrigérée","2010","tonnes","39754"
"Compte Disponibilités et Utilisations (CDU) (2010-)","Lettonie","Disponibilité alimentaire en quantité (tonnes)","Viande, poulet, fraîche ou réfrigérée","2011","tonnes","38355"
"Compte Disponibilités et Utilisations (CDU) (2010-)","Lettonie","Disponibilité alimentaire en quantité (tonnes)","Viande, poulet, fraîche ou réfrigérée","2012","tonnes","37517"
"Compte Disponibilités et Utilisations (CDU) (2010-)","Lettonie","Disponibilité alimentaire en quantité (tonnes)","Viande, poulet, fraîche ou réfrigérée","2013","tonnes","37051"
"Compte Disponibilités et Utilisations (CDU) (2010-)","Lettonie","Disponibilité alimentaire en quantité (tonnes)","Viande, poulet, fraîche ou réfrigérée","2014","tonnes","37513.98"
"Compte Disponibilités et Utilisations (CDU) (2010-)","Lettonie","Disponibilité alimentaire en quantité (tonnes)","Viande, poulet, fraîche ou réfrigérée","2015","tonnes","37512.34"
"Compte Disponibilités et Utilisations (CDU) (2010-)","Lettonie","Disponibilité alimentaire en quantité (tonnes)","Viande, poulet, fraîche ou réfrigérée","2016","tonnes","37428.31"
"Compte Disponibilités et Utilisations (CDU) (2010-)","Lettonie","Disponibilité alimentaire en quantité (tonnes)","Viande, poulet, fraîche ou réfrigérée","2017","tonnes","37610.38"
"Compte Disponibilités et Utilisations (CDU) (2010-)","Lettonie","Disponibilité alimentaire en quantité (tonnes)","Viande, poulet, fraîche ou réfrigérée","2018","tonnes","37717.22"
"Compte Disponibilités et Utilisations (CDU) (2010-)","Lettonie","Disponibilité alimentaire en quantité (tonnes)","Viande, poulet, fraîche ou réfrigérée","2019","tonnes","43773.29"
"Compte Disponibilités et Utilisations (CDU) (2010-)","Lettonie","Disponibilité alimentaire en quantité (tonnes)","Viande, poulet, fraîche ou réfrigérée","2020","tonnes","43206.71"
"Compte Disponibilités et Utilisations (CDU) (2010-)","Lettonie","Disponibilité alimentaire en quantité (tonnes)","Viande, poulet, fraîche ou réfrigérée","2021","tonnes","41115.03"
"Compte Disponibilités et Utilisations (CDU) (2010-)","Lettonie","Disponibilité alimentaire en quantité (tonnes)","Viande, poulet, fraîche ou réfrigérée","2022","tonnes","48546.62"
"Compte Disponibilités et Utilisations (CDU) (2010-)","Lettonie","Disponibilité alimentaire en quantité (tonnes)","Viande, poulet, fraîche ou réfrigérée","2023","tonnes","56068.8"
"Compte Disponibilités et Utilisations (CDU) (2010-)","Liban","Disponibilité alimentaire en quantité (tonnes)","Viande, poulet, fraîche ou réfrigérée","2010","tonnes","87565"
"Compte Disponibilités et Utilisations (CDU) (2010-)","Liban","Disponibilité alimentaire en quantité (tonnes)","Viande, poulet, fraîche ou réfrigérée","2011","tonnes","96855"
"Compte Disponibilités et Utilisations (CDU) (2010-)","Liban","Disponibilité alimentaire en quantité (tonnes)","Viande, poulet, fraîche ou réfrigérée","2012","tonnes","108515"
"Compte Disponibilités et Utilisations (CDU) (2010-)","Liban","Disponibilité alimentaire en quantité (tonnes)","Viande, poulet, fraîche ou réfrigérée","2013","tonnes","94952.38"
"Compte Disponibilités et Utilisations (CDU) (2010-)","Liban","Disponibilité alimentaire en quantité (tonnes)","Viande, poulet, fraîche ou réfrigérée","2014","tonnes","105518.47"
"Compte Disponibilités et Utilisations (CDU) (2010-)","Liban","Disponibilité alimentaire en quantité (tonnes)","Viande, poulet, fraîche ou réfrigérée","2015","tonnes","116615.73"
"Compte Disponibilités et Utilisations (CDU) (2010-)","Liban","Disponibilité alimentaire en quantité (tonnes)","Viande, poulet, fraîche ou réfrigérée","2016","tonnes","133842.55"
"Compte Disponibilités et Utilisations (CDU) (2010-)","Liban","Disponibilité alimentaire en quantité (tonnes)","Viande, poulet, fraîche ou réfrigérée","2017","tonnes","137619.78"
"Compte Disponibilités et Utilisations (CDU) (2010-)","Liban","Disponibilité alimentaire en quantité (tonnes)","Viande, poulet, fraîche ou réfrigérée","2018","tonnes","139345.81"
"Compte Disponibilités et Utilisations (CDU) (2010-)","Liban","Disponibilité alimentaire en quantité (tonnes)","Viande, poulet, fraîche ou réfrigérée","2019","tonnes","124195.06"
"Compte Disponibilités et Utilisations (CDU) (2010-)","Liban","Disponibilité alimentaire en quantité (tonnes)","Viande, poulet, fraîche ou réfrigérée","2020","tonnes","116256.46"
"Compte Disponibilités et Utilisations (CDU) (2010-)","Liban","Disponibilité alimentaire en quantité (tonnes)","Viande, poulet, fraîche ou réfrigérée","2021","tonnes","128457.63"
"Compte Disponibilités et Utilisations (CDU) (2010-)","Liban","Disponibilité alimentaire en quantité (tonnes)","Viande, poulet, fraîche ou réfrigérée","2022","tonnes","117752.26"
"Compte Disponibilités et Utilisations (CDU) (2010-)","Liban","Disponibilité alimentaire en quantité (tonnes)","Viande, poulet, fraîche ou réfrigérée","2023","tonnes","126870.32"
"Compte Disponibilités et Utilisations (CDU) (2010-)","Libéria","Disponibilité alimentaire en quantité (tonnes)","Viande, poulet, fraîche ou réfrigérée","2010","tonnes","22321"
"Compte Disponibilités et Utilisations (CDU) (2010-)","Libéria","Disponibilité alimentaire en quantité (tonnes)","Viande, poulet, fraîche ou réfrigérée","2011","tonnes","31837"
"Compte Disponibilités et Utilisations (CDU) (2010-)","Libéria","Disponibilité alimentaire en quantité (tonnes)","Viande, poulet, fraîche ou réfrigérée","2012","tonnes","33940"
"Compte Disponibilités et Utilisations (CDU) (2010-)","Libéria","Disponibilité alimentaire en quantité (tonnes)","Viande, poulet, fraîche ou réfrigérée","2013","tonnes","37351.87"
"Compte Disponibilités et Utilisations (CDU) (2010-)","Libéria","Disponibilité alimentaire en quantité (tonnes)","Viande, poulet, fraîche ou réfrigérée","2014","tonnes","42312.96"
"Compte Disponibilités et Utilisations (CDU) (2010-)","Libéria","Disponibilité alimentaire en quantité (tonnes)","Viande, poulet, fraîche ou réfrigérée","2015","tonnes","45110.95"
"Compte Disponibilités et Utilisations (CDU) (2010-)","Libéria","Disponibilité alimentaire en quantité (tonnes)","Viande, poulet, fraîche ou réfrigérée","2016","tonnes","47491.73"
"Compte Disponibilités et Utilisations (CDU) (2010-)","Libéria","Disponibilité alimentaire en quantité (tonnes)","Viande, poulet, fraîche ou réfrigérée","2017","tonnes","55365.65"
"Compte Disponibilités et Utilisations (CDU) (2010-)","Libéria","Disponibilité alimentaire en quantité (tonnes)","Viande, poulet, fraîche ou réfrigérée","2018","tonnes","42223.83"
"Compte Disponibilités et Utilisations (CDU) (2010-)","Libéria","Disponibilité alimentaire en quantité (tonnes)","Viande, poulet, fraîche ou réfrigérée","2019","tonnes","46934"
"Compte Disponibilités et Utilisations (CDU) (2010-)","Libéria","Disponibilité alimentaire en quantité (tonnes)","Viande, poulet, fraîche ou réfrigérée","2020","tonnes","51452.25"
"Compte Disponibilités et Utilisations (CDU) (2010-)","Libéria","Disponibilité alimentaire en quantité (tonnes)","Viande, poulet, fraîche ou réfrigérée","2021","tonnes","60155.09"
"Compte Disponibilités et Utilisations (CDU) (2010-)","Libéria","Disponibilité alimentaire en quantité (tonnes)","Viande, poulet, fraîche ou réfrigérée","2022","tonnes","17896.78"
"Compte Disponibilités et Utilisations (CDU) (2010-)","Libéria","Disponibilité alimentaire en quantité (tonnes)","Viande, poulet, fraîche ou réfrigérée","2023","tonnes","16493.98"
"Compte Disponibilités et Utilisations (CDU) (2010-)","Libye","Disponibilité alimentaire en quantité (tonnes)","Viande, poulet, fraîche ou réfrigérée","2010","tonnes","118800"
"Compte Disponibilités et Utilisations (CDU) (2010-)","Libye","Disponibilité alimentaire en quantité (tonnes)","Viande, poulet, fraîche ou réfrigérée","2011","tonnes","146250"
"Compte Disponibilités et Utilisations (CDU) (2010-)","Libye","Disponibilité alimentaire en quantité (tonnes)","Viande, poulet, fraîche ou réfrigérée","2012","tonnes","124176"
"Compte Disponibilités et Utilisations (CDU) (2010-)","Libye","Disponibilité alimentaire en quantité (tonnes)","Viande, poulet, fraîche ou réfrigérée","2013","tonnes","124971"
"Compte Disponibilités et Utilisations (CDU) (2010-)","Libye","Disponibilité alimentaire en quantité (tonnes)","Viande, poulet, fraîche ou réfrigérée","2014","tonnes","203155.63"
"Compte Disponibilités et Utilisations (CDU) (2010-)","Libye","Disponibilité alimentaire en quantité (tonnes)","Viande, poulet, fraîche ou réfrigérée","2015","tonnes","208830.52"
"Compte Disponibilités et Utilisations (CDU) (2010-)","Libye","Disponibilité alimentaire en quantité (tonnes)","Viande, poulet, fraîche ou réfrigérée","2016","tonnes","193519.72"
"Compte Disponibilités et Utilisations (CDU) (2010-)","Libye","Disponibilité alimentaire en quantité (tonnes)","Viande, poulet, fraîche ou réfrigérée","2017","tonnes","184554.23"
"Compte Disponibilités et Utilisations (CDU) (2010-)","Libye","Disponibilité alimentaire en quantité (tonnes)","Viande, poulet, fraîche ou réfrigérée","2018","tonnes","250089.85"
"Compte Disponibilités et Utilisations (CDU) (2010-)","Libye","Disponibilité alimentaire en quantité (tonnes)","Viande, poulet, fraîche ou réfrigérée","2019","tonnes","203540.33"
"Compte Disponibilités et Utilisations (CDU) (2010-)","Libye","Disponibilité alimentaire en quantité (tonnes)","Viande, poulet, fraîche ou réfrigérée","2020","tonnes","221674.26"
"Compte Disponibilités et Utilisations (CDU) (2010-)","Libye","Disponibilité alimentaire en quantité (tonnes)","Viande, poulet, fraîche ou réfrigérée","2021","tonnes","260741.76"
"Compte Disponibilités et Utilisations (CDU) (2010-)","Libye","Disponibilité alimentaire en quantité (tonnes)","Viande, poulet, fraîche ou réfrigérée","2022","tonnes","232124.62"
"Compte Disponibilités et Utilisations (CDU) (2010-)","Libye","Disponibilité alimentaire en quantité (tonnes)","Viande, poulet, fraîche ou réfrigérée","2023","tonnes","227595.96"
"Compte Disponibilités et Utilisations (CDU) (2010-)","Lituanie","Disponibilité alimentaire en quantité (tonnes)","Viande, poulet, fraîche ou réfrigérée","2010","tonnes","64075"
"Compte Disponibilités et Utilisations (CDU) (2010-)","Lituanie","Disponibilité alimentaire en quantité (tonnes)","Viande, poulet, fraîche ou réfrigérée","2011","tonnes","63263"
"Compte Disponibilités et Utilisations (CDU) (2010-)","Lituanie","Disponibilité alimentaire en quantité (tonnes)","Viande, poulet, fraîche ou réfrigérée","2012","tonnes","67044"
"Compte Disponibilités et Utilisations (CDU) (2010-)","Lituanie","Disponibilité alimentaire en quantité (tonnes)","Viande, poulet, fraîche ou réfrigérée","2013","tonnes","73270"
"Compte Disponibilités et Utilisations (CDU) (2010-)","Lituanie","Disponibilité alimentaire en quantité (tonnes)","Viande, poulet, fraîche ou réfrigérée","2014","tonnes","69986.25"
"Compte Disponibilités et Utilisations (CDU) (2010-)","Lituanie","Disponibilité alimentaire en quantité (tonnes)","Viande, poulet, fraîche ou réfrigérée","2015","tonnes","70443.8"
"Compte Disponibilités et Utilisations (CDU) (2010-)","Lituanie","Disponibilité alimentaire en quantité (tonnes)","Viande, poulet, fraîche ou réfrigérée","2016","tonnes","70998.13"
"Compte Disponibilités et Utilisations (CDU) (2010-)","Lituanie","Disponibilité alimentaire en quantité (tonnes)","Viande, poulet, fraîche ou réfrigérée","2017","tonnes","72260.93"
"Compte Disponibilités et Utilisations (CDU) (2010-)","Lituanie","Disponibilité alimentaire en quantité (tonnes)","Viande, poulet, fraîche ou réfrigérée","2018","tonnes","73355.54"
"Compte Disponibilités et Utilisations (CDU) (2010-)","Lituanie","Disponibilité alimentaire en quantité (tonnes)","Viande, poulet, fraîche ou réfrigérée","2019","tonnes","77359.87"
"Compte Disponibilités et Utilisations (CDU) (2010-)","Lituanie","Disponibilité alimentaire en quantité (tonnes)","Viande, poulet, fraîche ou réfrigérée","2020","tonnes","67463.63"
"Compte Disponibilités et Utilisations (CDU) (2010-)","Lituanie","Disponibilité alimentaire en quantité (tonnes)","Viande, poulet, fraîche ou réfrigérée","2021","tonnes","64556.48"
"Compte Disponibilités et Utilisations (CDU) (2010-)","Lituanie","Disponibilité alimentaire en quantité (tonnes)","Viande, poulet, fraîche ou réfrigérée","2022","tonnes","66350.02"
"Compte Disponibilités et Utilisations (CDU) (2010-)","Lituanie","Disponibilité alimentaire en quantité (tonnes)","Viande, poulet, fraîche ou réfrigérée","2023","tonnes","66762.23"
"Compte Disponibilités et Utilisations (CDU) (2010-)","Luxembourg","Disponibilité alimentaire en quantité (tonnes)","Viande, poulet, fraîche ou réfrigérée","2010","tonnes","6942"
"Compte Disponibilités et Utilisations (CDU) (2010-)","Luxembourg","Disponibilité alimentaire en quantité (tonnes)","Viande, poulet, fraîche ou réfrigérée","2011","tonnes","9153"
"Compte Disponibilités et Utilisations (CDU) (2010-)","Luxembourg","Disponibilité alimentaire en quantité (tonnes)","Viande, poulet, fraîche ou réfrigérée","2012","tonnes","7369"
"Compte Disponibilités et Utilisations (CDU) (2010-)","Luxembourg","Disponibilité alimentaire en quantité (tonnes)","Viande, poulet, fraîche ou réfrigérée","2013","tonnes","7614"
"Compte Disponibilités et Utilisations (CDU) (2010-)","Luxembourg","Disponibilité alimentaire en quantité (tonnes)","Viande, poulet, fraîche ou réfrigérée","2014","tonnes","7080.99"
"Compte Disponibilités et Utilisations (CDU) (2010-)","Luxembourg","Disponibilité alimentaire en quantité (tonnes)","Viande, poulet, fraîche ou réfrigérée","2015","tonnes","7554.35"
"Compte Disponibilités et Utilisations (CDU) (2010-)","Luxembourg","Disponibilité alimentaire en quantité (tonnes)","Viande, poulet, fraîche ou réfrigérée","2016","tonnes","7613.17"
"Compte Disponibilités et Utilisations (CDU) (2010-)","Luxembourg","Disponibilité alimentaire en quantité (tonnes)","Viande, poulet, fraîche ou réfrigérée","2017","tonnes","7502.83"
"Compte Disponibilités et Utilisations (CDU) (2010-)","Luxembourg","Disponibilité alimentaire en quantité (tonnes)","Viande, poulet, fraîche ou réfrigérée","2018","tonnes","7740.84"
"Compte Disponibilités et Utilisations (CDU) (2010-)","Luxembourg","Disponibilité alimentaire en quantité (tonnes)","Viande, poulet, fraîche ou réfrigérée","2019","tonnes","7695.13"
"Compte Disponibilités et Utilisations (CDU) (2010-)","Luxembourg","Disponibilité alimentaire en quantité (tonnes)","Viande, poulet, fraîche ou réfrigérée","2020","tonnes","7966.47"
"Compte Disponibilités et Utilisations (CDU) (2010-)","Luxembourg","Disponibilité alimentaire en quantité (tonnes)","Viande, poulet, fraîche ou réfrigérée","2021","tonnes","7875.32"
"Compte Disponibilités et Utilisations (CDU) (2010-)","Luxembourg","Disponibilité alimentaire en quantité (tonnes)","Viande, poulet, fraîche ou réfrigérée","2022","tonnes","8474.3"
"Compte Disponibilités et Utilisations (CDU) (2010-)","Luxembourg","Disponibilité alimentaire en quantité (tonnes)","Viande, poulet, fraîche ou réfrigérée","2023","tonnes","8523.6"
"Compte Disponibilités et Utilisations (CDU) (2010-)","Macédoine du Nord","Disponibilité alimentaire en quantité (tonnes)","Viande, poulet, fraîche ou réfrigérée","2010","tonnes","33566"
"Compte Disponibilités et Utilisations (CDU) (2010-)","Macédoine du Nord","Disponibilité alimentaire en quantité (tonnes)","Viande, poulet, fraîche ou réfrigérée","2011","tonnes","31906"
"Compte Disponibilités et Utilisations (CDU) (2010-)","Macédoine du Nord","Disponibilité alimentaire en quantité (tonnes)","Viande, poulet, fraîche ou réfrigérée","2012","tonnes","35315"
"Compte Disponibilités et Utilisations (CDU) (2010-)","Macédoine du Nord","Disponibilité alimentaire en quantité (tonnes)","Viande, poulet, fraîche ou réfrigérée","2013","tonnes","35552"
"Compte Disponibilités et Utilisations (CDU) (2010-)","Macédoine du Nord","Disponibilité alimentaire en quantité (tonnes)","Viande, poulet, fraîche ou réfrigérée","2014","tonnes","34381.06"
"Compte Disponibilités et Utilisations (CDU) (2010-)","Macédoine du Nord","Disponibilité alimentaire en quantité (tonnes)","Viande, poulet, fraîche ou réfrigérée","2015","tonnes","36199.81"
"Compte Disponibilités et Utilisations (CDU) (2010-)","Macédoine du Nord","Disponibilité alimentaire en quantité (tonnes)","Viande, poulet, fraîche ou réfrigérée","2016","tonnes","34579.2"
"Compte Disponibilités et Utilisations (CDU) (2010-)","Macédoine du Nord","Disponibilité alimentaire en quantité (tonnes)","Viande, poulet, fraîche ou réfrigérée","2017","tonnes","37928.27"
"Compte Disponibilités et Utilisations (CDU) (2010-)","Macédoine du Nord","Disponibilité alimentaire en quantité (tonnes)","Viande, poulet, fraîche ou réfrigérée","2018","tonnes","38205.55"
"Compte Disponibilités et Utilisations (CDU) (2010-)","Macédoine du Nord","Disponibilité alimentaire en quantité (tonnes)","Viande, poulet, fraîche ou réfrigérée","2019","tonnes","38439.45"
"Compte Disponibilités et Utilisations (CDU) (2010-)","Macédoine du Nord","Disponibilité alimentaire en quantité (tonnes)","Viande, poulet, fraîche ou réfrigérée","2020","tonnes","38159.4"
"Compte Disponibilités et Utilisations (CDU) (2010-)","Macédoine du Nord","Disponibilité alimentaire en quantité (tonnes)","Viande, poulet, fraîche ou réfrigérée","2021","tonnes","35112.38"
"Compte Disponibilités et Utilisations (CDU) (2010-)","Macédoine du Nord","Disponibilité alimentaire en quantité (tonnes)","Viande, poulet, fraîche ou réfrigérée","2022","tonnes","33965.21"
"Compte Disponibilités et Utilisations (CDU) (2010-)","Macédoine du Nord","Disponibilité alimentaire en quantité (tonnes)","Viande, poulet, fraîche ou réfrigérée","2023","tonnes","37432.66"
"Compte Disponibilités et Utilisations (CDU) (2010-)","Madagascar","Disponibilité alimentaire en quantité (tonnes)","Viande, poulet, fraîche ou réfrigérée","2010","tonnes","37921"
"Compte Disponibilités et Utilisations (CDU) (2010-)","Madagascar","Disponibilité alimentaire en quantité (tonnes)","Viande, poulet, fraîche ou réfrigérée","2011","tonnes","38673"
"Compte Disponibilités et Utilisations (CDU) (2010-)","Madagascar","Disponibilité alimentaire en quantité (tonnes)","Viande, poulet, fraîche ou réfrigérée","2012","tonnes","38953"
"Compte Disponibilités et Utilisations (CDU) (2010-)","Madagascar","Disponibilité alimentaire en quantité (tonnes)","Viande, poulet, fraîche ou réfrigérée","2013","tonnes","38427"
"Compte Disponibilités et Utilisations (CDU) (2010-)","Madagascar","Disponibilité alimentaire en quantité (tonnes)","Viande, poulet, fraîche ou réfrigérée","2014","tonnes","38564.22"
"Compte Disponibilités et Utilisations (CDU) (2010-)","Madagascar","Disponibilité alimentaire en quantité (tonnes)","Viande, poulet, fraîche ou réfrigérée","2015","tonnes","44078.9"
"Compte Disponibilités et Utilisations (CDU) (2010-)","Madagascar","Disponibilité alimentaire en quantité (tonnes)","Viande, poulet, fraîche ou réfrigérée","2016","tonnes","48983.83"
"Compte Disponibilités et Utilisations (CDU) (2010-)","Madagascar","Disponibilité alimentaire en quantité (tonnes)","Viande, poulet, fraîche ou réfrigérée","2017","tonnes","49160.84"
"Compte Disponibilités et Utilisations (CDU) (2010-)","Madagascar","Disponibilité alimentaire en quantité (tonnes)","Viande, poulet, fraîche ou réfrigérée","2018","tonnes","49373.66"
"Compte Disponibilités et Utilisations (CDU) (2010-)","Madagascar","Disponibilité alimentaire en quantité (tonnes)","Viande, poulet, fraîche ou réfrigérée","2019","tonnes","50470.9"
"Compte Disponibilités et Utilisations (CDU) (2010-)","Madagascar","Disponibilité alimentaire en quantité (tonnes)","Viande, poulet, fraîche ou réfrigérée","2020","tonnes","51236.44"
"Compte Disponibilités et Utilisations (CDU) (2010-)","Madagascar","Disponibilité alimentaire en quantité (tonnes)","Viande, poulet, fraîche ou réfrigérée","2021","tonnes","52991.44"
"Compte Disponibilités et Utilisations (CDU) (2010-)","Madagascar","Disponibilité alimentaire en quantité (tonnes)","Viande, poulet, fraîche ou réfrigérée","2022","tonnes","53986.99"
"Compte Disponibilités et Utilisations (CDU) (2010-)","Madagascar","Disponibilité alimentaire en quantité (tonnes)","Viande, poulet, fraîche ou réfrigérée","2023","tonnes","54965.77"
"Compte Disponibilités et Utilisations (CDU) (2010-)","Malaisie","Disponibilité alimentaire en quantité (tonnes)","Viande, poulet, fraîche ou réfrigérée","2010","tonnes","1113934.56"
"Compte Disponibilités et Utilisations (CDU) (2010-)","Malaisie","Disponibilité alimentaire en quantité (tonnes)","Viande, poulet, fraîche ou réfrigérée","2011","tonnes","1156120.39"
"Compte Disponibilités et Utilisations (CDU) (2010-)","Malaisie","Disponibilité alimentaire en quantité (tonnes)","Viande, poulet, fraîche ou réfrigérée","2012","tonnes","1234369.29"
"Compte Disponibilités et Utilisations (CDU) (2010-)","Malaisie","Disponibilité alimentaire en quantité (tonnes)","Viande, poulet, fraîche ou réfrigérée","2013","tonnes","1308000.46"
"Compte Disponibilités et Utilisations (CDU) (2010-)","Malaisie","Disponibilité alimentaire en quantité (tonnes)","Viande, poulet, fraîche ou réfrigérée","2014","tonnes","1427249"
"Compte Disponibilités et Utilisations (CDU) (2010-)","Malaisie","Disponibilité alimentaire en quantité (tonnes)","Viande, poulet, fraîche ou réfrigérée","2015","tonnes","1526462"
"Compte Disponibilités et Utilisations (CDU) (2010-)","Malaisie","Disponibilité alimentaire en quantité (tonnes)","Viande, poulet, fraîche ou réfrigérée","2016","tonnes","1703414"
"Compte Disponibilités et Utilisations (CDU) (2010-)","Malaisie","Disponibilité alimentaire en quantité (tonnes)","Viande, poulet, fraîche ou réfrigérée","2017","tonnes","1619747"
"Compte Disponibilités et Utilisations (CDU) (2010-)","Malaisie","Disponibilité alimentaire en quantité (tonnes)","Viande, poulet, fraîche ou réfrigérée","2018","tonnes","1608402"
"Compte Disponibilités et Utilisations (CDU) (2010-)","Malaisie","Disponibilité alimentaire en quantité (tonnes)","Viande, poulet, fraîche ou réfrigérée","2019","tonnes","1612957"
"Compte Disponibilités et Utilisations (CDU) (2010-)","Malaisie","Disponibilité alimentaire en quantité (tonnes)","Viande, poulet, fraîche ou réfrigérée","2020","tonnes","1652570"
"Compte Disponibilités et Utilisations (CDU) (2010-)","Malaisie","Disponibilité alimentaire en quantité (tonnes)","Viande, poulet, fraîche ou réfrigérée","2021","tonnes","1622140"
"Compte Disponibilités et Utilisations (CDU) (2010-)","Malaisie","Disponibilité alimentaire en quantité (tonnes)","Viande, poulet, fraîche ou réfrigérée","2022","tonnes","1665039.96"
"Compte Disponibilités et Utilisations (CDU) (2010-)","Malaisie","Disponibilité alimentaire en quantité (tonnes)","Viande, poulet, fraîche ou réfrigérée","2023","tonnes","1749532.63"
"Compte Disponibilités et Utilisations (CDU) (2010-)","Malawi","Disponibilité alimentaire en quantité (tonnes)","Viande, poulet, fraîche ou réfrigérée","2010","tonnes","23834"
"Compte Disponibilités et Utilisations (CDU) (2010-)","Malawi","Disponibilité alimentaire en quantité (tonnes)","Viande, poulet, fraîche ou réfrigérée","2011","tonnes","55807"
"Compte Disponibilités et Utilisations (CDU) (2010-)","Malawi","Disponibilité alimentaire en quantité (tonnes)","Viande, poulet, fraîche ou réfrigérée","2012","tonnes","74384"
"Compte Disponibilités et Utilisations (CDU) (2010-)","Malawi","Disponibilité alimentaire en quantité (tonnes)","Viande, poulet, fraîche ou réfrigérée","2013","tonnes","72991"
"Compte Disponibilités et Utilisations (CDU) (2010-)","Malawi","Disponibilité alimentaire en quantité (tonnes)","Viande, poulet, fraîche ou réfrigérée","2014","tonnes","77711.13"
"Compte Disponibilités et Utilisations (CDU) (2010-)","Malawi","Disponibilité alimentaire en quantité (tonnes)","Viande, poulet, fraîche ou réfrigérée","2015","tonnes","98600"
"Compte Disponibilités et Utilisations (CDU) (2010-)","Malawi","Disponibilité alimentaire en quantité (tonnes)","Viande, poulet, fraîche ou réfrigérée","2016","tonnes","82290.99"
"Compte Disponibilités et Utilisations (CDU) (2010-)","Malawi","Disponibilité alimentaire en quantité (tonnes)","Viande, poulet, fraîche ou réfrigérée","2017","tonnes","130200"
"Compte Disponibilités et Utilisations (CDU) (2010-)","Malawi","Disponibilité alimentaire en quantité (tonnes)","Viande, poulet, fraîche ou réfrigérée","2018","tonnes","191000"
"Compte Disponibilités et Utilisations (CDU) (2010-)","Malawi","Disponibilité alimentaire en quantité (tonnes)","Viande, poulet, fraîche ou réfrigérée","2019","tonnes","105423.27"
"Compte Disponibilités et Utilisations (CDU) (2010-)","Malawi","Disponibilité alimentaire en quantité (tonnes)","Viande, poulet, fraîche ou réfrigérée","2020","tonnes","103904.51"
"Compte Disponibilités et Utilisations (CDU) (2010-)","Malawi","Disponibilité alimentaire en quantité (tonnes)","Viande, poulet, fraîche ou réfrigérée","2021","tonnes","143678.03"
"Compte Disponibilités et Utilisations (CDU) (2010-)","Malawi","Disponibilité alimentaire en quantité (tonnes)","Viande, poulet, fraîche ou réfrigérée","2022","tonnes","135746.77"
"Compte Disponibilités et Utilisations (CDU) (2010-)","Malawi","Disponibilité alimentaire en quantité (tonnes)","Viande, poulet, fraîche ou réfrigérée","2023","tonnes","98319.14"
"Compte Disponibilités et Utilisations (CDU) (2010-)","Maldives","Disponibilité alimentaire en quantité (tonnes)","Viande, poulet, fraîche ou réfrigérée","2010","tonnes","4397.89"
"Compte Disponibilités et Utilisations (CDU) (2010-)","Maldives","Disponibilité alimentaire en quantité (tonnes)","Viande, poulet, fraîche ou réfrigérée","2011","tonnes","4679.31"
"Compte Disponibilités et Utilisations (CDU) (2010-)","Maldives","Disponibilité alimentaire en quantité (tonnes)","Viande, poulet, fraîche ou réfrigérée","2012","tonnes","4840.92"
"Compte Disponibilités et Utilisations (CDU) (2010-)","Maldives","Disponibilité alimentaire en quantité (tonnes)","Viande, poulet, fraîche ou réfrigérée","2013","tonnes","5066.47"
"Compte Disponibilités et Utilisations (CDU) (2010-)","Maldives","Disponibilité alimentaire en quantité (tonnes)","Viande, poulet, fraîche ou réfrigérée","2014","tonnes","5321.79"
"Compte Disponibilités et Utilisations (CDU) (2010-)","Maldives","Disponibilité alimentaire en quantité (tonnes)","Viande, poulet, fraîche ou réfrigérée","2015","tonnes","6025.42"
"Compte Disponibilités et Utilisations (CDU) (2010-)","Maldives","Disponibilité alimentaire en quantité (tonnes)","Viande, poulet, fraîche ou réfrigérée","2016","tonnes","7100.64"
"Compte Disponibilités et Utilisations (CDU) (2010-)","Maldives","Disponibilité alimentaire en quantité (tonnes)","Viande, poulet, fraîche ou réfrigérée","2017","tonnes","6701.34"
"Compte Disponibilités et Utilisations (CDU) (2010-)","Maldives","Disponibilité alimentaire en quantité (tonnes)","Viande, poulet, fraîche ou réfrigérée","2018","tonnes","7064.87"
"Compte Disponibilités et Utilisations (CDU) (2010-)","Maldives","Disponibilité alimentaire en quantité (tonnes)","Viande, poulet, fraîche ou réfrigérée","2019","tonnes","7120.66"
"Compte Disponibilités et Utilisations (CDU) (2010-)","Maldives","Disponibilité alimentaire en quantité (tonnes)","Viande, poulet, fraîche ou réfrigérée","2020","tonnes","7249.96"
"Compte Disponibilités et Utilisations (CDU) (2010-)","Maldives","Disponibilité alimentaire en quantité (tonnes)","Viande, poulet, fraîche ou réfrigérée","2021","tonnes","8500"
"Compte Disponibilités et Utilisations (CDU) (2010-)","Maldives","Disponibilité alimentaire en quantité (tonnes)","Viande, poulet, fraîche ou réfrigérée","2022","tonnes","9796.33"
"Compte Disponibilités et Utilisations (CDU) (2010-)","Maldives","Disponibilité alimentaire en quantité (tonnes)","Viande, poulet, fraîche ou réfrigérée","2023","tonnes","8112.31"
"Compte Disponibilités et Utilisations (CDU) (2010-)","Malte","Disponibilité alimentaire en quantité (tonnes)","Viande, poulet, fraîche ou réfrigérée","2010","tonnes","6881.44"
"Compte Disponibilités et Utilisations (CDU) (2010-)","Malte","Disponibilité alimentaire en quantité (tonnes)","Viande, poulet, fraîche ou réfrigérée","2011","tonnes","6946.94"
"Compte Disponibilités et Utilisations (CDU) (2010-)","Malte","Disponibilité alimentaire en quantité (tonnes)","Viande, poulet, fraîche ou réfrigérée","2012","tonnes","7037.68"
"Compte Disponibilités et Utilisations (CDU) (2010-)","Malte","Disponibilité alimentaire en quantité (tonnes)","Viande, poulet, fraîche ou réfrigérée","2013","tonnes","7160.48"
"Compte Disponibilités et Utilisations (CDU) (2010-)","Malte","Disponibilité alimentaire en quantité (tonnes)","Viande, poulet, fraîche ou réfrigérée","2014","tonnes","7347.81"
"Compte Disponibilités et Utilisations (CDU) (2010-)","Malte","Disponibilité alimentaire en quantité (tonnes)","Viande, poulet, fraîche ou réfrigérée","2015","tonnes","7492.63"
"Compte Disponibilités et Utilisations (CDU) (2010-)","Malte","Disponibilité alimentaire en quantité (tonnes)","Viande, poulet, fraîche ou réfrigérée","2016","tonnes","7607.26"
"Compte Disponibilités et Utilisations (CDU) (2010-)","Malte","Disponibilité alimentaire en quantité (tonnes)","Viande, poulet, fraîche ou réfrigérée","2017","tonnes","7123.29"
"Compte Disponibilités et Utilisations (CDU) (2010-)","Malte","Disponibilité alimentaire en quantité (tonnes)","Viande, poulet, fraîche ou réfrigérée","2018","tonnes","7881.1"
"Compte Disponibilités et Utilisations (CDU) (2010-)","Malte","Disponibilité alimentaire en quantité (tonnes)","Viande, poulet, fraîche ou réfrigérée","2019","tonnes","7923.07"
"Compte Disponibilités et Utilisations (CDU) (2010-)","Malte","Disponibilité alimentaire en quantité (tonnes)","Viande, poulet, fraîche ou réfrigérée","2020","tonnes","9548"
"Compte Disponibilités et Utilisations (CDU) (2010-)","Malte","Disponibilité alimentaire en quantité (tonnes)","Viande, poulet, fraîche ou réfrigérée","2021","tonnes","8939.13"
"Compte Disponibilités et Utilisations (CDU) (2010-)","Malte","Disponibilité alimentaire en quantité (tonnes)","Viande, poulet, fraîche ou réfrigérée","2022","tonnes","8658.11"
"Compte Disponibilités et Utilisations (CDU) (2010-)","Malte","Disponibilité alimentaire en quantité (tonnes)","Viande, poulet, fraîche ou réfrigérée","2023","tonnes","9741.29"
"Compte Disponibilités et Utilisations (CDU) (2010-)","Maroc","Disponibilité alimentaire en quantité (tonnes)","Viande, poulet, fraîche ou réfrigérée","2010","tonnes","572865.34"
"Compte Disponibilités et Utilisations (CDU) (2010-)","Maroc","Disponibilité alimentaire en quantité (tonnes)","Viande, poulet, fraîche ou réfrigérée","2011","tonnes","589143.26"
"Compte Disponibilités et Utilisations (CDU) (2010-)","Maroc","Disponibilité alimentaire en quantité (tonnes)","Viande, poulet, fraîche ou réfrigérée","2012","tonnes","598994.69"
"Compte Disponibilités et Utilisations (CDU) (2010-)","Maroc","Disponibilité alimentaire en quantité (tonnes)","Viande, poulet, fraîche ou réfrigérée","2013","tonnes","613847.47"
"Compte Disponibilités et Utilisations (CDU) (2010-)","Maroc","Disponibilité alimentaire en quantité (tonnes)","Viande, poulet, fraîche ou réfrigérée","2014","tonnes","628442.26"
"Compte Disponibilités et Utilisations (CDU) (2010-)","Maroc","Disponibilité alimentaire en quantité (tonnes)","Viande, poulet, fraîche ou réfrigérée","2015","tonnes","643631.92"
"Compte Disponibilités et Utilisations (CDU) (2010-)","Maroc","Disponibilité alimentaire en quantité (tonnes)","Viande, poulet, fraîche ou réfrigérée","2016","tonnes","656090.46"
"Compte Disponibilités et Utilisations (CDU) (2010-)","Maroc","Disponibilité alimentaire en quantité (tonnes)","Viande, poulet, fraîche ou réfrigérée","2017","tonnes","673192.85"
"Compte Disponibilités et Utilisations (CDU) (2010-)","Maroc","Disponibilité alimentaire en quantité (tonnes)","Viande, poulet, fraîche ou réfrigérée","2018","tonnes","672421.14"
"Compte Disponibilités et Utilisations (CDU) (2010-)","Maroc","Disponibilité alimentaire en quantité (tonnes)","Viande, poulet, fraîche ou réfrigérée","2019","tonnes","783849.23"
"Compte Disponibilités et Utilisations (CDU) (2010-)","Maroc","Disponibilité alimentaire en quantité (tonnes)","Viande, poulet, fraîche ou réfrigérée","2020","tonnes","536160.37"
"Compte Disponibilités et Utilisations (CDU) (2010-)","Maroc","Disponibilité alimentaire en quantité (tonnes)","Viande, poulet, fraîche ou réfrigérée","2021","tonnes","529565.19"
"Compte Disponibilités et Utilisations (CDU) (2010-)","Maroc","Disponibilité alimentaire en quantité (tonnes)","Viande, poulet, fraîche ou réfrigérée","2022","tonnes","544695.84"
"Compte Disponibilités et Utilisations (CDU) (2010-)","Maroc","Disponibilité alimentaire en quantité (tonnes)","Viande, poulet, fraîche ou réfrigérée","2023","tonnes","570596.47"
"Compte Disponibilités et Utilisations (CDU) (2010-)","Maurice","Disponibilité alimentaire en quantité (tonnes)","Viande, poulet, fraîche ou réfrigérée","2010","tonnes","44593.86"
"Compte Disponibilités et Utilisations (CDU) (2010-)","Maurice","Disponibilité alimentaire en quantité (tonnes)","Viande, poulet, fraîche ou réfrigérée","2011","tonnes","45220.46"
"Compte Disponibilités et Utilisations (CDU) (2010-)","Maurice","Disponibilité alimentaire en quantité (tonnes)","Viande, poulet, fraîche ou réfrigérée","2012","tonnes","46285.85"
"Compte Disponibilités et Utilisations (CDU) (2010-)","Maurice","Disponibilité alimentaire en quantité (tonnes)","Viande, poulet, fraîche ou réfrigérée","2013","tonnes","47361.56"
"Compte Disponibilités et Utilisations (CDU) (2010-)","Maurice","Disponibilité alimentaire en quantité (tonnes)","Viande, poulet, fraîche ou réfrigérée","2014","tonnes","47007.57"
"Compte Disponibilités et Utilisations (CDU) (2010-)","Maurice","Disponibilité alimentaire en quantité (tonnes)","Viande, poulet, fraîche ou réfrigérée","2015","tonnes","47539.02"
"Compte Disponibilités et Utilisations (CDU) (2010-)","Maurice","Disponibilité alimentaire en quantité (tonnes)","Viande, poulet, fraîche ou réfrigérée","2016","tonnes","47616.37"
"Compte Disponibilités et Utilisations (CDU) (2010-)","Maurice","Disponibilité alimentaire en quantité (tonnes)","Viande, poulet, fraîche ou réfrigérée","2017","tonnes","46352.23"
"Compte Disponibilités et Utilisations (CDU) (2010-)","Maurice","Disponibilité alimentaire en quantité (tonnes)","Viande, poulet, fraîche ou réfrigérée","2018","tonnes","47797.55"
"Compte Disponibilités et Utilisations (CDU) (2010-)","Maurice","Disponibilité alimentaire en quantité (tonnes)","Viande, poulet, fraîche ou réfrigérée","2019","tonnes","49374.95"
"Compte Disponibilités et Utilisations (CDU) (2010-)","Maurice","Disponibilité alimentaire en quantité (tonnes)","Viande, poulet, fraîche ou réfrigérée","2020","tonnes","47640.9"
"Compte Disponibilités et Utilisations (CDU) (2010-)","Maurice","Disponibilité alimentaire en quantité (tonnes)","Viande, poulet, fraîche ou réfrigérée","2021","tonnes","49221.77"
"Compte Disponibilités et Utilisations (CDU) (2010-)","Maurice","Disponibilité alimentaire en quantité (tonnes)","Viande, poulet, fraîche ou réfrigérée","2022","tonnes","55145.77"
"Compte Disponibilités et Utilisations (CDU) (2010-)","Maurice","Disponibilité alimentaire en quantité (tonnes)","Viande, poulet, fraîche ou réfrigérée","2023","tonnes","58767.96"
"Compte Disponibilités et Utilisations (CDU) (2010-)","Mauritanie","Disponibilité alimentaire en quantité (tonnes)","Viande, poulet, fraîche ou réfrigérée","2010","tonnes","16244.2"
"Compte Disponibilités et Utilisations (CDU) (2010-)","Mauritanie","Disponibilité alimentaire en quantité (tonnes)","Viande, poulet, fraîche ou réfrigérée","2011","tonnes","16956.58"
"Compte Disponibilités et Utilisations (CDU) (2010-)","Mauritanie","Disponibilité alimentaire en quantité (tonnes)","Viande, poulet, fraîche ou réfrigérée","2012","tonnes","17968.72"
"Compte Disponibilités et Utilisations (CDU) (2010-)","Mauritanie","Disponibilité alimentaire en quantité (tonnes)","Viande, poulet, fraîche ou réfrigérée","2013","tonnes","19089.87"
"Compte Disponibilités et Utilisations (CDU) (2010-)","Mauritanie","Disponibilité alimentaire en quantité (tonnes)","Viande, poulet, fraîche ou réfrigérée","2014","tonnes","20243.18"
"Compte Disponibilités et Utilisations (CDU) (2010-)","Mauritanie","Disponibilité alimentaire en quantité (tonnes)","Viande, poulet, fraîche ou réfrigérée","2015","tonnes","20870.72"
"Compte Disponibilités et Utilisations (CDU) (2010-)","Mauritanie","Disponibilité alimentaire en quantité (tonnes)","Viande, poulet, fraîche ou réfrigérée","2016","tonnes","21225.52"
"Compte Disponibilités et Utilisations (CDU) (2010-)","Mauritanie","Disponibilité alimentaire en quantité (tonnes)","Viande, poulet, fraîche ou réfrigérée","2017","tonnes","21960.21"
"Compte Disponibilités et Utilisations (CDU) (2010-)","Mauritanie","Disponibilité alimentaire en quantité (tonnes)","Viande, poulet, fraîche ou réfrigérée","2018","tonnes","22576.25"
"Compte Disponibilités et Utilisations (CDU) (2010-)","Mauritanie","Disponibilité alimentaire en quantité (tonnes)","Viande, poulet, fraîche ou réfrigérée","2019","tonnes","27472.41"
"Compte Disponibilités et Utilisations (CDU) (2010-)","Mauritanie","Disponibilité alimentaire en quantité (tonnes)","Viande, poulet, fraîche ou réfrigérée","2020","tonnes","27158.98"
"Compte Disponibilités et Utilisations (CDU) (2010-)","Mauritanie","Disponibilité alimentaire en quantité (tonnes)","Viande, poulet, fraîche ou réfrigérée","2021","tonnes","33062.73"
"Compte Disponibilités et Utilisations (CDU) (2010-)","Mauritanie","Disponibilité alimentaire en quantité (tonnes)","Viande, poulet, fraîche ou réfrigérée","2022","tonnes","51652.68"
"Compte Disponibilités et Utilisations (CDU) (2010-)","Mauritanie","Disponibilité alimentaire en quantité (tonnes)","Viande, poulet, fraîche ou réfrigérée","2023","tonnes","56334.71"
"Compte Disponibilités et Utilisations (CDU) (2010-)","Mexique","Disponibilité alimentaire en quantité (tonnes)","Viande, poulet, fraîche ou réfrigérée","2010","tonnes","3403711.98"
"Compte Disponibilités et Utilisations (CDU) (2010-)","Mexique","Disponibilité alimentaire en quantité (tonnes)","Viande, poulet, fraîche ou réfrigérée","2011","tonnes","3474657.81"
"Compte Disponibilités et Utilisations (CDU) (2010-)","Mexique","Disponibilité alimentaire en quantité (tonnes)","Viande, poulet, fraîche ou réfrigérée","2012","tonnes","3545894.06"
"Compte Disponibilités et Utilisations (CDU) (2010-)","Mexique","Disponibilité alimentaire en quantité (tonnes)","Viande, poulet, fraîche ou réfrigérée","2013","tonnes","3593168.09"
"Compte Disponibilités et Utilisations (CDU) (2010-)","Mexique","Disponibilité alimentaire en quantité (tonnes)","Viande, poulet, fraîche ou réfrigérée","2014","tonnes","3578764.28"
"Compte Disponibilités et Utilisations (CDU) (2010-)","Mexique","Disponibilité alimentaire en quantité (tonnes)","Viande, poulet, fraîche ou réfrigérée","2015","tonnes","3737122.38"
"Compte Disponibilités et Utilisations (CDU) (2010-)","Mexique","Disponibilité alimentaire en quantité (tonnes)","Viande, poulet, fraîche ou réfrigérée","2016","tonnes","3856484.04"
"Compte Disponibilités et Utilisations (CDU) (2010-)","Mexique","Disponibilité alimentaire en quantité (tonnes)","Viande, poulet, fraîche ou réfrigérée","2017","tonnes","3996412.77"
"Compte Disponibilités et Utilisations (CDU) (2010-)","Mexique","Disponibilité alimentaire en quantité (tonnes)","Viande, poulet, fraîche ou réfrigérée","2018","tonnes","4134155.42"
"Compte Disponibilités et Utilisations (CDU) (2010-)","Mexique","Disponibilité alimentaire en quantité (tonnes)","Viande, poulet, fraîche ou réfrigérée","2019","tonnes","4446984.35"
"Compte Disponibilités et Utilisations (CDU) (2010-)","Mexique","Disponibilité alimentaire en quantité (tonnes)","Viande, poulet, fraîche ou réfrigérée","2020","tonnes","4459828"
"Compte Disponibilités et Utilisations (CDU) (2010-)","Mexique","Disponibilité alimentaire en quantité (tonnes)","Viande, poulet, fraîche ou réfrigérée","2021","tonnes","4697314.09"
"Compte Disponibilités et Utilisations (CDU) (2010-)","Mexique","Disponibilité alimentaire en quantité (tonnes)","Viande, poulet, fraîche ou réfrigérée","2022","tonnes","4828914.78"
"Compte Disponibilités et Utilisations (CDU) (2010-)","Mexique","Disponibilité alimentaire en quantité (tonnes)","Viande, poulet, fraîche ou réfrigérée","2023","tonnes","4855234.9"
"Compte Disponibilités et Utilisations (CDU) (2010-)","Micronésie (États fédérés de)","Disponibilité alimentaire en quantité (tonnes)","Viande, poulet, fraîche ou réfrigérée","2019","tonnes","4093.34"
"Compte Disponibilités et Utilisations (CDU) (2010-)","Micronésie (États fédérés de)","Disponibilité alimentaire en quantité (tonnes)","Viande, poulet, fraîche ou réfrigérée","2020","tonnes","4212.65"
"Compte Disponibilités et Utilisations (CDU) (2010-)","Micronésie (États fédérés de)","Disponibilité alimentaire en quantité (tonnes)","Viande, poulet, fraîche ou réfrigérée","2021","tonnes","4436.77"
"Compte Disponibilités et Utilisations (CDU) (2010-)","Micronésie (États fédérés de)","Disponibilité alimentaire en quantité (tonnes)","Viande, poulet, fraîche ou réfrigérée","2022","tonnes","4124.81"
"Compte Disponibilités et Utilisations (CDU) (2010-)","Micronésie (États fédérés de)","Disponibilité alimentaire en quantité (tonnes)","Viande, poulet, fraîche ou réfrigérée","2023","tonnes","3912.84"
"Compte Disponibilités et Utilisations (CDU) (2010-)","Mongolie","Disponibilité alimentaire en quantité (tonnes)","Viande, poulet, fraîche ou réfrigérée","2010","tonnes","4777.01"
"Compte Disponibilités et Utilisations (CDU) (2010-)","Mongolie","Disponibilité alimentaire en quantité (tonnes)","Viande, poulet, fraîche ou réfrigérée","2011","tonnes","5664.99"
"Compte Disponibilités et Utilisations (CDU) (2010-)","Mongolie","Disponibilité alimentaire en quantité (tonnes)","Viande, poulet, fraîche ou réfrigérée","2012","tonnes","6394.84"
"Compte Disponibilités et Utilisations (CDU) (2010-)","Mongolie","Disponibilité alimentaire en quantité (tonnes)","Viande, poulet, fraîche ou réfrigérée","2013","tonnes","7170.74"
"Compte Disponibilités et Utilisations (CDU) (2010-)","Mongolie","Disponibilité alimentaire en quantité (tonnes)","Viande, poulet, fraîche ou réfrigérée","2014","tonnes","7784.52"
"Compte Disponibilités et Utilisations (CDU) (2010-)","Mongolie","Disponibilité alimentaire en quantité (tonnes)","Viande, poulet, fraîche ou réfrigérée","2015","tonnes","7969.72"
"Compte Disponibilités et Utilisations (CDU) (2010-)","Mongolie","Disponibilité alimentaire en quantité (tonnes)","Viande, poulet, fraîche ou réfrigérée","2016","tonnes","8045.32"
"Compte Disponibilités et Utilisations (CDU) (2010-)","Mongolie","Disponibilité alimentaire en quantité (tonnes)","Viande, poulet, fraîche ou réfrigérée","2017","tonnes","8449.54"
"Compte Disponibilités et Utilisations (CDU) (2010-)","Mongolie","Disponibilité alimentaire en quantité (tonnes)","Viande, poulet, fraîche ou réfrigérée","2018","tonnes","11901.87"
"Compte Disponibilités et Utilisations (CDU) (2010-)","Mongolie","Disponibilité alimentaire en quantité (tonnes)","Viande, poulet, fraîche ou réfrigérée","2019","tonnes","13641.99"
"Compte Disponibilités et Utilisations (CDU) (2010-)","Mongolie","Disponibilité alimentaire en quantité (tonnes)","Viande, poulet, fraîche ou réfrigérée","2020","tonnes","13698.97"
"Compte Disponibilités et Utilisations (CDU) (2010-)","Mongolie","Disponibilité alimentaire en quantité (tonnes)","Viande, poulet, fraîche ou réfrigérée","2021","tonnes","19558.53"
"Compte Disponibilités et Utilisations (CDU) (2010-)","Mongolie","Disponibilité alimentaire en quantité (tonnes)","Viande, poulet, fraîche ou réfrigérée","2022","tonnes","22837.23"
"Compte Disponibilités et Utilisations (CDU) (2010-)","Mongolie","Disponibilité alimentaire en quantité (tonnes)","Viande, poulet, fraîche ou réfrigérée","2023","tonnes","25346.75"
"Compte Disponibilités et Utilisations (CDU) (2010-)","Monténégro","Disponibilité alimentaire en quantité (tonnes)","Viande, poulet, fraîche ou réfrigérée","2010","tonnes","8352.54"
"Compte Disponibilités et Utilisations (CDU) (2010-)","Monténégro","Disponibilité alimentaire en quantité (tonnes)","Viande, poulet, fraîche ou réfrigérée","2011","tonnes","8468.99"
"Compte Disponibilités et Utilisations (CDU) (2010-)","Monténégro","Disponibilité alimentaire en quantité (tonnes)","Viande, poulet, fraîche ou réfrigérée","2012","tonnes","8382.59"
"Compte Disponibilités et Utilisations (CDU) (2010-)","Monténégro","Disponibilité alimentaire en quantité (tonnes)","Viande, poulet, fraîche ou réfrigérée","2013","tonnes","8505.78"
"Compte Disponibilités et Utilisations (CDU) (2010-)","Monténégro","Disponibilité alimentaire en quantité (tonnes)","Viande, poulet, fraîche ou réfrigérée","2014","tonnes","8577.12"
"Compte Disponibilités et Utilisations (CDU) (2010-)","Monténégro","Disponibilité alimentaire en quantité (tonnes)","Viande, poulet, fraîche ou réfrigérée","2015","tonnes","8693.01"
"Compte Disponibilités et Utilisations (CDU) (2010-)","Monténégro","Disponibilité alimentaire en quantité (tonnes)","Viande, poulet, fraîche ou réfrigérée","2016","tonnes","8795.83"
"Compte Disponibilités et Utilisations (CDU) (2010-)","Monténégro","Disponibilité alimentaire en quantité (tonnes)","Viande, poulet, fraîche ou réfrigérée","2017","tonnes","8958.39"
"Compte Disponibilités et Utilisations (CDU) (2010-)","Monténégro","Disponibilité alimentaire en quantité (tonnes)","Viande, poulet, fraîche ou réfrigérée","2018","tonnes","9135.65"
"Compte Disponibilités et Utilisations (CDU) (2010-)","Monténégro","Disponibilité alimentaire en quantité (tonnes)","Viande, poulet, fraîche ou réfrigérée","2019","tonnes","8871.36"
"Compte Disponibilités et Utilisations (CDU) (2010-)","Monténégro","Disponibilité alimentaire en quantité (tonnes)","Viande, poulet, fraîche ou réfrigérée","2020","tonnes","8393.45"
"Compte Disponibilités et Utilisations (CDU) (2010-)","Monténégro","Disponibilité alimentaire en quantité (tonnes)","Viande, poulet, fraîche ou réfrigérée","2021","tonnes","8552.96"
"Compte Disponibilités et Utilisations (CDU) (2010-)","Monténégro","Disponibilité alimentaire en quantité (tonnes)","Viande, poulet, fraîche ou réfrigérée","2022","tonnes","11888.94"
"Compte Disponibilités et Utilisations (CDU) (2010-)","Monténégro","Disponibilité alimentaire en quantité (tonnes)","Viande, poulet, fraîche ou réfrigérée","2023","tonnes","12317.26"
"Compte Disponibilités et Utilisations (CDU) (2010-)","Mozambique","Disponibilité alimentaire en quantité (tonnes)","Viande, poulet, fraîche ou réfrigérée","2010","tonnes","49484"
"Compte Disponibilités et Utilisations (CDU) (2010-)","Mozambique","Disponibilité alimentaire en quantité (tonnes)","Viande, poulet, fraîche ou réfrigérée","2011","tonnes","53302"
"Compte Disponibilités et Utilisations (CDU) (2010-)","Mozambique","Disponibilité alimentaire en quantité (tonnes)","Viande, poulet, fraîche ou réfrigérée","2012","tonnes","59252"
"Compte Disponibilités et Utilisations (CDU) (2010-)","Mozambique","Disponibilité alimentaire en quantité (tonnes)","Viande, poulet, fraîche ou réfrigérée","2013","tonnes","63938"
"Compte Disponibilités et Utilisations (CDU) (2010-)","Mozambique","Disponibilité alimentaire en quantité (tonnes)","Viande, poulet, fraîche ou réfrigérée","2014","tonnes","77278.65"
"Compte Disponibilités et Utilisations (CDU) (2010-)","Mozambique","Disponibilité alimentaire en quantité (tonnes)","Viande, poulet, fraîche ou réfrigérée","2015","tonnes","97755.45"
"Compte Disponibilités et Utilisations (CDU) (2010-)","Mozambique","Disponibilité alimentaire en quantité (tonnes)","Viande, poulet, fraîche ou réfrigérée","2016","tonnes","99264.39"
"Compte Disponibilités et Utilisations (CDU) (2010-)","Mozambique","Disponibilité alimentaire en quantité (tonnes)","Viande, poulet, fraîche ou réfrigérée","2017","tonnes","111169.16"
"Compte Disponibilités et Utilisations (CDU) (2010-)","Mozambique","Disponibilité alimentaire en quantité (tonnes)","Viande, poulet, fraîche ou réfrigérée","2018","tonnes","120270.04"
"Compte Disponibilités et Utilisations (CDU) (2010-)","Mozambique","Disponibilité alimentaire en quantité (tonnes)","Viande, poulet, fraîche ou réfrigérée","2019","tonnes","129376.39"
"Compte Disponibilités et Utilisations (CDU) (2010-)","Mozambique","Disponibilité alimentaire en quantité (tonnes)","Viande, poulet, fraîche ou réfrigérée","2020","tonnes","145148.85"
"Compte Disponibilités et Utilisations (CDU) (2010-)","Mozambique","Disponibilité alimentaire en quantité (tonnes)","Viande, poulet, fraîche ou réfrigérée","2021","tonnes","173986.5"
"Compte Disponibilités et Utilisations (CDU) (2010-)","Mozambique","Disponibilité alimentaire en quantité (tonnes)","Viande, poulet, fraîche ou réfrigérée","2022","tonnes","187223.26"
"Compte Disponibilités et Utilisations (CDU) (2010-)","Mozambique","Disponibilité alimentaire en quantité (tonnes)","Viande, poulet, fraîche ou réfrigérée","2023","tonnes","196847.81"
"Compte Disponibilités et Utilisations (CDU) (2010-)","Myanmar","Disponibilité alimentaire en quantité (tonnes)","Viande, poulet, fraîche ou réfrigérée","2010","tonnes","913285.67"
"Compte Disponibilités et Utilisations (CDU) (2010-)","Myanmar","Disponibilité alimentaire en quantité (tonnes)","Viande, poulet, fraîche ou réfrigérée","2011","tonnes","946021.71"
"Compte Disponibilités et Utilisations (CDU) (2010-)","Myanmar","Disponibilité alimentaire en quantité (tonnes)","Viande, poulet, fraîche ou réfrigérée","2012","tonnes","1039969.01"
"Compte Disponibilités et Utilisations (CDU) (2010-)","Myanmar","Disponibilité alimentaire en quantité (tonnes)","Viande, poulet, fraîche ou réfrigérée","2013","tonnes","1139699.7"
"Compte Disponibilités et Utilisations (CDU) (2010-)","Myanmar","Disponibilité alimentaire en quantité (tonnes)","Viande, poulet, fraîche ou réfrigérée","2014","tonnes","1326467.1"
"Compte Disponibilités et Utilisations (CDU) (2010-)","Myanmar","Disponibilité alimentaire en quantité (tonnes)","Viande, poulet, fraîche ou réfrigérée","2015","tonnes","1436705.87"
"Compte Disponibilités et Utilisations (CDU) (2010-)","Myanmar","Disponibilité alimentaire en quantité (tonnes)","Viande, poulet, fraîche ou réfrigérée","2016","tonnes","1451677.21"
"Compte Disponibilités et Utilisations (CDU) (2010-)","Myanmar","Disponibilité alimentaire en quantité (tonnes)","Viande, poulet, fraîche ou réfrigérée","2017","tonnes","1509131.51"
"Compte Disponibilités et Utilisations (CDU) (2010-)","Myanmar","Disponibilité alimentaire en quantité (tonnes)","Viande, poulet, fraîche ou réfrigérée","2018","tonnes","1496353.21"
"Compte Disponibilités et Utilisations (CDU) (2010-)","Myanmar","Disponibilité alimentaire en quantité (tonnes)","Viande, poulet, fraîche ou réfrigérée","2019","tonnes","1392325.8"
"Compte Disponibilités et Utilisations (CDU) (2010-)","Myanmar","Disponibilité alimentaire en quantité (tonnes)","Viande, poulet, fraîche ou réfrigérée","2020","tonnes","594890.25"
"Compte Disponibilités et Utilisations (CDU) (2010-)","Myanmar","Disponibilité alimentaire en quantité (tonnes)","Viande, poulet, fraîche ou réfrigérée","2021","tonnes","591865.54"
"Compte Disponibilités et Utilisations (CDU) (2010-)","Myanmar","Disponibilité alimentaire en quantité (tonnes)","Viande, poulet, fraîche ou réfrigérée","2022","tonnes","591865.54"
"Compte Disponibilités et Utilisations (CDU) (2010-)","Myanmar","Disponibilité alimentaire en quantité (tonnes)","Viande, poulet, fraîche ou réfrigérée","2023","tonnes","591865.54"
"Compte Disponibilités et Utilisations (CDU) (2010-)","Namibie","Disponibilité alimentaire en quantité (tonnes)","Viande, poulet, fraîche ou réfrigérée","2010","tonnes","17676.02"
"Compte Disponibilités et Utilisations (CDU) (2010-)","Namibie","Disponibilité alimentaire en quantité (tonnes)","Viande, poulet, fraîche ou réfrigérée","2011","tonnes","19387.93"
"Compte Disponibilités et Utilisations (CDU) (2010-)","Namibie","Disponibilité alimentaire en quantité (tonnes)","Viande, poulet, fraîche ou réfrigérée","2012","tonnes","29545.04"
"Compte Disponibilités et Utilisations (CDU) (2010-)","Namibie","Disponibilité alimentaire en quantité (tonnes)","Viande, poulet, fraîche ou réfrigérée","2013","tonnes","24293.13"
"Compte Disponibilités et Utilisations (CDU) (2010-)","Namibie","Disponibilité alimentaire en quantité (tonnes)","Viande, poulet, fraîche ou réfrigérée","2014","tonnes","23778.91"
"Compte Disponibilités et Utilisations (CDU) (2010-)","Namibie","Disponibilité alimentaire en quantité (tonnes)","Viande, poulet, fraîche ou réfrigérée","2015","tonnes","24153.97"
"Compte Disponibilités et Utilisations (CDU) (2010-)","Namibie","Disponibilité alimentaire en quantité (tonnes)","Viande, poulet, fraîche ou réfrigérée","2016","tonnes","21903.94"
"Compte Disponibilités et Utilisations (CDU) (2010-)","Namibie","Disponibilité alimentaire en quantité (tonnes)","Viande, poulet, fraîche ou réfrigérée","2017","tonnes","22288.91"
"Compte Disponibilités et Utilisations (CDU) (2010-)","Namibie","Disponibilité alimentaire en quantité (tonnes)","Viande, poulet, fraîche ou réfrigérée","2018","tonnes","20073.2"
"Compte Disponibilités et Utilisations (CDU) (2010-)","Namibie","Disponibilité alimentaire en quantité (tonnes)","Viande, poulet, fraîche ou réfrigérée","2019","tonnes","17758.44"
"Compte Disponibilités et Utilisations (CDU) (2010-)","Namibie","Disponibilité alimentaire en quantité (tonnes)","Viande, poulet, fraîche ou réfrigérée","2020","tonnes","21039.16"
"Compte Disponibilités et Utilisations (CDU) (2010-)","Namibie","Disponibilité alimentaire en quantité (tonnes)","Viande, poulet, fraîche ou réfrigérée","2021","tonnes","20411.12"
"Compte Disponibilités et Utilisations (CDU) (2010-)","Namibie","Disponibilité alimentaire en quantité (tonnes)","Viande, poulet, fraîche ou réfrigérée","2022","tonnes","35279.57"
"Compte Disponibilités et Utilisations (CDU) (2010-)","Namibie","Disponibilité alimentaire en quantité (tonnes)","Viande, poulet, fraîche ou réfrigérée","2023","tonnes","18509.65"
"Compte Disponibilités et Utilisations (CDU) (2010-)","Nauru","Disponibilité alimentaire en quantité (tonnes)","Viande, poulet, fraîche ou réfrigérée","2019","tonnes","560.43"
"Compte Disponibilités et Utilisations (CDU) (2010-)","Nauru","Disponibilité alimentaire en quantité (tonnes)","Viande, poulet, fraîche ou réfrigérée","2020","tonnes","528.31"
"Compte Disponibilités et Utilisations (CDU) (2010-)","Nauru","Disponibilité alimentaire en quantité (tonnes)","Viande, poulet, fraîche ou réfrigérée","2021","tonnes","506.06"
"Compte Disponibilités et Utilisations (CDU) (2010-)","Nauru","Disponibilité alimentaire en quantité (tonnes)","Viande, poulet, fraîche ou réfrigérée","2022","tonnes","574.46"
"Compte Disponibilités et Utilisations (CDU) (2010-)","Nauru","Disponibilité alimentaire en quantité (tonnes)","Viande, poulet, fraîche ou réfrigérée","2023","tonnes","563.57"
"Compte Disponibilités et Utilisations (CDU) (2010-)","Népal","Disponibilité alimentaire en quantité (tonnes)","Viande, poulet, fraîche ou réfrigérée","2010","tonnes","16717.75"
"Compte Disponibilités et Utilisations (CDU) (2010-)","Népal","Disponibilité alimentaire en quantité (tonnes)","Viande, poulet, fraîche ou réfrigérée","2011","tonnes","36380.22"
"Compte Disponibilités et Utilisations (CDU) (2010-)","Népal","Disponibilité alimentaire en quantité (tonnes)","Viande, poulet, fraîche ou réfrigérée","2012","tonnes","40640.85"
"Compte Disponibilités et Utilisations (CDU) (2010-)","Népal","Disponibilité alimentaire en quantité (tonnes)","Viande, poulet, fraîche ou réfrigérée","2013","tonnes","42956.69"
"Compte Disponibilités et Utilisations (CDU) (2010-)","Népal","Disponibilité alimentaire en quantité (tonnes)","Viande, poulet, fraîche ou réfrigérée","2014","tonnes","43243.48"
"Compte Disponibilités et Utilisations (CDU) (2010-)","Népal","Disponibilité alimentaire en quantité (tonnes)","Viande, poulet, fraîche ou réfrigérée","2015","tonnes","45498.01"
"Compte Disponibilités et Utilisations (CDU) (2010-)","Népal","Disponibilité alimentaire en quantité (tonnes)","Viande, poulet, fraîche ou réfrigérée","2016","tonnes","55134.98"
"Compte Disponibilités et Utilisations (CDU) (2010-)","Népal","Disponibilité alimentaire en quantité (tonnes)","Viande, poulet, fraîche ou réfrigérée","2017","tonnes","57369.75"
"Compte Disponibilités et Utilisations (CDU) (2010-)","Népal","Disponibilité alimentaire en quantité (tonnes)","Viande, poulet, fraîche ou réfrigérée","2018","tonnes","60289.76"
"Compte Disponibilités et Utilisations (CDU) (2010-)","Népal","Disponibilité alimentaire en quantité (tonnes)","Viande, poulet, fraîche ou réfrigérée","2019","tonnes","71395.72"
"Compte Disponibilités et Utilisations (CDU) (2010-)","Népal","Disponibilité alimentaire en quantité (tonnes)","Viande, poulet, fraîche ou réfrigérée","2020","tonnes","254946.46"
"Compte Disponibilités et Utilisations (CDU) (2010-)","Népal","Disponibilité alimentaire en quantité (tonnes)","Viande, poulet, fraîche ou réfrigérée","2021","tonnes","226959"
"Compte Disponibilités et Utilisations (CDU) (2010-)","Népal","Disponibilité alimentaire en quantité (tonnes)","Viande, poulet, fraîche ou réfrigérée","2022","tonnes","204894.64"
"Compte Disponibilités et Utilisations (CDU) (2010-)","Népal","Disponibilité alimentaire en quantité (tonnes)","Viande, poulet, fraîche ou réfrigérée","2023","tonnes","200629.89"
"Compte Disponibilités et Utilisations (CDU) (2010-)","Nicaragua","Disponibilité alimentaire en quantité (tonnes)","Viande, poulet, fraîche ou réfrigérée","2010","tonnes","98591.38"
"Compte Disponibilités et Utilisations (CDU) (2010-)","Nicaragua","Disponibilité alimentaire en quantité (tonnes)","Viande, poulet, fraîche ou réfrigérée","2011","tonnes","104819.08"
"Compte Disponibilités et Utilisations (CDU) (2010-)","Nicaragua","Disponibilité alimentaire en quantité (tonnes)","Viande, poulet, fraîche ou réfrigérée","2012","tonnes","111628.28"
"Compte Disponibilités et Utilisations (CDU) (2010-)","Nicaragua","Disponibilité alimentaire en quantité (tonnes)","Viande, poulet, fraîche ou réfrigérée","2013","tonnes","117128.31"
"Compte Disponibilités et Utilisations (CDU) (2010-)","Nicaragua","Disponibilité alimentaire en quantité (tonnes)","Viande, poulet, fraîche ou réfrigérée","2014","tonnes","131214.13"
"Compte Disponibilités et Utilisations (CDU) (2010-)","Nicaragua","Disponibilité alimentaire en quantité (tonnes)","Viande, poulet, fraîche ou réfrigérée","2015","tonnes","124500.29"
"Compte Disponibilités et Utilisations (CDU) (2010-)","Nicaragua","Disponibilité alimentaire en quantité (tonnes)","Viande, poulet, fraîche ou réfrigérée","2016","tonnes","130354.52"
"Compte Disponibilités et Utilisations (CDU) (2010-)","Nicaragua","Disponibilité alimentaire en quantité (tonnes)","Viande, poulet, fraîche ou réfrigérée","2017","tonnes","136691.17"
"Compte Disponibilités et Utilisations (CDU) (2010-)","Nicaragua","Disponibilité alimentaire en quantité (tonnes)","Viande, poulet, fraîche ou réfrigérée","2018","tonnes","131153.19"
"Compte Disponibilités et Utilisations (CDU) (2010-)","Nicaragua","Disponibilité alimentaire en quantité (tonnes)","Viande, poulet, fraîche ou réfrigérée","2019","tonnes","133107.19"
"Compte Disponibilités et Utilisations (CDU) (2010-)","Nicaragua","Disponibilité alimentaire en quantité (tonnes)","Viande, poulet, fraîche ou réfrigérée","2020","tonnes","148854.62"
"Compte Disponibilités et Utilisations (CDU) (2010-)","Nicaragua","Disponibilité alimentaire en quantité (tonnes)","Viande, poulet, fraîche ou réfrigérée","2021","tonnes","154840.79"
"Compte Disponibilités et Utilisations (CDU) (2010-)","Nicaragua","Disponibilité alimentaire en quantité (tonnes)","Viande, poulet, fraîche ou réfrigérée","2022","tonnes","163218.55"
"Compte Disponibilités et Utilisations (CDU) (2010-)","Nicaragua","Disponibilité alimentaire en quantité (tonnes)","Viande, poulet, fraîche ou réfrigérée","2023","tonnes","176995.7"
"Compte Disponibilités et Utilisations (CDU) (2010-)","Niger","Disponibilité alimentaire en quantité (tonnes)","Viande, poulet, fraîche ou réfrigérée","2010","tonnes","15213.83"
"Compte Disponibilités et Utilisations (CDU) (2010-)","Niger","Disponibilité alimentaire en quantité (tonnes)","Viande, poulet, fraîche ou réfrigérée","2011","tonnes","15560.44"
"Compte Disponibilités et Utilisations (CDU) (2010-)","Niger","Disponibilité alimentaire en quantité (tonnes)","Viande, poulet, fraîche ou réfrigérée","2012","tonnes","17404.33"
"Compte Disponibilités et Utilisations (CDU) (2010-)","Niger","Disponibilité alimentaire en quantité (tonnes)","Viande, poulet, fraîche ou réfrigérée","2013","tonnes","18321.26"
"Compte Disponibilités et Utilisations (CDU) (2010-)","Niger","Disponibilité alimentaire en quantité (tonnes)","Viande, poulet, fraîche ou réfrigérée","2014","tonnes","19620.33"
"Compte Disponibilités et Utilisations (CDU) (2010-)","Niger","Disponibilité alimentaire en quantité (tonnes)","Viande, poulet, fraîche ou réfrigérée","2015","tonnes","20396.91"
"Compte Disponibilités et Utilisations (CDU) (2010-)","Niger","Disponibilité alimentaire en quantité (tonnes)","Viande, poulet, fraîche ou réfrigérée","2016","tonnes","21424.07"
"Compte Disponibilités et Utilisations (CDU) (2010-)","Niger","Disponibilité alimentaire en quantité (tonnes)","Viande, poulet, fraîche ou réfrigérée","2017","tonnes","22472.68"
"Compte Disponibilités et Utilisations (CDU) (2010-)","Niger","Disponibilité alimentaire en quantité (tonnes)","Viande, poulet, fraîche ou réfrigérée","2018","tonnes","23930.7"
"Compte Disponibilités et Utilisations (CDU) (2010-)","Niger","Disponibilité alimentaire en quantité (tonnes)","Viande, poulet, fraîche ou réfrigérée","2019","tonnes","26153.21"
"Compte Disponibilités et Utilisations (CDU) (2010-)","Niger","Disponibilité alimentaire en quantité (tonnes)","Viande, poulet, fraîche ou réfrigérée","2020","tonnes","23273.5"
"Compte Disponibilités et Utilisations (CDU) (2010-)","Niger","Disponibilité alimentaire en quantité (tonnes)","Viande, poulet, fraîche ou réfrigérée","2021","tonnes","22043.21"
"Compte Disponibilités et Utilisations (CDU) (2010-)","Niger","Disponibilité alimentaire en quantité (tonnes)","Viande, poulet, fraîche ou réfrigérée","2022","tonnes","22261.14"
"Compte Disponibilités et Utilisations (CDU) (2010-)","Niger","Disponibilité alimentaire en quantité (tonnes)","Viande, poulet, fraîche ou réfrigérée","2023","tonnes","25188.26"
"Compte Disponibilités et Utilisations (CDU) (2010-)","Nigéria","Disponibilité alimentaire en quantité (tonnes)","Viande, poulet, fraîche ou réfrigérée","2010","tonnes","242007.36"
"Compte Disponibilités et Utilisations (CDU) (2010-)","Nigéria","Disponibilité alimentaire en quantité (tonnes)","Viande, poulet, fraîche ou réfrigérée","2011","tonnes","194572.37"
"Compte Disponibilités et Utilisations (CDU) (2010-)","Nigéria","Disponibilité alimentaire en quantité (tonnes)","Viande, poulet, fraîche ou réfrigérée","2012","tonnes","202922.01"
"Compte Disponibilités et Utilisations (CDU) (2010-)","Nigéria","Disponibilité alimentaire en quantité (tonnes)","Viande, poulet, fraîche ou réfrigérée","2013","tonnes","213940.74"
"Compte Disponibilités et Utilisations (CDU) (2010-)","Nigéria","Disponibilité alimentaire en quantité (tonnes)","Viande, poulet, fraîche ou réfrigérée","2014","tonnes","251819"
"Compte Disponibilités et Utilisations (CDU) (2010-)","Nigéria","Disponibilité alimentaire en quantité (tonnes)","Viande, poulet, fraîche ou réfrigérée","2015","tonnes","209149.06"
"Compte Disponibilités et Utilisations (CDU) (2010-)","Nigéria","Disponibilité alimentaire en quantité (tonnes)","Viande, poulet, fraîche ou réfrigérée","2016","tonnes","239878.93"
"Compte Disponibilités et Utilisations (CDU) (2010-)","Nigéria","Disponibilité alimentaire en quantité (tonnes)","Viande, poulet, fraîche ou réfrigérée","2017","tonnes","270152"
"Compte Disponibilités et Utilisations (CDU) (2010-)","Nigéria","Disponibilité alimentaire en quantité (tonnes)","Viande, poulet, fraîche ou réfrigérée","2018","tonnes","275803.37"
"Compte Disponibilités et Utilisations (CDU) (2010-)","Nigéria","Disponibilité alimentaire en quantité (tonnes)","Viande, poulet, fraîche ou réfrigérée","2019","tonnes","250684.47"
"Compte Disponibilités et Utilisations (CDU) (2010-)","Nigéria","Disponibilité alimentaire en quantité (tonnes)","Viande, poulet, fraîche ou réfrigérée","2020","tonnes","241422.3"
"Compte Disponibilités et Utilisations (CDU) (2010-)","Nigéria","Disponibilité alimentaire en quantité (tonnes)","Viande, poulet, fraîche ou réfrigérée","2021","tonnes","343294.34"
"Compte Disponibilités et Utilisations (CDU) (2010-)","Nigéria","Disponibilité alimentaire en quantité (tonnes)","Viande, poulet, fraîche ou réfrigérée","2022","tonnes","355744.91"
"Compte Disponibilités et Utilisations (CDU) (2010-)","Nigéria","Disponibilité alimentaire en quantité (tonnes)","Viande, poulet, fraîche ou réfrigérée","2023","tonnes","324801.61"
"Compte Disponibilités et Utilisations (CDU) (2010-)","Norvège","Disponibilité alimentaire en quantité (tonnes)","Viande, poulet, fraîche ou réfrigérée","2010","tonnes","87533.49"
"Compte Disponibilités et Utilisations (CDU) (2010-)","Norvège","Disponibilité alimentaire en quantité (tonnes)","Viande, poulet, fraîche ou réfrigérée","2011","tonnes","88518.31"
"Compte Disponibilités et Utilisations (CDU) (2010-)","Norvège","Disponibilité alimentaire en quantité (tonnes)","Viande, poulet, fraîche ou réfrigérée","2012","tonnes","90307.66"
"Compte Disponibilités et Utilisations (CDU) (2010-)","Norvège","Disponibilité alimentaire en quantité (tonnes)","Viande, poulet, fraîche ou réfrigérée","2013","tonnes","91371.35"
"Compte Disponibilités et Utilisations (CDU) (2010-)","Norvège","Disponibilité alimentaire en quantité (tonnes)","Viande, poulet, fraîche ou réfrigérée","2014","tonnes","93623.41"
"Compte Disponibilités et Utilisations (CDU) (2010-)","Norvège","Disponibilité alimentaire en quantité (tonnes)","Viande, poulet, fraîche ou réfrigérée","2015","tonnes","94326.15"
"Compte Disponibilités et Utilisations (CDU) (2010-)","Norvège","Disponibilité alimentaire en quantité (tonnes)","Viande, poulet, fraîche ou réfrigérée","2016","tonnes","94868.92"
"Compte Disponibilités et Utilisations (CDU) (2010-)","Norvège","Disponibilité alimentaire en quantité (tonnes)","Viande, poulet, fraîche ou réfrigérée","2017","tonnes","97303.15"
"Compte Disponibilités et Utilisations (CDU) (2010-)","Norvège","Disponibilité alimentaire en quantité (tonnes)","Viande, poulet, fraîche ou réfrigérée","2018","tonnes","97334.06"
"Compte Disponibilités et Utilisations (CDU) (2010-)","Norvège","Disponibilité alimentaire en quantité (tonnes)","Viande, poulet, fraîche ou réfrigérée","2019","tonnes","98099.7"
"Compte Disponibilités et Utilisations (CDU) (2010-)","Norvège","Disponibilité alimentaire en quantité (tonnes)","Viande, poulet, fraîche ou réfrigérée","2020","tonnes","97431.32"
"Compte Disponibilités et Utilisations (CDU) (2010-)","Norvège","Disponibilité alimentaire en quantité (tonnes)","Viande, poulet, fraîche ou réfrigérée","2021","tonnes","105662"
"Compte Disponibilités et Utilisations (CDU) (2010-)","Norvège","Disponibilité alimentaire en quantité (tonnes)","Viande, poulet, fraîche ou réfrigérée","2022","tonnes","104778.69"
"Compte Disponibilités et Utilisations (CDU) (2010-)","Norvège","Disponibilité alimentaire en quantité (tonnes)","Viande, poulet, fraîche ou réfrigérée","2023","tonnes","105645.76"
"Compte Disponibilités et Utilisations (CDU) (2010-)","Nouvelle-Calédonie","Disponibilité alimentaire en quantité (tonnes)","Viande, poulet, fraîche ou réfrigérée","2010","tonnes","8481.3"
"Compte Disponibilités et Utilisations (CDU) (2010-)","Nouvelle-Calédonie","Disponibilité alimentaire en quantité (tonnes)","Viande, poulet, fraîche ou réfrigérée","2011","tonnes","8696.34"
"Compte Disponibilités et Utilisations (CDU) (2010-)","Nouvelle-Calédonie","Disponibilité alimentaire en quantité (tonnes)","Viande, poulet, fraîche ou réfrigérée","2012","tonnes","8823.39"
"Compte Disponibilités et Utilisations (CDU) (2010-)","Nouvelle-Calédonie","Disponibilité alimentaire en quantité (tonnes)","Viande, poulet, fraîche ou réfrigérée","2013","tonnes","8961.05"
"Compte Disponibilités et Utilisations (CDU) (2010-)","Nouvelle-Calédonie","Disponibilité alimentaire en quantité (tonnes)","Viande, poulet, fraîche ou réfrigérée","2014","tonnes","9327.22"
"Compte Disponibilités et Utilisations (CDU) (2010-)","Nouvelle-Calédonie","Disponibilité alimentaire en quantité (tonnes)","Viande, poulet, fraîche ou réfrigérée","2015","tonnes","9288.53"
"Compte Disponibilités et Utilisations (CDU) (2010-)","Nouvelle-Calédonie","Disponibilité alimentaire en quantité (tonnes)","Viande, poulet, fraîche ou réfrigérée","2016","tonnes","9425.74"
"Compte Disponibilités et Utilisations (CDU) (2010-)","Nouvelle-Calédonie","Disponibilité alimentaire en quantité (tonnes)","Viande, poulet, fraîche ou réfrigérée","2017","tonnes","8962.63"
"Compte Disponibilités et Utilisations (CDU) (2010-)","Nouvelle-Calédonie","Disponibilité alimentaire en quantité (tonnes)","Viande, poulet, fraîche ou réfrigérée","2018","tonnes","8812.42"
"Compte Disponibilités et Utilisations (CDU) (2010-)","Nouvelle-Calédonie","Disponibilité alimentaire en quantité (tonnes)","Viande, poulet, fraîche ou réfrigérée","2019","tonnes","9188.13"
"Compte Disponibilités et Utilisations (CDU) (2010-)","Nouvelle-Calédonie","Disponibilité alimentaire en quantité (tonnes)","Viande, poulet, fraîche ou réfrigérée","2020","tonnes","10802.03"
"Compte Disponibilités et Utilisations (CDU) (2010-)","Nouvelle-Calédonie","Disponibilité alimentaire en quantité (tonnes)","Viande, poulet, fraîche ou réfrigérée","2021","tonnes","8665.87"
"Compte Disponibilités et Utilisations (CDU) (2010-)","Nouvelle-Calédonie","Disponibilité alimentaire en quantité (tonnes)","Viande, poulet, fraîche ou réfrigérée","2022","tonnes","8999.51"
"Compte Disponibilités et Utilisations (CDU) (2010-)","Nouvelle-Calédonie","Disponibilité alimentaire en quantité (tonnes)","Viande, poulet, fraîche ou réfrigérée","2023","tonnes","9460.98"
"Compte Disponibilités et Utilisations (CDU) (2010-)","Nouvelle-Zélande","Disponibilité alimentaire en quantité (tonnes)","Viande, poulet, fraîche ou réfrigérée","2010","tonnes","94153.95"
"Compte Disponibilités et Utilisations (CDU) (2010-)","Nouvelle-Zélande","Disponibilité alimentaire en quantité (tonnes)","Viande, poulet, fraîche ou réfrigérée","2011","tonnes","99363.43"
"Compte Disponibilités et Utilisations (CDU) (2010-)","Nouvelle-Zélande","Disponibilité alimentaire en quantité (tonnes)","Viande, poulet, fraîche ou réfrigérée","2012","tonnes","108878.32"
"Compte Disponibilités et Utilisations (CDU) (2010-)","Nouvelle-Zélande","Disponibilité alimentaire en quantité (tonnes)","Viande, poulet, fraîche ou réfrigérée","2013","tonnes","103854.62"
"Compte Disponibilités et Utilisations (CDU) (2010-)","Nouvelle-Zélande","Disponibilité alimentaire en quantité (tonnes)","Viande, poulet, fraîche ou réfrigérée","2014","tonnes","122993.08"
"Compte Disponibilités et Utilisations (CDU) (2010-)","Nouvelle-Zélande","Disponibilité alimentaire en quantité (tonnes)","Viande, poulet, fraîche ou réfrigérée","2015","tonnes","120775.64"
"Compte Disponibilités et Utilisations (CDU) (2010-)","Nouvelle-Zélande","Disponibilité alimentaire en quantité (tonnes)","Viande, poulet, fraîche ou réfrigérée","2016","tonnes","118375.38"
"Compte Disponibilités et Utilisations (CDU) (2010-)","Nouvelle-Zélande","Disponibilité alimentaire en quantité (tonnes)","Viande, poulet, fraîche ou réfrigérée","2017","tonnes","117187.79"
"Compte Disponibilités et Utilisations (CDU) (2010-)","Nouvelle-Zélande","Disponibilité alimentaire en quantité (tonnes)","Viande, poulet, fraîche ou réfrigérée","2018","tonnes","115499.11"
"Compte Disponibilités et Utilisations (CDU) (2010-)","Nouvelle-Zélande","Disponibilité alimentaire en quantité (tonnes)","Viande, poulet, fraîche ou réfrigérée","2019","tonnes","128402.67"
"Compte Disponibilités et Utilisations (CDU) (2010-)","Nouvelle-Zélande","Disponibilité alimentaire en quantité (tonnes)","Viande, poulet, fraîche ou réfrigérée","2020","tonnes","115697.26"
"Compte Disponibilités et Utilisations (CDU) (2010-)","Nouvelle-Zélande","Disponibilité alimentaire en quantité (tonnes)","Viande, poulet, fraîche ou réfrigérée","2021","tonnes","124491.2"
"Compte Disponibilités et Utilisations (CDU) (2010-)","Nouvelle-Zélande","Disponibilité alimentaire en quantité (tonnes)","Viande, poulet, fraîche ou réfrigérée","2022","tonnes","126959.69"
"Compte Disponibilités et Utilisations (CDU) (2010-)","Nouvelle-Zélande","Disponibilité alimentaire en quantité (tonnes)","Viande, poulet, fraîche ou réfrigérée","2023","tonnes","127912.25"
"Compte Disponibilités et Utilisations (CDU) (2010-)","Oman","Disponibilité alimentaire en quantité (tonnes)","Viande, poulet, fraîche ou réfrigérée","2010","tonnes","69352.3"
"Compte Disponibilités et Utilisations (CDU) (2010-)","Oman","Disponibilité alimentaire en quantité (tonnes)","Viande, poulet, fraîche ou réfrigérée","2011","tonnes","74825.68"
"Compte Disponibilités et Utilisations (CDU) (2010-)","Oman","Disponibilité alimentaire en quantité (tonnes)","Viande, poulet, fraîche ou réfrigérée","2012","tonnes","88849"
"Compte Disponibilités et Utilisations (CDU) (2010-)","Oman","Disponibilité alimentaire en quantité (tonnes)","Viande, poulet, fraîche ou réfrigérée","2013","tonnes","93923.95"
"Compte Disponibilités et Utilisations (CDU) (2010-)","Oman","Disponibilité alimentaire en quantité (tonnes)","Viande, poulet, fraîche ou réfrigérée","2014","tonnes","92532.45"
"Compte Disponibilités et Utilisations (CDU) (2010-)","Oman","Disponibilité alimentaire en quantité (tonnes)","Viande, poulet, fraîche ou réfrigérée","2015","tonnes","92609.37"
"Compte Disponibilités et Utilisations (CDU) (2010-)","Oman","Disponibilité alimentaire en quantité (tonnes)","Viande, poulet, fraîche ou réfrigérée","2016","tonnes","92088.31"
"Compte Disponibilités et Utilisations (CDU) (2010-)","Oman","Disponibilité alimentaire en quantité (tonnes)","Viande, poulet, fraîche ou réfrigérée","2017","tonnes","98876.18"
"Compte Disponibilités et Utilisations (CDU) (2010-)","Oman","Disponibilité alimentaire en quantité (tonnes)","Viande, poulet, fraîche ou réfrigérée","2018","tonnes","97351.88"
"Compte Disponibilités et Utilisations (CDU) (2010-)","Oman","Disponibilité alimentaire en quantité (tonnes)","Viande, poulet, fraîche ou réfrigérée","2019","tonnes","108907.04"
"Compte Disponibilités et Utilisations (CDU) (2010-)","Oman","Disponibilité alimentaire en quantité (tonnes)","Viande, poulet, fraîche ou réfrigérée","2020","tonnes","82854.55"
"Compte Disponibilités et Utilisations (CDU) (2010-)","Oman","Disponibilité alimentaire en quantité (tonnes)","Viande, poulet, fraîche ou réfrigérée","2021","tonnes","92486.26"
"Compte Disponibilités et Utilisations (CDU) (2010-)","Oman","Disponibilité alimentaire en quantité (tonnes)","Viande, poulet, fraîche ou réfrigérée","2022","tonnes","83598.64"
"Compte Disponibilités et Utilisations (CDU) (2010-)","Oman","Disponibilité alimentaire en quantité (tonnes)","Viande, poulet, fraîche ou réfrigérée","2023","tonnes","66749.15"
"Compte Disponibilités et Utilisations (CDU) (2010-)","Ouganda","Disponibilité alimentaire en quantité (tonnes)","Viande, poulet, fraîche ou réfrigérée","2010","tonnes","62314"
"Compte Disponibilités et Utilisations (CDU) (2010-)","Ouganda","Disponibilité alimentaire en quantité (tonnes)","Viande, poulet, fraîche ou réfrigérée","2011","tonnes","62498"
"Compte Disponibilités et Utilisations (CDU) (2010-)","Ouganda","Disponibilité alimentaire en quantité (tonnes)","Viande, poulet, fraîche ou réfrigérée","2012","tonnes","63645"
"Compte Disponibilités et Utilisations (CDU) (2010-)","Ouganda","Disponibilité alimentaire en quantité (tonnes)","Viande, poulet, fraîche ou réfrigérée","2013","tonnes","64721"
"Compte Disponibilités et Utilisations (CDU) (2010-)","Ouganda","Disponibilité alimentaire en quantité (tonnes)","Viande, poulet, fraîche ou réfrigérée","2014","tonnes","60398.11"
"Compte Disponibilités et Utilisations (CDU) (2010-)","Ouganda","Disponibilité alimentaire en quantité (tonnes)","Viande, poulet, fraîche ou réfrigérée","2015","tonnes","59565.28"
"Compte Disponibilités et Utilisations (CDU) (2010-)","Ouganda","Disponibilité alimentaire en quantité (tonnes)","Viande, poulet, fraîche ou réfrigérée","2016","tonnes","64672.08"
"Compte Disponibilités et Utilisations (CDU) (2010-)","Ouganda","Disponibilité alimentaire en quantité (tonnes)","Viande, poulet, fraîche ou réfrigérée","2017","tonnes","65462.35"
"Compte Disponibilités et Utilisations (CDU) (2010-)","Ouganda","Disponibilité alimentaire en quantité (tonnes)","Viande, poulet, fraîche ou réfrigérée","2018","tonnes","66366.7"
"Compte Disponibilités et Utilisations (CDU) (2010-)","Ouganda","Disponibilité alimentaire en quantité (tonnes)","Viande, poulet, fraîche ou réfrigérée","2019","tonnes","68514.33"
"Compte Disponibilités et Utilisations (CDU) (2010-)","Ouganda","Disponibilité alimentaire en quantité (tonnes)","Viande, poulet, fraîche ou réfrigérée","2020","tonnes","81636.18"
"Compte Disponibilités et Utilisations (CDU) (2010-)","Ouganda","Disponibilité alimentaire en quantité (tonnes)","Viande, poulet, fraîche ou réfrigérée","2021","tonnes","87912.53"
"Compte Disponibilités et Utilisations (CDU) (2010-)","Ouganda","Disponibilité alimentaire en quantité (tonnes)","Viande, poulet, fraîche ou réfrigérée","2022","tonnes","88755.13"
"Compte Disponibilités et Utilisations (CDU) (2010-)","Ouganda","Disponibilité alimentaire en quantité (tonnes)","Viande, poulet, fraîche ou réfrigérée","2023","tonnes","91302.93"
"Compte Disponibilités et Utilisations (CDU) (2010-)","Ouzbékistan","Disponibilité alimentaire en quantité (tonnes)","Viande, poulet, fraîche ou réfrigérée","2010","tonnes","47363.92"
"Compte Disponibilités et Utilisations (CDU) (2010-)","Ouzbékistan","Disponibilité alimentaire en quantité (tonnes)","Viande, poulet, fraîche ou réfrigérée","2011","tonnes","50031.51"
"Compte Disponibilités et Utilisations (CDU) (2010-)","Ouzbékistan","Disponibilité alimentaire en quantité (tonnes)","Viande, poulet, fraîche ou réfrigérée","2012","tonnes","56215.18"
"Compte Disponibilités et Utilisations (CDU) (2010-)","Ouzbékistan","Disponibilité alimentaire en quantité (tonnes)","Viande, poulet, fraîche ou réfrigérée","2013","tonnes","55700.22"
"Compte Disponibilités et Utilisations (CDU) (2010-)","Ouzbékistan","Disponibilité alimentaire en quantité (tonnes)","Viande, poulet, fraîche ou réfrigérée","2014","tonnes","59021.8"
"Compte Disponibilités et Utilisations (CDU) (2010-)","Ouzbékistan","Disponibilité alimentaire en quantité (tonnes)","Viande, poulet, fraîche ou réfrigérée","2015","tonnes","62230.81"
"Compte Disponibilités et Utilisations (CDU) (2010-)","Ouzbékistan","Disponibilité alimentaire en quantité (tonnes)","Viande, poulet, fraîche ou réfrigérée","2016","tonnes","64849.64"
"Compte Disponibilités et Utilisations (CDU) (2010-)","Ouzbékistan","Disponibilité alimentaire en quantité (tonnes)","Viande, poulet, fraîche ou réfrigérée","2017","tonnes","67267.6"
"Compte Disponibilités et Utilisations (CDU) (2010-)","Ouzbékistan","Disponibilité alimentaire en quantité (tonnes)","Viande, poulet, fraîche ou réfrigérée","2018","tonnes","75106.55"
"Compte Disponibilités et Utilisations (CDU) (2010-)","Ouzbékistan","Disponibilité alimentaire en quantité (tonnes)","Viande, poulet, fraîche ou réfrigérée","2019","tonnes","88637.17"
"Compte Disponibilités et Utilisations (CDU) (2010-)","Ouzbékistan","Disponibilité alimentaire en quantité (tonnes)","Viande, poulet, fraîche ou réfrigérée","2020","tonnes","132149.19"
"Compte Disponibilités et Utilisations (CDU) (2010-)","Ouzbékistan","Disponibilité alimentaire en quantité (tonnes)","Viande, poulet, fraîche ou réfrigérée","2021","tonnes","195937.77"
"Compte Disponibilités et Utilisations (CDU) (2010-)","Ouzbékistan","Disponibilité alimentaire en quantité (tonnes)","Viande, poulet, fraîche ou réfrigérée","2022","tonnes","199191.69"
"Compte Disponibilités et Utilisations (CDU) (2010-)","Ouzbékistan","Disponibilité alimentaire en quantité (tonnes)","Viande, poulet, fraîche ou réfrigérée","2023","tonnes","240653"
"Compte Disponibilités et Utilisations (CDU) (2010-)","Pakistan","Disponibilité alimentaire en quantité (tonnes)","Viande, poulet, fraîche ou réfrigérée","2010","tonnes","706504"
"Compte Disponibilités et Utilisations (CDU) (2010-)","Pakistan","Disponibilité alimentaire en quantité (tonnes)","Viande, poulet, fraîche ou réfrigérée","2011","tonnes","765288"
"Compte Disponibilités et Utilisations (CDU) (2010-)","Pakistan","Disponibilité alimentaire en quantité (tonnes)","Viande, poulet, fraîche ou réfrigérée","2012","tonnes","832634"
"Compte Disponibilités et Utilisations (CDU) (2010-)","Pakistan","Disponibilité alimentaire en quantité (tonnes)","Viande, poulet, fraîche ou réfrigérée","2013","tonnes","905023"
"Compte Disponibilités et Utilisations (CDU) (2010-)","Pakistan","Disponibilité alimentaire en quantité (tonnes)","Viande, poulet, fraîche ou réfrigérée","2014","tonnes","983695.52"
"Compte Disponibilités et Utilisations (CDU) (2010-)","Pakistan","Disponibilité alimentaire en quantité (tonnes)","Viande, poulet, fraîche ou réfrigérée","2015","tonnes","1072311.96"
"Compte Disponibilités et Utilisations (CDU) (2010-)","Pakistan","Disponibilité alimentaire en quantité (tonnes)","Viande, poulet, fraîche ou réfrigérée","2016","tonnes","1168291.49"
"Compte Disponibilités et Utilisations (CDU) (2010-)","Pakistan","Disponibilité alimentaire en quantité (tonnes)","Viande, poulet, fraîche ou réfrigérée","2017","tonnes","1272680.9"
"Compte Disponibilités et Utilisations (CDU) (2010-)","Pakistan","Disponibilité alimentaire en quantité (tonnes)","Viande, poulet, fraîche ou réfrigérée","2018","tonnes","1386818.09"
"Compte Disponibilités et Utilisations (CDU) (2010-)","Pakistan","Disponibilité alimentaire en quantité (tonnes)","Viande, poulet, fraîche ou réfrigérée","2019","tonnes","1513102.34"
"Compte Disponibilités et Utilisations (CDU) (2010-)","Pakistan","Disponibilité alimentaire en quantité (tonnes)","Viande, poulet, fraîche ou réfrigérée","2020","tonnes","1649961.98"
"Compte Disponibilités et Utilisations (CDU) (2010-)","Pakistan","Disponibilité alimentaire en quantité (tonnes)","Viande, poulet, fraîche ou réfrigérée","2021","tonnes","1802304.72"
"Compte Disponibilités et Utilisations (CDU) (2010-)","Pakistan","Disponibilité alimentaire en quantité (tonnes)","Viande, poulet, fraîche ou réfrigérée","2022","tonnes","1975625.87"
"Compte Disponibilités et Utilisations (CDU) (2010-)","Pakistan","Disponibilité alimentaire en quantité (tonnes)","Viande, poulet, fraîche ou réfrigérée","2023","tonnes","2153703.54"
"Compte Disponibilités et Utilisations (CDU) (2010-)","Panama","Disponibilité alimentaire en quantité (tonnes)","Viande, poulet, fraîche ou réfrigérée","2010","tonnes","99902.23"
"Compte Disponibilités et Utilisations (CDU) (2010-)","Panama","Disponibilité alimentaire en quantité (tonnes)","Viande, poulet, fraîche ou réfrigérée","2011","tonnes","105751.12"
"Compte Disponibilités et Utilisations (CDU) (2010-)","Panama","Disponibilité alimentaire en quantité (tonnes)","Viande, poulet, fraîche ou réfrigérée","2012","tonnes","110800.72"
"Compte Disponibilités et Utilisations (CDU) (2010-)","Panama","Disponibilité alimentaire en quantité (tonnes)","Viande, poulet, fraîche ou réfrigérée","2013","tonnes","114900.33"
"Compte Disponibilités et Utilisations (CDU) (2010-)","Panama","Disponibilité alimentaire en quantité (tonnes)","Viande, poulet, fraîche ou réfrigérée","2014","tonnes","119049.27"
"Compte Disponibilités et Utilisations (CDU) (2010-)","Panama","Disponibilité alimentaire en quantité (tonnes)","Viande, poulet, fraîche ou réfrigérée","2015","tonnes","122970.61"
"Compte Disponibilités et Utilisations (CDU) (2010-)","Panama","Disponibilité alimentaire en quantité (tonnes)","Viande, poulet, fraîche ou réfrigérée","2016","tonnes","126604.15"
"Compte Disponibilités et Utilisations (CDU) (2010-)","Panama","Disponibilité alimentaire en quantité (tonnes)","Viande, poulet, fraîche ou réfrigérée","2017","tonnes","130577.04"
"Compte Disponibilités et Utilisations (CDU) (2010-)","Panama","Disponibilité alimentaire en quantité (tonnes)","Viande, poulet, fraîche ou réfrigérée","2018","tonnes","217855"
"Compte Disponibilités et Utilisations (CDU) (2010-)","Panama","Disponibilité alimentaire en quantité (tonnes)","Viande, poulet, fraîche ou réfrigérée","2019","tonnes","230700"
"Compte Disponibilités et Utilisations (CDU) (2010-)","Panama","Disponibilité alimentaire en quantité (tonnes)","Viande, poulet, fraîche ou réfrigérée","2020","tonnes","220765.46"
"Compte Disponibilités et Utilisations (CDU) (2010-)","Panama","Disponibilité alimentaire en quantité (tonnes)","Viande, poulet, fraîche ou réfrigérée","2021","tonnes","208020"
"Compte Disponibilités et Utilisations (CDU) (2010-)","Panama","Disponibilité alimentaire en quantité (tonnes)","Viande, poulet, fraîche ou réfrigérée","2022","tonnes","202541.07"
"Compte Disponibilités et Utilisations (CDU) (2010-)","Panama","Disponibilité alimentaire en quantité (tonnes)","Viande, poulet, fraîche ou réfrigérée","2023","tonnes","217336.93"
"Compte Disponibilités et Utilisations (CDU) (2010-)","Papouasie-Nouvelle-Guinée","Disponibilité alimentaire en quantité (tonnes)","Viande, poulet, fraîche ou réfrigérée","2010","tonnes","15813.9"
"Compte Disponibilités et Utilisations (CDU) (2010-)","Papouasie-Nouvelle-Guinée","Disponibilité alimentaire en quantité (tonnes)","Viande, poulet, fraîche ou réfrigérée","2011","tonnes","16457.42"
"Compte Disponibilités et Utilisations (CDU) (2010-)","Papouasie-Nouvelle-Guinée","Disponibilité alimentaire en quantité (tonnes)","Viande, poulet, fraîche ou réfrigérée","2012","tonnes","18127.58"
"Compte Disponibilités et Utilisations (CDU) (2010-)","Papouasie-Nouvelle-Guinée","Disponibilité alimentaire en quantité (tonnes)","Viande, poulet, fraîche ou réfrigérée","2013","tonnes","18037.35"
"Compte Disponibilités et Utilisations (CDU) (2010-)","Papouasie-Nouvelle-Guinée","Disponibilité alimentaire en quantité (tonnes)","Viande, poulet, fraîche ou réfrigérée","2014","tonnes","23864.78"
"Compte Disponibilités et Utilisations (CDU) (2010-)","Papouasie-Nouvelle-Guinée","Disponibilité alimentaire en quantité (tonnes)","Viande, poulet, fraîche ou réfrigérée","2015","tonnes","20766.17"
"Compte Disponibilités et Utilisations (CDU) (2010-)","Papouasie-Nouvelle-Guinée","Disponibilité alimentaire en quantité (tonnes)","Viande, poulet, fraîche ou réfrigérée","2016","tonnes","25376.29"
"Compte Disponibilités et Utilisations (CDU) (2010-)","Papouasie-Nouvelle-Guinée","Disponibilité alimentaire en quantité (tonnes)","Viande, poulet, fraîche ou réfrigérée","2017","tonnes","29213.49"
"Compte Disponibilités et Utilisations (CDU) (2010-)","Papouasie-Nouvelle-Guinée","Disponibilité alimentaire en quantité (tonnes)","Viande, poulet, fraîche ou réfrigérée","2018","tonnes","24538.68"
"Compte Disponibilités et Utilisations (CDU) (2010-)","Papouasie-Nouvelle-Guinée","Disponibilité alimentaire en quantité (tonnes)","Viande, poulet, fraîche ou réfrigérée","2019","tonnes","30644.15"
"Compte Disponibilités et Utilisations (CDU) (2010-)","Papouasie-Nouvelle-Guinée","Disponibilité alimentaire en quantité (tonnes)","Viande, poulet, fraîche ou réfrigérée","2020","tonnes","26686.86"
"Compte Disponibilités et Utilisations (CDU) (2010-)","Papouasie-Nouvelle-Guinée","Disponibilité alimentaire en quantité (tonnes)","Viande, poulet, fraîche ou réfrigérée","2021","tonnes","28154.98"
"Compte Disponibilités et Utilisations (CDU) (2010-)","Papouasie-Nouvelle-Guinée","Disponibilité alimentaire en quantité (tonnes)","Viande, poulet, fraîche ou réfrigérée","2022","tonnes","34266.32"
"Compte Disponibilités et Utilisations (CDU) (2010-)","Papouasie-Nouvelle-Guinée","Disponibilité alimentaire en quantité (tonnes)","Viande, poulet, fraîche ou réfrigérée","2023","tonnes","35666.25"
"Compte Disponibilités et Utilisations (CDU) (2010-)","Paraguay","Disponibilité alimentaire en quantité (tonnes)","Viande, poulet, fraîche ou réfrigérée","2010","tonnes","32844"
"Compte Disponibilités et Utilisations (CDU) (2010-)","Paraguay","Disponibilité alimentaire en quantité (tonnes)","Viande, poulet, fraîche ou réfrigérée","2011","tonnes","37431"
"Compte Disponibilités et Utilisations (CDU) (2010-)","Paraguay","Disponibilité alimentaire en quantité (tonnes)","Viande, poulet, fraîche ou réfrigérée","2012","tonnes","38616"
"Compte Disponibilités et Utilisations (CDU) (2010-)","Paraguay","Disponibilité alimentaire en quantité (tonnes)","Viande, poulet, fraîche ou réfrigérée","2013","tonnes","40088"
"Compte Disponibilités et Utilisations (CDU) (2010-)","Paraguay","Disponibilité alimentaire en quantité (tonnes)","Viande, poulet, fraîche ou réfrigérée","2014","tonnes","56846.25"
"Compte Disponibilités et Utilisations (CDU) (2010-)","Paraguay","Disponibilité alimentaire en quantité (tonnes)","Viande, poulet, fraîche ou réfrigérée","2015","tonnes","61295.28"
"Compte Disponibilités et Utilisations (CDU) (2010-)","Paraguay","Disponibilité alimentaire en quantité (tonnes)","Viande, poulet, fraîche ou réfrigérée","2016","tonnes","61665.96"
"Compte Disponibilités et Utilisations (CDU) (2010-)","Paraguay","Disponibilité alimentaire en quantité (tonnes)","Viande, poulet, fraîche ou réfrigérée","2017","tonnes","61421.17"
"Compte Disponibilités et Utilisations (CDU) (2010-)","Paraguay","Disponibilité alimentaire en quantité (tonnes)","Viande, poulet, fraîche ou réfrigérée","2018","tonnes","65743.11"
"Compte Disponibilités et Utilisations (CDU) (2010-)","Paraguay","Disponibilité alimentaire en quantité (tonnes)","Viande, poulet, fraîche ou réfrigérée","2019","tonnes","68400.71"
"Compte Disponibilités et Utilisations (CDU) (2010-)","Paraguay","Disponibilité alimentaire en quantité (tonnes)","Viande, poulet, fraîche ou réfrigérée","2020","tonnes","68109.29"
"Compte Disponibilités et Utilisations (CDU) (2010-)","Paraguay","Disponibilité alimentaire en quantité (tonnes)","Viande, poulet, fraîche ou réfrigérée","2021","tonnes","68439.08"
"Compte Disponibilités et Utilisations (CDU) (2010-)","Paraguay","Disponibilité alimentaire en quantité (tonnes)","Viande, poulet, fraîche ou réfrigérée","2022","tonnes","67149.06"
"Compte Disponibilités et Utilisations (CDU) (2010-)","Paraguay","Disponibilité alimentaire en quantité (tonnes)","Viande, poulet, fraîche ou réfrigérée","2023","tonnes","62702.79"
"Compte Disponibilités et Utilisations (CDU) (2010-)","Pays-Bas (Royaume des)","Disponibilité alimentaire en quantité (tonnes)","Viande, poulet, fraîche ou réfrigérée","2010","tonnes","168477"
"Compte Disponibilités et Utilisations (CDU) (2010-)","Pays-Bas (Royaume des)","Disponibilité alimentaire en quantité (tonnes)","Viande, poulet, fraîche ou réfrigérée","2011","tonnes","128288"
"Compte Disponibilités et Utilisations (CDU) (2010-)","Pays-Bas (Royaume des)","Disponibilité alimentaire en quantité (tonnes)","Viande, poulet, fraîche ou réfrigérée","2012","tonnes","295804"
"Compte Disponibilités et Utilisations (CDU) (2010-)","Pays-Bas (Royaume des)","Disponibilité alimentaire en quantité (tonnes)","Viande, poulet, fraîche ou réfrigérée","2013","tonnes","329706"
"Compte Disponibilités et Utilisations (CDU) (2010-)","Pays-Bas (Royaume des)","Disponibilité alimentaire en quantité (tonnes)","Viande, poulet, fraîche ou réfrigérée","2014","tonnes","253709.92"
"Compte Disponibilités et Utilisations (CDU) (2010-)","Pays-Bas (Royaume des)","Disponibilité alimentaire en quantité (tonnes)","Viande, poulet, fraîche ou réfrigérée","2015","tonnes","257397.96"
"Compte Disponibilités et Utilisations (CDU) (2010-)","Pays-Bas (Royaume des)","Disponibilité alimentaire en quantité (tonnes)","Viande, poulet, fraîche ou réfrigérée","2016","tonnes","257538.86"
"Compte Disponibilités et Utilisations (CDU) (2010-)","Pays-Bas (Royaume des)","Disponibilité alimentaire en quantité (tonnes)","Viande, poulet, fraîche ou réfrigérée","2017","tonnes","196191.71"
"Compte Disponibilités et Utilisations (CDU) (2010-)","Pays-Bas (Royaume des)","Disponibilité alimentaire en quantité (tonnes)","Viande, poulet, fraîche ou réfrigérée","2018","tonnes","111168.48"
"Compte Disponibilités et Utilisations (CDU) (2010-)","Pays-Bas (Royaume des)","Disponibilité alimentaire en quantité (tonnes)","Viande, poulet, fraîche ou réfrigérée","2019","tonnes","64717.77"
"Compte Disponibilités et Utilisations (CDU) (2010-)","Pays-Bas (Royaume des)","Disponibilité alimentaire en quantité (tonnes)","Viande, poulet, fraîche ou réfrigérée","2020","tonnes","119196.77"
"Compte Disponibilités et Utilisations (CDU) (2010-)","Pays-Bas (Royaume des)","Disponibilité alimentaire en quantité (tonnes)","Viande, poulet, fraîche ou réfrigérée","2021","tonnes","195212.52"
"Compte Disponibilités et Utilisations (CDU) (2010-)","Pays-Bas (Royaume des)","Disponibilité alimentaire en quantité (tonnes)","Viande, poulet, fraîche ou réfrigérée","2022","tonnes","222360.94"
"Compte Disponibilités et Utilisations (CDU) (2010-)","Pays-Bas (Royaume des)","Disponibilité alimentaire en quantité (tonnes)","Viande, poulet, fraîche ou réfrigérée","2023","tonnes","259303.86"
"Compte Disponibilités et Utilisations (CDU) (2010-)","Pérou","Disponibilité alimentaire en quantité (tonnes)","Viande, poulet, fraîche ou réfrigérée","2010","tonnes","812840.02"
"Compte Disponibilités et Utilisations (CDU) (2010-)","Pérou","Disponibilité alimentaire en quantité (tonnes)","Viande, poulet, fraîche ou réfrigérée","2011","tonnes","879341.64"
"Compte Disponibilités et Utilisations (CDU) (2010-)","Pérou","Disponibilité alimentaire en quantité (tonnes)","Viande, poulet, fraîche ou réfrigérée","2012","tonnes","963147.99"
"Compte Disponibilités et Utilisations (CDU) (2010-)","Pérou","Disponibilité alimentaire en quantité (tonnes)","Viande, poulet, fraîche ou réfrigérée","2013","tonnes","998814.1"
"Compte Disponibilités et Utilisations (CDU) (2010-)","Pérou","Disponibilité alimentaire en quantité (tonnes)","Viande, poulet, fraîche ou réfrigérée","2014","tonnes","1044299"
"Compte Disponibilités et Utilisations (CDU) (2010-)","Pérou","Disponibilité alimentaire en quantité (tonnes)","Viande, poulet, fraîche ou réfrigérée","2015","tonnes","1057942"
"Compte Disponibilités et Utilisations (CDU) (2010-)","Pérou","Disponibilité alimentaire en quantité (tonnes)","Viande, poulet, fraîche ou réfrigérée","2016","tonnes","1129221"
"Compte Disponibilités et Utilisations (CDU) (2010-)","Pérou","Disponibilité alimentaire en quantité (tonnes)","Viande, poulet, fraîche ou réfrigérée","2017","tonnes","1182631"
"Compte Disponibilités et Utilisations (CDU) (2010-)","Pérou","Disponibilité alimentaire en quantité (tonnes)","Viande, poulet, fraîche ou réfrigérée","2018","tonnes","1285144"
"Compte Disponibilités et Utilisations (CDU) (2010-)","Pérou","Disponibilité alimentaire en quantité (tonnes)","Viande, poulet, fraîche ou réfrigérée","2019","tonnes","1420979.56"
"Compte Disponibilités et Utilisations (CDU) (2010-)","Pérou","Disponibilité alimentaire en quantité (tonnes)","Viande, poulet, fraîche ou réfrigérée","2020","tonnes","1396830.79"
"Compte Disponibilités et Utilisations (CDU) (2010-)","Pérou","Disponibilité alimentaire en quantité (tonnes)","Viande, poulet, fraîche ou réfrigérée","2021","tonnes","1443045.81"
"Compte Disponibilités et Utilisations (CDU) (2010-)","Pérou","Disponibilité alimentaire en quantité (tonnes)","Viande, poulet, fraîche ou réfrigérée","2022","tonnes","1471911.92"
"Compte Disponibilités et Utilisations (CDU) (2010-)","Pérou","Disponibilité alimentaire en quantité (tonnes)","Viande, poulet, fraîche ou réfrigérée","2023","tonnes","1467094.42"
"Compte Disponibilités et Utilisations (CDU) (2010-)","Philippines","Disponibilité alimentaire en quantité (tonnes)","Viande, poulet, fraîche ou réfrigérée","2010","tonnes","1013850.08"
"Compte Disponibilités et Utilisations (CDU) (2010-)","Philippines","Disponibilité alimentaire en quantité (tonnes)","Viande, poulet, fraîche ou réfrigérée","2011","tonnes","1039101.4"
"Compte Disponibilités et Utilisations (CDU) (2010-)","Philippines","Disponibilité alimentaire en quantité (tonnes)","Viande, poulet, fraîche ou réfrigérée","2012","tonnes","1077800.46"
"Compte Disponibilités et Utilisations (CDU) (2010-)","Philippines","Disponibilité alimentaire en quantité (tonnes)","Viande, poulet, fraîche ou réfrigérée","2013","tonnes","1119535.41"
"Compte Disponibilités et Utilisations (CDU) (2010-)","Philippines","Disponibilité alimentaire en quantité (tonnes)","Viande, poulet, fraîche ou réfrigérée","2014","tonnes","1245352.08"
"Compte Disponibilités et Utilisations (CDU) (2010-)","Philippines","Disponibilité alimentaire en quantité (tonnes)","Viande, poulet, fraîche ou réfrigérée","2015","tonnes","1315494.98"
"Compte Disponibilités et Utilisations (CDU) (2010-)","Philippines","Disponibilité alimentaire en quantité (tonnes)","Viande, poulet, fraîche ou réfrigérée","2016","tonnes","1417946.98"
"Compte Disponibilités et Utilisations (CDU) (2010-)","Philippines","Disponibilité alimentaire en quantité (tonnes)","Viande, poulet, fraîche ou réfrigérée","2017","tonnes","1457366.99"
"Compte Disponibilités et Utilisations (CDU) (2010-)","Philippines","Disponibilité alimentaire en quantité (tonnes)","Viande, poulet, fraîche ou réfrigérée","2018","tonnes","1590389.44"
"Compte Disponibilités et Utilisations (CDU) (2010-)","Philippines","Disponibilité alimentaire en quantité (tonnes)","Viande, poulet, fraîche ou réfrigérée","2019","tonnes","1819162.85"
"Compte Disponibilités et Utilisations (CDU) (2010-)","Philippines","Disponibilité alimentaire en quantité (tonnes)","Viande, poulet, fraîche ou réfrigérée","2020","tonnes","1790652.91"
"Compte Disponibilités et Utilisations (CDU) (2010-)","Philippines","Disponibilité alimentaire en quantité (tonnes)","Viande, poulet, fraîche ou réfrigérée","2021","tonnes","1703356.58"
"Compte Disponibilités et Utilisations (CDU) (2010-)","Philippines","Disponibilité alimentaire en quantité (tonnes)","Viande, poulet, fraîche ou réfrigérée","2022","tonnes","1781176.94"
"Compte Disponibilités et Utilisations (CDU) (2010-)","Philippines","Disponibilité alimentaire en quantité (tonnes)","Viande, poulet, fraîche ou réfrigérée","2023","tonnes","1764433.78"
"Compte Disponibilités et Utilisations (CDU) (2010-)","Pologne","Disponibilité alimentaire en quantité (tonnes)","Viande, poulet, fraîche ou réfrigérée","2010","tonnes","880452.77"
"Compte Disponibilités et Utilisations (CDU) (2010-)","Pologne","Disponibilité alimentaire en quantité (tonnes)","Viande, poulet, fraîche ou réfrigérée","2011","tonnes","911654.36"
"Compte Disponibilités et Utilisations (CDU) (2010-)","Pologne","Disponibilité alimentaire en quantité (tonnes)","Viande, poulet, fraîche ou réfrigérée","2012","tonnes","921558.17"
"Compte Disponibilités et Utilisations (CDU) (2010-)","Pologne","Disponibilité alimentaire en quantité (tonnes)","Viande, poulet, fraîche ou réfrigérée","2013","tonnes","930094.22"
"Compte Disponibilités et Utilisations (CDU) (2010-)","Pologne","Disponibilité alimentaire en quantité (tonnes)","Viande, poulet, fraîche ou réfrigérée","2014","tonnes","1021921.33"
"Compte Disponibilités et Utilisations (CDU) (2010-)","Pologne","Disponibilité alimentaire en quantité (tonnes)","Viande, poulet, fraîche ou réfrigérée","2015","tonnes","923600.09"
"Compte Disponibilités et Utilisations (CDU) (2010-)","Pologne","Disponibilité alimentaire en quantité (tonnes)","Viande, poulet, fraîche ou réfrigérée","2016","tonnes","984891.99"
"Compte Disponibilités et Utilisations (CDU) (2010-)","Pologne","Disponibilité alimentaire en quantité (tonnes)","Viande, poulet, fraîche ou réfrigérée","2017","tonnes","971816.42"
"Compte Disponibilités et Utilisations (CDU) (2010-)","Pologne","Disponibilité alimentaire en quantité (tonnes)","Viande, poulet, fraîche ou réfrigérée","2018","tonnes","896550.49"
"Compte Disponibilités et Utilisations (CDU) (2010-)","Pologne","Disponibilité alimentaire en quantité (tonnes)","Viande, poulet, fraîche ou réfrigérée","2019","tonnes","860106.21"
"Compte Disponibilités et Utilisations (CDU) (2010-)","Pologne","Disponibilité alimentaire en quantité (tonnes)","Viande, poulet, fraîche ou réfrigérée","2020","tonnes","881940.01"
"Compte Disponibilités et Utilisations (CDU) (2010-)","Pologne","Disponibilité alimentaire en quantité (tonnes)","Viande, poulet, fraîche ou réfrigérée","2021","tonnes","791795.93"
"Compte Disponibilités et Utilisations (CDU) (2010-)","Pologne","Disponibilité alimentaire en quantité (tonnes)","Viande, poulet, fraîche ou réfrigérée","2022","tonnes","810643.62"
"Compte Disponibilités et Utilisations (CDU) (2010-)","Pologne","Disponibilité alimentaire en quantité (tonnes)","Viande, poulet, fraîche ou réfrigérée","2023","tonnes","810841.81"
"Compte Disponibilités et Utilisations (CDU) (2010-)","Polynésie française","Disponibilité alimentaire en quantité (tonnes)","Viande, poulet, fraîche ou réfrigérée","2010","tonnes","10558"
"Compte Disponibilités et Utilisations (CDU) (2010-)","Polynésie française","Disponibilité alimentaire en quantité (tonnes)","Viande, poulet, fraîche ou réfrigérée","2011","tonnes","11066"
"Compte Disponibilités et Utilisations (CDU) (2010-)","Polynésie française","Disponibilité alimentaire en quantité (tonnes)","Viande, poulet, fraîche ou réfrigérée","2012","tonnes","10999.43"
"Compte Disponibilités et Utilisations (CDU) (2010-)","Polynésie française","Disponibilité alimentaire en quantité (tonnes)","Viande, poulet, fraîche ou réfrigérée","2013","tonnes","11914"
"Compte Disponibilités et Utilisations (CDU) (2010-)","Polynésie française","Disponibilité alimentaire en quantité (tonnes)","Viande, poulet, fraîche ou réfrigérée","2014","tonnes","12207.05"
"Compte Disponibilités et Utilisations (CDU) (2010-)","Polynésie française","Disponibilité alimentaire en quantité (tonnes)","Viande, poulet, fraîche ou réfrigérée","2015","tonnes","12276.8"
"Compte Disponibilités et Utilisations (CDU) (2010-)","Polynésie française","Disponibilité alimentaire en quantité (tonnes)","Viande, poulet, fraîche ou réfrigérée","2016","tonnes","12357.68"
"Compte Disponibilités et Utilisations (CDU) (2010-)","Polynésie française","Disponibilité alimentaire en quantité (tonnes)","Viande, poulet, fraîche ou réfrigérée","2017","tonnes","12445.72"
"Compte Disponibilités et Utilisations (CDU) (2010-)","Polynésie française","Disponibilité alimentaire en quantité (tonnes)","Viande, poulet, fraîche ou réfrigérée","2018","tonnes","12486.58"
"Compte Disponibilités et Utilisations (CDU) (2010-)","Polynésie française","Disponibilité alimentaire en quantité (tonnes)","Viande, poulet, fraîche ou réfrigérée","2019","tonnes","12485"
"Compte Disponibilités et Utilisations (CDU) (2010-)","Polynésie française","Disponibilité alimentaire en quantité (tonnes)","Viande, poulet, fraîche ou réfrigérée","2020","tonnes","12493"
"Compte Disponibilités et Utilisations (CDU) (2010-)","Polynésie française","Disponibilité alimentaire en quantité (tonnes)","Viande, poulet, fraîche ou réfrigérée","2021","tonnes","12585"
"Compte Disponibilités et Utilisations (CDU) (2010-)","Polynésie française","Disponibilité alimentaire en quantité (tonnes)","Viande, poulet, fraîche ou réfrigérée","2022","tonnes","12661.56"
"Compte Disponibilités et Utilisations (CDU) (2010-)","Polynésie française","Disponibilité alimentaire en quantité (tonnes)","Viande, poulet, fraîche ou réfrigérée","2023","tonnes","12691.05"
"Compte Disponibilités et Utilisations (CDU) (2010-)","Portugal","Disponibilité alimentaire en quantité (tonnes)","Viande, poulet, fraîche ou réfrigérée","2010","tonnes","277575.2"
"Compte Disponibilités et Utilisations (CDU) (2010-)","Portugal","Disponibilité alimentaire en quantité (tonnes)","Viande, poulet, fraîche ou réfrigérée","2011","tonnes","271660.1"
"Compte Disponibilités et Utilisations (CDU) (2010-)","Portugal","Disponibilité alimentaire en quantité (tonnes)","Viande, poulet, fraîche ou réfrigérée","2012","tonnes","252487.54"
"Compte Disponibilités et Utilisations (CDU) (2010-)","Portugal","Disponibilité alimentaire en quantité (tonnes)","Viande, poulet, fraîche ou réfrigérée","2013","tonnes","250737.22"
"Compte Disponibilités et Utilisations (CDU) (2010-)","Portugal","Disponibilité alimentaire en quantité (tonnes)","Viande, poulet, fraîche ou réfrigérée","2014","tonnes","250561.24"
"Compte Disponibilités et Utilisations (CDU) (2010-)","Portugal","Disponibilité alimentaire en quantité (tonnes)","Viande, poulet, fraîche ou réfrigérée","2015","tonnes","251058.07"
"Compte Disponibilités et Utilisations (CDU) (2010-)","Portugal","Disponibilité alimentaire en quantité (tonnes)","Viande, poulet, fraîche ou réfrigérée","2016","tonnes","251467.37"
"Compte Disponibilités et Utilisations (CDU) (2010-)","Portugal","Disponibilité alimentaire en quantité (tonnes)","Viande, poulet, fraîche ou réfrigérée","2017","tonnes","251505.96"
"Compte Disponibilités et Utilisations (CDU) (2010-)","Portugal","Disponibilité alimentaire en quantité (tonnes)","Viande, poulet, fraîche ou réfrigérée","2018","tonnes","258038.62"
"Compte Disponibilités et Utilisations (CDU) (2010-)","Portugal","Disponibilité alimentaire en quantité (tonnes)","Viande, poulet, fraîche ou réfrigérée","2019","tonnes","246452.86"
"Compte Disponibilités et Utilisations (CDU) (2010-)","Portugal","Disponibilité alimentaire en quantité (tonnes)","Viande, poulet, fraîche ou réfrigérée","2020","tonnes","241105.02"
"Compte Disponibilités et Utilisations (CDU) (2010-)","Portugal","Disponibilité alimentaire en quantité (tonnes)","Viande, poulet, fraîche ou réfrigérée","2021","tonnes","245682.94"
"Compte Disponibilités et Utilisations (CDU) (2010-)","Portugal","Disponibilité alimentaire en quantité (tonnes)","Viande, poulet, fraîche ou réfrigérée","2022","tonnes","254047.24"
"Compte Disponibilités et Utilisations (CDU) (2010-)","Portugal","Disponibilité alimentaire en quantité (tonnes)","Viande, poulet, fraîche ou réfrigérée","2023","tonnes","274262.73"
"Compte Disponibilités et Utilisations (CDU) (2010-)","Qatar","Disponibilité alimentaire en quantité (tonnes)","Viande, poulet, fraîche ou réfrigérée","2019","tonnes","144854.12"
"Compte Disponibilités et Utilisations (CDU) (2010-)","Qatar","Disponibilité alimentaire en quantité (tonnes)","Viande, poulet, fraîche ou réfrigérée","2020","tonnes","148361.34"
"Compte Disponibilités et Utilisations (CDU) (2010-)","Qatar","Disponibilité alimentaire en quantité (tonnes)","Viande, poulet, fraîche ou réfrigérée","2021","tonnes","145151.09"
"Compte Disponibilités et Utilisations (CDU) (2010-)","Qatar","Disponibilité alimentaire en quantité (tonnes)","Viande, poulet, fraîche ou réfrigérée","2022","tonnes","146833.66"
"Compte Disponibilités et Utilisations (CDU) (2010-)","Qatar","Disponibilité alimentaire en quantité (tonnes)","Viande, poulet, fraîche ou réfrigérée","2023","tonnes","135275.57"
"Compte Disponibilités et Utilisations (CDU) (2010-)","République arabe syrienne","Disponibilité alimentaire en quantité (tonnes)","Viande, poulet, fraîche ou réfrigérée","2010","tonnes","185917"
"Compte Disponibilités et Utilisations (CDU) (2010-)","République arabe syrienne","Disponibilité alimentaire en quantité (tonnes)","Viande, poulet, fraîche ou réfrigérée","2011","tonnes","187077"
"Compte Disponibilités et Utilisations (CDU) (2010-)","République arabe syrienne","Disponibilité alimentaire en quantité (tonnes)","Viande, poulet, fraîche ou réfrigérée","2012","tonnes","148041"
"Compte Disponibilités et Utilisations (CDU) (2010-)","République arabe syrienne","Disponibilité alimentaire en quantité (tonnes)","Viande, poulet, fraîche ou réfrigérée","2013","tonnes","135544"
"Compte Disponibilités et Utilisations (CDU) (2010-)","République arabe syrienne","Disponibilité alimentaire en quantité (tonnes)","Viande, poulet, fraîche ou réfrigérée","2014","tonnes","128178.94"
"Compte Disponibilités et Utilisations (CDU) (2010-)","République arabe syrienne","Disponibilité alimentaire en quantité (tonnes)","Viande, poulet, fraîche ou réfrigérée","2015","tonnes","121300.15"
"Compte Disponibilités et Utilisations (CDU) (2010-)","République arabe syrienne","Disponibilité alimentaire en quantité (tonnes)","Viande, poulet, fraîche ou réfrigérée","2016","tonnes","114696.63"
"Compte Disponibilités et Utilisations (CDU) (2010-)","République arabe syrienne","Disponibilité alimentaire en quantité (tonnes)","Viande, poulet, fraîche ou réfrigérée","2017","tonnes","146364.33"
"Compte Disponibilités et Utilisations (CDU) (2010-)","République arabe syrienne","Disponibilité alimentaire en quantité (tonnes)","Viande, poulet, fraîche ou réfrigérée","2018","tonnes","139158.75"
"Compte Disponibilités et Utilisations (CDU) (2010-)","République arabe syrienne","Disponibilité alimentaire en quantité (tonnes)","Viande, poulet, fraîche ou réfrigérée","2019","tonnes","134828.84"
"Compte Disponibilités et Utilisations (CDU) (2010-)","République arabe syrienne","Disponibilité alimentaire en quantité (tonnes)","Viande, poulet, fraîche ou réfrigérée","2020","tonnes","137911.22"
"Compte Disponibilités et Utilisations (CDU) (2010-)","République arabe syrienne","Disponibilité alimentaire en quantité (tonnes)","Viande, poulet, fraîche ou réfrigérée","2021","tonnes","126524.01"
"Compte Disponibilités et Utilisations (CDU) (2010-)","République arabe syrienne","Disponibilité alimentaire en quantité (tonnes)","Viande, poulet, fraîche ou réfrigérée","2022","tonnes","103883.51"
"Compte Disponibilités et Utilisations (CDU) (2010-)","République arabe syrienne","Disponibilité alimentaire en quantité (tonnes)","Viande, poulet, fraîche ou réfrigérée","2023","tonnes","114834.86"
"Compte Disponibilités et Utilisations (CDU) (2010-)","République de Corée","Disponibilité alimentaire en quantité (tonnes)","Viande, poulet, fraîche ou réfrigérée","2010","tonnes","659475.78"
"Compte Disponibilités et Utilisations (CDU) (2010-)","République de Corée","Disponibilité alimentaire en quantité (tonnes)","Viande, poulet, fraîche ou réfrigérée","2011","tonnes","699472.81"
"Compte Disponibilités et Utilisations (CDU) (2010-)","République de Corée","Disponibilité alimentaire en quantité (tonnes)","Viande, poulet, fraîche ou réfrigérée","2012","tonnes","709487.68"
"Compte Disponibilités et Utilisations (CDU) (2010-)","République de Corée","Disponibilité alimentaire en quantité (tonnes)","Viande, poulet, fraîche ou réfrigérée","2013","tonnes","715156.25"
"Compte Disponibilités et Utilisations (CDU) (2010-)","République de Corée","Disponibilité alimentaire en quantité (tonnes)","Viande, poulet, fraîche ou réfrigérée","2014","tonnes","811166.77"
"Compte Disponibilités et Utilisations (CDU) (2010-)","République de Corée","Disponibilité alimentaire en quantité (tonnes)","Viande, poulet, fraîche ou réfrigérée","2015","tonnes","856436.82"
"Compte Disponibilités et Utilisations (CDU) (2010-)","République de Corée","Disponibilité alimentaire en quantité (tonnes)","Viande, poulet, fraîche ou réfrigérée","2016","tonnes","882953.71"
"Compte Disponibilités et Utilisations (CDU) (2010-)","République de Corée","Disponibilité alimentaire en quantité (tonnes)","Viande, poulet, fraîche ou réfrigérée","2017","tonnes","860331.08"
"Compte Disponibilités et Utilisations (CDU) (2010-)","République de Corée","Disponibilité alimentaire en quantité (tonnes)","Viande, poulet, fraîche ou réfrigérée","2018","tonnes","912545.01"
"Compte Disponibilités et Utilisations (CDU) (2010-)","République de Corée","Disponibilité alimentaire en quantité (tonnes)","Viande, poulet, fraîche ou réfrigérée","2019","tonnes","940491.38"
"Compte Disponibilités et Utilisations (CDU) (2010-)","République de Corée","Disponibilité alimentaire en quantité (tonnes)","Viande, poulet, fraîche ou réfrigérée","2020","tonnes","1037859.84"
"Compte Disponibilités et Utilisations (CDU) (2010-)","République de Corée","Disponibilité alimentaire en quantité (tonnes)","Viande, poulet, fraîche ou réfrigérée","2021","tonnes","1034984.14"
"Compte Disponibilités et Utilisations (CDU) (2010-)","République de Corée","Disponibilité alimentaire en quantité (tonnes)","Viande, poulet, fraîche ou réfrigérée","2022","tonnes","1034309.13"
"Compte Disponibilités et Utilisations (CDU) (2010-)","République de Corée","Disponibilité alimentaire en quantité (tonnes)","Viande, poulet, fraîche ou réfrigérée","2023","tonnes","1156094.52"
"Compte Disponibilités et Utilisations (CDU) (2010-)","République de Moldova","Disponibilité alimentaire en quantité (tonnes)","Viande, poulet, fraîche ou réfrigérée","2010","tonnes","53769.14"
"Compte Disponibilités et Utilisations (CDU) (2010-)","République de Moldova","Disponibilité alimentaire en quantité (tonnes)","Viande, poulet, fraîche ou réfrigérée","2011","tonnes","52775.19"
"Compte Disponibilités et Utilisations (CDU) (2010-)","République de Moldova","Disponibilité alimentaire en quantité (tonnes)","Viande, poulet, fraîche ou réfrigérée","2012","tonnes","53856.62"
"Compte Disponibilités et Utilisations (CDU) (2010-)","République de Moldova","Disponibilité alimentaire en quantité (tonnes)","Viande, poulet, fraîche ou réfrigérée","2013","tonnes","59836.53"
"Compte Disponibilités et Utilisations (CDU) (2010-)","République de Moldova","Disponibilité alimentaire en quantité (tonnes)","Viande, poulet, fraîche ou réfrigérée","2014","tonnes","63857.81"
"Compte Disponibilités et Utilisations (CDU) (2010-)","République de Moldova","Disponibilité alimentaire en quantité (tonnes)","Viande, poulet, fraîche ou réfrigérée","2015","tonnes","61419.96"
"Compte Disponibilités et Utilisations (CDU) (2010-)","République de Moldova","Disponibilité alimentaire en quantité (tonnes)","Viande, poulet, fraîche ou réfrigérée","2016","tonnes","64853.69"
"Compte Disponibilités et Utilisations (CDU) (2010-)","République de Moldova","Disponibilité alimentaire en quantité (tonnes)","Viande, poulet, fraîche ou réfrigérée","2017","tonnes","55349.29"
"Compte Disponibilités et Utilisations (CDU) (2010-)","République de Moldova","Disponibilité alimentaire en quantité (tonnes)","Viande, poulet, fraîche ou réfrigérée","2018","tonnes","58574.75"
"Compte Disponibilités et Utilisations (CDU) (2010-)","République de Moldova","Disponibilité alimentaire en quantité (tonnes)","Viande, poulet, fraîche ou réfrigérée","2019","tonnes","60641.08"
"Compte Disponibilités et Utilisations (CDU) (2010-)","République de Moldova","Disponibilité alimentaire en quantité (tonnes)","Viande, poulet, fraîche ou réfrigérée","2020","tonnes","63952.01"
"Compte Disponibilités et Utilisations (CDU) (2010-)","République de Moldova","Disponibilité alimentaire en quantité (tonnes)","Viande, poulet, fraîche ou réfrigérée","2021","tonnes","58281.35"
"Compte Disponibilités et Utilisations (CDU) (2010-)","République de Moldova","Disponibilité alimentaire en quantité (tonnes)","Viande, poulet, fraîche ou réfrigérée","2022","tonnes","65009.03"
"Compte Disponibilités et Utilisations (CDU) (2010-)","République de Moldova","Disponibilité alimentaire en quantité (tonnes)","Viande, poulet, fraîche ou réfrigérée","2023","tonnes","65623.48"
"Compte Disponibilités et Utilisations (CDU) (2010-)","République démocratique du Congo","Disponibilité alimentaire en quantité (tonnes)","Viande, poulet, fraîche ou réfrigérée","2010","tonnes","69144"
"Compte Disponibilités et Utilisations (CDU) (2010-)","République démocratique du Congo","Disponibilité alimentaire en quantité (tonnes)","Viande, poulet, fraîche ou réfrigérée","2011","tonnes","77212"
"Compte Disponibilités et Utilisations (CDU) (2010-)","République démocratique du Congo","Disponibilité alimentaire en quantité (tonnes)","Viande, poulet, fraîche ou réfrigérée","2012","tonnes","77158.88"
"Compte Disponibilités et Utilisations (CDU) (2010-)","République démocratique du Congo","Disponibilité alimentaire en quantité (tonnes)","Viande, poulet, fraîche ou réfrigérée","2013","tonnes","77192.1"
"Compte Disponibilités et Utilisations (CDU) (2010-)","République démocratique du Congo","Disponibilité alimentaire en quantité (tonnes)","Viande, poulet, fraîche ou réfrigérée","2014","tonnes","92738.99"
"Compte Disponibilités et Utilisations (CDU) (2010-)","République démocratique du Congo","Disponibilité alimentaire en quantité (tonnes)","Viande, poulet, fraîche ou réfrigérée","2015","tonnes","92778.35"
"Compte Disponibilités et Utilisations (CDU) (2010-)","République démocratique du Congo","Disponibilité alimentaire en quantité (tonnes)","Viande, poulet, fraîche ou réfrigérée","2016","tonnes","95115.94"
"Compte Disponibilités et Utilisations (CDU) (2010-)","République démocratique du Congo","Disponibilité alimentaire en quantité (tonnes)","Viande, poulet, fraîche ou réfrigérée","2017","tonnes","105551.6"
"Compte Disponibilités et Utilisations (CDU) (2010-)","République démocratique du Congo","Disponibilité alimentaire en quantité (tonnes)","Viande, poulet, fraîche ou réfrigérée","2018","tonnes","126775.36"
"Compte Disponibilités et Utilisations (CDU) (2010-)","République démocratique du Congo","Disponibilité alimentaire en quantité (tonnes)","Viande, poulet, fraîche ou réfrigérée","2019","tonnes","132795.64"
"Compte Disponibilités et Utilisations (CDU) (2010-)","République démocratique du Congo","Disponibilité alimentaire en quantité (tonnes)","Viande, poulet, fraîche ou réfrigérée","2020","tonnes","82896.54"
"Compte Disponibilités et Utilisations (CDU) (2010-)","République démocratique du Congo","Disponibilité alimentaire en quantité (tonnes)","Viande, poulet, fraîche ou réfrigérée","2021","tonnes","83437.46"
"Compte Disponibilités et Utilisations (CDU) (2010-)","République démocratique du Congo","Disponibilité alimentaire en quantité (tonnes)","Viande, poulet, fraîche ou réfrigérée","2022","tonnes","86795.83"
"Compte Disponibilités et Utilisations (CDU) (2010-)","République démocratique du Congo","Disponibilité alimentaire en quantité (tonnes)","Viande, poulet, fraîche ou réfrigérée","2023","tonnes","68484.22"
"Compte Disponibilités et Utilisations (CDU) (2010-)","République démocratique populaire lao","Disponibilité alimentaire en quantité (tonnes)","Viande, poulet, fraîche ou réfrigérée","2010","tonnes","19280.24"
"Compte Disponibilités et Utilisations (CDU) (2010-)","République démocratique populaire lao","Disponibilité alimentaire en quantité (tonnes)","Viande, poulet, fraîche ou réfrigérée","2011","tonnes","19039.77"
"Compte Disponibilités et Utilisations (CDU) (2010-)","République démocratique populaire lao","Disponibilité alimentaire en quantité (tonnes)","Viande, poulet, fraîche ou réfrigérée","2012","tonnes","20853.59"
"Compte Disponibilités et Utilisations (CDU) (2010-)","République démocratique populaire lao","Disponibilité alimentaire en quantité (tonnes)","Viande, poulet, fraîche ou réfrigérée","2013","tonnes","22877.01"
"Compte Disponibilités et Utilisations (CDU) (2010-)","République démocratique populaire lao","Disponibilité alimentaire en quantité (tonnes)","Viande, poulet, fraîche ou réfrigérée","2014","tonnes","25063.3"
"Compte Disponibilités et Utilisations (CDU) (2010-)","République démocratique populaire lao","Disponibilité alimentaire en quantité (tonnes)","Viande, poulet, fraîche ou réfrigérée","2015","tonnes","26365.37"
"Compte Disponibilités et Utilisations (CDU) (2010-)","République démocratique populaire lao","Disponibilité alimentaire en quantité (tonnes)","Viande, poulet, fraîche ou réfrigérée","2016","tonnes","30008.26"
"Compte Disponibilités et Utilisations (CDU) (2010-)","République démocratique populaire lao","Disponibilité alimentaire en quantité (tonnes)","Viande, poulet, fraîche ou réfrigérée","2017","tonnes","32370.23"
"Compte Disponibilités et Utilisations (CDU) (2010-)","République démocratique populaire lao","Disponibilité alimentaire en quantité (tonnes)","Viande, poulet, fraîche ou réfrigérée","2018","tonnes","33245.89"
"Compte Disponibilités et Utilisations (CDU) (2010-)","République démocratique populaire lao","Disponibilité alimentaire en quantité (tonnes)","Viande, poulet, fraîche ou réfrigérée","2019","tonnes","34247.71"
"Compte Disponibilités et Utilisations (CDU) (2010-)","République démocratique populaire lao","Disponibilité alimentaire en quantité (tonnes)","Viande, poulet, fraîche ou réfrigérée","2020","tonnes","36124.86"
"Compte Disponibilités et Utilisations (CDU) (2010-)","République démocratique populaire lao","Disponibilité alimentaire en quantité (tonnes)","Viande, poulet, fraîche ou réfrigérée","2021","tonnes","36531.49"
"Compte Disponibilités et Utilisations (CDU) (2010-)","République démocratique populaire lao","Disponibilité alimentaire en quantité (tonnes)","Viande, poulet, fraîche ou réfrigérée","2022","tonnes","44128.73"
"Compte Disponibilités et Utilisations (CDU) (2010-)","République démocratique populaire lao","Disponibilité alimentaire en quantité (tonnes)","Viande, poulet, fraîche ou réfrigérée","2023","tonnes","50436.14"
"Compte Disponibilités et Utilisations (CDU) (2010-)","République dominicaine","Disponibilité alimentaire en quantité (tonnes)","Viande, poulet, fraîche ou réfrigérée","2010","tonnes","265110.76"
"Compte Disponibilités et Utilisations (CDU) (2010-)","République dominicaine","Disponibilité alimentaire en quantité (tonnes)","Viande, poulet, fraîche ou réfrigérée","2011","tonnes","272357.95"
"Compte Disponibilités et Utilisations (CDU) (2010-)","République dominicaine","Disponibilité alimentaire en quantité (tonnes)","Viande, poulet, fraîche ou réfrigérée","2012","tonnes","279115.43"
"Compte Disponibilités et Utilisations (CDU) (2010-)","République dominicaine","Disponibilité alimentaire en quantité (tonnes)","Viande, poulet, fraîche ou réfrigérée","2013","tonnes","290449.21"
"Compte Disponibilités et Utilisations (CDU) (2010-)","République dominicaine","Disponibilité alimentaire en quantité (tonnes)","Viande, poulet, fraîche ou réfrigérée","2014","tonnes","312681.69"
"Compte Disponibilités et Utilisations (CDU) (2010-)","République dominicaine","Disponibilité alimentaire en quantité (tonnes)","Viande, poulet, fraîche ou réfrigérée","2015","tonnes","326350.67"
"Compte Disponibilités et Utilisations (CDU) (2010-)","République dominicaine","Disponibilité alimentaire en quantité (tonnes)","Viande, poulet, fraîche ou réfrigérée","2016","tonnes","343423.77"
"Compte Disponibilités et Utilisations (CDU) (2010-)","République dominicaine","Disponibilité alimentaire en quantité (tonnes)","Viande, poulet, fraîche ou réfrigérée","2017","tonnes","349757.4"
"Compte Disponibilités et Utilisations (CDU) (2010-)","République dominicaine","Disponibilité alimentaire en quantité (tonnes)","Viande, poulet, fraîche ou réfrigérée","2018","tonnes","348718.89"
"Compte Disponibilités et Utilisations (CDU) (2010-)","République dominicaine","Disponibilité alimentaire en quantité (tonnes)","Viande, poulet, fraîche ou réfrigérée","2019","tonnes","378419.01"
"Compte Disponibilités et Utilisations (CDU) (2010-)","République dominicaine","Disponibilité alimentaire en quantité (tonnes)","Viande, poulet, fraîche ou réfrigérée","2020","tonnes","345932.39"
"Compte Disponibilités et Utilisations (CDU) (2010-)","République dominicaine","Disponibilité alimentaire en quantité (tonnes)","Viande, poulet, fraîche ou réfrigérée","2021","tonnes","394134.28"
"Compte Disponibilités et Utilisations (CDU) (2010-)","République dominicaine","Disponibilité alimentaire en quantité (tonnes)","Viande, poulet, fraîche ou réfrigérée","2022","tonnes","410004.33"
"Compte Disponibilités et Utilisations (CDU) (2010-)","République dominicaine","Disponibilité alimentaire en quantité (tonnes)","Viande, poulet, fraîche ou réfrigérée","2023","tonnes","432214.52"
"Compte Disponibilités et Utilisations (CDU) (2010-)","République populaire démocratique de Corée","Disponibilité alimentaire en quantité (tonnes)","Viande, poulet, fraîche ou réfrigérée","2010","tonnes","31581.32"
"Compte Disponibilités et Utilisations (CDU) (2010-)","République populaire démocratique de Corée","Disponibilité alimentaire en quantité (tonnes)","Viande, poulet, fraîche ou réfrigérée","2011","tonnes","31860.59"
"Compte Disponibilités et Utilisations (CDU) (2010-)","République populaire démocratique de Corée","Disponibilité alimentaire en quantité (tonnes)","Viande, poulet, fraîche ou réfrigérée","2012","tonnes","32353.52"
"Compte Disponibilités et Utilisations (CDU) (2010-)","République populaire démocratique de Corée","Disponibilité alimentaire en quantité (tonnes)","Viande, poulet, fraîche ou réfrigérée","2013","tonnes","32754.17"
"Compte Disponibilités et Utilisations (CDU) (2010-)","République populaire démocratique de Corée","Disponibilité alimentaire en quantité (tonnes)","Viande, poulet, fraîche ou réfrigérée","2014","tonnes","32438.49"
"Compte Disponibilités et Utilisations (CDU) (2010-)","République populaire démocratique de Corée","Disponibilité alimentaire en quantité (tonnes)","Viande, poulet, fraîche ou réfrigérée","2015","tonnes","31909.47"
"Compte Disponibilités et Utilisations (CDU) (2010-)","République populaire démocratique de Corée","Disponibilité alimentaire en quantité (tonnes)","Viande, poulet, fraîche ou réfrigérée","2016","tonnes","33474.17"
"Compte Disponibilités et Utilisations (CDU) (2010-)","République populaire démocratique de Corée","Disponibilité alimentaire en quantité (tonnes)","Viande, poulet, fraîche ou réfrigérée","2017","tonnes","31801.93"
"Compte Disponibilités et Utilisations (CDU) (2010-)","République populaire démocratique de Corée","Disponibilité alimentaire en quantité (tonnes)","Viande, poulet, fraîche ou réfrigérée","2018","tonnes","29021.07"
"Compte Disponibilités et Utilisations (CDU) (2010-)","République-Unie de Tanzanie","Disponibilité alimentaire en quantité (tonnes)","Viande, poulet, fraîche ou réfrigérée","2010","tonnes","75073.55"
"Compte Disponibilités et Utilisations (CDU) (2010-)","République-Unie de Tanzanie","Disponibilité alimentaire en quantité (tonnes)","Viande, poulet, fraîche ou réfrigérée","2011","tonnes","79827.44"
"Compte Disponibilités et Utilisations (CDU) (2010-)","République-Unie de Tanzanie","Disponibilité alimentaire en quantité (tonnes)","Viande, poulet, fraîche ou réfrigérée","2012","tonnes","84292.8"
"Compte Disponibilités et Utilisations (CDU) (2010-)","République-Unie de Tanzanie","Disponibilité alimentaire en quantité (tonnes)","Viande, poulet, fraîche ou réfrigérée","2013","tonnes","91253.32"
"Compte Disponibilités et Utilisations (CDU) (2010-)","République-Unie de Tanzanie","Disponibilité alimentaire en quantité (tonnes)","Viande, poulet, fraîche ou réfrigérée","2014","tonnes","101884.62"
"Compte Disponibilités et Utilisations (CDU) (2010-)","République-Unie de Tanzanie","Disponibilité alimentaire en quantité (tonnes)","Viande, poulet, fraîche ou réfrigérée","2015","tonnes","109669.97"
"Compte Disponibilités et Utilisations (CDU) (2010-)","République-Unie de Tanzanie","Disponibilité alimentaire en quantité (tonnes)","Viande, poulet, fraîche ou réfrigérée","2016","tonnes","106971.76"
"Compte Disponibilités et Utilisations (CDU) (2010-)","République-Unie de Tanzanie","Disponibilité alimentaire en quantité (tonnes)","Viande, poulet, fraîche ou réfrigérée","2017","tonnes","65865.33"
"Compte Disponibilités et Utilisations (CDU) (2010-)","République-Unie de Tanzanie","Disponibilité alimentaire en quantité (tonnes)","Viande, poulet, fraîche ou réfrigérée","2018","tonnes","79139.41"
"Compte Disponibilités et Utilisations (CDU) (2010-)","République-Unie de Tanzanie","Disponibilité alimentaire en quantité (tonnes)","Viande, poulet, fraîche ou réfrigérée","2019","tonnes","46657.08"
"Compte Disponibilités et Utilisations (CDU) (2010-)","République-Unie de Tanzanie","Disponibilité alimentaire en quantité (tonnes)","Viande, poulet, fraîche ou réfrigérée","2020","tonnes","85758.02"
"Compte Disponibilités et Utilisations (CDU) (2010-)","République-Unie de Tanzanie","Disponibilité alimentaire en quantité (tonnes)","Viande, poulet, fraîche ou réfrigérée","2021","tonnes","94489.14"
"Compte Disponibilités et Utilisations (CDU) (2010-)","République-Unie de Tanzanie","Disponibilité alimentaire en quantité (tonnes)","Viande, poulet, fraîche ou réfrigérée","2022","tonnes","100767.53"
"Compte Disponibilités et Utilisations (CDU) (2010-)","République-Unie de Tanzanie","Disponibilité alimentaire en quantité (tonnes)","Viande, poulet, fraîche ou réfrigérée","2023","tonnes","106237.67"
"Compte Disponibilités et Utilisations (CDU) (2010-)","Roumanie","Disponibilité alimentaire en quantité (tonnes)","Viande, poulet, fraîche ou réfrigérée","2010","tonnes","326224.81"
"Compte Disponibilités et Utilisations (CDU) (2010-)","Roumanie","Disponibilité alimentaire en quantité (tonnes)","Viande, poulet, fraîche ou réfrigérée","2011","tonnes","326882.99"
"Compte Disponibilités et Utilisations (CDU) (2010-)","Roumanie","Disponibilité alimentaire en quantité (tonnes)","Viande, poulet, fraîche ou réfrigérée","2012","tonnes","327058.27"
"Compte Disponibilités et Utilisations (CDU) (2010-)","Roumanie","Disponibilité alimentaire en quantité (tonnes)","Viande, poulet, fraîche ou réfrigérée","2013","tonnes","332134.08"
"Compte Disponibilités et Utilisations (CDU) (2010-)","Roumanie","Disponibilité alimentaire en quantité (tonnes)","Viande, poulet, fraîche ou réfrigérée","2014","tonnes","336394.81"
"Compte Disponibilités et Utilisations (CDU) (2010-)","Roumanie","Disponibilité alimentaire en quantité (tonnes)","Viande, poulet, fraîche ou réfrigérée","2015","tonnes","341840.88"
"Compte Disponibilités et Utilisations (CDU) (2010-)","Roumanie","Disponibilité alimentaire en quantité (tonnes)","Viande, poulet, fraîche ou réfrigérée","2016","tonnes","348599.95"
"Compte Disponibilités et Utilisations (CDU) (2010-)","Roumanie","Disponibilité alimentaire en quantité (tonnes)","Viande, poulet, fraîche ou réfrigérée","2017","tonnes","358805.2"
"Compte Disponibilités et Utilisations (CDU) (2010-)","Roumanie","Disponibilité alimentaire en quantité (tonnes)","Viande, poulet, fraîche ou réfrigérée","2018","tonnes","299804.39"
"Compte Disponibilités et Utilisations (CDU) (2010-)","Roumanie","Disponibilité alimentaire en quantité (tonnes)","Viande, poulet, fraîche ou réfrigérée","2019","tonnes","360420.04"
"Compte Disponibilités et Utilisations (CDU) (2010-)","Roumanie","Disponibilité alimentaire en quantité (tonnes)","Viande, poulet, fraîche ou réfrigérée","2020","tonnes","386266.35"
"Compte Disponibilités et Utilisations (CDU) (2010-)","Roumanie","Disponibilité alimentaire en quantité (tonnes)","Viande, poulet, fraîche ou réfrigérée","2021","tonnes","333805.86"
"Compte Disponibilités et Utilisations (CDU) (2010-)","Roumanie","Disponibilité alimentaire en quantité (tonnes)","Viande, poulet, fraîche ou réfrigérée","2022","tonnes","347015.11"
"Compte Disponibilités et Utilisations (CDU) (2010-)","Roumanie","Disponibilité alimentaire en quantité (tonnes)","Viande, poulet, fraîche ou réfrigérée","2023","tonnes","378552.62"
"Compte Disponibilités et Utilisations (CDU) (2010-)","Royaume-Uni de Grande-Bretagne et d'Irlande du Nord","Disponibilité alimentaire en quantité (tonnes)","Viande, poulet, fraîche ou réfrigérée","2010","tonnes","1393081"
"Compte Disponibilités et Utilisations (CDU) (2010-)","Royaume-Uni de Grande-Bretagne et d'Irlande du Nord","Disponibilité alimentaire en quantité (tonnes)","Viande, poulet, fraîche ou réfrigérée","2011","tonnes","1405137"
"Compte Disponibilités et Utilisations (CDU) (2010-)","Royaume-Uni de Grande-Bretagne et d'Irlande du Nord","Disponibilité alimentaire en quantité (tonnes)","Viande, poulet, fraîche ou réfrigérée","2012","tonnes","1431555"
"Compte Disponibilités et Utilisations (CDU) (2010-)","Royaume-Uni de Grande-Bretagne et d'Irlande du Nord","Disponibilité alimentaire en quantité (tonnes)","Viande, poulet, fraîche ou réfrigérée","2013","tonnes","1450771"
"Compte Disponibilités et Utilisations (CDU) (2010-)","Royaume-Uni de Grande-Bretagne et d'Irlande du Nord","Disponibilité alimentaire en quantité (tonnes)","Viande, poulet, fraîche ou réfrigérée","2014","tonnes","1432013.69"
"Compte Disponibilités et Utilisations (CDU) (2010-)","Royaume-Uni de Grande-Bretagne et d'Irlande du Nord","Disponibilité alimentaire en quantité (tonnes)","Viande, poulet, fraîche ou réfrigérée","2015","tonnes","1559657.02"
"Compte Disponibilités et Utilisations (CDU) (2010-)","Royaume-Uni de Grande-Bretagne et d'Irlande du Nord","Disponibilité alimentaire en quantité (tonnes)","Viande, poulet, fraîche ou réfrigérée","2016","tonnes","1657349.88"
"Compte Disponibilités et Utilisations (CDU) (2010-)","Royaume-Uni de Grande-Bretagne et d'Irlande du Nord","Disponibilité alimentaire en quantité (tonnes)","Viande, poulet, fraîche ou réfrigérée","2017","tonnes","1660595.92"
"Compte Disponibilités et Utilisations (CDU) (2010-)","Royaume-Uni de Grande-Bretagne et d'Irlande du Nord","Disponibilité alimentaire en quantité (tonnes)","Viande, poulet, fraîche ou réfrigérée","2018","tonnes","1742694.28"
"Compte Disponibilités et Utilisations (CDU) (2010-)","Royaume-Uni de Grande-Bretagne et d'Irlande du Nord","Disponibilité alimentaire en quantité (tonnes)","Viande, poulet, fraîche ou réfrigérée","2019","tonnes","1697064.88"
"Compte Disponibilités et Utilisations (CDU) (2010-)","Royaume-Uni de Grande-Bretagne et d'Irlande du Nord","Disponibilité alimentaire en quantité (tonnes)","Viande, poulet, fraîche ou réfrigérée","2020","tonnes","1695784.36"
"Compte Disponibilités et Utilisations (CDU) (2010-)","Royaume-Uni de Grande-Bretagne et d'Irlande du Nord","Disponibilité alimentaire en quantité (tonnes)","Viande, poulet, fraîche ou réfrigérée","2021","tonnes","1786670.7"
"Compte Disponibilités et Utilisations (CDU) (2010-)","Royaume-Uni de Grande-Bretagne et d'Irlande du Nord","Disponibilité alimentaire en quantité (tonnes)","Viande, poulet, fraîche ou réfrigérée","2022","tonnes","1832956.06"
"Compte Disponibilités et Utilisations (CDU) (2010-)","Royaume-Uni de Grande-Bretagne et d'Irlande du Nord","Disponibilité alimentaire en quantité (tonnes)","Viande, poulet, fraîche ou réfrigérée","2023","tonnes","2008437.97"
"Compte Disponibilités et Utilisations (CDU) (2010-)","Rwanda","Disponibilité alimentaire en quantité (tonnes)","Viande, poulet, fraîche ou réfrigérée","2010","tonnes","13720"
"Compte Disponibilités et Utilisations (CDU) (2010-)","Rwanda","Disponibilité alimentaire en quantité (tonnes)","Viande, poulet, fraîche ou réfrigérée","2011","tonnes","13164.87"
"Compte Disponibilités et Utilisations (CDU) (2010-)","Rwanda","Disponibilité alimentaire en quantité (tonnes)","Viande, poulet, fraîche ou réfrigérée","2012","tonnes","13538.56"
"Compte Disponibilités et Utilisations (CDU) (2010-)","Rwanda","Disponibilité alimentaire en quantité (tonnes)","Viande, poulet, fraîche ou réfrigérée","2013","tonnes","14171.96"
"Compte Disponibilités et Utilisations (CDU) (2010-)","Rwanda","Disponibilité alimentaire en quantité (tonnes)","Viande, poulet, fraîche ou réfrigérée","2014","tonnes","16305.53"
"Compte Disponibilités et Utilisations (CDU) (2010-)","Rwanda","Disponibilité alimentaire en quantité (tonnes)","Viande, poulet, fraîche ou réfrigérée","2015","tonnes","16641.1"
"Compte Disponibilités et Utilisations (CDU) (2010-)","Rwanda","Disponibilité alimentaire en quantité (tonnes)","Viande, poulet, fraîche ou réfrigérée","2016","tonnes","18083.82"
"Compte Disponibilités et Utilisations (CDU) (2010-)","Rwanda","Disponibilité alimentaire en quantité (tonnes)","Viande, poulet, fraîche ou réfrigérée","2017","tonnes","18174.67"
"Compte Disponibilités et Utilisations (CDU) (2010-)","Rwanda","Disponibilité alimentaire en quantité (tonnes)","Viande, poulet, fraîche ou réfrigérée","2018","tonnes","18717.46"
"Compte Disponibilités et Utilisations (CDU) (2010-)","Rwanda","Disponibilité alimentaire en quantité (tonnes)","Viande, poulet, fraîche ou réfrigérée","2019","tonnes","19063.57"
"Compte Disponibilités et Utilisations (CDU) (2010-)","Rwanda","Disponibilité alimentaire en quantité (tonnes)","Viande, poulet, fraîche ou réfrigérée","2020","tonnes","19707.74"
"Compte Disponibilités et Utilisations (CDU) (2010-)","Rwanda","Disponibilité alimentaire en quantité (tonnes)","Viande, poulet, fraîche ou réfrigérée","2021","tonnes","13432.07"
"Compte Disponibilités et Utilisations (CDU) (2010-)","Rwanda","Disponibilité alimentaire en quantité (tonnes)","Viande, poulet, fraîche ou réfrigérée","2022","tonnes","11454"
"Compte Disponibilités et Utilisations (CDU) (2010-)","Rwanda","Disponibilité alimentaire en quantité (tonnes)","Viande, poulet, fraîche ou réfrigérée","2023","tonnes","12560.6"
"Compte Disponibilités et Utilisations (CDU) (2010-)","Sainte-Lucie","Disponibilité alimentaire en quantité (tonnes)","Viande, poulet, fraîche ou réfrigérée","2010","tonnes","9867.93"
"Compte Disponibilités et Utilisations (CDU) (2010-)","Sainte-Lucie","Disponibilité alimentaire en quantité (tonnes)","Viande, poulet, fraîche ou réfrigérée","2011","tonnes","10987.92"
"Compte Disponibilités et Utilisations (CDU) (2010-)","Sainte-Lucie","Disponibilité alimentaire en quantité (tonnes)","Viande, poulet, fraîche ou réfrigérée","2012","tonnes","10874.38"
"Compte Disponibilités et Utilisations (CDU) (2010-)","Sainte-Lucie","Disponibilité alimentaire en quantité (tonnes)","Viande, poulet, fraîche ou réfrigérée","2013","tonnes","11585.19"
"Compte Disponibilités et Utilisations (CDU) (2010-)","Sainte-Lucie","Disponibilité alimentaire en quantité (tonnes)","Viande, poulet, fraîche ou réfrigérée","2014","tonnes","10375.11"
"Compte Disponibilités et Utilisations (CDU) (2010-)","Sainte-Lucie","Disponibilité alimentaire en quantité (tonnes)","Viande, poulet, fraîche ou réfrigérée","2015","tonnes","10532.32"
"Compte Disponibilités et Utilisations (CDU) (2010-)","Sainte-Lucie","Disponibilité alimentaire en quantité (tonnes)","Viande, poulet, fraîche ou réfrigérée","2016","tonnes","10423.1"
"Compte Disponibilités et Utilisations (CDU) (2010-)","Sainte-Lucie","Disponibilité alimentaire en quantité (tonnes)","Viande, poulet, fraîche ou réfrigérée","2017","tonnes","10055.25"
"Compte Disponibilités et Utilisations (CDU) (2010-)","Sainte-Lucie","Disponibilité alimentaire en quantité (tonnes)","Viande, poulet, fraîche ou réfrigérée","2018","tonnes","10146.32"
"Compte Disponibilités et Utilisations (CDU) (2010-)","Sainte-Lucie","Disponibilité alimentaire en quantité (tonnes)","Viande, poulet, fraîche ou réfrigérée","2019","tonnes","4636.83"
"Compte Disponibilités et Utilisations (CDU) (2010-)","Sainte-Lucie","Disponibilité alimentaire en quantité (tonnes)","Viande, poulet, fraîche ou réfrigérée","2020","tonnes","4789.47"
"Compte Disponibilités et Utilisations (CDU) (2010-)","Sainte-Lucie","Disponibilité alimentaire en quantité (tonnes)","Viande, poulet, fraîche ou réfrigérée","2021","tonnes","10113.25"
"Compte Disponibilités et Utilisations (CDU) (2010-)","Sainte-Lucie","Disponibilité alimentaire en quantité (tonnes)","Viande, poulet, fraîche ou réfrigérée","2022","tonnes","10898.56"
"Compte Disponibilités et Utilisations (CDU) (2010-)","Sainte-Lucie","Disponibilité alimentaire en quantité (tonnes)","Viande, poulet, fraîche ou réfrigérée","2023","tonnes","10523.59"
"Compte Disponibilités et Utilisations (CDU) (2010-)","Saint-Kitts-et-Nevis","Disponibilité alimentaire en quantité (tonnes)","Viande, poulet, fraîche ou réfrigérée","2010","tonnes","2958.95"
"Compte Disponibilités et Utilisations (CDU) (2010-)","Saint-Kitts-et-Nevis","Disponibilité alimentaire en quantité (tonnes)","Viande, poulet, fraîche ou réfrigérée","2011","tonnes","2999.61"
"Compte Disponibilités et Utilisations (CDU) (2010-)","Saint-Kitts-et-Nevis","Disponibilité alimentaire en quantité (tonnes)","Viande, poulet, fraîche ou réfrigérée","2012","tonnes","2902.48"
"Compte Disponibilités et Utilisations (CDU) (2010-)","Saint-Kitts-et-Nevis","Disponibilité alimentaire en quantité (tonnes)","Viande, poulet, fraîche ou réfrigérée","2013","tonnes","2852.04"
"Compte Disponibilités et Utilisations (CDU) (2010-)","Saint-Kitts-et-Nevis","Disponibilité alimentaire en quantité (tonnes)","Viande, poulet, fraîche ou réfrigérée","2014","tonnes","2879.05"
"Compte Disponibilités et Utilisations (CDU) (2010-)","Saint-Kitts-et-Nevis","Disponibilité alimentaire en quantité (tonnes)","Viande, poulet, fraîche ou réfrigérée","2015","tonnes","2802.67"
"Compte Disponibilités et Utilisations (CDU) (2010-)","Saint-Kitts-et-Nevis","Disponibilité alimentaire en quantité (tonnes)","Viande, poulet, fraîche ou réfrigérée","2016","tonnes","2787.5"
"Compte Disponibilités et Utilisations (CDU) (2010-)","Saint-Kitts-et-Nevis","Disponibilité alimentaire en quantité (tonnes)","Viande, poulet, fraîche ou réfrigérée","2017","tonnes","2578.9"
"Compte Disponibilités et Utilisations (CDU) (2010-)","Saint-Kitts-et-Nevis","Disponibilité alimentaire en quantité (tonnes)","Viande, poulet, fraîche ou réfrigérée","2018","tonnes","2542.18"
"Compte Disponibilités et Utilisations (CDU) (2010-)","Saint-Kitts-et-Nevis","Disponibilité alimentaire en quantité (tonnes)","Viande, poulet, fraîche ou réfrigérée","2019","tonnes","2675.1"
"Compte Disponibilités et Utilisations (CDU) (2010-)","Saint-Kitts-et-Nevis","Disponibilité alimentaire en quantité (tonnes)","Viande, poulet, fraîche ou réfrigérée","2020","tonnes","3340.38"
"Compte Disponibilités et Utilisations (CDU) (2010-)","Saint-Kitts-et-Nevis","Disponibilité alimentaire en quantité (tonnes)","Viande, poulet, fraîche ou réfrigérée","2021","tonnes","3289.61"
"Compte Disponibilités et Utilisations (CDU) (2010-)","Saint-Kitts-et-Nevis","Disponibilité alimentaire en quantité (tonnes)","Viande, poulet, fraîche ou réfrigérée","2022","tonnes","2474.57"
"Compte Disponibilités et Utilisations (CDU) (2010-)","Saint-Kitts-et-Nevis","Disponibilité alimentaire en quantité (tonnes)","Viande, poulet, fraîche ou réfrigérée","2023","tonnes","2734.73"
"Compte Disponibilités et Utilisations (CDU) (2010-)","Saint-Vincent-et-les Grenadines","Disponibilité alimentaire en quantité (tonnes)","Viande, poulet, fraîche ou réfrigérée","2010","tonnes","7167.84"
"Compte Disponibilités et Utilisations (CDU) (2010-)","Saint-Vincent-et-les Grenadines","Disponibilité alimentaire en quantité (tonnes)","Viande, poulet, fraîche ou réfrigérée","2011","tonnes","7168.44"
"Compte Disponibilités et Utilisations (CDU) (2010-)","Saint-Vincent-et-les Grenadines","Disponibilité alimentaire en quantité (tonnes)","Viande, poulet, fraîche ou réfrigérée","2012","tonnes","7185.49"
"Compte Disponibilités et Utilisations (CDU) (2010-)","Saint-Vincent-et-les Grenadines","Disponibilité alimentaire en quantité (tonnes)","Viande, poulet, fraîche ou réfrigérée","2013","tonnes","7209.81"
"Compte Disponibilités et Utilisations (CDU) (2010-)","Saint-Vincent-et-les Grenadines","Disponibilité alimentaire en quantité (tonnes)","Viande, poulet, fraîche ou réfrigérée","2014","tonnes","7234.33"
"Compte Disponibilités et Utilisations (CDU) (2010-)","Saint-Vincent-et-les Grenadines","Disponibilité alimentaire en quantité (tonnes)","Viande, poulet, fraîche ou réfrigérée","2015","tonnes","7261.5"
"Compte Disponibilités et Utilisations (CDU) (2010-)","Saint-Vincent-et-les Grenadines","Disponibilité alimentaire en quantité (tonnes)","Viande, poulet, fraîche ou réfrigérée","2016","tonnes","7149.65"
"Compte Disponibilités et Utilisations (CDU) (2010-)","Saint-Vincent-et-les Grenadines","Disponibilité alimentaire en quantité (tonnes)","Viande, poulet, fraîche ou réfrigérée","2017","tonnes","6958.24"
"Compte Disponibilités et Utilisations (CDU) (2010-)","Saint-Vincent-et-les Grenadines","Disponibilité alimentaire en quantité (tonnes)","Viande, poulet, fraîche ou réfrigérée","2018","tonnes","7147.99"
"Compte Disponibilités et Utilisations (CDU) (2010-)","Saint-Vincent-et-les Grenadines","Disponibilité alimentaire en quantité (tonnes)","Viande, poulet, fraîche ou réfrigérée","2019","tonnes","7258.36"
"Compte Disponibilités et Utilisations (CDU) (2010-)","Saint-Vincent-et-les Grenadines","Disponibilité alimentaire en quantité (tonnes)","Viande, poulet, fraîche ou réfrigérée","2020","tonnes","7800"
"Compte Disponibilités et Utilisations (CDU) (2010-)","Saint-Vincent-et-les Grenadines","Disponibilité alimentaire en quantité (tonnes)","Viande, poulet, fraîche ou réfrigérée","2021","tonnes","7672.84"
"Compte Disponibilités et Utilisations (CDU) (2010-)","Saint-Vincent-et-les Grenadines","Disponibilité alimentaire en quantité (tonnes)","Viande, poulet, fraîche ou réfrigérée","2022","tonnes","8862.37"
"Compte Disponibilités et Utilisations (CDU) (2010-)","Saint-Vincent-et-les Grenadines","Disponibilité alimentaire en quantité (tonnes)","Viande, poulet, fraîche ou réfrigérée","2023","tonnes","7914.79"
"Compte Disponibilités et Utilisations (CDU) (2010-)","Samoa","Disponibilité alimentaire en quantité (tonnes)","Viande, poulet, fraîche ou réfrigérée","2010","tonnes","11629.05"
"Compte Disponibilités et Utilisations (CDU) (2010-)","Samoa","Disponibilité alimentaire en quantité (tonnes)","Viande, poulet, fraîche ou réfrigérée","2011","tonnes","11883"
"Compte Disponibilités et Utilisations (CDU) (2010-)","Samoa","Disponibilité alimentaire en quantité (tonnes)","Viande, poulet, fraîche ou réfrigérée","2012","tonnes","11800.52"
"Compte Disponibilités et Utilisations (CDU) (2010-)","Samoa","Disponibilité alimentaire en quantité (tonnes)","Viande, poulet, fraîche ou réfrigérée","2013","tonnes","11883.53"
"Compte Disponibilités et Utilisations (CDU) (2010-)","Samoa","Disponibilité alimentaire en quantité (tonnes)","Viande, poulet, fraîche ou réfrigérée","2014","tonnes","13000"
"Compte Disponibilités et Utilisations (CDU) (2010-)","Samoa","Disponibilité alimentaire en quantité (tonnes)","Viande, poulet, fraîche ou réfrigérée","2015","tonnes","13700"
"Compte Disponibilités et Utilisations (CDU) (2010-)","Samoa","Disponibilité alimentaire en quantité (tonnes)","Viande, poulet, fraîche ou réfrigérée","2016","tonnes","16251.57"
"Compte Disponibilités et Utilisations (CDU) (2010-)","Samoa","Disponibilité alimentaire en quantité (tonnes)","Viande, poulet, fraîche ou réfrigérée","2017","tonnes","14510.33"
"Compte Disponibilités et Utilisations (CDU) (2010-)","Samoa","Disponibilité alimentaire en quantité (tonnes)","Viande, poulet, fraîche ou réfrigérée","2018","tonnes","15954.17"
"Compte Disponibilités et Utilisations (CDU) (2010-)","Samoa","Disponibilité alimentaire en quantité (tonnes)","Viande, poulet, fraîche ou réfrigérée","2019","tonnes","15941.8"
"Compte Disponibilités et Utilisations (CDU) (2010-)","Samoa","Disponibilité alimentaire en quantité (tonnes)","Viande, poulet, fraîche ou réfrigérée","2020","tonnes","13971.23"
"Compte Disponibilités et Utilisations (CDU) (2010-)","Samoa","Disponibilité alimentaire en quantité (tonnes)","Viande, poulet, fraîche ou réfrigérée","2021","tonnes","15205.96"
"Compte Disponibilités et Utilisations (CDU) (2010-)","Samoa","Disponibilité alimentaire en quantité (tonnes)","Viande, poulet, fraîche ou réfrigérée","2022","tonnes","14200.53"
"Compte Disponibilités et Utilisations (CDU) (2010-)","Samoa","Disponibilité alimentaire en quantité (tonnes)","Viande, poulet, fraîche ou réfrigérée","2023","tonnes","14795.11"
"Compte Disponibilités et Utilisations (CDU) (2010-)","Sao Tomé-et-Principe","Disponibilité alimentaire en quantité (tonnes)","Viande, poulet, fraîche ou réfrigérée","2010","tonnes","1872.17"
"Compte Disponibilités et Utilisations (CDU) (2010-)","Sao Tomé-et-Principe","Disponibilité alimentaire en quantité (tonnes)","Viande, poulet, fraîche ou réfrigérée","2011","tonnes","1501.09"
"Compte Disponibilités et Utilisations (CDU) (2010-)","Sao Tomé-et-Principe","Disponibilité alimentaire en quantité (tonnes)","Viande, poulet, fraîche ou réfrigérée","2012","tonnes","1518.85"
"Compte Disponibilités et Utilisations (CDU) (2010-)","Sao Tomé-et-Principe","Disponibilité alimentaire en quantité (tonnes)","Viande, poulet, fraîche ou réfrigérée","2013","tonnes","1692.84"
"Compte Disponibilités et Utilisations (CDU) (2010-)","Sao Tomé-et-Principe","Disponibilité alimentaire en quantité (tonnes)","Viande, poulet, fraîche ou réfrigérée","2014","tonnes","1720.71"
"Compte Disponibilités et Utilisations (CDU) (2010-)","Sao Tomé-et-Principe","Disponibilité alimentaire en quantité (tonnes)","Viande, poulet, fraîche ou réfrigérée","2015","tonnes","1779.74"
"Compte Disponibilités et Utilisations (CDU) (2010-)","Sao Tomé-et-Principe","Disponibilité alimentaire en quantité (tonnes)","Viande, poulet, fraîche ou réfrigérée","2016","tonnes","1787.97"
"Compte Disponibilités et Utilisations (CDU) (2010-)","Sao Tomé-et-Principe","Disponibilité alimentaire en quantité (tonnes)","Viande, poulet, fraîche ou réfrigérée","2017","tonnes","1849.92"
"Compte Disponibilités et Utilisations (CDU) (2010-)","Sao Tomé-et-Principe","Disponibilité alimentaire en quantité (tonnes)","Viande, poulet, fraîche ou réfrigérée","2018","tonnes","2331.34"
"Compte Disponibilités et Utilisations (CDU) (2010-)","Sao Tomé-et-Principe","Disponibilité alimentaire en quantité (tonnes)","Viande, poulet, fraîche ou réfrigérée","2019","tonnes","3671.9"
"Compte Disponibilités et Utilisations (CDU) (2010-)","Sao Tomé-et-Principe","Disponibilité alimentaire en quantité (tonnes)","Viande, poulet, fraîche ou réfrigérée","2020","tonnes","3478.11"
"Compte Disponibilités et Utilisations (CDU) (2010-)","Sao Tomé-et-Principe","Disponibilité alimentaire en quantité (tonnes)","Viande, poulet, fraîche ou réfrigérée","2021","tonnes","3493.17"
"Compte Disponibilités et Utilisations (CDU) (2010-)","Sao Tomé-et-Principe","Disponibilité alimentaire en quantité (tonnes)","Viande, poulet, fraîche ou réfrigérée","2022","tonnes","3027.15"
"Compte Disponibilités et Utilisations (CDU) (2010-)","Sao Tomé-et-Principe","Disponibilité alimentaire en quantité (tonnes)","Viande, poulet, fraîche ou réfrigérée","2023","tonnes","3921.28"
"Compte Disponibilités et Utilisations (CDU) (2010-)","Sénégal","Disponibilité alimentaire en quantité (tonnes)","Viande, poulet, fraîche ou réfrigérée","2010","tonnes","64525.99"
"Compte Disponibilités et Utilisations (CDU) (2010-)","Sénégal","Disponibilité alimentaire en quantité (tonnes)","Viande, poulet, fraîche ou réfrigérée","2011","tonnes","66201.52"
"Compte Disponibilités et Utilisations (CDU) (2010-)","Sénégal","Disponibilité alimentaire en quantité (tonnes)","Viande, poulet, fraîche ou réfrigérée","2012","tonnes","68228.18"
"Compte Disponibilités et Utilisations (CDU) (2010-)","Sénégal","Disponibilité alimentaire en quantité (tonnes)","Viande, poulet, fraîche ou réfrigérée","2013","tonnes","70304.21"
"Compte Disponibilités et Utilisations (CDU) (2010-)","Sénégal","Disponibilité alimentaire en quantité (tonnes)","Viande, poulet, fraîche ou réfrigérée","2014","tonnes","65895"
"Compte Disponibilités et Utilisations (CDU) (2010-)","Sénégal","Disponibilité alimentaire en quantité (tonnes)","Viande, poulet, fraîche ou réfrigérée","2015","tonnes","76350.88"
"Compte Disponibilités et Utilisations (CDU) (2010-)","Sénégal","Disponibilité alimentaire en quantité (tonnes)","Viande, poulet, fraîche ou réfrigérée","2016","tonnes","83099.63"
"Compte Disponibilités et Utilisations (CDU) (2010-)","Sénégal","Disponibilité alimentaire en quantité (tonnes)","Viande, poulet, fraîche ou réfrigérée","2017","tonnes","95062.99"
"Compte Disponibilités et Utilisations (CDU) (2010-)","Sénégal","Disponibilité alimentaire en quantité (tonnes)","Viande, poulet, fraîche ou réfrigérée","2018","tonnes","97977.23"
"Compte Disponibilités et Utilisations (CDU) (2010-)","Sénégal","Disponibilité alimentaire en quantité (tonnes)","Viande, poulet, fraîche ou réfrigérée","2019","tonnes","116463.05"
"Compte Disponibilités et Utilisations (CDU) (2010-)","Sénégal","Disponibilité alimentaire en quantité (tonnes)","Viande, poulet, fraîche ou réfrigérée","2020","tonnes","121838.06"
"Compte Disponibilités et Utilisations (CDU) (2010-)","Sénégal","Disponibilité alimentaire en quantité (tonnes)","Viande, poulet, fraîche ou réfrigérée","2021","tonnes","133222.98"
"Compte Disponibilités et Utilisations (CDU) (2010-)","Sénégal","Disponibilité alimentaire en quantité (tonnes)","Viande, poulet, fraîche ou réfrigérée","2022","tonnes","142177.4"
"Compte Disponibilités et Utilisations (CDU) (2010-)","Sénégal","Disponibilité alimentaire en quantité (tonnes)","Viande, poulet, fraîche ou réfrigérée","2023","tonnes","148595.73"
"Compte Disponibilités et Utilisations (CDU) (2010-)","Serbie","Disponibilité alimentaire en quantité (tonnes)","Viande, poulet, fraîche ou réfrigérée","2010","tonnes","81530.07"
"Compte Disponibilités et Utilisations (CDU) (2010-)","Serbie","Disponibilité alimentaire en quantité (tonnes)","Viande, poulet, fraîche ou réfrigérée","2011","tonnes","101780.83"
"Compte Disponibilités et Utilisations (CDU) (2010-)","Serbie","Disponibilité alimentaire en quantité (tonnes)","Viande, poulet, fraîche ou réfrigérée","2012","tonnes","97184.67"
"Compte Disponibilités et Utilisations (CDU) (2010-)","Serbie","Disponibilité alimentaire en quantité (tonnes)","Viande, poulet, fraîche ou réfrigérée","2013","tonnes","88092.39"
"Compte Disponibilités et Utilisations (CDU) (2010-)","Serbie","Disponibilité alimentaire en quantité (tonnes)","Viande, poulet, fraîche ou réfrigérée","2014","tonnes","89712.95"
"Compte Disponibilités et Utilisations (CDU) (2010-)","Serbie","Disponibilité alimentaire en quantité (tonnes)","Viande, poulet, fraîche ou réfrigérée","2015","tonnes","78880.12"
"Compte Disponibilités et Utilisations (CDU) (2010-)","Serbie","Disponibilité alimentaire en quantité (tonnes)","Viande, poulet, fraîche ou réfrigérée","2016","tonnes","75984.25"
"Compte Disponibilités et Utilisations (CDU) (2010-)","Serbie","Disponibilité alimentaire en quantité (tonnes)","Viande, poulet, fraîche ou réfrigérée","2017","tonnes","85317.4"
"Compte Disponibilités et Utilisations (CDU) (2010-)","Serbie","Disponibilité alimentaire en quantité (tonnes)","Viande, poulet, fraîche ou réfrigérée","2018","tonnes","98233.99"
"Compte Disponibilités et Utilisations (CDU) (2010-)","Serbie","Disponibilité alimentaire en quantité (tonnes)","Viande, poulet, fraîche ou réfrigérée","2019","tonnes","115215.22"
"Compte Disponibilités et Utilisations (CDU) (2010-)","Serbie","Disponibilité alimentaire en quantité (tonnes)","Viande, poulet, fraîche ou réfrigérée","2020","tonnes","116457.31"
"Compte Disponibilités et Utilisations (CDU) (2010-)","Serbie","Disponibilité alimentaire en quantité (tonnes)","Viande, poulet, fraîche ou réfrigérée","2021","tonnes","68392.19"
"Compte Disponibilités et Utilisations (CDU) (2010-)","Serbie","Disponibilité alimentaire en quantité (tonnes)","Viande, poulet, fraîche ou réfrigérée","2022","tonnes","72484.98"
"Compte Disponibilités et Utilisations (CDU) (2010-)","Serbie","Disponibilité alimentaire en quantité (tonnes)","Viande, poulet, fraîche ou réfrigérée","2023","tonnes","109006.78"
"Compte Disponibilités et Utilisations (CDU) (2010-)","Seychelles","Disponibilité alimentaire en quantité (tonnes)","Viande, poulet, fraîche ou réfrigérée","2010","tonnes","2497.6"
"Compte Disponibilités et Utilisations (CDU) (2010-)","Seychelles","Disponibilité alimentaire en quantité (tonnes)","Viande, poulet, fraîche ou réfrigérée","2011","tonnes","3484.47"
"Compte Disponibilités et Utilisations (CDU) (2010-)","Seychelles","Disponibilité alimentaire en quantité (tonnes)","Viande, poulet, fraîche ou réfrigérée","2012","tonnes","3017.77"
"Compte Disponibilités et Utilisations (CDU) (2010-)","Seychelles","Disponibilité alimentaire en quantité (tonnes)","Viande, poulet, fraîche ou réfrigérée","2013","tonnes","3203.59"
"Compte Disponibilités et Utilisations (CDU) (2010-)","Seychelles","Disponibilité alimentaire en quantité (tonnes)","Viande, poulet, fraîche ou réfrigérée","2014","tonnes","1906.8"
"Compte Disponibilités et Utilisations (CDU) (2010-)","Seychelles","Disponibilité alimentaire en quantité (tonnes)","Viande, poulet, fraîche ou réfrigérée","2015","tonnes","2732.88"
"Compte Disponibilités et Utilisations (CDU) (2010-)","Seychelles","Disponibilité alimentaire en quantité (tonnes)","Viande, poulet, fraîche ou réfrigérée","2016","tonnes","3104.94"
"Compte Disponibilités et Utilisations (CDU) (2010-)","Seychelles","Disponibilité alimentaire en quantité (tonnes)","Viande, poulet, fraîche ou réfrigérée","2017","tonnes","3677.19"
"Compte Disponibilités et Utilisations (CDU) (2010-)","Seychelles","Disponibilité alimentaire en quantité (tonnes)","Viande, poulet, fraîche ou réfrigérée","2018","tonnes","3689.02"
"Compte Disponibilités et Utilisations (CDU) (2010-)","Seychelles","Disponibilité alimentaire en quantité (tonnes)","Viande, poulet, fraîche ou réfrigérée","2019","tonnes","3428.75"
"Compte Disponibilités et Utilisations (CDU) (2010-)","Seychelles","Disponibilité alimentaire en quantité (tonnes)","Viande, poulet, fraîche ou réfrigérée","2020","tonnes","3471.77"
"Compte Disponibilités et Utilisations (CDU) (2010-)","Seychelles","Disponibilité alimentaire en quantité (tonnes)","Viande, poulet, fraîche ou réfrigérée","2021","tonnes","4380.06"
"Compte Disponibilités et Utilisations (CDU) (2010-)","Seychelles","Disponibilité alimentaire en quantité (tonnes)","Viande, poulet, fraîche ou réfrigérée","2022","tonnes","4562.34"
"Compte Disponibilités et Utilisations (CDU) (2010-)","Seychelles","Disponibilité alimentaire en quantité (tonnes)","Viande, poulet, fraîche ou réfrigérée","2023","tonnes","4853.3"
"Compte Disponibilités et Utilisations (CDU) (2010-)","Sierra Leone","Disponibilité alimentaire en quantité (tonnes)","Viande, poulet, fraîche ou réfrigérée","2010","tonnes","20978.59"
"Compte Disponibilités et Utilisations (CDU) (2010-)","Sierra Leone","Disponibilité alimentaire en quantité (tonnes)","Viande, poulet, fraîche ou réfrigérée","2011","tonnes","22319.7"
"Compte Disponibilités et Utilisations (CDU) (2010-)","Sierra Leone","Disponibilité alimentaire en quantité (tonnes)","Viande, poulet, fraîche ou réfrigérée","2012","tonnes","25905.41"
"Compte Disponibilités et Utilisations (CDU) (2010-)","Sierra Leone","Disponibilité alimentaire en quantité (tonnes)","Viande, poulet, fraîche ou réfrigérée","2013","tonnes","31762.83"
"Compte Disponibilités et Utilisations (CDU) (2010-)","Sierra Leone","Disponibilité alimentaire en quantité (tonnes)","Viande, poulet, fraîche ou réfrigérée","2014","tonnes","30530.88"
"Compte Disponibilités et Utilisations (CDU) (2010-)","Sierra Leone","Disponibilité alimentaire en quantité (tonnes)","Viande, poulet, fraîche ou réfrigérée","2015","tonnes","24655.01"
"Compte Disponibilités et Utilisations (CDU) (2010-)","Sierra Leone","Disponibilité alimentaire en quantité (tonnes)","Viande, poulet, fraîche ou réfrigérée","2016","tonnes","26140.96"
"Compte Disponibilités et Utilisations (CDU) (2010-)","Sierra Leone","Disponibilité alimentaire en quantité (tonnes)","Viande, poulet, fraîche ou réfrigérée","2017","tonnes","27126.64"
"Compte Disponibilités et Utilisations (CDU) (2010-)","Sierra Leone","Disponibilité alimentaire en quantité (tonnes)","Viande, poulet, fraîche ou réfrigérée","2018","tonnes","28059.63"
"Compte Disponibilités et Utilisations (CDU) (2010-)","Sierra Leone","Disponibilité alimentaire en quantité (tonnes)","Viande, poulet, fraîche ou réfrigérée","2019","tonnes","41800.67"
"Compte Disponibilités et Utilisations (CDU) (2010-)","Sierra Leone","Disponibilité alimentaire en quantité (tonnes)","Viande, poulet, fraîche ou réfrigérée","2020","tonnes","50197.8"
"Compte Disponibilités et Utilisations (CDU) (2010-)","Sierra Leone","Disponibilité alimentaire en quantité (tonnes)","Viande, poulet, fraîche ou réfrigérée","2021","tonnes","56651.34"
"Compte Disponibilités et Utilisations (CDU) (2010-)","Sierra Leone","Disponibilité alimentaire en quantité (tonnes)","Viande, poulet, fraîche ou réfrigérée","2022","tonnes","45177.15"
"Compte Disponibilités et Utilisations (CDU) (2010-)","Sierra Leone","Disponibilité alimentaire en quantité (tonnes)","Viande, poulet, fraîche ou réfrigérée","2023","tonnes","50625.86"
"Compte Disponibilités et Utilisations (CDU) (2010-)","Slovaquie","Disponibilité alimentaire en quantité (tonnes)","Viande, poulet, fraîche ou réfrigérée","2010","tonnes","67437.21"
"Compte Disponibilités et Utilisations (CDU) (2010-)","Slovaquie","Disponibilité alimentaire en quantité (tonnes)","Viande, poulet, fraîche ou réfrigérée","2011","tonnes","62811.88"
"Compte Disponibilités et Utilisations (CDU) (2010-)","Slovaquie","Disponibilité alimentaire en quantité (tonnes)","Viande, poulet, fraîche ou réfrigérée","2012","tonnes","48776.21"
"Compte Disponibilités et Utilisations (CDU) (2010-)","Slovaquie","Disponibilité alimentaire en quantité (tonnes)","Viande, poulet, fraîche ou réfrigérée","2013","tonnes","69704.82"
"Compte Disponibilités et Utilisations (CDU) (2010-)","Slovaquie","Disponibilité alimentaire en quantité (tonnes)","Viande, poulet, fraîche ou réfrigérée","2014","tonnes","67649.73"
"Compte Disponibilités et Utilisations (CDU) (2010-)","Slovaquie","Disponibilité alimentaire en quantité (tonnes)","Viande, poulet, fraîche ou réfrigérée","2015","tonnes","58685.23"
"Compte Disponibilités et Utilisations (CDU) (2010-)","Slovaquie","Disponibilité alimentaire en quantité (tonnes)","Viande, poulet, fraîche ou réfrigérée","2016","tonnes","69189.11"
"Compte Disponibilités et Utilisations (CDU) (2010-)","Slovaquie","Disponibilité alimentaire en quantité (tonnes)","Viande, poulet, fraîche ou réfrigérée","2017","tonnes","69821.62"
"Compte Disponibilités et Utilisations (CDU) (2010-)","Slovaquie","Disponibilité alimentaire en quantité (tonnes)","Viande, poulet, fraîche ou réfrigérée","2018","tonnes","70620.8"
"Compte Disponibilités et Utilisations (CDU) (2010-)","Slovaquie","Disponibilité alimentaire en quantité (tonnes)","Viande, poulet, fraîche ou réfrigérée","2019","tonnes","91751.88"
"Compte Disponibilités et Utilisations (CDU) (2010-)","Slovaquie","Disponibilité alimentaire en quantité (tonnes)","Viande, poulet, fraîche ou réfrigérée","2020","tonnes","76374.56"
"Compte Disponibilités et Utilisations (CDU) (2010-)","Slovaquie","Disponibilité alimentaire en quantité (tonnes)","Viande, poulet, fraîche ou réfrigérée","2021","tonnes","57726.75"
"Compte Disponibilités et Utilisations (CDU) (2010-)","Slovaquie","Disponibilité alimentaire en quantité (tonnes)","Viande, poulet, fraîche ou réfrigérée","2022","tonnes","68455.85"
"Compte Disponibilités et Utilisations (CDU) (2010-)","Slovaquie","Disponibilité alimentaire en quantité (tonnes)","Viande, poulet, fraîche ou réfrigérée","2023","tonnes","101257.56"
"Compte Disponibilités et Utilisations (CDU) (2010-)","Slovénie","Disponibilité alimentaire en quantité (tonnes)","Viande, poulet, fraîche ou réfrigérée","2010","tonnes","40273"
"Compte Disponibilités et Utilisations (CDU) (2010-)","Slovénie","Disponibilité alimentaire en quantité (tonnes)","Viande, poulet, fraîche ou réfrigérée","2011","tonnes","39936"
"Compte Disponibilités et Utilisations (CDU) (2010-)","Slovénie","Disponibilité alimentaire en quantité (tonnes)","Viande, poulet, fraîche ou réfrigérée","2012","tonnes","42817"
"Compte Disponibilités et Utilisations (CDU) (2010-)","Slovénie","Disponibilité alimentaire en quantité (tonnes)","Viande, poulet, fraîche ou réfrigérée","2013","tonnes","40737"
"Compte Disponibilités et Utilisations (CDU) (2010-)","Slovénie","Disponibilité alimentaire en quantité (tonnes)","Viande, poulet, fraîche ou réfrigérée","2014","tonnes","41409.72"
"Compte Disponibilités et Utilisations (CDU) (2010-)","Slovénie","Disponibilité alimentaire en quantité (tonnes)","Viande, poulet, fraîche ou réfrigérée","2015","tonnes","41568.49"
"Compte Disponibilités et Utilisations (CDU) (2010-)","Slovénie","Disponibilité alimentaire en quantité (tonnes)","Viande, poulet, fraîche ou réfrigérée","2016","tonnes","41750.29"
"Compte Disponibilités et Utilisations (CDU) (2010-)","Slovénie","Disponibilité alimentaire en quantité (tonnes)","Viande, poulet, fraîche ou réfrigérée","2017","tonnes","41984.98"
"Compte Disponibilités et Utilisations (CDU) (2010-)","Slovénie","Disponibilité alimentaire en quantité (tonnes)","Viande, poulet, fraîche ou réfrigérée","2018","tonnes","42193.59"
"Compte Disponibilités et Utilisations (CDU) (2010-)","Slovénie","Disponibilité alimentaire en quantité (tonnes)","Viande, poulet, fraîche ou réfrigérée","2019","tonnes","52806.96"
"Compte Disponibilités et Utilisations (CDU) (2010-)","Slovénie","Disponibilité alimentaire en quantité (tonnes)","Viande, poulet, fraîche ou réfrigérée","2020","tonnes","49260.83"
"Compte Disponibilités et Utilisations (CDU) (2010-)","Slovénie","Disponibilité alimentaire en quantité (tonnes)","Viande, poulet, fraîche ou réfrigérée","2021","tonnes","52410.99"
"Compte Disponibilités et Utilisations (CDU) (2010-)","Slovénie","Disponibilité alimentaire en quantité (tonnes)","Viande, poulet, fraîche ou réfrigérée","2022","tonnes","52305.75"
"Compte Disponibilités et Utilisations (CDU) (2010-)","Slovénie","Disponibilité alimentaire en quantité (tonnes)","Viande, poulet, fraîche ou réfrigérée","2023","tonnes","56881.97"
"Compte Disponibilités et Utilisations (CDU) (2010-)","Sri Lanka","Disponibilité alimentaire en quantité (tonnes)","Viande, poulet, fraîche ou réfrigérée","2010","tonnes","100942"
"Compte Disponibilités et Utilisations (CDU) (2010-)","Sri Lanka","Disponibilité alimentaire en quantité (tonnes)","Viande, poulet, fraîche ou réfrigérée","2011","tonnes","103079"
"Compte Disponibilités et Utilisations (CDU) (2010-)","Sri Lanka","Disponibilité alimentaire en quantité (tonnes)","Viande, poulet, fraîche ou réfrigérée","2012","tonnes","126670"
"Compte Disponibilités et Utilisations (CDU) (2010-)","Sri Lanka","Disponibilité alimentaire en quantité (tonnes)","Viande, poulet, fraîche ou réfrigérée","2013","tonnes","134181"
"Compte Disponibilités et Utilisations (CDU) (2010-)","Sri Lanka","Disponibilité alimentaire en quantité (tonnes)","Viande, poulet, fraîche ou réfrigérée","2014","tonnes","142204.5"
"Compte Disponibilités et Utilisations (CDU) (2010-)","Sri Lanka","Disponibilité alimentaire en quantité (tonnes)","Viande, poulet, fraîche ou réfrigérée","2015","tonnes","163882.51"
"Compte Disponibilités et Utilisations (CDU) (2010-)","Sri Lanka","Disponibilité alimentaire en quantité (tonnes)","Viande, poulet, fraîche ou réfrigérée","2016","tonnes","181364.4"
"Compte Disponibilités et Utilisations (CDU) (2010-)","Sri Lanka","Disponibilité alimentaire en quantité (tonnes)","Viande, poulet, fraîche ou réfrigérée","2017","tonnes","199180.09"
"Compte Disponibilités et Utilisations (CDU) (2010-)","Sri Lanka","Disponibilité alimentaire en quantité (tonnes)","Viande, poulet, fraîche ou réfrigérée","2018","tonnes","214348.82"
"Compte Disponibilités et Utilisations (CDU) (2010-)","Sri Lanka","Disponibilité alimentaire en quantité (tonnes)","Viande, poulet, fraîche ou réfrigérée","2019","tonnes","222838.26"
"Compte Disponibilités et Utilisations (CDU) (2010-)","Sri Lanka","Disponibilité alimentaire en quantité (tonnes)","Viande, poulet, fraîche ou réfrigérée","2020","tonnes","214514.98"
"Compte Disponibilités et Utilisations (CDU) (2010-)","Sri Lanka","Disponibilité alimentaire en quantité (tonnes)","Viande, poulet, fraîche ou réfrigérée","2021","tonnes","236041.73"
"Compte Disponibilités et Utilisations (CDU) (2010-)","Sri Lanka","Disponibilité alimentaire en quantité (tonnes)","Viande, poulet, fraîche ou réfrigérée","2022","tonnes","227753.39"
"Compte Disponibilités et Utilisations (CDU) (2010-)","Sri Lanka","Disponibilité alimentaire en quantité (tonnes)","Viande, poulet, fraîche ou réfrigérée","2023","tonnes","234500.78"
"Compte Disponibilités et Utilisations (CDU) (2010-)","Suède","Disponibilité alimentaire en quantité (tonnes)","Viande, poulet, fraîche ou réfrigérée","2010","tonnes","130574"
"Compte Disponibilités et Utilisations (CDU) (2010-)","Suède","Disponibilité alimentaire en quantité (tonnes)","Viande, poulet, fraîche ou réfrigérée","2011","tonnes","123580"
"Compte Disponibilités et Utilisations (CDU) (2010-)","Suède","Disponibilité alimentaire en quantité (tonnes)","Viande, poulet, fraîche ou réfrigérée","2012","tonnes","120755"
"Compte Disponibilités et Utilisations (CDU) (2010-)","Suède","Disponibilité alimentaire en quantité (tonnes)","Viande, poulet, fraîche ou réfrigérée","2013","tonnes","130022"
"Compte Disponibilités et Utilisations (CDU) (2010-)","Suède","Disponibilité alimentaire en quantité (tonnes)","Viande, poulet, fraîche ou réfrigérée","2014","tonnes","128454.36"
"Compte Disponibilités et Utilisations (CDU) (2010-)","Suède","Disponibilité alimentaire en quantité (tonnes)","Viande, poulet, fraîche ou réfrigérée","2015","tonnes","132272.54"
"Compte Disponibilités et Utilisations (CDU) (2010-)","Suède","Disponibilité alimentaire en quantité (tonnes)","Viande, poulet, fraîche ou réfrigérée","2016","tonnes","135253.53"
"Compte Disponibilités et Utilisations (CDU) (2010-)","Suède","Disponibilité alimentaire en quantité (tonnes)","Viande, poulet, fraîche ou réfrigérée","2017","tonnes","137225.76"
"Compte Disponibilités et Utilisations (CDU) (2010-)","Suède","Disponibilité alimentaire en quantité (tonnes)","Viande, poulet, fraîche ou réfrigérée","2018","tonnes","140597.88"
"Compte Disponibilités et Utilisations (CDU) (2010-)","Suède","Disponibilité alimentaire en quantité (tonnes)","Viande, poulet, fraîche ou réfrigérée","2019","tonnes","134347.92"
"Compte Disponibilités et Utilisations (CDU) (2010-)","Suède","Disponibilité alimentaire en quantité (tonnes)","Viande, poulet, fraîche ou réfrigérée","2020","tonnes","133840.47"
"Compte Disponibilités et Utilisations (CDU) (2010-)","Suède","Disponibilité alimentaire en quantité (tonnes)","Viande, poulet, fraîche ou réfrigérée","2021","tonnes","139779.17"
"Compte Disponibilités et Utilisations (CDU) (2010-)","Suède","Disponibilité alimentaire en quantité (tonnes)","Viande, poulet, fraîche ou réfrigérée","2022","tonnes","143848.55"
"Compte Disponibilités et Utilisations (CDU) (2010-)","Suède","Disponibilité alimentaire en quantité (tonnes)","Viande, poulet, fraîche ou réfrigérée","2023","tonnes","144028.42"
"Compte Disponibilités et Utilisations (CDU) (2010-)","Suisse","Disponibilité alimentaire en quantité (tonnes)","Viande, poulet, fraîche ou réfrigérée","2010","tonnes","102003"
"Compte Disponibilités et Utilisations (CDU) (2010-)","Suisse","Disponibilité alimentaire en quantité (tonnes)","Viande, poulet, fraîche ou réfrigérée","2011","tonnes","106219"
"Compte Disponibilités et Utilisations (CDU) (2010-)","Suisse","Disponibilité alimentaire en quantité (tonnes)","Viande, poulet, fraîche ou réfrigérée","2012","tonnes","106949"
"Compte Disponibilités et Utilisations (CDU) (2010-)","Suisse","Disponibilité alimentaire en quantité (tonnes)","Viande, poulet, fraîche ou réfrigérée","2013","tonnes","108805"
"Compte Disponibilités et Utilisations (CDU) (2010-)","Suisse","Disponibilité alimentaire en quantité (tonnes)","Viande, poulet, fraîche ou réfrigérée","2014","tonnes","110376.8"
"Compte Disponibilités et Utilisations (CDU) (2010-)","Suisse","Disponibilité alimentaire en quantité (tonnes)","Viande, poulet, fraîche ou réfrigérée","2015","tonnes","111624.28"
"Compte Disponibilités et Utilisations (CDU) (2010-)","Suisse","Disponibilité alimentaire en quantité (tonnes)","Viande, poulet, fraîche ou réfrigérée","2016","tonnes","112826.16"
"Compte Disponibilités et Utilisations (CDU) (2010-)","Suisse","Disponibilité alimentaire en quantité (tonnes)","Viande, poulet, fraîche ou réfrigérée","2017","tonnes","114028.26"
"Compte Disponibilités et Utilisations (CDU) (2010-)","Suisse","Disponibilité alimentaire en quantité (tonnes)","Viande, poulet, fraîche ou réfrigérée","2018","tonnes","133000"
"Compte Disponibilités et Utilisations (CDU) (2010-)","Suisse","Disponibilité alimentaire en quantité (tonnes)","Viande, poulet, fraîche ou réfrigérée","2019","tonnes","128642.66"
"Compte Disponibilités et Utilisations (CDU) (2010-)","Suisse","Disponibilité alimentaire en quantité (tonnes)","Viande, poulet, fraîche ou réfrigérée","2020","tonnes","130902.46"
"Compte Disponibilités et Utilisations (CDU) (2010-)","Suisse","Disponibilité alimentaire en quantité (tonnes)","Viande, poulet, fraîche ou réfrigérée","2021","tonnes","136789.7"
"Compte Disponibilités et Utilisations (CDU) (2010-)","Suisse","Disponibilité alimentaire en quantité (tonnes)","Viande, poulet, fraîche ou réfrigérée","2022","tonnes","142073.35"
"Compte Disponibilités et Utilisations (CDU) (2010-)","Suisse","Disponibilité alimentaire en quantité (tonnes)","Viande, poulet, fraîche ou réfrigérée","2023","tonnes","140204.83"
"Compte Disponibilités et Utilisations (CDU) (2010-)","Suriname","Disponibilité alimentaire en quantité (tonnes)","Viande, poulet, fraîche ou réfrigérée","2010","tonnes","18400"
"Compte Disponibilités et Utilisations (CDU) (2010-)","Suriname","Disponibilité alimentaire en quantité (tonnes)","Viande, poulet, fraîche ou réfrigérée","2011","tonnes","18400"
"Compte Disponibilités et Utilisations (CDU) (2010-)","Suriname","Disponibilité alimentaire en quantité (tonnes)","Viande, poulet, fraîche ou réfrigérée","2012","tonnes","18500"
"Compte Disponibilités et Utilisations (CDU) (2010-)","Suriname","Disponibilité alimentaire en quantité (tonnes)","Viande, poulet, fraîche ou réfrigérée","2013","tonnes","18350"
"Compte Disponibilités et Utilisations (CDU) (2010-)","Suriname","Disponibilité alimentaire en quantité (tonnes)","Viande, poulet, fraîche ou réfrigérée","2014","tonnes","18566.47"
"Compte Disponibilités et Utilisations (CDU) (2010-)","Suriname","Disponibilité alimentaire en quantité (tonnes)","Viande, poulet, fraîche ou réfrigérée","2015","tonnes","18414.21"
"Compte Disponibilités et Utilisations (CDU) (2010-)","Suriname","Disponibilité alimentaire en quantité (tonnes)","Viande, poulet, fraîche ou réfrigérée","2016","tonnes","18008.45"
"Compte Disponibilités et Utilisations (CDU) (2010-)","Suriname","Disponibilité alimentaire en quantité (tonnes)","Viande, poulet, fraîche ou réfrigérée","2017","tonnes","18003.69"
"Compte Disponibilités et Utilisations (CDU) (2010-)","Suriname","Disponibilité alimentaire en quantité (tonnes)","Viande, poulet, fraîche ou réfrigérée","2018","tonnes","25800"
"Compte Disponibilités et Utilisations (CDU) (2010-)","Suriname","Disponibilité alimentaire en quantité (tonnes)","Viande, poulet, fraîche ou réfrigérée","2019","tonnes","28315.78"
"Compte Disponibilités et Utilisations (CDU) (2010-)","Suriname","Disponibilité alimentaire en quantité (tonnes)","Viande, poulet, fraîche ou réfrigérée","2020","tonnes","28523.35"
"Compte Disponibilités et Utilisations (CDU) (2010-)","Suriname","Disponibilité alimentaire en quantité (tonnes)","Viande, poulet, fraîche ou réfrigérée","2021","tonnes","28393.5"
"Compte Disponibilités et Utilisations (CDU) (2010-)","Suriname","Disponibilité alimentaire en quantité (tonnes)","Viande, poulet, fraîche ou réfrigérée","2022","tonnes","26547.97"
"Compte Disponibilités et Utilisations (CDU) (2010-)","Suriname","Disponibilité alimentaire en quantité (tonnes)","Viande, poulet, fraîche ou réfrigérée","2023","tonnes","21887.94"
"Compte Disponibilités et Utilisations (CDU) (2010-)","Tadjikistan","Disponibilité alimentaire en quantité (tonnes)","Viande, poulet, fraîche ou réfrigérée","2010","tonnes","23106.92"
"Compte Disponibilités et Utilisations (CDU) (2010-)","Tadjikistan","Disponibilité alimentaire en quantité (tonnes)","Viande, poulet, fraîche ou réfrigérée","2011","tonnes","22209.06"
"Compte Disponibilités et Utilisations (CDU) (2010-)","Tadjikistan","Disponibilité alimentaire en quantité (tonnes)","Viande, poulet, fraîche ou réfrigérée","2012","tonnes","23422.97"
"Compte Disponibilités et Utilisations (CDU) (2010-)","Tadjikistan","Disponibilité alimentaire en quantité (tonnes)","Viande, poulet, fraîche ou réfrigérée","2013","tonnes","24690.74"
"Compte Disponibilités et Utilisations (CDU) (2010-)","Tadjikistan","Disponibilité alimentaire en quantité (tonnes)","Viande, poulet, fraîche ou réfrigérée","2014","tonnes","25866.53"
"Compte Disponibilités et Utilisations (CDU) (2010-)","Tadjikistan","Disponibilité alimentaire en quantité (tonnes)","Viande, poulet, fraîche ou réfrigérée","2015","tonnes","27035.9"
"Compte Disponibilités et Utilisations (CDU) (2010-)","Tadjikistan","Disponibilité alimentaire en quantité (tonnes)","Viande, poulet, fraîche ou réfrigérée","2016","tonnes","28408.2"
"Compte Disponibilités et Utilisations (CDU) (2010-)","Tadjikistan","Disponibilité alimentaire en quantité (tonnes)","Viande, poulet, fraîche ou réfrigérée","2017","tonnes","29882.44"
"Compte Disponibilités et Utilisations (CDU) (2010-)","Tadjikistan","Disponibilité alimentaire en quantité (tonnes)","Viande, poulet, fraîche ou réfrigérée","2018","tonnes","32416.57"
"Compte Disponibilités et Utilisations (CDU) (2010-)","Tadjikistan","Disponibilité alimentaire en quantité (tonnes)","Viande, poulet, fraîche ou réfrigérée","2019","tonnes","19308.95"
"Compte Disponibilités et Utilisations (CDU) (2010-)","Tadjikistan","Disponibilité alimentaire en quantité (tonnes)","Viande, poulet, fraîche ou réfrigérée","2020","tonnes","24916.72"
"Compte Disponibilités et Utilisations (CDU) (2010-)","Tadjikistan","Disponibilité alimentaire en quantité (tonnes)","Viande, poulet, fraîche ou réfrigérée","2021","tonnes","32802.42"
"Compte Disponibilités et Utilisations (CDU) (2010-)","Tadjikistan","Disponibilité alimentaire en quantité (tonnes)","Viande, poulet, fraîche ou réfrigérée","2022","tonnes","37677.08"
"Compte Disponibilités et Utilisations (CDU) (2010-)","Tadjikistan","Disponibilité alimentaire en quantité (tonnes)","Viande, poulet, fraîche ou réfrigérée","2023","tonnes","43281.61"
"Compte Disponibilités et Utilisations (CDU) (2010-)","Tchéquie","Disponibilité alimentaire en quantité (tonnes)","Viande, poulet, fraîche ou réfrigérée","2010","tonnes","205945"
"Compte Disponibilités et Utilisations (CDU) (2010-)","Tchéquie","Disponibilité alimentaire en quantité (tonnes)","Viande, poulet, fraîche ou réfrigérée","2011","tonnes","199178"
"Compte Disponibilités et Utilisations (CDU) (2010-)","Tchéquie","Disponibilité alimentaire en quantité (tonnes)","Viande, poulet, fraîche ou réfrigérée","2012","tonnes","182633"
"Compte Disponibilités et Utilisations (CDU) (2010-)","Tchéquie","Disponibilité alimentaire en quantité (tonnes)","Viande, poulet, fraîche ou réfrigérée","2013","tonnes","171118"
"Compte Disponibilités et Utilisations (CDU) (2010-)","Tchéquie","Disponibilité alimentaire en quantité (tonnes)","Viande, poulet, fraîche ou réfrigérée","2014","tonnes","186781.11"
"Compte Disponibilités et Utilisations (CDU) (2010-)","Tchéquie","Disponibilité alimentaire en quantité (tonnes)","Viande, poulet, fraîche ou réfrigérée","2015","tonnes","192597.85"
"Compte Disponibilités et Utilisations (CDU) (2010-)","Tchéquie","Disponibilité alimentaire en quantité (tonnes)","Viande, poulet, fraîche ou réfrigérée","2016","tonnes","195674.66"
"Compte Disponibilités et Utilisations (CDU) (2010-)","Tchéquie","Disponibilité alimentaire en quantité (tonnes)","Viande, poulet, fraîche ou réfrigérée","2017","tonnes","200785.03"
"Compte Disponibilités et Utilisations (CDU) (2010-)","Tchéquie","Disponibilité alimentaire en quantité (tonnes)","Viande, poulet, fraîche ou réfrigérée","2018","tonnes","204411.11"
"Compte Disponibilités et Utilisations (CDU) (2010-)","Tchéquie","Disponibilité alimentaire en quantité (tonnes)","Viande, poulet, fraîche ou réfrigérée","2019","tonnes","209459.19"
"Compte Disponibilités et Utilisations (CDU) (2010-)","Tchéquie","Disponibilité alimentaire en quantité (tonnes)","Viande, poulet, fraîche ou réfrigérée","2020","tonnes","216132.28"
"Compte Disponibilités et Utilisations (CDU) (2010-)","Tchéquie","Disponibilité alimentaire en quantité (tonnes)","Viande, poulet, fraîche ou réfrigérée","2021","tonnes","206797.94"
"Compte Disponibilités et Utilisations (CDU) (2010-)","Tchéquie","Disponibilité alimentaire en quantité (tonnes)","Viande, poulet, fraîche ou réfrigérée","2022","tonnes","219202.18"
"Compte Disponibilités et Utilisations (CDU) (2010-)","Tchéquie","Disponibilité alimentaire en quantité (tonnes)","Viande, poulet, fraîche ou réfrigérée","2023","tonnes","219890.66"
"Compte Disponibilités et Utilisations (CDU) (2010-)","Thaïlande","Disponibilité alimentaire en quantité (tonnes)","Viande, poulet, fraîche ou réfrigérée","2010","tonnes","721562.96"
"Compte Disponibilités et Utilisations (CDU) (2010-)","Thaïlande","Disponibilité alimentaire en quantité (tonnes)","Viande, poulet, fraîche ou réfrigérée","2011","tonnes","726330.27"
"Compte Disponibilités et Utilisations (CDU) (2010-)","Thaïlande","Disponibilité alimentaire en quantité (tonnes)","Viande, poulet, fraîche ou réfrigérée","2012","tonnes","754350.74"
"Compte Disponibilités et Utilisations (CDU) (2010-)","Thaïlande","Disponibilité alimentaire en quantité (tonnes)","Viande, poulet, fraîche ou réfrigérée","2013","tonnes","766373.25"
"Compte Disponibilités et Utilisations (CDU) (2010-)","Thaïlande","Disponibilité alimentaire en quantité (tonnes)","Viande, poulet, fraîche ou réfrigérée","2014","tonnes","874039.49"
"Compte Disponibilités et Utilisations (CDU) (2010-)","Thaïlande","Disponibilité alimentaire en quantité (tonnes)","Viande, poulet, fraîche ou réfrigérée","2015","tonnes","782686.8"
"Compte Disponibilités et Utilisations (CDU) (2010-)","Thaïlande","Disponibilité alimentaire en quantité (tonnes)","Viande, poulet, fraîche ou réfrigérée","2016","tonnes","800679.91"
"Compte Disponibilités et Utilisations (CDU) (2010-)","Thaïlande","Disponibilité alimentaire en quantité (tonnes)","Viande, poulet, fraîche ou réfrigérée","2017","tonnes","817551.98"
"Compte Disponibilités et Utilisations (CDU) (2010-)","Thaïlande","Disponibilité alimentaire en quantité (tonnes)","Viande, poulet, fraîche ou réfrigérée","2018","tonnes","760252.09"
"Compte Disponibilités et Utilisations (CDU) (2010-)","Thaïlande","Disponibilité alimentaire en quantité (tonnes)","Viande, poulet, fraîche ou réfrigérée","2019","tonnes","774168.16"
"Compte Disponibilités et Utilisations (CDU) (2010-)","Thaïlande","Disponibilité alimentaire en quantité (tonnes)","Viande, poulet, fraîche ou réfrigérée","2020","tonnes","749468.86"
"Compte Disponibilités et Utilisations (CDU) (2010-)","Thaïlande","Disponibilité alimentaire en quantité (tonnes)","Viande, poulet, fraîche ou réfrigérée","2021","tonnes","716831.73"
"Compte Disponibilités et Utilisations (CDU) (2010-)","Thaïlande","Disponibilité alimentaire en quantité (tonnes)","Viande, poulet, fraîche ou réfrigérée","2022","tonnes","694059.54"
"Compte Disponibilités et Utilisations (CDU) (2010-)","Thaïlande","Disponibilité alimentaire en quantité (tonnes)","Viande, poulet, fraîche ou réfrigérée","2023","tonnes","663107.65"
"Compte Disponibilités et Utilisations (CDU) (2010-)","Timor-Leste","Disponibilité alimentaire en quantité (tonnes)","Viande, poulet, fraîche ou réfrigérée","2010","tonnes","5196"
"Compte Disponibilités et Utilisations (CDU) (2010-)","Timor-Leste","Disponibilité alimentaire en quantité (tonnes)","Viande, poulet, fraîche ou réfrigérée","2011","tonnes","5337"
"Compte Disponibilités et Utilisations (CDU) (2010-)","Timor-Leste","Disponibilité alimentaire en quantité (tonnes)","Viande, poulet, fraîche ou réfrigérée","2012","tonnes","5331"
"Compte Disponibilités et Utilisations (CDU) (2010-)","Timor-Leste","Disponibilité alimentaire en quantité (tonnes)","Viande, poulet, fraîche ou réfrigérée","2013","tonnes","6414"
"Compte Disponibilités et Utilisations (CDU) (2010-)","Timor-Leste","Disponibilité alimentaire en quantité (tonnes)","Viande, poulet, fraîche ou réfrigérée","2014","tonnes","5604.66"
"Compte Disponibilités et Utilisations (CDU) (2010-)","Timor-Leste","Disponibilité alimentaire en quantité (tonnes)","Viande, poulet, fraîche ou réfrigérée","2015","tonnes","7021.87"
"Compte Disponibilités et Utilisations (CDU) (2010-)","Timor-Leste","Disponibilité alimentaire en quantité (tonnes)","Viande, poulet, fraîche ou réfrigérée","2016","tonnes","8567.12"
"Compte Disponibilités et Utilisations (CDU) (2010-)","Timor-Leste","Disponibilité alimentaire en quantité (tonnes)","Viande, poulet, fraîche ou réfrigérée","2017","tonnes","12893.75"
"Compte Disponibilités et Utilisations (CDU) (2010-)","Timor-Leste","Disponibilité alimentaire en quantité (tonnes)","Viande, poulet, fraîche ou réfrigérée","2018","tonnes","10190.05"
"Compte Disponibilités et Utilisations (CDU) (2010-)","Timor-Leste","Disponibilité alimentaire en quantité (tonnes)","Viande, poulet, fraîche ou réfrigérée","2019","tonnes","11507.75"
"Compte Disponibilités et Utilisations (CDU) (2010-)","Timor-Leste","Disponibilité alimentaire en quantité (tonnes)","Viande, poulet, fraîche ou réfrigérée","2020","tonnes","11838.4"
"Compte Disponibilités et Utilisations (CDU) (2010-)","Timor-Leste","Disponibilité alimentaire en quantité (tonnes)","Viande, poulet, fraîche ou réfrigérée","2021","tonnes","6264.67"
"Compte Disponibilités et Utilisations (CDU) (2010-)","Timor-Leste","Disponibilité alimentaire en quantité (tonnes)","Viande, poulet, fraîche ou réfrigérée","2022","tonnes","6829.26"
"Compte Disponibilités et Utilisations (CDU) (2010-)","Timor-Leste","Disponibilité alimentaire en quantité (tonnes)","Viande, poulet, fraîche ou réfrigérée","2023","tonnes","6848.2"
"Compte Disponibilités et Utilisations (CDU) (2010-)","Tonga","Disponibilité alimentaire en quantité (tonnes)","Viande, poulet, fraîche ou réfrigérée","2019","tonnes","11357.47"
"Compte Disponibilités et Utilisations (CDU) (2010-)","Tonga","Disponibilité alimentaire en quantité (tonnes)","Viande, poulet, fraîche ou réfrigérée","2020","tonnes","9060.77"
"Compte Disponibilités et Utilisations (CDU) (2010-)","Tonga","Disponibilité alimentaire en quantité (tonnes)","Viande, poulet, fraîche ou réfrigérée","2021","tonnes","12385.17"
"Compte Disponibilités et Utilisations (CDU) (2010-)","Tonga","Disponibilité alimentaire en quantité (tonnes)","Viande, poulet, fraîche ou réfrigérée","2022","tonnes","9505.28"
"Compte Disponibilités et Utilisations (CDU) (2010-)","Tonga","Disponibilité alimentaire en quantité (tonnes)","Viande, poulet, fraîche ou réfrigérée","2023","tonnes","8877.51"
"Compte Disponibilités et Utilisations (CDU) (2010-)","Trinité-et-Tobago","Disponibilité alimentaire en quantité (tonnes)","Viande, poulet, fraîche ou réfrigérée","2010","tonnes","77916.24"
"Compte Disponibilités et Utilisations (CDU) (2010-)","Trinité-et-Tobago","Disponibilité alimentaire en quantité (tonnes)","Viande, poulet, fraîche ou réfrigérée","2011","tonnes","81550.24"
"Compte Disponibilités et Utilisations (CDU) (2010-)","Trinité-et-Tobago","Disponibilité alimentaire en quantité (tonnes)","Viande, poulet, fraîche ou réfrigérée","2012","tonnes","82612.89"
"Compte Disponibilités et Utilisations (CDU) (2010-)","Trinité-et-Tobago","Disponibilité alimentaire en quantité (tonnes)","Viande, poulet, fraîche ou réfrigérée","2013","tonnes","86230.52"
"Compte Disponibilités et Utilisations (CDU) (2010-)","Trinité-et-Tobago","Disponibilité alimentaire en quantité (tonnes)","Viande, poulet, fraîche ou réfrigérée","2014","tonnes","87739.9"
"Compte Disponibilités et Utilisations (CDU) (2010-)","Trinité-et-Tobago","Disponibilité alimentaire en quantité (tonnes)","Viande, poulet, fraîche ou réfrigérée","2015","tonnes","69482.02"
"Compte Disponibilités et Utilisations (CDU) (2010-)","Trinité-et-Tobago","Disponibilité alimentaire en quantité (tonnes)","Viande, poulet, fraîche ou réfrigérée","2016","tonnes","80164"
"Compte Disponibilités et Utilisations (CDU) (2010-)","Trinité-et-Tobago","Disponibilité alimentaire en quantité (tonnes)","Viande, poulet, fraîche ou réfrigérée","2017","tonnes","80568.95"
"Compte Disponibilités et Utilisations (CDU) (2010-)","Trinité-et-Tobago","Disponibilité alimentaire en quantité (tonnes)","Viande, poulet, fraîche ou réfrigérée","2018","tonnes","81342.99"
"Compte Disponibilités et Utilisations (CDU) (2010-)","Trinité-et-Tobago","Disponibilité alimentaire en quantité (tonnes)","Viande, poulet, fraîche ou réfrigérée","2019","tonnes","78812.94"
"Compte Disponibilités et Utilisations (CDU) (2010-)","Trinité-et-Tobago","Disponibilité alimentaire en quantité (tonnes)","Viande, poulet, fraîche ou réfrigérée","2020","tonnes","64597.57"
"Compte Disponibilités et Utilisations (CDU) (2010-)","Trinité-et-Tobago","Disponibilité alimentaire en quantité (tonnes)","Viande, poulet, fraîche ou réfrigérée","2021","tonnes","62399.39"
"Compte Disponibilités et Utilisations (CDU) (2010-)","Trinité-et-Tobago","Disponibilité alimentaire en quantité (tonnes)","Viande, poulet, fraîche ou réfrigérée","2022","tonnes","69948.1"
"Compte Disponibilités et Utilisations (CDU) (2010-)","Trinité-et-Tobago","Disponibilité alimentaire en quantité (tonnes)","Viande, poulet, fraîche ou réfrigérée","2023","tonnes","70333.24"
"Compte Disponibilités et Utilisations (CDU) (2010-)","Tunisie","Disponibilité alimentaire en quantité (tonnes)","Viande, poulet, fraîche ou réfrigérée","2010","tonnes","113271"
"Compte Disponibilités et Utilisations (CDU) (2010-)","Tunisie","Disponibilité alimentaire en quantité (tonnes)","Viande, poulet, fraîche ou réfrigérée","2011","tonnes","106005"
"Compte Disponibilités et Utilisations (CDU) (2010-)","Tunisie","Disponibilité alimentaire en quantité (tonnes)","Viande, poulet, fraîche ou réfrigérée","2012","tonnes","129642"
"Compte Disponibilités et Utilisations (CDU) (2010-)","Tunisie","Disponibilité alimentaire en quantité (tonnes)","Viande, poulet, fraîche ou réfrigérée","2013","tonnes","138836"
"Compte Disponibilités et Utilisations (CDU) (2010-)","Tunisie","Disponibilité alimentaire en quantité (tonnes)","Viande, poulet, fraîche ou réfrigérée","2014","tonnes","130111.01"
"Compte Disponibilités et Utilisations (CDU) (2010-)","Tunisie","Disponibilité alimentaire en quantité (tonnes)","Viande, poulet, fraîche ou réfrigérée","2015","tonnes","131540.58"
"Compte Disponibilités et Utilisations (CDU) (2010-)","Tunisie","Disponibilité alimentaire en quantité (tonnes)","Viande, poulet, fraîche ou réfrigérée","2016","tonnes","132898.98"
"Compte Disponibilités et Utilisations (CDU) (2010-)","Tunisie","Disponibilité alimentaire en quantité (tonnes)","Viande, poulet, fraîche ou réfrigérée","2017","tonnes","135171.57"
"Compte Disponibilités et Utilisations (CDU) (2010-)","Tunisie","Disponibilité alimentaire en quantité (tonnes)","Viande, poulet, fraîche ou réfrigérée","2018","tonnes","139255.51"
"Compte Disponibilités et Utilisations (CDU) (2010-)","Tunisie","Disponibilité alimentaire en quantité (tonnes)","Viande, poulet, fraîche ou réfrigérée","2019","tonnes","136517.91"
"Compte Disponibilités et Utilisations (CDU) (2010-)","Tunisie","Disponibilité alimentaire en quantité (tonnes)","Viande, poulet, fraîche ou réfrigérée","2020","tonnes","140368.68"
"Compte Disponibilités et Utilisations (CDU) (2010-)","Tunisie","Disponibilité alimentaire en quantité (tonnes)","Viande, poulet, fraîche ou réfrigérée","2021","tonnes","151194.02"
"Compte Disponibilités et Utilisations (CDU) (2010-)","Tunisie","Disponibilité alimentaire en quantité (tonnes)","Viande, poulet, fraîche ou réfrigérée","2022","tonnes","153242.54"
"Compte Disponibilités et Utilisations (CDU) (2010-)","Tunisie","Disponibilité alimentaire en quantité (tonnes)","Viande, poulet, fraîche ou réfrigérée","2023","tonnes","151304.02"
"Compte Disponibilités et Utilisations (CDU) (2010-)","Türkiye","Disponibilité alimentaire en quantité (tonnes)","Viande, poulet, fraîche ou réfrigérée","2010","tonnes","1295396.22"
"Compte Disponibilités et Utilisations (CDU) (2010-)","Türkiye","Disponibilité alimentaire en quantité (tonnes)","Viande, poulet, fraîche ou réfrigérée","2011","tonnes","1367988.29"
"Compte Disponibilités et Utilisations (CDU) (2010-)","Türkiye","Disponibilité alimentaire en quantité (tonnes)","Viande, poulet, fraîche ou réfrigérée","2012","tonnes","1412023.46"
"Compte Disponibilités et Utilisations (CDU) (2010-)","Türkiye","Disponibilité alimentaire en quantité (tonnes)","Viande, poulet, fraîche ou réfrigérée","2013","tonnes","1389554.58"
"Compte Disponibilités et Utilisations (CDU) (2010-)","Türkiye","Disponibilité alimentaire en quantité (tonnes)","Viande, poulet, fraîche ou réfrigérée","2014","tonnes","1483980.74"
"Compte Disponibilités et Utilisations (CDU) (2010-)","Türkiye","Disponibilité alimentaire en quantité (tonnes)","Viande, poulet, fraîche ou réfrigérée","2015","tonnes","1564128.67"
"Compte Disponibilités et Utilisations (CDU) (2010-)","Türkiye","Disponibilité alimentaire en quantité (tonnes)","Viande, poulet, fraîche ou réfrigérée","2016","tonnes","1553407.26"
"Compte Disponibilités et Utilisations (CDU) (2010-)","Türkiye","Disponibilité alimentaire en quantité (tonnes)","Viande, poulet, fraîche ou réfrigérée","2017","tonnes","1701456.29"
"Compte Disponibilités et Utilisations (CDU) (2010-)","Türkiye","Disponibilité alimentaire en quantité (tonnes)","Viande, poulet, fraîche ou réfrigérée","2018","tonnes","1658601.25"
"Compte Disponibilités et Utilisations (CDU) (2010-)","Türkiye","Disponibilité alimentaire en quantité (tonnes)","Viande, poulet, fraîche ou réfrigérée","2019","tonnes","1645482.3"
"Compte Disponibilités et Utilisations (CDU) (2010-)","Türkiye","Disponibilité alimentaire en quantité (tonnes)","Viande, poulet, fraîche ou réfrigérée","2020","tonnes","1605545.89"
"Compte Disponibilités et Utilisations (CDU) (2010-)","Türkiye","Disponibilité alimentaire en quantité (tonnes)","Viande, poulet, fraîche ou réfrigérée","2021","tonnes","1639492.87"
"Compte Disponibilités et Utilisations (CDU) (2010-)","Türkiye","Disponibilité alimentaire en quantité (tonnes)","Viande, poulet, fraîche ou réfrigérée","2022","tonnes","1740109.45"
"Compte Disponibilités et Utilisations (CDU) (2010-)","Türkiye","Disponibilité alimentaire en quantité (tonnes)","Viande, poulet, fraîche ou réfrigérée","2023","tonnes","1827186.41"
"Compte Disponibilités et Utilisations (CDU) (2010-)","Turkménistan","Disponibilité alimentaire en quantité (tonnes)","Viande, poulet, fraîche ou réfrigérée","2010","tonnes","19747.63"
"Compte Disponibilités et Utilisations (CDU) (2010-)","Turkménistan","Disponibilité alimentaire en quantité (tonnes)","Viande, poulet, fraîche ou réfrigérée","2011","tonnes","18790.7"
"Compte Disponibilités et Utilisations (CDU) (2010-)","Turkménistan","Disponibilité alimentaire en quantité (tonnes)","Viande, poulet, fraîche ou réfrigérée","2012","tonnes","19873.62"
"Compte Disponibilités et Utilisations (CDU) (2010-)","Turkménistan","Disponibilité alimentaire en quantité (tonnes)","Viande, poulet, fraîche ou réfrigérée","2013","tonnes","21247.23"
"Compte Disponibilités et Utilisations (CDU) (2010-)","Turkménistan","Disponibilité alimentaire en quantité (tonnes)","Viande, poulet, fraîche ou réfrigérée","2014","tonnes","39565.82"
"Compte Disponibilités et Utilisations (CDU) (2010-)","Turkménistan","Disponibilité alimentaire en quantité (tonnes)","Viande, poulet, fraîche ou réfrigérée","2015","tonnes","28397.86"
"Compte Disponibilités et Utilisations (CDU) (2010-)","Turkménistan","Disponibilité alimentaire en quantité (tonnes)","Viande, poulet, fraîche ou réfrigérée","2016","tonnes","24819.35"
"Compte Disponibilités et Utilisations (CDU) (2010-)","Turkménistan","Disponibilité alimentaire en quantité (tonnes)","Viande, poulet, fraîche ou réfrigérée","2017","tonnes","28468.52"
"Compte Disponibilités et Utilisations (CDU) (2010-)","Turkménistan","Disponibilité alimentaire en quantité (tonnes)","Viande, poulet, fraîche ou réfrigérée","2018","tonnes","49859.78"
"Compte Disponibilités et Utilisations (CDU) (2010-)","Turkménistan","Disponibilité alimentaire en quantité (tonnes)","Viande, poulet, fraîche ou réfrigérée","2019","tonnes","35458.59"
"Compte Disponibilités et Utilisations (CDU) (2010-)","Turkménistan","Disponibilité alimentaire en quantité (tonnes)","Viande, poulet, fraîche ou réfrigérée","2020","tonnes","38653.21"
"Compte Disponibilités et Utilisations (CDU) (2010-)","Turkménistan","Disponibilité alimentaire en quantité (tonnes)","Viande, poulet, fraîche ou réfrigérée","2021","tonnes","53068.34"
"Compte Disponibilités et Utilisations (CDU) (2010-)","Turkménistan","Disponibilité alimentaire en quantité (tonnes)","Viande, poulet, fraîche ou réfrigérée","2022","tonnes","71838.08"
"Compte Disponibilités et Utilisations (CDU) (2010-)","Turkménistan","Disponibilité alimentaire en quantité (tonnes)","Viande, poulet, fraîche ou réfrigérée","2023","tonnes","60080.17"
"Compte Disponibilités et Utilisations (CDU) (2010-)","Tuvalu","Disponibilité alimentaire en quantité (tonnes)","Viande, poulet, fraîche ou réfrigérée","2019","tonnes","597.25"
"Compte Disponibilités et Utilisations (CDU) (2010-)","Tuvalu","Disponibilité alimentaire en quantité (tonnes)","Viande, poulet, fraîche ou réfrigérée","2020","tonnes","595.89"
"Compte Disponibilités et Utilisations (CDU) (2010-)","Tuvalu","Disponibilité alimentaire en quantité (tonnes)","Viande, poulet, fraîche ou réfrigérée","2021","tonnes","478.4"
"Compte Disponibilités et Utilisations (CDU) (2010-)","Tuvalu","Disponibilité alimentaire en quantité (tonnes)","Viande, poulet, fraîche ou réfrigérée","2022","tonnes","468.05"
"Compte Disponibilités et Utilisations (CDU) (2010-)","Tuvalu","Disponibilité alimentaire en quantité (tonnes)","Viande, poulet, fraîche ou réfrigérée","2023","tonnes","457.13"
"Compte Disponibilités et Utilisations (CDU) (2010-)","Ukraine","Disponibilité alimentaire en quantité (tonnes)","Viande, poulet, fraîche ou réfrigérée","2010","tonnes","1046088.84"
"Compte Disponibilités et Utilisations (CDU) (2010-)","Ukraine","Disponibilité alimentaire en quantité (tonnes)","Viande, poulet, fraîche ou réfrigérée","2011","tonnes","993147.95"
"Compte Disponibilités et Utilisations (CDU) (2010-)","Ukraine","Disponibilité alimentaire en quantité (tonnes)","Viande, poulet, fraîche ou réfrigérée","2012","tonnes","1094807.23"
"Compte Disponibilités et Utilisations (CDU) (2010-)","Ukraine","Disponibilité alimentaire en quantité (tonnes)","Viande, poulet, fraîche ou réfrigérée","2013","tonnes","1080939.4"
"Compte Disponibilités et Utilisations (CDU) (2010-)","Ukraine","Disponibilité alimentaire en quantité (tonnes)","Viande, poulet, fraîche ou réfrigérée","2014","tonnes","1040456.61"
"Compte Disponibilités et Utilisations (CDU) (2010-)","Ukraine","Disponibilité alimentaire en quantité (tonnes)","Viande, poulet, fraîche ou réfrigérée","2015","tonnes","1035130.73"
"Compte Disponibilités et Utilisations (CDU) (2010-)","Ukraine","Disponibilité alimentaire en quantité (tonnes)","Viande, poulet, fraîche ou réfrigérée","2016","tonnes","998411.02"
"Compte Disponibilités et Utilisations (CDU) (2010-)","Ukraine","Disponibilité alimentaire en quantité (tonnes)","Viande, poulet, fraîche ou réfrigérée","2017","tonnes","1017490.63"
"Compte Disponibilités et Utilisations (CDU) (2010-)","Ukraine","Disponibilité alimentaire en quantité (tonnes)","Viande, poulet, fraîche ou réfrigérée","2018","tonnes","1048951.66"
"Compte Disponibilités et Utilisations (CDU) (2010-)","Ukraine","Disponibilité alimentaire en quantité (tonnes)","Viande, poulet, fraîche ou réfrigérée","2019","tonnes","1101626.3"
"Compte Disponibilités et Utilisations (CDU) (2010-)","Ukraine","Disponibilité alimentaire en quantité (tonnes)","Viande, poulet, fraîche ou réfrigérée","2020","tonnes","1007909.37"
"Compte Disponibilités et Utilisations (CDU) (2010-)","Ukraine","Disponibilité alimentaire en quantité (tonnes)","Viande, poulet, fraîche ou réfrigérée","2021","tonnes","965497.99"
"Compte Disponibilités et Utilisations (CDU) (2010-)","Ukraine","Disponibilité alimentaire en quantité (tonnes)","Viande, poulet, fraîche ou réfrigérée","2022","tonnes","862654.2"
"Compte Disponibilités et Utilisations (CDU) (2010-)","Ukraine","Disponibilité alimentaire en quantité (tonnes)","Viande, poulet, fraîche ou réfrigérée","2023","tonnes","901794.54"
"Compte Disponibilités et Utilisations (CDU) (2010-)","Uruguay","Disponibilité alimentaire en quantité (tonnes)","Viande, poulet, fraîche ou réfrigérée","2010","tonnes","57388.93"
"Compte Disponibilités et Utilisations (CDU) (2010-)","Uruguay","Disponibilité alimentaire en quantité (tonnes)","Viande, poulet, fraîche ou réfrigérée","2011","tonnes","61980.66"
"Compte Disponibilités et Utilisations (CDU) (2010-)","Uruguay","Disponibilité alimentaire en quantité (tonnes)","Viande, poulet, fraîche ou réfrigérée","2012","tonnes","68203.02"
"Compte Disponibilités et Utilisations (CDU) (2010-)","Uruguay","Disponibilité alimentaire en quantité (tonnes)","Viande, poulet, fraîche ou réfrigérée","2013","tonnes","36182.61"
"Compte Disponibilités et Utilisations (CDU) (2010-)","Uruguay","Disponibilité alimentaire en quantité (tonnes)","Viande, poulet, fraîche ou réfrigérée","2014","tonnes","52866.41"
"Compte Disponibilités et Utilisations (CDU) (2010-)","Uruguay","Disponibilité alimentaire en quantité (tonnes)","Viande, poulet, fraîche ou réfrigérée","2015","tonnes","28728.08"
"Compte Disponibilités et Utilisations (CDU) (2010-)","Uruguay","Disponibilité alimentaire en quantité (tonnes)","Viande, poulet, fraîche ou réfrigérée","2016","tonnes","29280.14"
"Compte Disponibilités et Utilisations (CDU) (2010-)","Uruguay","Disponibilité alimentaire en quantité (tonnes)","Viande, poulet, fraîche ou réfrigérée","2017","tonnes","27822.82"
"Compte Disponibilités et Utilisations (CDU) (2010-)","Uruguay","Disponibilité alimentaire en quantité (tonnes)","Viande, poulet, fraîche ou réfrigérée","2018","tonnes","27476.62"
"Compte Disponibilités et Utilisations (CDU) (2010-)","Uruguay","Disponibilité alimentaire en quantité (tonnes)","Viande, poulet, fraîche ou réfrigérée","2019","tonnes","66637.07"
"Compte Disponibilités et Utilisations (CDU) (2010-)","Uruguay","Disponibilité alimentaire en quantité (tonnes)","Viande, poulet, fraîche ou réfrigérée","2020","tonnes","67760.13"
"Compte Disponibilités et Utilisations (CDU) (2010-)","Uruguay","Disponibilité alimentaire en quantité (tonnes)","Viande, poulet, fraîche ou réfrigérée","2021","tonnes","79504.46"
"Compte Disponibilités et Utilisations (CDU) (2010-)","Uruguay","Disponibilité alimentaire en quantité (tonnes)","Viande, poulet, fraîche ou réfrigérée","2022","tonnes","79553.38"
"Compte Disponibilités et Utilisations (CDU) (2010-)","Uruguay","Disponibilité alimentaire en quantité (tonnes)","Viande, poulet, fraîche ou réfrigérée","2023","tonnes","71948.91"
"Compte Disponibilités et Utilisations (CDU) (2010-)","Vanuatu","Disponibilité alimentaire en quantité (tonnes)","Viande, poulet, fraîche ou réfrigérée","2010","tonnes","2553.35"
"Compte Disponibilités et Utilisations (CDU) (2010-)","Vanuatu","Disponibilité alimentaire en quantité (tonnes)","Viande, poulet, fraîche ou réfrigérée","2011","tonnes","2802.96"
"Compte Disponibilités et Utilisations (CDU) (2010-)","Vanuatu","Disponibilité alimentaire en quantité (tonnes)","Viande, poulet, fraîche ou réfrigérée","2012","tonnes","2775.36"
"Compte Disponibilités et Utilisations (CDU) (2010-)","Vanuatu","Disponibilité alimentaire en quantité (tonnes)","Viande, poulet, fraîche ou réfrigérée","2013","tonnes","2831.59"
"Compte Disponibilités et Utilisations (CDU) (2010-)","Vanuatu","Disponibilité alimentaire en quantité (tonnes)","Viande, poulet, fraîche ou réfrigérée","2014","tonnes","2782.98"
"Compte Disponibilités et Utilisations (CDU) (2010-)","Vanuatu","Disponibilité alimentaire en quantité (tonnes)","Viande, poulet, fraîche ou réfrigérée","2015","tonnes","3366.93"
"Compte Disponibilités et Utilisations (CDU) (2010-)","Vanuatu","Disponibilité alimentaire en quantité (tonnes)","Viande, poulet, fraîche ou réfrigérée","2016","tonnes","3927.8"
"Compte Disponibilités et Utilisations (CDU) (2010-)","Vanuatu","Disponibilité alimentaire en quantité (tonnes)","Viande, poulet, fraîche ou réfrigérée","2017","tonnes","4512.16"
"Compte Disponibilités et Utilisations (CDU) (2010-)","Vanuatu","Disponibilité alimentaire en quantité (tonnes)","Viande, poulet, fraîche ou réfrigérée","2018","tonnes","4922.32"
"Compte Disponibilités et Utilisations (CDU) (2010-)","Vanuatu","Disponibilité alimentaire en quantité (tonnes)","Viande, poulet, fraîche ou réfrigérée","2019","tonnes","4378.34"
"Compte Disponibilités et Utilisations (CDU) (2010-)","Vanuatu","Disponibilité alimentaire en quantité (tonnes)","Viande, poulet, fraîche ou réfrigérée","2020","tonnes","4411.27"
"Compte Disponibilités et Utilisations (CDU) (2010-)","Vanuatu","Disponibilité alimentaire en quantité (tonnes)","Viande, poulet, fraîche ou réfrigérée","2021","tonnes","5438.27"
"Compte Disponibilités et Utilisations (CDU) (2010-)","Vanuatu","Disponibilité alimentaire en quantité (tonnes)","Viande, poulet, fraîche ou réfrigérée","2022","tonnes","5058.85"
"Compte Disponibilités et Utilisations (CDU) (2010-)","Vanuatu","Disponibilité alimentaire en quantité (tonnes)","Viande, poulet, fraîche ou réfrigérée","2023","tonnes","5955.91"
"Compte Disponibilités et Utilisations (CDU) (2010-)","Venezuela (République bolivarienne du)","Disponibilité alimentaire en quantité (tonnes)","Viande, poulet, fraîche ou réfrigérée","2010","tonnes","1278470"
"Compte Disponibilités et Utilisations (CDU) (2010-)","Venezuela (République bolivarienne du)","Disponibilité alimentaire en quantité (tonnes)","Viande, poulet, fraîche ou réfrigérée","2011","tonnes","1332531"
"Compte Disponibilités et Utilisations (CDU) (2010-)","Venezuela (République bolivarienne du)","Disponibilité alimentaire en quantité (tonnes)","Viande, poulet, fraîche ou réfrigérée","2012","tonnes","1153743"
"Compte Disponibilités et Utilisations (CDU) (2010-)","Venezuela (République bolivarienne du)","Disponibilité alimentaire en quantité (tonnes)","Viande, poulet, fraîche ou réfrigérée","2013","tonnes","1194248"
"Compte Disponibilités et Utilisations (CDU) (2010-)","Venezuela (République bolivarienne du)","Disponibilité alimentaire en quantité (tonnes)","Viande, poulet, fraîche ou réfrigérée","2014","tonnes","1316443.59"
"Compte Disponibilités et Utilisations (CDU) (2010-)","Venezuela (République bolivarienne du)","Disponibilité alimentaire en quantité (tonnes)","Viande, poulet, fraîche ou réfrigérée","2015","tonnes","948153.81"
"Compte Disponibilités et Utilisations (CDU) (2010-)","Venezuela (République bolivarienne du)","Disponibilité alimentaire en quantité (tonnes)","Viande, poulet, fraîche ou réfrigérée","2016","tonnes","660246.81"
"Compte Disponibilités et Utilisations (CDU) (2010-)","Venezuela (République bolivarienne du)","Disponibilité alimentaire en quantité (tonnes)","Viande, poulet, fraîche ou réfrigérée","2017","tonnes","485534.08"
"Compte Disponibilités et Utilisations (CDU) (2010-)","Venezuela (République bolivarienne du)","Disponibilité alimentaire en quantité (tonnes)","Viande, poulet, fraîche ou réfrigérée","2018","tonnes","450884.72"
"Compte Disponibilités et Utilisations (CDU) (2010-)","Venezuela (République bolivarienne du)","Disponibilité alimentaire en quantité (tonnes)","Viande, poulet, fraîche ou réfrigérée","2019","tonnes","481919"
"Compte Disponibilités et Utilisations (CDU) (2010-)","Venezuela (République bolivarienne du)","Disponibilité alimentaire en quantité (tonnes)","Viande, poulet, fraîche ou réfrigérée","2020","tonnes","455596.05"
"Compte Disponibilités et Utilisations (CDU) (2010-)","Venezuela (République bolivarienne du)","Disponibilité alimentaire en quantité (tonnes)","Viande, poulet, fraîche ou réfrigérée","2021","tonnes","533404.31"
"Compte Disponibilités et Utilisations (CDU) (2010-)","Venezuela (République bolivarienne du)","Disponibilité alimentaire en quantité (tonnes)","Viande, poulet, fraîche ou réfrigérée","2022","tonnes","510318.84"
"Compte Disponibilités et Utilisations (CDU) (2010-)","Venezuela (République bolivarienne du)","Disponibilité alimentaire en quantité (tonnes)","Viande, poulet, fraîche ou réfrigérée","2023","tonnes","500040.95"
"Compte Disponibilités et Utilisations (CDU) (2010-)","Viet Nam","Disponibilité alimentaire en quantité (tonnes)","Viande, poulet, fraîche ou réfrigérée","2010","tonnes","963316"
"Compte Disponibilités et Utilisations (CDU) (2010-)","Viet Nam","Disponibilité alimentaire en quantité (tonnes)","Viande, poulet, fraîche ou réfrigérée","2011","tonnes","1296490.6"
"Compte Disponibilités et Utilisations (CDU) (2010-)","Viet Nam","Disponibilité alimentaire en quantité (tonnes)","Viande, poulet, fraîche ou réfrigérée","2012","tonnes","1025858"
"Compte Disponibilités et Utilisations (CDU) (2010-)","Viet Nam","Disponibilité alimentaire en quantité (tonnes)","Viande, poulet, fraîche ou réfrigérée","2013","tonnes","1075649"
"Compte Disponibilités et Utilisations (CDU) (2010-)","Viet Nam","Disponibilité alimentaire en quantité (tonnes)","Viande, poulet, fraîche ou réfrigérée","2014","tonnes","699396.23"
"Compte Disponibilités et Utilisations (CDU) (2010-)","Viet Nam","Disponibilité alimentaire en quantité (tonnes)","Viande, poulet, fraîche ou réfrigérée","2015","tonnes","768522.19"
"Compte Disponibilités et Utilisations (CDU) (2010-)","Viet Nam","Disponibilité alimentaire en quantité (tonnes)","Viande, poulet, fraîche ou réfrigérée","2016","tonnes","811302.17"
"Compte Disponibilités et Utilisations (CDU) (2010-)","Viet Nam","Disponibilité alimentaire en quantité (tonnes)","Viande, poulet, fraîche ou réfrigérée","2017","tonnes","838892.25"
"Compte Disponibilités et Utilisations (CDU) (2010-)","Viet Nam","Disponibilité alimentaire en quantité (tonnes)","Viande, poulet, fraîche ou réfrigérée","2018","tonnes","980989.34"
"Compte Disponibilités et Utilisations (CDU) (2010-)","Viet Nam","Disponibilité alimentaire en quantité (tonnes)","Viande, poulet, fraîche ou réfrigérée","2019","tonnes","1174030.87"
"Compte Disponibilités et Utilisations (CDU) (2010-)","Viet Nam","Disponibilité alimentaire en quantité (tonnes)","Viande, poulet, fraîche ou réfrigérée","2020","tonnes","1408681.3"
"Compte Disponibilités et Utilisations (CDU) (2010-)","Viet Nam","Disponibilité alimentaire en quantité (tonnes)","Viande, poulet, fraîche ou réfrigérée","2021","tonnes","1465116.92"
"Compte Disponibilités et Utilisations (CDU) (2010-)","Viet Nam","Disponibilité alimentaire en quantité (tonnes)","Viande, poulet, fraîche ou réfrigérée","2022","tonnes","1621253.13"
"Compte Disponibilités et Utilisations (CDU) (2010-)","Viet Nam","Disponibilité alimentaire en quantité (tonnes)","Viande, poulet, fraîche ou réfrigérée","2023","tonnes","1775301.76"
"Compte Disponibilités et Utilisations (CDU) (2010-)","Yémen","Disponibilité alimentaire en quantité (tonnes)","Viande, poulet, fraîche ou réfrigérée","2010","tonnes","248383"
"Compte Disponibilités et Utilisations (CDU) (2010-)","Yémen","Disponibilité alimentaire en quantité (tonnes)","Viande, poulet, fraîche ou réfrigérée","2011","tonnes","235273"
"Compte Disponibilités et Utilisations (CDU) (2010-)","Yémen","Disponibilité alimentaire en quantité (tonnes)","Viande, poulet, fraîche ou réfrigérée","2012","tonnes","269491"
"Compte Disponibilités et Utilisations (CDU) (2010-)","Yémen","Disponibilité alimentaire en quantité (tonnes)","Viande, poulet, fraîche ou réfrigérée","2013","tonnes","273965"
"Compte Disponibilités et Utilisations (CDU) (2010-)","Yémen","Disponibilité alimentaire en quantité (tonnes)","Viande, poulet, fraîche ou réfrigérée","2014","tonnes","306058.13"
"Compte Disponibilités et Utilisations (CDU) (2010-)","Yémen","Disponibilité alimentaire en quantité (tonnes)","Viande, poulet, fraîche ou réfrigérée","2015","tonnes","232119.11"
"Compte Disponibilités et Utilisations (CDU) (2010-)","Yémen","Disponibilité alimentaire en quantité (tonnes)","Viande, poulet, fraîche ou réfrigérée","2016","tonnes","255671.28"
"Compte Disponibilités et Utilisations (CDU) (2010-)","Yémen","Disponibilité alimentaire en quantité (tonnes)","Viande, poulet, fraîche ou réfrigérée","2017","tonnes","252478.85"
"Compte Disponibilités et Utilisations (CDU) (2010-)","Yémen","Disponibilité alimentaire en quantité (tonnes)","Viande, poulet, fraîche ou réfrigérée","2018","tonnes","278507.1"
"Compte Disponibilités et Utilisations (CDU) (2010-)","Yémen","Disponibilité alimentaire en quantité (tonnes)","Viande, poulet, fraîche ou réfrigérée","2019","tonnes","329784.47"
"Compte Disponibilités et Utilisations (CDU) (2010-)","Yémen","Disponibilité alimentaire en quantité (tonnes)","Viande, poulet, fraîche ou réfrigérée","2020","tonnes","347426.68"
"Compte Disponibilités et Utilisations (CDU) (2010-)","Yémen","Disponibilité alimentaire en quantité (tonnes)","Viande, poulet, fraîche ou réfrigérée","2021","tonnes","345878.62"
"Compte Disponibilités et Utilisations (CDU) (2010-)","Yémen","Disponibilité alimentaire en quantité (tonnes)","Viande, poulet, fraîche ou réfrigérée","2022","tonnes","305565.65"
"Compte Disponibilités et Utilisations (CDU) (2010-)","Yémen","Disponibilité alimentaire en quantité (tonnes)","Viande, poulet, fraîche ou réfrigérée","2023","tonnes","320588.64"
"Compte Disponibilités et Utilisations (CDU) (2010-)","Zambie","Disponibilité alimentaire en quantité (tonnes)","Viande, poulet, fraîche ou réfrigérée","2010","tonnes","43050"
"Compte Disponibilités et Utilisations (CDU) (2010-)","Zambie","Disponibilité alimentaire en quantité (tonnes)","Viande, poulet, fraîche ou réfrigérée","2011","tonnes","43917"
"Compte Disponibilités et Utilisations (CDU) (2010-)","Zambie","Disponibilité alimentaire en quantité (tonnes)","Viande, poulet, fraîche ou réfrigérée","2012","tonnes","45573"
"Compte Disponibilités et Utilisations (CDU) (2010-)","Zambie","Disponibilité alimentaire en quantité (tonnes)","Viande, poulet, fraîche ou réfrigérée","2013","tonnes","47507"
"Compte Disponibilités et Utilisations (CDU) (2010-)","Zambie","Disponibilité alimentaire en quantité (tonnes)","Viande, poulet, fraîche ou réfrigérée","2014","tonnes","50547.37"
"Compte Disponibilités et Utilisations (CDU) (2010-)","Zambie","Disponibilité alimentaire en quantité (tonnes)","Viande, poulet, fraîche ou réfrigérée","2015","tonnes","53538.2"
"Compte Disponibilités et Utilisations (CDU) (2010-)","Zambie","Disponibilité alimentaire en quantité (tonnes)","Viande, poulet, fraîche ou réfrigérée","2016","tonnes","58036.08"
"Compte Disponibilités et Utilisations (CDU) (2010-)","Zambie","Disponibilité alimentaire en quantité (tonnes)","Viande, poulet, fraîche ou réfrigérée","2017","tonnes","60154.02"
"Compte Disponibilités et Utilisations (CDU) (2010-)","Zambie","Disponibilité alimentaire en quantité (tonnes)","Viande, poulet, fraîche ou réfrigérée","2018","tonnes","59089.81"
"Compte Disponibilités et Utilisations (CDU) (2010-)","Zambie","Disponibilité alimentaire en quantité (tonnes)","Viande, poulet, fraîche ou réfrigérée","2019","tonnes","49959.03"
"Compte Disponibilités et Utilisations (CDU) (2010-)","Zambie","Disponibilité alimentaire en quantité (tonnes)","Viande, poulet, fraîche ou réfrigérée","2020","tonnes","63038.79"
"Compte Disponibilités et Utilisations (CDU) (2010-)","Zambie","Disponibilité alimentaire en quantité (tonnes)","Viande, poulet, fraîche ou réfrigérée","2021","tonnes","61070.03"
"Compte Disponibilités et Utilisations (CDU) (2010-)","Zambie","Disponibilité alimentaire en quantité (tonnes)","Viande, poulet, fraîche ou réfrigérée","2022","tonnes","96377.66"
"Compte Disponibilités et Utilisations (CDU) (2010-)","Zambie","Disponibilité alimentaire en quantité (tonnes)","Viande, poulet, fraîche ou réfrigérée","2023","tonnes","69726.76"
"Compte Disponibilités et Utilisations (CDU) (2010-)","Zimbabwe","Disponibilité alimentaire en quantité (tonnes)","Viande, poulet, fraîche ou réfrigérée","2010","tonnes","79218"
"Compte Disponibilités et Utilisations (CDU) (2010-)","Zimbabwe","Disponibilité alimentaire en quantité (tonnes)","Viande, poulet, fraîche ou réfrigérée","2011","tonnes","89155"
"Compte Disponibilités et Utilisations (CDU) (2010-)","Zimbabwe","Disponibilité alimentaire en quantité (tonnes)","Viande, poulet, fraîche ou réfrigérée","2012","tonnes","91773"
"Compte Disponibilités et Utilisations (CDU) (2010-)","Zimbabwe","Disponibilité alimentaire en quantité (tonnes)","Viande, poulet, fraîche ou réfrigérée","2013","tonnes","69482"
"Compte Disponibilités et Utilisations (CDU) (2010-)","Zimbabwe","Disponibilité alimentaire en quantité (tonnes)","Viande, poulet, fraîche ou réfrigérée","2014","tonnes","65052.89"
"Compte Disponibilités et Utilisations (CDU) (2010-)","Zimbabwe","Disponibilité alimentaire en quantité (tonnes)","Viande, poulet, fraîche ou réfrigérée","2015","tonnes","68918.81"
"Compte Disponibilités et Utilisations (CDU) (2010-)","Zimbabwe","Disponibilité alimentaire en quantité (tonnes)","Viande, poulet, fraîche ou réfrigérée","2016","tonnes","74560.04"
"Compte Disponibilités et Utilisations (CDU) (2010-)","Zimbabwe","Disponibilité alimentaire en quantité (tonnes)","Viande, poulet, fraîche ou réfrigérée","2017","tonnes","74876.57"
"Compte Disponibilités et Utilisations (CDU) (2010-)","Zimbabwe","Disponibilité alimentaire en quantité (tonnes)","Viande, poulet, fraîche ou réfrigérée","2018","tonnes","65820.38"
"Compte Disponibilités et Utilisations (CDU) (2010-)","Zimbabwe","Disponibilité alimentaire en quantité (tonnes)","Viande, poulet, fraîche ou réfrigérée","2019","tonnes","115697.12"
"Compte Disponibilités et Utilisations (CDU) (2010-)","Zimbabwe","Disponibilité alimentaire en quantité (tonnes)","Viande, poulet, fraîche ou réfrigérée","2020","tonnes","112834.1"
"Compte Disponibilités et Utilisations (CDU) (2010-)","Zimbabwe","Disponibilité alimentaire en quantité (tonnes)","Viande, poulet, fraîche ou réfrigérée","2021","tonnes","117071.36"
"Compte Disponibilités et Utilisations (CDU) (2010-)","Zimbabwe","Disponibilité alimentaire en quantité (tonnes)","Viande, poulet, fraîche ou réfrigérée","2022","tonnes","123349.73"
"Compte Disponibilités et Utilisations (CDU) (2010-)","Zimbabwe","Disponibilité alimentaire en quantité (tonnes)","Viande, poulet, fraîche ou réfrigérée","2023","tonnes","105403.48"
